0.0887598842
-0.0731333420
-0.0611350089
0.0188576691
0.0666880459
-0.0428182222
0.0647262484
0.0745071322
0.0130249066
-0.0146169513
-0.0531674363
-0.0367443413
0.0382716320
0.0376514755
-0.0554421991
-0.1551471353
-0.0144181652
-0.1028397754
-0.0298359711
-0.0190807395
-0.0274226870
-0.0602511205
-0.0187065899
0.0212786570
-0.0338346735
-0.0172637608
0.0572953671
-0.0595973097
0.0407445952
-0.0544601269
-0.0208981857
0.0933498293
-0.0750278905
0.0119484607
0.0638471246
-0.0066712056
-0.0403448530
-0.0318639055
0.0868578404
-0.0141104292
-0.0046636211
-0.0486911759
0.0033176334
-0.0210731644
-0.0954958051
-0.0454715379
-0.1201590300
-0.4597597420
-0.0033821303
-0.0510683395
0.1016366556
-0.3256928027
-0.0046692872
-0.0581549518
-0.1000754982
0.0391459167
0.0321725868
-0.2715932429
0.0118795233
-0.0833659247
-0.0132046947
0.0119494954
0.0661155209
0.0867068321
-0.0785346478
-0.1543383896
-0.0175929442
-0.0200877246
0.1928729713
-0.0046168538
0.0579203665
-0.0267241187
0.1349059045
0.0546608195
-0.0079789553
0.0370307304
-0.0848017484
0.0575065278
0.0289290734
0.1830816418
-0.0651236326
0.0286087357
0.0144188786
-0.0097151343
-0.0182856619
0.0189287215
0.0179238468
-0.0858456418
0.0098899025
0.0006055349
0.0774532706
0.0281737167
-0.0433112010
0.0855873078
0.0240073614
0.0564943217
-0.0641475394
0.0486128330
0.0391257890
-0.0033607038
0.1033383831
-0.0199950971
0.0467347391
0.0501370244
0.0234273653
-0.0413151719
0.0685988143
0.0803096741
-0.0487802550
-0.1280608028
0.0793476254
-0.3610242307
0.0557603911
-0.0857773498
0.0739712045
-0.2601312399
-0.0415697768
-0.0250846650
-0.0448646508
-0.0471788533
-0.0252073985
0.9822280407
-0.0302513074
0.0039761350
-0.0637906715
0.0486492105
0.0487829484
-0.0206140522
0.0036581543
-0.0964454487
0.0491071716
0.0444906205
0.1188822389
-0.0300378464
0.0404337868
-0.0141749745
0.0487304963
0.0213917233
-0.1518745720
-0.0426405258
0.0224832390
0.0459002592
-0.0498630628
0.0056885681
-0.0358955227
-0.0993052274
-0.0610408857
-0.0483506657
0.0200701188
-0.0149314804
0.0123540051
-0.0314695984
0.0200508051
-0.0219829101
0.0565947592
-0.1125506610
-0.0581542999
-0.0361730121
-0.0784185901
0.0725735798
-0.0754054263
0.0836491734
0.0571207926
-0.0108695924
0.0378487967
0.0274152663
0.0872063786
0.0079555167
0.1023038030
-0.0328368731
0.0956740081
0.0055225124
-0.0896451324
-0.1436462849
-0.0331171118
-0.2554234266
0.0420584679
-0.0725987405
0.0750998482
-0.3099538982
-0.1114901602
-0.0660823882
-0.1582138687
-0.0208530445
0.0467968583
0.4339236617
-0.0543868802
-0.0689770505
-0.0476553403
-0.0032287908
0.1581857353
0.0687856376
0.0584412664
-0.1095513776
-0.0640517101
-0.0252600256
0.0226963926
0.0556792282
0.0184556283
0.0243757535
0.0171593968
0.0312422942
-0.0263480749
0.0213193111
0.0768378749
0.0557603352
-0.0268752929
-0.1587864012
-0.0795402229
0.0546152554
0.1329085976
-0.0415302999
0.1142109707
0.0878192633
-0.0734087452
0.0223109275
0.0221038759
0.0136684263
0.1135680377
-0.0132103227
0.0217863414
-0.1451740563
-0.0727253109
0.0876390785
-0.0190458447
0.0335594825
0.0858035535
-0.0485774018
-0.1269547641
-0.0178471450
-0.0232165512
0.0495007150
-0.0144455433
-0.0297243539
-0.0253408439
0.0136137130
-0.0633523613
0.0607244968
-0.0123394001
-0.8404103518
-0.0164556764
-0.0326198228
0.0771531314
-0.4149645567
-0.0117844967
-0.0303767342
-0.1386214793
0.0537916832
-0.0250605121
-0.7033840418
-0.0864244252
-0.0238919351
-0.0685991198
0.1225033551
0.0799822286
0.1132481098
0.1218146831
-0.0079132356
0.1141877174
-0.0128214769
-0.0080231540
0.0068085925
0.1066614911
0.1643435955
-0.0219034981
-0.0094345436
-0.2419766337
-0.0181123819
0.1126888543
0.0568290874
-0.0417867526
-0.0001290809
0.0506388918
-0.1783220768
-0.1270176321
0.0022736883
0.0512956046
-0.0351605043
-0.0922855213
0.0017746447
-0.0175460950
0.0091725616
0.0507251024
-0.2311209291
-0.0072817681
-0.2187738419
0.0267968606
0.1321059614
0.0640440881
0.0601193495
0.0569579490
-0.0285663735
0.0355750918
-0.1406229585
0.1187978238
-0.0798791274
0.0768110603
0.0205220077
0.0273709521
0.0204657242
-0.0040875264
0.0529033951
-0.0991330519
-0.3841073811
-0.0524819642
-0.0126142940
0.0596954636
-0.1308494955
-0.0753879696
-0.0562091470
-0.0391801186
0.0152942026
0.0234702732
-0.2220638543
-0.2612968087
-0.0899936557
-0.0330621339
0.0039721155
0.1394254863
0.2078087777
-0.0776129887
-0.1530177444
-0.0038054951
-0.0024576441
0.1877357364
-0.0062478413
0.0571111701
-0.0360369422
0.1235517412
0.0602248535
-0.0171199925
0.0255137105
-0.0779874697
0.0516874194
0.0179986041
0.1685238779
-0.0662768781
0.0242473260
0.0124086179
-0.0160395913
-0.0071544643
0.0178397503
0.0236276761
-0.0892730057
0.0091649173
-0.0000160393
0.0757896602
0.0173144024
-0.0479256511
0.0769397095
0.0100217070
0.0497571453
-0.0673569962
0.0560016111
0.0424325839
-0.0016584742
0.0982286111
-0.0032917485
0.0484184586
0.0493351407
0.0357121117
-0.0431010760
0.0758559704
0.0744168013
-0.0522049069
-0.1386336833
0.0820760727
-0.3457525969
0.0586410351
-0.0864387304
0.0747542456
-0.2740419507
-0.0528283753
-0.0338655561
-0.0645328835
-0.0490993820
-0.0162750613
0.9611468911
-0.0267892368
0.0017280318
-0.0625851005
0.0447699316
0.0660963655
-0.0156108458
-0.0711330175
-0.1527934819
0.0089414623
0.0142708234
0.1854580939
-0.0165773369
0.0472427644
-0.0514835007
0.1067807302
0.0608579926
-0.0433058627
0.0070147342
-0.0643564612
0.0446652845
0.0056794235
0.1381497532
-0.0683442876
0.0107843783
0.0064382940
-0.0286951158
0.0049537593
0.0164996013
0.0262519456
-0.0829149112
0.0139676323
-0.0042447085
0.0734921917
-0.0084377285
-0.0500208735
0.0555053651
-0.0213648621
0.0471365564
-0.0713120997
0.0645205826
0.0467345975
-0.0048354981
0.0832457170
0.0226668697
0.0423983969
0.0460946411
0.0536679775
-0.0458149090
0.0840195045
0.0581646673
-0.0684460402
-0.1515675634
0.0715098605
-0.3180768788
0.0559108481
-0.0896112770
0.0669051185
-0.2959508002
-0.0692237392
-0.0446023345
-0.0927058980
-0.0501373298
0.0017229780
0.8838866949
-0.0211353898
-0.0093825217
-0.0651709065
0.0330939181
0.0846896991
-0.0092400722
-0.0507021360
-0.1351562589
0.0497236289
0.0877158940
0.1547596604
-0.0399800837
0.0215892475
-0.0834655389
0.0827593952
0.0525210500
-0.1134405434
-0.0456642807
-0.0191496257
0.0174252335
-0.0528299734
0.0303610209
-0.0678002983
-0.0360553898
-0.0274094008
-0.0682763234
0.0371899307
0.0148718143
0.0381416902
-0.0589894354
0.0302626472
-0.0406509340
0.0621626787
-0.0686741024
-0.0848923549
0.0064866184
-0.1017011255
0.0372102149
-0.1008320004
0.0973537266
0.0593710057
-0.0057735858
0.0478967875
0.1030461565
0.0630140901
0.0393305533
0.1193042025
-0.0654307157
0.1072764173
0.0064345696
-0.0929305926
-0.2045361251
0.0337159820
-0.2494440377
0.0653161481
-0.0984457284
0.0686636567
-0.3675480485
-0.1320487112
-0.0732797310
-0.1978850365
-0.0400987640
0.0455189496
0.6781415343
0.0026595253
-0.0545748323
-0.0525002629
0.0106906462
0.1656021476
0.0247359425
-0.0638544485
-0.1549428999
0.0225701593
0.0255763456
0.1791843325
-0.0195973683
0.0469372869
-0.0581003912
0.0955213234
0.0595417432
-0.0504676811
-0.0029021788
-0.0532154031
0.0393622555
-0.0085246908
0.1138676181
-0.0653746650
-0.0002334060
0.0008932996
-0.0386443473
0.0145303486
0.0152693270
0.0270179864
-0.0849618167
0.0140815675
-0.0154652586
0.0713175535
-0.0116781602
-0.0497643836
0.0432239436
-0.0394297317
0.0461788736
-0.0721866786
0.0687549636
0.0473173000
-0.0014532682
0.0755723566
0.0370856375
0.0546439700
0.0477421954
0.0641854331
-0.0578372180
0.0879242346
0.0497306064
-0.0740076602
-0.1606888920
0.0666349381
-0.3126793206
0.0589506999
-0.0892951116
0.0706028566
-0.3117244840
-0.0826632306
-0.0525072888
-0.1235156655
-0.0460039712
0.0069817924
0.8382163644
-0.0121387076
-0.0154081797
-0.0575156212
0.0325543471
0.1036477238
-0.0019571166
-0.0806743652
-0.1616207808
-0.0117860511
-0.0258653946
0.1997573078
0.0016342904
0.0569952130
-0.0232298374
0.1352383345
0.0538422130
-0.0071015991
0.0394739360
-0.0908320770
0.0549755320
0.0364930630
0.1863068789
-0.0721684024
0.0425210670
0.0243342444
-0.0083503928
-0.0196039509
0.0252149813
0.0128358053
-0.0877342075
0.0049993023
0.0028415958
0.0772759095
0.0189242009
-0.0504640937
0.0855868682
0.0287279617
0.0620378703
-0.0603746213
0.0478156358
0.0340970829
-0.0056804675
0.1080450043
-0.0224804580
0.0414968133
0.0530193932
0.0138101000
-0.0437608473
0.0607887357
0.0886939242
-0.0458971225
-0.1237962544
0.0801118985
-0.3673831224
0.0550686605
-0.0927634910
0.0625545755
-0.2600304186
-0.0384953432
-0.0193204563
-0.0286540966
-0.0485167764
-0.0296491925
0.9886990190
-0.0473373644
0.0121068964
-0.0578246750
0.0525107384
0.0434920490
-0.0281105023
-0.0823678523
-0.1598957181
-0.0113796461
-0.0266478937
0.2008176148
0.0004956723
0.0545159616
-0.0243607666
0.1380745471
0.0545771830
-0.0120207630
0.0398847871
-0.0914037004
0.0545468107
0.0392862596
0.1910456419
-0.0732085183
0.0446353890
0.0247272942
-0.0073539643
-0.0209441166
0.0274984632
0.0110495687
-0.0851959214
0.0054508536
0.0082271183
0.0781794339
0.0139169497
-0.0531418100
0.0845057070
0.0288898963
0.0622519404
-0.0596193969
0.0503074899
0.0357408077
-0.0072818189
0.1102148741
-0.0210691132
0.0324143209
0.0525059812
0.0148672275
-0.0401192531
0.0593957305
0.0879774466
-0.0445730612
-0.1231105700
0.0799200460
-0.3629617989
0.0524843447
-0.0932474956
0.0599970408
-0.2582374811
-0.0379989333
-0.0190086365
-0.0232140068
-0.0499213971
-0.0289704390
0.9912068248
-0.0540133230
0.0131588085
-0.0639759377
0.0509992242
0.0391566493
-0.0298625994
-0.0833603963
-0.1607582271
-0.0067399302
-0.0269423053
0.2013873756
0.0006264655
0.0529341176
-0.0275273863
0.1342583299
0.0555732846
-0.0144739524
0.0380894989
-0.0912394077
0.0537997298
0.0395729914
0.1954636425
-0.0744495466
0.0451363660
0.0245530587
-0.0073948968
-0.0191654395
0.0276982449
0.0105674388
-0.0861575454
0.0039642262
0.0115518039
0.0789509863
0.0094210971
-0.0518621244
0.0840790048
0.0279631503
0.0611852184
-0.0598180816
0.0503802933
0.0378221869
-0.0096225683
0.1113532931
-0.0191058610
0.0269255266
0.0531340092
0.0129217729
-0.0391804464
0.0621110462
0.0880299509
-0.0452986769
-0.1204782873
0.0812922344
-0.3576511443
0.0511316434
-0.0938074216
0.0590779334
-0.2561839521
-0.0370498858
-0.0178752486
-0.0198145695
-0.0517366268
-0.0259006210
0.9914663434
-0.0567490719
0.0139223291
-0.0668335408
0.0487623066
0.0375776552
-0.0297511183
-0.0839143097
-0.1643023789
0.0009668519
-0.0296010729
0.2017583549
0.0021355797
0.0510722101
-0.0304474384
0.1288978457
0.0550015792
-0.0146837179
0.0360609777
-0.0909363478
0.0524927266
0.0373783521
0.1982760280
-0.0754624009
0.0444619954
0.0236219838
-0.0091157965
-0.0159483086
0.0273359437
0.0097960597
-0.0888732523
0.0025447784
0.0114493500
0.0792008191
0.0072739189
-0.0494937263
0.0850994959
0.0285377875
0.0610643439
-0.0599774756
0.0474642329
0.0383518077
-0.0118223503
0.1131206378
-0.0175104719
0.0270440746
0.0561702214
0.0080364402
-0.0418515876
0.0661240220
0.0887525827
-0.0451017283
-0.1173696369
0.0833196044
-0.3545130193
0.0508636013
-0.0962139443
0.0602012649
-0.2544886172
-0.0362109579
-0.0135665294
-0.0183245055
-0.0526109040
-0.0226537809
0.9918202162
-0.0573070757
0.0133303730
-0.0644809455
0.0465937033
0.0379654951
-0.0280766115
-0.0842926577
-0.1667671204
0.0046383287
-0.0339871757
0.2028678954
0.0033879711
0.0487501025
-0.0304996148
0.1296302229
0.0526009277
-0.0154256448
0.0361983217
-0.0908730924
0.0516060814
0.0365974195
0.1993474066
-0.0750170425
0.0439479053
0.0227718372
-0.0115316790
-0.0156684425
0.0281960834
0.0075850878
-0.0894543827
0.0032502352
0.0105588483
0.0791359171
0.0082249241
-0.0501965880
0.0863037631
0.0307527389
0.0629824772
-0.0585238226
0.0457277037
0.0369223505
-0.0117000705
0.1157588437
-0.0172274131
0.0288305003
0.0596179999
0.0055325264
-0.0447585583
0.0651979223
0.0889451653
-0.0429280922
-0.1177774593
0.0840944946
-0.3544609249
0.0505259670
-0.0991178453
0.0606525987
-0.2539341152
-0.0370718427
-0.0100612473
-0.0172936693
-0.0520834848
-0.0230643507
0.9936788082
-0.0594383441
0.0126689291
-0.0616824962
0.0462175570
0.0372976661
-0.0281269215
-0.0857065544
-0.1572566479
-0.0061663426
-0.0330789872
0.2028040290
-0.0005919528
0.0469618328
-0.0269410126
0.1446422040
0.0530863665
-0.0227817465
0.0401036218
-0.0910664722
0.0534530841
0.0419063717
0.2009309530
-0.0731474459
0.0450445637
0.0226778165
-0.0093491487
-0.0231884625
0.0312226769
0.0062883324
-0.0807179362
0.0078573907
0.0188994054
0.0798875391
0.0079960767
-0.0586865395
0.0847608894
0.0325949565
0.0644052029
-0.0566861145
0.0539128855
0.0384254046
-0.0090864347
0.1182234138
-0.0167884007
0.0183381028
0.0565963164
0.0159912519
-0.0354513563
0.0571691170
0.0849159658
-0.0387301408
-0.1235007793
0.0800937787
-0.3530094624
0.0471809991
-0.0964376554
0.0591340140
-0.2544633150
-0.0393806025
-0.0143799866
-0.0148103442
-0.0514786877
-0.0276029278
0.9977892041
-0.0676678419
0.0129961250
-0.0733107403
0.0466573164
0.0311152712
-0.0317558534
-0.0335979946
-0.1101330593
0.0756210908
0.1069856361
0.1226505935
-0.0427986421
0.0101690982
-0.0834351107
0.0666069239
0.0287710615
-0.1496444345
-0.0638914853
0.0116731506
0.0168995317
-0.0776246637
-0.0040931539
-0.0539271422
-0.0829603821
-0.0641237870
-0.0815918818
0.0421813838
0.0077337408
0.0367247649
-0.0459345542
0.0513905212
-0.0447283089
0.0553824566
-0.1031421050
-0.1074969620
-0.0112304669
-0.1373290718
0.0352847017
-0.1114222258
0.1190568358
0.0680884942
-0.0093048345
0.0364083350
0.1054509208
0.0723584667
0.0282336157
0.1557482034
-0.0475847088
0.1258726269
-0.0128934011
-0.0948513001
-0.2195359915
0.0028969331
-0.1845656186
0.0701021701
-0.0945455208
0.0774339437
-0.3793541789
-0.1641700566
-0.0858038962
-0.2364100218
-0.0346135609
0.0621354915
0.6033532023
-0.0052057514
-0.0847383663
-0.0515218489
0.0033397572
0.2139833719
0.0452618785
0.0719402432
-0.0830812529
0.0214562751
-0.0260454286
0.0048992727
0.0486034714
0.0412450172
0.1089553684
0.0085809408
0.0000828155
-0.1139272675
0.0034273122
0.0715170875
0.0542628802
-0.0329242572
-0.0983506441
-0.0027939507
-0.0268061142
0.0228717849
-0.0165239722
0.0696606264
0.0284701698
-0.0773467049
0.0431220829
0.0054611010
0.0161191244
0.0788008571
-0.1313581616
0.0043802392
-0.1528508365
-0.0113506000
0.1079654992
0.0274359807
0.0493420847
0.0676942989
-0.0340199210
-0.0460992008
-0.0870802552
0.0505446680
-0.0119938143
0.0062849922
0.0208718311
-0.0211563390
0.0373219289
-0.0403903797
0.0874765813
-0.0477500595
-0.6094236374
-0.0523881093
-0.0300351158
0.0648502260
-0.2942117453
-0.0489678569
-0.0318275616
-0.0660939887
0.0403626971
-0.0161512755
-0.5079797506
-0.1641116440
-0.0740242675
-0.0481044054
0.0723194778
0.1090425923
0.1623360217
0.0396624096
-0.0677851886
-0.1296566576
-0.0310593974
0.0201242790
0.1157078817
0.0031145543
-0.0027131692
0.0087706279
0.0730347782
0.0240386762
-0.0181560069
0.0613833778
0.0754106939
-0.0161176454
-0.1428887695
-0.0866079554
0.0850914419
0.1493259966
-0.0434220210
0.1656837612
0.0797561333
-0.0132551817
-0.0177302305
0.0662967637
0.0039227740
0.1212664768
0.0462294929
0.0472651310
-0.1294394135
-0.0546176247
0.0685046911
-0.0180239305
0.0045102858
0.0630985051
-0.0458489582
-0.1334343702
0.0160507783
-0.0460070409
0.0312776268
0.0069786492
-0.0722871125
-0.0244745240
-0.0318554118
-0.0627093092
0.0439159051
-0.0064685568
-0.8813902736
-0.0188130457
-0.0017711042
0.0168235265
-0.4034385085
0.0246065222
-0.0420638435
-0.0705597475
0.0304625984
-0.0174514540
-0.7734963894
-0.0950776339
0.0229094382
-0.0802542344
0.1133788377
0.0659906343
0.1165466830
0.0314060636
-0.1270590574
-0.0971278474
-0.0619689859
0.0558792129
0.0971182883
0.0141207809
0.0056993002
0.0170175638
0.0817516819
0.0175140388
0.0217520744
0.0645386726
0.0868128538
0.0060600271
-0.1483800858
-0.1072597578
0.1072840095
0.1751988977
-0.0231042206
0.1437586546
0.1088344455
-0.0298299156
0.0123749981
0.0255235080
0.0243536290
0.1326475590
0.0313797854
0.0456161089
-0.1168801114
-0.0376417153
0.1089970693
0.0100984406
-0.0219417308
0.0702426657
-0.0325136259
-0.1505188793
-0.0357181393
-0.0642209947
0.0629201606
-0.0252574235
-0.0388004519
-0.0313811935
0.0250895377
-0.0929333642
0.0421633683
0.0002905722
-0.9775139093
-0.0147994198
-0.0048432313
0.0346896388
-0.3737386465
0.0235037096
-0.0254143439
-0.0682687536
0.0274111405
-0.0239077210
-0.7830565572
-0.0913478360
0.0427784137
-0.0962763801
0.1388624012
0.0679132640
0.1088354066
0.0641300678
-0.0675629973
0.0114057343
0.0812348425
0.0875501335
-0.0413924567
0.0439967476
-0.0135317193
0.0227505937
0.0220760722
-0.1198040843
-0.0539852977
0.0613467768
0.0300228074
-0.0854344144
-0.1596796662
-0.0559110492
-0.0862344578
-0.0177698117
-0.0544935316
0.0429699048
0.0141221741
0.0035005671
0.0102494955
0.0140742417
-0.0580994077
0.0703303739
-0.1216133907
-0.0362782404
-0.0900408626
-0.1410353929
0.0970360637
-0.0885960385
0.0876242146
0.0885609239
-0.0353702717
-0.0470298380
0.0805056766
0.0526756123
-0.0073451046
0.0879827365
-0.0781064481
0.0610127635
-0.0561464652
-0.1274653226
-0.0825738758
-0.1087320521
-0.4530994892
0.0111529492
-0.0474049523
0.0567564219
-0.3984362483
-0.0946174711
-0.0858836174
-0.2352059782
0.0250160750
0.0571405962
-0.1717603803
-0.0591829941
-0.0747330263
-0.0507485196
0.0428573042
0.1600125432
0.0870936289
0.0704832301
-0.0648101941
-0.0201726146
0.0274130367
0.0476816371
-0.0006181455
0.0634238571
0.0218092408
0.0122364340
0.0408008061
-0.0818895847
-0.0217484497
0.0689461157
0.0441494472
-0.0656939149
-0.1469111443
-0.0595806055
-0.0303487182
0.0405870415
-0.0168322958
0.0724689811
0.0438828282
-0.0269540921
0.0013286694
0.0076827235
-0.0307624247
0.0900849849
-0.0925191492
0.0030595260
-0.1416457295
-0.0925687477
0.1070763692
-0.0382802673
0.0497545004
0.0817589089
-0.0393709056
-0.0704140887
0.0281793997
0.0181128271
-0.0145447692
0.0378109142
-0.0808488056
0.0140224956
-0.0333345234
-0.0960391760
0.0016971655
-0.0801521614
-0.6339258552
-0.0145102059
-0.0228837840
0.0455122292
-0.3757540286
-0.0363682248
-0.0672254637
-0.1667791903
0.0390090570
0.0274722204
-0.4322131574
-0.1144061163
-0.0396446474
-0.0615536459
0.0759823844
0.1031897962
0.1005311757
0.0091826180
-0.1100327075
0.0278424695
0.1101966798
0.1290430725
-0.0468066148
0.0130178528
-0.0709729269
0.0536652431
0.0153693473
-0.1217961684
-0.0713773966
0.0273795780
0.0172135849
-0.0870524645
-0.1077935845
-0.0698075518
-0.0797952637
-0.0378751755
-0.0824856013
0.0290645380
0.0032125476
0.0359418094
-0.0096046003
0.0340364277
-0.0603887700
0.0609921142
-0.1091611162
-0.0805599615
-0.0171076395
-0.1661810279
0.0667291507
-0.1321806014
0.1095734090
0.0836980268
-0.0156765450
-0.0051601101
0.1186112463
0.0651944280
0.0239478722
0.1074237078
-0.0677454546
0.1113870814
-0.0361992680
-0.1367184818
-0.1800397933
-0.0619800687
-0.3018378317
0.0603588447
-0.0884379223
0.0700748339
-0.4159418344
-0.1411397755
-0.0791366920
-0.2537358105
-0.0043573440
0.0670767799
0.2655453384
0.0057436433
-0.0851978958
-0.0362717025
0.0183469113
0.1972542256
0.0512417480
0.0768102035
-0.0715270564
0.0574360006
0.0502095297
0.0573530272
-0.0020778372
0.0580095574
0.0669408068
0.0312092043
-0.0357938521
-0.1323532164
-0.0454371870
0.0384574868
0.0114491051
-0.0555955060
-0.0643487424
0.0153872566
-0.1187307611
-0.0961373150
-0.0323730446
0.0088828923
-0.0337859094
-0.0324482918
0.0104935598
0.0170461778
-0.0266967099
0.0457675532
-0.1820271760
-0.0400228240
-0.0848622993
-0.0680644736
0.1092729047
-0.0299686138
0.0967698842
0.0716392249
-0.0259196814
0.0484056845
-0.0312023740
0.0750967413
-0.0501369201
0.0486138985
-0.0082207751
0.0587790683
0.0003704248
-0.0703976229
-0.0164273102
-0.1094484329
-0.3155355752
-0.0163110569
-0.0480286293
0.0440760143
-0.2644481957
-0.1119780689
-0.0537418500
-0.1004951224
0.0169429667
0.0135530569
0.0367209688
-0.1289521754
-0.1136541292
-0.0218703374
0.0323061310
0.1444812566
0.1194827259
-0.0781453326
-0.1563309282
-0.0064358241
-0.0201419182
0.1927985102
0.0060909097
0.0609148443
-0.0216172654
0.1319864988
0.0526952222
-0.0009197494
0.0386059210
-0.0874035582
0.0566456541
0.0295766219
0.1813587844
-0.0706998259
0.0382406153
0.0229594577
-0.0070889811
-0.0197861232
0.0218558200
0.0157914795
-0.0892360136
0.0029811775
0.0053510908
0.0773498416
0.0234597251
-0.0531738065
0.0929985195
0.0282409266
0.0605457835
-0.0659586862
0.0520953164
0.0385045335
-0.0026194437
0.1102282703
-0.0232735239
0.0477161743
0.0544536822
0.0131506873
-0.0415538214
0.0661619529
0.0889746919
-0.0426921844
-0.1226009578
0.0792213827
-0.3691439033
0.0609766468
-0.0878769755
0.0750321001
-0.2610288858
-0.0401591845
-0.0196714047
-0.0357540548
-0.0447646752
-0.0303145777
0.9875796437
-0.0457021743
0.0117382156
-0.0552616529
0.0544755608
0.0511157773
-0.0240314733
-0.0801242590
-0.1543433815
-0.0047349930
-0.0210371297
0.1940339953
0.0051610270
0.0578742921
-0.0233812537
0.1344231516
0.0534689985
-0.0066741533
0.0386116244
-0.0878164172
0.0562967695
0.0325001664
0.1872432530
-0.0715238899
0.0402213819
0.0231486764
-0.0061925822
-0.0212589856
0.0243429933
0.0138586797
-0.0865582079
0.0033949590
0.0123855965
0.0785136148
0.0175008457
-0.0561611801
0.0924747363
0.0283613987
0.0606491826
-0.0652927235
0.0553337075
0.0408354066
-0.0042407876
0.1133996397
-0.0214109756
0.0369020998
0.0542831197
0.0140261985
-0.0370911472
0.0651234239
0.0882113278
-0.0408951715
-0.1216708943
0.0791650712
-0.3630814254
0.0579887517
-0.0881976560
0.0728796348
-0.2587739229
-0.0396374390
-0.0193131436
-0.0294474047
-0.0462729782
-0.0293143298
0.9906476140
-0.0539412871
0.0130367298
-0.0628066063
0.0523348488
0.0461936966
-0.0259757377
-0.0813871548
-0.1555477828
-0.0006861832
-0.0215404890
0.1948445737
0.0049225832
0.0561604016
-0.0264026951
0.1311388165
0.0544064268
-0.0094737718
0.0370737873
-0.0879783109
0.0553660430
0.0331683718
0.1914298385
-0.0729377940
0.0412680358
0.0230316464
-0.0061784829
-0.0194781441
0.0249170605
0.0134070665
-0.0872596502
0.0021485034
0.0149840787
0.0791744739
0.0126218414
-0.0549815930
0.0916746110
0.0276379138
0.0598343015
-0.0655738562
0.0549582765
0.0423644930
-0.0069501782
0.1141591817
-0.0195045304
0.0315759815
0.0546159260
0.0122589748
-0.0364098735
0.0674837902
0.0882625654
-0.0417361446
-0.1191627458
0.0804135054
-0.3582217395
0.0563299470
-0.0891032368
0.0711571351
-0.2567923665
-0.0385423303
-0.0180071946
-0.0257942956
-0.0481552966
-0.0262275618
0.9908691645
-0.0563965403
0.0134500116
-0.0654595345
0.0500742868
0.0443385169
-0.0260221697
-0.0818991140
-0.1596879363
0.0072841756
-0.0240414497
0.1953046173
0.0066156620
0.0545278192
-0.0293399505
0.1251384169
0.0536971465
-0.0094498005
0.0349072032
-0.0877950937
0.0538754649
0.0309526157
0.1938807964
-0.0740515813
0.0408784635
0.0222236942
-0.0080610234
-0.0159263555
0.0245369393
0.0127876531
-0.0904500708
0.0003442104
0.0141286356
0.0793317631
0.0103750518
-0.0523340739
0.0925611183
0.0280468073
0.0598049574
-0.0659381747
0.0517524555
0.0425525829
-0.0092900740
0.1155327633
-0.0178999230
0.0325333700
0.0576000959
0.0072193635
-0.0397995189
0.0715073347
0.0891820714
-0.0420199223
-0.1160444617
0.0826285332
-0.3554348648
0.0562083535
-0.0916636810
0.0717895553
-0.2551854253
-0.0377514809
-0.0138463890
-0.0244144555
-0.0490765795
-0.0229338761
0.9907361269
-0.0563813746
0.0128451381
-0.0622878261
0.0480556600
0.0450676046
-0.0244023111
-0.0825316533
-0.1618866175
0.0146210669
-0.0283737164
0.1959045380
0.0080181072
0.0507912003
-0.0310448203
0.1247864962
0.0510475114
-0.0120602492
0.0338494703
-0.0868579373
0.0524060838
0.0288765877
0.1963249445
-0.0732626468
0.0391487926
0.0201516096
-0.0114630014
-0.0148307690
0.0256239958
0.0100749796
-0.0912759081
0.0010243541
0.0150104836
0.0796215385
0.0098896911
-0.0535950698
0.0941487625
0.0296576768
0.0614461042
-0.0648822114
0.0509329811
0.0424804091
-0.0094474768
0.1197873503
-0.0157127157
0.0325036459
0.0621047392
0.0047860080
-0.0424740873
0.0719424412
0.0884795710
-0.0389882699
-0.1164293811
0.0841107070
-0.3518410623
0.0554740876
-0.0948562995
0.0735398158
-0.2541716993
-0.0393980555
-0.0096268114
-0.0234683882
-0.0487692207
-0.0219811760
0.9924672842
-0.0601742752
0.0117212338
-0.0608344302
0.0462505072
0.0446464010
-0.0237943102
-0.0831124038
-0.1521820724
0.0028809900
-0.0269999877
0.1960219145
0.0045974050
0.0503909886
-0.0271762367
0.1387744695
0.0520821996
-0.0172873400
0.0376936495
-0.0867942721
0.0550889485
0.0342223644
0.1970012337
-0.0707872361
0.0395458676
0.0205333773
-0.0088701397
-0.0229374692
0.0277457368
0.0091103604
-0.0832496807
0.0054512853
0.0233387109
0.0802400559
0.0115094343
-0.0611277707
0.0930652842
0.0311074350
0.0623038970
-0.0624752119
0.0593277924
0.0440852754
-0.0054616211
0.1219750568
-0.0165647641
0.0230462197
0.0589734539
0.0149534764
-0.0331196003
0.0635652468
0.0851949006
-0.0353234001
-0.1222797334
0.0799100474
-0.3515147269
0.0530081019
-0.0910817906
0.0730259567
-0.2550382018
-0.0414158739
-0.0153964115
-0.0218129568
-0.0477140024
-0.0274089202
0.9962274432
-0.0676479042
0.0132548315
-0.0720524862
0.0474628471
0.0389153101
-0.0277638603
0.0382926799
-0.0189597011
-0.1302556694
-0.0105483588
0.0209464282
0.0914357305
-0.0122512858
0.0126377670
0.0127017610
0.0455719940
-0.0008140656
-0.0647597462
0.0176995546
0.0788564011
-0.0545546114
-0.1611298472
-0.0501897074
0.0111051137
0.0564561114
-0.0433041491
0.1099940315
0.0141725428
0.0253272448
0.0013804312
0.0639239103
-0.0327979773
0.0960830748
-0.0059142155
0.0326185226
-0.0769030601
-0.0441634655
0.0321432762
-0.0615281686
0.0551129393
0.0541228950
-0.0427867100
-0.1078646407
0.0317798443
0.0149649018
-0.0127359349
0.0692333728
-0.0652860701
-0.0325664058
-0.0631264374
-0.0818905234
0.0247192290
-0.0668719485
-0.6376299262
-0.0379700735
-0.0043875915
-0.0187648591
-0.4163948298
0.0271651577
-0.0582538843
-0.0823942050
0.0263833608
0.0241673179
-0.6099366546
-0.0716588199
-0.0374423265
-0.0600344315
0.0621963814
0.0924824774
0.1256003529
0.0314754471
-0.1004165262
-0.1230086312
-0.0602382980
0.0421155281
0.1330650300
-0.0009676567
0.0140307536
0.0025068047
0.0799525306
0.0223363638
-0.0010889588
0.0690304339
0.0856577903
0.0094619673
-0.1298881024
-0.0940215141
0.1038456857
0.1721932590
-0.0369787514
0.1658900231
0.0920202956
-0.0281617381
-0.0004250619
0.0469279364
0.0291084275
0.1311472803
0.0505462214
0.0438289382
-0.1110099256
-0.0287611373
0.0796257183
-0.0027672143
0.0010251197
0.0742560551
-0.0393592715
-0.1433305144
-0.0352076404
-0.0624252185
0.0721293986
-0.0185594279
-0.0255803745
-0.0385814570
0.0185983554
-0.0644714758
0.0578451119
0.0007150946
-0.9555681348
-0.0125886314
-0.0082507199
0.0363333076
-0.3981109262
0.0459212475
-0.0258003380
-0.0411403589
0.0381733179
-0.0381210037
-0.8269081712
-0.0825582892
0.0204122663
-0.0896810144
0.1259046048
0.0697277635
0.1235548928
0.0446481109
-0.0844721794
-0.1298718452
-0.0321066044
0.0251171719
0.1114050746
-0.0005171769
0.0126594566
0.0089495210
0.0567758642
0.0299229622
-0.0130718322
0.0601374879
0.0752580464
-0.0130275870
-0.1437451392
-0.0821078122
0.0760169029
0.1322133690
-0.0453668572
0.1486538351
0.0775225833
-0.0295572411
0.0003276254
0.0511439033
0.0080204513
0.1203608140
0.0432212837
0.0475868098
-0.1143270209
-0.0581331439
0.0638340265
-0.0226876028
0.0208162274
0.0738659948
-0.0455396064
-0.1328607202
-0.0079589318
-0.0447963029
0.0391907580
-0.0007182249
-0.0500112213
-0.0323784202
-0.0153622907
-0.0655809641
0.0527288318
-0.0222971514
-0.8666129708
-0.0201141518
-0.0090393750
0.0320438780
-0.4092112482
0.0282372758
-0.0398730338
-0.0758664384
0.0393332355
-0.0247468296
-0.7781734467
-0.0696481317
-0.0009937208
-0.0759357065
0.1162675396
0.0758364126
0.1176894456
0.0385497101
-0.1105709225
-0.0912518501
-0.0466660447
0.0450226218
0.0863621235
0.0193010401
-0.0010282223
0.0165687483
0.0813961476
0.0044383206
0.0202245656
0.0681345910
0.0753030106
-0.0036424638
-0.1499652117
-0.1041996405
0.0955697671
0.1668570042
-0.0271605998
0.1539820731
0.1109781861
-0.0388498083
0.0005069886
0.0423653126
0.0188753884
0.1312383413
0.0266555175
0.0426646769
-0.1375056952
-0.0523937605
0.1010062099
0.0056306529
-0.0095432037
0.0688969344
-0.0432894044
-0.1475952119
-0.0149243623
-0.0586354993
0.0520893671
-0.0143674687
-0.0548035502
-0.0204212964
0.0040869629
-0.0801648349
0.0438366644
0.0063904421
-0.9580807090
-0.0137833552
-0.0063653933
0.0288927965
-0.3903523088
0.0145543488
-0.0337940343
-0.0910678431
0.0294252262
-0.0252865758
-0.7627013326
-0.0980500281
0.0376692861
-0.0955630168
0.1336205453
0.0668067783
0.1045169160
0.0403704606
-0.1125736758
-0.1021395177
-0.0429782905
0.0608167015
0.0908221230
0.0150162857
0.0136273839
0.0125901410
0.0713414997
0.0236718077
0.0139621776
0.0597155206
0.0733508393
-0.0029145142
-0.1401272565
-0.0980406404
0.0843364671
0.1528231055
-0.0249807462
0.1319819391
0.0970388055
-0.0350626744
0.0063123656
0.0285486989
0.0141903264
0.1300394535
0.0343477130
0.0363004506
-0.1105917320
-0.0500312708
0.0954484418
-0.0096565345
-0.0001077171
0.0788047388
-0.0367072634
-0.1403183490
-0.0282417107
-0.0489208028
0.0563860163
-0.0273882374
-0.0427316204
-0.0290184449
0.0106191104
-0.0850550011
0.0464219823
-0.0097615011
-0.9635574222
-0.0128044197
-0.0142575055
0.0349522121
-0.3874802887
0.0314760841
-0.0335187763
-0.0757604688
0.0370111316
-0.0247824267
-0.7779257894
-0.0780085772
0.0207872111
-0.0883027315
0.1273409277
0.0777615011
0.1029852852
0.0147503316
-0.0648664981
-0.1264236718
-0.0226675328
0.0132801654
0.1260077357
0.0119058257
-0.0028523614
0.0225792564
0.1042615622
0.0340710096
-0.0220422242
0.0534830652
0.0897376537
-0.0145070106
-0.1369121373
-0.0960108489
0.1103832349
0.1624368131
-0.0089970669
0.1769537032
0.1068129838
-0.0023250757
-0.0202602856
0.0656301826
-0.0023018967
0.1240895540
0.0252050720
0.0529717952
-0.1383044869
-0.0549315438
0.0660312027
0.0119099449
0.0093090860
0.0561645590
-0.0444599278
-0.1323847175
0.0154226525
-0.0655111521
0.0015801437
0.0052442285
-0.0740416497
-0.0203401428
-0.0307884105
-0.0715143904
0.0673468336
0.0012119121
-0.8531767726
-0.0364709236
0.0150630856
-0.0067818980
-0.4023205042
0.0314518362
-0.0450024568
-0.0565692373
0.0233664196
-0.0175830461
-0.7568268180
-0.1358105391
0.0404443704
-0.0879444927
0.1180227622
0.0571138188
0.1088623106
0.0889278129
-0.0411468297
-0.0166861061
0.0335329212
0.0242203530
0.0182300732
0.0569126047
0.0583087578
0.0015736122
0.0074249944
-0.1024305075
-0.0590585284
0.0640763491
0.0467291549
-0.0677642673
-0.1279349774
-0.0162789337
-0.0794881731
-0.0253097769
-0.0203725453
0.0556102432
-0.0011723263
-0.0179632809
0.0060252547
0.0055539883
-0.0404164568
0.0699556842
-0.1308101118
0.0090582808
-0.1364354342
-0.0752650425
0.0994006693
-0.0337648392
0.0680535287
0.0696956143
-0.0327482447
-0.0364942923
0.0073767886
0.0508530885
-0.0451614819
0.0536479242
-0.0561240800
0.0154163791
-0.0344823636
-0.0841787905
0.0128332907
-0.1213446781
-0.4835184216
-0.0345824584
-0.0216395780
0.0293251332
-0.3344896734
-0.0426430963
-0.0727166161
-0.1331170201
0.0381867923
0.0258233212
-0.3728668392
-0.1323341578
-0.0821667835
-0.0456309170
0.0518055670
0.1131874919
0.1311078668
0.0559522398
-0.0826424882
-0.0342425294
0.0149934813
0.0505823679
0.0202797651
0.0488249920
0.0095584039
0.0292586181
0.0555194169
-0.0410496034
-0.0065142415
0.0595697090
0.0432253778
-0.0536991134
-0.1720599681
-0.0803605765
0.0258429833
0.1032818630
-0.0207792185
0.0926499218
0.0683989152
-0.0318723544
0.0147342999
0.0169107858
-0.0241515189
0.0999601111
-0.0662152097
0.0169326216
-0.1306845248
-0.1026295498
0.1108529419
-0.0172503460
0.0422731787
0.0824418142
-0.0465171449
-0.0880642161
0.0441116095
-0.0078133624
0.0028526783
0.0046687471
-0.0721492842
-0.0010002896
-0.0288510993
-0.0988959968
0.0390603729
-0.0544389822
-0.7045438886
-0.0355680436
-0.0226597507
0.0472440273
-0.4120391607
-0.0263165962
-0.0504323877
-0.1726572216
0.0444710404
0.0093245124
-0.5402330756
-0.1122630760
-0.0221961215
-0.0618572198
0.1046279073
0.0784460828
0.0971862152
0.0164113771
-0.0806621090
0.0843962058
0.0902084708
0.0948432758
-0.0400074758
0.0286923088
-0.0359187722
0.0377446115
0.0189059246
-0.1942638010
-0.0709063709
0.0489805005
0.0229126457
-0.0825121328
-0.0567654409
-0.0416413210
-0.1124461368
-0.0762489885
-0.0650075823
0.0471373573
-0.0024929044
0.0141589614
-0.0228440799
0.0313359760
-0.0467063598
0.0513272025
-0.1594079137
-0.0905842930
-0.0744043961
-0.1324118078
0.0707624555
-0.0883846208
0.1107338741
0.0661299750
-0.0182932951
0.0188683160
0.0820576251
0.0815591812
0.0020872860
0.1500886977
-0.0512670390
0.1030845568
-0.0260624848
-0.0953239650
-0.1704923660
-0.0599376857
-0.2229937464
0.0445684940
-0.0734068006
0.0651655048
-0.3548461497
-0.1492851824
-0.0860414207
-0.2215470672
-0.0127724512
0.0665242672
0.3126748204
-0.0614297912
-0.0910442024
-0.0472811349
-0.0018579250
0.2061249018
0.0842872858
-0.0802082121
-0.1551851481
-0.0062540960
-0.0197156854
0.1942750812
0.0043152906
0.0579468049
-0.0235527717
0.1347666681
0.0535340793
-0.0075406833
0.0385629572
-0.0878295079
0.0554134436
0.0331200957
0.1858211011
-0.0722035319
0.0411587469
0.0234482381
-0.0063516200
-0.0206757635
0.0249506235
0.0138033163
-0.0865481496
0.0035093494
0.0100491187
0.0782916248
0.0165636856
-0.0564269051
0.0903767198
0.0269206688
0.0605311319
-0.0652325898
0.0550762415
0.0400228351
-0.0047552851
0.1112907678
-0.0209615827
0.0374673270
0.0531006716
0.0153224701
-0.0382284261
0.0640648305
0.0880338624
-0.0423158668
-0.1230634302
0.0792848319
-0.3633458912
0.0579085462
-0.0886716619
0.0702210143
-0.2598104477
-0.0403686687
-0.0205939487
-0.0300947782
-0.0467780158
-0.0292139053
0.9885630608
-0.0525358729
0.0128640262
-0.0621154755
0.0530143641
0.0470158458
-0.0265146922
-0.0819257870
-0.1570566446
-0.0035441865
-0.0214670897
0.1960795373
0.0034068541
0.0557026677
-0.0263387356
0.1326381713
0.0545887724
-0.0108687747
0.0376420245
-0.0888715610
0.0543635301
0.0350165069
0.1909486204
-0.0741107091
0.0431927070
0.0237185657
-0.0061078286
-0.0191973168
0.0261337608
0.0128121339
-0.0866944343
0.0026233860
0.0121171800
0.0789293125
0.0111657651
-0.0550631620
0.0886515230
0.0268844366
0.0602175593
-0.0647226870
0.0537326559
0.0407815240
-0.0081627062
0.1119132191
-0.0194320306
0.0312239770
0.0531374291
0.0132244471
-0.0376196168
0.0655770600
0.0883018672
-0.0432900302
-0.1201748848
0.0803478435
-0.3590318859
0.0553464517
-0.0903416052
0.0667078272
-0.2573905587
-0.0385146290
-0.0184968673
-0.0247490071
-0.0491231717
-0.0262664724
0.9896804094
-0.0554018728
0.0132356863
-0.0649828613
0.0505751297
0.0436300971
-0.0271241181
-0.0819981620
-0.1602002084
0.0063663106
-0.0228294637
0.1949421167
0.0063659092
0.0548104495
-0.0290741157
0.1254667938
0.0534374043
-0.0093881451
0.0352250449
-0.0879808143
0.0531932823
0.0312050506
0.1927818209
-0.0750520602
0.0420111790
0.0225885455
-0.0075992444
-0.0156112770
0.0250491258
0.0128099136
-0.0903047770
0.0001426620
0.0119598992
0.0791834295
0.0094505455
-0.0530701578
0.0916544497
0.0272808541
0.0599082485
-0.0666856691
0.0513426214
0.0421754830
-0.0101664830
0.1141318902
-0.0180964321
0.0332909077
0.0565816164
0.0073442049
-0.0404394530
0.0712812841
0.0895893276
-0.0426788181
-0.1161685809
0.0823856890
-0.3563917279
0.0565671287
-0.0918362662
0.0703447387
-0.2556073666
-0.0378224030
-0.0138742048
-0.0243169460
-0.0492083691
-0.0228882190
0.9896290302
-0.0554203577
0.0125267925
-0.0612493642
0.0488602258
0.0459614433
-0.0245384630
-0.0827799067
-0.1619106978
0.0120233763
-0.0278972778
0.1962137669
0.0074307425
0.0507789329
-0.0301687978
0.1266943812
0.0506492704
-0.0124337077
0.0347900651
-0.0874385908
0.0521858707
0.0303048510
0.1960418373
-0.0739114732
0.0405208878
0.0207159035
-0.0108062234
-0.0156118665
0.0264456328
0.0097541986
-0.0902423337
0.0013527205
0.0136445239
0.0796191618
0.0093239378
-0.0546494126
0.0932660848
0.0293887313
0.0619557984
-0.0649845079
0.0509895273
0.0419112779
-0.0099478289
0.1187624186
-0.0164042599
0.0321130194
0.0608479530
0.0053929761
-0.0422402732
0.0705005750
0.0888008475
-0.0393870696
-0.1168670356
0.0834606513
-0.3529854417
0.0552168153
-0.0948587134
0.0714296177
-0.2542697191
-0.0393240675
-0.0099614868
-0.0223242231
-0.0488857739
-0.0227851830
0.9924075007
-0.0601959452
0.0116356267
-0.0610304922
0.0471710078
0.0442028269
-0.0247053653
-0.0834738314
-0.1519614607
0.0014814762
-0.0264429115
0.1959423721
0.0041813715
0.0499126501
-0.0266394950
0.1404795200
0.0513942800
-0.0181474555
0.0383873843
-0.0870804116
0.0547201745
0.0351569839
0.1970204711
-0.0713771358
0.0405957736
0.0206819456
-0.0084262528
-0.0235675555
0.0286736600
0.0086612301
-0.0821358934
0.0057517132
0.0225697290
0.0803778544
0.0104677835
-0.0626842827
0.0926695764
0.0307682622
0.0628587902
-0.0630300418
0.0597915612
0.0440255217
-0.0061177234
0.1215596572
-0.0167957321
0.0222138111
0.0581171736
0.0154744927
-0.0326495394
0.0626515970
0.0852846652
-0.0352553502
-0.1226042509
0.0793188438
-0.3517082930
0.0527866147
-0.0910946354
0.0715691447
-0.2549331486
-0.0416135751
-0.0152922478
-0.0206930395
-0.0477349050
-0.0278631989
0.9961934090
-0.0682952479
0.0128883114
-0.0725985095
0.0480763055
0.0387171581
-0.0284170490
0.0377526470
-0.0129620917
-0.1454094201
-0.0079005212
-0.0096349027
0.0890578628
-0.0064189560
0.0109021617
0.0081942109
0.0472659394
0.0345247649
-0.0540739410
0.0168908723
0.0732922629
-0.0506162271
-0.1474028528
-0.0537792556
0.0471803099
0.0735382140
-0.0403804146
0.1213989630
0.0472942665
0.0140339453
-0.0058767204
0.0587160438
-0.0252536647
0.1084527075
0.0321467966
0.0403407849
-0.1034030467
-0.0547759496
0.0137375453
-0.0508478433
0.0456418581
0.0609772801
-0.0429595746
-0.1141602769
0.0403636359
-0.0169975031
-0.0096705481
0.0527486578
-0.0801146328
-0.0518790931
-0.0668600798
-0.0656100065
0.0373709947
-0.0490176491
-0.7293072343
-0.0289258566
0.0000749129
0.0016469881
-0.4271688759
0.0441697016
-0.0539726131
-0.0714236423
0.0318972580
0.0201337170
-0.7122244835
-0.0603769682
-0.0290887002
-0.0575107746
0.0897453800
0.0752350762
0.1160798743
0.0407729857
-0.0912452787
-0.1343628019
-0.0490663052
0.0387613699
0.1283943355
-0.0001545551
0.0123533886
-0.0020209590
0.0728969574
0.0243946929
-0.0047798092
0.0668604150
0.0760563761
0.0107613467
-0.1208257452
-0.0871875957
0.0933548436
0.1563526839
-0.0421327502
0.1704118699
0.0893045962
-0.0292100050
-0.0084289769
0.0561037771
0.0283329040
0.1346745938
0.0624998808
0.0506718829
-0.1166405603
-0.0381203815
0.0721982718
-0.0134577444
0.0106992815
0.0758908689
-0.0421731211
-0.1424622834
-0.0233998783
-0.0596680716
0.0711618364
-0.0182062592
-0.0347773284
-0.0317593589
-0.0004439258
-0.0555741042
0.0495556779
0.0019027046
-0.9817943573
-0.0051075760
-0.0127226207
0.0284632500
-0.4015866518
0.0460596904
-0.0278437361
-0.0443593673
0.0372532569
-0.0411390886
-0.8344663382
-0.0691842213
0.0087720938
-0.0914951488
0.1240998954
0.0668207854
0.1171496809
0.0304990932
-0.0780928954
-0.1396070421
-0.0522136800
0.0206550788
0.1468730718
-0.0062420769
0.0083387764
0.0057212976
0.0806929469
0.0246746391
-0.0116829108
0.0623371080
0.0868202373
0.0133033739
-0.1258454323
-0.0856847763
0.1107584462
0.1706840843
-0.0405343324
0.1915325820
0.0928741097
-0.0266391020
-0.0113311764
0.0729530901
0.0266636014
0.1284756362
0.0645825714
0.0522346906
-0.1296884865
-0.0385259129
0.0634969845
0.0032691269
0.0061464058
0.0583069995
-0.0484340973
-0.1377798468
-0.0120712230
-0.0629287735
0.0510226712
-0.0020133762
-0.0432311110
-0.0304088611
-0.0085307909
-0.0471380986
0.0596940145
0.0088167572
-0.9327046871
-0.0130073344
0.0078130597
0.0208361223
-0.4069172442
0.0381441005
-0.0318633802
-0.0310291536
0.0331395566
-0.0464277640
-0.8346318007
-0.0875244364
0.0228652209
-0.0910776183
0.1193966940
0.0571521409
0.1246261448
0.0350748710
-0.1205372289
-0.1140050739
-0.0622015186
0.0590673983
0.1069581658
0.0033967509
0.0140133854
0.0050495961
0.0715492442
0.0241470486
0.0091938470
0.0588443130
0.0823721141
0.0064185234
-0.1351418644
-0.0999654904
0.0976880714
0.1543555409
-0.0304497238
0.1418714970
0.0980841815
-0.0226302519
0.0079211667
0.0273185596
0.0289272647
0.1346990019
0.0476244502
0.0447527431
-0.0962613896
-0.0351072699
0.0923881978
-0.0134023940
-0.0054620653
0.0754127204
-0.0301922373
-0.1487966925
-0.0354576558
-0.0563767254
0.0744236037
-0.0323422216
-0.0319231451
-0.0371291786
0.0173938237
-0.0828098431
0.0354710482
-0.0061679259
-0.9999792576
-0.0016761313
-0.0186919309
0.0231310464
-0.3836082518
0.0395600796
-0.0224814564
-0.0553919151
0.0284259133
-0.0268195514
-0.7979050279
-0.0596339256
0.0243304279
-0.0923824459
0.1291089207
0.0778821036
0.1079934686
0.0265275538
-0.0853434131
-0.1114967167
-0.0374229960
0.0487282015
0.1210853755
-0.0037888032
0.0126152299
0.0189477876
0.0718035027
0.0532275699
-0.0125238122
0.0439490043
0.0812165961
-0.0075269998
-0.1273309588
-0.0758618638
0.0976980850
0.1412358433
-0.0343164727
0.1327410191
0.0824385956
-0.0157157741
0.0159251541
0.0464316532
0.0101466207
0.1257521212
0.0364057347
0.0337241590
-0.0880604759
-0.0532541797
0.0745195821
-0.0107622426
0.0268873926
0.0769047514
-0.0359306224
-0.1298714429
-0.0263759512
-0.0643571913
0.0420293510
-0.0122446232
-0.0270346627
-0.0431183986
-0.0050263661
-0.0793060139
0.0703035221
-0.0237072892
-0.8929197788
-0.0318200849
-0.0027050152
0.0173169039
-0.3945717216
0.0488207564
-0.0326804817
-0.0464800596
0.0292994995
-0.0307761356
-0.8022493720
-0.0828427002
0.0082442686
-0.0857565179
0.1176089197
0.0904702842
0.1154162586
0.0143158091
-0.0463870578
-0.1303209960
-0.0211358797
0.0014347566
0.1522854269
-0.0024047235
0.0002465837
0.0267402194
0.0999047905
0.0426991209
-0.0343686678
0.0481988974
0.0805103481
0.0064455923
-0.1162711829
-0.0780501291
0.1286532432
0.1741860658
-0.0163992345
0.1948495507
0.0975307226
0.0027944883
-0.0230232161
0.0887761191
0.0015392380
0.1260744184
0.0428866148
0.0578062795
-0.1317688972
-0.0576279797
0.0623805262
0.0206665769
0.0229273960
0.0525761209
-0.0459127240
-0.1305906177
0.0155486595
-0.0771353543
0.0042470093
0.0054058670
-0.0500511639
-0.0166527499
-0.0414105467
-0.0485456996
0.0781386569
0.0150261335
-0.8690631986
-0.0511597954
0.0233947877
-0.0143166753
-0.3970009387
0.0402078144
-0.0427670404
-0.0305972863
0.0229752380
-0.0432777032
-0.8082935810
-0.1470280290
0.0245442670
-0.0974987000
0.1186563820
0.0451356024
0.1188090965
0.0128131742
-0.0564264767
-0.1155048236
-0.0182037931
0.0114521962
0.1415265054
-0.0001590011
0.0008042096
0.0245426185
0.0942126811
0.0429952033
-0.0357623808
0.0420613922
0.0755988508
-0.0037353258
-0.1229894534
-0.0816173255
0.1244909987
0.1627199799
-0.0177105162
0.1722333729
0.0949147716
0.0039297906
-0.0119184684
0.0743912980
-0.0009083350
0.1214695722
0.0193500165
0.0473369882
-0.1180429906
-0.0630879626
0.0659027472
0.0127847893
0.0279285423
0.0655915067
-0.0419435389
-0.1183076501
0.0197242945
-0.0775287002
0.0108535923
-0.0100481603
-0.0448124520
-0.0216693692
-0.0314538516
-0.0690794438
0.0796190724
-0.0049566608
-0.8480413556
-0.0483471975
0.0116053177
-0.0102686193
-0.3979700506
0.0405708812
-0.0328019261
-0.0301972851
0.0254909620
-0.0342976302
-0.7753474116
-0.1376891732
0.0165038891
-0.0861267447
0.1204183102
0.0566473454
0.1172550470
0.0173936617
-0.0577938892
-0.1110692471
-0.0278100967
0.0114928856
0.1548195034
-0.0011557157
-0.0009610348
0.0244773161
0.1071297526
0.0476000905
-0.0224787463
0.0506399535
0.0750742778
0.0094746528
-0.1127557755
-0.0861047134
0.1338483542
0.1859221905
-0.0083460826
0.1982483417
0.1108624637
-0.0051941988
-0.0283815339
0.0814257562
-0.0020595754
0.1249149740
0.0394531824
0.0542767495
-0.1287639737
-0.0639742017
0.0786808357
0.0353696942
0.0057015098
0.0487985164
-0.0407820307
-0.1201992184
0.0095845666
-0.0767917857
0.0083997026
-0.0162768662
-0.0541480407
-0.0163866039
-0.0328044072
-0.0532217696
0.0842096433
0.0226605162
-0.8882306218
-0.0541975871
0.0268102195
-0.0156386588
-0.3787974119
0.0437781103
-0.0296423100
-0.0231669545
0.0233611371
-0.0449941270
-0.8023797870
-0.1581374705
0.0416912548
-0.0958816409
0.1191105694
0.0455972739
0.1209043190
0.0449128971
-0.0786335170
-0.0625011548
0.0142621612
0.0325310901
0.0723959357
0.0086818393
0.0107593052
0.0349328220
0.0304257497
0.0068541947
-0.0283986516
0.0317096040
0.0297222491
-0.0403171107
-0.1693468690
-0.0547091886
0.0707344636
0.1193791330
-0.0406630188
0.1082813889
0.0580640696
-0.0251303930
0.0276126619
0.0591458939
-0.0221943650
0.1002225205
-0.0426399186
0.0140511477
-0.1007249728
-0.1169963405
0.0901087448
-0.0216606576
0.0695049092
0.0819754452
-0.0473626889
-0.0908425152
0.0388771817
-0.0309449881
0.0032232611
-0.0122840321
-0.0341331251
-0.0145455245
-0.0325219892
-0.0810924619
0.0766752064
-0.0431334190
-0.7195344567
-0.0569316894
-0.0177343804
0.0177252814
-0.4378938675
-0.0151649015
-0.0341859199
-0.1249378771
0.0468348004
-0.0312462226
-0.6473397613
-0.1091834381
-0.0531423241
-0.0651321262
0.1110775992
0.0795289502
0.1050309911
0.0690994784
-0.0513601713
0.0450585373
0.0297877006
0.0624375418
-0.0099802604
0.0602283552
0.0416615754
0.0113244150
0.0082151899
-0.1768595129
-0.0481525213
0.0660410374
0.0389946736
-0.0626898557
-0.0730833858
-0.0215419475
-0.1195477396
-0.0727087855
-0.0263876133
0.0417663381
-0.0184330270
-0.0195215531
-0.0116303973
0.0116595943
-0.0222509336
0.0584378242
-0.1663172096
-0.0356253944
-0.1178461686
-0.0656759068
0.1075229198
-0.0459288768
0.0719948187
0.0677068159
-0.0244606920
0.0067817969
-0.0013500241
0.0741635114
-0.0209168512
0.0867753476
-0.0394544974
0.0570627153
-0.0178330485
-0.0794236362
-0.0672992915
-0.1017111763
-0.3698120713
0.0075071855
-0.0422809720
0.0515908338
-0.2864894569
-0.0844984055
-0.0674857795
-0.1245515347
0.0090909721
0.0469001643
-0.0310573503
-0.1232069805
-0.0788026229
-0.0423861966
0.0092191501
0.1481666118
0.1186249107
0.0746688172
-0.0742665008
0.0247254577
0.0157960933
0.0670937598
-0.0173438471
0.0692036226
0.0493808836
0.0243805256
0.0224904381
-0.1309345812
-0.0138700372
0.0715200230
0.0436644144
-0.0617711321
-0.1261982769
-0.0427005142
-0.0675847083
0.0041734953
-0.0188882928
0.0419427082
0.0122186551
-0.0341258571
0.0235394184
-0.0065366547
-0.0166700464
0.0757968351
-0.1412495375
-0.0075276173
-0.1233715788
-0.0799526498
0.1263007969
-0.0248342752
0.0633269250
0.0788382441
-0.0352161489
-0.0370132290
0.0008202911
0.0531789511
-0.0147392666
0.0325237177
-0.0402540229
0.0312820561
-0.0142164482
-0.0962625816
-0.0030690606
-0.0888616890
-0.5151506662
-0.0195122194
-0.0396008901
0.0653206632
-0.3341414928
-0.0622866452
-0.0533449464
-0.1646472961
0.0310301501
0.0310574733
-0.2676284909
-0.1299831718
-0.0589295365
-0.0457518548
0.0448770709
0.1088142470
0.1133963913
0.0772679225
-0.0198565070
0.0999633148
0.0511760227
0.0559679084
-0.0175236575
0.0626490936
0.0702177137
-0.0081697600
0.0004145005
-0.2493592352
-0.0860757083
0.0786068439
0.0454746038
-0.0643201023
-0.0065523088
0.0253161713
-0.2002120763
-0.1636561453
-0.0415575989
0.0355741084
-0.0581756718
-0.0141737023
-0.0186865553
0.0072267544
-0.0270317644
0.0379461199
-0.2195274979
-0.0497098155
-0.1314422339
-0.0333209671
0.0973546878
-0.0282650720
0.0870461240
0.0557247847
-0.0128886336
0.0525882766
-0.0257989094
0.1311549395
-0.0484436974
0.1419195980
-0.0155742606
0.0816973373
-0.0198231731
-0.0560722910
-0.0949703604
-0.1183608994
-0.1883673966
-0.0000969482
-0.0445376337
0.0523226336
-0.2059655488
-0.1140220910
-0.0840008780
-0.0985139385
-0.0084761130
0.0618096925
0.1439701468
-0.1517734379
-0.1054360196
-0.0329730026
-0.0351421274
0.1898985356
0.1590842903
-0.0836194679
-0.1649080068
0.0087498184
-0.0295621362
0.1994014531
0.0054088626
0.0493908077
-0.0309121739
0.1279507130
0.0511111617
-0.0152250258
0.0348953493
-0.0885354429
0.0508821681
0.0333370380
0.1968595833
-0.0747363418
0.0425588228
0.0215568487
-0.0118452413
-0.0149466731
0.0276794266
0.0085681351
-0.0899575129
0.0021893077
0.0109314620
0.0793532580
0.0076049468
-0.0531982146
0.0888310373
0.0286807176
0.0622586831
-0.0619950481
0.0488361865
0.0393528230
-0.0110547431
0.1162922382
-0.0157377161
0.0306820385
0.0599271730
0.0063731791
-0.0444465391
0.0674647167
0.0886233076
-0.0417823866
-0.1187334806
0.0841513649
-0.3525975645
0.0529790632
-0.0973905623
0.0647178143
-0.2548460364
-0.0395606533
-0.0110047599
-0.0204439685
-0.0507564470
-0.0225671213
0.9912075996
-0.0594883524
0.0119006345
-0.0609533675
0.0470397547
0.0418688431
-0.0266575087
-0.0842125863
-0.1541307867
-0.0013925025
-0.0277315583
0.1989611834
0.0024309154
0.0483350568
-0.0274261013
0.1413981616
0.0518009476
-0.0212010946
0.0384017825
-0.0881697387
0.0538564473
0.0383623764
0.1990397274
-0.0719133168
0.0424738638
0.0214735772
-0.0090748770
-0.0232453607
0.0298272986
0.0075387754
-0.0814055428
0.0062951539
0.0217775460
0.0804678500
0.0079890024
-0.0612337440
0.0891583562
0.0295021962
0.0630180091
-0.0606225915
0.0587428920
0.0423677787
-0.0072577442
0.1197655648
-0.0160316136
0.0189969260
0.0569558032
0.0163335726
-0.0335437693
0.0602018833
0.0850049332
-0.0375754796
-0.1237112880
0.0798790380
-0.3501784801
0.0504543558
-0.0929184109
0.0652936324
-0.2548270822
-0.0416516848
-0.0166893806
-0.0180943590
-0.0496489555
-0.0275152549
0.9954274893
-0.0687332079
0.0133574028
-0.0742319077
0.0476892851
0.0358255915
-0.0304314364
0.0353795364
-0.0173994750
-0.1520269960
-0.0139262723
-0.0135858683
0.0917194486
-0.0087371888
0.0126861883
0.0068944157
0.0496180393
0.0347441882
-0.0503949970
0.0178044103
0.0763438940
-0.0489843674
-0.1475906223
-0.0600691177
0.0469751656
0.0720873177
-0.0371581540
0.1223376319
0.0520236567
0.0121165467
-0.0075278506
0.0544702224
-0.0220501889
0.1094812006
0.0354086533
0.0422079489
-0.0989573970
-0.0520577170
0.0037018303
-0.0490512364
0.0458804630
0.0608058460
-0.0445888937
-0.1181972027
0.0353373028
-0.0204609223
-0.0064268685
0.0511391498
-0.0778466389
-0.0535595976
-0.0583190918
-0.0674663484
0.0360523760
-0.0478960015
-0.7306401730
-0.0262849499
0.0044025383
0.0031451299
-0.4275601804
0.0497270189
-0.0533167161
-0.0692372620
0.0324870758
0.0216484684
-0.7154093981
-0.0559939854
-0.0228960384
-0.0567374416
0.0870805383
0.0757415071
0.1168443933
0.0359185152
-0.0964355245
-0.1279583722
-0.0468949452
0.0396311954
0.1300757080
0.0019236417
0.0077282311
0.0036364507
0.0799814835
0.0293521211
-0.0075884066
0.0647176579
0.0819243044
0.0088600097
-0.1194434687
-0.0859228000
0.1026300788
0.1560434997
-0.0393366627
0.1657264531
0.0975859091
-0.0251820944
0.0030013465
0.0515580848
0.0281192921
0.1364272237
0.0519803725
0.0506890789
-0.1170435026
-0.0428294949
0.0724832192
-0.0043214113
0.0146191027
0.0775544867
-0.0396446139
-0.1432503313
-0.0278639905
-0.0707655475
0.0660492778
-0.0195608493
-0.0316623040
-0.0357690342
0.0057841842
-0.0674693957
0.0597521141
-0.0062313466
-0.9737496376
-0.0108738448
-0.0135481264
0.0272042546
-0.4001887441
0.0446302332
-0.0244151503
-0.0438518487
0.0342311077
-0.0395637043
-0.8357197642
-0.0756455138
0.0104809906
-0.0918286070
0.1289162040
0.0725310147
0.1194283515
0.0342318118
-0.1000206992
-0.1289789081
-0.0452892855
0.0423265994
0.1371321529
-0.0067694569
0.0110550672
0.0082634026
0.0671206415
0.0487489179
-0.0126957875
0.0553378463
0.0828120410
0.0022063691
-0.1249389350
-0.0814664587
0.1015342325
0.1450249851
-0.0421959683
0.1529672593
0.0905039459
-0.0236372799
0.0103647942
0.0484469831
0.0233608857
0.1286891699
0.0503734089
0.0477733091
-0.1042696238
-0.0506451018
0.0716955513
-0.0079691522
0.0141036576
0.0745813847
-0.0362753533
-0.1306444556
-0.0265089013
-0.0677848309
0.0599003620
-0.0238572210
-0.0323445089
-0.0434639193
0.0048463363
-0.0752689466
0.0668252259
-0.0236886553
-0.9344005585
-0.0144544169
-0.0131352637
0.0275991336
-0.3974404335
0.0433565043
-0.0241239946
-0.0324584544
0.0333987325
-0.0351984054
-0.8281719089
-0.0616670623
0.0069007869
-0.0825277865
0.1292013377
0.0831939206
0.1202385649
0.0260937084
-0.0928316191
-0.1148855537
-0.0434584282
0.0438743383
0.1306898892
-0.0010097768
0.0055868537
0.0159987528
0.0834757909
0.0375337154
-0.0106242849
0.0500840656
0.0860304907
0.0034415633
-0.1243894771
-0.0802793056
0.1127280295
0.1553173512
-0.0322801992
0.1585479826
0.0987476557
-0.0165333766
0.0120151313
0.0561925322
0.0198024251
0.1319339573
0.0404132120
0.0466149785
-0.1097412407
-0.0533896759
0.0785228088
0.0049909824
0.0153223947
0.0680152699
-0.0360731073
-0.1355829984
-0.0199076515
-0.0712254196
0.0474762209
-0.0156987999
-0.0358804315
-0.0383070037
-0.0032257189
-0.0762689114
0.0693347007
-0.0124052707
-0.9347988367
-0.0244576838
-0.0021517002
0.0123510053
-0.4003352225
0.0422782637
-0.0271876082
-0.0409461372
0.0260062832
-0.0368703268
-0.8180192709
-0.0877162442
0.0170636419
-0.0950519219
0.1255042106
0.0791415721
0.1185620725
0.0106105078
-0.0631891340
-0.1341152936
-0.0369472839
0.0138167553
0.1600087881
-0.0030303791
-0.0045406995
0.0242573507
0.1152321175
0.0458127744
-0.0207438432
0.0476506203
0.0989136100
0.0138095012
-0.1102966890
-0.0844902694
0.1403909177
0.1730551273
-0.0162404571
0.2042442262
0.1226524934
-0.0041129906
-0.0171802696
0.0911602378
0.0191775598
0.1356134415
0.0571101457
0.0598761626
-0.1395517141
-0.0499356352
0.0553469807
0.0333635285
0.0142881284
0.0446371399
-0.0496042110
-0.1435473412
-0.0034722884
-0.0909280330
0.0159101617
0.0027465632
-0.0573757254
-0.0215020739
-0.0317197815
-0.0603765324
0.0778788477
0.0198014453
-0.9321694970
-0.0307132434
0.0285015833
-0.0249574836
-0.3944675624
0.0437344052
-0.0403893851
-0.0137436129
0.0114995316
-0.0488643534
-0.8371568918
-0.1325160265
0.0512846373
-0.1076452434
0.1183063388
0.0579860061
0.1169569492
0.0193976145
-0.0374616720
-0.1250067502
-0.0230608266
0.0099748690
0.1271603853
-0.0007237575
-0.0052151592
0.0151303308
0.0920867547
0.0415464975
-0.0334184580
0.0392548516
0.0800144672
-0.0248353500
-0.1191706806
-0.0760632530
0.1044032052
0.1367448270
-0.0299655087
0.1670702100
0.0888360515
0.0014625676
-0.0161007196
0.0792715251
0.0015116652
0.1254749894
0.0349094644
0.0447617993
-0.1265114695
-0.0632594898
0.0464289300
-0.0107890712
0.0299671926
0.0672903806
-0.0475619100
-0.1215664446
0.0258395579
-0.0669653490
0.0144229587
0.0078213392
-0.0669161454
-0.0355669744
-0.0509315729
-0.0675820187
0.0726092681
-0.0117514236
-0.8544445038
-0.0332125500
0.0074948319
-0.0095644668
-0.4126715958
0.0551633239
-0.0395290852
-0.0349478759
0.0182678569
-0.0119053721
-0.7831652164
-0.1105537862
0.0230003204
-0.0813461617
0.1079203933
0.0697798952
0.1139145270
0.0442023352
-0.0063882256
-0.1434927136
0.0174902324
-0.0080767060
0.0878010094
-0.0040544276
0.0001701253
0.0123294778
0.0470864438
0.0487593003
-0.0706164464
0.0229632203
0.0655981749
-0.0729381517
-0.1460426301
-0.0548770204
0.0408674441
0.0841689110
-0.0468233936
0.1174783483
0.0287676472
0.0360991023
-0.0105376700
0.0609913431
-0.0492463000
0.1058869958
0.0183314420
0.0449027754
-0.0877701417
-0.0899468139
0.0318451934
-0.0647624582
0.0495246388
0.0775972977
-0.0389230065
-0.1100928783
0.0713376254
-0.0117564788
-0.0245719198
0.0382195897
-0.0883537307
-0.0373620093
-0.0900265276
-0.0838552713
0.0459412448
-0.0636962354
-0.6860749722
-0.0600494593
-0.0071834140
-0.0046319328
-0.4264211655
0.0502992384
-0.0536602512
-0.1012434587
0.0371528231
0.0304981563
-0.6939935088
-0.0909948647
-0.0343267471
-0.0532702096
0.0900068954
0.0754762217
0.1214732677
0.0037047460
-0.0294730365
-0.1238704994
-0.0088492353
-0.0107881157
0.1531613767
-0.0051069949
-0.0140572079
0.0362540446
0.1028699949
0.0496192016
-0.0614502765
0.0307199173
0.0848200023
-0.0225560777
-0.1266098320
-0.0745778382
0.1274040043
0.1577841341
-0.0101179602
0.1885925084
0.0924890041
0.0234962478
-0.0218209457
0.0901834667
-0.0222281627
0.1132073700
0.0075131161
0.0549790822
-0.1267377734
-0.0811466724
0.0552482754
0.0164122600
0.0336533338
0.0482269116
-0.0414807685
-0.1068681851
0.0529734716
-0.0726532862
-0.0278280415
0.0145243658
-0.0687318444
-0.0223765168
-0.0670644119
-0.0656719804
0.0935893357
-0.0093172202
-0.7445026040
-0.0732225925
0.0207394902
-0.0401149951
-0.4079625905
0.0401715860
-0.0362994000
-0.0350938514
0.0162447449
-0.0184454676
-0.7339434028
-0.1562928408
0.0169709641
-0.0846268237
0.1118451059
0.0502102785
0.1246008649
0.0839551687
-0.0834045261
-0.0435798801
0.0411625467
0.0705852136
0.0061473963
0.0451880284
0.0400844142
0.0166726988
-0.0056481096
-0.0321103632
-0.0407458544
0.0243137907
0.0091565168
-0.0664601028
-0.1624024212
-0.0298034437
-0.0306937899
-0.0198569279
-0.0327019691
0.0315236002
0.0047923448
-0.0037434509
0.0297687892
0.0089420667
-0.0324857235
0.0751766860
-0.1084280759
0.0062309294
-0.0645858124
-0.0844824314
0.1035924256
-0.0590059794
0.0702466220
0.0979691148
-0.0276775360
-0.0366226323
0.0172048565
0.0105341198
-0.0173470564
0.0022643106
-0.0528104566
0.0088392422
-0.0392343439
-0.1117420867
0.0043871962
-0.1195969656
-0.5958620906
-0.0208778400
-0.0462998711
0.0314353295
-0.3567738831
-0.0378941894
-0.0555121452
-0.1098251045
0.0367772020
0.0182282440
-0.4132648408
-0.0583584383
-0.0827545822
-0.0292888544
0.0692476183
0.0982808545
0.0976818502
0.0627337471
-0.0925145298
-0.0060743918
-0.0146916164
0.0660779849
0.0020427357
0.0685219318
-0.0195419155
0.0142537598
0.0886190012
-0.0107249096
0.0381186567
0.0609494261
0.0209626555
-0.0401741192
-0.1337245107
-0.1166287884
0.0714576915
0.1333759278
-0.0178267360
0.1087091193
0.1258085370
-0.0697948635
-0.0209495164
0.0273584463
0.0011765971
0.1411246955
-0.0207176041
-0.0014992085
-0.1640394777
-0.0730887130
0.1210184917
-0.0068146801
0.0088633457
0.1090536341
-0.0483878516
-0.1235812530
0.0144690163
-0.0634858534
0.0610482953
-0.0284604169
-0.0962997898
-0.0132597433
-0.0319264382
-0.0942137912
0.0250437539
0.0179821365
-1.0276980400
-0.0086999005
-0.0281978939
0.0398313552
-0.3745298684
0.0218334608
-0.0272690356
-0.1295206249
0.0382074341
-0.0046105832
-0.7036948204
-0.1030068919
0.0396015830
-0.0742727444
0.1260126084
0.0613058098
0.0752666593
0.0655149445
-0.1109061539
-0.0295219123
-0.0036974517
0.0743618011
0.0105533609
0.0554331280
-0.0089494428
0.0192792043
0.0621029064
0.0004389957
0.0245060865
0.0563118756
0.0141223595
-0.0412806459
-0.1562657803
-0.1110041663
0.0670396090
0.1206406876
-0.0230197236
0.0888201296
0.1007062867
-0.0439286046
-0.0050071799
0.0181337018
-0.0031296802
0.1325381994
-0.0344964415
0.0061740088
-0.1211652160
-0.0811346397
0.1273489594
-0.0245505255
0.0187286194
0.1145820022
-0.0401456691
-0.1167012975
0.0158498399
-0.0563836843
0.0584406033
-0.0395049267
-0.0753080845
-0.0068348097
-0.0204727054
-0.1085624024
0.0246730503
-0.0145910606
-0.9602715969
-0.0114828125
-0.0448659435
0.0395431779
-0.3761667907
0.0012701628
-0.0265141055
-0.1367392093
0.0410791747
0.0001449464
-0.6609273553
-0.0900827870
0.0065658959
-0.0651931614
0.1283104122
0.0676504895
0.0752182603
0.0375385731
-0.0327129140
-0.0851909891
0.0455689356
0.0473316386
0.0869009197
-0.0246189069
-0.0193928462
0.0443533622
0.0280802287
-0.0249967780
-0.1141670942
-0.0007132089
0.0643098578
-0.0706868246
-0.1863990128
-0.0416202620
0.0231899656
0.0684859231
-0.0594369248
0.0881627798
0.0015823810
0.0760176331
0.0429777764
0.0669978559
-0.0709195212
0.0814553946
-0.0997778699
0.0045661689
-0.0437390991
-0.1163889021
0.0781418011
-0.0764968023
0.1038628966
0.0611133873
-0.0404495746
-0.0838043541
0.1232264712
0.0126610203
-0.0219901893
0.0623523667
-0.0390291810
0.0239432938
-0.0771541148
-0.1454444975
0.0242661331
-0.1216316596
-0.5031040907
-0.0775482655
-0.0260610245
-0.0477425829
-0.4506866336
-0.0168077983
-0.0539315641
-0.1408478767
0.0438204221
0.0051052235
-0.4755170643
-0.1073591411
-0.0949995518
-0.0674720183
0.0771228150
0.0885199979
0.1285190880
0.0879386961
-0.0134125901
0.1019937322
0.0276158862
0.0415243246
0.0046885759
0.0688220561
0.0981368870
-0.0153049110
-0.0041562449
-0.2548115849
-0.0842722654
0.0805679560
0.0477319099
-0.0566447265
0.0023619910
0.0393694043
-0.2001647353
-0.1685274690
-0.0287668165
0.0416569859
-0.0640818104
-0.0251328852
-0.0158898477
0.0072144712
-0.0140794273
0.0370443016
-0.2374156713
-0.0366573073
-0.1480982006
-0.0056481301
0.1102601290
-0.0012418570
0.0805181190
0.0490878336
-0.0156030869
0.0601690002
-0.0560410023
0.1312645823
-0.0587743856
0.1290676743
-0.0013208274
0.0681550503
-0.0102416743
-0.0427328572
-0.0567396656
-0.1250954568
-0.2066186666
-0.0192058813
-0.0365527458
0.0397615507
-0.1734340489
-0.1018903702
-0.0767448321
-0.0569427684
-0.0050514271
0.0492672622
0.0702959895
-0.1832118332
-0.1063836813
-0.0318166390
-0.0308331177
0.1733009070
0.1764189899
-0.0852254257
-0.1566359550
0.0040394412
-0.0228263289
0.1981028765
-0.0013023809
0.0441107340
-0.0339191556
0.1388092339
0.0530383140
-0.0301260855
0.0327062197
-0.0852366388
0.0489365868
0.0337322503
0.1935410202
-0.0730370656
0.0398252606
0.0182166267
-0.0144104594
-0.0165258907
0.0304439031
0.0081447177
-0.0817200318
0.0087815523
0.0167028829
0.0794122294
0.0016018795
-0.0620738938
0.0807103366
0.0229395144
0.0605976805
-0.0600004531
0.0584749505
0.0418988392
-0.0091261743
0.1155864894
-0.0062373187
0.0195495188
0.0569310524
0.0228661206
-0.0376808196
0.0629638433
0.0800613910
-0.0404171236
-0.1298969090
0.0814840272
-0.3405605555
0.0488786884
-0.0971256644
0.0613531023
-0.2606895566
-0.0476024449
-0.0181234628
-0.0267245602
-0.0519240834
-0.0212898348
0.9839208722
-0.0643295273
0.0087133888
-0.0727032572
0.0436735339
0.0420673452
-0.0273386035
0.0626429170
-0.0228096694
-0.1130711883
0.0046936236
0.0026642284
0.0757292062
0.0039088181
0.0409875512
-0.0003063626
0.0148517499
0.0080703301
-0.0617457442
0.0183370635
0.0506987683
-0.0605978966
-0.1339765936
-0.0231537372
-0.0132455528
0.0021360063
-0.0423527844
0.0889853686
0.0109188259
-0.0019484235
-0.0001604546
0.0470377803
-0.0292327423
0.0920296013
-0.0161933564
0.0386749133
-0.0885505751
-0.0451019555
0.0292940009
-0.0587982610
0.0622439981
0.0716788098
-0.0421952121
-0.0761099234
0.0053857025
0.0120029720
-0.0234325994
0.0438874811
-0.0598349981
-0.0419299304
-0.0589570925
-0.0673625469
0.0384748541
-0.0848286003
-0.6359823942
-0.0414154828
-0.0123325558
-0.0008417244
-0.3803521097
0.0302287079
-0.0587003715
-0.0587091185
0.0330877118
0.0191087201
-0.6076913476
-0.0607316121
-0.0654523969
-0.0428518057
0.0725680515
0.0937980935
0.1277269125
0.0381139033
-0.0728050619
-0.1229951829
-0.0405230559
0.0357790850
0.1207991391
0.0056006243
0.0049431222
-0.0044530141
0.0789153948
0.0286952741
-0.0140826218
0.0602190830
0.0700022280
-0.0077060880
-0.1076204702
-0.0810001716
0.0923009440
0.1374426782
-0.0408360809
0.1597465873
0.0902573913
-0.0189273264
-0.0087845298
0.0597568452
0.0260944217
0.1388011724
0.0501143113
0.0452790558
-0.1191889569
-0.0480516367
0.0624997020
-0.0218120683
0.0232777968
0.0865000039
-0.0407493375
-0.1328269392
-0.0068095000
-0.0652249455
0.0680408031
-0.0207470041
-0.0467081144
-0.0357642211
-0.0157071203
-0.0622772239
0.0578511953
-0.0111012543
-0.9812690616
-0.0059982049
-0.0244865194
0.0216294006
-0.4121306539
0.0608492382
-0.0269293915
-0.0424448326
0.0326583497
-0.0214711595
-0.8322174549
-0.0683698505
0.0062656631
-0.0854557380
0.1231403500
0.0823505819
0.1127778217
0.0294056851
-0.0416722819
-0.1370758712
-0.0216514654
0.0107014515
0.1217359379
-0.0011889598
0.0045404136
0.0091226473
0.0753787830
0.0209558047
-0.0431619100
0.0438033640
0.0801770389
-0.0245013759
-0.1304099560
-0.0724661350
0.0864922553
0.1326520741
-0.0355241597
0.1625859737
0.0708813593
0.0109319007
-0.0068524363
0.0691246539
-0.0042070234
0.1234277785
0.0288308412
0.0462579280
-0.1156023145
-0.0552699976
0.0479041710
-0.0227109604
0.0338681862
0.0673632622
-0.0384755805
-0.1232142970
0.0309996940
-0.0434907824
0.0202162229
0.0180422887
-0.0614146106
-0.0355031081
-0.0421357639
-0.0614957660
0.0608464852
-0.0226784218
-0.8307648897
-0.0319251381
-0.0113109490
0.0036224169
-0.4304230213
0.0480551943
-0.0373531468
-0.0607063435
0.0351287723
-0.0061354097
-0.7662695050
-0.0966532305
-0.0101641444
-0.0769510716
0.1093239337
0.0672497451
0.1262888908
0.0403947793
-0.0893325433
-0.1210665181
-0.0396836139
0.0434760712
0.1263173968
0.0043422831
0.0024201581
0.0005419856
0.0811757743
0.0281416699
-0.0079833586
0.0607804582
0.0728762373
0.0047353082
-0.1166185662
-0.0840397999
0.1017944813
0.1552741528
-0.0368587859
0.1737814099
0.1008508429
-0.0224204380
-0.0089482917
0.0646183640
0.0213519223
0.1379039139
0.0527819991
0.0502732284
-0.1231188253
-0.0539690778
0.0808234438
-0.0054784142
0.0081357211
0.0711690560
-0.0391471051
-0.1396356672
-0.0129581830
-0.0655178279
0.0600709096
-0.0238040481
-0.0498130284
-0.0287085995
-0.0134082315
-0.0639386028
0.0539310761
0.0006042065
-0.9911264181
-0.0101080975
-0.0138458684
0.0101328734
-0.4007810354
0.0446376242
-0.0277813096
-0.0466334224
0.0296068043
-0.0400276631
-0.8261441588
-0.0828573480
0.0154682295
-0.0972459912
0.1276648045
0.0711750016
0.1138905808
0.0403468087
-0.0746480078
-0.1273129284
-0.0284191910
0.0383692198
0.1242791712
0.0002063360
0.0086041819
0.0032180150
0.0726066977
0.0389953144
-0.0124278208
0.0503464639
0.0638491511
-0.0004710338
-0.1139416471
-0.0744603798
0.0954455882
0.1413736045
-0.0349483751
0.1626760811
0.0935701132
-0.0202718042
-0.0100706033
0.0670867190
0.0135631934
0.1348053813
0.0519874617
0.0464966707
-0.1143424064
-0.0615493804
0.0670011193
-0.0140437763
0.0217013713
0.0727881566
-0.0420220606
-0.1281499565
-0.0074152313
-0.0625925809
0.0491073616
-0.0224020835
-0.0465127267
-0.0302713271
-0.0208226163
-0.0604218692
0.0595658086
-0.0059359162
-0.9578320980
-0.0158075597
-0.0081074396
0.0116816554
-0.4063602686
0.0504443049
-0.0329570062
-0.0397739634
0.0317157470
-0.0383004844
-0.8225592971
-0.0807619020
0.0044744955
-0.0908424184
0.1195190549
0.0692170337
0.1094964519
0.0177122876
-0.0544155426
-0.1250926852
-0.0124399122
0.0142470263
0.1302986294
-0.0034878235
0.0018191367
0.0229054503
0.0731064379
0.0863626152
-0.0437965766
0.0286759436
0.0907496959
-0.0329801850
-0.1158916503
-0.0738274753
0.1003599167
0.1092156917
-0.0336825624
0.1264978349
0.0844698697
0.0071111219
0.0091665108
0.0510957502
-0.0022069057
0.1207889393
0.0276895799
0.0391937047
-0.0991639718
-0.0726459846
0.0346742570
-0.0131503465
0.0461424403
0.0817179158
-0.0378855467
-0.1178344488
0.0059532421
-0.0772554874
0.0062065828
-0.0020082323
-0.0518462248
-0.0476769693
-0.0355364196
-0.0949682668
0.0837824047
-0.0543822274
-0.8167703152
-0.0367402248
-0.0062737158
0.0005144386
-0.3968977034
0.0575379580
-0.0354330540
-0.0336483195
0.0206687879
-0.0055349339
-0.7899668813
-0.0800351202
0.0060926918
-0.0642483681
0.1162347123
0.1023953632
0.1162242666
0.1369575709
0.0118522998
0.0216242112
0.0054001226
0.0073656528
0.0448504575
0.0828566626
0.1848878413
-0.0363183543
-0.0330080874
-0.1422534734
-0.0723942444
0.0572580881
0.0365728959
-0.0434525460
0.0133188972
0.0895492733
-0.1986235827
-0.2081158310
-0.0170725994
0.0153810196
-0.0947710946
-0.0433447771
0.0032280351
-0.0083788307
-0.0007579505
0.0483542681
-0.1897222400
0.0288767107
-0.1308707446
0.0874634683
0.1072386876
0.0221399590
0.0461622663
0.0797529817
-0.0034144982
0.0645778105
-0.1569170058
0.1210185364
-0.0894336626
0.0405475684
0.0168233924
0.0021766587
-0.0124935154
-0.0172417369
0.0516441651
-0.1585711688
-0.4048399627
-0.0681184009
-0.0244438797
0.0217200704
-0.0852827653
-0.0169255920
-0.0662064478
0.0908863619
0.0121728312
0.0259350650
-0.3056149483
-0.1850675344
-0.1140524969
-0.0057579321
0.0023085175
0.1275459230
0.2099597156
0.1276929677
0.0101944022
0.0099099949
0.0065955631
-0.0065952158
0.0389420688
0.0712373778
0.1599885970
-0.0313253962
-0.0295815375
-0.1420288533
-0.0743872449
0.0573763773
0.0462836102
-0.0570169725
-0.0153100435
0.0770600960
-0.1797070950
-0.1669350117
-0.0220459364
0.0187136587
-0.0824133083
-0.0340820812
0.0095658209
-0.0011450941
-0.0120628998
0.0520717800
-0.1718156189
0.0242807306
-0.1382061392
0.0533181652
0.0927895233
0.0009737582
0.0520843230
0.0721306950
-0.0102814008
0.0342581123
-0.1193724126
0.1198104918
-0.0850055665
0.0506994501
-0.0013570146
-0.0074871294
-0.0191630200
-0.0328181684
0.0453382209
-0.1506555378
-0.4148191810
-0.0656435490
-0.0197261777
0.0209953748
-0.1452333182
-0.0183077324
-0.0646045953
0.0395914055
0.0219112374
0.0279569216
-0.3372833133
-0.1794380546
-0.1181972101
-0.0160450265
0.0080652582
0.1245053187
0.2039774805
0.0736598521
-0.1318954825
-0.0104586566
0.0088068200
0.0859025419
-0.0170151629
0.0526149534
0.0124318060
0.0322820358
0.0165280793
-0.0327524170
0.0182270352
0.0384404436
-0.0071862265
-0.0663797483
-0.2035163045
-0.0812038481
0.0342835188
0.0770609304
-0.0287848152
0.0477455221
0.0575698391
-0.0325660445
0.0409141108
0.0065945555
-0.0135110514
0.0982803032
-0.1003165990
-0.0025594216
-0.0933032408
-0.1189378500
0.1441299915
-0.0522271283
0.0394583754
0.1099242643
-0.0403918475
-0.0688224882
0.0442863330
-0.0164498501
0.0267355461
-0.0343539156
-0.0747909471
-0.0016640006
-0.0281448048
-0.1226391569
0.0164298005
-0.0757500231
-0.7769376040
-0.0124647021
-0.0618818030
0.0560974777
-0.3917461634
-0.0514538363
-0.0335922576
-0.1683419347
0.0470219068
0.0128572322
-0.4992916882
-0.0588495210
-0.0412982926
-0.0400038660
0.1218482926
0.0764050260
0.0720881298
0.0391712599
-0.1403431892
-0.0344334505
0.1031718478
0.1417720169
0.0259707961
-0.0100834370
-0.0467642024
0.0707979575
-0.0142866028
-0.0298648644
-0.0950191617
-0.0261932854
-0.0252617225
-0.0614312962
-0.1841637939
-0.0461199805
0.0122747142
0.0134487934
-0.0676292479
0.0159752667
-0.0068732314
0.0682387725
0.0455515310
0.0566766262
-0.0672692657
0.0647190660
-0.1454687715
-0.0506268404
0.0207421333
-0.1544833332
0.1244236380
-0.1048758850
0.1078392938
0.0743778795
-0.0108226631
-0.0037593611
0.1262187958
0.0148832677
0.0090221642
0.0273927432
-0.0527289659
0.0618000366
-0.0339500830
-0.1619799584
-0.0681916550
-0.1228622571
-0.4598109126
-0.0146492478
-0.0816021115
-0.0072149839
-0.4073076248
-0.1061424986
-0.0469428487
-0.1565321684
0.0439059362
-0.0008238210
-0.0816384628
-0.0183860213
-0.1239529476
-0.0305364467
0.0758005679
0.1111503392
0.0558682941
0.0153059922
-0.1735705137
-0.0507997088
0.0892467946
0.1983104050
0.0559742264
-0.0139849847
-0.0417614058
0.0925273523
0.0039240425
-0.0213062279
-0.0941353217
-0.0608105399
-0.0123950960
-0.0161440074
-0.1299862266
-0.0371436849
0.0352776274
0.0278437603
-0.0579687729
0.0009011871
-0.0509729162
0.1075885668
0.0476981252
0.0616350546
-0.0598231144
0.0611372441
-0.1323187351
-0.0308598634
0.0865025744
-0.0988360420
0.1392483413
-0.0898856223
0.0863135234
0.0440860577
0.0188943911
0.0370889977
0.1003257856
0.0414134338
0.0237550586
0.0121423239
-0.0248452853
0.0681607425
0.0142146414
-0.1548978686
-0.0817636028
-0.0934522524
-0.4113273621
-0.0239611175
-0.0982504785
-0.0096026203
-0.3496770859
-0.0869113058
-0.0262475014
-0.0909914076
0.0356299430
-0.0120621054
0.1470130831
-0.0054825349
-0.1371930987
-0.0201456677
0.0496055558
0.0752624571
0.0497747995
0.0523057133
-0.0458680168
-0.0542286821
0.0602851659
0.0484166630
0.0484634750
0.0233879574
-0.0110208113
0.0422289185
0.0411278978
0.0373089649
-0.0533379167
0.0139448978
0.0148811918
-0.0619508214
-0.1572519243
-0.0511719733
0.0606862344
0.0946477428
-0.0423781127
0.0861458555
0.0569686890
0.0073375013
0.0162634067
0.0589691028
-0.0516652502
0.1038535312
-0.0540662296
0.0078559499
-0.0896831378
-0.1228652298
0.1004008874
-0.0350994952
0.0734094307
0.0981703997
-0.0438125655
-0.0714642033
0.0833550245
-0.0441381596
-0.0169184692
-0.0113337794
-0.0626495257
0.0102045499
-0.0764860287
-0.1129741147
0.0682919845
-0.0725313202
-0.7214046717
-0.0739872232
-0.0145855276
-0.0007216541
-0.4073831439
-0.0023821830
-0.0428871959
-0.1121102348
0.0528267734
-0.0151941366
-0.6090252399
-0.1281314045
-0.0575700738
-0.0600828417
0.1253602207
0.0622892678
0.0938129649
0.0341528617
-0.0277358294
-0.1074726880
0.0225042906
0.0249776114
0.1120246351
-0.0083139557
-0.0132856248
0.0208526086
0.0623341128
0.0155888433
-0.0745536536
0.0134019796
0.0442639552
-0.0470875688
-0.1422492713
-0.0569317825
0.0788477957
0.1125474945
-0.0414524861
0.1377491504
0.0450989231
0.0430536978
0.0019533464
0.0823645294
-0.0368320160
0.1097683609
-0.0361104570
0.0291717090
-0.0885015056
-0.0890129805
0.0734962076
-0.0403531529
0.0583832934
0.0792076737
-0.0362346917
-0.0832573995
0.1014054194
-0.0390544720
0.0087828496
-0.0056791687
-0.0603728294
-0.0068342509
-0.0654489249
-0.1005500853
0.0657880902
-0.0610658750
-0.7377247214
-0.0634834543
-0.0135054458
-0.0276933797
-0.4372308850
0.0344629996
-0.0326983519
-0.0572818220
0.0394889675
-0.0033701619
-0.6627299786
-0.1232647970
-0.0419668593
-0.0674185902
0.1102336869
0.0527406000
0.1184078529
0.1219587624
0.0144762900
0.0643819571
0.0078467932
0.0183599442
0.0141225383
0.0879905745
0.1378538311
-0.0305134654
-0.0084567256
-0.2294077426
-0.0780680999
0.0916843638
0.0598941483
-0.0547799207
-0.0105140014
0.0513280258
-0.2053040564
-0.1594145298
-0.0138448104
0.0320968367
-0.0732178837
-0.0376954377
-0.0092272451
-0.0117086852
-0.0127717229
0.0455289967
-0.2186120600
-0.0015579144
-0.1718818694
0.0197129399
0.1206857711
0.0058730873
0.0601896346
0.0551878624
-0.0143784974
0.0417153127
-0.0868073255
0.1329797655
-0.0722717196
0.0960021392
-0.0105919652
0.0355211571
-0.0175752845
-0.0375535190
-0.0019119823
-0.1550281048
-0.3132301271
-0.0395289883
-0.0155209759
0.0388768464
-0.1564810574
-0.0525499582
-0.0755639151
-0.0242392719
0.0150754284
0.0425631739
-0.1683809310
-0.2066722065
-0.1001397893
-0.0338009782
-0.0197709426
0.1439408809
0.1939641535
0.0457498990
-0.0369768031
-0.1244983524
0.0163759459
0.0228358973
0.1006847396
-0.0245357547
0.0142299430
0.0209542867
0.0245749783
0.0194314308
-0.0865438730
0.0016332726
0.0546123311
-0.0573177710
-0.1733899266
-0.0332987867
0.0180046931
0.0538855419
-0.0511965044
0.0990092605
0.0055206977
0.0393483192
0.0198432691
0.0652051121
-0.0515030958
0.0886387825
-0.0250449087
0.0397746786
-0.0480843298
-0.0604700632
0.0406707563
-0.0636269599
0.0699842647
0.0555763580
-0.0394888818
-0.0914595276
0.0464104712
0.0182682760
-0.0209778789
0.0513429753
-0.0487178080
-0.0300378855
-0.0592478588
-0.0945356265
0.0442864597
-0.0820613652
-0.5881528258
-0.0711974651
-0.0213198010
-0.0295663849
-0.4270129204
0.0196544863
-0.0584094189
-0.0926024839
0.0436583869
0.0060209231
-0.5948729515
-0.0606566481
-0.0784087926
-0.0514963903
0.0807853043
0.0807608515
0.1317922026
0.0566350743
-0.0014093157
-0.1759814173
0.0021627224
-0.0049765254
0.0919750035
-0.0154968137
0.0016486305
-0.0045658508
0.0369273573
0.0550769828
-0.0669403002
0.0277682841
0.0654960796
-0.0792666972
-0.1447442174
-0.0592096336
0.0159238800
0.0501342528
-0.0641832575
0.1246888861
0.0207174700
0.0283105634
-0.0233816486
0.0681621879
-0.0383077413
0.1138236225
0.0578968488
0.0527995527
-0.0801496208
-0.0751452073
0.0042392183
-0.0930635855
0.0524920113
0.0845240578
-0.0450885333
-0.1243737191
0.0541872941
-0.0074315858
-0.0005548962
0.0533543378
-0.0997156054
-0.0522320867
-0.0969471186
-0.0735181123
0.0260139741
-0.0664218366
-0.7282722592
-0.0343797840
-0.0179270711
-0.0014468296
-0.4355437160
0.0720536560
-0.0554007664
-0.0963788033
0.0352842696
0.0477307774
-0.7264233232
-0.0463383310
-0.0366523676
-0.0466654152
0.0814560354
0.0922657102
0.1236079186
0.0753537863
-0.0372591391
-0.1221748963
0.0115285683
0.0124742938
0.0398911573
0.0225139484
0.0178001411
-0.0104658231
0.0261741541
0.0295468457
-0.0283653028
0.0508399345
0.0444594137
-0.0847140178
-0.1326702386
-0.0604426824
-0.0115993442
0.0277963448
-0.0526240617
0.0894853771
0.0425714776
-0.0274513289
-0.0153086446
0.0359990299
-0.0172476284
0.1158965081
0.0272371415
0.0401072688
-0.1142615899
-0.0787470192
0.0368144363
-0.0782222226
0.0474607907
0.1054542884
-0.0455025695
-0.1061312407
0.0183621123
-0.0109334327
0.0138247209
0.0191638209
-0.0946159735
-0.0417154133
-0.0675335079
-0.0775579512
0.0311917122
-0.0693632290
-0.7881512046
-0.0167299137
-0.0321512073
0.0462294631
-0.4069513083
0.0516133271
-0.0566745475
-0.1178685799
0.0421338230
0.0415696464
-0.7002562284
-0.0386996530
-0.0372433700
-0.0418253429
0.0953420252
0.1006168053
0.1034439951
0.0537489019
-0.0908968002
-0.1143119261
-0.0248927865
0.0552920364
0.0888682678
0.0094563263
0.0087361140
0.0016393153
0.0544381775
0.0391244069
-0.0076259030
0.0520525388
0.0572037883
-0.0246677101
-0.1267808378
-0.0763628855
0.0649603158
0.1103596911
-0.0447551087
0.1200749427
0.0772994757
-0.0248747170
0.0071039768
0.0390163027
0.0071971822
0.1304518133
0.0366920605
0.0393652208
-0.0967733264
-0.0718780160
0.0793948844
-0.0390825011
0.0239358265
0.0927686989
-0.0327250920
-0.1227496788
-0.0076820101
-0.0460284576
0.0549595505
-0.0292749703
-0.0531276315
-0.0344959274
-0.0165498741
-0.0845462158
0.0498383269
-0.0394141600
-0.9448648095
-0.0122493580
-0.0303030889
0.0321057178
-0.4044164121
0.0461521558
-0.0320416726
-0.0746179670
0.0384863652
-0.0115264822
-0.7866786718
-0.0489417575
-0.0083063468
-0.0751244426
0.1204402223
0.0930137187
0.1039539352
0.0287978929
-0.0810733214
-0.1025415882
-0.0146312229
0.0322309546
0.1004948169
0.0123989945
0.0068874764
0.0197204947
0.0715474784
0.0500822626
-0.0234072916
0.0413746536
0.0749005154
-0.0265769977
-0.1264332980
-0.0762269422
0.0939119682
0.1155448705
-0.0293246042
0.1223647147
0.0938417241
-0.0142350914
0.0169340335
0.0429290719
0.0076346919
0.1267007738
0.0113544315
0.0395620577
-0.1099016964
-0.0760375857
0.0619464591
-0.0077617080
0.0436289795
0.0857166126
-0.0380381010
-0.1209767461
-0.0007960659
-0.0697254613
0.0252909269
-0.0113202296
-0.0470435247
-0.0380077884
-0.0199008062
-0.0910567567
0.0762391537
-0.0427764654
-0.8652441502
-0.0303454828
-0.0177154560
0.0169175826
-0.4085849822
0.0377346054
-0.0354506783
-0.0693112388
0.0292527787
-0.0144968955
-0.7743238807
-0.0760890841
-0.0032289177
-0.0753480494
0.1234081015
0.0961883143
0.1049447432
0.0043289270
-0.0007619963
-0.1172422245
-0.0251226183
-0.0107107637
0.1474581808
-0.0149363223
-0.0117096109
0.0397201441
0.0976458341
0.0460304841
-0.0641021430
0.0303054415
0.0859555751
-0.0305467770
-0.1337382942
-0.0659058169
0.1031074747
0.1544087082
-0.0322981477
0.1861345619
0.0482041538
0.0132748699
-0.0191155300
0.1092994213
-0.0238508638
0.1077980474
0.0232412871
0.0554842651
-0.0991717726
-0.0702731311
0.0396079868
-0.0076830145
0.0510077439
0.0524216741
-0.0544421375
-0.1302504092
0.0278737228
-0.0469150990
-0.0281834975
0.0594090521
-0.0474946946
-0.0225449055
-0.0854196623
-0.0424908549
0.0879196897
-0.0006996925
-0.6794278622
-0.0950085968
0.0196507182
-0.0430648960
-0.4172303677
0.0529599674
-0.0462666452
-0.0597744398
0.0165814217
-0.0174214114
-0.7235343456
-0.1389529258
0.0011714662
-0.0859954134
0.0854891315
0.0642546043
0.1301394850
0.1297153085
-0.0081448508
0.0332748406
0.0158158429
0.0156973470
0.0086142598
0.0975447744
0.1600832045
-0.0311812963
-0.0194908157
-0.1350909770
-0.0563140810
0.0610393696
0.0322592482
-0.0627254099
-0.0270103998
0.0613980852
-0.1690474004
-0.1724641621
-0.0091786096
0.0124260820
-0.0690595508
-0.0420504771
0.0106682414
-0.0224853102
-0.0103378929
0.0507205501
-0.1907712519
0.0171843171
-0.1380635500
0.0446863510
0.1136830747
0.0108486395
0.0449108556
0.0852851272
-0.0105158268
0.0428999849
-0.1205709130
0.1022131070
-0.0832378864
0.0450983234
-0.0150703043
0.0031002595
-0.0231234487
-0.0391077287
0.0328800417
-0.1545271426
-0.4170363247
-0.0532316528
-0.0268156212
0.0407349281
-0.1358426511
-0.0300162677
-0.0741531253
0.0221380144
0.0180143435
0.0355584994
-0.2922416925
-0.1642866731
-0.1041438580
-0.0120052416
0.0128703155
0.1219653487
0.1786191314
0.0796006620
-0.0691471398
-0.0381888188
0.0306373276
0.0421548374
0.0201539565
0.0483536161
0.0272383150
0.0114006847
0.0119882394
-0.0494758710
-0.0455538407
0.0388067439
0.0130319744
-0.0726174936
-0.1697974950
-0.0390955843
-0.0323152579
0.0014660971
-0.0262619983
0.0631485358
0.0147757437
-0.0226881392
0.0028103320
0.0265096575
-0.0321782045
0.0809698179
-0.1056473479
0.0144106885
-0.1232582405
-0.0860681832
0.0982593819
-0.0496603996
0.0659974143
0.0853095427
-0.0459903367
-0.0459615849
0.0331775136
0.0081133302
-0.0234607477
0.0133277066
-0.0754112601
0.0027870105
-0.0474972799
-0.1011220068
0.0232361574
-0.1064381823
-0.5994460583
-0.0262452699
-0.0306130685
0.0075121066
-0.3711987436
-0.0382230096
-0.0556411333
-0.1184138358
0.0365742035
0.0135328118
-0.4380824864
-0.0913382620
-0.0667293519
-0.0396244302
0.0792077556
0.0914665237
0.0985783637
0.1031496152
-0.0928485468
-0.0238627028
0.0874073133
0.0855205730
-0.0178203136
0.0447819456
0.0327624157
0.0308477674
-0.0329249650
-0.0463326052
-0.0545716695
0.0271121487
-0.0156143056
-0.0772091672
-0.1969977319
-0.0233418196
-0.0645260215
-0.0381893516
-0.0490846410
-0.0046957098
-0.0182212722
0.0143849198
0.0501599126
0.0046909470
-0.0495101847
0.0637386069
-0.1542342901
-0.0110091716
-0.0420009047
-0.1181646660
0.1243631914
-0.0724027604
0.0858041495
0.1042609438
-0.0223481357
-0.0203188322
0.0530176982
0.0323823281
-0.0218236074
-0.0016406396
-0.0529500432
0.0361708291
-0.0447484031
-0.1349566877
-0.0136672845
-0.1620973945
-0.4924456477
-0.0202754699
-0.0643564388
0.0370565094
-0.3602908254
-0.0900713950
-0.0623160638
-0.1627262831
0.0484693088
0.0231246948
-0.3002198637
-0.0527562909
-0.1123663783
-0.0156936776
0.0773052275
0.1142255440
0.0903855339
0.0118297823
-0.1406423002
0.0005567950
0.0794207081
0.1640684158
0.0229736343
0.0071580163
-0.0551682413
0.0920830742
0.0109841507
-0.0585486665
-0.0676213577
-0.0252220724
-0.0059349481
-0.0361776091
-0.1253112555
-0.0635192096
0.0087142438
0.0289957840
-0.0516390316
0.0310685430
-0.0081320843
0.0561272502
0.0196955465
0.0612613373
-0.0544179417
0.0648577586
-0.1319708526
-0.0492092334
0.0170398057
-0.1384708583
0.1226810589
-0.0822978988
0.1098902896
0.0553191490
-0.0197649263
0.0261258148
0.1138365567
0.0239746831
0.0134250475
0.0486668907
-0.0370341018
0.0792959183
-0.0102247465
-0.1349154413
-0.0752889961
-0.0730709210
-0.3896409273
-0.0091898013
-0.0850131959
0.0022961891
-0.3842009306
-0.1105781272
-0.0314644240
-0.1672469378
0.0233006813
0.0026630599
0.1828915477
-0.0508219041
-0.1057526916
-0.0362680368
0.0580860861
0.1067607328
0.0459109470
-0.0111460667
-0.1485703290
0.0102830008
0.0774314031
0.1722240448
0.0191501118
0.0122023420
-0.0643120334
0.1007971168
0.0303041451
-0.0636482388
-0.0536265261
-0.0314695537
-0.0038503667
-0.0322698429
-0.0752550587
-0.0713369623
0.0222053621
0.0320069119
-0.0389689878
0.0393818244
0.0011189078
0.0594932586
0.0002839199
0.0626220852
-0.0542267784
0.0666343942
-0.1287074089
-0.0632188171
0.0271155667
-0.1214892641
0.1137874052
-0.0702926219
0.0949318931
0.0490393490
-0.0120413825
0.0380076580
0.1051788405
0.0170708355
0.0189266168
0.0606583729
-0.0445059873
0.0816397220
0.0088832816
-0.1179398969
-0.1026581600
-0.0365173332
-0.3568087220
0.0004974054
-0.0898705274
0.0132280132
-0.3570520282
-0.1041553542
-0.0324642174
-0.1488961130
0.0112162605
0.0132045392
0.3364964128
-0.0574818887
-0.0977822319
-0.0381377153
0.0536365695
0.1044922844
0.0370947346
-0.0223808568
-0.1389917284
0.0023281637
0.0647041872
0.1606270820
0.0513162315
-0.0251950696
-0.0708334967
0.1072063595
0.0519813932
-0.0744082779
-0.0791556239
-0.0440589599
-0.0034885795
-0.0270538367
-0.0542110242
-0.0753999799
0.0190342460
0.0503304861
-0.0454955548
0.0730497912
-0.0101043694
0.0568122603
0.0167022385
0.0656170547
-0.0717137605
0.0621645860
-0.1363888979
-0.0685771555
0.0179216713
-0.1091481596
0.1030034721
-0.0442702807
0.0974733680
0.0364410579
-0.0051452848
0.0451553017
0.1438499391
0.0262066368
0.0168795567
0.0832912102
-0.0178731009
0.0771429762
0.0110509275
-0.1162154451
-0.0786637440
-0.0330074728
-0.2734533548
-0.0435898341
-0.0949532464
-0.0271973461
-0.3260330856
-0.0894605294
-0.0067455876
-0.1228310242
0.0193183813
0.0090558426
0.3634885550
-0.0813284665
-0.1269428730
-0.0421382897
0.0295735411
0.0953095406
0.0661184192
0.0314207524
-0.0735775754
-0.0210881419
0.0194591563
0.0138732782
0.0722877979
0.0080024349
0.0179691464
0.0379413813
0.0350628197
-0.0004500863
-0.0294710174
0.0250824653
0.0150285428
-0.0420675427
-0.1516522318
-0.0502301455
0.0910140797
0.1276360601
-0.0387397446
0.1122969836
0.0717521757
-0.0349236131
0.0373500548
0.0585880913
-0.0045535513
0.1022651717
-0.0648439303
0.0031347927
-0.1175719649
-0.1130528152
0.0928624123
0.0108736120
0.0716129839
0.0943090990
-0.0499725305
-0.0646014884
0.0597653501
-0.0460510105
0.0171973649
-0.0342938304
-0.0103226369
-0.0156046217
-0.0164980590
-0.0734311491
0.1111712903
-0.0326594040
-0.7237464190
-0.0769254938
-0.0254369676
0.0320226699
-0.4379161298
-0.0093084145
-0.0170274675
-0.1009020284
0.0527528115
-0.0290145688
-0.6651768088
-0.1266354918
-0.0581634194
-0.0547719635
0.1347502917
0.0715993494
0.1098553836
0.0172890760
0.0484710671
-0.0543703847
0.0045811334
-0.0351170264
0.0867383480
0.0283714030
-0.0063899164
0.0138591500
0.0856114849
0.0364702009
-0.0191048346
0.0223622918
0.0333962329
-0.0542380176
-0.0735027641
-0.0537312515
0.1049211621
0.1210295558
-0.0196479242
0.1562670320
0.0786210746
-0.0319914557
-0.0300922040
0.0946556106
0.0059788288
0.1263763309
-0.0026700441
0.0128989294
-0.1549034119
-0.1000650525
0.0295453202
0.0178305674
0.0562547259
0.1057065055
-0.0697369948
-0.0739750862
0.0780022293
-0.0995475128
0.0078149270
0.0069038109
-0.0531962663
-0.0141329598
-0.0802390873
-0.0415222496
0.1024646759
-0.0014652907
-0.8117989302
-0.0709266290
0.0313209258
0.0387544036
-0.4161705673
0.0958470479
-0.0244867187
-0.0215006154
0.0230018981
0.0118827373
-0.8028510213
-0.1465083063
0.0125185568
-0.0578585416
0.1025577262
0.0442770608
0.1085048988
0.0716127604
-0.1028170884
-0.0504204407
0.0098524950
0.0765188709
-0.0118708219
0.0506550819
0.0002063474
0.0226460453
0.0360756367
-0.0305834487
0.0052197017
0.0546493530
0.0207955968
-0.0482538156
-0.1604613513
-0.0878106877
0.0053743827
0.0572261363
-0.0349482447
0.0649326965
0.0620555282
-0.0336500518
0.0089519322
0.0067348406
-0.0121946391
0.1123237237
-0.0289951079
0.0156076904
-0.1041028574
-0.1005121246
0.1079306006
-0.0684873760
0.0422693379
0.1118816435
-0.0381994806
-0.1008298844
0.0234781560
-0.0165993888
0.0263311341
-0.0058673248
-0.0776019022
0.0094120149
-0.0348423980
-0.1069817990
-0.0111325802
-0.0582464300
-0.8537046313
0.0019200916
-0.0500196815
0.0429565012
-0.3848031461
-0.0136913043
-0.0487747826
-0.1633254588
0.0354846492
0.0222289618
-0.5515427589
-0.0424762219
-0.0217201877
-0.0633198172
0.1020525768
0.0995619968
0.0738414600
0.0826138556
-0.0987059176
-0.0714659542
0.0327891633
0.0714855716
0.0153077375
0.0297237039
0.0260526575
0.0177873354
-0.0023568459
-0.0077458369
-0.0334911570
0.0343865529
0.0104916953
-0.0552455075
-0.1605488360
-0.0459246561
-0.0102806250
0.0137764392
-0.0489993766
0.0380149186
0.0246903505
-0.0067675551
0.0298693646
0.0135096023
-0.0218205098
0.0966123790
-0.0535041168
0.0202997401
-0.0635345280
-0.0968483984
0.0999459624
-0.0794517696
0.0626835674
0.1120428666
-0.0247769468
-0.0691165105
0.0213379990
0.0002598410
0.0100929243
-0.0191311780
-0.0548096783
0.0060516768
-0.0375967175
-0.1125391945
0.0093386211
-0.1043921486
-0.7529632449
-0.0142785031
-0.0612374879
0.0294973701
-0.3790606558
-0.0215545837
-0.0494881496
-0.1222365350
0.0441333838
0.0124063799
-0.5414876938
-0.0318461061
-0.0707251281
-0.0458613932
0.0973415971
0.1076994166
0.0887339115
0.0893840268
-0.0963014215
-0.0602688827
0.0342751443
0.0698278248
0.0023133948
0.0424996391
0.0357497223
0.0188902151
-0.0067124367
-0.0040492816
-0.0219672043
0.0365612805
0.0057407222
-0.0584512167
-0.1551647633
-0.0410077199
-0.0167596862
0.0042618876
-0.0455401093
0.0300899688
0.0248303935
-0.0247420240
0.0320484377
0.0063158134
-0.0211379286
0.0946521610
-0.0585848577
0.0173729714
-0.0738710165
-0.0989847481
0.1022397131
-0.0688396990
0.0646269470
0.1171712875
-0.0270278081
-0.0594245270
0.0078677470
-0.0027232915
0.0006410470
-0.0237943809
-0.0563415885
0.0018034977
-0.0382779539
-0.1063746661
0.0211358406
-0.1058560684
-0.7470623255
-0.0170794725
-0.0562302582
0.0418352745
-0.3667877614
-0.0219682846
-0.0492920019
-0.1221487150
0.0455433950
0.0114473337
-0.5425596833
-0.0375841931
-0.0693697333
-0.0397081971
0.0982991382
0.1066252142
0.0886191875
0.0785192326
-0.0985024497
-0.0797146633
0.0291969217
0.0776377767
0.0278767534
0.0251462869
0.0258966666
0.0202229377
-0.0027483737
-0.0028285289
-0.0376110189
0.0248475429
0.0092133675
-0.0468468443
-0.1631490886
-0.0419270843
0.0032294460
0.0212184098
-0.0473114178
0.0460279696
0.0218361858
-0.0014141885
0.0327774733
0.0206033066
-0.0223791301
0.0955202505
-0.0493349209
0.0240884628
-0.0590122975
-0.0969342366
0.1011463329
-0.0794665515
0.0661234483
0.1053290740
-0.0238753539
-0.0638324320
0.0255827047
-0.0031120982
0.0088297781
-0.0230900887
-0.0501646996
0.0016092281
-0.0393953584
-0.1088204682
0.0161100272
-0.1019374505
-0.7597309351
-0.0186365377
-0.0596228428
0.0194098949
-0.3895863891
-0.0159145389
-0.0443300232
-0.1080585122
0.0440452658
0.0028203784
-0.5515060425
-0.0309891272
-0.0754606500
-0.0481259711
0.0959416628
0.0970853344
0.0898788422
0.0703312084
-0.0879164860
-0.0885588899
0.0133770509
0.0698668808
0.0430754051
0.0351281799
0.0192424394
0.0097577786
0.0308404490
0.0180005673
-0.0161489341
0.0434520096
0.0174044240
-0.0389882550
-0.1431101263
-0.0628787130
0.0289439149
0.0728717968
-0.0406124815
0.0877190083
0.0576863810
-0.0262534954
0.0042158174
0.0347606614
-0.0056353007
0.1179607064
-0.0040368829
0.0334254839
-0.0945185944
-0.0834375620
0.0964743942
-0.0581184402
0.0496060178
0.1067934558
-0.0367095917
-0.0932221487
0.0130054951
-0.0276210029
0.0292300731
-0.0330162980
-0.0601920001
-0.0097105671
-0.0409693085
-0.0844184235
0.0412161388
-0.0523900874
-0.8874270916
-0.0152969491
-0.0502255782
0.0231579579
-0.4033270478
0.0160922278
-0.0404724106
-0.1055737212
0.0441678315
-0.0096175000
-0.6761612296
-0.0510489717
-0.0418962240
-0.0631062016
0.1164018884
0.0867015645
0.0849096626
0.0704865679
-0.0760909095
-0.0876429603
0.0236074626
0.0705328882
0.0436788499
0.0379160009
0.0168632306
0.0054007219
0.0320723578
0.0200286508
-0.0289419275
0.0368323587
0.0086817946
-0.0504902340
-0.1376421750
-0.0542102866
0.0300285183
0.0675563663
-0.0409250744
0.0887004286
0.0528437383
-0.0160104502
-0.0009330653
0.0457255654
-0.0098641384
0.1169992611
-0.0114939744
0.0330777541
-0.0978008062
-0.0869565457
0.0984972194
-0.0616291799
0.0530568808
0.1089730933
-0.0353545509
-0.0828195065
0.0275685564
-0.0286720954
0.0238790307
-0.0324860066
-0.0690372586
-0.0089475680
-0.0542430058
-0.0869766325
0.0480212048
-0.0570034757
-0.8817481399
-0.0202547871
-0.0521218851
0.0158960428
-0.4091813564
0.0212633349
-0.0439835675
-0.0965014026
0.0435505211
-0.0059818802
-0.6783509851
-0.0584924966
-0.0483937450
-0.0617530979
0.1156660095
0.0828526542
0.0827377960
0.1448181123
0.0141177084
0.0513330624
0.0154387280
0.0114811370
0.0327077359
0.0833949298
0.1920627058
-0.0319768861
-0.0423967466
-0.1827952564
-0.0805561915
0.0642636940
0.0335301273
-0.0498268902
0.0126852561
0.1015019715
-0.2201575637
-0.2145185620
-0.0248656627
0.0056001814
-0.1077457964
-0.0352180414
0.0164813232
-0.0097773746
-0.0032480718
0.0402890928
-0.2254157215
0.0202818140
-0.1356433481
0.0794189721
0.1202329919
0.0281041898
0.0602468140
0.0702816769
-0.0035494897
0.0762719214
-0.1435703188
0.1492695510
-0.0984289721
0.0553510301
0.0258785300
0.0156349726
-0.0139855668
-0.0226238091
0.0525116101
-0.1661409736
-0.3448630273
-0.0788013414
-0.0305465590
0.0227336287
-0.0788941383
-0.0452852026
-0.0654817000
0.0602706969
0.0160240326
0.0273609031
-0.2489743233
-0.2087835819
-0.1295340061
-0.0035982744
-0.0077795675
0.1321084052
0.2231347114
0.0605337545
-0.0891767144
-0.0426899306
0.0181813724
0.0539893135
0.0235579032
0.0475638248
0.0039843433
0.0199005194
0.0322228186
-0.0192564148
-0.0319789872
0.0242299624
0.0030453794
-0.0666835383
-0.1925765723
-0.0676552802
0.0301422495
0.0486388355
-0.0196516886
0.0884652510
0.0474980511
-0.0147808259
0.0067400732
0.0281995554
-0.0242205244
0.0918340236
-0.0906133577
0.0232488718
-0.1141897142
-0.0936378539
0.1028452814
-0.0380979888
0.0581569225
0.0897963718
-0.0494077913
-0.0575197898
0.0642914027
-0.0308953729
-0.0029961651
-0.0031526498
-0.0827412233
-0.0049253386
-0.0516972318
-0.1056785136
0.0326288044
-0.0777011216
-0.6963235140
-0.0285877716
-0.0413070805
0.0103882235
-0.4048130214
-0.0253129862
-0.0445199907
-0.1243119985
0.0367083065
0.0102489498
-0.5072841644
-0.0722003058
-0.0448382348
-0.0384025387
0.1073847711
0.0625467002
0.0834696740
0.0841674656
-0.0709925145
-0.0533946529
0.0629182309
0.1117894500
-0.0348981246
0.0576804094
0.0267188121
0.0136068184
0.0303550940
-0.0652882382
-0.0523582287
0.0336310081
0.0297118165
-0.0551393740
-0.1793399602
-0.0455941707
-0.0682298467
-0.0157105625
-0.0484814383
0.0162594412
-0.0197882727
0.0121246045
0.0250377599
-0.0177019946
-0.0394262969
0.0792884827
-0.0804646313
0.0278697163
-0.0649137199
-0.0608561411
0.1104590446
-0.0872249678
0.0495188013
0.0978725329
-0.0129542463
-0.0407575071
0.0538215749
0.0647123456
0.0017118248
0.0023271656
-0.0844814479
0.0291673820
-0.0569319129
-0.1326535344
-0.0405922383
-0.1260717511
-0.5971014500
-0.0027062760
-0.0499031767
0.0408796407
-0.3535532951
-0.0335885249
-0.0558342002
-0.1375656873
0.0284725241
0.0429790355
-0.3280536234
-0.0250259303
-0.0567616373
-0.0264496487
0.0373178869
0.0941333696
0.0876010433
0.0922816396
-0.0883085728
-0.0038368937
0.0107186716
0.0796947628
-0.0289953090
0.0883564204
-0.0150357494
0.0288119912
0.0775521174
-0.0355559550
0.0433515199
0.0809853673
0.0073980475
-0.0300367195
-0.1673419625
-0.1221093833
0.0209313128
0.1223594919
-0.0301963277
0.1020530015
0.1044081450
-0.0713192672
-0.0103166811
0.0050459262
-0.0045606056
0.1372738332
-0.0320766531
0.0282984693
-0.1693224162
-0.0833423734
0.1364362091
-0.0085932370
0.0275716539
0.1163203716
-0.0566066392
-0.1169466451
0.0448451117
-0.0328883827
0.0524147972
-0.0392675400
-0.0907294899
0.0080279605
-0.0449231714
-0.0916472226
0.0371386819
-0.0041596722
-0.9809234142
-0.0192532353
-0.0488830246
0.0478687063
-0.3851523399
-0.0138403764
-0.0316270925
-0.2068646848
0.0457750931
0.0031143776
-0.6366983056
-0.1037641987
0.0230517630
-0.0590069108
0.1423375458
0.0477725975
0.0828846246
0.0778131485
-0.0713565573
-0.0189434588
0.0869494081
0.1032381505
0.0565061048
-0.0110523580
-0.0030153957
0.0357784852
-0.0214686655
-0.1261927187
-0.1330391020
0.0188577306
0.0184939392
-0.0702885017
-0.1879721731
-0.0157564227
-0.0895737112
-0.0324204974
-0.0770411715
0.0419865362
-0.0442933626
0.0689489618
0.0504407249
0.0616729781
-0.0648334920
0.0583693236
-0.1938126832
-0.0236721113
-0.0492899418
-0.1284567863
0.1283395439
-0.0894413143
0.1354457885
0.0601347685
-0.0334646888
-0.0068450929
0.1137430966
0.0742215812
-0.0210839175
0.0741142556
-0.0173241422
0.0794017613
-0.0515108667
-0.1632982045
-0.0165714044
-0.1739434302
-0.3766245246
-0.0490403995
-0.0684453696
-0.0460937321
-0.4040533304
-0.1094449908
-0.0578221940
-0.1712456644
0.0401622094
0.0155552570
-0.2163871527
-0.1033569574
-0.1425909698
-0.0422000214
0.0391085036
0.1400515586
0.1245063841
0.0507060289
-0.0959602147
-0.0163210239
0.0431767479
0.0753115490
0.0441677235
0.0171584263
-0.0066841044
0.0371130258
0.0133318994
-0.0710253045
-0.0661923513
0.0219570231
0.0010450565
-0.0552194901
-0.1835046560
-0.0568238683
0.0096589234
0.0409180038
-0.0388854779
0.0765484348
0.0197292697
0.0181485936
0.0204387102
0.0492508411
-0.0282996073
0.0803898498
-0.1361478418
-0.0106566977
-0.0786296502
-0.1095176563
0.1163599268
-0.0503165871
0.0948457792
0.0748420209
-0.0400421806
-0.0389698148
0.0857601017
-0.0009338183
0.0078686224
0.0220700689
-0.0354272872
0.0355515629
-0.0304174498
-0.1187199950
0.0087433541
-0.0890551284
-0.5684722066
-0.0316644274
-0.0569608323
-0.0088697150
-0.4093977809
-0.0699001923
-0.0349323452
-0.1426614374
0.0394925699
-0.0010410220
-0.3418005705
-0.0960871577
-0.0880045891
-0.0453920327
0.0782797933
0.0929593891
0.0933673605
0.0247272924
-0.1194718555
-0.0054660891
0.0645900741
0.1212374568
0.0140542509
0.0078084334
-0.0334768295
0.0540684387
0.0114009148
-0.0841519013
-0.0742560253
-0.0018523872
0.0000074513
-0.0559360422
-0.1444708407
-0.0608563982
-0.0132427039
0.0097795138
-0.0546488948
0.0356680863
0.0025849955
0.0371627659
0.0129908221
0.0397972651
-0.0325781330
0.0702501908
-0.1291062236
-0.0444672331
-0.0271804761
-0.1107772440
0.1059898362
-0.0910531208
0.1010562405
0.0681846961
-0.0232427698
-0.0052419063
0.1028794572
0.0282408614
0.0232622232
0.0473359488
-0.0479552187
0.0612986460
-0.0235100910
-0.1327488869
-0.0744072795
-0.0825532451
-0.4539668858
0.0050356891
-0.0756036043
0.0074700993
-0.3976410031
-0.0914577991
-0.0445540994
-0.1536809653
0.0256900191
0.0116001358
-0.0172799248
-0.0374375395
-0.0875615850
-0.0414492115
0.0477454327
0.1114197969
0.0582963526
0.0707686990
-0.0722314864
-0.0315406807
0.0503361039
0.0748147592
0.0295790713
0.0226854105
0.0319508351
0.0185921639
-0.0039840853
-0.0599900708
-0.0755132884
0.0114716319
0.0020057105
-0.0571358390
-0.1563019753
-0.0227522943
-0.0398843400
-0.0228614304
-0.0489807613
0.0354696326
-0.0129835820
0.0138404230
0.0227847248
0.0301259756
-0.0230487268
0.0730305761
-0.1250046045
-0.0045221802
-0.0606757961
-0.0603174269
0.1025924608
-0.0647436753
0.0847685859
0.0826035067
-0.0272862073
-0.0195760150
0.0477635004
0.0318016931
-0.0011707391
0.0140974075
-0.0347072817
0.0253529772
-0.0420629680
-0.1088293567
-0.0023078797
-0.1166827157
-0.5485705733
-0.0253597591
-0.0534899235
0.0025275634
-0.3579078317
-0.0467907637
-0.0491486937
-0.0857075825
0.0365894027
0.0043088882
-0.3477226496
-0.0577831566
-0.0944636464
-0.0309716798
0.0575907864
0.0943662822
0.0986718684
0.0713662505
-0.1216869131
-0.0703816712
-0.0423071682
0.0692482665
0.0003893207
0.0510634743
-0.0114285462
0.0137519920
0.0756469965
-0.0495682992
0.0416178256
0.0767749175
0.0443001129
-0.0124921268
-0.1339047998
-0.1269802749
0.0309143309
0.1130077466
-0.0261989105
0.1175543070
0.1095920205
-0.0625024661
-0.0173960477
0.0034254971
0.0145118143
0.1470244229
0.0415487476
0.0478248447
-0.1470671296
-0.0688145608
0.1107430756
-0.0497357920
0.0012781543
0.1050093770
-0.0401369929
-0.1620941907
-0.0037648627
-0.0259475615
0.0678127259
-0.0260253903
-0.0774773434
0.0003649701
-0.0111207087
-0.0852306709
-0.0151532451
0.0100114373
-1.1059850454
0.0101798801
-0.0575849302
0.0410525091
-0.3753226101
0.0290308036
-0.0360688977
-0.1653757542
0.0301999580
0.0104989242
-0.7057234645
-0.0407895818
0.0260198992
-0.0938292965
0.1232641041
0.0727084875
0.0807159021
0.0830499157
-0.1263040453
-0.0591536313
-0.0398860574
0.0709756613
-0.0166571401
0.0646443292
-0.0213216599
0.0142915640
0.0812405795
-0.0573539026
0.0502171740
0.0906218141
0.0420643538
-0.0175908413
-0.1391308308
-0.1438887864
0.0176782757
0.1112504601
-0.0273253527
0.1197256148
0.1131982058
-0.0746283829
-0.0273658615
-0.0041394392
0.0072197723
0.1518416852
0.0367941968
0.0496882200
-0.1651252657
-0.0752824247
0.1187170595
-0.0492069498
-0.0024739883
0.1136458144
-0.0450221784
-0.1701208353
-0.0003922112
-0.0218121223
0.0682589263
-0.0286522042
-0.0978912339
0.0110507840
-0.0150136836
-0.0938808173
-0.0217361934
0.0129243834
-1.1202495098
0.0133450581
-0.0635409132
0.0444923192
-0.3655881882
0.0229305867
-0.0399319790
-0.1935286969
0.0310543235
0.0214236099
-0.6843202710
-0.0468714871
0.0415878147
-0.0862874240
0.1307381392
0.0769537315
0.0792099983
0.0922359973
-0.1298067868
-0.0488159806
-0.0408062823
0.0782215372
-0.0352837183
0.0717740953
-0.0247691423
0.0248215161
0.0795145035
-0.0696805567
0.0629002079
0.0941435844
0.0400180295
-0.0211529098
-0.1473536491
-0.1536105722
0.0088748047
0.1057757810
-0.0280961525
0.1142145693
0.1139265224
-0.0865846723
-0.0254232269
-0.0114090182
0.0004989541
0.1521948278
0.0286394600
0.0460307598
-0.1728251278
-0.0884697735
0.1304048449
-0.0503497124
-0.0034393980
0.1174971163
-0.0471808203
-0.1663364023
0.0070912843
-0.0173840337
0.0648493618
-0.0317809321
-0.1116368845
0.0154406317
-0.0205618851
-0.0980881825
-0.0297567509
0.0080929566
-1.1188993454
0.0125298565
-0.0655411333
0.0516284704
-0.3611211777
0.0151564078
-0.0400101170
-0.2170178145
0.0294631422
0.0317054428
-0.6554457545
-0.0496756770
0.0491555072
-0.0791580826
0.1321000904
0.0756461173
0.0801604092
0.0944235772
-0.1281988621
-0.0393520333
-0.0387001932
0.0825544521
-0.0522316210
0.0806721523
-0.0286190268
0.0335360579
0.0841026381
-0.0787606761
0.0748839378
0.0973909125
0.0375865549
-0.0227104165
-0.1505773813
-0.1638355255
0.0022698769
0.1049655974
-0.0240052398
0.1123256534
0.1204415336
-0.0986739621
-0.0310067423
-0.0152162146
-0.0048161247
0.1534129977
0.0256776065
0.0368433781
-0.1849648058
-0.0936270803
0.1358807385
-0.0519551411
-0.0061722654
0.1190309003
-0.0541205071
-0.1685763001
0.0072564832
-0.0185988862
0.0596222058
-0.0243498087
-0.1236921474
0.0179622322
-0.0239187013
-0.0978804380
-0.0392813720
0.0120194349
-1.1226909161
0.0150902821
-0.0626197085
0.0528138503
-0.3560181260
0.0116896518
-0.0450807698
-0.2337773442
0.0260563362
0.0382330269
-0.6297748089
-0.0543979853
0.0606709123
-0.0806529596
0.1325933933
0.0768629014
0.0754319131
0.0965452492
-0.1205911785
-0.0249207672
-0.0361167714
0.0834723487
-0.0698929429
0.0962901860
-0.0345155187
0.0374449193
0.0937106013
-0.0831805170
0.0832670256
0.1024042219
0.0342597887
-0.0260566194
-0.1522028744
-0.1730782241
-0.0007729243
0.1023442075
-0.0201778002
0.1112809032
0.1249419823
-0.1069182009
-0.0376173221
-0.0232465100
-0.0112881791
0.1551647633
0.0212057494
0.0322910100
-0.1965303421
-0.0963231996
0.1387122273
-0.0531800762
-0.0034596690
0.1262339503
-0.0621607266
-0.1679381132
0.0100868568
-0.0223273970
0.0521903820
-0.0177895296
-0.1404069364
0.0205759499
-0.0315722115
-0.0998940393
-0.0443062671
0.0149945738
-1.1231455803
0.0167011656
-0.0574252829
0.0535034463
-0.3524004817
0.0118048517
-0.0494340733
-0.2496566325
0.0229766555
0.0487568863
-0.6101179719
-0.0614306107
0.0768977329
-0.0768468007
0.1316450089
0.0788494274
0.0723235905
0.0942733213
-0.1227561831
-0.0209279396
-0.0361928754
0.0808214620
-0.0613945238
0.0931387097
-0.0329867378
0.0327330753
0.0915968344
-0.0797232315
0.0792534128
0.1004221216
0.0303433444
-0.0256778095
-0.1521455944
-0.1733713001
0.0063367309
0.1075251922
-0.0186003074
0.1115888581
0.1255244464
-0.1039427295
-0.0427921638
-0.0205975603
-0.0089298440
0.1559686810
0.0172786377
0.0288621075
-0.1929224133
-0.0895439684
0.1380152702
-0.0521054529
-0.0032875480
0.1242731661
-0.0621462688
-0.1658621281
0.0104141869
-0.0222264677
0.0594495013
-0.0231637470
-0.1375102401
0.0196551606
-0.0281974208
-0.1007910073
-0.0423656814
0.0195465591
-1.1204504967
0.0202236399
-0.0609608516
0.0494943075
-0.3525384665
0.0116070919
-0.0455103405
-0.2373237312
0.0253344607
0.0447062775
-0.6090955734
-0.0620373636
0.0774947107
-0.0726197064
0.1338746399
0.0776716843
0.0709363818
0.0717609003
-0.1109523624
-0.0299437493
0.0117766233
0.0707310811
-0.0084044803
0.0489608981
0.0223036204
0.0204716641
0.0222151801
-0.0261051506
0.0017648750
0.0362066552
-0.0013192754
-0.0760125220
-0.1873914450
-0.0694215000
0.0212795045
0.0556737036
-0.0282765850
0.0465667024
0.0447525196
-0.0172418691
0.0365448780
0.0113773523
-0.0066151847
0.0981083140
-0.0858422816
0.0099229617
-0.0838240311
-0.0909188241
0.1234645396
-0.0580722131
0.0420437381
0.1138595343
-0.0375802107
-0.0736025795
0.0357612409
-0.0095176864
0.0201387368
-0.0341808051
-0.0691730231
-0.0046710391
-0.0352638923
-0.1191736162
0.0184426978
-0.0758537278
-0.7702476978
-0.0141152656
-0.0607923046
0.0478114448
-0.3882712126
-0.0311501902
-0.0348198637
-0.1406622678
0.0436117910
0.0215036441
-0.5276926160
-0.0562230833
-0.0484939627
-0.0354670770
0.1036459133
0.0755486265
0.0761852488
0.0742061213
-0.0943414494
-0.0495974571
0.0234427918
0.0513753593
0.0167786628
0.0441671871
0.0057421476
0.0158004276
0.0172790680
-0.0235473514
-0.0279039927
0.0318481624
-0.0032387068
-0.0656881705
-0.1886197478
-0.0652563348
0.0164285321
0.0417047404
-0.0296836346
0.0789590850
0.0427643992
-0.0196653232
0.0075378162
0.0276627485
-0.0240116399
0.0938499346
-0.0806164593
0.0213152710
-0.1143470109
-0.1054104641
0.1002849713
-0.0533346608
0.0638223886
0.0969672948
-0.0460635312
-0.0657614097
0.0592193045
-0.0256849453
0.0046349308
-0.0110773603
-0.0773070976
-0.0003123150
-0.0460940935
-0.1051112860
0.0262764972
-0.0814823210
-0.7273782492
-0.0192717668
-0.0511477850
0.0139211547
-0.4084830880
-0.0291280653
-0.0433793813
-0.1384333670
0.0420580097
0.0087186247
-0.5207748413
-0.0606268980
-0.0587571599
-0.0405987874
0.1077719629
0.0720901862
0.0819469392
0.0686638057
-0.0890650302
-0.0448512957
0.0095274849
0.0622191876
0.0166089088
0.0542003848
0.0083605330
0.0085055837
0.0395925455
-0.0323036537
-0.0121051883
0.0444291644
0.0026354834
-0.0721605122
-0.1730241925
-0.0816758126
0.0134602552
0.0589776337
-0.0190460738
0.0940823928
0.0569376498
-0.0321698859
-0.0151280891
0.0357566923
-0.0145488661
0.1047510877
-0.0704518929
0.0166551750
-0.1332332492
-0.0882282928
0.1136072278
-0.0502267778
0.0423953980
0.0980988666
-0.0497410409
-0.0736490041
0.0477595255
-0.0204440430
0.0175276026
-0.0150355743
-0.0953111425
0.0006439050
-0.0511807390
-0.0996702835
0.0216476042
-0.0593621396
-0.7875366807
-0.0060629472
-0.0501595065
0.0136081846
-0.4004671872
-0.0147245657
-0.0455534048
-0.1288086921
0.0383487120
0.0155245075
-0.5317633748
-0.0744897947
-0.0329604633
-0.0507065617
0.1079474837
0.0759802535
0.0729385987
0.0957545638
-0.0979844257
0.0309124403
-0.0155385770
0.0818941817
-0.0871179178
0.1170531437
-0.0434178747
0.0294435062
0.1003389433
-0.0650936589
0.0819526836
0.0914360434
0.0032126610
-0.0520246699
-0.1477578580
-0.1645615995
0.0126057053
0.1072092950
-0.0150987236
0.1014435887
0.1366510540
-0.1225658581
-0.0557721481
-0.0041455217
-0.0181579292
0.1500442475
-0.0125608612
-0.0091822175
-0.2179534733
-0.0812863111
0.1396685690
-0.0368055701
0.0069677685
0.1274494231
-0.0708881095
-0.1386933029
0.0223218706
-0.0377236754
0.0588932000
-0.0102437465
-0.1600849330
0.0125085218
-0.0524512790
-0.1008275300
-0.0312571935
0.0409631096
-1.0962357521
0.0174745247
-0.0460697711
0.0549494810
-0.3518003225
0.0101898927
-0.0411065258
-0.2283639908
0.0396694541
0.0342320688
-0.5918816924
-0.0802043006
0.0791045353
-0.0584806688
0.1237092763
0.0591620319
0.0621691048
0.0791400447
-0.0980985686
0.0241752025
-0.0245992169
0.0726509318
-0.0641939119
0.1029968262
-0.0364369527
0.0211082995
0.1027038768
-0.0611651652
0.0681089982
0.0853026062
0.0072207269
-0.0426043123
-0.1396562904
-0.1593994051
0.0317769013
0.1131651923
-0.0133635746
0.1070306376
0.1359962523
-0.1068775579
-0.0570633858
-0.0026347907
-0.0041473685
0.1510668993
-0.0040889960
-0.0048526484
-0.1994637251
-0.0594281293
0.1275122315
-0.0373880938
0.0115118073
0.1240865886
-0.0632802770
-0.1391970962
0.0176660419
-0.0413627028
0.0684480444
-0.0110454224
-0.1362861097
0.0058066910
-0.0447718687
-0.0897161514
-0.0301995575
0.0542934090
-1.0986489058
0.0177409332
-0.0471981019
0.0461518392
-0.3565430343
0.0195127018
-0.0318523794
-0.1951523572
0.0379296802
0.0236787535
-0.6103398800
-0.0766006783
0.0728732049
-0.0613076277
0.1135220602
0.0542294085
0.0616922379
0.0852937996
-0.0945675150
0.0214063842
-0.0094188703
0.0744822919
-0.0569418184
0.0975015238
-0.0352945253
0.0140979541
0.0948302969
-0.0498546623
0.0525966585
0.0817336440
-0.0008155754
-0.0542834438
-0.1400438547
-0.1473296881
0.0304130483
0.1086344570
-0.0206048898
0.1009735987
0.1233168244
-0.0959521532
-0.0500827357
0.0044616773
-0.0078210635
0.1456048936
-0.0151802050
-0.0029944337
-0.1922912300
-0.0678634197
0.1300005466
-0.0387249961
0.0158968121
0.1281768829
-0.0591504201
-0.1284513623
0.0293587167
-0.0410725251
0.0688616186
-0.0213614926
-0.1352810860
0.0093273334
-0.0496114008
-0.0979499966
-0.0146826841
0.0341213197
-1.0744451284
0.0107776318
-0.0502811335
0.0493982472
-0.3617052138
0.0153574059
-0.0325365029
-0.1871066093
0.0443558656
0.0228065625
-0.6250374913
-0.0790042058
0.0551221259
-0.0555936135
0.1188988984
0.0533957481
0.0620988943
0.0805749521
-0.0882128403
0.0123554580
-0.0115904640
0.0704803243
-0.0355170369
0.0837125853
-0.0287781823
0.0055696159
0.0920999944
-0.0426269993
0.0440718532
0.0725743398
-0.0010102624
-0.0508611053
-0.1318132281
-0.1351106316
0.0419571362
0.1121991426
-0.0251105092
0.1069502681
0.1211970150
-0.0890370980
-0.0433378592
0.0161243640
0.0006295457
0.1452196836
-0.0135632735
-0.0004938980
-0.1824569553
-0.0644964650
0.1249240562
-0.0330687910
0.0179221667
0.1258606166
-0.0520118028
-0.1211382747
0.0320895165
-0.0454696007
0.0766398460
-0.0325057581
-0.1193434075
-0.0003619468
-0.0471034460
-0.0892644003
0.0010854505
0.0327299908
-1.0830240250
0.0065219277
-0.0497384630
0.0486595556
-0.3734376132
0.0265195146
-0.0245557241
-0.1578491479
0.0455160141
0.0123814344
-0.6709006429
-0.0785413608
0.0422121286
-0.0563963093
0.1182783321
0.0484850891
0.0658570677
0.0663002506
-0.0689788312
-0.0065298122
-0.0113464501
0.0618049502
-0.0039791609
0.0622586943
-0.0183327515
-0.0003480266
0.0835787579
-0.0347601622
0.0229624193
0.0542997420
-0.0034081365
-0.0454719663
-0.1188890636
-0.1099403426
0.0615870692
0.1116570085
-0.0312781110
0.1086394191
0.1067488566
-0.0623846948
-0.0319292806
0.0382447019
0.0072965124
0.1405244023
-0.0149742020
-0.0010247572
-0.1577606648
-0.0645647496
0.1088429540
-0.0354660116
0.0271232221
0.1222847924
-0.0425738506
-0.1074602455
0.0418417268
-0.0547047481
0.0769257098
-0.0338957272
-0.0913547799
-0.0128828492
-0.0447829664
-0.0769955739
0.0170697607
0.0207631737
-1.0584286451
0.0005090173
-0.0471240468
0.0437709354
-0.3956731260
0.0401873365
-0.0239982270
-0.1111380979
0.0411895923
0.0039946144
-0.7085992694
-0.0767448768
0.0162070226
-0.0656930134
0.1112069860
0.0490947217
0.0709659606
0.0562282987
-0.0933719054
-0.0924177319
-0.0328878127
0.0530464686
0.0493265279
0.0315115564
0.0042623896
-0.0183232985
0.0798163041
-0.0140995411
0.0248176660
0.0630190969
0.0415791683
0.0008142057
-0.0970223472
-0.0959452763
0.0484795012
0.1282483786
-0.0287796129
0.1457101107
0.1199997067
-0.0560956784
-0.0291236434
0.0365257338
0.0333750434
0.1533304006
0.0667056516
0.0405438021
-0.1423132569
-0.0418226272
0.0739881992
-0.0378881879
0.0116718831
0.0862642452
-0.0447203182
-0.1570027620
-0.0197434817
-0.0399586186
0.0838380679
-0.0301719662
-0.0534031056
-0.0178303644
-0.0098069785
-0.0518025085
0.0090874992
0.0365022942
-1.1346622705
0.0251532290
-0.0438641980
0.0200455375
-0.4002041817
0.0599544272
-0.0274811257
-0.0996896997
0.0327508934
-0.0326819420
-0.7997754216
-0.0327349454
0.0097287530
-0.1082739532
0.1226208508
0.0732531101
0.0774559900
0.0693205968
-0.1106241345
-0.0791157037
-0.0282710157
0.0601649210
0.0255983882
0.0452501364
-0.0068522198
-0.0158369504
0.0810685977
-0.0238941144
0.0302978978
0.0764801875
0.0389732942
-0.0110088531
-0.1105232164
-0.1162967980
0.0312357266
0.1204722002
-0.0307240989
0.1368447840
0.1214475706
-0.0666700900
-0.0372235328
0.0228493400
0.0226729438
0.1531360000
0.0562133379
0.0422922894
-0.1555616409
-0.0514194779
0.0907597840
-0.0434274375
0.0030684075
0.0979166254
-0.0440836139
-0.1661791205
-0.0143157411
-0.0289515238
0.0814803466
-0.0319877863
-0.0758986697
-0.0034640126
-0.0103388000
-0.0719813779
-0.0024582876
0.0333516859
-1.1414206028
0.0252586454
-0.0567008890
0.0251378231
-0.3837746978
0.0467635393
-0.0336458385
-0.1345392168
0.0365122296
-0.0163129978
-0.7594459653
-0.0334536768
0.0216677524
-0.0977178514
0.1280468106
0.0781614780
0.0734075531
0.0747865736
-0.1226612255
-0.0789855048
-0.0341564715
0.0678301901
0.0278277546
0.0329368748
-0.0036300069
-0.0146571863
0.0716675743
-0.0351386070
0.0315033756
0.0747691691
0.0372110680
-0.0099088782
-0.1156099364
-0.1231882423
0.0292514544
0.1188998818
-0.0339842960
0.1363792270
0.1217523515
-0.0717708394
-0.0373256058
0.0239574928
0.0221239403
0.1533295363
0.0537245125
0.0384231657
-0.1507554054
-0.0582145415
0.1022850871
-0.0470989160
-0.0020389240
0.0941535458
-0.0378448032
-0.1651885360
-0.0082840286
-0.0185310096
0.0927194133
-0.0451988466
-0.0755021125
-0.0041280664
-0.0088012842
-0.0740139410
-0.0109746046
0.0325519368
-1.1531916857
0.0289653670
-0.0692913830
0.0225513019
-0.3846616745
0.0442471653
-0.0266561341
-0.1340291500
0.0357212797
-0.0177739859
-0.7468596101
-0.0255628452
0.0188628286
-0.0943146124
0.1301502138
0.0776197687
0.0743680373
0.0702756718
-0.1215494648
-0.0668232813
-0.0337244272
0.0697098076
0.0157815423
0.0391430669
-0.0028960735
-0.0069318707
0.0753465146
-0.0397401899
0.0376130193
0.0716498718
0.0352725163
-0.0099378573
-0.1172343716
-0.1266859770
0.0290936828
0.1210365221
-0.0269373115
0.1283729374
0.1270477027
-0.0760865659
-0.0385294706
0.0194575265
0.0222307555
0.1524788141
0.0516968854
0.0311432853
-0.1522015482
-0.0537807606
0.1038200185
-0.0455749258
-0.0026986487
0.0931395516
-0.0426059812
-0.1676342189
-0.0111599071
-0.0199675485
0.0870740116
-0.0368133225
-0.0750414357
-0.0036653515
-0.0080519579
-0.0739611834
-0.0162640661
0.0394726209
-1.1541442871
0.0277379937
-0.0632521361
0.0220857207
-0.3809533417
0.0426588245
-0.0301120151
-0.1410499811
0.0334055834
-0.0165277757
-0.7347998619
-0.0277208313
0.0253871400
-0.0978578329
0.1257476658
0.0763436183
0.0692268685
0.0748440847
-0.1263109744
-0.0605115071
-0.0367601849
0.0723777637
0.0011981829
0.0448885635
-0.0032315415
-0.0015402861
0.0738100857
-0.0454818383
0.0424492918
0.0721774325
0.0342587195
-0.0137703130
-0.1213575676
-0.1355775893
0.0254042540
0.1117612347
-0.0269140378
0.1182891726
0.1272208393
-0.0802528411
-0.0397210233
0.0074004028
0.0200706013
0.1536202431
0.0473600812
0.0302757006
-0.1512796581
-0.0583981574
0.1101473868
-0.0523858480
-0.0000184915
0.0991804674
-0.0447273105
-0.1677026451
-0.0065565677
-0.0161180627
0.0841034949
-0.0385083295
-0.0845277682
0.0013757093
-0.0111647900
-0.0806484520
-0.0268370807
0.0368221477
-1.1588258743
0.0293271728
-0.0663698390
0.0230208542
-0.3729959130
0.0379557349
-0.0314638019
-0.1561671197
0.0289980900
-0.0047061662
-0.7138429284
-0.0236156769
0.0346084684
-0.0886504054
0.1246417984
0.0784744769
0.0654579774
0.0716365203
-0.1169139519
-0.0497672483
-0.0334099047
0.0672860667
0.0049710292
0.0505304933
-0.0047948360
-0.0075768181
0.0800927877
-0.0405692570
0.0399147905
0.0716451630
0.0292536076
-0.0135463858
-0.1172966138
-0.1325075626
0.0324867256
0.1180601269
-0.0240204334
0.1215800121
0.1297927499
-0.0788560808
-0.0440769047
0.0113050081
0.0212063100
0.1552702039
0.0422132984
0.0269712638
-0.1547785401
-0.0514148772
0.1065855622
-0.0455033854
0.0055490336
0.1014308408
-0.0462409481
-0.1637087613
-0.0047832895
-0.0228308346
0.0865257755
-0.0386957154
-0.0832828879
-0.0027046211
-0.0132293589
-0.0769213364
-0.0176533908
0.0448574238
-1.1567466259
0.0285208914
-0.0636806339
0.0209843647
-0.3784195781
0.0436897539
-0.0281836372
-0.1472494304
0.0325643569
-0.0098907342
-0.7245846391
-0.0320314169
0.0373531096
-0.0868193358
0.1249123439
0.0762047544
0.0651195720
0.1421169490
0.0083988579
0.0445588715
0.0304223187
0.0300413929
0.0121803749
0.0864675269
0.1782777160
-0.0242584106
-0.0389728658
-0.1646067202
-0.0810696334
0.0625682473
0.0268680025
-0.0615820028
-0.0051124059
0.0945990086
-0.2132198811
-0.1955558062
-0.0300299674
-0.0095338738
-0.1053598076
-0.0228169337
0.0270010736
-0.0088811181
-0.0069899564
0.0448127687
-0.2115403414
0.0174353812
-0.1206194609
0.0600623563
0.1287335306
0.0104004778
0.0602655597
0.0801125914
-0.0001873805
0.0676912218
-0.1254794151
0.1475371420
-0.0988271087
0.0464669913
0.0118135558
0.0205083694
-0.0300305523
-0.0417957306
0.0473359413
-0.1691676825
-0.3815012276
-0.0768537447
-0.0382656418
0.0263787359
-0.1027378961
-0.0471612848
-0.0670661777
0.0326523818
0.0207001101
0.0332433507
-0.2687448561
-0.1949252933
-0.1278226376
-0.0056299143
0.0011823262
0.1317495108
0.2079229057
0.0897012055
-0.0682173520
0.0245880838
0.0531358272
0.0783561021
-0.0183494128
0.0560644679
0.0536791980
0.0155780353
-0.0179296620
-0.1311251074
-0.0580039881
0.0559073389
0.0169684459
-0.0628435835
-0.1235101745
-0.0137252538
-0.1134981066
-0.0800571740
-0.0410037823
0.0137327835
-0.0314792693
-0.0118847424
0.0213045981
0.0017534266
-0.0251251571
0.0581194498
-0.1654412448
-0.0194030572
-0.0920500606
-0.0854542702
0.1192379519
-0.0538443476
0.0902704224
0.0849376842
-0.0227021016
0.0017313625
0.0040591573
0.0681396052
-0.0291172042
0.0516650751
-0.0289621148
0.0564799458
-0.0313543119
-0.1008703932
-0.0370527618
-0.1376010776
-0.4184591174
-0.0049571092
-0.0539478548
0.0420103557
-0.2955155969
-0.0870527327
-0.0615910999
-0.1353186816
0.0235703886
0.0354963653
-0.1658103168
-0.0897541344
-0.0963742137
-0.0263894331
0.0258234814
0.1445148140
0.1118010804
0.0741881281
-0.0578358136
-0.0464706831
0.0237419568
0.0501460731
0.0279218946
0.0529734977
0.0447525829
0.0010327409
0.0122762071
-0.0449658185
-0.0607279353
0.0186546836
0.0085069193
-0.0813224241
-0.1521760374
-0.0245506894
-0.0355622359
-0.0360697880
-0.0137319556
0.0677580684
0.0068825893
-0.0066075996
-0.0044825375
0.0276033506
-0.0271310285
0.0746456608
-0.1159954146
0.0191741288
-0.1032441109
-0.0547254607
0.0905718803
-0.0479554981
0.0689516664
0.0818978399
-0.0432397127
-0.0250354260
0.0235291589
0.0079773767
-0.0339515842
0.0256496407
-0.0749504119
-0.0005554407
-0.0611879006
-0.0936435387
0.0212592557
-0.1092654914
-0.5817263126
-0.0257118754
-0.0371299647
-0.0060416167
-0.3534548283
-0.0187895373
-0.0608004443
-0.0737673566
0.0266790967
0.0227150563
-0.4228284061
-0.0778425783
-0.0755965188
-0.0326639339
0.0635117963
0.0878293067
0.1019324884
0.0832395926
-0.0688056871
0.0178781208
0.0014293415
0.0660798252
-0.0498628207
0.1063515693
-0.0284748822
-0.0037140171
0.1031867191
-0.0214544218
0.0610313937
0.0711827800
-0.0017115641
-0.0556045063
-0.1128308326
-0.1283806413
0.0269894358
0.1168477461
-0.0161959436
0.1133358330
0.1474497020
-0.1133155376
-0.0612553880
0.0324881487
-0.0025185819
0.1541561186
-0.0027694011
-0.0182682872
-0.2172437310
-0.0594476014
0.1079547182
-0.0143315662
0.0140226474
0.1178435162
-0.0663502291
-0.1365140378
0.0130934548
-0.0554563142
0.0681250021
-0.0149080520
-0.1332156211
-0.0066620130
-0.0545588583
-0.0836465359
0.0085652480
0.0650729388
-1.1358511448
0.0180878974
-0.0312297940
0.0405532159
-0.3754803538
0.0426094458
-0.0353852510
-0.1644051373
0.0470191464
-0.0067827343
-0.7164853811
-0.0786034986
0.0560261458
-0.0733545721
0.1180868670
0.0575247742
0.0526582859
0.0760972872
-0.0671813264
0.0181035362
0.0010114980
0.0589643680
-0.0370527431
0.0979804024
-0.0268770624
-0.0060580764
0.1035940275
-0.0205919053
0.0518451594
0.0698982924
-0.0028706219
-0.0511317737
-0.1082391664
-0.1259296238
0.0376485176
0.1209755167
-0.0167006869
0.1155332848
0.1471634805
-0.1042406037
-0.0633532703
0.0354591087
0.0032808029
0.1560543776
-0.0025349255
-0.0171611495
-0.2112810910
-0.0511894189
0.1003797725
-0.0145826964
0.0168986209
0.1190062761
-0.0645989180
-0.1373663247
0.0140532609
-0.0601263456
0.0745861381
-0.0164215993
-0.1202871725
-0.0069162878
-0.0505123138
-0.0784209147
0.0110310437
0.0702929571
-1.1345552206
0.0158038624
-0.0336538777
0.0365218706
-0.3772535622
0.0444499440
-0.0320630260
-0.1480438113
0.0470625535
-0.0116327032
-0.7269591689
-0.0819585770
0.0526589230
-0.0751419589
0.1166590229
0.0547184646
0.0533357672
0.0702584311
-0.0641035885
0.0115014222
-0.0054007159
0.0523738042
-0.0223544948
0.0870385692
-0.0239966307
-0.0121035594
0.1053762063
-0.0219569560
0.0459112860
0.0686202720
-0.0006429146
-0.0497438125
-0.1032879055
-0.1230637282
0.0476685278
0.1207592189
-0.0199985821
0.1222366989
0.1417754740
-0.0959339589
-0.0594164394
0.0357463621
0.0107115665
0.1545365006
0.0015659092
-0.0108507443
-0.2029189765
-0.0464973822
0.0952984691
-0.0176016558
0.0190342348
0.1209717989
-0.0607000776
-0.1308141947
0.0192588810
-0.0634063408
0.0818648189
-0.0238416418
-0.1121745855
-0.0103689516
-0.0473736748
-0.0720844194
0.0156837441
0.0659744516
-1.1308896542
0.0162480082
-0.0341047831
0.0378960595
-0.3836266696
0.0521850437
-0.0272461530
-0.1284140348
0.0454320461
-0.0086536817
-0.7412616611
-0.0801652893
0.0496401228
-0.0719083324
0.1160812005
0.0538516119
0.0563291200
0.0751533508
-0.0539328270
0.0124126822
0.0041702488
0.0552751422
-0.0166512113
0.0823215321
-0.0254055336
-0.0175583344
0.1003929079
-0.0144099966
0.0398046486
0.0610596873
-0.0093579693
-0.0611670054
-0.0963734984
-0.1123746559
0.0490316004
0.1156921312
-0.0270723943
0.1210755333
0.1342490613
-0.0944237411
-0.0546645485
0.0499809422
0.0080478108
0.1513664424
-0.0110375695
-0.0185664799
-0.2027227730
-0.0581309311
0.0979709774
-0.0130277574
0.0216293223
0.1253266782
-0.0576475784
-0.1150497794
0.0325696804
-0.0677310079
0.0864943042
-0.0333255827
-0.1155297607
-0.0129393646
-0.0546567142
-0.0729634240
0.0291538518
0.0535066724
-1.1205325127
0.0119804777
-0.0342779011
0.0434231833
-0.3900926113
0.0546254031
-0.0258913841
-0.1141111553
0.0477834940
-0.0077138813
-0.7577245235
-0.0859795511
0.0390496626
-0.0666506141
0.1202720404
0.0550137907
0.0561116077
0.0630665794
-0.0333819129
0.0033502961
0.0033625504
0.0433789864
0.0008982997
0.0782919526
-0.0199287683
-0.0157116577
0.1021399274
-0.0088056009
0.0343640745
0.0519145280
-0.0071293381
-0.0511054881
-0.0849177539
-0.0959840640
0.0668486506
0.1196030080
-0.0270137731
0.1292312741
0.1321156323
-0.0812936649
-0.0482189953
0.0643542483
0.0142872734
0.1546643972
-0.0126018422
-0.0176218711
-0.1949759126
-0.0619504116
0.0810320154
-0.0012218099
0.0314566195
0.1239015386
-0.0557891838
-0.1064251065
0.0384782292
-0.0836847126
0.0794934556
-0.0301928185
-0.0971722826
-0.0215873029
-0.0557314605
-0.0577366762
0.0425487347
0.0560787879
-1.1040949821
0.0064119441
-0.0240811650
0.0394948535
-0.4056123495
0.0646430776
-0.0247866195
-0.0917503089
0.0398415327
-0.0153079592
-0.7837324142
-0.0996400863
0.0345084593
-0.0726056769
0.1152241603
0.0549207181
0.0614865869
0.0553540103
-0.0827039853
-0.1023004875
-0.0381741971
0.0456809551
0.0621597134
0.0152987484
0.0067277937
-0.0254565533
0.0724887252
-0.0111916186
0.0160280354
0.0570401549
0.0388533957
-0.0015882491
-0.0879251361
-0.0811937600
0.0563199222
0.1110773385
-0.0386376306
0.1464618146
0.1126996130
-0.0453149341
-0.0219179429
0.0397724770
0.0398610085
0.1526232660
0.0712934211
0.0525461659
-0.1316028982
-0.0480048917
0.0648723468
-0.0496366285
0.0228363015
0.0885226801
-0.0389862135
-0.1421168447
-0.0060250848
-0.0428015739
0.0935477614
-0.0387521461
-0.0421257615
-0.0241221096
-0.0121018477
-0.0459733084
0.0159439184
0.0242087170
-1.1321108341
0.0275472105
-0.0516032651
0.0212468281
-0.4130952358
0.0694250911
-0.0196804758
-0.0785347149
0.0278828405
-0.0265222527
-0.8196892738
-0.0156237986
-0.0044175866
-0.1019823849
0.1207915545
0.0729501322
0.0805570781
0.0636009425
-0.0948419273
-0.0935547501
-0.0322630741
0.0487598442
0.0532167628
0.0295698587
-0.0015304020
-0.0256124586
0.0781897977
-0.0140764061
0.0218648855
0.0703250021
0.0402556732
-0.0063468572
-0.0955743343
-0.0996140763
0.0461879857
0.1180680096
-0.0375338681
0.1497785747
0.1181573793
-0.0592881218
-0.0311555788
0.0349616148
0.0353620127
0.1542147547
0.0632226840
0.0472193882
-0.1495457292
-0.0490454249
0.0740462914
-0.0424090438
0.0163151938
0.0964291915
-0.0427502245
-0.1534331590
-0.0120510329
-0.0417227298
0.0938748047
-0.0369562954
-0.0573444366
-0.0155490693
-0.0112906275
-0.0538926087
0.0125386612
0.0290858187
-1.1340073347
0.0285258666
-0.0550243296
0.0268887561
-0.4030714035
0.0616474524
-0.0214943774
-0.1008245498
0.0352800302
-0.0249437187
-0.8010912538
-0.0273770019
0.0058499458
-0.0972367376
0.1265616119
0.0764051452
0.0797148868
0.0705290511
-0.1015694141
-0.0830175281
-0.0276816394
0.0573279075
0.0406173356
0.0299067944
-0.0026669109
-0.0230617840
0.0701112300
-0.0225242209
0.0257037617
0.0681457892
0.0313142799
-0.0133915925
-0.1012493894
-0.1055312157
0.0370837487
0.1143697500
-0.0378544554
0.1398872733
0.1180070341
-0.0668260604
-0.0345925055
0.0361955091
0.0285708122
0.1529515237
0.0544471070
0.0385047644
-0.1530180573
-0.0583326891
0.0856177211
-0.0449843891
0.0096166227
0.0963196829
-0.0390462242
-0.1510742903
-0.0034860147
-0.0321359299
0.0959891677
-0.0428467989
-0.0663378537
-0.0111862049
-0.0135554457
-0.0618921034
0.0059188823
0.0280386079
-1.1423543692
0.0286711678
-0.0635118037
0.0288942922
-0.3989118040
0.0551326983
-0.0245125499
-0.1085841656
0.0375589803
-0.0212844517
-0.7813541889
-0.0246072281
0.0060510519
-0.0954386815
0.1291794032
0.0757755637
0.0748958290
0.0657724962
-0.1061116904
-0.0744487718
-0.0334959067
0.0606209859
0.0203635320
0.0395160131
-0.0000606967
-0.0154243158
0.0807686374
-0.0294940844
0.0377739780
0.0678593889
0.0397845693
-0.0085163591
-0.1036299393
-0.1141903624
0.0319923088
0.1138566732
-0.0281462278
0.1334730238
0.1272809803
-0.0744704157
-0.0325552747
0.0193463452
0.0292820465
0.1549062878
0.0612013713
0.0397465229
-0.1536692530
-0.0517011248
0.0890316144
-0.0425275080
0.0086307982
0.0928225517
-0.0417539515
-0.1605021656
-0.0135083823
-0.0272620134
0.0838412941
-0.0338530093
-0.0678878799
-0.0095231850
-0.0110800425
-0.0628471449
-0.0069465418
0.0396242961
-1.1565117836
0.0289034750
-0.0522410572
0.0256155804
-0.3913451433
0.0561585799
-0.0260200948
-0.1315074563
0.0311360620
-0.0196545683
-0.7653585672
-0.0211795382
0.0207677446
-0.0994838700
0.1188826114
0.0756150559
0.0684009865
0.0712277591
-0.1099942699
-0.0618905015
-0.0276735779
0.0640353486
0.0077018724
0.0463166088
-0.0046759094
-0.0115659572
0.0788240954
-0.0347950310
0.0390917733
0.0679527149
0.0309335664
-0.0135006541
-0.1077365354
-0.1205895320
0.0271566194
0.1119700968
-0.0283188894
0.1239621192
0.1298014373
-0.0793218762
-0.0384290889
0.0162294488
0.0250273142
0.1553612351
0.0517691039
0.0314447731
-0.1587610990
-0.0547471568
0.0965195745
-0.0444050357
0.0077889352
0.0972526893
-0.0451950207
-0.1626555324
-0.0092300558
-0.0266819689
0.0840106383
-0.0327498876
-0.0755887404
-0.0046538804
-0.0123907542
-0.0710675642
-0.0116619989
0.0422441252
-1.1616852283
0.0287621003
-0.0584766790
0.0259237606
-0.3830404878
0.0490421429
-0.0304295011
-0.1425629705
0.0315097049
-0.0158823654
-0.7481486797
-0.0245055780
0.0262961276
-0.0952952579
0.1242260486
0.0753125921
0.0642149076
0.0657637790
-0.0998444483
-0.0582679212
-0.0280748662
0.0603600480
0.0225168206
0.0409174301
-0.0008712301
-0.0207095724
0.0790984780
-0.0279727131
0.0315937400
0.0616942309
0.0258524548
-0.0147266751
-0.1003804877
-0.1135076210
0.0401886068
0.1143315658
-0.0285515171
0.1275728792
0.1287149042
-0.0727385059
-0.0405119509
0.0256074015
0.0289567225
0.1551454514
0.0466502011
0.0291163400
-0.1538083106
-0.0504365340
0.0898395479
-0.0431858636
0.0131073520
0.0992050692
-0.0439042598
-0.1523954868
-0.0025296730
-0.0309941582
0.0917346403
-0.0412261635
-0.0713087246
-0.0106787197
-0.0147006623
-0.0654637367
-0.0027986355
0.0439643487
-1.1586714983
0.0296447389
-0.0584906004
0.0221020989
-0.3940747082
0.0580282435
-0.0249271058
-0.1177088171
0.0327612497
-0.0195118804
-0.7654678822
-0.0260845497
0.0223825760
-0.0908855274
0.1221010834
0.0741495565
0.0644472465
0.0807243362
-0.0944170654
-0.0345188975
0.0348266251
0.0754346251
-0.0150737641
0.0460405499
-0.0063326787
0.0141729880
0.0220649187
-0.0566576011
-0.0266125407
0.0572740324
-0.0023066273
-0.0766548216
-0.1655800045
-0.0857231244
-0.0239571743
0.0317671932
-0.0475966521
0.0607209578
0.0371019654
-0.0225164611
-0.0109028788
0.0247432869
-0.0175501723
0.1014438421
-0.0651960224
0.0053595402
-0.1174415499
-0.1121710017
0.1140534952
-0.0863157883
0.0567152426
0.1110713035
-0.0378848687
-0.0789709464
0.0582616851
0.0023290156
0.0297525581
-0.0022033441
-0.0895328224
0.0313194580
-0.0521349013
-0.1197511554
-0.0235058926
-0.0748158544
-0.7660191655
0.0090815229
-0.0682847351
0.0316669159
-0.3924190104
-0.0346649550
-0.0504099391
-0.1705425680
0.0370139852
0.0312963538
-0.4574493766
-0.0475479104
-0.0436505415
-0.0466344208
0.0904720724
0.1028789058
0.0678814724
0.0628498644
-0.1118307561
-0.0051827738
0.0325660147
0.0762924775
0.0023169725
0.0310179088
0.0092259599
0.0378645100
-0.0029662305
-0.0968244374
-0.0390695408
0.0360974558
-0.0024704586
-0.0711035430
-0.1791667640
-0.0533242598
-0.0173734128
0.0262377560
-0.0360921100
0.0438055582
0.0111477077
-0.0009725065
0.0324980989
0.0301575996
-0.0207683854
0.0761051774
-0.1334441006
-0.0161985196
-0.0891226083
-0.1274534464
0.1257959157
-0.0720479935
0.0799107626
0.0803389102
-0.0340080000
-0.0383551791
0.0618566982
0.0245089810
0.0020239851
0.0147788450
-0.0507369861
0.0297973920
-0.0256061945
-0.1226253137
-0.0134552531
-0.0974958315
-0.5799251795
-0.0105498228
-0.0648106635
0.0237476062
-0.3972598016
-0.0786478668
-0.0370860435
-0.1667805463
0.0413468219
0.0144494437
-0.2991839051
-0.0761648044
-0.0889765099
-0.0460039340
0.0675606802
0.1060643494
0.0833455175
0.0633494630
-0.0546140783
-0.0513923950
0.0014597982
0.0400878787
0.0445440672
0.0402854569
0.0346390493
-0.0092085134
0.0330336019
-0.0470552295
-0.0360877104
0.0348699763
0.0081811100
-0.0659160465
-0.1268997788
-0.0476680435
-0.0138578154
0.0186050218
-0.0245244205
0.0968525186
0.0284796357
-0.0303151309
-0.0271833986
0.0482779108
0.0007761589
0.0961607695
-0.0626646802
0.0212021656
-0.1339980066
-0.0406403616
0.0874890760
-0.0506998040
0.0435322933
0.0854001269
-0.0431381986
-0.0456099249
0.0207740143
-0.0012402150
0.0102133732
-0.0039249891
-0.0712360069
-0.0103496583
-0.0463041440
-0.0703045875
0.0277800914
-0.0582332388
-0.7383846045
-0.0087513002
-0.0373097025
0.0026986992
-0.3711546957
0.0100191366
-0.0425392464
-0.0471412167
0.0287916902
0.0115705729
-0.5204724073
-0.0753773823
-0.0491115525
-0.0476643294
0.0801047683
0.0749705583
0.0921112001
0.0631298199
-0.0692877471
-0.0160207171
-0.0170814283
0.0581147149
0.0022782511
0.0595768876
-0.0075416556
-0.0196423605
0.0905717015
-0.0236655436
0.0378082357
0.0520896949
0.0056102495
-0.0356321521
-0.0932308063
-0.1096729934
0.0511536039
0.1116150767
-0.0287629236
0.1213042066
0.1379667670
-0.0858263746
-0.0481948182
0.0393290929
0.0224137679
0.1539613605
0.0165283717
0.0003418499
-0.1732492000
-0.0505916961
0.0899124891
-0.0283304304
0.0231732465
0.1123503223
-0.0484470390
-0.1269916892
0.0188330337
-0.0521350950
0.0887943879
-0.0364361703
-0.0887836739
-0.0202326104
-0.0380360857
-0.0608668029
0.0108910101
0.0604451448
-1.1488261223
0.0225476641
-0.0428966284
0.0292896032
-0.3988549709
0.0643068030
-0.0206807870
-0.1049029008
0.0348209515
-0.0196280535
-0.7640835047
-0.0498588383
0.0319137685
-0.0778447688
0.1103025898
0.0603096895
0.0575736165
0.0649492666
-0.0531166196
-0.0055993390
-0.0033105221
0.0534251072
-0.0033272840
0.0665412471
-0.0160746966
-0.0205310099
0.0966197327
-0.0164376013
0.0314314999
0.0514351390
-0.0040857643
-0.0458321236
-0.0880084708
-0.1023835391
0.0544778481
0.1066336855
-0.0317031965
0.1197711974
0.1354376078
-0.0823854357
-0.0488303602
0.0446206257
0.0180221777
0.1553793997
0.0041683433
-0.0030123640
-0.1831919104
-0.0557479113
0.0858264193
-0.0251987744
0.0321406499
0.1225230470
-0.0523520000
-0.1184868366
0.0282464251
-0.0655652806
0.0857373700
-0.0322888345
-0.0934333876
-0.0180702414
-0.0472978130
-0.0640945807
0.0232863687
0.0563632958
-1.1355839968
0.0151365101
-0.0382331982
0.0332640223
-0.3987859488
0.0647076145
-0.0240934677
-0.1028930470
0.0352970585
-0.0155202225
-0.7714545727
-0.0649176538
0.0310739037
-0.0739029720
0.1123958007
0.0560761243
0.0549343452
0.0585796423
-0.0547996573
-0.0248256214
-0.0143523840
0.0469092354
0.0295635834
0.0426131822
-0.0085263252
-0.0280955937
0.0917038992
-0.0207744949
0.0147886947
0.0548624843
-0.0007840082
-0.0359644666
-0.0851767510
-0.1007139161
0.0701699033
0.1115937531
-0.0389456302
0.1328994185
0.1199447811
-0.0628609955
-0.0445678830
0.0507092811
0.0265885964
0.1518147588
0.0110079804
0.0099602537
-0.1608751565
-0.0513744876
0.0838545710
-0.0339216329
0.0331870541
0.1236329675
-0.0417570919
-0.1136660278
0.0365912057
-0.0631277636
0.1012565196
-0.0485779569
-0.0740685835
-0.0206219740
-0.0369917601
-0.0540695116
0.0296962280
0.0413440093
-1.1228926182
0.0131460121
-0.0497148372
0.0296576340
-0.4108375907
0.0704855770
-0.0128694782
-0.0740361810
0.0361721329
-0.0132529773
-0.7888386250
-0.0621545911
0.0168463103
-0.0736130923
0.1165183038
0.0597982593
0.0660503507
0.0587555543
-0.0445027165
-0.0203405563
-0.0085069267
0.0467616171
0.0273976531
0.0502238199
-0.0089631481
-0.0284989011
0.0956553072
-0.0144643588
0.0215208735
0.0510980524
-0.0004782855
-0.0375490598
-0.0794300139
-0.0947684720
0.0705089569
0.1108647436
-0.0367083289
0.1359188706
0.1234561950
-0.0690734684
-0.0405907929
0.0556357391
0.0261980034
0.1548964828
0.0048346901
0.0055492669
-0.1661521941
-0.0583961457
0.0820601508
-0.0212279558
0.0373246744
0.1259719729
-0.0422541164
-0.1051193997
0.0392577834
-0.0691725016
0.0970892832
-0.0512131080
-0.0773313195
-0.0241062585
-0.0416680872
-0.0511112362
0.0399972573
0.0431961454
-1.1191635132
0.0100140404
-0.0394239686
0.0324257314
-0.4164837003
0.0772798285
-0.0080226716
-0.0736638606
0.0362299271
-0.0159321912
-0.7994557619
-0.0723457634
0.0198369194
-0.0704752281
0.1135681421
0.0602085292
0.0658050850
0.0550033897
-0.0156776384
-0.0107978908
-0.0011207950
0.0313054137
0.0311086103
0.0475131497
-0.0177833047
-0.0220939070
0.0974042118
-0.0163291357
0.0193676725
0.0417108685
-0.0176149160
-0.0447595902
-0.0699544027
-0.0787334964
0.0817239732
0.1104684696
-0.0407283530
0.1422902346
0.1200993508
-0.0628745109
-0.0409124196
0.0807889476
0.0266356077
0.1539021134
-0.0054206457
-0.0064172456
-0.1831802577
-0.0684845001
0.0687287971
-0.0110945646
0.0412926711
0.1273794770
-0.0505596846
-0.0904106051
0.0596677698
-0.0942786112
0.0951708928
-0.0440599062
-0.0708858520
-0.0297787264
-0.0465798229
-0.0454778560
0.0575600676
0.0446125269
-1.1065351963
0.0065018232
-0.0311428327
0.0384665951
-0.4259789288
0.0814680681
-0.0234918185
-0.0491764024
0.0297184866
-0.0128834005
-0.8147073984
-0.0911847651
0.0208783355
-0.0711884871
0.1226552203
0.0527278669
0.0657574162
0.0519821420
-0.0498404801
-0.1091594025
-0.0370032825
0.0314875208
0.0807722881
0.0058526616
0.0096281385
-0.0301274769
0.0694914460
0.0027220638
0.0142810084
0.0506873317
0.0301339868
-0.0054542194
-0.0692570880
-0.0640660375
0.0667687505
0.1029401273
-0.0418502204
0.1570872664
0.1085466892
-0.0415528752
-0.0221988782
0.0588274039
0.0482359566
0.1573940068
0.0715815425
0.0498761572
-0.1368101686
-0.0528230332
0.0437424406
-0.0479763225
0.0393363684
0.0903125107
-0.0449879989
-0.1194330975
0.0079647424
-0.0603962503
0.1044983938
-0.0443845205
-0.0349457413
-0.0346554816
-0.0218973812
-0.0277736709
0.0382634662
0.0190205332
-1.1198750734
0.0298849996
-0.0428215154
0.0269649494
-0.4342407882
0.0868882984
-0.0153246531
-0.0425107740
0.0243875757
-0.0219581611
-0.8575645089
-0.0167770591
-0.0114201047
-0.0956355333
0.1220065653
0.0720785260
0.0805384666
0.0559316836
-0.0682042018
-0.1108709350
-0.0335555710
0.0374076627
0.0833112150
0.0125305681
0.0042020832
-0.0316247344
0.0723497197
0.0033823622
0.0077854944
0.0592367202
0.0373199433
-0.0059251925
-0.0775870606
-0.0703277737
0.0655999258
0.1070351750
-0.0430860184
0.1572698653
0.1104710326
-0.0435620658
-0.0214052014
0.0531220064
0.0447286665
0.1563378423
0.0671831593
0.0544453822
-0.1368013024
-0.0555837601
0.0555811599
-0.0460521691
0.0340971611
0.0957443714
-0.0425599366
-0.1289464533
0.0000515750
-0.0568450354
0.1012072936
-0.0438340642
-0.0419933833
-0.0291521326
-0.0184802674
-0.0398111306
0.0358949415
0.0155159505
-1.1146404743
0.0262609050
-0.0516034402
0.0256118849
-0.4256355166
0.0793610886
-0.0142239360
-0.0583948642
0.0305680707
-0.0264316145
-0.8471944332
-0.0214821901
-0.0120015498
-0.0932928994
0.1254521310
0.0769093260
0.0869518667
0.0593641251
-0.0759360939
-0.1090637892
-0.0321397074
0.0459818281
0.0834421590
0.0061509139
0.0075049382
-0.0360935293
0.0653670505
-0.0046194554
0.0103357853
0.0580006577
0.0321873315
-0.0061145481
-0.0801539719
-0.0767876357
0.0581775047
0.1103644595
-0.0441303998
0.1591643393
0.1123683378
-0.0482355207
-0.0280251671
0.0564501025
0.0410156138
0.1542042345
0.0689972714
0.0500190072
-0.1373208314
-0.0555613302
0.0614322089
-0.0521944873
0.0250594020
0.0911250114
-0.0388823822
-0.1306798905
0.0009181757
-0.0457734391
0.1082079336
-0.0526433475
-0.0439180508
-0.0283271223
-0.0158184785
-0.0392098613
0.0288201906
0.0191012863
-1.1316817999
0.0326463431
-0.0608351454
0.0244214125
-0.4287816584
0.0795449615
-0.0136984745
-0.0538348891
0.0337261334
-0.0299054012
-0.8378692269
-0.0130285844
-0.0171932597
-0.0979682580
0.1257473677
0.0748175830
0.0839494765
0.0594788231
-0.0846043304
-0.1002077311
-0.0380849615
0.0549831316
0.0688524321
0.0066749575
0.0133799370
-0.0354048535
0.0628546104
-0.0100992573
0.0192462448
0.0525325611
0.0310836378
-0.0066805338
-0.0828931555
-0.0842574760
0.0506154038
0.1072952971
-0.0394481346
0.1455763280
0.1164706573
-0.0550274514
-0.0299513526
0.0477140844
0.0412552543
0.1539411843
0.0694626868
0.0445297509
-0.1335601360
-0.0545995049
0.0668903813
-0.0552111454
0.0163556635
0.0881792679
-0.0371024162
-0.1355607659
-0.0002207680
-0.0335084274
0.1084134802
-0.0555865318
-0.0492358059
-0.0256959181
-0.0141802579
-0.0445059612
0.0132654896
0.0278145373
-1.1562045813
0.0374684036
-0.0619754009
0.0199677572
-0.4211668670
0.0778314620
-0.0179287251
-0.0625170991
0.0288197957
-0.0285387058
-0.8223381042
-0.0027680020
-0.0073915892
-0.0999483615
0.1230816767
0.0783031508
0.0737118125
0.0558310151
-0.0749251246
-0.0912919044
-0.0287960861
0.0536822043
0.0631819665
0.0182146579
0.0100708269
-0.0309875607
0.0698921233
-0.0071912538
0.0208685584
0.0491990633
0.0273235813
-0.0094201034
-0.0813465342
-0.0797524601
0.0545598529
0.1122393459
-0.0310276002
0.1434416473
0.1188620403
-0.0551239401
-0.0291265771
0.0522827059
0.0390764400
0.1560581625
0.0614547431
0.0401487313
-0.1433951408
-0.0559010170
0.0639951751
-0.0458497144
0.0204040520
0.0887448043
-0.0427514650
-0.1320678145
0.0000585019
-0.0420655757
0.0987284333
-0.0486793555
-0.0513422973
-0.0261626858
-0.0187729932
-0.0456249341
0.0211400483
0.0293037631
-1.1436750889
0.0318381302
-0.0520231351
0.0216931589
-0.4243523180
0.0787221417
-0.0239633918
-0.0645450503
0.0297851264
-0.0288065076
-0.8232612014
-0.0179071557
-0.0035601808
-0.1020811647
0.1224700660
0.0746185109
0.0712084472
0.0593596771
-0.0721556619
-0.0892709047
-0.0213580616
0.0528077520
0.0698217899
0.0179392844
0.0055026906
-0.0348263234
0.0701221526
-0.0087080095
0.0136549491
0.0520116091
0.0204772800
-0.0140836630
-0.0819997564
-0.0821085796
0.0574317649
0.1141450778
-0.0360960402
0.1488265693
0.1157996655
-0.0518236868
-0.0348085538
0.0603509732
0.0356999971
0.1560782343
0.0522287898
0.0377674475
-0.1491664052
-0.0610356666
0.0668913871
-0.0462437049
0.0224320646
0.0959775820
-0.0417866260
-0.1279841363
0.0094768573
-0.0456652902
0.1023301557
-0.0535717495
-0.0555390604
-0.0241391715
-0.0207706019
-0.0474893264
0.0284508374
0.0249597561
-1.1347916126
0.0301450286
-0.0596741475
0.0219738390
-0.4285927415
0.0780907720
-0.0232681874
-0.0590635128
0.0331027359
-0.0269233417
-0.8215910792
-0.0277413912
-0.0067502502
-0.0976339206
0.1276179254
0.0733047947
0.0744730458
0.0515449084
-0.0726965517
-0.0885248110
-0.0289818309
0.0519632436
0.0863188356
0.0112526380
0.0099251932
-0.0349864326
0.0705009773
-0.0135606276
0.0085815685
0.0507285558
0.0227276087
-0.0057199784
-0.0834654272
-0.0825282559
0.0707322434
0.1261336803
-0.0316694230
0.1555034071
0.1137144789
-0.0455593131
-0.0344887376
0.0662120879
0.0381676331
0.1552544236
0.0500133149
0.0390943512
-0.1401526928
-0.0568100438
0.0706665739
-0.0425021686
0.0207605064
0.0939589292
-0.0373018421
-0.1239399537
0.0112575628
-0.0431545116
0.1073591933
-0.0619471259
-0.0474484675
-0.0293414537
-0.0153471269
-0.0426730625
0.0339918286
0.0248352773
-1.1260464191
0.0264204685
-0.0600359067
0.0189779010
-0.4367557466
0.0838534161
-0.0167316590
-0.0429612435
0.0362503491
-0.0315424018
-0.8258357644
-0.0326994024
-0.0073451600
-0.0979941860
0.1264827102
0.0716291592
0.0816137791
0.0641727448
-0.0621322803
-0.0699372515
-0.0097188279
0.0569655783
0.0368583463
0.0419170782
0.0018354816
-0.0224503223
0.0757189915
-0.0105719808
0.0097521218
0.0541628562
0.0138690444
-0.0416608304
-0.1019555852
-0.0869724378
0.0479316451
0.0984285027
-0.0385463350
0.1331115365
0.0987693742
-0.0486564152
-0.0289044827
0.0503288433
0.0187181588
0.1405272931
0.0213620085
0.0309367143
-0.1485787481
-0.0725218728
0.0858235061
-0.0473905616
0.0328217708
0.1107439324
-0.0410297476
-0.1073571965
0.0325649157
-0.0461272523
0.0719970986
-0.0407160185
-0.0824280456
-0.0190517157
-0.0447551347
-0.0622095093
0.0348682441
0.0051398091
-1.0569612980
0.0134972520
-0.0475217216
0.0288368128
-0.4242028892
0.0634035319
-0.0278558750
-0.0906934664
0.0340098105
-0.0025589806
-0.7631323338
-0.0491913110
-0.0045855418
-0.0765855089
0.1143854037
0.0692898631
0.0728743747
0.0699624121
-0.0501745567
-0.0699059591
0.0127269402
0.0587906316
0.0298166927
0.0446978584
-0.0001096291
-0.0149619253
0.0639816001
-0.0008273075
0.0023910690
0.0432329997
0.0002613874
-0.0573368110
-0.1014392599
-0.0716494322
0.0378408320
0.0841246322
-0.0395747870
0.1181483343
0.0883103982
-0.0435475819
-0.0256609917
0.0620516948
0.0077029178
0.1400832683
0.0071421834
0.0242074858
-0.1513984501
-0.0903653055
0.0845118091
-0.0463731103
0.0405344442
0.1154464483
-0.0434135050
-0.0923429281
0.0428454168
-0.0495164022
0.0583968572
-0.0374010466
-0.0860820785
-0.0155314645
-0.0556214303
-0.0713771060
0.0483533069
-0.0140357222
-1.0208594799
0.0035189446
-0.0464547537
0.0338915400
-0.4265781343
0.0574942119
-0.0409321375
-0.0902400464
0.0348871425
0.0050085895
-0.7576929927
-0.0591415949
-0.0183720328
-0.0753988251
0.1194527745
0.0706789419
0.0683494881
0.0506771207
-0.0387291834
-0.0631330609
-0.0104202190
0.0426644720
0.0731347427
0.0205229260
-0.0033118599
-0.0219498295
0.0789785683
-0.0192514006
0.0009653988
0.0420777760
-0.0009692138
-0.0220666304
-0.0808821693
-0.0700621083
0.0815268159
0.1164690852
-0.0374478400
0.1540737748
0.1047816798
-0.0383961909
-0.0303838328
0.0845189020
0.0273120776
0.1525189281
0.0184762701
0.0262494646
-0.1517993510
-0.0755935162
0.0713629201
-0.0304193534
0.0389878899
0.1087418795
-0.0403379574
-0.0973778740
0.0441415608
-0.0699441954
0.0921918750
-0.0532974973
-0.0505862385
-0.0309897531
-0.0312070083
-0.0444683582
0.0596149862
0.0162296779
-1.0793902874
0.0069210436
-0.0474152490
0.0256454367
-0.4462841451
0.0832170248
-0.0211218093
-0.0391536318
0.0309376959
-0.0197897963
-0.8162512183
-0.0684227943
-0.0105383778
-0.0884144828
0.1235103756
0.0584344417
0.0823425427
0.0553687885
-0.0366963744
-0.0533701256
-0.0041678380
0.0425220430
0.0520062409
0.0418247283
-0.0052976003
-0.0249460898
0.0857303292
-0.0087427460
0.0143253617
0.0462419838
0.0020282317
-0.0336111709
-0.0754921809
-0.0779907703
0.0698697940
0.1124933288
-0.0341540612
0.1465803087
0.1150500923
-0.0560183264
-0.0378618762
0.0749461502
0.0299096685
0.1567525417
0.0169613212
0.0172057636
-0.1683195531
-0.0705696568
0.0684885457
-0.0233701300
0.0389008746
0.1157833934
-0.0475564711
-0.1013569832
0.0363415405
-0.0739811063
0.0888725445
-0.0452084653
-0.0667327642
-0.0258231834
-0.0400476642
-0.0455345437
0.0544141605
0.0282268226
-1.0947010517
0.0120285852
-0.0384400822
0.0336423628
-0.4344266355
0.0838665664
-0.0226944797
-0.0566792041
0.0324212685
-0.0157730319
-0.8175373673
-0.0707420558
0.0043352610
-0.0830179974
0.1203750819
0.0621363297
0.0716704279
0.0571341291
-0.0231422763
-0.0439861491
0.0045888531
0.0397280976
0.0398953035
0.0571284704
-0.0105132302
-0.0247592181
0.0962960124
-0.0008442349
0.0143330395
0.0466121584
0.0006481013
-0.0410929099
-0.0686446279
-0.0745764151
0.0723696351
0.1074506044
-0.0325492173
0.1435951591
0.1155481115
-0.0563146397
-0.0377215855
0.0738447905
0.0261238497
0.1611471027
0.0061201770
0.0145571027
-0.1748013943
-0.0750052407
0.0649000332
-0.0139664393
0.0488926023
0.1264665276
-0.0500076599
-0.0971341506
0.0416353792
-0.0853005648
0.0807272121
-0.0404080488
-0.0753200054
-0.0226147547
-0.0516127571
-0.0481236354
0.0592279732
0.0301113110
-1.0900247097
0.0047991388
-0.0297113173
0.0354893431
-0.4309111834
0.0865615532
-0.0203077849
-0.0678405389
0.0292114094
-0.0104205720
-0.8245746493
-0.0870577320
0.0104363598
-0.0770981312
0.1137015596
0.0619830228
0.0695229471
0.0579354465
-0.0074141626
-0.0484504998
0.0067625036
0.0379828773
0.0556988791
0.0418437235
-0.0103933439
-0.0317167416
0.0906524956
-0.0009281557
0.0078022801
0.0401116051
-0.0088139176
-0.0460204296
-0.0591235124
-0.0661435127
0.0789732859
0.1004370674
-0.0392691195
0.1515863687
0.1055103242
-0.0482239723
-0.0345913768
0.0923938751
0.0278509874
0.1619584113
-0.0009423181
0.0113141984
-0.1708748043
-0.0888920277
0.0634938776
-0.0138426926
0.0523788817
0.1335063726
-0.0453394465
-0.0802635401
0.0629540086
-0.0906344056
0.0925717726
-0.0548201986
-0.0711154863
-0.0260430481
-0.0527234748
-0.0436994620
0.0732536092
0.0192173924
-1.0841703415
0.0033173331
-0.0322720855
0.0357688814
-0.4444008172
0.0977669880
-0.0141962562
-0.0416875519
0.0237405170
-0.0033700997
-0.8426952362
-0.0908573717
0.0049475972
-0.0731885955
0.1169994026
0.0665090829
0.0727670640
0.0521336235
0.0257355869
-0.0462122001
0.0060644220
0.0140076978
0.0706158429
0.0274817944
-0.0160901118
-0.0232492741
0.0897198915
-0.0060015740
0.0066949483
0.0348542184
-0.0271771029
-0.0476479679
-0.0482381321
-0.0522181764
0.0897467062
0.1013400108
-0.0456413515
0.1690900177
0.0964062959
-0.0393102467
-0.0388108157
0.1213455051
0.0359798223
0.1599716842
0.0003608336
0.0035618141
-0.1851925850
-0.0925362334
0.0470402427
-0.0079545677
0.0560779087
0.1307644099
-0.0577274635
-0.0654831454
0.0874777287
-0.1144756749
0.1007693484
-0.0519779846
-0.0564633831
-0.0302290060
-0.0523143560
-0.0303382743
0.0934984460
0.0221265778
-1.0708125830
0.0018158997
-0.0205952581
0.0415551029
-0.4558454454
0.1067137569
-0.0280756503
-0.0074169547
0.0151156457
0.0040529831
-0.8633044958
-0.1049458459
0.0103951748
-0.0723252147
0.1307928264
0.0603971295
0.0743163228
0.0575828403
-0.0448141210
-0.1237270832
-0.0350486301
0.0245955177
0.0936826393
0.0039311885
0.0062769447
-0.0282148849
0.0647606105
0.0076843356
0.0081167435
0.0584635027
0.0263444893
-0.0057747671
-0.0670369044
-0.0546339266
0.0631953627
0.1028591618
-0.0465308838
0.1662033200
0.1009368971
-0.0384377204
-0.0225731544
0.0670421720
0.0507950410
0.1557493359
0.0792710930
0.0541740470
-0.1389319301
-0.0536407977
0.0365272872
-0.0544665605
0.0442727953
0.0904038027
-0.0536728315
-0.1192795560
0.0071940077
-0.0682419837
0.1096532345
-0.0397477821
-0.0340066589
-0.0344923139
-0.0268569551
-0.0217094291
0.0438784026
0.0110023916
-1.1083494425
0.0311888512
-0.0504880846
0.0308307949
-0.4380314052
0.0857273713
-0.0183657426
-0.0392704606
0.0282267537
-0.0212808661
-0.8693857789
-0.0170714986
-0.0237805545
-0.0968700647
0.1335536391
0.0767139718
0.0882067680
0.0616086647
-0.0626039207
-0.1153291017
-0.0242274124
0.0346941799
0.0942423940
0.0093109636
0.0014651208
-0.0330972150
0.0647096410
0.0067213322
0.0043809051
0.0631491542
0.0269584507
-0.0099800471
-0.0751089677
-0.0707101002
0.0606447086
0.1080074757
-0.0497922674
0.1664076000
0.1061337292
-0.0462723188
-0.0318668708
0.0657439008
0.0445055887
0.1549679190
0.0660092905
0.0512382276
-0.1471176893
-0.0591958016
0.0523552112
-0.0498274229
0.0364988782
0.0992258862
-0.0485188477
-0.1242666170
0.0063671744
-0.0627196431
0.1100280434
-0.0472529456
-0.0432722792
-0.0265201703
-0.0221937187
-0.0344137810
0.0428568050
0.0118335905
-1.1078820229
0.0276175644
-0.0591506585
0.0319520198
-0.4302016497
0.0784718022
-0.0154855521
-0.0472300202
0.0350646973
-0.0252051093
-0.8521207571
-0.0244839303
-0.0208990555
-0.0904230922
0.1352514923
0.0749849156
0.0875956565
0.0651753470
-0.0656960085
-0.1128764898
-0.0320922323
0.0447288267
0.0859393626
0.0024626104
0.0056445696
-0.0412011333
0.0627959296
0.0015453332
0.0070295543
0.0604547486
0.0243395250
-0.0156549532
-0.0749619678
-0.0738276020
0.0557264760
0.0968142301
-0.0542639643
0.1594951898
0.1064563692
-0.0474202521
-0.0307799354
0.0619783849
0.0413464010
0.1550770253
0.0642553940
0.0494986959
-0.1371531337
-0.0652260259
0.0615487844
-0.0594415069
0.0299776252
0.1006170139
-0.0376366936
-0.1209950969
0.0134237120
-0.0499680676
0.1149630696
-0.0572942421
-0.0526479408
-0.0290433578
-0.0245135017
-0.0390336476
0.0344729498
0.0120905843
-1.1329261065
0.0333490223
-0.0654381365
0.0266177729
-0.4316317737
0.0841174275
-0.0134748202
-0.0479041934
0.0304035395
-0.0204823762
-0.8450257182
-0.0099521792
-0.0198441949
-0.0900978073
0.1284966171
0.0802715793
0.0824258402
0.0662736073
-0.0774412230
-0.0999980718
-0.0229930244
0.0499492586
0.0658112392
0.0141310617
0.0036349893
-0.0379768722
0.0663431436
-0.0025347150
0.0188461468
0.0588862821
0.0276551917
-0.0121740764
-0.0811223164
-0.0820340663
0.0443363339
0.1024864912
-0.0492082834
0.1544676721
0.1182230264
-0.0615278371
-0.0326327160
0.0505163670
0.0400752462
0.1541174054
0.0664777681
0.0470246784
-0.1500236392
-0.0604807436
0.0668008551
-0.0504107960
0.0242499709
0.0918314606
-0.0427833311
-0.1324116141
0.0012121438
-0.0452315286
0.1050864011
-0.0480153635
-0.0530616939
-0.0230120309
-0.0190795213
-0.0433939807
0.0238289908
0.0254519172
-1.1428023577
0.0349646099
-0.0596047044
0.0278811809
-0.4206335843
0.0738599151
-0.0169734806
-0.0731682926
0.0312263854
-0.0302873999
-0.8266408443
-0.0095503461
-0.0124279438
-0.0945818946
0.1302372068
0.0743387491
0.0737905204
0.0575679243
-0.0761031583
-0.0879643634
-0.0258335937
0.0505725034
0.0676434711
0.0100332126
0.0057204175
-0.0345243327
0.0681035668
-0.0127410563
0.0131319603
0.0514451340
0.0201432388
-0.0094442796
-0.0815027580
-0.0824460760
0.0553064346
0.1099550202
-0.0405351110
0.1472588480
0.1158791110
-0.0521249436
-0.0343316086
0.0549200550
0.0393074416
0.1524881423
0.0596490800
0.0429787450
-0.1438882798
-0.0562573709
0.0661445707
-0.0514234118
0.0212381594
0.0925564617
-0.0413710289
-0.1324584484
0.0079947701
-0.0426836796
0.1069075912
-0.0514235795
-0.0464242436
-0.0229580756
-0.0140883466
-0.0460426062
0.0203710254
0.0271752477
-1.1459399462
0.0320550427
-0.0630746484
0.0207181405
-0.4229335487
0.0751305223
-0.0216171071
-0.0609669983
0.0301263779
-0.0280748662
-0.8199502230
-0.0147905694
-0.0086932797
-0.0995359644
0.1296038181
0.0736268386
0.0714076832
0.0561585426
-0.0710362121
-0.0754373893
-0.0273361001
0.0519551039
0.0460916087
0.0275819506
0.0089768255
-0.0356922112
0.0773971081
-0.0117860930
0.0223748684
0.0485535972
0.0225716159
-0.0130999302
-0.0784963891
-0.0851240456
0.0526782386
0.1017133445
-0.0362177342
0.1361739635
0.1218154058
-0.0585559271
-0.0320343785
0.0391096286
0.0394192822
0.1537066996
0.0560892932
0.0413810275
-0.1422828138
-0.0517459027
0.0683990791
-0.0493561551
0.0304447114
0.0993052050
-0.0415112972
-0.1280284673
0.0082895979
-0.0423481055
0.0950931311
-0.0491625667
-0.0560940430
-0.0231917165
-0.0215993375
-0.0462012850
0.0156137366
0.0379306599
-1.1550250053
0.0312815756
-0.0518393330
0.0213091895
-0.4196649790
0.0799496621
-0.0181338601
-0.0786171183
0.0259716306
-0.0223447066
-0.8123075366
-0.0135937007
0.0026281457
-0.0909973234
0.1141699404
0.0720905960
0.0649870932
0.0607177764
-0.0811872259
-0.0704607815
-0.0279567316
0.0544138439
0.0643709525
0.0086047575
0.0051069851
-0.0402999185
0.0649150759
-0.0227863379
0.0156448130
0.0485025123
0.0107801398
-0.0183980092
-0.0836127847
-0.0976271108
0.0558551587
0.1105678529
-0.0437265188
0.1419950128
0.1186413169
-0.0626724586
-0.0435806625
0.0557378419
0.0394371934
0.1526307762
0.0453553237
0.0295131877
-0.1493656635
-0.0577246100
0.0786210448
-0.0515482947
0.0164037719
0.1023044139
-0.0364278592
-0.1253100187
0.0215948801
-0.0356538929
0.1197227389
-0.0662351549
-0.0562627055
-0.0221390985
-0.0128044682
-0.0508674495
0.0176145472
0.0315795727
-1.1597303152
0.0346612409
-0.0724762380
0.0247099362
-0.4213078022
0.0766381323
-0.0173485633
-0.0522989258
0.0340278670
-0.0229997020
-0.8055681586
-0.0144573785
0.0017410968
-0.0863455385
0.1336087435
0.0723083019
0.0669940636
0.0576089099
-0.0704790950
-0.0656663105
-0.0195641071
0.0547830202
0.0633044019
0.0196888279
0.0026310086
-0.0390647352
0.0733282641
-0.0201980211
0.0144493980
0.0488512553
0.0097822240
-0.0181767903
-0.0835324228
-0.0910443068
0.0610105842
0.1168341339
-0.0383180752
0.1493247151
0.1171329319
-0.0589642674
-0.0415730663
0.0631426871
0.0335528180
0.1510777622
0.0380715542
0.0295052622
-0.1554546952
-0.0620665886
0.0795539394
-0.0413658619
0.0202015657
0.1007871404
-0.0382183492
-0.1191973388
0.0256057512
-0.0436941385
0.1079017669
-0.0621483698
-0.0602338500
-0.0248767529
-0.0201509986
-0.0487696305
0.0278616026
0.0309376828
-1.1419826746
0.0282715484
-0.0644181296
0.0228661224
-0.4294415116
0.0776819512
-0.0191268455
-0.0556130707
0.0356364623
-0.0248068720
-0.8061867356
-0.0323030725
-0.0002203842
-0.0888214633
0.1310766786
0.0686562285
0.0691936165
0.0580349416
-0.0660549402
-0.0621410683
-0.0246189684
0.0573142618
0.0556255244
0.0173853356
0.0055617844
-0.0387254581
0.0761283785
-0.0179839544
0.0223556515
0.0454532243
0.0105791865
-0.0241802111
-0.0812630653
-0.0951457024
0.0594820678
0.1087017581
-0.0409113392
0.1458380520
0.1217816398
-0.0653090328
-0.0395297594
0.0599065796
0.0343640409
0.1532421559
0.0361914486
0.0242685247
-0.1540353000
-0.0623535141
0.0799905509
-0.0408233441
0.0211311746
0.1039662734
-0.0358375907
-0.1140125468
0.0268413182
-0.0441528931
0.1081551537
-0.0649830624
-0.0650913343
-0.0286355242
-0.0233491510
-0.0482026003
0.0269078519
0.0344942957
-1.1480221748
0.0307512023
-0.0560140274
0.0243879557
-0.4293768406
0.0841163844
-0.0132276136
-0.0545802526
0.0297832489
-0.0211299025
-0.8061655164
-0.0275533516
0.0054986039
-0.0842699632
0.1209265962
0.0682686195
0.0651609302
0.0540499277
-0.0473948903
-0.0556264594
-0.0208372250
0.0494470224
0.0608174652
0.0149775185
0.0048079337
-0.0347621478
0.0708849281
-0.0195410587
0.0109415315
0.0397555046
-0.0061776754
-0.0281550903
-0.0743147582
-0.0833213553
0.0707418099
0.1098771617
-0.0448836163
0.1373582929
0.1102197096
-0.0517640002
-0.0411647595
0.0748494714
0.0330692045
0.1518380642
0.0259268731
0.0139927920
-0.1488870978
-0.0613281727
0.0716039538
-0.0452212952
0.0266790856
0.1116056740
-0.0371336788
-0.1034934074
0.0419043526
-0.0576659627
0.1111896932
-0.0613420457
-0.0579782166
-0.0308994148
-0.0280492175
-0.0423717126
0.0352766477
0.0281060208
-1.1348208189
0.0241619553
-0.0585261695
0.0280493088
-0.4336715639
0.0844252482
-0.0217655823
-0.0303849448
0.0298804026
-0.0168470591
-0.8173204660
-0.0365506634
-0.0014951206
-0.0889200866
0.1250213683
0.0668923333
0.0676500350
0.0553645603
-0.0219564606
-0.0410845280
-0.0049078315
0.0351708196
0.0493889451
0.0361751579
-0.0103549566
-0.0302466601
0.0878121629
-0.0141006848
0.0090919556
0.0421846360
-0.0129125454
-0.0400838591
-0.0641841516
-0.0738021061
0.0770227984
0.1039093360
-0.0418165624
0.1413176805
0.1096529588
-0.0499372222
-0.0405662619
0.0795583650
0.0327270366
0.1565478891
0.0104528749
0.0128777614
-0.1698337197
-0.0699795038
0.0646739602
-0.0286060143
0.0445160642
0.1259636134
-0.0462143272
-0.0931358859
0.0540486313
-0.0832390636
0.1010791212
-0.0502025001
-0.0638157651
-0.0264742132
-0.0424871333
-0.0445823148
0.0542184561
0.0289131906
-1.1157476902
0.0116752125
-0.0441086143
0.0369636230
-0.4331412315
0.0893184990
-0.0249749627
-0.0424048342
0.0269832555
-0.0066580689
-0.8306553364
-0.0683972314
0.0067373016
-0.0783594251
0.1237360314
0.0615062602
0.0672386438
0.0574340262
-0.0151769361
-0.0337431021
0.0056888852
0.0326360054
0.0512932129
0.0402375199
-0.0156594049
-0.0318561979
0.0896317288
-0.0090007698
0.0060874391
0.0458601639
-0.0186426062
-0.0470570251
-0.0612720437
-0.0751288235
0.0787536353
0.1045134515
-0.0444751717
0.1476951092
0.1079277098
-0.0523241200
-0.0461697318
0.0858761817
0.0320376344
0.1562600285
0.0001678374
0.0085759237
-0.1789361387
-0.0738169625
0.0676982924
-0.0226562154
0.0484288558
0.1322032809
-0.0494308695
-0.0870252103
0.0614826679
-0.0913159177
0.1043955311
-0.0522051416
-0.0677952021
-0.0229147486
-0.0468077324
-0.0445394292
0.0648276433
0.0266354568
-1.1043936014
0.0054468056
-0.0418471470
0.0420404337
-0.4323479831
0.0882445350
-0.0222708248
-0.0400580578
0.0309124328
-0.0035932411
-0.8351854086
-0.0820624083
0.0070919017
-0.0714181960
0.1291257143
0.0592581593
0.0659299567
0.0525920615
0.0022183012
-0.0400241315
-0.0018847362
0.0227050688
0.0759171471
0.0087090274
-0.0141483387
-0.0294012800
0.0758439973
-0.0148321688
0.0061062151
0.0397840813
-0.0352251008
-0.0488321036
-0.0537316874
-0.0707747638
0.0794480667
0.0986720994
-0.0526643395
0.1652417034
0.0940030813
-0.0500259697
-0.0472579226
0.1107372567
0.0460690632
0.1506914943
0.0087527148
0.0077442280
-0.1794587523
-0.0787617341
0.0636426136
-0.0294038821
0.0470281243
0.1354928762
-0.0543787628
-0.0664596707
0.0848092139
-0.0967822373
0.1295029372
-0.0686345100
-0.0501357839
-0.0275047123
-0.0357134789
-0.0327985771
0.0860262439
0.0181534253
-1.0982733965
0.0071296282
-0.0394804552
0.0522207245
-0.4465919435
0.1035086662
-0.0198690984
0.0061723851
0.0254960302
0.0107124224
-0.8542719483
-0.0738735795
0.0058981501
-0.0649110675
0.1426948905
0.0569899268
0.0658060610
0.0485157110
0.0288342424
-0.0391944684
0.0107400818
0.0048464192
0.0791352317
0.0198188610
-0.0224297810
-0.0190531798
0.0783283859
-0.0113826515
0.0031138232
0.0340060145
-0.0417511202
-0.0512161739
-0.0462063514
-0.0490278825
0.0889826939
0.1001797318
-0.0454658531
0.1767965406
0.0908330530
-0.0429116599
-0.0450785197
0.1307225078
0.0459974185
0.1543179154
0.0015249065
0.0064103883
-0.1955628246
-0.0936161950
0.0506497137
-0.0094939871
0.0584206469
0.1316627562
-0.0659758896
-0.0548098199
0.1000687182
-0.1208714172
0.1137927696
-0.0569380783
-0.0428934805
-0.0270068720
-0.0444469042
-0.0282450225
0.1071172208
0.0194339547
-1.0659639835
-0.0035959403
-0.0236569121
0.0560454689
-0.4562406242
0.1067540944
-0.0326176696
0.0098641906
0.0201263987
0.0127488822
-0.8671054840
-0.1014505550
0.0085931541
-0.0612921976
0.1479332298
0.0491962843
0.0710731521
0.0509939492
-0.0394693613
-0.1176643074
-0.0361145884
0.0221710317
0.1036768332
0.0091145150
0.0096491501
-0.0280594882
0.0706713572
0.0062929816
0.0064328769
0.0582597628
0.0281672273
-0.0004114341
-0.0674511343
-0.0593688488
0.0769308209
0.1229773760
-0.0415378101
0.1745567620
0.0973485559
-0.0366837494
-0.0268032663
0.0789661109
0.0509552322
0.1558008045
0.0695659816
0.0455594547
-0.1422281563
-0.0485362634
0.0385211334
-0.0389737263
0.0413754545
0.0900448784
-0.0547053479
-0.1189956293
0.0096459566
-0.0731869489
0.1067700535
-0.0405915864
-0.0340837128
-0.0344943441
-0.0278701559
-0.0143741174
0.0463899300
0.0160585027
-1.0932822227
0.0260105561
-0.0430416130
0.0276781451
-0.4420153797
0.0850318819
-0.0175566971
-0.0311314762
0.0300456528
-0.0277299769
-0.8722357154
-0.0377513990
-0.0167050920
-0.1004770026
0.1335897446
0.0776982680
0.0916597471
0.0633048713
-0.0694082826
-0.1173762307
-0.0278587863
0.0344173498
0.0948483720
0.0077604549
0.0023459187
-0.0381322689
0.0630348027
0.0004327576
0.0051397602
0.0655680671
0.0283801202
-0.0052139941
-0.0753793716
-0.0729784146
0.0589849614
0.1099412516
-0.0522917956
0.1668883115
0.1067071110
-0.0466464236
-0.0331916176
0.0622368678
0.0468176976
0.1544536799
0.0704113692
0.0536702424
-0.1446055323
-0.0563417338
0.0546674617
-0.0524122082
0.0330981277
0.0965765715
-0.0447175466
-0.1289158314
0.0043406254
-0.0572081506
0.1146363094
-0.0489405505
-0.0410175845
-0.0255058780
-0.0175143071
-0.0325529054
0.0352101512
0.0147944344
-1.1219859123
0.0327136181
-0.0662522689
0.0304559097
-0.4290112257
0.0768047050
-0.0125228986
-0.0504471548
0.0361987837
-0.0289422404
-0.8513280749
-0.0166821219
-0.0227539260
-0.0935845673
0.1368979514
0.0773800611
0.0890881941
0.0546798445
-0.0751486644
-0.0936499014
-0.0355748385
0.0416279025
0.0672343671
0.0176597983
0.0098591652
-0.0350780971
0.0709808022
-0.0065415520
0.0160722267
0.0562803671
0.0312516503
-0.0078528849
-0.0794251338
-0.0808599517
0.0569743887
0.1097105965
-0.0388038084
0.1480582803
0.1119628251
-0.0529303737
-0.0272272732
0.0464633964
0.0460142680
0.1506587118
0.0652313605
0.0458058640
-0.1350856870
-0.0470808968
0.0620364286
-0.0468620695
0.0267029200
0.0950846002
-0.0409472100
-0.1306902915
0.0022947823
-0.0453799032
0.1040287912
-0.0479614995
-0.0451772958
-0.0251549222
-0.0158005059
-0.0380781889
0.0210704338
0.0262010749
-1.1344399452
0.0326627418
-0.0561398752
0.0252659172
-0.4215026498
0.0775079131
-0.0139011284
-0.0662228614
0.0329639278
-0.0251184180
-0.8280442357
-0.0121462094
-0.0071734320
-0.0945752636
0.1246584803
0.0811151862
0.0761859640
0.0522893444
-0.0709283203
-0.0957597122
-0.0398318283
0.0437436774
0.0726450458
0.0128246620
0.0151228011
-0.0354572684
0.0713025033
-0.0040862262
0.0220621768
0.0532638431
0.0325825512
-0.0033277343
-0.0737820640
-0.0799040496
0.0563401692
0.1139947176
-0.0347756408
0.1526953131
0.1185828596
-0.0586348437
-0.0285595376
0.0508755557
0.0506757125
0.1552122086
0.0709774420
0.0420207568
-0.1355918348
-0.0441484563
0.0571371242
-0.0437990241
0.0247106347
0.0884478241
-0.0436241366
-0.1312339306
-0.0058817598
-0.0451536998
0.1098895371
-0.0501661599
-0.0417004675
-0.0303256810
-0.0150273740
-0.0301929880
0.0230688453
0.0334268622
-1.1468415260
0.0371092372
-0.0495022498
0.0243467726
-0.4276669621
0.0869288817
-0.0106742568
-0.0575692579
0.0311701167
-0.0327927358
-0.8409032226
-0.0086307032
-0.0058615026
-0.1005766690
0.1229499206
0.0815652013
0.0742359459
0.0573119260
-0.0720405206
-0.0846373364
-0.0305698123
0.0469405241
0.0511773862
0.0242044274
0.0125773661
-0.0355891250
0.0689071193
-0.0036210709
0.0235512909
0.0489569344
0.0266988035
-0.0099839140
-0.0757466555
-0.0804499462
0.0502182953
0.0998354331
-0.0391483642
0.1339770854
0.1185094193
-0.0597838499
-0.0290192217
0.0379406102
0.0460478812
0.1547933370
0.0618268214
0.0412244946
-0.1350451410
-0.0494429655
0.0628926381
-0.0477406867
0.0327252410
0.0965884253
-0.0412710793
-0.1286789775
0.0022353481
-0.0436877869
0.0995315090
-0.0472714193
-0.0482432842
-0.0242016483
-0.0197202135
-0.0397601649
0.0161383413
0.0349082053
-1.1507588625
0.0331076048
-0.0507567376
0.0249554180
-0.4178629816
0.0782664493
-0.0140293539
-0.0765366256
0.0270356424
-0.0259802975
-0.8249709010
-0.0058404584
-0.0020949107
-0.0907080695
0.1182784140
0.0771906972
0.0663304776
0.0507603362
-0.0653496459
-0.0746067241
-0.0272852089
0.0469143167
0.0535677820
0.0331050605
0.0130918249
-0.0392765924
0.0797786638
-0.0043955115
0.0230623763
0.0488927290
0.0225491598
-0.0105443252
-0.0733458698
-0.0831500888
0.0566674098
0.1137361303
-0.0307795703
0.1413963288
0.1234946325
-0.0592307821
-0.0367371589
0.0465964265
0.0443105660
0.1551492661
0.0546258800
0.0335061103
-0.1430235058
-0.0415352657
0.0597405247
-0.0414789394
0.0297158547
0.0969559923
-0.0465817153
-0.1294868141
0.0027481501
-0.0474170111
0.0982209221
-0.0475441255
-0.0553911291
-0.0258903001
-0.0223736409
-0.0366488583
0.0197909549
0.0448933206
-1.1521660089
0.0344728790
-0.0466922820
0.0194447786
-0.4236710668
0.0836000219
-0.0175051000
-0.0689158812
0.0303110573
-0.0294709094
-0.8240324855
-0.0203010421
0.0048917704
-0.0950618684
0.1184720844
0.0784161240
0.0640234351
0.0529248305
-0.0562164932
-0.0612096973
-0.0214270037
0.0416004471
0.0567142963
0.0347974785
0.0062841517
-0.0431545638
0.0798635036
-0.0047338568
0.0225418899
0.0477771387
0.0137063302
-0.0203484464
-0.0699228421
-0.0838914365
0.0626526698
0.1109606102
-0.0367905237
0.1438513547
0.1210406199
-0.0642753616
-0.0400125645
0.0542426892
0.0461975187
0.1534295231
0.0407819375
0.0277127195
-0.1549271196
-0.0494940951
0.0664307624
-0.0337962359
0.0333448984
0.1077848524
-0.0460989736
-0.1133624539
0.0210183766
-0.0555342548
0.1071327329
-0.0555565506
-0.0588699840
-0.0265518483
-0.0254166834
-0.0374328010
0.0325450040
0.0408376716
-1.1442736387
0.0292743985
-0.0485947244
0.0293700453
-0.4263900816
0.0860281810
-0.0147022717
-0.0573296249
0.0344514139
-0.0224696435
-0.8295883536
-0.0304598659
0.0091787791
-0.0811400041
0.1263330132
0.0756469965
0.0634531155
0.0499252304
-0.0719384551
-0.0825503767
-0.0331139676
0.0569605827
0.0898519009
0.0040193670
0.0170622244
-0.0418815501
0.0704784915
-0.0206094850
0.0039127283
0.0494394414
0.0154835749
-0.0013811890
-0.0828483030
-0.0886269286
0.0732450634
0.1272434592
-0.0366848260
0.1570898443
0.1106629223
-0.0434445776
-0.0376667157
0.0682227984
0.0372426957
0.1514548063
0.0456353649
0.0357753560
-0.1271169633
-0.0527631305
0.0768638402
-0.0479143374
0.0210395250
0.0962264761
-0.0297028236
-0.1193443313
0.0199741572
-0.0363240689
0.1166361868
-0.0745399445
-0.0457816795
-0.0318257175
-0.0141533297
-0.0367971398
0.0303980950
0.0262748785
-1.1352375746
0.0289890990
-0.0695890784
0.0108896866
-0.4435330629
0.0873100162
-0.0057227020
-0.0350218229
0.0367913768
-0.0343076997
-0.8191053867
-0.0262622908
-0.0128250243
-0.0979119614
0.1249961033
0.0758123845
0.0805542618
0.0537780672
-0.0473963246
-0.0547767207
-0.0210649613
0.0467149913
0.0575326644
0.0257446226
0.0061976658
-0.0450482219
0.0810853392
-0.0066173826
0.0280266143
0.0434397049
0.0051666670
-0.0260425862
-0.0701824650
-0.0897552520
0.0624257028
0.1139589697
-0.0431538932
0.1524815857
0.1238966733
-0.0697820410
-0.0459426045
0.0692619458
0.0404429957
0.1527979970
0.0325009301
0.0131435189
-0.1646054238
-0.0539543591
0.0667182356
-0.0299818050
0.0243252423
0.1075843200
-0.0442624651
-0.1076739505
0.0307317935
-0.0594845712
0.1137444079
-0.0613420345
-0.0658094436
-0.0337653384
-0.0287701208
-0.0344790891
0.0355742723
0.0456986278
-1.1495974064
0.0344325453
-0.0464182422
0.0272749737
-0.4329666793
0.0894194767
-0.0144203035
-0.0397117399
0.0305145606
-0.0254769996
-0.8253315091
-0.0367193520
0.0133661088
-0.0841465294
0.1282884181
0.0739331990
0.0589189902
0.0532892831
-0.0309960358
-0.0425169840
-0.0147098731
0.0411306955
0.0475680605
0.0401730165
0.0008509221
-0.0361520872
0.0859829187
-0.0088314936
0.0253829602
0.0409374237
-0.0039454703
-0.0340432301
-0.0644523427
-0.0812948942
0.0703595877
0.1129289642
-0.0369306877
0.1425700635
0.1195480227
-0.0644484758
-0.0432838574
0.0754979029
0.0365276970
0.1561631858
0.0168874189
0.0046035470
-0.1690448225
-0.0597944409
0.0636570230
-0.0219807234
0.0328383930
0.1159430444
-0.0474850796
-0.0991146266
0.0405189544
-0.0736220628
0.1060410440
-0.0538797267
-0.0695686713
-0.0325313024
-0.0402537473
-0.0359890498
0.0436331406
0.0426305495
-1.1366932392
0.0241564736
-0.0401257090
0.0337269492
-0.4329287410
0.0902758390
-0.0207646154
-0.0422855504
0.0303062927
-0.0171735045
-0.8307097554
-0.0568152666
0.0149683887
-0.0845809802
0.1241405234
0.0717813969
0.0611482039
0.0472530760
-0.0237197820
-0.0481736399
-0.0179996062
0.0317399576
0.0617558248
0.0292913187
0.0007058993
-0.0336991772
0.0850431845
-0.0119574647
0.0139679331
0.0418118164
-0.0062860209
-0.0315409712
-0.0621788390
-0.0759967640
0.0803145468
0.1113782302
-0.0424942672
0.1488521695
0.1135751009
-0.0535025299
-0.0430734754
0.0804724246
0.0421151854
0.1559324116
0.0206405353
0.0115308948
-0.1618206650
-0.0564833991
0.0577210784
-0.0294266641
0.0399438329
0.1215584129
-0.0468366295
-0.0936060846
0.0488060340
-0.0818748400
0.1103737950
-0.0534143634
-0.0565110072
-0.0336049348
-0.0374559090
-0.0293218866
0.0523622632
0.0385218151
-1.1211917400
0.0199774783
-0.0422211736
0.0339372680
-0.4385189116
0.0959190801
-0.0184443668
-0.0244778413
0.0277512744
-0.0147893131
-0.8378188014
-0.0582554303
0.0100559592
-0.0820975229
0.1242612079
0.0671542287
0.0675731078
0.0562343523
-0.0147291115
-0.0293210205
0.0087918304
0.0291245691
0.0492855906
0.0475171693
-0.0155288633
-0.0288182665
0.0891800895
-0.0046319333
0.0173212495
0.0446358286
-0.0152419806
-0.0479085110
-0.0593543947
-0.0740839764
0.0719895959
0.1071290076
-0.0431382619
0.1527026892
0.1166151166
-0.0679156110
-0.0481201932
0.0874928534
0.0393707491
0.1569189727
0.0024079871
0.0042109676
-0.1888815314
-0.0723226517
0.0636711568
-0.0105131501
0.0470615663
0.1310497820
-0.0568330735
-0.0841163695
0.0568569452
-0.0953948498
0.1055011079
-0.0489855967
-0.0661596060
-0.0229375903
-0.0448223203
-0.0387983769
0.0716349557
0.0366139971
-1.1017465591
0.0077513098
-0.0327176414
0.0494783372
-0.4321225286
0.0915588662
-0.0191968363
-0.0414114073
0.0341617465
-0.0087988060
-0.8392928839
-0.0832174718
0.0136495074
-0.0670301765
0.1318757981
0.0579506233
0.0637049749
0.0478081778
0.0043776832
-0.0506914221
-0.0040936442
0.0178547408
0.0885564834
0.0163867418
-0.0082031041
-0.0312180873
0.0770571530
-0.0109474761
0.0063585355
0.0403030738
-0.0285359230
-0.0449196696
-0.0499745794
-0.0644918382
0.0855157450
0.1099458188
-0.0463182591
0.1727785617
0.0920851827
-0.0467525162
-0.0473692380
0.1178070456
0.0486979336
0.1502437145
0.0119176749
0.0087378556
-0.1789090186
-0.0777994990
0.0601095036
-0.0199091379
0.0443542562
0.1294822246
-0.0563051254
-0.0620938018
0.0828561708
-0.0992078558
0.1250989586
-0.0693957657
-0.0508157946
-0.0299057961
-0.0374006592
-0.0254482888
0.0921511576
0.0180186611
-1.0879170895
0.0086914748
-0.0369052440
0.0521571934
-0.4539838433
0.1092507318
-0.0226701573
0.0135691110
0.0289046764
0.0086998753
-0.8663034439
-0.0802877247
0.0050666928
-0.0689631104
0.1444651186
0.0643670633
0.0715371147
0.0427443199
0.0404921547
-0.0376923308
0.0037053006
-0.0019828428
0.0773136243
0.0308316536
-0.0144366892
-0.0180820823
0.0930298567
-0.0111227864
0.0035304227
0.0335301124
-0.0343590975
-0.0507514812
-0.0406231992
-0.0468368754
0.1013168320
0.1057047695
-0.0430495664
0.1752680093
0.0925459713
-0.0364832990
-0.0428158268
0.1307163984
0.0450567864
0.1580718458
-0.0040469277
0.0002944479
-0.1906428635
-0.0880731344
0.0409950353
0.0000174303
0.0614433661
0.1339280009
-0.0650317445
-0.0520076975
0.1029628962
-0.1298871636
0.1047227085
-0.0517967306
-0.0481483042
-0.0303784590
-0.0539998263
-0.0202953890
0.1066079140
0.0271447953
-1.0578082800
-0.0026758672
-0.0165106244
0.0488963313
-0.4612713456
0.1147164628
-0.0314900875
0.0097519131
0.0151648056
0.0114785936
-0.8721066117
-0.1151386425
0.0148883462
-0.0669985041
0.1354958117
0.0581773221
0.0756557435
