-0.2817631662
-0.0191370808
0.0741122812
0.0118824523
-0.0104971249
-0.0080198599
0.0045478321
-0.0308655519
0.0043891789
-0.0066730436
0.0380542763
-0.0075714644
-0.0117205400
0.0072042299
0.1075248271
0.0065671145
0.0039561982
-0.0570237078
0.0102592204
0.0393421017
0.0052001332
0.0184676927
-0.0110437414
0.0122895772
-0.0500456579
-0.0456684083
0.0070552588
-0.0429319181
-0.0356799737
0.0473519266
-0.0221220125
0.0626747087
-0.0463092104
0.0105061559
-0.0799833313
-0.0223542396
-0.0265670381
0.2165398002
0.0055163563
-0.0116384653
-0.0451332070
0.0259699468
0.0049594836
0.0013672203
0.0378239416
0.0458800197
-0.0198534299
0.0092165852
0.0020093664
-0.0066938330
-0.0392849296
-0.0413650684
-0.2403095216
0.0143946083
-0.0350712575
0.0861959830
0.0372514836
0.0013859406
0.0236687493
0.0166244041
-0.0004749197
-0.0435001440
0.0202265605
-0.0478505194
-0.2591522932
-0.0155740678
0.0567534640
0.0185455810
-0.0101538999
0.0020019044
0.0018533508
-0.0262778923
0.0004820339
-0.0122871557
0.0460106321
-0.0018332819
-0.0016869034
0.0159873255
0.1219045669
0.0274229180
0.0086911730
-0.0216660816
-0.0049645542
0.0330879018
-0.0348750725
0.0163031276
-0.0156361796
0.0154780941
-0.0489279889
-0.0459063426
0.0114949821
-0.0514507517
-0.0490495153
0.0442610048
-0.0289968811
0.0619061477
-0.0446051583
0.0112765515
-0.0862171203
-0.0539668351
-0.0320288129
0.1940069497
-0.0038121436
-0.0102773588
-0.0277979821
0.0233377703
0.0101921251
0.0111519909
-0.0024387056
0.0443380624
-0.0141300047
0.0098264739
-0.0064907293
-0.0102400081
-0.0296697970
-0.0569005907
-0.2831665277
0.0131326001
-0.0402600616
0.0773684829
0.0440671146
0.0030934713
0.0297299754
0.0082708281
0.0040079583
-0.0312256943
0.0218927059
-0.0480156615
-0.4588474929
-0.0200135056
0.1219583675
0.0433968678
-0.0190017726
-0.0240108147
0.0344169401
-0.0463703796
0.0074957698
0.0089705428
0.0263992678
-0.0184764322
-0.0265022833
0.0122140553
0.1477744877
0.0754438788
0.0129869115
-0.1778587252
0.0163025744
0.1128595024
0.0660828874
0.0145203872
-0.0036136606
0.0062573194
-0.0485286228
-0.0528744906
0.0011696515
-0.1007538065
-0.0276557077
0.0463986583
-0.0205861572
0.0740811452
-0.1179550663
0.0390441567
0.1185024157
0.1316150129
-0.0193342976
0.2777925134
0.0598629154
-0.0063618287
-0.0341268703
0.0519646183
0.0055326321
-0.0147782508
0.0564367510
0.0459830761
-0.0581831224
-0.0115632499
-0.0008312933
0.0193868373
-0.0407169648
-0.0811545178
-0.2053045034
0.0031227493
-0.0705389231
0.1634218991
0.1920430958
0.0127341105
-0.0259513576
0.0230422784
0.0271570049
-0.0856240094
0.0406642742
-0.0717912018
-0.2929818332
-0.0258987695
0.0771609917
0.0099293692
-0.0207753778
-0.0129790213
0.0147082619
-0.0279400852
-0.0037498833
-0.0064463308
0.0369149372
-0.0086532366
-0.0144221578
0.0080196029
0.1787835509
0.0354920998
0.0138549889
-0.0581254698
0.0131077450
0.0634760559
-0.0061069420
0.0150142303
-0.0077144816
0.0093919383
-0.0328896120
-0.0276482403
0.0110259196
-0.0609374344
-0.0267225318
0.0495573133
-0.0201287251
0.0622812808
-0.0564817041
0.0200535078
-0.0585207343
-0.0240633618
-0.0236996803
0.2555305660
0.0436981209
-0.0148234451
-0.0368541516
0.0395035073
0.0175013915
-0.0023363153
0.0101512792
0.0464300029
-0.0237339064
-0.0035103341
-0.0004577923
-0.0036839230
-0.0344583765
-0.0264693163
-0.2629119456
0.0091810208
-0.0391955785
0.0778263956
0.0809730887
-0.0207270086
0.0044402843
0.0242073573
0.0142675685
-0.0322657861
0.0178935137
-0.0471696369
-0.4525847435
-0.0395645350
0.0912019759
0.0123345302
-0.0041864524
-0.0239243098
0.0064642187
-0.0384405032
-0.0051986608
-0.0014464376
0.0523019172
-0.0249074027
-0.0088660400
0.0182125419
0.1670525223
0.0006422712
0.0209666230
-0.0663580373
0.0432455242
0.1069368571
-0.0081218956
0.0095161786
0.0177671555
0.0023957181
-0.0334155560
-0.0357807763
0.0184687972
-0.0657779202
-0.0054160776
0.0633423552
-0.0124437837
0.0707254633
-0.0482759215
0.0499398820
-0.0065574311
0.0422235690
-0.0136476280
0.3543546498
0.0731390864
-0.0210452173
-0.0893972442
0.0621089600
0.0216056760
0.0162484590
0.0069699413
0.0595236942
-0.0396019667
-0.0015050585
0.0253596380
0.0107638435
-0.0379891135
-0.0235942788
-0.2390374541
0.0191781614
-0.0363668725
0.0588101409
0.0304764267
-0.0408313461
-0.0076151947
0.0257785637
0.0174002573
-0.0262005720
0.0113451043
-0.0435309224
-0.3644565344
-0.0348899290
0.0683259219
0.0098902304
-0.0043407599
-0.0131505961
0.0030846118
-0.0309211202
-0.0097602848
-0.0057365014
0.0545401014
-0.0125606973
0.0028087427
0.0200864431
0.1775962114
-0.0174156278
0.0149854552
-0.0222278163
0.0248234663
0.0612735823
-0.0362694003
0.0116978772
0.0050497395
0.0092208963
-0.0359152108
-0.0365032740
0.0164093077
-0.0488430746
-0.0295119006
0.0544928908
-0.0198684577
0.0663618520
-0.0380651839
0.0324822888
-0.0674584880
-0.0228510816
-0.0231606029
0.2795751989
0.0464531556
-0.0137378369
-0.0901988298
0.0471219681
0.0148503995
0.0201417077
-0.0044114045
0.0504275300
-0.0235678144
0.0038641205
0.0110604139
-0.0005981603
-0.0352215394
-0.0108544938
-0.2755313218
0.0154168233
-0.0313571766
0.0369841456
-0.0000620740
-0.0340169221
0.0143378377
0.0170554277
0.0125942128
-0.0130824018
0.0084162420
-0.0426203646
-0.4734970629
-0.0420710333
0.1073770672
0.0348354802
-0.0164504200
-0.0201288238
0.0293079372
-0.0401447788
-0.0062196404
0.0007560949
0.0391772650
-0.0186148342
-0.0107149668
0.0182815343
0.1417152584
0.0189723149
0.0126080737
-0.1233379170
0.0267090909
0.1168417633
-0.0160195138
0.0123284357
0.0071674627
0.0122117484
-0.0423410796
-0.0403741263
0.0074823322
-0.0676606968
-0.0244995225
0.0516473055
-0.0144709395
0.0735727698
-0.0797231570
0.0412567593
0.0078313379
0.0582899973
-0.0149533134
0.2889030576
0.0908380523
-0.0120251505
-0.0830701366
0.0642334744
-0.0002951159
0.0069060647
0.0172448121
0.0452741683
-0.0430512726
-0.0144473435
0.0122351134
0.0105747301
-0.0357085578
-0.0835384950
-0.2190482020
0.0044714869
-0.0436710380
0.0812057033
0.0735808164
-0.0333933979
-0.0105327535
0.0252355747
0.0178508200
-0.0466495566
0.0177702829
-0.0541004576
-0.4079331458
-0.0527838618
0.0553418584
-0.0142782768
-0.0004122337
-0.0362050645
-0.0043130349
-0.0292558763
-0.0203472860
-0.0016177801
0.0653465539
-0.0049337270
0.0226986818
0.0250773486
0.2781684399
-0.1332045197
0.0185390804
0.0229677241
0.0457475372
0.0454075076
-0.0413681827
0.0014685001
0.0120792482
0.0038971920
-0.0156273115
-0.0311269369
0.0192335583
-0.0328288637
-0.0231016669
0.0658584759
-0.0119080925
0.0644890070
-0.0254752412
0.0410152450
-0.0877592564
-0.0464436263
-0.0237227604
0.3022913635
0.0869735181
-0.0060490724
-0.1705106050
0.0572443604
0.0225596782
0.0264358893
0.0083729448
0.0544190258
-0.0199456997
0.0001021939
0.0155556956
-0.0045349817
-0.0432272851
0.0746707916
-0.2946123481
0.0155353434
-0.0280442126
-0.0038047235
-0.0477988273
-0.0660043731
0.0110727819
0.0186978374
0.0200653989
0.0107767861
-0.0096561182
-0.0365431719
-0.2298200876
-0.0192116238
0.0376289487
-0.0059753503
-0.0051948992
-0.0138354534
-0.0174294859
-0.0084910551
-0.0074923667
-0.0164671745
0.0577739999
-0.0026747554
0.0131831346
0.0159229469
0.2030397058
-0.0220738668
0.0129968161
0.0321656577
0.0095308246
0.0389865153
-0.0445995480
0.0141852470
-0.0037186295
0.0115371086
-0.0247822553
-0.0356889777
0.0185498521
-0.0515443869
-0.0279257949
0.0642941147
-0.0361012854
0.0496058688
-0.0161434226
0.0201805811
-0.1143395826
-0.0854524896
-0.0307853241
0.2551212609
0.0155228712
-0.0149655323
-0.0627016872
0.0248751342
0.0414167084
0.0217990912
-0.0038268955
0.0617976971
-0.0083526038
0.0100119524
-0.0034200044
-0.0171023700
-0.0345109329
0.0269117057
-0.3102611005
0.0260837190
-0.0242464431
0.0284028761
0.0033970017
-0.0217427816
0.0259747840
-0.0011738638
0.0091331666
-0.0066770627
0.0056586987
-0.0443116352
-0.2662704289
-0.0159192812
0.0662788749
0.0184882879
-0.0116520906
-0.0037809263
0.0083450032
-0.0318760611
-0.0005138181
-0.0092716059
0.0430183113
-0.0036931389
-0.0050775986
0.0137490947
0.1543128043
0.0415606052
0.0111687128
-0.0405001156
-0.0006240183
0.0434550047
-0.0116933044
0.0159460977
-0.0128930006
0.0133666368
-0.0448411256
-0.0411011539
0.0111338850
-0.0646231249
-0.0442052819
0.0421085879
-0.0283106528
0.0649486333
-0.0563902520
0.0175319929
-0.0509111360
-0.0352431946
-0.0304263905
0.2122106105
0.0070091141
-0.0080725737
-0.0243137088
0.0274088252
0.0128146512
0.0036275955
-0.0045158165
0.0428518467
-0.0199204292
0.0058669574
-0.0061655021
-0.0041620955
-0.0293983128
-0.0465552881
-0.2870932519
0.0102497078
-0.0471894853
0.0811060593
0.0813127309
0.0026602848
0.0192062613
0.0114646945
0.0106686316
-0.0348393954
0.0228241421
-0.0486253463
-0.2676555812
-0.0161520224
0.0666664615
0.0195592064
-0.0119953873
-0.0039549596
0.0095173521
-0.0329250842
-0.0005939925
-0.0100066280
0.0428715833
-0.0029288162
-0.0049303826
0.0140883727
0.1539065689
0.0414099656
0.0108108819
-0.0413100757
-0.0007884952
0.0440283231
-0.0132771637
0.0156852789
-0.0129353488
0.0136950789
-0.0454242565
-0.0413459502
0.0114130154
-0.0650304183
-0.0451733768
0.0415832736
-0.0280831028
0.0656836703
-0.0573663339
0.0179928169
-0.0484800152
-0.0340715162
-0.0302717704
0.2074500024
0.0077385707
-0.0076319980
-0.0244387127
0.0278500374
0.0116727417
0.0032830082
-0.0030923893
0.0419152454
-0.0199085791
0.0059940633
-0.0062960512
-0.0037714757
-0.0282133780
-0.0504955426
-0.2864013314
0.0089666015
-0.0477858558
0.0845050588
0.0804717019
0.0016253493
0.0186845344
0.0106816348
0.0108023668
-0.0357249156
0.0226016771
-0.0489976853
-0.2521458268
-0.0161040556
0.0639622658
0.0178394653
-0.0117000239
-0.0039661112
0.0086355759
-0.0322726257
-0.0009973078
-0.0123916985
0.0439359508
-0.0019660238
-0.0041962415
0.0150155807
0.1505283117
0.0402557999
0.0102753481
-0.0355036594
0.0003809503
0.0439181067
-0.0174310561
0.0160332620
-0.0118486052
0.0143695716
-0.0445558801
-0.0398671478
0.0114582144
-0.0620345809
-0.0444571078
0.0413213857
-0.0284673776
0.0651536062
-0.0538994968
0.0175354015
-0.0591663830
-0.0424649492
-0.0301711857
0.1997413933
0.0090054153
-0.0074086604
-0.0248121731
0.0274700820
0.0123940734
0.0038453275
-0.0026288733
0.0412778929
-0.0172578618
0.0063315770
-0.0065049841
-0.0042206780
-0.0280904975
-0.0535753109
-0.2883759141
0.0088610463
-0.0454302952
0.0811947137
0.0760763884
-0.0007874633
0.0203961246
0.0110844309
0.0104648136
-0.0336388387
0.0210062377
-0.0471190214
-0.2708250284
-0.0174074098
0.0671342537
0.0216892101
-0.0118637998
-0.0047801156
0.0095092887
-0.0323635265
0.0000779096
-0.0122064855
0.0441954471
-0.0027408185
-0.0039211619
0.0162700862
0.1331180781
0.0368419923
0.0093197208
-0.0442028232
0.0012896680
0.0503909253
-0.0192421116
0.0151588619
-0.0109990351
0.0151579613
-0.0468139537
-0.0431901403
0.0102410177
-0.0618692264
-0.0432873294
0.0425862633
-0.0281339101
0.0651352629
-0.0554236360
0.0192771610
-0.0553056858
-0.0367520303
-0.0287342053
0.2023222297
0.0141438590
-0.0082242778
-0.0290623847
0.0292658284
0.0102137653
0.0055236677
-0.0001763735
0.0411732793
-0.0192999970
0.0044660382
-0.0052269283
-0.0039776745
-0.0279146396
-0.0662362054
-0.2785277069
0.0087112552
-0.0450565517
0.0830349475
0.0754401013
0.0001649644
0.0190454908
0.0111337202
0.0096328035
-0.0371166952
0.0216886420
-0.0473797694
-0.2514918745
-0.0139983147
0.0666545928
0.0205565542
-0.0114456760
-0.0051534097
0.0091324933
-0.0336260460
0.0012880462
-0.0119446814
0.0428597406
-0.0018308546
-0.0052567930
0.0147181721
0.1334250569
0.0385004170
0.0075076637
-0.0459756255
0.0007955457
0.0415969901
-0.0078804838
0.0157504641
-0.0125340503
0.0150852166
-0.0481279120
-0.0438980050
0.0090384344
-0.0614129379
-0.0447504334
0.0406590663
-0.0289827529
0.0649340600
-0.0569509454
0.0168758314
-0.0517426655
-0.0365979113
-0.0300413370
0.1936726421
0.0063342745
-0.0065475772
-0.0263861418
0.0259267017
0.0096022105
0.0025726177
0.0065108696
0.0397421755
-0.0188865289
0.0059787277
-0.0065327524
-0.0032772005
-0.0288450718
-0.0600496307
-0.2786919177
0.0085843783
-0.0464905947
0.0863155872
0.0821541771
0.0067942976
0.0201800987
0.0114586288
0.0092553608
-0.0399570800
0.0231248364
-0.0480330996
-0.2217853963
-0.0104476046
0.0652497038
0.0190488920
-0.0102043655
-0.0048244353
0.0070848833
-0.0340811349
0.0028561039
-0.0140095716
0.0426590890
-0.0010619715
-0.0061353357
0.0151805812
0.1154685393
0.0405637026
0.0037899758
-0.0459034927
0.0030282852
0.0332129113
-0.0016793066
0.0172044914
-0.0120254764
0.0162545294
-0.0504930131
-0.0442722961
0.0067528719
-0.0550616719
-0.0454347990
0.0392931178
-0.0307754986
0.0638403296
-0.0549227111
0.0132968100
-0.0626498610
-0.0403284766
-0.0308149923
0.1768953353
-0.0000328421
-0.0049660830
-0.0245824847
0.0230095908
0.0080694985
0.0020130773
0.0157520883
0.0382017083
-0.0155658107
0.0079282494
-0.0071010804
-0.0021443756
-0.0318083167
-0.0622472726
-0.2752139270
0.0091647487
-0.0439104140
0.0849352404
0.0807704031
0.0101231765
0.0244234893
0.0133388462
0.0073317746
-0.0417943411
0.0233242996
-0.0467467196
-0.5089248419
-0.0639779791
0.0714429542
-0.0003265243
0.0126337996
-0.0286351312
-0.0062298155
-0.0268873293
-0.0170176160
-0.0028996509
0.0731179565
-0.0287847724
0.0156852659
0.0346862823
0.1860013157
-0.1013109684
0.0133655416
0.0017668406
0.0735507235
0.1007267088
-0.0794570073
0.0037874891
0.0391772613
0.0071370639
-0.0204533227
-0.0327395722
0.0210496224
-0.0168622006
0.0007590626
0.0768624097
-0.0126221906
0.0689288899
-0.0046893437
0.0624514110
-0.0793947354
0.0040634791
-0.0050959289
0.3884329200
0.1286977082
-0.0234344862
-0.2021351159
0.0807506442
0.0154017229
0.0519488230
0.0137141207
0.0625842810
-0.0278232060
-0.0005575334
0.0367429927
0.0044135321
-0.0496371277
0.0339895412
-0.2476111650
0.0290574674
-0.0001686663
-0.0356338397
-0.1182582453
-0.1008102670
0.0055868737
0.0273525454
0.0196815711
0.0180315413
-0.0215451661
-0.0275248215
-0.5519240499
-0.0368099622
0.1697665453
0.0905210525
-0.0598391406
-0.0319221951
0.0860433653
-0.0279754773
0.0005894369
-0.0012668807
0.0017095294
-0.0198394153
-0.0332154632
0.0244873427
0.1184342727
0.1695761085
0.0016864396
-0.3297313154
0.0020433797
0.2346250564
0.0202610902
0.0239515975
-0.0063552097
0.0314270966
-0.0431160554
-0.0417079739
-0.0181718487
-0.1247256473
-0.0294813346
0.0514519550
-0.0344105996
0.0712331906
-0.1857185513
0.0434391759
0.1806673855
0.1990492046
-0.0068969014
0.2121599317
0.1805849522
-0.0008242789
-0.0133502018
0.0880557746
-0.0115898121
-0.0243343133
0.0665713772
0.0430227891
-0.0666349456
-0.0575966015
-0.0317311957
0.0236451775
-0.0556025691
-0.2396684289
-0.1637559831
-0.0204026699
-0.0717147291
0.1866770685
0.3420128822
-0.0382529907
-0.0584082976
0.0231101178
0.0439959802
-0.1268750429
0.0429209545
-0.0971553102
-0.1595014185
-0.0338423923
0.0268928744
-0.0199872423
-0.0259619728
-0.0135163534
0.0002484718
-0.0134736560
-0.0175004285
-0.0106573468
0.0446195230
0.0136230262
0.0130136739
0.0050875032
0.3794886768
-0.0589617267
0.0250973571
0.0455091894
-0.0201670770
0.0128979487
-0.0534872860
0.0115543613
-0.0319406390
0.0083655827
-0.0133720059
-0.0120216524
0.0308364835
-0.0609954856
-0.0513014309
0.0523997620
-0.0195453260
0.0577679798
-0.0320583656
0.0016829785
-0.1634797454
-0.1752832085
-0.0464396216
0.1903057545
-0.0013494301
-0.0045982474
-0.0369611606
0.0172717217
0.0346514396
-0.0015447978
-0.0346939303
0.0470925160
-0.0012319786
0.0094615221
-0.0196473878
-0.0308806840
-0.0232720096
0.0907085091
-0.3731188774
0.0032570895
-0.0465459675
0.0348539762
0.0348419808
-0.0365937725
0.0257264003
-0.0022440541
0.0141734770
0.0080741048
0.0086992169
-0.0495847613
-0.1683976799
-0.0270215776
0.0401377380
-0.0088619431
-0.0299141519
0.0046996353
0.0106263813
-0.0083586713
-0.0118395109
-0.0080940602
0.0300966240
0.0064353724
-0.0051808855
-0.0046797623
0.3214934468
0.0353980474
0.0216652695
0.0202769414
-0.0323246345
0.0244528651
-0.0531641096
0.0169472508
-0.0377442352
0.0121136457
-0.0173589867
-0.0075872238
0.0242120717
-0.0631559789
-0.0549028143
0.0426913463
-0.0244317073
0.0572265536
-0.0394345634
-0.0064484985
-0.1354363412
-0.1427117884
-0.0398936905
0.2076119930
-0.0023960050
-0.0132019967
0.0172457807
0.0146873798
0.0251882821
-0.0118986992
-0.0319312364
0.0459012277
-0.0053553996
0.0047163353
-0.0268265605
-0.0317125060
-0.0204213988
0.0577213988
-0.3484710455
0.0045700371
-0.0427964926
0.0714486018
0.0735561103
-0.0329057872
0.0228313599
0.0046993787
0.0145050809
-0.0025337047
0.0138915097
-0.0535787567
-0.3955291510
-0.0571212769
0.0356451049
-0.0198791530
-0.0025839866
-0.0403367057
-0.0150479041
-0.0117360344
-0.0305083264
-0.0042576683
0.0788466111
-0.0037846141
0.0398402885
0.0328753106
0.3133849502
-0.1710523516
0.0239932630
0.0762376562
0.0427017175
0.0349948294
-0.0703141242
0.0010385379
0.0162931457
0.0020290476
-0.0108339470
-0.0314943008
0.0264232811
-0.0343524143
-0.0232491214
0.0850888938
-0.0166355669
0.0524247810
-0.0061313668
0.0476273112
-0.1112536788
-0.0786352456
-0.0239035934
0.3159196079
0.0842185467
-0.0122694224
-0.1948574185
0.0593387820
0.0386684239
0.0473268777
-0.0001454638
0.0664418861
-0.0141451741
0.0028506443
0.0134365000
-0.0112093445
-0.0435102731
0.1066438258
-0.3190641403
0.0177696217
-0.0144521333
-0.0391727909
-0.1177564412
-0.0862670168
0.0108243432
0.0025177049
0.0220194720
0.0334493332
-0.0166834407
-0.0397868752
-0.2686082125
-0.0300461370
0.0606436022
-0.0069200541
-0.0140523212
-0.0217712950
0.0011714995
-0.0273720622
-0.0050646658
-0.0118998028
0.0502408072
-0.0028019540
-0.0017604711
0.0125481058
0.2425576746
-0.0125186024
0.0203071423
-0.0130674560
0.0200171731
0.0621469915
-0.0176729616
0.0117914639
-0.0031381208
0.0073123374
-0.0232571419
-0.0248764362
0.0222316068
-0.0626113489
-0.0199717227
0.0601737946
-0.0185603648
0.0618774332
-0.0373869501
0.0271738116
-0.0947171450
-0.0568056181
-0.0276791230
0.2677327096
0.0464129895
-0.0144939171
-0.0540934391
0.0383401178
0.0343647115
0.0037584356
0.0015868762
0.0556166023
-0.0176175125
0.0038884876
0.0024948746
-0.0073952763
-0.0372046642
0.0133694960
-0.2950764596
0.0140778180
-0.0391544029
0.0609653480
0.0561634712
-0.0398937091
0.0071734725
0.0149530992
0.0166200884
-0.0168274045
0.0076709264
-0.0425245203
-0.2294628918
-0.0284016300
0.0318045877
-0.0185890086
-0.0050090519
-0.0305027105
-0.0206747297
-0.0015479774
-0.0200313441
-0.0169048924
0.0697820410
-0.0001988354
0.0230352916
0.0223799814
0.2424289733
-0.0773016885
0.0134298317
0.0667043030
0.0291564763
0.0328210033
-0.0485519171
0.0107590184
0.0131444549
0.0068280939
-0.0131113138
-0.0257639010
0.0192310028
-0.0432264395
-0.0213487595
0.0726134107
-0.0349299312
0.0416627973
-0.0041142250
0.0329478458
-0.1219709665
-0.1008347869
-0.0233249143
0.2752996683
0.0449316315
-0.0182565954
-0.1146867871
0.0376638956
0.0513455048
0.0323802605
0.0139426058
0.0626691356
-0.0090287765
0.0042238617
0.0028774946
-0.0114322389
-0.0384289511
0.0736032128
-0.3115217686
0.0237150397
-0.0097849993
-0.0072733657
-0.0603073314
-0.0477265194
0.0145672746
0.0033625036
0.0174137689
0.0139691448
-0.0067612659
-0.0385102034
-0.3433048725
-0.0162870325
0.0858519077
0.0194703247
-0.0100552216
-0.0169574171
0.0077046221
-0.0312751606
0.0040857103
-0.0044791782
0.0424895063
-0.0163665805
-0.0148961134
0.0113797337
0.1443827748
0.0503595248
0.0125577794
-0.0766180605
0.0213337876
0.0789142475
0.0289010014
0.0122685265
0.0003078641
0.0066651073
-0.0384230018
-0.0427396297
0.0082708858
-0.0777843073
-0.0159899835
0.0533940718
-0.0280678980
0.0630059987
-0.0607827157
0.0346485600
0.0164101757
0.0305300951
-0.0199283641
0.3036127687
0.0382994115
-0.0150889670
-0.0419030152
0.0382088348
0.0237446148
0.0006696885
0.0179254469
0.0521763861
-0.0371636041
-0.0015006496
0.0044898456
0.0040278547
-0.0348500982
-0.0291049965
-0.2535230815
0.0178438146
-0.0447649993
0.0879121944
0.1099450365
0.0017648491
-0.0017850453
0.0197568778
0.0169050563
-0.0462372266
0.0234773718
-0.0485979542
-0.2659952641
-0.0141893337
0.0666809008
0.0192852039
-0.0112375552
-0.0038103873
0.0079397857
-0.0311811268
-0.0003615395
-0.0086967750
0.0427814163
-0.0050626397
-0.0060404902
0.0129974680
0.1505424827
0.0447335541
0.0112971906
-0.0394142754
-0.0000876684
0.0427592061
-0.0058137970
0.0160172377
-0.0119462050
0.0121493395
-0.0449892133
-0.0426889546
0.0107101183
-0.0670324564
-0.0419887379
0.0426334813
-0.0288863294
0.0641157553
-0.0560187623
0.0190619119
-0.0398290865
-0.0280838795
-0.0290764924
0.2205260098
0.0044034584
-0.0091514699
-0.0251156520
0.0265789013
0.0143045355
0.0034723070
-0.0015763448
0.0435711294
-0.0217295922
0.0062242844
-0.0053868652
-0.0038496656
-0.0274062473
-0.0440150090
-0.2848082483
0.0111382240
-0.0463368706
0.0830431283
0.0788798854
0.0070575196
0.0175665244
0.0107564209
0.0104822284
-0.0353929438
0.0235837735
-0.0487820022
-0.2519737780
-0.0153758954
0.0640888885
0.0168505069
-0.0111953951
-0.0045314007
0.0078194886
-0.0315546542
-0.0022931790
-0.0110738669
0.0443846583
-0.0033933267
-0.0036791677
0.0135949934
0.1589174569
0.0384446532
0.0112868398
-0.0308695920
0.0001745505
0.0412691534
-0.0101309670
0.0161692034
-0.0111177079
0.0128774606
-0.0438401513
-0.0399264842
0.0116356006
-0.0655192956
-0.0430251211
0.0419312194
-0.0289413761
0.0641683042
-0.0526839904
0.0188021455
-0.0504918508
-0.0410840921
-0.0295489877
0.2122605294
0.0055774641
-0.0080103269
-0.0260699522
0.0265414286
0.0147432871
0.0032602646
-0.0044353758
0.0426033512
-0.0187316909
0.0065444466
-0.0055611990
-0.0041185562
-0.0262579210
-0.0412406623
-0.2915798724
0.0094925389
-0.0450928733
0.0770844370
0.0713485330
0.0017132906
0.0192385763
0.0095400466
0.0103161754
-0.0315769538
0.0207513422
-0.0470111519
-0.2605639100
-0.0174625870
0.0649077520
0.0183718447
-0.0116794202
-0.0053291982
0.0090267034
-0.0318858437
-0.0026537285
-0.0118761025
0.0449948162
-0.0031718402
-0.0024699809
0.0148237143
0.1554262340
0.0334649161
0.0111784367
-0.0330614597
0.0009049177
0.0460206568
-0.0147353066
0.0153915184
-0.0103833228
0.0136110103
-0.0441634431
-0.0404888056
0.0115439482
-0.0650815144
-0.0425268672
0.0426386259
-0.0284131858
0.0645612180
-0.0527326986
0.0201556999
-0.0520455316
-0.0423251651
-0.0289436411
0.2108654678
0.0112059433
-0.0079268683
-0.0297515020
0.0282590855
0.0134442290
0.0041466281
-0.0048908638
0.0419433154
-0.0188419223
0.0052049635
-0.0050510420
-0.0042899805
-0.0254502110
-0.0479214378
-0.2891190350
0.0083943447
-0.0446386933
0.0759101212
0.0691838637
-0.0011892432
0.0186184216
0.0091888402
0.0102449246
-0.0316279903
0.0198192038
-0.0466344394
-0.2681814432
-0.0172885992
0.0673753247
0.0201842971
-0.0115070576
-0.0063137324
0.0096609341
-0.0322254486
-0.0017772872
-0.0120618623
0.0450129136
-0.0038355279
-0.0035519318
0.0153333964
0.1438698769
0.0368003584
0.0105119972
-0.0388507396
0.0028706586
0.0505971052
-0.0130686974
0.0150332423
-0.0088360440
0.0136620803
-0.0447650217
-0.0414056182
0.0107180662
-0.0655765533
-0.0406499356
0.0428438224
-0.0283673499
0.0644844994
-0.0538790897
0.0220077056
-0.0461320207
-0.0357409380
-0.0273513459
0.2144168913
0.0151978508
-0.0088053690
-0.0312205087
0.0296192411
0.0130663896
0.0044612791
-0.0015705777
0.0416783281
-0.0205911938
0.0039488268
-0.0040575094
-0.0030012857
-0.0252747647
-0.0554106608
-0.2820242345
0.0083592795
-0.0441402607
0.0791476220
0.0716437027
-0.0004399438
0.0164499283
0.0103058657
0.0106580397
-0.0342339315
0.0203797445
-0.0463338420
-0.2402064353
-0.0132704675
0.0657167733
0.0185874868
-0.0107241273
-0.0061951815
0.0087742405
-0.0329564661
-0.0000886522
-0.0130212633
0.0440232046
-0.0024594534
-0.0050682705
0.0147851408
0.1389604211
0.0405336805
0.0079074958
-0.0400870331
0.0033042955
0.0426430479
-0.0044455002
0.0159883145
-0.0099001247
0.0144502101
-0.0455757529
-0.0416129045
0.0087709185
-0.0624530762
-0.0417865887
0.0402017497
-0.0299608894
0.0641432106
-0.0544485040
0.0188556314
-0.0491737686
-0.0387724116
-0.0287578162
0.1999857724
0.0095358435
-0.0066786110
-0.0281668901
0.0262101702
0.0125085721
0.0018910668
0.0056280508
0.0397205614
-0.0186778381
0.0052663330
-0.0061127855
-0.0023522847
-0.0276883002
-0.0538376234
-0.2828910947
0.0088596717
-0.0444039740
0.0806236714
0.0811372101
0.0056566428
0.0190634038
0.0120823374
0.0104632415
-0.0368964933
0.0214024317
-0.0459314287
-0.2122296542
-0.0098248785
0.0646870211
0.0179571416
-0.0097242463
-0.0040460113
0.0065943254
-0.0319860205
0.0021498704
-0.0157800484
0.0434665121
-0.0020926781
-0.0071109948
0.0156487133
0.1092435420
0.0506783947
0.0041863895
-0.0401102677
0.0047648791
0.0376312584
-0.0038412942
0.0180679914
-0.0091154994
0.0160095897
-0.0483060852
-0.0411537625
0.0063584964
-0.0548825674
-0.0426023081
0.0388460383
-0.0319842584
0.0623958446
-0.0513768643
0.0146962730
-0.0648948029
-0.0423253477
-0.0285798740
0.1819405705
0.0041021393
-0.0067265979
-0.0206494350
0.0237894338
0.0107404841
0.0024677319
0.0136917010
0.0386556685
-0.0147589669
0.0069499165
-0.0067634308
-0.0015330139
-0.0309008434
-0.0643887743
-0.2759780586
0.0097790780
-0.0402280316
0.0825167224
0.0783156231
0.0071115154
0.0236031953
0.0147924032
0.0080903322
-0.0389512815
0.0219468493
-0.0440812558
-0.5042403936
-0.0559818074
0.0680335090
0.0008853455
-0.0087677548
-0.0202098228
0.0025636507
-0.0281356834
-0.0211936142
0.0069065378
0.0564218909
-0.0166294035
0.0161509626
0.0132538173
0.2488832772
-0.1224299520
0.0277680401
0.0060724914
0.0206992049
0.0500588678
-0.0388158672
0.0054618209
-0.0030129044
0.0006822228
-0.0334400758
-0.0454668477
0.0231383834
-0.0486438386
-0.0289016124
0.0689292625
-0.0024052327
0.0671543181
-0.0286392104
0.0332572050
-0.0571444295
-0.0145973302
-0.0236972664
0.3306304812
0.0522258356
-0.0141192833
-0.1416941732
0.0527433604
0.0113838110
0.0209304076
-0.0066347886
0.0619147122
-0.0283828583
0.0055212034
0.0190093536
-0.0133034531
-0.0279440992
0.0480880439
-0.2733197510
0.0117500583
-0.0318385251
0.0301508810
-0.0860367417
-0.0508409999
0.0120507507
0.0012287222
0.0032008707
0.0011559024
0.0028134156
-0.0499926135
-0.2207904160
-0.0265856590
0.0583399385
-0.0090784440
-0.0289344639
-0.0072264560
0.0182138849
-0.0230490975
-0.0082573341
-0.0055171545
0.0265972707
0.0047177724
-0.0140071642
-0.0063074408
0.3108321130
0.0339153819
0.0221765768
-0.0148904053
-0.0125629883
0.0384593271
-0.0202781726
0.0133926198
-0.0301613510
0.0076589966
-0.0156324599
-0.0084552690
0.0215386674
-0.0680311769
-0.0426477045
0.0404162109
-0.0171810593
0.0641090125
-0.0560727082
0.0033634156
-0.0897951201
-0.0868096799
-0.0348492637
0.2319191098
0.0229415279
-0.0109582869
0.0065541221
0.0238611065
0.0236915704
-0.0213244688
-0.0148093533
0.0448545776
-0.0149363652
0.0003429185
-0.0168862548
-0.0189311933
-0.0227553304
0.0416424796
-0.3201659322
0.0035509733
-0.0517814755
0.0988527685
0.1084514260
-0.0313035250
0.0080839219
0.0163334813
0.0177282561
-0.0161082521
0.0161611214
-0.0517327376
-0.2974577248
-0.0273530595
0.0625173673
0.0005947240
-0.0188466646
0.0000829170
0.0075731054
-0.0158017185
-0.0032551708
-0.0063813678
0.0276810676
-0.0096253324
-0.0108855069
-0.0001559181
0.1884446740
0.0342477895
0.0166013278
-0.0182001963
-0.0014642099
0.0473949090
-0.0288098175
0.0152908433
-0.0214353986
0.0086991778
-0.0266570803
-0.0296862144
0.0120634940
-0.0526337139
-0.0306592770
0.0528905690
-0.0220333822
0.0568669997
-0.0397346988
0.0036437002
-0.0789317638
-0.0305550396
-0.0266402736
0.2649238408
0.0263681933
-0.0160057750
-0.0153937927
0.0257169455
0.0189267285
-0.0057771769
0.0090409536
0.0536084212
-0.0160115082
0.0045632087
-0.0073461626
-0.0226619318
-0.0240989011
0.0127001069
-0.2684463859
0.0148776630
-0.0329994746
0.0983987451
0.0477976874
-0.0209595375
0.0193770956
0.0112846745
0.0041668843
-0.0222586561
0.0170506258
-0.0524599366
-0.2873451114
-0.0342070088
0.0543562397
0.0018561690
-0.0294986106
0.0099418582
0.0109187458
-0.0028911452
-0.0138201397
-0.0011052198
0.0287591964
-0.0096637094
-0.0075665796
-0.0028826024
0.2475756407
0.0382316336
0.0253639575
0.0096879601
-0.0218610354
0.0444274694
-0.0634715781
0.0174197536
-0.0284089409
0.0080476999
-0.0226513166
-0.0205233935
0.0206658747
-0.0621313006
-0.0403245799
0.0568405576
-0.0214294344
0.0528518856
-0.0347001851
0.0007294487
-0.1075089574
-0.0749531984
-0.0283217262
0.2794410884
0.0172148291
-0.0243581701
-0.0037315262
0.0265979171
0.0224079005
-0.0002413679
-0.0240159091
0.0571703315
-0.0146082575
0.0020734488
-0.0144950515
-0.0326171219
-0.0169472955
0.0344421640
-0.3014078438
0.0103105437
-0.0287874751
0.0736700296
0.0147186164
-0.0374880470
0.0167412776
0.0032729225
0.0072901710
-0.0026866468
0.0152125042
-0.0567060523
-0.1285896003
-0.0271555912
0.0430682153
-0.0178377032
-0.0236765649
-0.0114434799
0.0138287367
-0.0272713006
-0.0138670653
-0.0145675344
0.0422408618
0.0112493737
-0.0049255751
0.0044664922
0.3652637601
0.0232849699
0.0217795912
0.0176326800
-0.0044679777
0.0247389153
-0.0280101802
0.0154755684
-0.0197750963
0.0095996559
-0.0135607645
0.0043779369
0.0279882923
-0.0626777783
-0.0481424741
0.0384596251
-0.0201448202
0.0673613474
-0.0433715694
0.0101876287
-0.1319557279
-0.1400812119
-0.0410907678
0.1908848882
0.0190133285
-0.0057064649
-0.0034372895
0.0263741463
0.0315641575
-0.0120522305
-0.0351477005
0.0381149948
-0.0037932289
0.0073046926
-0.0161080007
-0.0090107815
-0.0314980522
0.0645377710
-0.3726194501
0.0017137352
-0.0479193702
0.0497020669
0.0964308381
-0.0496614315
0.0132071516
0.0202636868
0.0254355911
0.0056009418
0.0067354492
-0.0424438491
-0.2731731236
-0.0372401662
0.0565969348
-0.0040553906
-0.0237980373
-0.0085256994
0.0105050150
-0.0205213819
-0.0121549843
-0.0104218535
0.0395192727
-0.0044606132
-0.0026060012
0.0067381253
0.2602801323
0.0041660629
0.0240449440
-0.0007470126
0.0023308829
0.0574646890
-0.0494906567
0.0137476856
-0.0152537860
0.0082180658
-0.0219993852
-0.0181225296
0.0234283172
-0.0594789535
-0.0301534515
0.0568465032
-0.0157897696
0.0620481744
-0.0365704522
0.0151286712
-0.1104684249
-0.0745823160
-0.0290849358
0.2553761303
0.0393074080
-0.0154096382
-0.0351613984
0.0360404328
0.0249777511
0.0005901178
-0.0200299118
0.0517154299
-0.0118630854
0.0033886465
-0.0041604196
-0.0184228234
-0.0240788423
0.0148877418
-0.3073944747
0.0072223260
-0.0351964869
0.0592982322
0.0327375680
-0.0497768559
0.0135299433
0.0107564600
0.0114032896
-0.0045033013
0.0083042886
-0.0470417514
-0.2841276526
-0.0250775609
0.0518825501
-0.0065419581
-0.0073486380
-0.0180297382
-0.0102790911
-0.0168260057
-0.0061200983
-0.0125771305
0.0532287993
-0.0083604651
0.0054765120
0.0128374649
0.2177818418
-0.0148421237
0.0183945801
0.0100071523
0.0183390677
0.0591443479
-0.0255474914
0.0130918901
-0.0011106821
0.0069892062
-0.0231126323
-0.0332296677
0.0211949367
-0.0612315461
-0.0171201304
0.0669363141
-0.0272600558
0.0552644059
-0.0238982085
0.0270126127
-0.0793989673
-0.0492710918
-0.0262649506
0.2977355719
0.0316890217
-0.0173290409
-0.0606117062
0.0329453275
0.0416128822
0.0141968513
-0.0009270500
0.0646285638
-0.0162555426
0.0087351147
0.0040385453
-0.0117771318
-0.0331058390
0.0306713842
-0.2953059375
0.0240756646
-0.0298588071
0.0463272817
0.0182168055
-0.0322507806
0.0147895981
0.0031538706
0.0110156359
-0.0108094607
0.0061971047
-0.0453855693
-0.4491165280
-0.0547840819
0.0760417432
0.0040062433
-0.0076258527
-0.0205053668
0.0065559610
-0.0278124921
-0.0160101466
-0.0056411820
0.0558291376
-0.0225065630
0.0022910459
0.0215526409
0.1940869689
-0.0444339514
0.0204310603
-0.0196642000
0.0456877202
0.0966707915
-0.0630531013
0.0075023412
0.0180762932
0.0060264599
-0.0234587509
-0.0275466554
0.0205856301
-0.0411289893
-0.0069043678
0.0679998025
-0.0092054838
0.0673139542
-0.0255364142
0.0445775725
-0.0730194598
-0.0057196831
-0.0118987886
0.3471967876
0.1008930951
-0.0225422531
-0.1267893463
0.0683012232
0.0181030855
0.0264917240
-0.0030126709
0.0576827861
-0.0263590161
-0.0035133562
0.0246824287
-0.0021111139
-0.0340103395
0.0011364510
-0.2535829246
0.0171495415
-0.0173234362
0.0166404769
-0.0482814647
-0.0764316767
0.0020471860
0.0236581359
0.0138885267
0.0018245692
-0.0048851669
-0.0371981487
-0.4374341071
-0.0618048050
0.0348550715
-0.0216892716
0.0075291838
-0.0442340225
-0.0221896637
-0.0069578770
-0.0270294119
-0.0063740425
0.0865117982
-0.0107528837
0.0448766202
0.0401523858
0.2831140757
-0.1857406050
0.0192308500
0.0823780000
0.0624242872
0.0570310168
-0.0844238773
0.0006478348
0.0316328332
0.0037259161
-0.0066596554
-0.0351966955
0.0245043337
-0.0218291711
-0.0093523851
0.0954076499
-0.0223783422
0.0510158092
0.0094426051
0.0589336976
-0.1069580168
-0.0630290359
-0.0165381525
0.3563140333
0.1135655269
-0.0159937646
-0.2244273275
0.0677434132
0.0418722071
0.0613213442
0.0122874891
0.0740698725
-0.0138127329
0.0027653656
0.0213393513
-0.0086240694
-0.0536237545
0.1107492894
-0.3024207652
0.0297877286
0.0000082825
-0.0643653125
-0.1462050527
-0.1063731313
0.0124238096
0.0038903086
0.0240371618
0.0407432988
-0.0290714297
-0.0336312838
-0.2619999051
-0.0163433719
0.0648071468
0.0169433728
-0.0116036469
-0.0030294796
0.0079757161
-0.0301759169
-0.0028385059
-0.0106457584
0.0434806570
-0.0050215651
-0.0049312855
0.0131676560
0.1585574895
0.0483911186
0.0126065249
-0.0294484496
0.0000238393
0.0445258915
-0.0150023708
0.0164395366
-0.0105897598
0.0120471837
-0.0425046347
-0.0378737934
0.0125769861
-0.0664897710
-0.0422576144
0.0428769030
-0.0286941007
0.0636911243
-0.0520715751
0.0192249566
-0.0478878580
-0.0353338309
-0.0284629390
0.2219020277
0.0067936666
-0.0101235006
-0.0217886623
0.0280523058
0.0157375038
0.0042960355
-0.0073837838
0.0440422930
-0.0193732586
0.0064396514
-0.0049520871
-0.0041925744
-0.0252839588
-0.0397595838
-0.2901152968
0.0099514304
-0.0438490212
0.0796883851
0.0685457662
-0.0016755790
0.0179312602
0.0099238241
0.0107436245
-0.0297870245
0.0209641047
-0.0475773551
-0.2751546502
-0.0187266227
0.0667217448
0.0187504459
-0.0117436592
-0.0040701530
0.0094479509
-0.0309857875
-0.0033286780
-0.0116157802
0.0444735736
-0.0048051225
-0.0037297979
0.0145080294
0.1531580389
0.0445918366
0.0126148816
-0.0316554569
0.0011810515
0.0505566970
-0.0196029823
0.0155672422
-0.0090641724
0.0126853632
-0.0429930240
-0.0380325057
0.0126588512
-0.0667963177
-0.0419156775
0.0433479473
-0.0280415099
0.0642003790
-0.0521353371
0.0214345884
-0.0476946384
-0.0349378996
-0.0272310879
0.2221615314
0.0137084322
-0.0103786420
-0.0248015616
0.0304172132
0.0143459067
0.0052053803
-0.0082027363
0.0433461852
-0.0200395416
0.0048516933
-0.0038596080
-0.0036741665
-0.0239189453
-0.0476090647
-0.2863719165
0.0083512943
-0.0434387363
0.0802289471
0.0647842512
-0.0060037416
0.0165175870
0.0094120968
0.0108507844
-0.0300342999
0.0197771527
-0.0469005294
-0.2781026959
-0.0182070825
0.0674818158
0.0201766733
-0.0117154727
-0.0048495252
0.0099028358
-0.0318032391
-0.0021647483
-0.0113386773
0.0442977808
-0.0048337071
-0.0043945182
0.0152177168
0.1478482187
0.0437471606
0.0124247698
-0.0374962054
0.0021331687
0.0536628775
-0.0176592767
0.0152247334
-0.0088839168
0.0127539653
-0.0435511656
-0.0401608758
0.0119683221
-0.0672318637
-0.0405472629
0.0432155468
-0.0276836175
0.0648841932
-0.0543543622
0.0224878974
-0.0431482084
-0.0310760122
-0.0270549413
0.2208876908
0.0155311543
-0.0100060804
-0.0272611603
0.0307786372
0.0140155647
0.0052232365
-0.0060218843
0.0428560376
-0.0211294461
0.0042778710
-0.0037386806
-0.0031939810
-0.0244871024
-0.0550521314
-0.2832089961
0.0088514732
-0.0446295328
0.0822001472
0.0716966242
-0.0025593578
0.0155941490
0.0103755146
0.0112688970
-0.0327532180
0.0209147651
-0.0470439307
-0.2444141358
-0.0124987569
0.0665182844
0.0183492135
-0.0103759607
-0.0054830564
0.0077659497
-0.0335800499
0.0004107000
-0.0124954060
0.0423864052
-0.0040280703
-0.0065991161
0.0139833624
0.1308191270
0.0447773486
0.0081560491
-0.0403047986
0.0041016275
0.0400371775
-0.0009237646
0.0166222081
-0.0097519318
0.0129543114
-0.0469294488
-0.0426065177
0.0087876646
-0.0623009466
-0.0411892869
0.0411136486
-0.0293182228
0.0638374537
-0.0546304993
0.0180353001
-0.0431260802
-0.0282642953
-0.0283704512
0.2019754052
0.0030272333
-0.0073376703
-0.0250412785
0.0257042293
0.0122588445
0.0021175859
0.0098083206
0.0408272929
-0.0188323651
0.0074957940
-0.0045151990
-0.0018996323
-0.0269646272
-0.0531049222
-0.2771361172
0.0095549859
-0.0442095213
0.0879029855
0.0752727762
0.0078611644
0.0193887968
0.0118253715
0.0087609133
-0.0381544195
0.0229303092
-0.0472383462
-0.2204112262
-0.0098634716
0.0641418695
0.0191350169
-0.0090009952
-0.0031202459
0.0060481126
-0.0329011679
0.0018228618
-0.0154165281
0.0431170054
-0.0031188254
-0.0059878584
0.0160970818
0.1080953255
0.0512047485
0.0050257109
-0.0383272395
0.0038353880
0.0359346494
-0.0034930552
0.0176003091
-0.0095044980
0.0152980229
-0.0494986773
-0.0430729985
0.0065829363
-0.0568419658
-0.0434966162
0.0393171012
-0.0320475958
0.0626202747
-0.0522537716
0.0150087355
-0.0558747575
-0.0366798006
-0.0290393848
0.1841087490
-0.0006721031
-0.0062059010
-0.0191917643
0.0234096702
0.0103550516
0.0034376513
0.0114307841
0.0390509404
-0.0151160099
0.0081870863
-0.0060456940
-0.0016059212
-0.0285534933
-0.0629224107
-0.2768925428
0.0099948524
-0.0417571180
0.0852798373
0.0761905611
0.0098914495
0.0242857710
0.0127951372
0.0071460442
-0.0386332572
0.0231254175
-0.0455007851
-0.4070297480
-0.0325789563
0.0765103549
0.0180135854
-0.0213906914
0.0088908877
0.0145346411
-0.0142483786
-0.0029348871
0.0038545497
0.0242557060
-0.0178396311
-0.0131777572
-0.0009248896
0.1623106897
0.0358931608
0.0198616497
-0.0393769182
-0.0078548295
0.0633234903
-0.0471839681
0.0154241510
-0.0235190559
0.0071627023
-0.0332751237
-0.0427849032
0.0129025299
-0.0594321340
-0.0300043989
0.0579973273
-0.0179626923
0.0602542758
-0.0481170155
0.0086675892
-0.0546204671
0.0118193161
-0.0212588999
0.3091909289
0.0350022800
-0.0229143538
-0.0267092828
0.0316682309
0.0102132410
0.0020811458
-0.0015716637
0.0579256564
-0.0278026238
0.0022288261
-0.0023179499
-0.0249404404
-0.0190151762
-0.0157630779
-0.2473210543
0.0157518983
-0.0318536833
0.1046024933
0.0158172045
-0.0202955604
0.0137548521
0.0068161041
0.0000200157
-0.0268425457
0.0208767187
-0.0561464317
-0.2081902474
-0.0291198194
0.0482022054
-0.0140711945
-0.0243165195
-0.0071137766
0.0100391163
-0.0242159236
-0.0096447514
-0.0067233541
0.0301587433
0.0044767722
-0.0052626440
-0.0030155941
0.3226138353
0.0087535754
0.0225701220
0.0005844173
-0.0128586013
0.0277670119
-0.0291892830
0.0142267980
-0.0316415764
0.0080526248
-0.0179985482
-0.0112829180
0.0243982151
-0.0611069798
-0.0460651256
0.0438635163
-0.0169364829
0.0647285581
-0.0479645468
-0.0005324402
-0.1110603586
-0.1036173552
-0.0405611359
0.2177689523
0.0047866507
-0.0060666292
-0.0028892374
0.0205410440
0.0238327924
-0.0144678541
-0.0222925525
0.0464391746
-0.0078392802
0.0085662287
-0.0150290392
-0.0216784142
-0.0245712586
0.0569232889
-0.3347707391
0.0058522732
-0.0512017496
0.0788938701
0.0848163813
-0.0301701948
0.0206857268
0.0107267881
0.0130958911
-0.0085627893
0.0149759715
-0.0529094972
-0.2352461815
-0.0286114737
0.0506364964
-0.0066066068
-0.0252529178
-0.0011505726
0.0100121917
-0.0203362014
-0.0100850118
-0.0049628508
0.0288616754
0.0007236127
-0.0045435126
-0.0034634175
0.2865130901
0.0075745252
0.0203667581
-0.0001171014
-0.0177264959
0.0221198946
-0.0333056636
0.0154654877
-0.0335996449
0.0089753987
-0.0249326900
-0.0195505898
0.0208712574
-0.0586679652
-0.0487287603
0.0457236767
-0.0187363364
0.0618329644
-0.0453450307
-0.0034780230
-0.1042581871
-0.0917143002
-0.0384785235
0.2223851681
-0.0021120692
-0.0081608873
-0.0085406201
0.0190430935
0.0175913572
-0.0111379679
-0.0174188688
0.0474981964
-0.0093117310
0.0086519970
-0.0147724720
-0.0255835652
-0.0216954257
0.0473538190
-0.3207882047
0.0059067807
-0.0460475124
0.0779068694
0.0556514673
-0.0238178987
0.0251248702
0.0053239847
0.0068804631
-0.0115194283
0.0162313506
-0.0553107001
-0.2097245604
-0.0313288756
0.0413730182
-0.0156886447
-0.0272563826
-0.0028344085
0.0101410104
-0.0205800422
-0.0143681876
-0.0041090385
0.0307046231
0.0078632096
-0.0017627560
-0.0048838989
0.3782439530
-0.0064734519
0.0255406387
0.0214485880
-0.0251709130
0.0178355854
-0.0484770015
0.0149238678
-0.0384416841
0.0074520987
-0.0162312314
-0.0076456317
0.0317126624
-0.0638399199
-0.0571544021
0.0433158167
-0.0168886334
0.0669463873
-0.0461352915
-0.0036961427
-0.1228969321
-0.1280296892
-0.0447179377
0.2111778408
-0.0090854280
-0.0056138826
0.0001525425
0.0182785746
0.0236217137
-0.0131468652
-0.0378421657
0.0484083742
-0.0063342899
0.0130455224
-0.0193322934
-0.0263556894
-0.0218855217
0.0803722739
-0.3639561534
0.0037894242
-0.0536184870
0.0713688433
0.0601134822
-0.0409117974
0.0237927604
0.0026918612
0.0136495773
0.0009996998
0.0129064042
-0.0564631186
-0.0858195871
-0.0168300178
0.0461546592
-0.0142513858
-0.0248090215
-0.0110415444
0.0179377403
-0.0325112902
-0.0101717813
-0.0120377056
0.0364128500
0.0125851193
-0.0115526421
0.0013114288
0.3576734364
0.0291180555
0.0169292297
-0.0029127647
-0.0070173112
0.0070704310
0.0039898017
0.0178021807
-0.0248350501
0.0091347573
-0.0199490152
-0.0018463101
0.0242593735
-0.0650295615
-0.0511913486
0.0313022546
-0.0214736443
0.0690296367
-0.0554024838
0.0056308187
-0.1120547354
-0.1326451898
-0.0440691672
0.1684535891
-0.0013742929
-0.0017507734
0.0042930869
0.0183382370
0.0279189646
-0.0189104956
-0.0197854768
0.0338069759
-0.0063388282
0.0092377067
-0.0177893229
-0.0063684322
-0.0330703631
0.0658589080
-0.3689100742
0.0023469899
-0.0551102944
0.0587139241
0.1238657385
-0.0226388052
0.0143518168
0.0227142181
0.0233934671
-0.0068518934
0.0132388258
-0.0449524224
-0.1995259225
-0.0280006770
0.0447980538
-0.0083811181
-0.0248892866
-0.0022184961
0.0103420718
-0.0207423717
-0.0124854129
-0.0065112263
0.0327558853
0.0022302314
-0.0015039340
0.0002930572
0.3199209273
0.0092003439
0.0230385996
0.0069880541
-0.0187003575
0.0252100825
-0.0362684876
0.0166443679
-0.0315810032
0.0090455757
-0.0220467988
-0.0148305167
0.0237465035
-0.0633114427
-0.0493073426
0.0453059152
-0.0205829274
0.0629658028
-0.0457254015
0.0003943621
-0.1142206416
-0.1117249504
-0.0413970426
0.2168769687
-0.0026733212
-0.0064965091
-0.0064447462
0.0196302310
0.0235282332
-0.0083463341
-0.0346739590
0.0468219183
-0.0066862595
0.0088141859
-0.0163426623
-0.0231105499
-0.0238620359
0.0526153855
-0.3475648165
0.0063451128
-0.0480146669
0.0558770522
0.0699130446
-0.0263983514
0.0252113082
0.0061914818
0.0112368595
-0.0032851428
0.0146021303
-0.0534882583
-0.2056005299
-0.0281423423
0.0418254808
-0.0095732957
-0.0232301727
-0.0038835122
0.0027887453
-0.0112860780
-0.0137054250
-0.0083137136
0.0384966619
0.0024059028
0.0019340048
0.0014766965
0.2868592441
-0.0107659604
0.0208135527
0.0250788517
-0.0164487474
0.0238240529
-0.0434062444
0.0162173845
-0.0266536530
0.0093418043
-0.0221612100
-0.0201537758
0.0221705828
-0.0574796200
-0.0453802273
0.0506890044
-0.0229129530
0.0558034070
-0.0325380713
0.0011564107
-0.1297582686
-0.1187581271
-0.0365646482
0.2224270403
0.0011002107
-0.0121329846
-0.0223864354
0.0196947567
0.0281206015
-0.0020905314
-0.0193555523
0.0514011160
-0.0067138346
0.0079050204
-0.0150786070
-0.0274740197
-0.0236606076
0.0517472215
-0.3316878080
0.0095003499
-0.0371252894
0.0545545258
0.0271461383
-0.0271696653
0.0251449253
0.0020413622
0.0083137080
-0.0026522633
0.0115715750
-0.0514667146
-0.1708300114
-0.0251909830
0.0396826677
-0.0056318631
-0.0273520816
0.0051154154
0.0112358676
-0.0156647172
-0.0131912231
-0.0125273801
0.0331978053
0.0040655304
-0.0040878290
0.0022209610
0.2948067188
0.0339407548
0.0194104780
0.0204179715
-0.0219529625
0.0182904042
-0.0554437190
0.0193843786
-0.0309680123
0.0115822712
-0.0242704246
-0.0115958955
0.0220639259
-0.0553164072
-0.0553480871
0.0416866131
-0.0247663911
0.0614908375
-0.0395108759
-0.0040735519
-0.1281982362
-0.1225209162
-0.0400706679
0.1856053472
-0.0063275145
-0.0081244148
0.0036002568
0.0189847276
0.0202992838
-0.0065079504
-0.0309539512
0.0422848500
-0.0015225963
0.0106934812
-0.0209891833
-0.0236294046
-0.0229022950
0.0354255438
-0.3491760790
0.0045630308
-0.0404417962
0.0585525259
0.0517883934
-0.0327629149
0.0293919221
0.0077731339
0.0111107407
-0.0001842425
0.0127116218
-0.0520071164
-0.1889077872
-0.0218262896
0.0535964705
-0.0078456784
-0.0144604500
-0.0158395078
0.0002517422
-0.0221228283
-0.0143395364
-0.0141689572
0.0528002270
-0.0002189259
-0.0004257140
0.0107453531
0.2243195921
0.0012452638
0.0130672129
0.0149255404
0.0133126024
0.0227550212
-0.0140348645
0.0169658270
-0.0015154079
0.0086108921
-0.0288891010
-0.0170550011
0.0171124712
-0.0524855591
-0.0359007977
0.0486965254
-0.0257220902
0.0553294197
-0.0297167916
0.0183710400
-0.1123937741
-0.0935308710
-0.0278526023
0.2303244174
0.0168505665
-0.0137504833
-0.0476726815
0.0319552049
0.0302174632
0.0057693594
-0.0013779262
0.0467638411
-0.0106967064
0.0055865012
-0.0002022126
-0.0033023155
-0.0336210728
0.0291513242
-0.3100099862
0.0093380576
-0.0283959974
0.0334768184
0.0122565227
-0.0295487698
0.0156537723
0.0174804348
0.0137500437
-0.0053840200
0.0072367843
-0.0389678851
-0.3898668885
-0.0438134260
0.0592240468
-0.0096095800
-0.0016166494
-0.0268472899
-0.0112429690
-0.0201850850
-0.0117468648
-0.0093414169
0.0632856935
-0.0165616293
0.0112896962
0.0207798555
0.2149682045
-0.0682069361
0.0209952537
0.0150708053
0.0414812230
0.0795768946
-0.0443501212
0.0092095984
0.0162136145
0.0040505729
-0.0214344561
-0.0326341689
0.0241612978
-0.0471880510
-0.0065635242
0.0774572417
-0.0187165402
0.0590029843
-0.0121934777
0.0421201438
-0.0816754103
-0.0326998010
-0.0179464761
0.3419666290
0.0689195096
-0.0215021372
-0.1128450036
0.0536312498
0.0373576730
0.0285668224
0.0049585630
0.0700189769
-0.0203162860
0.0065993550
0.0205502138
-0.0057224925
-0.0404467434
0.0401444584
-0.2736771703
0.0265178997
-0.0188233331
0.0177350603
-0.0489937700
-0.0660912544
0.0095268413
0.0094766617
0.0124161532
0.0028193723
-0.0057357554
-0.0397839621
-0.5045000315
-0.0423722081
0.1229381338
0.0348001570
-0.0165401213
-0.0346325748
0.0371984281
-0.0510896519
-0.0083927503
0.0010991923
0.0408762507
-0.0228541568
-0.0190753266
0.0219021626
0.1643853188
0.0441128910
0.0185009316
-0.1521206200
0.0465217568
0.1465824693
0.0155662978
0.0100691086
0.0228570569
0.0057105836
-0.0356450900
-0.0300627649
0.0099533238
-0.0854822323
-0.0103490250
0.0519623496
-0.0096117770
0.0792908147
-0.0976762250
0.0622691624
0.0739396363
0.1140421405
-0.0081219915
0.3172871470
0.1188069209
-0.0121311229
-0.0879643187
0.0810118020
0.0073651397
0.0013851505
0.0319729038
0.0468987152
-0.0558707863
-0.0221748203
0.0183340963
0.0289604999
-0.0375815295
-0.0925799236
-0.2043953240
-0.0007735656
-0.0531046242
0.1003484875
0.1190190762
-0.0447123200
-0.0357822143
0.0365357175
0.0326301642
-0.0543232299
0.0199748594
-0.0553888008
-0.4464856088
-0.0518516675
0.0534714833
-0.0094750011
0.0067020529
-0.0297186021
-0.0169987865
-0.0137760667
-0.0115975607
-0.0096084299
0.0726141706
-0.0216647927
0.0202098638
0.0301549360
0.2038430870
-0.1027127355
0.0162934847
0.0287682936
0.0593126528
0.0899282694
-0.0673021749
0.0062932093
0.0277462006
0.0057753958
-0.0168853886
-0.0390147902
0.0229557585
-0.0302201733
0.0028882222
0.0883792788
-0.0219029039
0.0581068210
0.0041676257
0.0523291342
-0.0793952718
-0.0200838484
-0.0126986094
0.3773842156
0.1003430635
-0.0233252849
-0.1666092724
0.0626125783
0.0368647017
0.0464348011
0.0161022171
0.0739131421
-0.0198440906
0.0070000398
0.0263759512
-0.0067740604
-0.0486194044
0.0563580990
-0.2662345469
0.0357334614
-0.0035006716
-0.0173878688
-0.0984976962
-0.0877141878
0.0123304985
0.0077727623
0.0146863824
0.0153048858
-0.0181234702
-0.0352581851
-0.2549232841
-0.0164838266
0.0663646981
0.0174968541
-0.0099776573
-0.0043350961
0.0069559999
-0.0321888514
-0.0011449042
-0.0137715982
0.0437810384
-0.0047955620
-0.0049410779
0.0156698246
0.1239673272
0.0417227261
0.0082342615
-0.0359357893
0.0058034272
0.0450559109
-0.0155690806
0.0169760641
-0.0076468121
0.0139552392
-0.0463145263
-0.0398705937
0.0096215131
-0.0569610037
-0.0413201377
0.0424845554
-0.0287215244
0.0635095835
-0.0500280857
0.0176500771
-0.0613910444
-0.0351005085
-0.0275365114
0.2033531666
0.0093169073
-0.0086995633
-0.0270756278
0.0287130680
0.0111331400
0.0058745882
0.0044948296
0.0417539366
-0.0165323876
0.0069756354
-0.0026465037
-0.0024648241
-0.0280726869
-0.0564875975
-0.2755870819
0.0097881481
-0.0399592333
0.0797378644
0.0593609177
-0.0024921901
0.0217824187
0.0127268769
0.0074731302
-0.0334276892
0.0200830121
-0.0454732999
-0.2309657335
-0.0108985705
0.0657141656
0.0192247145
-0.0094494317
-0.0033516621
0.0065142075
-0.0338007361
0.0020888213
-0.0140881836
0.0419565216
-0.0035318104
-0.0066286759
0.0156966075
0.1121934578
0.0498039536
0.0053083086
-0.0428221114
0.0043944027
0.0367908366
-0.0041367440
0.0176653787
-0.0101784188
0.0149068274
-0.0495183356
-0.0434624627
0.0070845247
-0.0565023497
-0.0435136631
0.0400685109
-0.0309486873
0.0636414438
-0.0542593822
0.0145750474
-0.0550182797
-0.0306881908
-0.0294855554
0.1863633096
-0.0002273864
-0.0060102683
-0.0211016461
0.0244076345
0.0094338274
0.0035052050
0.0124409189
0.0396503471
-0.0157236587
0.0087139178
-0.0055296244
-0.0015157568
-0.0299425516
-0.0619363263
-0.2748524249
0.0102655198
-0.0427716896
0.0871372521
0.0765574127
0.0084825391
0.0240542367
0.0131850308
0.0070553795
-0.0396276116
0.0235113166
-0.0467891768
-0.4514305294
-0.0299637709
0.0814385638
0.0264748726
-0.0208010487
0.0195737202
0.0187710207
-0.0079227099
0.0006406179
0.0062592262
0.0167836733
-0.0207979474
-0.0193504076
-0.0017730772
0.1244541556
0.0748320222
0.0203289315
-0.0448795818
-0.0135049438
0.0730241537
-0.0629585236
0.0152367130
-0.0256354045
0.0066314684
-0.0308114346
-0.0448304601
0.0085516106
-0.0610020012
-0.0308790263
0.0560815074
-0.0228187926
0.0573427379
-0.0525648482
0.0071830801
-0.0381940417
0.0425002426
-0.0169062074
0.3275096714
0.0465353355
-0.0271966569
-0.0057592583
0.0299846921
0.0083358791
0.0025321515
-0.0043347231
0.0584625043
-0.0330601968
-0.0014216285
-0.0059414101
-0.0286770612
-0.0137568954
-0.0316163450
-0.2311296612
0.0178787149
-0.0291924421
0.1309395432
0.0249800533
-0.0156467259
0.0116196452
0.0087606423
0.0004367809
-0.0311014242
0.0258649662
-0.0567958802
-0.1631349623
-0.0310442634
0.0422432646
-0.0185529962
-0.0267749578
-0.0093542710
0.0122468658
-0.0230682865
-0.0142352106
-0.0113866581
0.0366814286
0.0104460437
-0.0039057394
0.0005069626
0.3644446731
0.0088487109
0.0219722185
0.0179374106
-0.0101464810
0.0246229023
-0.0425485671
0.0138854645
-0.0271622874
0.0095434012
-0.0120743178
0.0020028958
0.0279742982
-0.0575476475
-0.0498852134
0.0406244807
-0.0182513613
0.0662148520
-0.0431450568
0.0025673017
-0.1366845369
-0.1420281678
-0.0416941084
0.1985005736
0.0161369480
-0.0059277005
-0.0052079670
0.0250277147
0.0277988836
-0.0124675352
-0.0345027857
0.0408581756
-0.0026317739
0.0073879627
-0.0176094063
-0.0172991026
-0.0284549445
0.0701663643
-0.3632025421
0.0021216099
-0.0476996414
0.0557372235
0.0831998214
-0.0511002913
0.0176779125
0.0167315435
0.0210938212
0.0048633735
0.0075784684
-0.0469032861
-0.1755896509
-0.0221219976
0.0487009212
-0.0102987736
-0.0241777766
-0.0010541839
0.0088876588
-0.0166019071
-0.0091509819
-0.0103890626
0.0311381388
0.0037350950
-0.0093974583
-0.0037016226
0.2751409113
0.0370223001
0.0152979633
0.0081346063
-0.0136538008
0.0186317842
-0.0281427167
0.0175288040
-0.0281551685
0.0111221243
-0.0218419991
-0.0109529337
0.0186199378
-0.0539777130
-0.0480285361
0.0411360264
-0.0242095497
0.0584311895
-0.0394781716
-0.0037636308
-0.1169686094
-0.1041874886
-0.0355333164
0.2098899484
0.0021102731
-0.0113345599
0.0039219116
0.0181782357
0.0224180669
-0.0133300871
-0.0075429077
0.0445746034
-0.0062602321
0.0075222552
-0.0181325637
-0.0210172627
-0.0260762442
0.0471387431
-0.3238202035
0.0070170760
-0.0387965217
0.0796806514
0.0651198626
-0.0288797244
0.0222344268
0.0119765364
0.0116655258
-0.0098749651
0.0131507404
-0.0503760464
-0.1822687685
-0.0251302328
0.0429377183
-0.0115347467
-0.0286405701
-0.0002915925
0.0114485798
-0.0171996932
-0.0143229440
-0.0063189720
0.0320695341
0.0065557640
-0.0059277015
-0.0031459571
0.3475266695
0.0216883346
0.0213837605
0.0164849218
-0.0221920982
0.0146914152
-0.0402627736
0.0172811095
-0.0340439826
0.0091610951
-0.0180671457
-0.0069021918
0.0258066058
-0.0617318600
-0.0558260977
0.0411358997
-0.0214947294
0.0627865568
-0.0459361821
-0.0034680907
-0.1164166480
-0.1218102872
-0.0413871482
0.2121677548
-0.0050854962
-0.0087913219
0.0011987104
0.0194222163
0.0247426536
-0.0117939999
-0.0315672383
0.0453393422
-0.0063543571
0.0093807764
-0.0210302696
-0.0220695026
-0.0256810412
0.0686426386
-0.3582730889
0.0048316126
-0.0471707284
0.0642904788
0.0659839138
-0.0359530300
0.0218811110
0.0077772066
0.0156579651
-0.0003677017
0.0132855400
-0.0549328886
-0.1861691475
-0.0332612284
0.0379176512
-0.0129556116
-0.0281632710
0.0009852946
0.0110805230
-0.0160798449
-0.0157682542
-0.0103846425
0.0332814045
0.0049054408
-0.0011661430
0.0025539687
0.3432739973
0.0116380341
0.0238877032
0.0257523227
-0.0191936772
0.0234978497
-0.0613859557
0.0170168523
-0.0313980915
0.0098424237
-0.0174473412
-0.0052454295
0.0263101384
-0.0543520376
-0.0537477545
0.0457320102
-0.0209617820
0.0633764565
-0.0390164405
-0.0035028206
-0.1409368515
-0.1307911277
-0.0426979624
0.1937353760
0.0040724664
-0.0061981063
-0.0018567396
0.0227762293
0.0233390611
-0.0067643970
-0.0384336859
0.0446385071
0.0002587727
0.0111013278
-0.0205640588
-0.0254012980
-0.0258543268
0.0621701106
-0.3614283502
0.0039569000
-0.0424937345
0.0523415059
0.0541848950
-0.0493135378
0.0278115701
0.0090696272
0.0142878694
0.0082883546
0.0096601835
-0.0531068258
-0.1759358644
-0.0295806807
0.0487841889
-0.0127670569
-0.0247614123
-0.0129838465
0.0131181460
-0.0272017978
-0.0153901381
-0.0092943087
0.0414619446
0.0075950911
-0.0022988899
0.0044156518
0.3385165930
-0.0101772677
0.0219812840
0.0098344330
-0.0033048126
0.0238848384
-0.0260399915
0.0146500785
-0.0199529603
0.0077075218
-0.0193360746
-0.0076365443
0.0261545014
-0.0621663481
-0.0448964760
0.0434728973
-0.0171343666
0.0658109486
-0.0446715131
0.0107111856
-0.1261829436
-0.1242431477
-0.0386136472
0.2098827362
0.0177438352
-0.0064895037
-0.0266873930
0.0274172891
0.0273149908
-0.0080217840
-0.0293205250
0.0419139080
-0.0079335989
0.0063384995
-0.0100899274
-0.0127103468
-0.0285117980
0.0559007004
-0.3536506593
0.0024406502
-0.0463489257
0.0423852205
0.0628879443
-0.0396437086
0.0149347158
0.0154744145
0.0178779084
0.0010279159
0.0085026696
-0.0442074463
-0.1336071640
-0.0218911674
0.0482800752
-0.0138540063
-0.0162353907
-0.0168017708
0.0081423000
-0.0279578250
-0.0090751564
-0.0155621581
0.0481526405
0.0089155082
-0.0023786360
0.0106079653
0.2973498702
0.0136059681
0.0154293990
0.0024212203
0.0086815711
0.0288693439
-0.0090043172
0.0148877129
-0.0102197584
0.0113692665
-0.0176203735
-0.0073390882
0.0178055633
-0.0579797290
-0.0388747826
0.0398468301
-0.0254702959
0.0616658591
-0.0417794511
0.0148488563
-0.1286362261
-0.1228536442
-0.0372466147
0.2017417550
0.0337529853
-0.0053191660
-0.0271629933
0.0270650871
0.0330394022
-0.0072776815
-0.0187203065
0.0373857543
-0.0070148604
0.0018303051
-0.0113969753
-0.0047467100
-0.0388177782
0.0456764475
-0.3447923660
0.0071999342
-0.0430069901
0.0368759707
0.1038027555
-0.0306050424
0.0146246320
0.0251716934
0.0238913503
-0.0051492476
0.0070305504
-0.0363494642
-0.2266451269
-0.0239305571
0.0508631133
-0.0005571474
-0.0201431345
0.0037372815
0.0031698302
-0.0084481714
-0.0074067093
-0.0145865325
0.0364994034
-0.0046674027
-0.0060658813
0.0048878193
0.1845974475
0.0398759693
0.0117354561
0.0131144570
-0.0030251243
0.0376410857
-0.0592434816
0.0191008467
-0.0182080232
0.0131903850
-0.0274741724
-0.0236561131
0.0150014292
-0.0419542305
-0.0356643461
0.0524462275
-0.0282896347
0.0540928170
-0.0243859626
0.0018435544
-0.1294637173
-0.0758922547
-0.0267532934
0.2332826257
0.0222488586
-0.0184952226
-0.0199638661
0.0255305376
0.0221886206
0.0036885559
-0.0009653241
0.0518877804
-0.0051660719
0.0078017134
-0.0108166048
-0.0226817429
-0.0274895094
0.0021758138
-0.2938397527
0.0147163570
-0.0203217957
0.0636452362
0.0085810684
-0.0377904922
0.0272412505
0.0106198480
0.0042774421
-0.0085112965
0.0085270843
-0.0453045480
-0.2826221287
-0.0199344549
0.0651167780
-0.0048606494
-0.0083131371
-0.0169433337
0.0000552150
-0.0227251481
-0.0017771337
-0.0068066167
0.0402311906
-0.0085594272
-0.0062666661
0.0039149988
0.2093034834
0.0111004198
0.0139378328
-0.0222323947
0.0140787568
0.0479367338
0.0190385133
0.0125246067
-0.0086921956
0.0066480055
-0.0249998979
-0.0310371276
0.0105532706
-0.0621857494
-0.0232830867
0.0526970811
-0.0272960961
0.0568956956
-0.0414336585
0.0181087237
-0.0404154211
-0.0222880356
-0.0264534075
0.2862231135
0.0293382183
-0.0110687586
-0.0382696986
0.0267664753
0.0302117281
-0.0067155459
0.0206508264
0.0553314686
-0.0223154631
0.0032048412
-0.0018611844
-0.0090315314
-0.0329132602
0.0418366008
-0.2779737115
0.0186571199
-0.0388300866
0.0818409398
0.0783104673
-0.0104010329
0.0121076861
0.0130472556
0.0124016767
-0.0269073285
0.0144664198
-0.0487126447
-0.1723593622
-0.0250927191
0.0461817533
-0.0082204472
-0.0282182787
0.0014018747
0.0153274694
-0.0177546497
-0.0133393910
-0.0074490979
0.0331870094
0.0065824436
-0.0090907402
-0.0024426728
0.3347883224
0.0427014977
0.0210787207
0.0108305067
-0.0224510934
0.0241473783
-0.0431375355
0.0184374787
-0.0304175448
0.0104198642
-0.0188467298
-0.0035509395
0.0257924665
-0.0640020147
-0.0559503026
0.0373325758
-0.0223324522
0.0639804602
-0.0466925241
0.0001822245
-0.1185484380
-0.1281547695
-0.0391925275
0.2074600607
0.0016293905
-0.0113669727
0.0119256228
0.0212000068
0.0240854174
-0.0119132977
-0.0350036211
0.0422837250
-0.0079229167
0.0065310155
-0.0212715324
-0.0188273042
-0.0255750380
0.0529409572
-0.3555097878
0.0035414235
-0.0460640565
0.0653762966
0.0786386728
-0.0374700502
0.0179200154
0.0122960741
0.0191392135
-0.0009402555
0.0125080431
-0.0513276458
-0.1344429851
-0.0162576884
0.0514842719
-0.0105347484
-0.0191947296
-0.0092922738
0.0109689515
-0.0291644428
-0.0043531372
-0.0141011737
0.0370420814
0.0081855915
-0.0127655324
0.0006879095
0.2841030359
0.0508756414
0.0138761839
-0.0089845341
-0.0034962231
0.0248371791
-0.0066498974
0.0174276084
-0.0207954030
0.0113869291
-0.0229008328
-0.0084568840
0.0213352069
-0.0603571981
-0.0457440726
0.0349257998
-0.0235207919
0.0658188164
-0.0478539765
0.0065463302
-0.1044262350
-0.1022124887
-0.0373380780
0.1854066104
0.0047893566
-0.0074543669
0.0049954653
0.0201997291
0.0253226422
-0.0158489738
-0.0028834215
0.0388181545
-0.0085176351
0.0090677319
-0.0163149126
-0.0077662952
-0.0325659923
0.0301331487
-0.3316943944
0.0055450397
-0.0478040129
0.0847034454
0.1121176407
-0.0234043095
0.0150963953
0.0194149930
0.0203462560
-0.0177695658
0.0140837999
-0.0450344607
-0.2809664309
-0.0257898439
0.0565710180
-0.0030462141
-0.0115306955
-0.0188914239
0.0025067157
-0.0335537009
-0.0098403404
-0.0048600668
0.0468835235
0.0002095903
0.0053337696
0.0085069295
0.2509651184
-0.0465869941
0.0169145260
-0.0079228655
0.0071117524
0.0225632023
0.0007553246
0.0112998951
-0.0142099829
0.0061076423
-0.0333843566
-0.0369799398
0.0173589289
-0.0604370795
-0.0404194146
0.0484604761
-0.0182443280
0.0639364719
-0.0459681079
0.0169878732
-0.0644408464
-0.0592022985
-0.0352828987
0.2352290899
0.0084990608
-0.0032031054
-0.0697223917
0.0270037279
0.0207498763
-0.0003329806
0.0018560163
0.0466960371
-0.0185592789
0.0091324765
0.0001557535
-0.0091292774
-0.0284337662
0.0372568108
-0.3047563732
0.0092464956
-0.0489806905
0.0582013689
0.0336514674
-0.0070600389
0.0196515340
0.0059590111
0.0086816875
-0.0193102434
0.0143760750
-0.0488615520
-0.5055774450
-0.0573576689
0.0697033331
-0.0021223512
0.0094168773
-0.0263707098
-0.0092199827
-0.0254009198
-0.0102476915
-0.0042715892
0.0667289197
-0.0275917426
0.0138349077
0.0280600227
0.1879945248
-0.0938450024
0.0152088730
-0.0025241214
0.0625762343
0.0992419943
-0.0612331145
0.0056421035
0.0275961328
0.0064164130
-0.0223288964
-0.0409219749
0.0208903439
-0.0271890685
0.0022352366
0.0803070068
-0.0147048282
0.0679820552
-0.0067702779
0.0530423112
-0.0616038181
0.0124154771
-0.0098884385
0.3872934580
0.1077627316
-0.0210108049
-0.1723238975
0.0690602586
0.0214345045
0.0414748080
0.0163158961
0.0689276308
-0.0261805430
0.0054052118
0.0321865343
-0.0021759293
-0.0474341586
0.0372067988
-0.2496764809
0.0329236723
-0.0084715718
-0.0058303056
-0.0901710838
-0.0860774964
0.0108103789
0.0157611649
0.0127794426
0.0069345725
-0.0157098044
-0.0346512310
-0.2746927440
-0.0187040251
0.0696008727
0.0142940152
-0.0053104539
-0.0085666152
0.0036396049
-0.0332439542
-0.0017563449
-0.0126801748
0.0472694524
-0.0084616048
-0.0056363260
0.0177184194
0.1153881699
0.0293076951
0.0060458696
-0.0372451022
0.0195177812
0.0473478697
-0.0130210584
0.0165911596
0.0008040819
0.0125443805
-0.0446267836
-0.0387340300
0.0093456227
-0.0479947068
-0.0343652181
0.0453515723
-0.0273769647
0.0637753382
-0.0447567180
0.0224788245
-0.0658260360
-0.0207549352
-0.0242871735
0.2248187661
0.0205935445
-0.0104185240
-0.0512252674
0.0346109159
0.0113805551
0.0107601462
0.0160930771
0.0436540134
-0.0187940691
0.0071875756
0.0042598243
0.0022976333
-0.0340287350
-0.0454416759
-0.2631337643
0.0133002279
-0.0329569131
0.0667951405
0.0362660401
-0.0105394283
0.0201162938
0.0187965613
0.0083547616
-0.0304770544
0.0163515974
-0.0424774177
-0.5248156190
-0.0195407793
0.1033328846
0.0521549918
-0.0188169181
0.0207593180
0.0281286202
-0.0191969611
0.0145140393
0.0197815076
0.0079511730
-0.0232529249
-0.0283178296
-0.0030304880
0.0928842947
0.0964775756
0.0159849413
-0.1132945195
-0.0230699386
0.0750939995
-0.0158002209
0.0130006392
-0.0322969928
0.0044609546
-0.0463071093
-0.0687072054
0.0011869116
-0.0830552801
-0.0397073403
0.0500468276
-0.0237245038
0.0637576059
-0.0893701091
0.0122638689
0.0587369911
0.1186042130
-0.0176637545
0.3319907784
0.0304876249
-0.0233585797
0.0032922844
0.0243930537
-0.0044916142
-0.0035948332
0.0178254843
0.0506386422
-0.0540542901
-0.0012859986
-0.0077255098
-0.0201753266
-0.0129344631
-0.0600156374
-0.2005902678
0.0153702740
-0.0499511063
0.1873856932
0.0889139846
0.0291241575
-0.0007551469
0.0067858608
0.0037130278
-0.0662165880
0.0446269140
-0.0683490932
-0.1230107024
-0.0271738973
0.0404929928
-0.0207728744
-0.0278009493
-0.0109007815
0.0145880412
-0.0247372333
-0.0141538987
-0.0102296285
0.0368706547
0.0148426471
-0.0056607127
-0.0012161004
0.4033805728
0.0125046084
0.0231629591
0.0176501982
-0.0152397044
0.0203927699
-0.0320084020
0.0146013759
-0.0298759770
0.0090349494
-0.0095363855
0.0065916101
0.0310657118
-0.0650814176
-0.0531903990
0.0359557196
-0.0187482685
0.0683042184
-0.0488240682
0.0035824692
-0.1391273290
-0.1624504179
-0.0449654795
0.1907355785
0.0096826740
-0.0049125236
0.0072189630
0.0215741582
0.0325231254
-0.0164065752
-0.0429076180
0.0395416655
-0.0035775413
0.0070445719
-0.0205941275
-0.0150666228
-0.0299625769
0.0825846568
-0.3837345839
0.0018131165
-0.0545873716
0.0535673499
0.1106606424
-0.0466568097
0.0140001532
0.0183771066
0.0255665723
0.0053677568
0.0087018227
-0.0459618457
-0.2861701250
-0.0290964320
0.0521444827
-0.0104030557
-0.0226783566
-0.0091280984
0.0075082197
-0.0249453858
-0.0112631954
0.0027007395
0.0330636911
0.0025026812
-0.0002928336
-0.0054437523
0.3359513283
-0.0302969906
0.0283550005
-0.0015410869
-0.0209688619
0.0251596458
-0.0129656931
0.0129764620
-0.0360689200
0.0043039257
-0.0227745473
-0.0260094684
0.0244684499
-0.0742885470
-0.0493801907
0.0454217829
-0.0134371985
0.0648892447
-0.0536865667
0.0024396703
-0.0747722611
-0.0864298865
-0.0415713228
0.2496796697
-0.0050665555
-0.0054755015
-0.0214327816
0.0188715663
0.0249632522
-0.0143858846
-0.0293637570
0.0530837663
-0.0180163085
0.0077133463
-0.0119213182
-0.0242367815
-0.0221432354
0.0675714761
-0.3333807588
0.0081007350
-0.0613879412
0.0811459497
0.0701875761
-0.0108455904
0.0195289813
-0.0002898994
0.0086344723
-0.0151856001
0.0199944079
-0.0585179962
-0.0976179540
-0.0246683974
0.0303448774
-0.0203263555
-0.0272936746
-0.0045143096
0.0105993915
-0.0224585421
-0.0137356529
-0.0131176030
0.0358836651
0.0162678361
-0.0009915465
-0.0000342301
0.4071732163
0.0112022758
0.0202439465
0.0287603140
-0.0237486847
0.0054493248
-0.0438447632
0.0165341422
-0.0367754288
0.0117579801
-0.0128273694
0.0036667071
0.0310196280
-0.0594318546
-0.0619507544
0.0355244875
-0.0230922364
0.0676832572
-0.0443867259
-0.0053897835
-0.1509117335
-0.1758180410
-0.0506668352
0.1603854448
-0.0117727825
-0.0000636935
0.0096034007
0.0142344469
0.0284362901
-0.0145714423
-0.0450288728
0.0375898778
0.0031372183
0.0137509415
-0.0263220668
-0.0207503177
-0.0289947446
0.0896826163
-0.3980066776
0.0019113400
-0.0539927967
0.0466031991
0.0975272954
-0.0421995819
0.0274841525
0.0101989359
0.0209977347
0.0072304793
0.0093220836
-0.0494606011
-0.1358070672
-0.0217991993
0.0476360805
-0.0119268280
-0.0200138465
-0.0090333307
0.0119486433
-0.0297055990
-0.0083353492
-0.0142848250
0.0380371101
0.0088566970
-0.0056435801
0.0047623138
0.3001143932
0.0237232894
0.0142489970
-0.0017105317
-0.0028568718
0.0166856609
-0.0139304176
0.0168691054
-0.0216922257
0.0122573739
-0.0229232330
-0.0077995649
0.0191490203
-0.0540517382
-0.0492521189
0.0362833738
-0.0240479484
0.0655235797
-0.0468901247
0.0033248470
-0.1229841262
-0.1174583435
-0.0412475727
0.1731018275
0.0092027122
-0.0013450027
-0.0061930441
0.0209420118
0.0224555172
-0.0129741142
-0.0149480551
0.0360048451
-0.0029831417
0.0085999174
-0.0161154773
-0.0101099666
-0.0341411233
0.0437753536
-0.3441475928
0.0038117561
-0.0472217351
0.0586396381
0.1006352678
-0.0289653912
0.0227309894
0.0199310053
0.0180970486
-0.0087469090
0.0109440833
-0.0442478359
-0.0678383932
-0.0158115923
0.0406193808
-0.0154165579
-0.0171461031
-0.0050751748
0.0075550675
-0.0197857451
-0.0061744559
-0.0205537286
0.0461229309
0.0125626549
-0.0082431436
0.0059997919
0.2865506709
0.0504639223
0.0086374599
0.0173894390
-0.0028105290
0.0159355681
-0.0210664365
0.0209770445
-0.0159660317
0.0162478909
-0.0200359877
-0.0010241098
0.0169716086
-0.0455995612
-0.0501987338
0.0309377778
-0.0300852340
0.0609042607
-0.0300643127
0.0019245860
-0.1596896797
-0.1545231938
-0.0386251919
0.1593872458
0.0162726101
-0.0080574779
0.0004011368
0.0182743780
0.0288423896
-0.0114336731
-0.0122138513
0.0317781046
0.0012285251
0.0079439292
-0.0214138366
-0.0075367917
-0.0420202799
0.0461828820
-0.3557950258
0.0072449753
-0.0335323215
0.0442979634
0.0941304415
-0.0356519260
0.0237656329
0.0254119486
0.0220838618
-0.0012717160
0.0045995018
-0.0346045233
-0.3005205095
-0.0132183582
0.0761157274
0.0025922637
-0.0080070030
-0.0167739335
0.0024934965
-0.0240139812
0.0032162326
-0.0017494932
0.0365822986
-0.0124971764
-0.0162858348
0.0014388567
0.1716343164
0.0207466148
0.0112999566
-0.0496334173
0.0159080271
0.0532401912
0.0453995913
0.0140370503
-0.0062515680
0.0039454857
-0.0313434415
-0.0388613082
0.0060762693
-0.0655150488
-0.0191871878
0.0506453402
-0.0277501214
0.0568224639
-0.0501873642
0.0206874702
-0.0088663409
0.0087289009
-0.0222258084
0.2950942218
0.0234926902
-0.0138577363
-0.0377219617
0.0252583530
0.0272392016
-0.0097454293
0.0425311215
0.0549465194
-0.0317513868
0.0021749376
0.0001874064
-0.0047430284
-0.0354999751
0.0256133601
-0.2515766621
0.0206442885
-0.0392133109
0.0990178585
0.0870358869
0.0082636857
0.0058145984
0.0171539262
0.0117254378
-0.0416794606
0.0216338709
-0.0504847206
-0.3385550678
-0.0011421839
0.0905459225
0.0199345574
-0.0142973782
-0.0116478745
0.0164638199
-0.0307070930
0.0065557426
0.0144976880
0.0221868400
-0.0153133003
-0.0246401448
-0.0096063111
0.2067501396
0.0649500713
0.0157205649
-0.0974882245
-0.0090885926
0.0436798632
0.0961983502
0.0136650726
-0.0248472076
0.0004158459
-0.0395941027
-0.0535241924
0.0021044463
-0.1021399498
-0.0316234604
0.0402197875
-0.0272591729
0.0596873797
-0.0891514495
0.0171679202
0.0953162909
0.0626110584
-0.0277334433
0.3172478974
-0.0029553543
-0.0088415388
-0.0118669579
0.0135734687
0.0223155450
-0.0263280887
0.0362065323
0.0492167845
-0.0511407107
-0.0015531727
-0.0089831725
-0.0037226800
-0.0233230237
0.0347825736
-0.2566804290
0.0154640246
-0.0666804537
0.1433338225
0.1650762856
0.0561950877
-0.0058227875
0.0084818695
0.0152644385
-0.0656611025
0.0424910709
-0.0667622387
-0.2547800839
-0.0140490290
0.0766992867
-0.0027471681
-0.0167392995
-0.0301398840
0.0174579397
-0.0458010361
-0.0039788731
0.0032289478
0.0412604064
0.0028481677
-0.0151471840
0.0006441429
0.3225152791
0.0218736529
0.0226571802
-0.0593761727
0.0103282575
0.0367888696
0.0635587350
0.0094858371
-0.0137808872
0.0008943676
-0.0252586901
-0.0232784431
0.0215798095
-0.0956064537
-0.0342204161
0.0390406549
-0.0155894756
0.0716189146
-0.0815954059
0.0306037478
0.0093388539
-0.0159579497
-0.0349211842
0.2669018805
0.0227153394
-0.0040173079
-0.0330822878
0.0311800744
0.0320978276
-0.0215660036
0.0074345698
0.0454738103
-0.0374668017
-0.0009117854
-0.0041287183
0.0091057038
-0.0350922160
0.0458428077
-0.3141439259
0.0053793523
-0.0746949241
0.1015935093
0.1682949364
0.0033690222
-0.0135540040
0.0225364584
0.0313751735
-0.0398579314
0.0251644515
-0.0520573966
0.0105159525
0.0006609620
0.0256986823
-0.0143516930
-0.0126569550
-0.0050170324
-0.0094982022
-0.0053517506
-0.0061541805
-0.0250052940
0.0533845536
0.0189319104
0.0042776074
0.0027197013
0.2823116183
0.0445072390
0.0005172284
0.0455859639
-0.0231910925
-0.0053905533
-0.0327705815
0.0209659301
-0.0243587587
0.0233175065
-0.0179697070
-0.0094085811
0.0163382497
-0.0523680560
-0.0582473166
0.0285772737
-0.0468539707
0.0498621687
-0.0195009131
-0.0055344882
-0.1762266457
-0.2039696872
-0.0416351445
0.1456220448
-0.0124679133
-0.0085293017
-0.0032985564
0.0010445090
0.0389606021
-0.0080278367
-0.0106236022
0.0356040187
0.0042541688
0.0070966729
-0.0328034945
-0.0188071281
-0.0346303061
0.0608268604
-0.3783838451
0.0109847803
-0.0301866028
0.0286417082
0.0837273821
-0.0055292114
0.0327754356
0.0049068267
0.0191927142
-0.0096188700
0.0051967059
-0.0331621617
-0.0581968166
-0.0007534423
0.0474180393
-0.0097996378
-0.0145987365
-0.0106016751
0.0089465808
-0.0324742533
0.0002856462
-0.0171725824
0.0412289016
0.0172152389
-0.0117515931
-0.0023880706
0.3049143553
0.0568229742
0.0056800810
-0.0054559987
-0.0114019122
0.0029784671
0.0127009172
0.0175961703
-0.0272205379
0.0168177374
-0.0239264835
-0.0135184042
0.0216456540
-0.0666343868
-0.0537997298
0.0226236004
-0.0314035602
0.0685866922
-0.0496313050
0.0039618681
-0.0994111598
-0.1304892451
-0.0418463238
0.1540154368
-0.0090685338
-0.0022314924
0.0043895016
0.0073232483
0.0268328562
-0.0244992115
0.0015482347
0.0328081883
-0.0086730383
0.0118332123
-0.0252529643
-0.0069250460
-0.0326656066
0.0408543721
-0.3587994277
0.0054396717
-0.0549636036
0.0832755640
0.1444315314
-0.0016069487
0.0183582492
0.0128277009
0.0233030487
-0.0290922932
0.0136865946
-0.0398216508
-0.1749308258
0.0098619331
0.0704694167
0.0291159302
-0.0166666545
0.0056024506
0.0158327874
-0.0296377596
0.0153010767
-0.0095206695
0.0235311761
-0.0041245073
-0.0283330269
0.0075004236
0.1042926982
0.1472064406
0.0028992482
-0.0772629008
-0.0097273560
0.0330061130
0.0314659774
0.0193652995
-0.0252065919
0.0141961137
-0.0458004214
-0.0458525345
0.0012348521
-0.0741374046
-0.0423872098
0.0294950958
-0.0372737125
0.0627956167
-0.0782150775
0.0080076000
0.0217457842
0.0132808061
-0.0279638972
0.1723195910
-0.0105296057
-0.0079297768
0.0284282397
0.0135847824
0.0110924691
-0.0153623130
0.0371737145
0.0348042920
-0.0231892820
0.0065318248
-0.0253979471
-0.0042936276
-0.0281806830
-0.0763828456
-0.2694790661
0.0098932376
-0.0543692447
0.1529430300
0.1848882288
0.0444952138
0.0112956567
0.0178636815
0.0175176784
-0.0663426220
0.0401443020
-0.0533163473
-0.2286126167
-0.0170814730
0.0626514107
0.0072336071
-0.0174057186
-0.0081086811
0.0094683794
-0.0323339291
-0.0000897773
-0.0119123897
0.0342846736
0.0024159336
-0.0064989361
0.0048967702
0.1797698289
0.0120978523
0.0072796480
-0.0337157063
-0.0015297018
0.0216163751
-0.0039587975
0.0153493565
-0.0226638801
0.0129893953
-0.0416032448
-0.0377379321
0.0112655787
-0.0537461415
-0.0447946005
0.0426856130
-0.0243644100
0.0640872940
-0.0524326228
0.0047097718
-0.0769522265
-0.0488736071
-0.0341406614
0.1816538423
-0.0004042376
-0.0034806214
-0.0269356035
0.0194108058
0.0088673895
-0.0088856099
0.0217430592
0.0406121053
-0.0128247906
0.0099810967
-0.0093794307
-0.0125348242
-0.0278757717
-0.0185205694
-0.2806015611
0.0056523192
-0.0462651029
0.0968349949
0.0678261295
-0.0016064888
0.0249511357
0.0089849262
0.0040239678
-0.0376570076
0.0192873627
-0.0504172370
-0.3531656563
-0.0360529535
0.0600654185
-0.0115285199
0.0003025417
-0.0286478195
-0.0116807837
-0.0269372072
-0.0117886048
-0.0084175607
0.0618497133
-0.0122300144
0.0098828124
0.0183417350
0.2222563028
-0.0585021749
0.0206437670
0.0104220090
0.0372963808
0.0646324381
-0.0214728098
0.0107990494
0.0136189945
0.0028704370
-0.0243277848
-0.0315387510
0.0230987556
-0.0531608649
-0.0142994002
0.0684640780
-0.0191759374
0.0605375208
-0.0221735239
0.0391826294
-0.0731065273
-0.0330550820
-0.0219389927
0.3170938492
0.0476355515
-0.0162865911
-0.0989166647
0.0473581813
0.0370944515
0.0214760769
0.0050737783
0.0659721643
-0.0210589655
0.0085794702
0.0184795689
-0.0001898899
-0.0394593105
0.0400766619
-0.2820881605
0.0235061515
-0.0285762884
0.0303348117
-0.0233983211
-0.0479008630
0.0097030541
0.0111835096
0.0132589275
-0.0041759629
0.0005084068
-0.0409149379
-0.5235766172
-0.0120154135
0.1099065393
0.0591342635
-0.0212165937
0.0131205842
0.0370179005
-0.0289426446
0.0200550426
0.0247130413
0.0042096227
-0.0170377176
-0.0290338621
-0.0049978402
0.1547496617
0.1043242887
0.0172188077
-0.1516559571
-0.0356750339
0.0784313232
0.0280925725
0.0112615572
-0.0430779494
0.0057528769
-0.0499555729
-0.0753299594
0.0002445481
-0.1097026169
-0.0499904715
0.0422865450
-0.0258797612
0.0703791156
-0.1201609969
0.0164091587
0.1290215254
0.1394849122
-0.0250994265
0.3107621372
0.0213622395
-0.0137268445
0.0157794598
0.0200771857
-0.0055454117
-0.0187809076
0.0227713771
0.0467081629
-0.0645046309
-0.0051428978
-0.0198509563
-0.0147523265
-0.0170883853
-0.0583153591
-0.2195151746
0.0109912846
-0.0778790116
0.2182871401
0.1869256496
0.0505426340
-0.0110910842
0.0012564474
0.0135129020
-0.0874458998
0.0535006598
-0.0807623565
-0.1728414148
-0.0145319924
0.0562573522
-0.0055040624
-0.0192935579
-0.0117895342
0.0047291187
-0.0221115500
-0.0040957639
-0.0106475055
0.0400510654
0.0034775869
-0.0091753826
0.0020287719
0.2424665540
0.0307679251
0.0121729970
-0.0135447290
-0.0009976858
0.0253108907
0.0020711988
0.0163725615
-0.0188565198
0.0109727131
-0.0263860226
-0.0205261931
0.0157641452
-0.0616616793
-0.0377543382
0.0440839976
-0.0262505263
0.0576733872
-0.0446672998
0.0080235479
-0.0960899740
-0.0848688781
-0.0328725316
0.2241781652
0.0107463198
-0.0114124017
-0.0181143284
0.0210965667
0.0289960224
-0.0093685053
0.0042757727
0.0457673334
-0.0131242974
0.0044023697
-0.0122362552
-0.0111321239
-0.0338873751
0.0263214912
-0.3108255863
0.0101101333
-0.0416578352
0.0720289573
0.0872406587
-0.0130644618
0.0146855777
0.0151079986
0.0150306728
-0.0236116778
0.0156110395
-0.0456175841
-0.1886534989
-0.0063171517
0.0698425025
0.0023602201
-0.0165022481
-0.0124056991
0.0087415995
-0.0243730787
0.0024912788
-0.0068381368
0.0345272049
-0.0055296761
-0.0231265258
0.0029890062
0.1907186806
0.0769270360
0.0103240078
-0.0503497273
0.0102847712
0.0406892747
0.0380604602
0.0175020304
-0.0104975458
0.0071274121
-0.0292919911
-0.0240075234
0.0082562622
-0.0678901300
-0.0266499165
0.0427993275
-0.0299462434
0.0563992485
-0.0571856312
0.0154421618
-0.0396968685
-0.0265107937
-0.0267720632
0.2482716739
0.0175462179
-0.0147808408
-0.0062514353
0.0244876854
0.0294992980
-0.0129778311
0.0291071162
0.0457240641
-0.0237731282
0.0007572465
-0.0100385491
-0.0009798033
-0.0387130640
0.0100926524
-0.2772638202
0.0135564497
-0.0416093357
0.0954187065
0.1348202527
0.0053805192
0.0031537220
0.0271846894
0.0207759347
-0.0386274531
0.0244132373
-0.0477082171
-0.0870660618
-0.0070222206
0.0518194139
-0.0104103517
-0.0190374851
-0.0081923502
0.0112361172
-0.0258534271
-0.0020962958
-0.0149042951
0.0394765846
0.0099768061
-0.0186777227
0.0019055430
0.2787303030
0.0788792744
0.0087490743
-0.0123847304
-0.0009535606
0.0125098126
0.0144084059
0.0201935936
-0.0181529913
0.0128984908
-0.0227354337
-0.0044958806
0.0156893339
-0.0582459830
-0.0477000102
0.0296849571
-0.0299648754
0.0624821968
-0.0491310917
0.0054344814
-0.1004463658
-0.1039794907
-0.0367789231
0.1760479957
0.0066418587
-0.0085148411
0.0106777428
0.0192696042
0.0286733489
-0.0183458850
0.0069616120
0.0347848125
-0.0085661141
0.0066535017
-0.0219682977
-0.0011945827
-0.0436610393
0.0378851183
-0.3373547196
0.0068662586
-0.0445520543
0.0807182193
0.1389463097
-0.0178177636
0.0123868212
0.0282461103
0.0268092453
-0.0201669987
0.0148652168
-0.0424690135
-0.1706592888
-0.0096936962
0.0592203476
-0.0033811952
-0.0161258914
-0.0031769811
0.0089972029
-0.0203991402
0.0025611657
-0.0114242509
0.0313228965
0.0006336835
-0.0209978856
0.0016294779
0.2089356035
0.0851395801
0.0087424954
-0.0276470054
0.0018205569
0.0351131372
0.0026292866
0.0190620404
-0.0179222841
0.0116948588
-0.0240216181
-0.0158765167
0.0096664755
-0.0532806367
-0.0378356129
0.0365373157
-0.0305556413
0.0584028810
-0.0485906936
0.0043167435
-0.0822942629
-0.0539508536
-0.0303548090
0.2142468095
0.0195948761
-0.0123362634
0.0093162395
0.0206188913
0.0244252924
-0.0152400536
0.0204487592
0.0422805324
-0.0132228713
0.0043786131
-0.0185985137
-0.0080226017
-0.0392096862
0.0117478473
-0.2940843403
0.0127047244
-0.0379939266
0.1025548726
0.1262458116
-0.0117035862
0.0145017654
0.0261241905
0.0192134157
-0.0288413931
0.0191016700
-0.0462636203
-0.2404857576
-0.0083478121
0.0585681498
0.0037663814
-0.0151702743
-0.0076741818
0.0066351220
-0.0269108675
-0.0020634639
0.0010398867
0.0321964063
-0.0014340149
-0.0079215355
-0.0038252126
0.2420264035
0.0160955135
0.0154969580
-0.0333219841
-0.0177132953
0.0140747102
0.0381753556
0.0153571283
-0.0306381341
0.0070005399
-0.0366100408
-0.0416739359
0.0093395468
-0.0774878860
-0.0486597419
0.0367270485
-0.0259203501
0.0588542148
-0.0629927292
0.0039575906
-0.0146128768
-0.0463015772
-0.0385839455
0.2341480404
-0.0225866623
-0.0039012439
-0.0167330448
0.0087243617
0.0215400625
-0.0167245939
0.0050727073
0.0446632765
-0.0256603304
0.0059345751
-0.0143505726
-0.0147064338
-0.0242535844
0.0418663323
-0.3030256927
0.0124462815
-0.0606436022
0.0963143259
0.1104024649
0.0364811644
0.0196235087
0.0028796128
0.0080392146
-0.0386674963
0.0304919314
-0.0590364821
-0.3342930079
-0.0304479990
0.0669324696
-0.0059930366
-0.0081725856
-0.0167182479
-0.0005166785
-0.0105219809
-0.0031241882
-0.0088847019
0.0496236868
-0.0147260362
-0.0096781841
0.0084037147
0.1903978437
0.0066333520
0.0187054574
-0.0071000960
0.0265336484
0.0884058326
-0.0134400548
0.0111081898
0.0079431487
0.0044574067
-0.0171197262
-0.0207708813
0.0147324158
-0.0580245107
-0.0066575957
0.0646966323
-0.0270364527
0.0514566936
-0.0199312288
0.0340149179
-0.0663542449
-0.0291857328
-0.0145806838
0.3461137712
0.0705717802
-0.0280363262
-0.0466950461
0.0405587070
0.0389709435
0.0049466817
0.0141709046
0.0639729202
-0.0267435554
-0.0046991245
0.0067839278
-0.0090793949
-0.0366962887
0.0356319509
-0.2609530985
0.0237458274
-0.0194052123
0.0584429651
0.0351695009
-0.0457484685
0.0006065331
0.0196685158
0.0168162324
-0.0107212728
0.0033816444
-0.0392678939
-0.2541992664
-0.0105259698
0.0633055270
0.0112874126
-0.0172102023
-0.0108822417
0.0033083796
-0.0206788741
0.0047511021
-0.0054946882
0.0415676869
-0.0005983420
-0.0083406372
0.0025569177
0.2153955251
0.0321634635
0.0165736172
-0.0325656831
-0.0077210376
0.0407113954
0.0094242813
0.0120935980
-0.0223692413
0.0087947808
-0.0338042974
-0.0438685901
0.0185481217
-0.0842777044
-0.0302538984
0.0553006381
-0.0271556303
0.0591337532
-0.0529681221
0.0207201615
-0.0397243239
-0.0281721577
-0.0304080732
0.2660114467
0.0069539123
-0.0161907282
-0.0227480065
0.0189566165
0.0328536890
-0.0040555345
0.0091685895
0.0561372153
-0.0289718099
0.0049510179
-0.0113227544
-0.0154114217
-0.0275318809
-0.0034418718
-0.2922544777
0.0158591289
-0.0512424596
0.1039446890
0.1026187912
0.0084802527
0.0039688712
0.0018218057
0.0142301545
-0.0416493416
0.0236406047
-0.0537978485
-0.1558276117
-0.0046927403
0.0402788036
-0.0167333316
-0.0141019830
-0.0238821860
-0.0126018981
-0.0163990706
-0.0039312863
-0.0105143925
0.0526439622
0.0153067149
0.0000998821
0.0062231300
0.3016706407
-0.0126011819
0.0129921399
0.0156188803
0.0058014477
0.0099207889
0.0033554619
0.0128603224
-0.0175002702
0.0084220106
-0.0141755566
-0.0287376102
0.0233834106
-0.0679802969
-0.0342008546
0.0508404411
-0.0287399013
0.0552158952
-0.0412535518
0.0146183791
-0.0933942571
-0.0829737186
-0.0362614579
0.2379508466
0.0086911218
-0.0100672180
-0.0569355525
0.0171476658
0.0514528342
-0.0020408414
0.0150482366
0.0544654354
-0.0169643350
0.0105766607
-0.0154199302
-0.0125067746
-0.0400181264
0.0578860268
-0.3393002450
0.0196583681
-0.0472213365
0.0703691542
0.0759830475
-0.0051112995
0.0099113248
0.0046617584
0.0219444819
-0.0240875892
0.0151619753
-0.0486716889
-0.3325288296
-0.0113055911
0.0680140704
0.0188803189
-0.0117836706
-0.0141636524
0.0095657725
-0.0424926057
0.0017379955
0.0126067121
0.0425443575
-0.0000729130
-0.0007030263
-0.0001810617
0.2681153417
-0.0275422744
0.0200716201
-0.0556491502
-0.0189207532
0.0079524387
0.0572593026
0.0092650922
-0.0318953693
0.0027060367
-0.0531456620
-0.0634691045
0.0166824851
-0.0982695296
-0.0554957092
0.0427740179
-0.0175432321
0.0689347684
-0.0771994963
0.0205260571
0.0364299007
-0.0070934193
-0.0431170687
0.2568558455
-0.0348475352
-0.0020956567
-0.0520527847
0.0124369292
0.0142167863
-0.0106467372
0.0048096036
0.0442256965
-0.0424483679
0.0107371984
-0.0053972835
-0.0063859839
-0.0241783559
0.0348073691
-0.3028146029
0.0088589163
-0.0798876286
0.1058081165
0.1021951810
0.0507383905
0.0086631989
-0.0065755248
0.0105835218
-0.0493599661
0.0353490412
-0.0650329739
-0.2334578335
-0.0101871034
0.0584509782
0.0093769943
-0.0144981891
-0.0122177647
0.0108499257
-0.0395486280
-0.0009703456
-0.0021570767
0.0430019833
0.0073078191
-0.0052184807
0.0058232513
0.2754226327
0.0081336498
0.0171997882
-0.0338670611
-0.0115310596
0.0175798163
0.0181591231
0.0125727393
-0.0255625769
0.0081671244
-0.0390068814
-0.0403341427
0.0206773616
-0.0833820254
-0.0530405119
0.0366977453
-0.0228748098
0.0710085928
-0.0695234090
0.0179112498
-0.0264211074
-0.0548644327
-0.0409221612
0.2028916776
-0.0140578290
-0.0018703417
-0.0299224071
0.0184912793
0.0206654612
-0.0099004991
-0.0037664024
0.0412493870
-0.0262690950
0.0103600519
-0.0128738359
-0.0048523922
-0.0283379871
0.0103777470
-0.3251173496
0.0063672075
-0.0697017536
0.0947012007
0.1178402901
0.0186906289
0.0108618969
0.0051340470
0.0191280581
-0.0386573896
0.0266657881
-0.0549693480
-0.2221058458
-0.0158456713
0.0477476493
0.0171160419
-0.0145770805
-0.0034557087
0.0075520021
-0.0283763018
-0.0035933226
-0.0160282087
0.0497713797
0.0079148812
0.0038746377
0.0184876565
0.1793521643
0.0037416148
0.0081133330
-0.0112606268
-0.0064019691
0.0290972106
-0.0414676629
0.0125715053
-0.0184714869
0.0177221205
-0.0415615477
-0.0427784845
0.0130925868
-0.0545825064
-0.0519311689
0.0392689817
-0.0288047977
0.0648447052
-0.0472133569
0.0135295009
-0.0867336318
-0.0887844265
-0.0351915956
0.1704610735
0.0123918764
-0.0037141424
-0.0496265404
0.0232888088
0.0121724950
0.0057349191
-0.0073004775
0.0354384370
-0.0118520111
0.0059737400
-0.0132051194
-0.0110154618
-0.0246655252
-0.0474101081
-0.3120157123
0.0057329508
-0.0446232334
0.0604843609
0.0581137203
-0.0007343489
0.0269230455
0.0061318181
0.0115136961
-0.0259912591
0.0171000138
-0.0453293025
-0.3204658628
0.0153907947
0.1401665807
0.0681262687
-0.0370855257
-0.0256268028
0.0600225739
-0.0472100787
0.0241223685
0.0070095477
0.0004316020
-0.0156279597
-0.0591413081
0.0204949286
0.1455091387
0.2233344167
0.0028301631
-0.2748172879
0.0166523829
0.1174890399
0.1412521601
0.0193657968
-0.0128357438
0.0086182095
-0.0435362533
-0.0544765405
-0.0137453172
-0.1333949566
-0.0262172800
0.0341385454
-0.0441730320
0.0745013356
-0.1880979091
0.0380510911
0.2644293904
0.2252889425
-0.0195915140
0.1677838564
0.0701619908
0.0036569969
0.0262261983
0.0513757356
0.0069708405
-0.0400637388
0.1295587271
0.0332164429
-0.0663747266
-0.0197951254
-0.0432019420
0.0312003698
-0.0586337037
-0.1285828948
-0.1929656416
-0.0082634510
-0.0956014842
0.2680424452
0.4237639010
0.0503356904
-0.0563971810
0.0361932591
0.0615565889
-0.1432702988
0.0677206814
-0.0924744532
-0.0860736668
0.0008978429
0.0534492135
-0.0027250713
-0.0172923077
-0.0023940152
0.0068044458
-0.0203196127
0.0035428531
-0.0166270323
0.0328456797
0.0049885302
-0.0209804792
-0.0013888929
0.1833228767
0.0879917517
0.0014483175
-0.0190349817
-0.0050881822
0.0063210586
0.0214900561
0.0217382535
-0.0218150970
0.0145914294
-0.0328302458
-0.0193762854
0.0069858986
-0.0510708280
-0.0442782119
0.0308854375
-0.0347356610
0.0549282022
-0.0434639789
-0.0019528300
-0.0918754861
-0.0828320310
-0.0322731435
0.1713820547
-0.0106916707
-0.0109859575
0.0139014693
0.0090634627
0.0213652421
-0.0187329464
0.0325103030
0.0357966758
-0.0088889198
0.0078607770
-0.0218618847
-0.0086748451
-0.0356319509
0.0079408074
-0.2987503409
0.0097319242
-0.0358462296
0.0979185700
0.1157153845
0.0083665717
0.0209205206
0.0217051450
0.0136364233
-0.0342933685
0.0205680151
-0.0433536023
-0.3284155726
-0.0169816576
0.0721788928
0.0080906013
-0.0148013318
-0.0103118289
0.0099266749
-0.0367654599
0.0046422472
0.0077105435
0.0335405320
-0.0032360416
-0.0147814462
-0.0007405432
0.2414032221
0.0044549443
0.0222942010
-0.0608667880
-0.0076704570
0.0346682183
0.0305118654
0.0142005989
-0.0269308668
0.0025485265
-0.0410740077
-0.0474037416
0.0179271922
-0.0794856474
-0.0429729708
0.0454662591
-0.0136727812
0.0699715465
-0.0722536743
0.0145727331
-0.0144825364
0.0022464530
-0.0367924683
0.2488258332
-0.0094416188
-0.0087782927
-0.0250407625
0.0216389932
0.0170551166
-0.0123250736
0.0174825471
0.0515452661
-0.0344491042
0.0105820801
-0.0059745507
-0.0084894272
-0.0354719944
0.0068286830
-0.2777195275
0.0130963819
-0.0678941905
0.1299497336
0.1093391106
0.0203734618
0.0075519788
0.0090290485
0.0117698461
-0.0487480871
0.0326718614
-0.0625047162
-0.3208616674
-0.0128188469
0.0720895901
0.0050761560
-0.0114166364
-0.0139498003
0.0066033807
-0.0378351621
0.0036212457
0.0109225530
0.0337237120
-0.0050495723
-0.0102873417
-0.0064257579
0.2545961142
-0.0078060059
0.0215439294
-0.0597114637
-0.0128482310
0.0218451023
0.0647367314
0.0138812717
-0.0304071531
0.0016089346
-0.0443455316
-0.0526141003
0.0145332254
-0.0882348046
-0.0452829003
0.0430241153
-0.0153178461
0.0666698292
-0.0724114925
0.0117865466
0.0162939839
0.0016054405
-0.0394600742
0.2643560171
-0.0279428922
-0.0045119538
-0.0260690693
0.0123753604
0.0184626430
-0.0189466756
0.0193268564
0.0515588894
-0.0373958871
0.0108554298
-0.0052078166
-0.0089799184
-0.0310761798
0.0411586948
-0.2837224901
0.0137750572
-0.0733052567
0.1265932173
0.1156074107
0.0408092104
0.0110469190
0.0009785603
0.0077172741
-0.0515591092
0.0349567868
-0.0649191365
-0.3188482523
-0.0025942957
0.0793389380
0.0134266596
-0.0093767522
-0.0097324299
0.0085205166
-0.0373194814
0.0092942659
0.0148682650
0.0268645920
-0.0108639468
-0.0198271684
-0.0086191762
0.2162077725
0.0370219722
0.0186286569
-0.0836857930
-0.0142719699
0.0226587020
0.0901574865
0.0155463656
-0.0299803447
0.0001618859
-0.0487523563
-0.0593159460
0.0083146254
-0.0955251381
-0.0438772477
0.0398781858
-0.0204397626
0.0645139515
-0.0835039020
0.0112214508
0.0652310848
0.0441781059
-0.0370371118
0.2736911774
-0.0383333452
-0.0059388895
-0.0075814626
0.0077221054
0.0173243359
-0.0224157311
0.0366679095
0.0500973389
-0.0441761725
0.0112545136
-0.0071499809
-0.0050927778
-0.0301732440
0.0322735347
-0.2645921409
0.0165835638
-0.0750880763
0.1531058848
0.1481123567
0.0649401397
0.0068195951
0.0034526945
0.0096719246
-0.0650938451
0.0446861908
-0.0696871802
-0.3387926221
-0.0069873799
0.0740410462
0.0124907810
-0.0097299097
-0.0063391775
0.0062466539
-0.0341892913
0.0048389761
0.0185340308
0.0292070601
-0.0101441760
-0.0101411380
-0.0137852328
0.2508193254
0.0119963586
0.0222929735
-0.0648794696
-0.0302008521
0.0137321614
0.0811237991
0.0151881166
-0.0384777188
0.0013067910
-0.0512093566
-0.0620463379
0.0117922314
-0.1025995165
-0.0533542484
0.0403075218
-0.0184514709
0.0631078631
-0.0772543177
0.0073690885
0.0574817844
0.0163940862
-0.0407787114
0.2894076407
-0.0544185601
-0.0059801950
-0.0084065516
0.0014102669
0.0161659271
-0.0214416608
0.0103925634
0.0525133498
-0.0440235659
0.0117949219
-0.0071533308
-0.0130621139
-0.0224737953
0.0556137189
-0.2861040235
0.0158817563
-0.0786672011
0.1372550428
0.1205394194
0.0673787370
0.0137054268
-0.0101411454
0.0030541762
-0.0565646850
0.0426257588
-0.0712474510
-0.3203387558
0.0031790028
0.0852702036
0.0196006726
-0.0109003745
-0.0109141450
0.0140271112
-0.0434730016
0.0120253991
0.0206977949
0.0221982282
-0.0128300674
-0.0225038491
-0.0122797936
0.2424021512
0.0566928722
0.0211470984
-0.1047771648
-0.0213099439
0.0184090156
0.1185656413
0.0151819494
-0.0363264829
-0.0018269428
-0.0531564541
-0.0660023466
0.0085435146
-0.1153846160
-0.0464278646
0.0375759006
-0.0202913228
0.0673755705
-0.1013561115
0.0137269851
0.1200520024
0.0741899610
-0.0397416800
0.2801461518
-0.0528579466
-0.0028299396
0.0038054078
0.0035048777
0.0163732972
-0.0293869190
0.0373741761
0.0487544201
-0.0520864129
0.0117930910
-0.0095585240
-0.0021328086
-0.0268640947
0.0374280512
-0.2716524303
0.0149341254
-0.0902303308
0.1740772128
0.1917420775
0.0853295103
0.0001109092
-0.0003658371
0.0129042258
-0.0762624368
0.0522803105
-0.0757431313
-0.2366289794
0.0003028612
0.0774472505
0.0030267518
-0.0128959445
-0.0229989495
0.0089363754
-0.0435353853
0.0014211506
0.0111011500
0.0311859045
-0.0086817667
-0.0151249561
-0.0107905576
0.2643561363
0.0345287807
0.0197176784
-0.0773532763
-0.0090754796
0.0078781890
0.1194307879
0.0157851577
-0.0270455666
-0.0005170889
-0.0462491252
-0.0488666780
0.0106177786
-0.1073908284
-0.0413618349
0.0383207463
-0.0196784828
0.0619076155
-0.0864433199
0.0127724037
0.0687559545
0.0188024547
-0.0404055081
0.2673958242
-0.0465553775
0.0003194026
-0.0072817672
0.0063403375
0.0260999706
-0.0287477076
0.0290922467
0.0473354720
-0.0400951579
0.0093897451
-0.0035994546
0.0018883677
-0.0268625468
0.0605002493
-0.2924767435
0.0107784728
-0.0813737884
0.1301809996
0.1675856262
0.0685406476
0.0031087799
0.0038528971
0.0129715586
-0.0600842498
0.0424933098
-0.0656955913
-0.2496501058
-0.0011495200
0.0918777809
0.0007504449
-0.0091938982
-0.0394440219
0.0120472703
-0.0497702323
-0.0005227051
0.0071725417
0.0383940972
-0.0101516126
-0.0188125744
-0.0043768287
0.2407060564
0.0316789672
0.0158446785
-0.0947386026
0.0182042085
0.0305107534
0.1436623186
0.0131627200
-0.0058936724
-0.0029923790
-0.0414286517
-0.0397655629
0.0063439589
-0.1049949974
-0.0256764162
0.0381959416
-0.0206936710
0.0617363341
-0.0887537524
0.0290158503
0.0842560157
0.0373433009
-0.0312602557
0.2877785861
-0.0053532794
-0.0000060446
-0.0289089214
0.0216900464
0.0324165300
-0.0293416884
0.0491437614
0.0458179265
-0.0468722954
-0.0006250364
0.0064291535
0.0193646550
-0.0338198580
0.0570569411
-0.2686353624
0.0095756063
-0.0754317418
0.1172584295
0.1802353859
0.0528038926
-0.0133821759
0.0216078572
0.0224402770
-0.0625009760
0.0362663530
-0.0566057228
-0.3677099943
-0.0242337678
0.0534684919
0.0090119196
-0.0160839930
0.0079414966
-0.0003670406
0.0073417891
-0.0034817255
0.0015046429
0.0343833789
-0.0114170611
-0.0011265201
-0.0041797687
0.2053969204
0.0124270944
0.0205591433
0.0102700498
-0.0217052009
0.0519279651
-0.0448952504
0.0115830833
-0.0276094098
0.0085303430
-0.0224661268
-0.0448207259
0.0148966955
-0.0678924695
-0.0307619702
0.0648477003
-0.0325267576
0.0474666655
-0.0257651266
0.0097670238
-0.0546206050
-0.0317705758
-0.0243151765
0.3358355761
0.0238158125
-0.0263045486
-0.0316567607
0.0159335919
0.0308085103
0.0057861940
-0.0077019967
0.0676491857
-0.0268856958
0.0009547838
-0.0144321173
-0.0399300903
-0.0157745481
0.0441790260
-0.2816074491
0.0256984010
-0.0265057757
0.0832702518
0.0107755605
-0.0115957707
0.0167280231
-0.0136157405
0.0028553796
-0.0159268714
0.0165530723
-0.0591276884
-0.3342720866
-0.0223169867
0.0539887697
-0.0054554590
-0.0124132549
-0.0190866608
-0.0052049095
-0.0193685647
-0.0055379341
0.0022423451
0.0473574698
0.0015933545
0.0037807680
0.0045632846
0.2757423818
-0.0527057685
0.0191324502
0.0011415372
0.0038149266
0.0204814598
0.0019936273
0.0081161922
-0.0202339310
0.0028847873
-0.0245490801
-0.0440070480
0.0200339723
-0.0652513281
-0.0352280922
0.0592663772
-0.0183314793
0.0589706227
-0.0437857769
0.0181923062
-0.0439911634
-0.0258989520
-0.0325681940
0.2903591096
0.0179076567
-0.0113659156
-0.0840179175
0.0254905764
0.0326632485
0.0021935694
0.0199296474
0.0594391935
-0.0279715341
0.0084437001
-0.0050417013
-0.0169313718
-0.0329524428
0.0651379004
-0.2970333099
0.0184283592
-0.0480591320
0.0838955194
0.0240248125
-0.0111743305
0.0097939214
-0.0016859974
0.0126141021
-0.0234965980
0.0163300652
-0.0575138107
-0.3094003201
-0.0243160632
0.0670465752
0.0020022399
-0.0245957226
-0.0150439292
0.0139749190
-0.0348927788
-0.0042684730
0.0050089532
0.0382102653
0.0037953956
-0.0107375244
-0.0017036187
0.3084867001
-0.0071149473
0.0277709328
-0.0402103774
-0.0121616535
0.0355295837
0.0052269469
0.0111989640
-0.0288533214
0.0027266177
-0.0317030512
-0.0305968150
0.0273341872
-0.0859520137
-0.0458445512
0.0464685671
-0.0092339814
0.0702027753
-0.0697105750
0.0172302872
-0.0463391766
-0.0482737608
-0.0380346514
0.2506096959
0.0038466377
-0.0108325379
-0.0250678062
0.0278271455
0.0231814738
-0.0122622810
-0.0123520494
0.0505770817
-0.0307535976
0.0050535970
-0.0070964694
-0.0096813049
-0.0298085101
0.0197619740
-0.3094553053
0.0046857228
-0.0695740432
0.1075746864
0.1010041013
-0.0058369515
-0.0003229804
0.0089590289
0.0180154741
-0.0341465510
0.0266058426
-0.0578251816
-0.3308523297
-0.0365447775
0.0546680093
-0.0181049760
-0.0133850202
-0.0353162698
0.0020998248
-0.0458362475
-0.0163646676
0.0051443609
0.0551304594
0.0113211749
0.0179426260
0.0061624744
0.3793376982
-0.1354164481
0.0313658416
0.0125790229
0.0062227440
0.0085735945
0.0091007929
0.0044270465
-0.0195368957
-0.0027721960
-0.0268731117
-0.0350443311
0.0317531489
-0.0773130283
-0.0456577092
0.0530544966
-0.0040193624
0.0714934990
-0.0527534932
0.0261388067
-0.0757877901
-0.0833740532
-0.0434678979
0.2522894442
0.0105251139
0.0035620737
-0.0999456644
0.0287816059
0.0273539610
-0.0047648372
-0.0201049205
0.0514465235
-0.0249316636
0.0110318316
0.0055808630
-0.0088808965
-0.0285946522
0.0880611390
-0.3440587521
0.0026294433
-0.0708988830
0.0501790717
0.0230991412
-0.0180914085
0.0106541757
-0.0007629732
0.0127895847
-0.0106627606
0.0115710096
-0.0464677215
-0.3883384764
-0.0368948802
0.0594779663
-0.0059604342
-0.0133390287
-0.0222538393
0.0026254277
-0.0380909033
-0.0087357080
0.0077263806
0.0498366170
0.0055371039
0.0126747759
0.0022368708
0.3181662560
-0.1221094504
0.0282017272
-0.0057581640
-0.0063271327
0.0216065757
0.0019881888
0.0070564910
-0.0273761097
0.0011965538
-0.0364942588
-0.0479081310
0.0263228063
-0.0717091560
-0.0484188274
0.0529711545
-0.0048012892
0.0708662122
-0.0493755341
0.0187310539
-0.0667361990
-0.0654217824
-0.0412332229
0.2580932379
0.0035380623
-0.0024255351
-0.0892352015
0.0251161959
0.0168975852
-0.0048298128
-0.0124905705
0.0539850257
-0.0283157360
0.0106701357
0.0016379609
-0.0179060716
-0.0299145170
0.0577138923
-0.3125816584
0.0073362011
-0.0663060769
0.0712582394
0.0153495511
-0.0092295483
0.0179168768
-0.0066443044
0.0040244069
-0.0221000127
0.0150829488
-0.0536484532
-0.4082840085
-0.0295670163
0.0719184577
0.0076190433
-0.0135498680
-0.0139533738
0.0112057030
-0.0426284708
0.0004437405
0.0136754019
0.0394687466
0.0011290355
0.0030387118
-0.0047600721
0.2985517085
-0.0775829703
0.0275199339
-0.0475801528
-0.0201306939
0.0306674428
0.0304166712
0.0098933997
-0.0367693901
0.0025504702
-0.0466654450
-0.0578426942
0.0223361216
-0.0883486345
-0.0528824702
0.0466299504
-0.0064114872
0.0749009252
-0.0676943734
0.0163351353
-0.0143479956
-0.0245492756
-0.0425436087
0.2650953829
-0.0137191853
-0.0023820670
-0.0553233437
0.0172592495
0.0089598959
-0.0159901734
-0.0078576365
0.0520113036
-0.0387760438
0.0101667913
-0.0030801585
-0.0168436840
-0.0275329463
0.0363575108
-0.2984884083
0.0079798941
-0.0790144652
0.1095316708
0.0718283057
0.0171600506
0.0148641206
-0.0099167014
0.0022199829
-0.0422593504
0.0258596838
-0.0627507195
-0.3386319578
-0.0190749113
0.0720153376
0.0024142994
-0.0114414468
-0.0180937275
0.0070610349
-0.0401506126
0.0022723628
0.0088471621
0.0369152017
-0.0009219164
-0.0024998663
-0.0061263288
0.2657571435
-0.0446918942
0.0206687823
-0.0517799333
-0.0116382642
0.0207839385
0.0595372170
0.0115924682
-0.0316928662
0.0033965637
-0.0442278534
-0.0537303425
0.0150678931
-0.0845057145
-0.0461040772
0.0442019068
-0.0133791110
0.0682547539
-0.0671676323
0.0122403214
-0.0013771938
-0.0145769035
-0.0402042493
0.2578114867
-0.0177568048
-0.0008923654
-0.0440098569
0.0127262976
0.0148165608
-0.0208881721
0.0166952796
0.0505105294
-0.0356363244
0.0092003765
-0.0043156045
-0.0122438567
-0.0298220944
0.0459291786
-0.2871893644
0.0107505517
-0.0735562518
0.1162618101
0.0973861367
0.0298828520
0.0146330334
-0.0033054724
0.0040628463
-0.0486685894
0.0281685870
-0.0613251254
-0.1775369048
-0.0301992521
0.0444911718
-0.0156037537
-0.0305646956
-0.0038674297
0.0081791217
-0.0155092087
-0.0138704432
-0.0072533055
0.0411904752
0.0115486719
-0.0065615545
-0.0027486593
0.3752833605
0.0262582470
0.0235841926
0.0226932410
-0.0218565818
0.0301735792
-0.0664501861
0.0169430636
-0.0302021708
0.0120426649
-0.0142715499
0.0041179201
0.0374676660
-0.0629389286
-0.0558384098
0.0451241359
-0.0181789659
0.0661031976
-0.0386289097
0.0023805085
-0.1615893990
-0.1566455513
-0.0399752222
0.2142763287
0.0080427928
-0.0164462756
0.0044155284
0.0274023786
0.0303667393
-0.0063505946
-0.0449629053
0.0492008589
-0.0047233095
0.0095179789
-0.0206300505
-0.0192473084
-0.0339793153
0.0546008982
-0.3722390532
0.0033638976
-0.0446691401
0.0583985969
0.0587497801
-0.0674651861
0.0134759871
0.0101361563
0.0240777079
0.0039802273
0.0072355643
-0.0489606187
-0.2096711844
-0.0316203050
0.0490989462
-0.0110717518
-0.0310353618
-0.0015924986
0.0124424379
-0.0168683901
-0.0136073250
-0.0053777480
0.0369595215
0.0065289023
-0.0092838751
-0.0027603451
0.3533192575
0.0391007029
0.0259528086
0.0108957067
-0.0202845205
0.0379972234
-0.0621054545
0.0166106448
-0.0292814653
0.0100730192
-0.0152690774
0.0012576627
0.0336513892
-0.0660639182
-0.0522678494
0.0452297926
-0.0167132095
0.0657870844
-0.0439957641
0.0041915122
-0.1367301792
-0.1291235387
-0.0376699269
0.2304564714
0.0137944324
-0.0171096437
0.0074241855
0.0295933280
0.0276052132
-0.0073805475
-0.0442963801
0.0488243252
-0.0087035056
0.0062861168
-0.0184189286
-0.0188423283
-0.0298040621
0.0440426506
-0.3563378155
0.0033521722
-0.0456629694
0.0675987452
0.0683105439
-0.0599225089
0.0109004974
0.0124735823
0.0228646304
0.0013226467
0.0107258484
-0.0511599779
-0.1945549697
-0.0263366494
0.0519686081
-0.0092111398
-0.0286579076
-0.0026406865
0.0126894517
-0.0193314273
-0.0117213149
-0.0053413040
0.0369763002
0.0056439545
-0.0113806715
-0.0023169871
0.3341580629
0.0521239713
0.0232548211
0.0009301582
-0.0174866281
0.0328454226
-0.0419670045
0.0173323452
-0.0271681286
0.0102472631
-0.0179531630
-0.0004080608
0.0290774629
-0.0675233379
-0.0518419743
0.0421365425
-0.0195529200
0.0644815788
-0.0481695235
0.0050940202
-0.1199701205
-0.1179118454
-0.0372712761
0.2294617742
0.0101825362
-0.0158362333
0.0108058853
0.0281476937
0.0276858024
-0.0090677412
-0.0372148342
0.0469868332
-0.0105376644
0.0046850573
-0.0180566013
-0.0142935533
-0.0325016417
0.0420532264
-0.3495999575
0.0043873363
-0.0473287068
0.0696192905
0.0886696428
-0.0472491235
0.0101050017
0.0159461722
0.0238014851
-0.0044666296
0.0133361500
-0.0508311093
-0.2278579772
-0.0269354247
0.0563579574
-0.0043206853
-0.0288371742
-0.0003033406
0.0140417069
-0.0199441705
-0.0111642973
-0.0030525024
0.0352307037
0.0022726641
-0.0128550334
-0.0018123692
0.3140982687
0.0578260385
0.0246214513
-0.0065311072
-0.0173733048
0.0372911841
-0.0441618897
0.0176775623
-0.0265464876
0.0089648366
-0.0209019836
-0.0049063666
0.0282825232
-0.0697871447
-0.0509245805
0.0440636463
-0.0185980313
0.0646998882
-0.0516777597
0.0064667626
-0.1064312980
-0.0950392783
-0.0354292616
0.2397103757
0.0103984708
-0.0173711218
0.0110353548
0.0301648788
0.0251735486
-0.0072018942
-0.0356806591
0.0487980954
-0.0138955526
0.0046210447
-0.0158435758
-0.0139344772
-0.0305871200
0.0286938157
-0.3369250298
0.0047053299
-0.0476096645
0.0786880925
0.0815752000
-0.0441321097
0.0086716497
0.0151435323
0.0221344437
-0.0079284841
0.0160999838
-0.0531179607
-0.2393186688
-0.0298358593
0.0566832535
-0.0044983136
-0.0295630880
-0.0017043370
0.0151983574
-0.0200725924
-0.0124297254
-0.0031631216
0.0371682011
0.0018944348
-0.0126178768
0.0001029655
0.3242104053
0.0581458807
0.0275516789
-0.0058035431
-0.0149686486
0.0461452007
-0.0505923629
0.0169340055
-0.0238426831
0.0080981301
-0.0183486193
-0.0025143321
0.0303880479
-0.0724131539
-0.0483250134
0.0458534919
-0.0167703666
0.0656497926
-0.0517654791
0.0107059143
-0.1067662910
-0.0943636894
-0.0344523005
0.2482290417
0.0199616272
-0.0188173130
0.0075670644
0.0343841277
0.0276346598
-0.0052994369
-0.0420678966
0.0494912714
-0.0149748819
0.0030693850
-0.0145638203
-0.0125706149
-0.0304971002
0.0254255645
-0.3401413858
0.0040779333
-0.0476269424
0.0751722008
0.0823851824
-0.0511091538
0.0047408855
0.0165459774
0.0249093678
-0.0046287477
0.0151499491
-0.0521516912
-0.2339789718
-0.0334233604
0.0541615896
-0.0094546247
-0.0282447152
-0.0058434340
0.0137757091
-0.0223010182
-0.0143426070
-0.0048995013
0.0398866162
0.0037569129
-0.0086914580
0.0009290105
0.3452700377
0.0371014252
0.0287731197
0.0025359534
-0.0126855616
0.0484289639
-0.0544943213
0.0159005057
-0.0224053226
0.0080412151
-0.0162858944
0.0004917610
0.0335714892
-0.0708730072
-0.0475188941
0.0464688241
-0.0149334269
0.0675458461
-0.0478694774
0.0124856411
-0.1207995713
-0.1117256582
-0.0357859358
0.2431373149
0.0225099605
-0.0165634025
0.0012129500
0.0352875143
0.0292927250
-0.0049022478
-0.0481270663
0.0498845764
-0.0122085521
0.0044403146
-0.0124780387
-0.0126531590
-0.0303884055
0.0339935832
-0.3502459824
0.0031489001
-0.0482178964
0.0636908785
0.0746413246
-0.0591955706
0.0062809638
0.0155505501
0.0245999824
0.0004911876
0.0114882011
-0.0496162586
-0.2167828977
-0.0176658109
0.0899149254
0.0070537878
-0.0277498588
-0.0337078497
0.0354332626
-0.0459244326
-0.0002911739
-0.0096283061
0.0351960696
0.0063546044
-0.0231144540
0.0061955256
0.2651628852
0.0557136051
0.0159526058
-0.1022652760
0.0141805895
0.0654758886
0.0552276932
0.0124800801
-0.0112251667
0.0100801904
-0.0289241634
-0.0141373733
0.0147333834
-0.0886363536
-0.0304273535
0.0373468399
-0.0198336709
0.0726048052
-0.0933779925
0.0319503248
-0.0146057140
-0.0188641716
-0.0309363231
0.1909198463
0.0603917763
-0.0029458811
-0.0137679884
0.0405831188
0.0224448014
-0.0279195122
0.0245648194
0.0398708805
-0.0323798321
-0.0143101132
-0.0125511354
0.0126365134
-0.0453009307
-0.0268717576
-0.2843259573
-0.0037998089
-0.0716455504
0.1133180782
0.2276734710
-0.0170732196
-0.0213664751
0.0352858268
0.0343806110
-0.0553990193
0.0222260281
-0.0488441549
-0.2877333760
-0.0159499757
0.0385776870
-0.0007103842
-0.0139362579
-0.0042263935
-0.0129871303
0.0042328481
-0.0049439119
-0.0079772007
0.0474714562
-0.0010703441
0.0062679630
0.0045421910
0.2392837256
-0.0035348942
0.0179078411
0.0307770204
-0.0092043970
0.0453687683
-0.0595573448
0.0131045654
-0.0217374265
0.0099698603
-0.0173628554
-0.0413934439
0.0248617958
-0.0650884956
-0.0273308884
0.0679519996
-0.0336898454
0.0500484407
-0.0209271815
0.0155703882
-0.0861344039
-0.0608523749
-0.0286206491
0.3080615401
0.0175470561
-0.0235243477
-0.0552305095
0.0190052409
0.0471732207
0.0165391900
-0.0127588762
0.0705388635
-0.0182237830
0.0093848053
-0.0128293829
-0.0318363681
-0.0249447264
0.0360066742
-0.3143649101
0.0295398366
-0.0284531303
0.0537771583
0.0019953253
-0.0216010567
0.0181339551
-0.0145555241
0.0081964228
-0.0109492010
0.0110624218
-0.0548867099
-0.3934561312
-0.0159676075
0.0677011758
0.0148489000
-0.0171696879
0.0027025545
0.0066140555
-0.0162782390
0.0060590338
0.0001595860
0.0300580990
-0.0062910155
-0.0121119125
-0.0025811864
0.2206679732
0.0531434342
0.0239376780
-0.0255805012
-0.0146549223
0.0627859235
-0.0340305977
0.0126357693
-0.0321518928
0.0045207087
-0.0268484056
-0.0483985804
0.0251439903
-0.0840630382
-0.0283339079
0.0609110296
-0.0221371148
0.0654523000
-0.0538060665
0.0184624549
-0.0167503562
0.0317799821
-0.0264465623
0.3261550069
0.0193381570
-0.0222238377
-0.0151901282
0.0228261705
0.0319321156
-0.0013095096
-0.0105515188
0.0685117468
-0.0343633443
0.0106384698
-0.0099670496
-0.0227549281
-0.0191922765
-0.0099211428
-0.2839380801
0.0219961107
-0.0514342636
0.1336475909
0.0645211115
-0.0144323437
0.0047185491
-0.0061826101
0.0078387167
-0.0367854908
0.0245690681
-0.0610944703
-0.1722841561
-0.0201804359
0.0527145788
-0.0059363958
-0.0275058635
0.0011445676
0.0142872147
-0.0186663438
-0.0082452307
-0.0073074079
0.0350062475
0.0055735568
-0.0150554897
-0.0038569951
0.3198969364
0.0903170928
0.0220449623
-0.0027698495
-0.0212106016
0.0365502536
-0.0381699875
0.0189466272
-0.0282860175
0.0116449585
-0.0179499295
-0.0002808032
0.0281529296
-0.0737148821
-0.0518602394
0.0384727903
-0.0234143157
0.0642783791
-0.0495806336
0.0057453238
-0.1058659032
-0.1092924401
-0.0358277746
0.2293275744
0.0075736134
-0.0178007409
0.0272038579
0.0245330185
0.0287946500
-0.0124160405
-0.0369319245
0.0458035879
-0.0120559251
0.0042123129
-0.0220868550
-0.0134548275
-0.0297996514
0.0305134747
-0.3509761095
0.0049319402
-0.0479022712
0.0819464996
0.1127898172
-0.0404146090
0.0083993459
0.0148210069
0.0257501863
-0.0092080319
0.0152445231
-0.0499347039
-0.1478303820
-0.0248824395
0.0455813706
-0.0146641005
-0.0279364642
-0.0049799355
0.0134688290
-0.0233219024
-0.0113803856
-0.0092181657
0.0369886532
0.0125467852
-0.0085302247
-0.0052823634
0.3865163922
0.0476365350
0.0228474997
0.0128133912
-0.0232819803
0.0291273855
-0.0473279655
0.0162161775
-0.0326806381
0.0117735611
-0.0133887557
0.0056314911
0.0361603834
-0.0718765557
-0.0563962571
0.0371269807
-0.0199446939
0.0699226633
-0.0469547771
0.0045281774
-0.1318929493
-0.1507243216
-0.0419886149
0.2088882625
0.0021695497
-0.0116860671
0.0193268321
0.0219308231
0.0293329898
-0.0149196936
-0.0472306907
0.0441809073
-0.0068874666
0.0088236686
-0.0218683779
-0.0158574544
-0.0275696106
0.0594521090
-0.3795999885
0.0016100383
-0.0535021424
0.0672190934
0.1032376289
-0.0526369363
0.0123245381
0.0105730928
0.0256234258
-0.0010923319
0.0094724288
-0.0479526259
-0.1233134419
-0.0185576174
0.0485749319
-0.0126767363
-0.0261300225
-0.0049649281
0.0118166665
-0.0202503167
-0.0074942927
-0.0109519847
0.0376499183
0.0106078414
-0.0131250164
-0.0055183540
0.3414708078
0.0728823617
0.0191911105
0.0040885052
-0.0196357537
0.0308144055
-0.0290852785
0.0177758951
-0.0287204310
0.0129820732
-0.0153994393
0.0029242162
0.0300867315
-0.0717410222
-0.0505541004
0.0363871530
-0.0233785715
0.0646718740
-0.0444464423
0.0052642981
-0.1240892634
-0.1398141235
-0.0379881747
0.2140021622
0.0052340846
-0.0157752894
0.0237349030
0.0201567467
0.0320622176
-0.0161941014
-0.0322635621
0.0436107107
-0.0087552695
0.0054230103
-0.0225792527
-0.0136921406
-0.0306831412
0.0470269881
-0.3620017469
0.0042235595
-0.0482548662
0.0744669512
0.1192255616
-0.0404933654
0.0094186729
0.0143662356
0.0260702781
-0.0086036203
0.0115550226
-0.0454004146
-0.1117424518
-0.0158234239
0.0496784598
-0.0145973936
-0.0249880012
-0.0073692794
0.0129629113
-0.0243365783
-0.0061627124
-0.0116968034
0.0370679237
0.0129943835
-0.0150992423
-0.0065849903
0.3496643007
0.0724406466
0.0166500602
0.0002486414
-0.0165509935
0.0234577321
-0.0172132999
0.0170160886
-0.0289685354
0.0131213702
-0.0151893292
0.0041765035
0.0290962718
-0.0699649826
-0.0522297211
0.0322113708
-0.0236096513
0.0670029148
-0.0478360727
0.0046710884
-0.1160095185
-0.1366105825
-0.0392151363
0.2022383511
0.0043263603
-0.0127545847
0.0236857757
0.0191226657
0.0304410756
-0.0206993986
-0.0240809191
0.0406368114
-0.0089709470
0.0063202796
-0.0233436991
-0.0104203448
-0.0330336057
0.0538604259
-0.3630802333
0.0035704577
-0.0515822209
0.0820619389
0.1333260089
-0.0382550620
0.0088116135
0.0173626486
0.0277197808
-0.0120208180
0.0114018908
-0.0449920036
-0.0677477121
-0.0125813754
0.0456159897
-0.0194045939
-0.0230753385
-0.0086764889
0.0106883133
-0.0252189413
-0.0055018449
-0.0143065387
0.0401227623
0.0180444624
-0.0136523172
-0.0073375641
0.3730244935
0.0697108731
0.0131067652
0.0093548782
-0.0171181094
0.0131384097
-0.0156404190
0.0175839495
-0.0300234184
0.0155021185
-0.0134105496
0.0084057841
0.0308271833
-0.0665405616
-0.0563285090
0.0280792136
-0.0261045396
0.0685858056
-0.0438221246
0.0023378744
-0.1356035024
-0.1625259221
-0.0421639122
0.1849192977
0.0003675767
-0.0106712272
0.0254375748
0.0155069279
0.0320346579
-0.0228263717
-0.0257238727
0.0381006002
-0.0048859054
0.0089307390
-0.0259670522
-0.0090246685
-0.0372167230
0.0686871633
-0.3817235231
0.0039772233
-0.0515991040
0.0730564967
0.1390796453
-0.0419753902
0.0121124191
0.0178605020
0.0294521563
-0.0094039505
0.0075180298
-0.0410544872
-0.2269024551
-0.0366086178
0.0387604833
-0.0135605922
-0.0345061384
0.0022341812
0.0131183155
-0.0168145020
-0.0172118321
-0.0015218406
0.0298596285
0.0084409816
-0.0024179688
-0.0045134369
0.4116168916
-0.0008837760
0.0300283171
0.0256636031
-0.0342636183
0.0210900903
-0.0805291981
0.0151597476
-0.0436459035
0.0072833756
-0.0145364264
-0.0002516302
0.0385582782
-0.0646420792
-0.0642650723
0.0459513105
-0.0150576625
0.0696311668
-0.0482863821
-0.0051508020
-0.1423667967
-0.1471142322
-0.0474380217
0.2092520744
-0.0095413234
-0.0081105046
0.0083918953
0.0227931738
0.0214324351
-0.0085519990
-0.0587452538
0.0492985472
-0.0045878654
0.0135469502
-0.0228257179
-0.0291083716
-0.0227212105
0.0768210590
-0.3802173138
0.0003088226
-0.0544451736
0.0617198162
0.0525106452
-0.0599970035
0.0224483442
0.0033535957
0.0176656805
0.0090248398
0.0125078857
-0.0592684336
-0.2532511353
-0.0379772484
0.0452650823
-0.0097212661
-0.0347776040
0.0036165656
0.0166753940
-0.0177335758
-0.0171163417
0.0005207337
0.0272616856
0.0032865850
-0.0057699615
-0.0051035406
0.3855317831
0.0139426682
0.0320849568
0.0127995852
-0.0313031077
0.0301106535
-0.0724553093
0.0153446449
-0.0407023765
0.0060056355
-0.0155592719
-0.0024503679
0.0344672538
-0.0680664182
-0.0591823198
0.0461769551
-0.0131270681
0.0683114678
-0.0521398932
-0.0027012506
-0.1218082011
-0.1223193109
-0.0437683761
0.2300058156
-0.0012446075
-0.0106325317
0.0117021622
0.0257929917
0.0201736372
-0.0094873095
-0.0567591675
0.0493225269
-0.0088740867
0.0092133060
-0.0195995029
-0.0276243873
-0.0202514641
0.0652273521
-0.3623593152
0.0007704241
-0.0537232719
0.0700510889
0.0609030947
-0.0528454892
0.0180630982
0.0065691555
0.0168725047
0.0059164986
0.0153298462
-0.0600589365
-0.1986089498
-0.0346946269
0.0381190106
-0.0156413987
-0.0337799489
0.0000898919
0.0143207796
-0.0194635950
-0.0172642805
-0.0027831434
0.0291617196
0.0093982406
-0.0025157901
-0.0053391922
0.4219872057
0.0042088781
0.0285176430
0.0225442424
-0.0330095887
0.0179939922
-0.0680211633
0.0149506629
-0.0437655449
0.0077944025
-0.0129944496
0.0034344322
0.0371685177
-0.0657366216
-0.0638638809
0.0427199565
-0.0162204131
0.0697560459
-0.0502294265
-0.0052914652
-0.1356234848
-0.1548130512
-0.0487422049
0.2068497539
-0.0115555776
-0.0055936077
0.0136383129
0.0208414514
0.0224089622
-0.0118670855
-0.0592474043
0.0468069240
-0.0033607176
0.0122737894
-0.0231676791
-0.0269003361
-0.0227565747
0.0878946036
-0.3860381246
-0.0004671004
-0.0566260181
0.0566384308
0.0729807094
-0.0558813140
0.0226241574
0.0054206601
0.0190082509
0.0094092004
0.0120877866
-0.0582497679
-0.2226095051
-0.0385050587
0.0404450670
-0.0175496414
-0.0328050032
-0.0029987928
0.0166869145
-0.0233582780
-0.0189976431
-0.0019705396
0.0290123615
0.0095223002
-0.0011249788
-0.0052546081
0.4394760430
-0.0104308305
0.0305293705
0.0240701623
-0.0290182084
0.0222299285
-0.0695449263
0.0129970750
-0.0421520919
0.0061136368
-0.0104441959
0.0049219974
0.0388035588
-0.0665514171
-0.0625515580
0.0420842357
-0.0138662150
0.0732368082
-0.0520000346
-0.0022110271
-0.1290321499
-0.1499837786
-0.0486131348
0.2131907940
-0.0026702082
-0.0031057708
0.0082176309
0.0238733608
0.0217578933
-0.0136831561
-0.0634591728
0.0467206277
-0.0043707951
0.0122675989
-0.0201127864
-0.0254193489
-0.0205047876
0.0944440439
-0.3891886771
-0.0018671777
-0.0591940209
0.0563362464
0.0710653290
-0.0623072274
0.0207416639
0.0064999051
0.0196807645
0.0124792587
0.0098885139
-0.0570295267
-0.1928456277
-0.0382990614
0.0376793966
-0.0205415320
-0.0315128043
-0.0071013686
0.0136059858
-0.0226116162
-0.0199077651
-0.0052026459
0.0350644030
0.0114163393
0.0010872545
-0.0020777690
0.4466457069
-0.0131974602
0.0299819391
0.0315982215
-0.0246050376
0.0227424148
-0.0678596422
0.0130190635
-0.0370829701
0.0071274349
-0.0091323247
0.0082934825
0.0405474007
-0.0661741048
-0.0601497814
0.0443184562
-0.0149833206
0.0718256980
-0.0467909873
0.0017415818
-0.1439411491
-0.1645999849
-0.0481737293
0.2076366991
0.0009884050
-0.0041518975
0.0025628416
0.0257382337
0.0271921381
-0.0102787046
-0.0632253364
0.0468949378
-0.0020893859
0.0124286041
-0.0195006989
-0.0224947203
-0.0243883710
0.0969354883
-0.3981881440
-0.0016940353
-0.0560565814
0.0451027527
0.0688148439
-0.0684510097
0.0186813492
0.0075586387
0.0228117872
0.0158840250
0.0071306722
-0.0535073727
-0.2422819585
-0.0389068872
0.0456417538
-0.0152139897
-0.0314502493
-0.0065238955
0.0160333309
-0.0249546207
-0.0177982301
-0.0018654936
0.0320349261
0.0076440061
-0.0019858959
-0.0034903313
0.4121854901
-0.0104292445
0.0306693353
0.0140304919
-0.0221052300
0.0318871103
-0.0628366917
0.0120895412
-0.0365194343
0.0058152438
-0.0118012894
0.0010052623
0.0369547792
-0.0682390630
-0.0558389612
0.0442760363
-0.0117423674
0.0720687881
-0.0521789193
0.0030461210
-0.1226642728
-0.1354856640
-0.0447809473
0.2281917036
0.0085951332
-0.0061517595
-0.0030523883
0.0279754885
0.0233413223
-0.0114839841
-0.0576733649
0.0474862345
-0.0079852119
0.0089485915
-0.0157078262
-0.0222327206
-0.0215829499
0.0775729492
-0.3726731241
-0.0009110179
-0.0575596839
0.0584564991
0.0708601251
-0.0582759231
0.0156069044
0.0085711945
0.0198710356
0.0075290119
0.0108762914
-0.0546711162
-0.2848724127
-0.0023545965
0.1012541056
0.0093605872
-0.0147888204
-0.0345722623
0.0224936251
-0.0490667336
0.0020515691
0.0089755487
0.0302942228
-0.0127015980
-0.0301449783
-0.0029428035
0.2327526212
0.0713059828
0.0176271070
-0.1230341122
0.0166894104
0.0573195517
0.1314817816
0.0140994629
-0.0066300719
-0.0029365881
-0.0378651023
-0.0340668149
0.0056590317
-0.1081477851
-0.0233015530
0.0347952433
-0.0208887514
0.0656466186
-0.1027850360
0.0321027897
0.1012944132
0.0554914698
-0.0270630661
0.2908734381
0.0160398651
-0.0044996496
-0.0134948054
0.0310891382
0.0301317386
-0.0311340559
0.0418232642
0.0449108742
-0.0520258881
-0.0074392701
0.0018445986
0.0216250680
-0.0366994254
0.0274179317
-0.2582165897
0.0085941926
-0.0776463822
0.1288773865
0.2196369916
0.0433316752
-0.0231614169
0.0313820019
0.0291836970
-0.0687709302
0.0401450172
-0.0592117235
-0.2874297798
0.0046259458
0.0747885630
0.0106561705
-0.0050767274
-0.0112159690
0.0020688430
-0.0297056772
0.0064552897
0.0131220156
0.0318049602
-0.0102864243
-0.0163456053
-0.0100059239
0.2338070869
0.0663089827
0.0189681612
-0.0634820387
-0.0163643472
0.0270692855
0.0870051011
0.0150780883
-0.0251546502
0.0006108925
-0.0398305058
-0.0527972467
0.0120215658
-0.1076327190
-0.0405366682
0.0410889275
-0.0295329466
0.0594815388
-0.0774351656
0.0168089271
0.0726516396
0.0361095592
-0.0347227231
0.3069884181
-0.0393211059
-0.0091625359
0.0030362583
0.0042445776
0.0324347652
-0.0187820885
0.0185482372
0.0555508137
-0.0446878150
0.0103032608
-0.0089951996
-0.0038666292
-0.0241224971
0.0489121042
-0.2888490856
0.0201271996
-0.0713297576
0.1388088614
0.1559779793
0.0644917414
0.0016956188
-0.0020681489
0.0160810947
-0.0575285777
0.0430922583
-0.0666920990
-0.3974162042
-0.0244044829
0.0571226813
0.0005273896
-0.0138169862
0.0010720888
-0.0039471961
-0.0047935401
0.0023557914
-0.0035963762
0.0322060175
-0.0098511158
-0.0042061317
-0.0019732015
0.2127991319
0.0069548544
0.0227841958
0.0049168528
-0.0059130345
0.0652564988
-0.0504162721
0.0133934161
-0.0263666883
0.0054196031
-0.0203864705
-0.0477677695
0.0225146785
-0.0642602965
-0.0186689068
0.0714412406
-0.0244068373
0.0576082356
-0.0284119695
0.0120072626
-0.0575159229
0.0063500404
-0.0243536290
0.3351629078
0.0320473313
-0.0235807393
-0.0336616933
0.0227010157
0.0372932069
0.0041202512
0.0014666298
0.0764646307
-0.0238480996
0.0126303928
-0.0056840279
-0.0327159353
-0.0234150290
0.0238291230
-0.2752484679
0.0306301937
-0.0334739499
0.1072969735
0.0077657970
-0.0309220813
0.0170589890
-0.0104754679
-0.0000521757
-0.0223615561
0.0136056123
-0.0587620288
-0.2826614082
-0.0330776423
0.0563456863
-0.0030107601
-0.0301834084
0.0011201408
0.0186934620
-0.0252698753
-0.0125270300
0.0013746276
0.0269739665
-0.0008357844
-0.0104940766
-0.0036480362
0.3338702023
0.0272379871
0.0297540613
-0.0124621829
-0.0208311882
0.0362959914
-0.0475175306
0.0153926145
-0.0340406522
0.0048789415
-0.0217049066
-0.0122362887
0.0281361453
-0.0710680112
-0.0524771363
0.0442935042
-0.0125031518
0.0695353672
-0.0600342192
0.0033190739
-0.0846548900
-0.0744018182
-0.0393352956
0.2421045750
0.0050986195
-0.0107658226
0.0047482559
0.0283459052
0.0175730959
-0.0108672129
-0.0397940688
0.0481509790
-0.0162139665
0.0072536753
-0.0133029204
-0.0197004136
-0.0218122117
0.0388558656
-0.3336044252
0.0032616027
-0.0561723039
0.0877156779
0.0763499811
-0.0348450020
0.0135122025
0.0107971784
0.0153593766
-0.0079555521
0.0196563639
-0.0593391880
-0.2500626147
-0.0345292687
0.0511698686
-0.0087558106
-0.0306278467
-0.0025657497
0.0192141775
-0.0269063599
-0.0149500873
-0.0030962115
0.0284134466
0.0038481506
-0.0074761994
-0.0043321913
0.3659252226
0.0153082563
0.0287481081
0.0011094142
-0.0205761641
0.0335159712
-0.0528913029
0.0138417846
-0.0346552879
0.0056519401
-0.0174500365
-0.0048389155
0.0319537558
-0.0697224364
-0.0539524779
0.0418376289
-0.0127557842
0.0715386495
-0.0555969886
0.0034257337
-0.0979126245
-0.1031293795
-0.0413679108
0.2265469581
0.0053273928
-0.0077659767
0.0044673369
0.0268124267
0.0188666824
-0.0138624907
-0.0445813350
0.0454569012
-0.0117968535
0.0084800515
-0.0143504478
-0.0201214235
-0.0182950199
0.0548604243
-0.3511965871
-0.0002115345
-0.0565920770
0.0778728351
0.0744621381
-0.0451411046
0.0148487976
0.0095303087
0.0166936815
-0.0013863168
0.0145422351
-0.0560654178
-0.2760432959
-0.0369211324
0.0561328307
-0.0073753651
-0.0291776136
-0.0046472754
0.0200081114
-0.0289580468
-0.0143881394
-0.0022724804
0.0285030417
0.0014996391
-0.0082145473
-0.0029176075
0.3440170884
0.0095968805
0.0287409052
-0.0078496719
-0.0138440356
0.0406009071
-0.0495427512
0.0131911496
-0.0304077640
0.0049022036
-0.0184589699
-0.0079637654
0.0296480972
-0.0674237609
-0.0492507219
0.0429943651
-0.0105612474
0.0719124675
-0.0567103736
0.0060432246
-0.0925246850
-0.0859702379
-0.0387457162
0.2337414920
0.0155806225
-0.0080448929
-0.0050051152
0.0304015633
0.0171649307
-0.0129999565
-0.0376124009
0.0453856811
-0.0140938545
0.0067685107
-0.0104077645
-0.0182606690
-0.0189596042
0.0442292765
-0.3350207210
0.0003028287
-0.0550999567
0.0814832821
0.0703490749
-0.0441010557
0.0127710141
0.0125121716
0.0156484060
-0.0041575870
0.0148563636
-0.0549477600
-0.1949648708
-0.0323984995
0.0466578901
-0.0151189854
-0.0277940631
-0.0053471001
0.0148156406
-0.0261577163
-0.0142804431
-0.0082181506
0.0333737768
0.0074250340
-0.0072199735
-0.0025544260
0.3656070828
0.0193003044
0.0242146198
0.0105224252
-0.0145103699
0.0283214673
-0.0506220236
0.0150082000
-0.0297305435
0.0084029594
-0.0157518834
0.0015997316
0.0322151072
-0.0609308146
-0.0533543937
0.0400568545
-0.0152281318
0.0706143752
-0.0471622981
0.0026426846
-0.1251577139
-0.1268356889
-0.0416348949
0.2058716565
0.0062499093
-0.0076358649
0.0040771826
0.0263595805
0.0224209391
-0.0126146730
-0.0381613597
0.0430757366
-0.0058081658
0.0104457196
-0.0154072940
-0.0168897342
-0.0254009664
0.0604895875
-0.3592054546
0.0012037903
-0.0508909859
0.0673269555
0.0748384371
-0.0532806404
0.0169478916
0.0142780617
0.0195126943
0.0025983355
0.0098791746
-0.0510423854
-0.1770630479
-0.0285330527
0.0474634767
-0.0136293741
-0.0255460925
-0.0054196185
0.0153244818
-0.0303172749
-0.0128595382
-0.0089669731
0.0323734581
0.0072855353
-0.0071720039
-0.0018244297
0.3492228389
0.0156348236
0.0209214352
0.0046614339
-0.0131138898
0.0186334904
-0.0362916216
0.0163460858
-0.0297788158
0.0087496880
-0.0210428182
-0.0020755024
0.0291019548
-0.0584276505
-0.0551950745
0.0373498648
-0.0171859507
0.0712410584
-0.0496246330
0.0011432965
-0.1198263243
-0.1221526638
-0.0433183201
0.1889356673
-0.0041219876
-0.0035362125
0.0048698168
0.0227307677
0.0188521221
-0.0139239924
-0.0314205997
0.0407261811
-0.0046555963
0.0125937406
-0.0142411320
-0.0146492608
-0.0266574975
0.0579800569
-0.3558583260
0.0012292995
-0.0524907745
0.0650032982
0.0786374807
-0.0424635150
0.0216458645
0.0149500053
0.0163871143
-0.0015214165
0.0111498563
-0.0508440621
-0.1554675400
-0.0328899957
0.0342519023
-0.0218560249
-0.0326978043
-0.0020227160
0.0085121095
-0.0142537244
-0.0161155555
-0.0068130395
0.0342154056
0.0148187997
-0.0016745306
-0.0056770500
0.4318545461
0.0115884868
0.0246605016
0.0353133716
-0.0320395567
0.0181703921
-0.0770959780
0.0153592629
-0.0417815223
0.0118546933
-0.0083143758
0.0099930065
0.0396381840
-0.0602398142
-0.0641987473
0.0424918421
-0.0197284482
0.0679749399
-0.0412669927
-0.0072706295
-0.1700334698
-0.1832706034
-0.0480534136
0.1942652464
-0.0055817589
-0.0083782254
0.0159206726
0.0204160530
0.0283885617
-0.0112611353
-0.0561465994
0.0473161787
0.0016256828
0.0128806103
-0.0276654642
-0.0270709619
-0.0294391047
0.0918887034
-0.3974571228
0.0016114827
-0.0510143377
0.0536469892
0.0728355199
-0.0702014118
0.0223200191
0.0067106518
0.0234706886
0.0119701698
0.0067509003
-0.0537466034
-0.2372495979
-0.0334830731
0.0508237891
-0.0096372226
-0.0321722031
0.0037317416
0.0183261763
-0.0199163724
-0.0145664355
-0.0009075156
0.0250218548
0.0020646169
-0.0102733513
-0.0067213522
0.3594184220
0.0391865671
0.0282412581
0.0020055659
-0.0261699483
0.0320917778
-0.0565888770
0.0166680869
-0.0372442901
0.0075259032
-0.0157323126
-0.0008962480
0.0290495064
-0.0662672445
-0.0562797002
0.0414492376
-0.0160173904
0.0676754564
-0.0544746332
-0.0031338418
-0.1103193089
-0.1073881984
-0.0408419780
0.2315196991
0.0043611825
-0.0105291875
0.0216807872
0.0252969749
0.0195608120
-0.0141627360
-0.0478465632
0.0473005027
-0.0091804164
0.0067090937
-0.0194402710
-0.0232086498
-0.0228957348
0.0571522750
-0.3516013920
0.0026174616
-0.0522406325
0.0786857754
0.0832706466
-0.0478811078
0.0169262402
0.0123419091
0.0176852066
0.0007612889
0.0153583037
-0.0578712560
-0.2102065235
-0.0342049748
0.0458371677
-0.0156691857
-0.0294197761
0.0012368695
0.0116803925
-0.0174823292
-0.0144037111
-0.0020600951
0.0286784973
0.0037027881
-0.0060684634
-0.0059007071
0.3722337186
0.0268713161
0.0264846068
0.0117133697
-0.0253439564
0.0295693930
-0.0595471822
0.0170951486
-0.0368466005
0.0096189054
-0.0140946433
0.0016700658
0.0312789194
-0.0605966784
-0.0559334047
0.0441511720
-0.0179071631
0.0663585141
-0.0468016081
-0.0050145462
-0.1376046389
-0.1309177279
-0.0429138690
0.2271006107
0.0010093874
-0.0100194681
0.0185996201
0.0241630934
0.0236329045
-0.0110752778
-0.0496980138
0.0505500808
-0.0040193195
0.0091761183
-0.0202279706
-0.0247874539
-0.0293207243
0.0704917982
-0.3626684844
0.0057955491
-0.0492625237
0.0628110245
0.0793740004
-0.0547355004
0.0216390695
0.0116320103
0.0179373212
0.0052096769
0.0117619196
-0.0564261042
-0.2194882035
-0.0331726633
0.0482572950
-0.0120185548
-0.0320870690
0.0046580317
0.0185474139
-0.0211396422
-0.0154968929
-0.0009452468
0.0249336790
0.0034376159
-0.0091996174
-0.0074674473
0.3904288411
0.0406871699
0.0284135416
0.0075025028
-0.0295421779
0.0275183599
-0.0596628822
0.0175830964
-0.0397549011
0.0080918828
-0.0149318986
0.0039872210
0.0324622951
-0.0666300729
-0.0608588830
0.0403021984
-0.0174203981
0.0702996105
-0.0547555834
-0.0041600969
-0.1165177152
-0.1183591187
-0.0438607335
0.2254792452
-0.0033770737
-0.0085359467
0.0287913010
0.0241247546
0.0194502398
-0.0148515599
-0.0556867197
0.0477953553
-0.0066725169
0.0096127568
-0.0213501435
-0.0225931425
-0.0250523258
0.0701236427
-0.3702682555
0.0022566912
-0.0543657430
0.0710651726
0.0874389634
-0.0553580448
0.0195053983
0.0112962993
0.0192155819
0.0054654106
0.0132659851
-0.0590299070
-0.2181079835
-0.0357374474
0.0465554483
-0.0165787525
-0.0309997089
-0.0008802795
0.0150548443
-0.0209218226
-0.0170321669
-0.0013613461
0.0294277761
0.0049577197
-0.0059526605
-0.0063098348
0.4056414962
0.0192055404
0.0287086088
0.0143959466
-0.0248919372
0.0294009745
-0.0605424196
0.0159196481
-0.0369633771
0.0079101492
-0.0120657319
0.0055721560
0.0351256095
-0.0647562370
-0.0575310066
0.0430472754
-0.0156782959
0.0701907352
-0.0498679094
-0.0015274991
-0.1294778138
-0.1324827373
-0.0436724387
0.2322440594
0.0028597193
-0.0089722192
0.0150158424
0.0265936609
0.0234285854
-0.0126432218
-0.0565436035
0.0496993177
-0.0054942062
0.0097027803
-0.0189114958
-0.0220499858
-0.0271463580
0.0799368247
-0.3754717410
0.0026826782
-0.0526912250
0.0595187098
0.0774094537
-0.0623946749
0.0179542955
0.0111580361
0.0204166006
0.0092291227
0.0101577519
-0.0565154217
-0.1893256456
-0.0366365276
0.0440555140
-0.0208317935
-0.0301664267
-0.0058735837
0.0156132756
-0.0225330144
-0.0179075506
-0.0051880740
0.0323744342
0.0077930195
-0.0044126660
-0.0046223504
0.4213624001
0.0180845223
0.0291381050
0.0196650848
-0.0204963032
0.0334695280
-0.0575745553
0.0145032061
-0.0334206410
0.0081452392
-0.0075062737
0.0117140580
0.0358737372
-0.0660271049
-0.0545264632
0.0415162146
-0.0157908238
0.0704259202
-0.0478976816
0.0021867149
-0.1362143606
-0.1503922790
-0.0439262800
0.2267563492
0.0123888366
-0.0076382887
0.0155267250
0.0276700910
0.0282615926
-0.0140304752
-0.0613866635
0.0469403155
-0.0033506043
0.0076072155
-0.0185182448
-0.0194224846
-0.0267274659
0.0865840763
-0.3852374554
0.0011825099
-0.0531572774
0.0511330068
0.0928191096
-0.0670599192
0.0150359273
0.0146991014
0.0241407286
0.0134958243
0.0072289389
-0.0518010929
-0.1773187071
-0.0467480235
0.0135491621
-0.0370413624
-0.0128837209
-0.0441431515
-0.0175804403
-0.0022771806
-0.0332309157
-0.0097980248
0.0777972639
0.0227126218
0.0468736179
0.0257191639
0.4528989792
-0.1697023958
0.0236742180
0.1082159653
0.0092418194
0.0058559086
-0.0842488036
0.0027911579
-0.0023166875
0.0067636622
0.0071097729
-0.0026681281
0.0326403864
-0.0480852351
-0.0472397022
0.0707413778
-0.0299972985
0.0447576232
-0.0137159675
0.0293943603
-0.2116061449
-0.2248589545
-0.0411091372
0.2267644256
0.0566046722
-0.0041744220
-0.1291469336
0.0385150053
0.0576286986
0.0321764983
-0.0331896208
0.0566751957
-0.0005774272
-0.0022379900
-0.0124794468
-0.0195497591
-0.0464932956
0.1632574052
-0.4015257657
0.0083202273
-0.0296892598
-0.0511370413
-0.0384201817
-0.0811564922
0.0129669160
0.0035592725
0.0347626880
0.0405012034
-0.0159483645
-0.0346993357
-0.3567385674
-0.0211169459
0.0932705700
0.0136454264
-0.0166254938
-0.0220865142
0.0196805708
-0.0431043580
0.0016016145
0.0053557111
0.0354053974
-0.0090004802
-0.0194860753
0.0041411598
0.2283148468
0.0278373789
0.0191580784
-0.0964438990
0.0139237251
0.0720053762
0.0431092121
0.0135447467
-0.0094598280
0.0035911452
-0.0364045836
-0.0379732065
0.0151561396
-0.0854226574
-0.0266561024
0.0463878959
-0.0143407090
0.0732792467
-0.0827866271
0.0312261172
0.0175786335
0.0351958647
-0.0258579627
0.2816555500
0.0368890725
-0.0093452409
-0.0423008427
0.0403379500
0.0183827989
-0.0131366774
0.0223451424
0.0507928357
-0.0416899100
-0.0015729361
0.0014512757
0.0066007883
-0.0394338183
-0.0179265700
-0.2624786794
0.0094461720
-0.0636410043
0.1121725887
0.1345247626
-0.0027364201
-0.0100615723
0.0215391088
0.0212251171
-0.0526506938
0.0267022587
-0.0559904054
-0.4566687047
-0.0240787696
0.0894602165
0.0168108568
-0.0171287246
-0.0068402053
0.0177702941
-0.0380685516
0.0075175115
0.0146620115
0.0253147520
-0.0091101276
-0.0123627651
-0.0090433564
0.2572133243
-0.0009684250
0.0275992863
-0.0816085637
-0.0202806201
0.0567062423
0.0393569022
0.0122144995
-0.0380557589
0.0022931276
-0.0434351489
-0.0582519732
0.0165766552
-0.0975026190
-0.0409880355
0.0496101305
-0.0103374608
0.0744732171
-0.0826177970
0.0164593402
0.0367724933
0.0529476702
-0.0330592394
0.3057059944
0.0032502476
-0.0084220497
-0.0205879770
0.0214857068
0.0102461539
-0.0229643919
0.0062220958
0.0590824224
-0.0467433594
0.0055770692
-0.0063973516
-0.0150347371
-0.0272369720
0.0052745529
-0.2697614729
0.0124113737
-0.0778135061
0.1565973759
0.1177712753
0.0155053223
0.0031832156
-0.0038327521
0.0045216894
-0.0584527664
0.0331985205
-0.0692047551
-0.1554471403
-0.0333874077
0.0373688415
-0.0230782311
-0.0297280755
-0.0053750784
0.0139709357
-0.0223936457
-0.0165686049
-0.0086815087
0.0317981839
0.0140036121
-0.0022236654
-0.0062801507
0.4394301474
0.0117665837
0.0246390607
0.0307348780
-0.0246977936
0.0207631551
-0.0640147924
0.0132901352
-0.0388069302
0.0101388404
-0.0059575252
0.0121539822
0.0375778936
-0.0624611229
-0.0604276471
0.0373476632
-0.0185813103
0.0718892887
-0.0451460779
-0.0028662968
-0.1458941549
-0.1715518832
-0.0475304984
0.2011999935
0.0028559787
-0.0041580405
0.0163427368
0.0209375490
0.0266988613
-0.0172441266
-0.0570852980
0.0430489853
-0.0000427772
0.0113452477
-0.0232900903
-0.0227611251
-0.0238895305
0.1007139534
-0.3979212046
0.0002420086
-0.0548408739
0.0541889071
0.0914508998
-0.0662013367
0.0206669271
0.0105236899
0.0234763138
0.0133865718
0.0047745486
-0.0508628674
-0.1430535913
-0.0288556423
0.0395449474
-0.0204967782
-0.0299418289
-0.0036552537
0.0148766190
-0.0230574273
-0.0133705297
-0.0092023816
0.0308284573
0.0142208347
-0.0067712306
-0.0082169343
0.4254707098
0.0363430828
0.0230602492
0.0210053045
-0.0265440550
0.0223606750
-0.0571844503
0.0141647505
-0.0397965275
0.0112424130
-0.0075201532
0.0118166190
0.0369262248
-0.0656517446
-0.0605496280
0.0348612033
-0.0192541759
0.0719374567
-0.0476666540
-0.0028270534
-0.1370690316
-0.1645471156
-0.0465014838
0.2010778040
-0.0010038990
-0.0068508103
0.0247031711
0.0191515218
0.0261348318
-0.0194708239
-0.0513515025
0.0418266840
-0.0023778342
0.0104500568
-0.0251821745
-0.0209417325
-0.0243996959
0.0892858878
-0.3917320371
0.0004915661
-0.0559578873
0.0665136874
0.1085539535
-0.0599568598
0.0179215521
0.0111688497
0.0249521062
0.0065872706
0.0073673790
-0.0511924140
-0.1475723982
-0.0303462148
0.0383655839
-0.0235009193
-0.0279820375
-0.0070773768
0.0127104186
-0.0231060479
-0.0156691000
-0.0095878802
0.0327529982
0.0140547659
-0.0030763226
-0.0077186208
0.4299162030
0.0204879213
0.0235205498
0.0285922382
-0.0241465364
0.0207389761
-0.0542520843
0.0131797828
-0.0378082618
0.0104606897
-0.0059827762
0.0119156763
0.0365621299
-0.0656333268
-0.0592550859
0.0354421809
-0.0193870366
0.0704259276
-0.0448633730
-0.0017023839
-0.1358960569
-0.1701232344
-0.0463628285
0.2067277431
0.0005573361
-0.0053601083
0.0186035521
0.0195107199
0.0287107620
-0.0189294796
-0.0528698303
0.0429415479
-0.0019337728
0.0100044841
-0.0227910671
-0.0210535303
-0.0226176027
0.1013887450
-0.3929732442
0.0005386382
-0.0556404777
0.0593138821
0.0997301191
-0.0589694418
0.0185773224
0.0099792685
0.0239681546
0.0093058310
0.0058756592
-0.0501684658
-0.1244985908
-0.0244453046
0.0401938073
-0.0170705188
-0.0271293949
-0.0029003173
0.0138399424
-0.0243296437
-0.0128788250
-0.0118961828
0.0331551284
0.0120091513
-0.0069144042
-0.0047745863
0.3826659322
0.0379035212
0.0188224241
0.0185222477
-0.0214271471
0.0135661075
-0.0435566418
0.0167793669
-0.0345423594
0.0118197063
-0.0148325730
0.0060203909
0.0314168744
-0.0607360341
-0.0597550385
0.0339220166
-0.0220440384
0.0693958774
-0.0450011827
-0.0025227261
-0.1331546903
-0.1547656208
-0.0451703668
0.1860724688
-0.0077752369
-0.0057125180
0.0183823034
0.0178546198
0.0239209235
-0.0166928861
-0.0394146033
0.0392581224
-0.0014138001
0.0118274195
-0.0224146470
-0.0172166489
-0.0265175309
0.0775619149
-0.3802447617
0.0014891144
-0.0511382334
0.0595487133
0.0951128304
-0.0479671508
0.0220186803
0.0125498716
0.0210838728
0.0034395326
0.0081150057
-0.0496012345
-0.1007015333
-0.0208530892
0.0400539972
-0.0157313179
-0.0252723154
-0.0008600930
0.0122792628
-0.0244013444
-0.0108016925
-0.0142701101
0.0344081707
0.0129009373
-0.0072754086
-0.0035861093
0.3559551239
0.0432663560
0.0134291928
0.0174856931
-0.0200635828
0.0047390102
-0.0397639200
0.0187777244
-0.0334312096
0.0143824080
-0.0195086896
0.0042578545
0.0280919429
-0.0531597994
-0.0624169707
0.0317075849
-0.0254420862
0.0685764030
-0.0418253504
-0.0059028007
-0.1444048285
-0.1586489230
-0.0454482771
0.1661757082
-0.0131007731
-0.0045110518
0.0189016033
0.0153567260
0.0204979740
-0.0158223137
-0.0308380146
0.0365263000
0.0018522964
0.0136583643
-0.0233913828
-0.0156960879
-0.0310297739
0.0701811388
-0.3755025864
0.0022191757
-0.0471804142
0.0556123368
0.0902253315
-0.0455367789
0.0274681468
0.0142264273
0.0191026740
0.0009144454
0.0068812286
-0.0475598946
-0.1464931369
-0.0284471381
0.0402424783
-0.0199194904
-0.0269658677
-0.0034965826
0.0086001027
-0.0182923228
-0.0137649029
-0.0102006635
0.0353299081
0.0107626142
-0.0037876139
-0.0044056848
0.3794722259
0.0295344256
0.0204028208
0.0253219996
-0.0218222924
0.0194796585
-0.0535544679
0.0166022461
-0.0337263942
0.0126773035
-0.0124647655
0.0068509663
0.0317507125
-0.0582472757
-0.0578437410
0.0399480984
-0.0225592721
0.0653647035
-0.0394865163
-0.0040236879
-0.1511604190
-0.1587335318
-0.0436708033
0.2015697211
-0.0001283744
-0.0084994147
0.0159756299
0.0208378211
0.0276728328
-0.0129038850
-0.0421330892
0.0453035533
0.0002189353
0.0103820115
-0.0227529109
-0.0206662621
-0.0304665305
0.0803028122
-0.3764024377
0.0036281315
-0.0467680767
0.0562230013
0.0816584378
-0.0583782233
0.0221727565
0.0112735685
0.0210845713
0.0060655437
0.0066533582
-0.0502038933
-0.1888702512
-0.0330552012
0.0444439985
-0.0201755259
-0.0268674176
-0.0045121843
0.0116391517
-0.0203632955
-0.0158668589
-0.0067641488
0.0323935002
0.0075423559
-0.0044242786
-0.0045644022
0.3805319965
0.0173565391
0.0221843440
0.0197639726
-0.0163097829
0.0235172566
-0.0509774052
0.0150482394
-0.0318335891
0.0103322612
-0.0104852216
0.0059407651
0.0290484503
-0.0556650572
-0.0549004450
0.0395197719
-0.0193421468
0.0668000728
-0.0432517864
-0.0030992897
-0.1342240274
-0.1403774768
-0.0419520698
0.2189077884
0.0113625098
-0.0069260639
0.0066219075
0.0253800116
0.0251161940
-0.0139236990
-0.0418634899
0.0453400910
-0.0021185928
0.0080873426
-0.0191044081
-0.0201169755
-0.0296109766
0.0867131352
-0.3670317531
0.0041244961
-0.0474096984
0.0562815592
0.0792242587
-0.0590983592
0.0206211377
0.0151886716
0.0204454921
0.0081856120
0.0063865166
-0.0515591241
-0.1734753102
-0.0290523246
0.0438736789
-0.0191786233
-0.0284815133
-0.0033588728
0.0135309147
-0.0221390780
-0.0150025561
-0.0063167401
0.0286530126
0.0088146720
-0.0051583457
-0.0076351408
0.3935995698
0.0239201020
0.0228561331
0.0179513488
-0.0233434737
0.0162150301
-0.0424561650
0.0151903275
-0.0378373861
0.0098319286
-0.0115984976
0.0052118651
0.0297763124
-0.0629096329
-0.0581831560
0.0377254002
-0.0205313414
0.0673441067
-0.0487749390
-0.0051773884
-0.1221821457
-0.1393718272
-0.0445987247
0.2143407166
-0.0016447374
-0.0047368156
0.0200071707
0.0199082699
0.0247358065
-0.0188750271
-0.0454020128
0.0453419425
-0.0029300128
0.0090859709
-0.0213798657
-0.0215709750
-0.0253141765
0.0903395116
-0.3750520945
0.0027456894
-0.0537492372
0.0648127869
0.0950142518
-0.0500173159
0.0214962233
0.0112917563
0.0191707164
0.0044037821
0.0095301596
-0.0540708564
-0.1498023719
-0.0263432544
0.0406916030
-0.0187172014
-0.0294309966
0.0008127650
0.0139574697
-0.0202556346
-0.0149304802
-0.0058179973
0.0270986948
0.0088667050
-0.0066204360
-0.0088534150
0.4086094797
0.0422219932
0.0235115383
0.0189864095
-0.0308746807
0.0129879639
-0.0431543365
0.0175304040
-0.0414904468
0.0105945049
-0.0119689144
0.0080468142
0.0312325135
-0.0662755743
-0.0631269813
0.0359392688
-0.0228010956
0.0672395527
-0.0504642315
-0.0077156457
-0.1220722646
-0.1465234607
-0.0470191203
0.2076609135
-0.0140100764
-0.0050737038
0.0346705504
0.0166391544
0.0253797844
-0.0193589460
-0.0509230345
0.0455517992
-0.0019533099
0.0106329527
-0.0256618336
-0.0223772358
-0.0262458492
0.0952912644
-0.3871716559
0.0030068208
-0.0555356443
0.0649308786
0.1072624698
-0.0477256216
0.0231005698
0.0095838867
0.0207518823
0.0054275990
0.0114908423
-0.0569773242
-0.1989134699
-0.0347959660
0.0476679690
-0.0205330364
-0.0265426841
-0.0079957461
0.0145031195
-0.0260349736
-0.0165626239
-0.0054686167
0.0316201895
0.0066669602
-0.0035683864
-0.0049166377
0.3978150785
0.0073971082
0.0255909599
0.0161526054
-0.0146240024
0.0273097940
-0.0442873910
0.0138700409
-0.0314132757
0.0079684760
-0.0106116449
0.0061141830
0.0319842882
-0.0623023286
-0.0523149446
0.0408069305
-0.0166483857
0.0703134537
-0.0477296636
0.0020388360
-0.1250944883
-0.1327058375
-0.0425298624
0.2282776386
0.0119541120
-0.0050868411
0.0070209894
0.0264278278
0.0252335258
-0.0159415025
-0.0484458953
0.0468789488
-0.0044653928
0.0083692390
-0.0149588045
-0.0180339497
-0.0263415668
0.0872402340
-0.3722589910
0.0026966957
-0.0526552573
0.0557010993
0.0855932981
-0.0596358255
0.0177009143
0.0146213174
0.0200439524
0.0086941393
0.0065629291
-0.0510342382
-0.1897362024
-0.0325262584
0.0491809919
-0.0215670019
-0.0252688322
-0.0096144611
0.0122855119
-0.0259978864
-0.0150185805
-0.0062386487
0.0313087180
0.0046464000
-0.0051545831
-0.0054650153
0.3759163618
0.0105723143
0.0249646418
0.0113338772
-0.0116402768
0.0298410263
-0.0332520381
0.0150484601
-0.0292086229
0.0076231374
-0.0121084591
0.0037125943
0.0298301950
-0.0623711757
-0.0474026948
0.0419765040
-0.0166640207
0.0680736974
-0.0463613607
0.0020383294
-0.1232121885
-0.1263099462
-0.0408870727
0.2321875691
0.0096229911
-0.0063273651
0.0091425460
0.0254103914
0.0274903681
-0.0165954493
-0.0415357947
0.0486895330
-0.0046285023
0.0083203670
-0.0126824267
-0.0171900950
-0.0272235647
0.0808297843
-0.3619441092
0.0049649710
-0.0510144457
0.0586630963
0.0885751620
-0.0518487282
0.0175180659
0.0155387362
0.0177551340
0.0047294181
0.0082806675
-0.0504809506
-0.2053021491
-0.0319174044
0.0519908331
-0.0204113685
-0.0251949523
-0.0117226830
0.0149978120
-0.0309911501
-0.0152735729
-0.0047642211
0.0308760423
0.0062015867
-0.0052661276
-0.0064668348
0.3872104883
0.0051214108
0.0257517193
0.0056364057
-0.0120603237
0.0281366128
-0.0275392383
0.0136597538
-0.0306010880
0.0066238572
-0.0125503037
0.0026144453
0.0306434836
-0.0670847818
-0.0497046411
0.0383723117
-0.0148383733
0.0712032318
-0.0527009070
0.0036985276
-0.1077372357
-0.1215037629
-0.0419932827
0.2324650139
0.0093967402
-0.0037450530
0.0070847166
0.0254607033
0.0258508790
-0.0197169427
-0.0446839258
0.0468070097
-0.0078421393
0.0076373373
-0.0114354370
-0.0150860203
-0.0245893877
0.0817317888
-0.3638625741
0.0029343448
-0.0578089803
0.0632303283
0.0978130475
-0.0467382148
0.0154772140
0.0152118746
0.0184368566
0.0013506484
0.0095935669
-0.0506419875
-0.3151234388
-0.0382856838
0.0589998849
-0.0217094775
-0.0188767333
-0.0172274131
0.0053333137
-0.0331713222
-0.0144336857
0.0014877127
0.0366921723
-0.0005318780
-0.0004132120
-0.0051778103
0.3575030267
-0.0444181375
0.0327655375
0.0047436152
-0.0047424254
0.0389251597
-0.0186956283
0.0130730495
-0.0253840797
0.0015381986
-0.0190350544
-0.0156966578
0.0323626585
-0.0698190629
-0.0407788418
0.0501075983
-0.0062367334
0.0713570639
-0.0475453809
0.0099877892
-0.0913050398
-0.0760217980
-0.0378614776
0.2700125873
0.0084633036
-0.0064960322
-0.0247007776
0.0305083003
0.0278459955
-0.0135259144
-0.0326139219
0.0599198267
-0.0162211917
0.0122787422
0.0003311122
-0.0163299609
-0.0270565357
0.0710985735
-0.3352468312
0.0091090947
-0.0590268560
0.0774243772
0.0477485359
-0.0398941785
0.0149741210
0.0061488785
0.0096425870
-0.0065400838
0.0125397164
-0.0540128238
-0.2637131810
-0.0277616400
0.0632056668
-0.0155467801
-0.0176363420
-0.0179511048
0.0054983646
-0.0315599665
-0.0113369683
-0.0023938443
0.0377107970
-0.0032736713
-0.0068178093
-0.0030193510
0.2996991575
-0.0012990084
0.0252107289
-0.0110183628
0.0022354901
0.0363103151
0.0057180692
0.0146121541
-0.0175434444
0.0033175829
-0.0232575815
-0.0156450961
0.0244419184
-0.0703177899
-0.0359969810
0.0480680279
-0.0138362832
0.0649474934
-0.0494614057
0.0126912314
-0.0708221719
-0.0610823557
-0.0336965360
0.2664157748
0.0076351748
-0.0094557554
-0.0162370950
0.0297251884
0.0298251137
-0.0126336785
-0.0129031446
0.0559202246
-0.0178161096
0.0079856310
-0.0000375881
-0.0083650118
-0.0298680291
0.0551914722
-0.3150562346
0.0098902313
-0.0528667048
0.0794422328
0.0717551038
-0.0252798442
0.0101447189
0.0133876381
0.0131158261
-0.0154871456
0.0158123244
-0.0519605093
-0.2536301017
-0.0327685662
0.0570640117
-0.0164744444
-0.0210735351
-0.0134576056
0.0115113147
-0.0342272632
-0.0148304366
-0.0028859903
0.0337650999
0.0027740141
-0.0021793724
-0.0048084608
0.3526746631
-0.0161948763
0.0235226452
0.0005151852
-0.0067821080
0.0250177626
-0.0213021692
0.0131161055
-0.0273734797
0.0060673770
-0.0198822264
-0.0082787434
0.0286392402
-0.0639713258
-0.0487418883
0.0413088277
-0.0136242704
0.0713531822
-0.0508627854
0.0055614905
-0.0920132026
-0.0962411761
-0.0400974564
0.2398567647
0.0056191292
-0.0027254696
-0.0140286470
0.0273083262
0.0208201315
-0.0158139300
-0.0313240327
0.0490658209
-0.0112897409
0.0100609623
-0.0054361201
-0.0136147747
-0.0249701366
0.0745182186
-0.3436248302
0.0037892421
-0.0564556941
0.0656960458
0.0667682365
-0.0400013812
0.0184779111
0.0108153578
0.0130705619
-0.0051595047
0.0100775780
-0.0518603064
-0.2744566500
-0.0275634248
0.0677965656
-0.0049987552
-0.0233189650
-0.0065584611
0.0188213196
-0.0350117460
-0.0091070570
-0.0008369600
0.0265460592
-0.0031476966
-0.0145611893
-0.0040277089
0.3032238185
0.0364548638
0.0244898107
-0.0318140201
-0.0063815708
0.0411937796
-0.0125497291
0.0165752843
-0.0254126675
0.0050115101
-0.0246377010
-0.0131223472
0.0234945342
-0.0701724663
-0.0450526215
0.0398848690
-0.0142537719
0.0721704066
-0.0647896677
0.0080008041
-0.0579445921
-0.0432922877
-0.0353300832
0.2411895245
0.0095837619
-0.0070073479
0.0045171361
0.0300092623
0.0169348326
-0.0174665079
-0.0183246061
0.0480070598
-0.0184601936
0.0074049807
-0.0076056528
-0.0092047909
-0.0268702488
0.0306451861
-0.3158296049
0.0047990181
-0.0576849766
0.0983243957
0.0978587568
-0.0288951918
0.0110111991
0.0168812200
0.0152395610
-0.0192022771
0.0190796591
-0.0561663955
-0.2327927053
-0.0297017358
0.0556278266
-0.0145114176
-0.0234948676
-0.0092740804
0.0137997977
-0.0312756039
-0.0119396169
-0.0053433576
0.0307581220
0.0018708388
-0.0088809077
-0.0040678908
0.3393314481
0.0220233537
0.0255248081
-0.0054951836
-0.0079722097
0.0332986414
-0.0235165562
0.0145572647
-0.0271592457
0.0060430220
-0.0178197883
-0.0057038497
0.0274667349
-0.0670652166
-0.0459249243
0.0410476513
-0.0146050509
0.0701004267
-0.0537917651
0.0058415858
-0.0875948742
-0.0840477943
-0.0386924185
0.2331953049
0.0085121943
-0.0062241615
0.0023317032
0.0273359325
0.0235789381
-0.0167796258
-0.0288778637
0.0476664156
-0.0116436034
0.0087632407
-0.0101614399
-0.0135367922
-0.0252597146
0.0556216165
-0.3395213485
0.0045680474
-0.0557218008
0.0823462233
0.0926716998
-0.0377563611
0.0141948014
0.0147661921
0.0168048162
-0.0079480242
0.0143230762
-0.0531930141
-0.1783330441
-0.0281463973
0.0476956218
-0.0170154348
-0.0237038601
-0.0071640555
0.0125365462
-0.0291673485
-0.0135703925
-0.0101718232
0.0331064090
0.0057959869
-0.0062796688
-0.0020791376
0.3478575647
0.0237966403
0.0203221776
0.0071783899
-0.0092495354
0.0211531930
-0.0336319804
0.0160840172
-0.0275183488
0.0095498767
-0.0173516255
0.0009114010
0.0269111730
-0.0572913587
-0.0522388443
0.0373358130
-0.0189909395
0.0691267401
-0.0472271815
0.0007672489
-0.1158100292
-0.1195394620
-0.0418259911
0.2037032843
0.0031551754
-0.0037267506
0.0048753503
0.0248238426
0.0225172322
-0.0145989498
-0.0328400284
0.0423062891
-0.0033879869
0.0106869275
-0.0138843423
-0.0134218009
-0.0283720288
0.0661789030
-0.3560965061
0.0032683620
-0.0504519939
0.0609042197
0.0862553120
-0.0447351225
0.0214641467
0.0167634673
0.0176731870
-0.0000337234
0.0096320482
-0.0502729751
-0.1550976336
-0.0272641443
0.0442694090
-0.0207436550
-0.0229323599
-0.0068750358
0.0126793580
-0.0318180136
-0.0127371373
-0.0099176383
0.0318426192
0.0099999066
-0.0056766695
-0.0036375667
0.3772357404
0.0164360795
0.0199099313
0.0111699095
-0.0135445511
0.0138545008
-0.0337645374
0.0166954827
-0.0317839906
0.0100487033
-0.0165169369
0.0038651605
0.0299231112
-0.0563556887
-0.0581391305
0.0333084166
-0.0191822350
0.0726514161
-0.0493052863
-0.0026665409
-0.1269025803
-0.1369571686
-0.0464271158
0.1829143763
-0.0065991897
0.0004656871
0.0148642873
0.0205949098
0.0219802130
-0.0178620592
-0.0374610983
0.0409326069
-0.0006339530
0.0144404899
-0.0164514333
-0.0142002776
-0.0299582668
0.0778216124
-0.3716658652
0.0030936692
-0.0559418947
0.0620974302
0.0966166556
-0.0457356758
0.0251968205
0.0164861344
0.0183006991
0.0012644378
0.0090093119
-0.0504172482
-0.1857008487
-0.0213352703
0.0521940142
-0.0101240231
-0.0241711158
-0.0000341239
0.0088782972
-0.0238454994
-0.0070838826
-0.0054120389
0.0283682998
0.0043262881
-0.0114442604
-0.0061149751
0.2869904637
0.0290317442
0.0150013259
-0.0059895958
-0.0171673894
0.0114047648
-0.0258609876
0.0194508620
-0.0332363322
0.0109347720
-0.0274504628
-0.0123049160
0.0222419929
-0.0521216765
-0.0552125424
0.0387847498
-0.0209272914
0.0647901744
-0.0479675233
-0.0079659363
-0.1214840114
-0.1024037376
-0.0402000733
0.1968132854
-0.0165617242
-0.0079485914
0.0110303890
0.0170037560
0.0160238370
-0.0139337573
-0.0106389802
0.0457015000
-0.0058029578
0.0131131345
-0.0163226034
-0.0187235717
-0.0319466330
0.0420694798
-0.3260783255
0.0073311827
-0.0469373614
0.0835121796
0.0696457028
-0.0267150924
0.0267862100
0.0127832238
0.0097357780
-0.0150969857
0.0161386058
-0.0540767834
-0.2254818529
-0.0251942519
0.0545847155
-0.0074810679
-0.0264435485
0.0024198731
0.0122462548
-0.0199235734
-0.0095978612
-0.0024072453
0.0249420255
0.0002762954
-0.0102991927
-0.0082955537
0.2968508303
0.0336282849
0.0193000510
-0.0047318852
-0.0208997522
0.0203175191
-0.0305630714
0.0174973384
-0.0356212519
0.0095546087
-0.0233296752
-0.0134700462
0.0212409459
-0.0595189705
-0.0515962429
0.0417011715
-0.0203893408
0.0629311800
-0.0491342358
-0.0063471771
-0.1014706269
-0.0881942138
-0.0377067588
0.2315437198
-0.0048440946
-0.0101977000
0.0094898054
0.0185245294
0.0169640444
-0.0154000688
-0.0204399880
0.0484241508
-0.0098865964
0.0082800062
-0.0169481486
-0.0235235859
-0.0245114975
0.0507269986
-0.3255742192
0.0070578130
-0.0465310775
0.0842119604
0.0701830462
-0.0278972220
0.0230849516
0.0089261839
0.0094179846
-0.0118845534
0.0164348446
-0.0563099533
-0.1389088929
-0.0271857884
0.0385591686
-0.0228992458
-0.0274521168
-0.0059251380
0.0088240551
-0.0211006831
-0.0134095997
-0.0095477151
0.0332190804
0.0142998025
-0.0035151416
-0.0068030390
0.3998388052
0.0155469216
0.0198112559
0.0254002437
-0.0234966930
0.0121043036
-0.0479184017
0.0151672214
-0.0378685519
0.0120131355
-0.0107577099
0.0070017637
0.0325430930
-0.0585140102
-0.0603168532
0.0366270244
-0.0213461202
0.0673154294
-0.0431778543
-0.0068437671
-0.1481870860
-0.1671292186
-0.0465545766
0.1916374117
-0.0058255936
-0.0046873232
0.0165732745
0.0174478982
0.0272301231
-0.0173832159
-0.0416079164
0.0436380617
0.0006970516
0.0116636623
-0.0236339495
-0.0217419136
-0.0289295670
0.0916521698
-0.3820237219
0.0026822381
-0.0525164865
0.0611310378
0.0910600796
-0.0530333780
0.0234772582
0.0106339958
0.0205969047
0.0040171612
0.0075825346
-0.0506824739
-0.1699454486
-0.0275603123
0.0415417403
-0.0176875703
-0.0255673323
-0.0011595456
0.0091195153
-0.0200439040
-0.0144122764
-0.0057688686
0.0310383029
0.0077243326
-0.0020546811
-0.0058869957
0.3738707304
0.0165695492
0.0206960887
0.0199426766
-0.0256269444
0.0109471390
-0.0423236489
0.0173303410
-0.0376771390
0.0113685317
-0.0164055713
-0.0003306321
0.0280166790
-0.0590331368
-0.0609935708
0.0384466238
-0.0231003668
0.0652531832
-0.0446068235
-0.0078149252
-0.1313427240
-0.1444392204
-0.0458624326
0.2061890662
-0.0118998587
-0.0039699003
0.0150781060
0.0170819853
0.0235307533
-0.0145108383
-0.0433790646
0.0465738885
-0.0012350694
0.0114209009
-0.0217806809
-0.0233047940
-0.0286667477
0.0882537887
-0.3727204800
0.0051237079
-0.0511328988
0.0546200499
0.0815342367
-0.0424459241
0.0284616202
0.0078205420
0.0156785473
0.0032063541
0.0101563837
-0.0547476076
-0.1617663503
-0.0291447174
0.0422666222
-0.0191506632
-0.0262096822
-0.0037183745
0.0122285718
-0.0224798322
-0.0149874957
-0.0069223917
0.0321590491
0.0096290065
-0.0026622065
-0.0052986350
0.3977505565
0.0198304690
0.0209966861
0.0200268254
-0.0216182992
0.0157093182
-0.0452694185
0.0155419186
-0.0358268321
0.0112923626
-0.0121020768
0.0056151617
0.0304504372
-0.0599912144
-0.0592427030
0.0374276862
-0.0222084206
0.0682050660
-0.0457152762
-0.0037058210
-0.1331413090
-0.1499648094
-0.0454849936
0.2111447453
-0.0002150142
-0.0042412947
0.0124345645
0.0201909058
0.0245013554
-0.0156540852
-0.0475727245
0.0442568213
-0.0014070731
0.0097678872
-0.0215021595
-0.0201948807
-0.0289511327
0.0937418491
-0.3821393251
0.0034044336
-0.0515960380
0.0501295999
0.0925391391
-0.0534046590
0.0238313843
0.0115277795
0.0204431973
0.0073641948
0.0066618975
-0.0518354364
-0.1530900896
-0.0298516937
0.0414722823
-0.0209823847
-0.0255793612
-0.0084255422
0.0100979805
-0.0233260132
-0.0148896351
-0.0100360643
0.0368323289
0.0106296977
-0.0017342505
-0.0018136183
0.3917912841
0.0139168408
0.0216264166
0.0228396356
-0.0143946689
0.0195276104
-0.0444915406
0.0146210305
-0.0302694254
0.0109417485
-0.0110364985
0.0060539823
0.0310852155
-0.0597056523
-0.0539670028
0.0405397229
-0.0209276807
0.0673482865
-0.0425353125
0.0009510964
-0.1410939395
-0.1509813964
-0.0439787693
0.2080748677
0.0084916772
-0.0051787300
0.0033234844
0.0235610567
0.0287204869
-0.0129761742
-0.0445285514
0.0440740213
-0.0007571569
0.0094401967
-0.0188230686
-0.0173700936
-0.0307431519
0.0857134461
-0.3805420101
0.0032810636
-0.0494343229
0.0476175211
0.0885897204
-0.0568759665
0.0203613453
0.0137447827
0.0221005734
0.0078229457
0.0055596544
-0.0481778085
-0.1327458620
-0.0223834757
0.0457122214
-0.0186242927
-0.0255157892
-0.0045875506
0.0118099665
-0.0228887722
-0.0105560403
-0.0084648365
0.0321850739
0.0107006636
-0.0086797616
-0.0072479108
0.3754938841
0.0482901186
0.0190747492
0.0093877055
-0.0210193228
0.0188619792
-0.0307797436
0.0170010403
-0.0342837721
0.0124530261
-0.0128982980
0.0063643022
0.0287165176
-0.0640786439
-0.0565386191
0.0343844853
-0.0237563457
0.0667568669
-0.0479811393
-0.0027089338
-0.1292427331
-0.1461039484
-0.0433433577
0.2084601372
-0.0007515140
-0.0074230675
0.0261154789
0.0182012171
0.0278174169
-0.0192107186
-0.0400439724
0.0434902832
-0.0032575456
0.0079471860
-0.0229580365
-0.0166220888
-0.0317498855
0.0770006180
-0.3739848137
0.0046597729
-0.0523487329
0.0647864342
0.1198345646
-0.0445792116
0.0189183783
0.0152126886
0.0229616109
-0.0017668144
0.0097816242
-0.0493337810
-0.1699998528
-0.0361905992
0.0392697044
-0.0277121067
-0.0244491808
-0.0112316422
0.0121852718
-0.0267578959
-0.0185514446
-0.0075740321
0.0351542644
0.0134318098
0.0035931529
-0.0042126966
0.4479213655
-0.0079549029
0.0250352249
0.0335832387
-0.0165960249
0.0201895796
-0.0550946333
0.0118157305
-0.0339142904
0.0099089723
-0.0034526384
0.0132030202
0.0352852419
-0.0609092079
-0.0581231192
0.0368111245
-0.0190895088
0.0722592548
-0.0445116200
0.0003946022
-0.1445514262
-0.1718677431
-0.0477688015
0.2157000303
0.0150227193
0.0003278943
0.0050592409
0.0239820611
0.0289065149
-0.0169389974
-0.0648906454
0.0435685068
0.0009449950
0.0092747081
-0.0185677819
-0.0194105674
-0.0268616304
0.1155485585
-0.4025907516
0.0015660053
-0.0562871918
0.0363838710
0.0968519524
-0.0673180744
0.0220203102
0.0137163280
0.0242206547
0.0176412780
0.0010116976
-0.0472965129
-0.1061736494
-0.0205811430
0.0451067463
-0.0212159194
-0.0237718225
-0.0079796063
0.0162279606
-0.0311844610
-0.0096345665
-0.0114132380
0.0313540772
0.0133470017
-0.0101150554
-0.0068064225
0.3983543217
0.0541999377
0.0195555761
0.0060730609
-0.0176668316
0.0148785617
-0.0163869653
0.0159513764
-0.0338895991
0.0115793580
-0.0116978977
0.0106813489
0.0296711084
-0.0678438097
-0.0576809868
0.0287497453
-0.0231551677
0.0716850832
-0.0543293618
0.0003798720
-0.1140811816
-0.1448443532
-0.0463403799
0.1882634461
-0.0021210813
-0.0020229765
0.0346693061
0.0169428028
0.0275058243
-0.0253203977
-0.0394314416
0.0385409519
-0.0033188835
0.0091113495
-0.0231700521
-0.0114716683
-0.0305268504
0.0846004859
-0.3840371072
0.0021895354
-0.0605234690
0.0726466998
0.1513845176
-0.0418507531
0.0164636262
0.0192151200
0.0266019404
-0.0028211635
0.0098864529
-0.0480853692
-0.0980056003
-0.0288984012
0.0308472943
-0.0286242273
-0.0251554269
-0.0133660100
0.0051652924
-0.0192708801
-0.0175443329
-0.0136856623
0.0429348834
0.0209011398
0.0062451195
-0.0023991710
0.4475407302
-0.0137295881
0.0175939798
0.0507797338
-0.0189713594
0.0053629344
-0.0594131462
0.0123561639
-0.0334180295
0.0131181115
-0.0035987922
0.0131544191
0.0365888253
-0.0568998717
-0.0610848255
0.0376591161
-0.0249884315
0.0669441745
-0.0340810493
-0.0012128036
-0.1749836653
-0.2092619836
-0.0480979234
0.1880304813
0.0056118118
-0.0032927697
-0.0035135937
0.0186132472
0.0343141556
-0.0126850307
-0.0493596867
0.0413746648
0.0041704099
0.0112433406
-0.0237651020
-0.0200565327
-0.0302835666
0.1234590709
-0.4120028317
0.0015201975
-0.0485572591
0.0295801014
0.0743669122
-0.0678711385
0.0227654614
0.0092241475
0.0256539136
0.0167226195
-0.0023142137
-0.0428141393
-0.1305253804
-0.0233007055
0.0421999916
-0.0208261441
-0.0260172673
-0.0074210488
0.0126277702
-0.0251165014
-0.0131626418
-0.0097597754
0.0331480838
0.0131357471
-0.0064588296
-0.0065652872
0.4022325575
0.0358270854
0.0195089914
0.0165663250
-0.0199801698
0.0125669111
-0.0309164636
0.0148571422
-0.0347408690
0.0112370886
-0.0103402687
0.0089629777
0.0302938670
-0.0649653226
-0.0590094142
0.0328707770
-0.0229873862
0.0681045428
-0.0494843237
-0.0016370798
-0.1205858812
-0.1523750871
-0.0454824306
0.2026029825
-0.0021351920
-0.0044486234
0.0210329033
0.0187679287
0.0287515856
-0.0201104954
-0.0413687266
0.0413153023
-0.0033099826
0.0085333595
-0.0227144137
-0.0154073946
-0.0290110540
0.0942168757
-0.3835304081
0.0026233611
-0.0559827983
0.0630343184
0.1183734015
-0.0461580753
0.0180605054
0.0147321066
0.0247233044
0.0017114240
0.0086099524
-0.0503235050
-0.1231306717
-0.0233160164
0.0411763266
-0.0197087191
-0.0242477246
-0.0041958238
0.0117972298
-0.0232848302
-0.0122545902
-0.0117845172
0.0329542905
0.0116958609
-0.0056146537
-0.0058307806
0.3775767088
0.0420844965
0.0174733307
0.0184490997
-0.0202577785
0.0134680895
-0.0349681899
0.0164181739
-0.0339079648
0.0130695403
-0.0124549903
0.0072185858
0.0275519602
-0.0601030514
-0.0588892214
0.0321553163
-0.0249846131
0.0666895807
-0.0443631969
-0.0040920521
-0.1297260672
-0.1548839509
-0.0447085910
0.1949658841
-0.0021896474
-0.0044439118
0.0222764257
0.0168696046
0.0263030939
-0.0191385541
-0.0398127958
0.0398580208
-0.0007140324
0.0090385666
-0.0234473031
-0.0172984879
-0.0286126882
0.0869010910
-0.3782464564
0.0034040515
-0.0510773920
0.0583945997
0.1110431850
-0.0446459986
0.0230481848
0.0142036863
0.0217737835
0.0023743520
0.0074521834
-0.0486770459
-0.1313176006
-0.0229388345
0.0447670706
-0.0185462013
-0.0219560526
-0.0083979936
0.0091505488
-0.0253458396
-0.0106518492
-0.0132072410
0.0339548253
0.0106704840
-0.0053785872
-0.0041369773
0.3274272084
0.0131563665
0.0123623628
0.0141642680
-0.0098549938
0.0090930890
-0.0257323124
0.0158108845
-0.0285440348
0.0121238362
-0.0182795711
-0.0019894158
0.0234073792
-0.0500514507
-0.0526835695
0.0346556827
-0.0232548844
0.0649042353
-0.0399383008
-0.0037425621
-0.1350115538
-0.1426507980
-0.0413936861
0.1865230650
-0.0013105214
-0.0041765189
0.0018676911
0.0168780293
0.0223614462
-0.0169980023
-0.0158433765
0.0393067375
-0.0010989064
0.0105816042
-0.0165094621
-0.0164592173
-0.0285761710
0.0740907863
-0.3497361839
0.0044711521
-0.0449888259
0.0605211295
0.0780312046
-0.0370030850
0.0254995935
0.0154644828
0.0145927295
-0.0035488235
0.0066990047
-0.0457103029
-0.0989569500
-0.0087228110
0.0503584109
-0.0111548193
-0.0197606776
-0.0038462405
0.0131831840
-0.0312543139
-0.0034860284
-0.0124322493
0.0293684620
0.0090234978
-0.0148426024
-0.0050431350
0.3022071123
0.0711703822
0.0083191320
-0.0148157086
-0.0124085201
0.0006817456
0.0083037419
0.0194464847
-0.0309404172
0.0138897523
-0.0250487998
-0.0051308777
0.0175131038
-0.0577742495
-0.0572544597
0.0261681657
-0.0294171032
0.0666210726
-0.0555182360
-0.0046163523
-0.0913222060
-0.1077617183
-0.0429052711
0.1717602164
-0.0166775230
-0.0016004072
0.0243645571
0.0118511170
0.0191248972
-0.0233674012
-0.0047910665
0.0350162536
-0.0052174446
0.0107584968
-0.0227789488
-0.0083797267
-0.0350068733
0.0560168326
-0.3454776406
0.0058774832
-0.0535568260
0.0820321068
0.1415048987
-0.0129761174
0.0239251945
0.0198485721
0.0192198586
-0.0203966312
0.0157882087
-0.0499925017
-0.1436074674
-0.0222785715
0.0418904796
-0.0152135100
-0.0263650324
0.0015077607
0.0092935227
-0.0189297087
-0.0094637051
-0.0090134516
0.0305776168
0.0109359687
-0.0076424913
-0.0068916627
0.3479616642
0.0398949422
0.0165849533
0.0143126575
-0.0266355090
0.0122438287
-0.0457058214
0.0182873756
-0.0383584015
0.0137948459
-0.0180647671
-0.0007711832
0.0277566426
-0.0560181178
-0.0614378527
0.0355795473
-0.0243967175
0.0655063912
-0.0437160246
-0.0096108466
-0.1424556375
-0.1458109170
-0.0443238094
0.1869058460
-0.0127834380
-0.0073380950
0.0224881303
0.0144279497
0.0218237396
-0.0160684995
-0.0315444060
0.0434920415
-0.0009739070
0.0119748693
-0.0255498588
-0.0226845015
-0.0302118082
0.0652571991
-0.3636524081
0.0052927434
-0.0487268083
0.0709802583
0.0893108249
-0.0414970107
0.0271504056
0.0098704770
0.0167715587
-0.0041040480
0.0111639062
-0.0523229092
-0.1932828426
-0.0286505166
0.0459933169
-0.0115824603
-0.0257275440
0.0012169711
0.0085089328
-0.0181984100
-0.0121021727
-0.0065523130
0.0314282104
0.0039708652
-0.0047386922
-0.0035366789
0.3168971539
0.0201714542
0.0183509253
0.0120506380
-0.0204600208
0.0177868940
-0.0507191420
0.0180076119
-0.0333168283
0.0116635142
-0.0222076867
-0.0070163310
0.0258355215
-0.0521316566
-0.0559616983
0.0429567769
-0.0218318813
0.0635714605
-0.0406869985
-0.0064483238
-0.1386235952
-0.1255566925
-0.0410459936
0.2064696997
-0.0070034997
-0.0089147976
0.0054266141
0.0202044342
0.0187392831
-0.0086557642
-0.0287794508
0.0471887477
-0.0026075710
0.0114863189
-0.0181751605
-0.0233136248
-0.0290408786
0.0573245697
-0.3441923261
0.0059531308
-0.0426985063
0.0612790771
0.0542210229
-0.0431309082
0.0280271731
0.0093973167
0.0118288621
-0.0016071351
0.0109311501
-0.0534070097
-0.1521893442
-0.0206188671
0.0454157293
-0.0100819087
-0.0261788815
0.0054850783
0.0092729116
-0.0155903166
-0.0086352117
-0.0084652184
0.0302259605
0.0067243073
-0.0098307449
-0.0056549250
0.3069431186
0.0570728928
0.0142748579
0.0087662786
-0.0243750978
0.0113859568
-0.0418294445
0.0200014040
-0.0354518071
0.0143628437
-0.0220817272
-0.0046968232
0.0225912482
-0.0530418232
-0.0592870452
0.0373028293
-0.0266075302
0.0616753735
-0.0417268537
-0.0099323122
-0.1353841871
-0.1266601384
-0.0405321382
0.1983931363
-0.0104248105
-0.0109532224
0.0194415376
0.0155932531
0.0194460284
-0.0129945613
-0.0223381333
0.0435635298
-0.0026662203
0.0099348668
-0.0249459650
-0.0220174771
-0.0317246728
0.0541634560
-0.3468820751
0.0068336134
-0.0417807251
0.0712845102
0.0794003308
-0.0371769555
0.0272498988
0.0113303354
0.0149075510
-0.0063590137
0.0123216249
-0.0527762286
-0.2026964128
-0.0256556161
0.0536637306
-0.0090357084
-0.0278865788
0.0028903238
0.0178078413
-0.0248918217
-0.0107367150
-0.0041625025
0.0248425193
0.0047092792
-0.0128491670
-0.0075029847
0.3335365951
0.0430483222
0.0188013222
-0.0054527088
-0.0208833013
0.0205912720
-0.0398591310
0.0183149725
-0.0353405699
0.0103129894
-0.0207886994
-0.0033027590
0.0250387751
-0.0579900779
-0.0585125089
0.0346817300
-0.0202452391
0.0693600997
-0.0543786958
-0.0058139241
-0.1088964790
-0.1038047075
-0.0406599157
0.2077785581
-0.0029431847
-0.0071205031
0.0205368940
0.0209298469
0.0145636508
-0.0179609805
-0.0281843729
0.0429882742
-0.0074149258
0.0095791733
-0.0192356315
-0.0183346756
-0.0275311749
0.0533434600
-0.3441262543
0.0036594174
-0.0506652184
0.0820375159
0.0863551795
-0.0409551710
0.0220916364
0.0146770189
0.0154623939
-0.0070132031
0.0131977089
-0.0551960282
-0.1229609996
-0.0222592968
0.0402146280
-0.0173232071
-0.0264625773
-0.0017582361
0.0080150506
-0.0182170290
-0.0109557752
-0.0102730161
0.0326303355
0.0114739332
-0.0056333519
-0.0061758203
0.3576640189
0.0326212458
0.0156769175
0.0189048704
-0.0242426340
0.0084565412
-0.0403957702
0.0175479725
-0.0366938226
0.0135359326
-0.0166564267
0.0015112334
0.0278225932
-0.0562389195
-0.0595083870
0.0372435860
-0.0253750645
0.0635057241
-0.0412157178
-0.0081135435
-0.1459305286
-0.1559992284
-0.0444337986
0.1909453720
-0.0125595396
-0.0075359819
0.0183360726
0.0145214275
0.0248096492
-0.0152280619
-0.0298216585
0.0435069986
-0.0001366671
0.0110330628
-0.0244520903
-0.0218235832
-0.0305648092
0.0788432881
-0.3682374358
0.0048398902
-0.0469358005
0.0612597279
0.0874072090
-0.0425614715
0.0260704961
0.0101627745
0.0176375471
-0.0011219522
0.0092215985
-0.0511233360
-0.2125597596
-0.0317525603
0.0488513075
-0.0137658110
-0.0274481699
-0.0008439515
0.0139274932
-0.0221257154
-0.0152740786
-0.0051179877
0.0290546920
0.0025876991
-0.0063827690
-0.0050857347
0.3507958949
0.0250500105
0.0233431756
0.0099499505
-0.0184599739
0.0243982449
-0.0467639267
0.0165147018
-0.0327811055
0.0088712098
-0.0169656631
-0.0009987277
0.0274377316
-0.0594005398
-0.0541256629
0.0410634428
-0.0185849983
0.0668101087
-0.0468734317
-0.0027112507
-0.1163419858
-0.1148358732
-0.0407051817
0.2250216156
0.0023625076
-0.0077483198
0.0095816338
0.0244637243
0.0205056332
-0.0134408269
-0.0389694609
0.0467572771
-0.0055134366
0.0090142060
-0.0163304862
-0.0204612240
-0.0249992162
0.0697386116
-0.3529717624
0.0037869662
-0.0480121709
0.0641286001
0.0703101903
-0.0485032983
0.0216630362
0.0120911691
0.0153709622
0.0027371743
0.0107643185
-0.0547719374
-0.1481058896
-0.0246255826
0.0461897813
-0.0152933681
-0.0290711392
-0.0026270391
0.0158393476
-0.0218234789
-0.0106696300
-0.0068004583
0.0291373096
0.0099841971
-0.0100205569
-0.0069665662
0.3722611368
0.0444841795
0.0213968288
0.0039041811
-0.0230867658
0.0221991539
-0.0341157615
0.0160938576
-0.0365914740
0.0111893415
-0.0131089622
0.0033678871
0.0277056005
-0.0652757883
-0.0553156212
0.0357066356
-0.0213098507
0.0668359846
-0.0515365303
-0.0028320281
-0.1257872730
-0.1392976642
-0.0431818701
0.2093870491
0.0035262899
-0.0080275480
0.0225131195
0.0183939449
0.0253445935
-0.0195167158
-0.0405981801
0.0421958715
-0.0052395449
0.0057015321
-0.0238493476
-0.0198589507
-0.0285917688
0.0695981309
-0.3682590425
0.0034161594
-0.0532536656
0.0680798888
0.1207434833
-0.0418004915
0.0175049938
0.0153802922
0.0219386090
-0.0021787344
0.0118498057
-0.0510420240
-0.1718267798
-0.0283158496
0.0448407866
-0.0188444871
-0.0248945840
-0.0087122023
0.0136390170
-0.0295129716
-0.0143853175
-0.0067212433
0.0323425271
0.0108913314
-0.0018132126
-0.0048737372
0.3959532082
0.0067063523
0.0219910834
0.0131013198
-0.0182797182
0.0144237345
-0.0344386920
0.0136855729
-0.0352216214
0.0094633671
-0.0136683928
0.0021599517
0.0307544302
-0.0645863637
-0.0580270924
0.0356774256
-0.0196203571
0.0707596466
-0.0516063869
-0.0004638426
-0.1194335446
-0.1424057633
-0.0464837179
0.2065082341
-0.0011520138
-0.0005799169
0.0070653139
0.0197384041
0.0238122996
-0.0181007609
-0.0468537398
0.0423812866
-0.0040776916
0.0098433020
-0.0177538153
-0.0173334368
-0.0252689328
0.0881368965
-0.3779127002
0.0013012480
-0.0585614070
0.0555875041
0.1007033214
-0.0437612496
0.0218804646
0.0116682062
0.0196140520
0.0020519143
0.0090664988
-0.0504815094
-0.1780085564
-0.0260731764
0.0453998893
-0.0132700764
-0.0271806996
0.0014798596
0.0124636190
-0.0202815551
-0.0112961764
-0.0070215133
0.0273300204
0.0061782789
-0.0073682596
-0.0070314999
0.3453041613
0.0384386964
0.0203626230
0.0101311365
-0.0244546570
0.0177419353
-0.0429010168
0.0168891419
-0.0377576984
0.0111393631
-0.0175249521
-0.0027625295
0.0263544023
-0.0603030697
-0.0570066161
0.0385538302
-0.0221075583
0.0653813332
-0.0468502827
-0.0068127736
-0.1208740175
-0.1231796145
-0.0425678343
0.2086617351
-0.0067274775
-0.0071947244
0.0199177917
0.0171760768
0.0206756517
-0.0166034978
-0.0340181217
0.0451169759
-0.0041323793
0.0098307310
-0.0221771374
-0.0236473829
-0.0248756167
0.0671917945
-0.3558853269
0.0044994401
-0.0497169793
0.0740164146
0.0886006281
-0.0395872332
0.0246730186
0.0094050141
0.0151689919
-0.0030015905
0.0124951564
-0.0546933077
-0.1515227705
-0.0222492442
0.0451180674
-0.0141290501
-0.0268381424
0.0006763589
0.0134746851
-0.0239809342
-0.0100719575
-0.0078554116
0.0285479389
0.0099868858
-0.0099612642
-0.0076814848
0.3603419065
0.0445634946
0.0180965811
0.0075544287
-0.0250513535
0.0132049005
-0.0403724574
0.0180047639
-0.0380770043
0.0120962700
-0.0181619879
0.0006514305
0.0290488712
-0.0601547621
-0.0615158267
0.0333396681
-0.0225418508
0.0692431256
-0.0499027185
-0.0066633103
-0.1247272715
-0.1344539523
-0.0444214344
0.1907963157
-0.0133317877
-0.0059913923
0.0252624061
0.0160637200
0.0200698376
-0.0184015147
-0.0339866728
0.0422494784
-0.0034922385
0.0122371428
-0.0234043859
-0.0193666667
-0.0282182973
0.0654818118
-0.3660717905
0.0037829222
-0.0531033315
0.0749718398
0.0991054103
-0.0405150987
0.0241606962
0.0116722714
0.0181436446
-0.0047889906
0.0119777890
-0.0532145239
-0.1713223010
-0.0276331380
0.0428980589
-0.0200106390
-0.0248920191
-0.0109845838
0.0111002047
-0.0309740547
-0.0125777591
-0.0079693990
0.0328602456
0.0139561482
-0.0030382136
-0.0044706529
0.3833690882
-0.0173795298
0.0195380338
0.0141055882
-0.0149411168
0.0095609324
-0.0358780697
0.0130900238
-0.0350332446
0.0083422326
-0.0161328148
-0.0030824305
0.0318988301
-0.0578117520
-0.0574997850
0.0357002616
-0.0165461544
0.0719822794
-0.0494343415
-0.0023511534
-0.1286386251
-0.1445050538
-0.0469391383
0.1844055057
-0.0073577333
0.0000669144
-0.0038725755
0.0182632450
0.0219733622
-0.0176206455
-0.0304228384
0.0414853096
-0.0037197163
0.0142003782
-0.0157770831
-0.0183424484
-0.0255929381
0.0823165923
-0.3662807941
0.0016749100
-0.0582015142
0.0660176277
0.0795369893
-0.0397119895
0.0237990730
0.0110775754
0.0160975885
-0.0024859500
0.0097855199
-0.0500138290
-0.1537275761
-0.0151064247
0.0556695685
-0.0052517564
-0.0244105179
-0.0001417214
0.0150400521
-0.0268197469
-0.0031694919
-0.0095912712
0.0267530754
0.0047857016
-0.0179923307
-0.0052508726
0.2675474882
0.0703613833
0.0129946535
-0.0217621885
-0.0141452523
0.0212214570
-0.0141857602
0.0200522449
-0.0299739260
0.0119861737
-0.0271070842
-0.0105147865
0.0193204917
-0.0585474558
-0.0515048169
0.0333595388
-0.0236505195
0.0659225285
-0.0543165654
-0.0028033680
-0.0987315401
-0.0897891968
-0.0375678055
0.1870156527
-0.0082605639
-0.0089202775
0.0233430564
0.0169541109
0.0165831111
-0.0185530186
-0.0042890832
0.0399763435
-0.0086100334
0.0093970140
-0.0192164741
-0.0131075671
-0.0305899736
0.0196719524
-0.3212703764
0.0058437688
-0.0485747121
0.0960815251
0.1116400361
-0.0188824963
0.0197983012
0.0179542750
0.0150042037
-0.0225088019
0.0182217099
-0.0511552393
-0.1241108775
-0.0160612371
0.0510526337
-0.0122390427
-0.0244963542
-0.0067264829
0.0172415320
-0.0330373533
-0.0074538393
-0.0117839715
0.0296358354
0.0104576545
-0.0138849122
-0.0055630356
0.3288209736
0.0440015532
0.0133241052
-0.0079187285
-0.0117624654
0.0065899789
-0.0061556711
0.0169317424
-0.0311434846
0.0109785134
-0.0228853375
-0.0032657029
0.0236959159
-0.0604731888
-0.0551488101
0.0296642594
-0.0225401018
0.0700969175
-0.0551390573
-0.0007744044
-0.0994375199
-0.1136681587
-0.0423372611
0.1747383624
-0.0096283574
-0.0027874024
0.0158852804
0.0159328114
0.0182685331
-0.0233362131
-0.0109208031
0.0360817201
-0.0064537697
0.0109119527
-0.0184621550
-0.0104193743
-0.0283454936
0.0553106740
-0.3489149511
0.0015908376
-0.0549475513
0.0831066072
0.1161101311
-0.0257964768
0.0192598980
0.0180706959
0.0182345081
-0.0147620812
0.0132041778
-0.0491144173
-0.1465269625
-0.0136369560
0.0544536598
-0.0093140788
-0.0215626825
-0.0034474591
0.0106772482
-0.0272307545
-0.0024774405
-0.0099861594
0.0289702043
0.0077164541
-0.0154410163
-0.0060797157
0.2677104175
0.0493032597
0.0093064131
-0.0162953679
-0.0117907561
0.0102830548
-0.0055265105
0.0188660827
-0.0304044839
0.0129963290
-0.0273222625
-0.0121290572
0.0180168655
-0.0529180467
-0.0528422333
0.0323483758
-0.0246603228
0.0648016036
-0.0506220311
-0.0057540070
-0.1081543192
-0.0987519100
-0.0387557000
0.1817210466
-0.0106715653
-0.0065347925
0.0134822521
0.0140548442
0.0166223869
-0.0200392883
0.0048755868
0.0397270769
-0.0071635661
0.0106603568
-0.0190441273
-0.0136544863
-0.0333447792
0.0343489721
-0.3197413385
0.0065950914
-0.0480626822
0.0941909105
0.1032632887
-0.0170427859
0.0233685672
0.0170789380
0.0133241499
-0.0243032016
0.0163765345
-0.0499018915
