-0.0137936715
-0.0341476686
-0.0324244685
-0.0186843593
-0.0164851341
0.0261371117
-0.1682274640
0.0369508006
-0.0627211779
-0.0400610268
-0.0441253670
0.0557130389
0.0052504102
0.0150985159
-0.0088843983
-0.0250604544
-0.0043503419
-0.0040505249
-0.0026377479
-0.0227054860
-0.0038582529
-0.1421455741
-0.0162802693
-0.0139135160
-0.0853630528
0.0170272775
0.0348871201
0.0032311969
-0.0163169000
-0.0150214629
-0.0961147398
0.0071328138
-0.2463396788
0.0205160212
0.0094840638
0.0281463657
-0.0108758565
0.0067989267
-0.0097030783
-0.0081578111
0.0117408698
0.0230633374
0.2089376301
0.0214594118
0.0105173150
-0.0201537441
-0.1818374246
-0.0185881853
0.1703676581
-0.1373599619
0.0287068523
-0.0743684322
0.0004829857
-0.0088807121
0.0214744806
0.0402327701
0.0082808472
0.0234044101
0.2242670655
-0.0105781313
0.0595357455
0.0984370336
0.0148478076
-0.0301674102
-0.0627299547
0.0223502312
0.0007956380
-0.0341587625
0.0399136543
-0.0160048231
-0.1165385619
0.0028472873
0.0330670252
-0.0175355691
-0.0382012166
0.0308716949
-0.0109562697
0.0908764675
0.0583644360
-0.0166309923
-0.0361984260
0.0624005310
-0.0122836865
-0.0122874677
0.0017464396
0.0270742364
-0.0248578470
0.0137293544
-0.0627238750
-0.0119485473
-0.0606945828
0.0198123436
0.0655808821
-0.0309771150
0.0314699560
0.1822325885
0.0000581149
-0.0047034370
-0.0047632130
-0.0096858107
-0.0008291813
0.0284827352
0.0110694654
-0.0382900462
0.0078433342
0.0438826904
0.3357987106
0.1078045219
0.0129108168
-0.0112074073
-0.0816549659
-0.0025674687
-0.2761973143
-0.1111926287
0.0123493215
-0.0448322967
-0.0041529643
-0.0225983337
0.0195011869
0.0526990481
0.0269173551
-0.0064755920
0.0132350186
-0.0576940253
0.0534232259
0.3258606493
0.1133028120
-0.0038941216
-0.1268042028
0.0373723395
0.3079203367
-0.1083064526
0.1679776460
-0.5760742426
-0.4790013134
0.0944042876
0.8075779080
-0.0464033075
-0.1012097076
-0.4186930954
-0.5225703120
0.1604597121
-0.0106822811
-0.0760683417
0.0305652954
-0.0812918693
-0.0040168432
0.0121603552
0.0314854570
0.4557916522
0.5076218247
-0.1487509757
0.3528162837
0.0368319526
-0.3764519095
0.4175036252
-0.0341376141
-0.0478851385
0.2793214321
0.2761834264
0.0019892782
-0.0569068156
0.1039990857
0.0030624943
-0.0267473813
0.2818338871
-1.2567278147
-0.3395647705
0.0585936084
-0.1230378523
-1.3926495314
-0.3785336912
-0.1040731072
-0.0497001447
1.0230349302
-0.5679225922
-0.9807676673
-1.0172126293
0.0069961790
-0.0829996765
-0.0468485057
-0.0136606954
-0.1083988100
-0.0016219321
0.1383811384
0.1492273659
0.4055399895
-0.0154098589
-0.0853830501
-0.0266462117
-0.5606083870
0.0478447005
-0.0192544293
-0.0630824864
-0.0490241349
0.0233213492
0.0002943167
0.0991497859
0.0450527854
-0.0082953218
0.0069237868
0.0070513203
0.0139482599
0.0129373223
-0.0096026724
0.0318921022
0.0184394158
-0.0231200103
-0.0202303678
-0.0135677671
-0.0320351906
0.0089459168
0.0055693886
-0.0946719572
0.0205866527
-0.0081039015
0.0707617849
0.0280830935
0.0936376005
-0.0669276416
-0.0500325561
0.0088145910
0.1375079453
-0.3169030249
-0.4446009696
0.0473523960
0.0039497167
0.0164673794
-0.0395495594
-0.0551317409
0.2046019882
0.0300041307
0.0140300319
0.0096079716
-0.1915351003
0.0464981124
-0.0037575322
-0.0261611715
-0.0257043932
-0.0625123084
0.3073782623
-0.1741352528
0.0010979911
-0.0913816243
-0.0057523651
-0.0406748243
0.0048937257
0.0757218972
0.0197087713
0.0409203842
-0.3764861822
0.0067575681
0.0558697134
0.3884460628
-0.0240026042
0.0453933626
-0.0927920043
-0.0414448231
-0.0143000828
-0.1317038536
-0.0408385880
-0.9136930704
-0.1281682104
0.1039645821
0.6877955794
0.1127587631
-0.0943514332
-0.0388360359
-0.1812374592
0.1087395996
-0.0276059192
-0.0773445070
0.0042467564
0.0416134335
-0.0633924454
0.1129250079
0.1135828868
0.8012302518
-0.0634598434
0.0520017371
0.1504639089
0.0361726992
0.3689829409
-0.4544332922
-0.1269805729
-0.0129171470
-0.8368583322
0.1651243269
-1.0135382414
0.0338969603
-0.0417261757
-0.0890153050
-0.1060993373
-0.3928005695
0.3644669652
0.1403116286
0.0400871076
0.0184189249
-0.6930919290
-0.0048333537
-0.0911100432
-0.0233737230
-0.3158648014
-0.3616403043
-0.3700561523
-0.3097972870
0.0643730611
-0.5003840327
0.0082225744
-0.0522824340
0.0607388057
0.0126354787
-0.0557660982
0.0450630225
-1.1690624952
-0.0352946781
0.4223814607
0.1919201165
-0.2494687885
-0.2391178906
-0.1325375140
0.0409147069
0.0184987858
-0.0673549250
-0.7701566219
0.0613082834
0.3957351446
-0.2489889711
0.3061975539
0.0988663509
-1.0249955654
-0.1344012767
0.6535601616
0.1579569578
0.1466963738
-0.0179056562
-0.0890430585
0.0917718634
-0.0605929717
0.0347607844
0.0453709140
-0.1214451492
-0.0473515503
0.0298070926
0.0854466110
0.0224371422
-0.4292881787
0.1802174002
0.3526963592
-0.0439037643
-0.3626727760
0.4949896932
-0.4684568048
0.0177889429
-0.0423180833
-0.0931525081
0.0268180799
0.1510855705
0.2410179973
-0.0892854258
0.0112244580
0.0397859327
-0.1713691354
0.1767896265
0.0330044813
-0.0073575331
0.1993668675
0.2868609726
-1.2387496233
0.5560486913
-0.0280705038
-0.1111358106
-0.0119283674
0.0400674678
0.0041837720
0.1206880212
0.0288629550
-0.0476912670
-0.1517354548
-0.0852626488
-0.0748416036
0.7283658981
0.1084702015
0.0392519906
-0.0948943570
0.0246932469
0.0428260900
-0.0619307682
-0.1081920639
-0.1240947619
-0.0854154080
0.1486454308
-0.0149673736
-0.0263299160
-0.2057763636
-0.3072436452
-0.0711647719
0.1240339726
0.0597385541
0.0000697080
-0.0402551256
0.0130709764
-0.0521407239
0.0178678483
0.0204598587
0.1063314378
0.3131033480
-0.0390032865
-0.1340040416
-0.0470004566
-0.1366387904
0.1536888182
0.1825961471
-0.0457372628
0.0453321487
0.2580436468
-0.1653471142
0.0071426965
0.0285669360
-0.0144380201
0.0006748128
0.1722334623
-0.2918736041
-0.0816410780
-0.0230824519
-0.0066486024
-0.3762947023
0.0220410712
-0.0420581698
-0.0600594617
0.2799845636
-0.2303218395
-0.6697036028
-0.3226944208
-0.0167801250
0.1163874120
-0.0257665478
-0.0183485746
-0.0017051888
0.1261943132
0.0588708296
0.0318810493
0.2492397726
-0.0168443788
0.1791726202
0.2728020847
-0.0526710935
0.1846026480
-0.0174380578
0.0337079056
-0.0617150180
-0.0533217080
-0.2962551117
-0.2081776559
-0.0918293968
0.1079866886
0.1719394922
-0.0625373274
-0.1304748654
-0.1046894789
0.1799273789
0.0630199686
0.0186864585
-0.0281092357
-0.0340463929
0.0277483668
0.0076293838
-0.0365496129
-0.0291669965
0.5493328571
-0.0356803499
0.0069711297
-0.1771380752
0.1081817746
-0.1070575491
-0.0110059716
0.1435559839
-0.0386107303
-0.4219284058
0.2808383405
-0.7606040835
0.0371148139
0.0049173813
0.0230075177
-0.0743268579
0.0821313262
0.0333640575
-0.0768637881
-0.1035420373
0.0092367036
-0.1246792600
0.1401918828
0.0205146093
-0.0064906199
-0.0641689897
-0.0111147575
-0.4347414076
0.2443415821
0.0302622728
-0.1861056983
-0.0420489646
-0.0143722137
0.0260086469
-0.0856280923
0.0106867999
0.0201719776
-0.2326369733
-0.0038873653
-0.0587356575
0.3037140667
0.1201291978
0.0750890374
-0.0832585692
-0.0148888072
-0.0372722633
-0.0274275336
0.6085344553
-0.0777626038
-0.0366228148
0.4116255343
0.1181503534
0.0028103655
0.1975503713
0.2648899555
-0.2971986830
0.0523375235
0.0682166964
0.0164868180
-0.0265373662
0.0434324630
-0.0596399456
0.0119413994
-0.0308987945
0.9525963068
-0.2767280340
0.0521572754
-0.2731614709
0.2398747951
0.0988108739
-0.1053645685
-0.2307515442
-0.0248065777
-0.4870021939
0.1517913640
-0.3394461572
0.0090325493
0.0215867348
-0.0086457813
0.0642257407
-0.0538673513
0.3203311861
-0.1172874346
-0.1040321663
0.0501079299
0.2138575315
0.0163445286
0.0418997258
-0.0232804101
-0.3660722971
-0.1968995482
-0.2067909986
0.1448203176
0.0664024651
-0.1791909635
-0.0613320433
-0.0694831833
-0.0011956743
-0.0610290989
0.0027527709
-0.0226402320
-0.5643153191
-0.0697416365
-0.1635605693
0.3573882878
0.0737947077
0.1679246128
-0.0905687064
0.0582958758
0.0004383470
-0.0363810882
0.0527599901
-0.0274185054
-0.0467582569
-0.0331610292
0.1098512709
-0.0220817942
-0.0110288197
-0.0346913636
-0.0334720425
0.1282809824
0.1031137332
-0.0053278231
-0.0450616628
0.1005022302
-0.0263018943
-0.0010353336
-0.0068976320
0.1732488871
-0.0371357761
0.0075004743
-0.0444210954
-0.0423054844
-0.1104952097
-0.0059517240
0.1104210839
-0.0319891013
0.1502319723
0.2231874466
0.1896347553
-0.0228288602
-0.0115217194
-0.0182747152
-0.0045793066
0.0374008901
0.0019830286
-0.0434693806
0.0067470227
0.0627005100
0.3306652904
0.1567075849
0.0053874091
-0.0094288243
-0.0010710764
0.0249675661
-0.5259732008
-0.1390025914
-0.0011497851
-0.0192840621
-0.0012533676
-0.0287893359
0.0249460097
0.0607154928
0.0474736243
0.0003476196
-0.1208855510
-0.0724164620
0.0628526360
0.4883976579
0.1955411881
0.0339971930
-0.0912839100
0.0633637086
0.0050566592
-0.0343091302
0.0583548546
-0.0264459196
-0.0461089574
-0.0370833315
0.1157652661
-0.0255466811
-0.0007401848
-0.0414133333
-0.0363942944
0.1311859339
0.1049706638
-0.0032958961
-0.0456199124
0.1025221795
-0.0267509427
-0.0004236027
-0.0067455396
0.1877308190
-0.0367302820
0.0083915871
-0.0436628498
-0.0452455804
-0.1140134037
-0.0081594381
0.1147842482
-0.0324592963
0.1662798375
0.2308453768
0.2106648833
-0.0260208566
-0.0110838851
-0.0195795596
-0.0035494831
0.0391897336
-0.0031600471
-0.0443508849
0.0079690255
0.0645654723
0.3355999887
0.1615895927
0.0055771447
-0.0074313460
0.0050943694
0.0275056046
-0.5440366864
-0.1473893374
-0.0018769886
-0.0171107948
-0.0009117100
-0.0303948019
0.0250283480
0.0608242042
0.0484004766
-0.0004608908
-0.1302572638
-0.0737674907
0.0683789328
0.4975812137
0.2087670416
0.0382935293
-0.0886654705
0.0627569556
0.0078821629
-0.0322216898
0.0564745478
-0.0203811247
-0.0514354929
-0.0370960236
0.1120618060
-0.0276108533
0.0000214446
-0.0392374620
-0.0352435373
0.1283504516
0.1009016186
-0.0029159202
-0.0447128676
0.0988866836
-0.0260034408
-0.0010939639
-0.0056611537
0.1769358367
-0.0355564393
0.0092098229
-0.0444436260
-0.0432570763
-0.1124045625
-0.0072339112
0.1124928892
-0.0323068388
0.1628343910
0.2315031290
0.2004550546
-0.0260723848
-0.0100353388
-0.0194749851
-0.0019213891
0.0392467231
-0.0048898458
-0.0444280431
0.0085257981
0.0640282929
0.3368369639
0.1592383236
0.0065530119
-0.0064237500
-0.0002968335
0.0285956673
-0.5272486806
-0.1500964314
-0.0009756229
-0.0193780418
-0.0009763273
-0.0301826280
0.0247827675
0.0604410768
0.0464499481
-0.0014309600
-0.1199123785
-0.0725232884
0.0724416897
0.4851889312
0.2086270750
0.0363582820
-0.0829372406
0.0574358851
0.0079168398
-0.0304798391
0.0525337979
-0.0146829486
-0.0644601136
-0.0330340415
0.0977751464
-0.0294473618
-0.0017297341
-0.0309102647
-0.0329016969
0.1205096692
0.0921027437
-0.0040520625
-0.0420796610
0.0912172720
-0.0240307357
-0.0028876932
-0.0046088286
0.1480024159
-0.0328369737
0.0090827607
-0.0474137776
-0.0388307348
-0.1030079499
-0.0051252004
0.1040842459
-0.0315366499
0.1461077929
0.2246640623
0.1708202958
-0.0236531049
-0.0084080957
-0.0171926990
-0.0006278848
0.0379539691
-0.0073648118
-0.0423593037
0.0093417754
0.0616513155
0.3375889361
0.1503160447
0.0074935690
-0.0064344471
-0.0159281120
0.0274425130
-0.4784754515
-0.1536111236
0.0012105976
-0.0241675191
-0.0007216510
-0.0288050678
0.0245008897
0.0594381467
0.0429172292
-0.0015328769
-0.0862036943
-0.0688788891
0.0760388821
0.4519877732
0.1979025602
0.0304301511
-0.0816930830
0.0584806651
0.0085658263
-0.0292640124
0.0542418733
-0.0108971251
-0.0663879588
-0.0333618596
0.0966300741
-0.0315810032
0.0044787871
-0.0318104550
-0.0338435285
0.1194714010
0.0910260603
-0.0033661877
-0.0412716605
0.0901089311
-0.0243039504
-0.0028808096
-0.0046166256
0.1490108967
-0.0324295647
0.0087135974
-0.0489963628
-0.0391725153
-0.1014709175
-0.0065450701
0.1032727733
-0.0311155934
0.1523631364
0.2259880155
0.1709650457
-0.0236619320
-0.0083113192
-0.0161980297
-0.0006052088
0.0373084694
-0.0110481353
-0.0416502468
0.0090052988
0.0625520870
0.3382023871
0.1505567431
0.0080012381
-0.0061291265
-0.0176640097
0.0276592933
-0.4729137719
-0.1606547982
0.0011248207
-0.0247162767
-0.0002665606
-0.0293517616
0.0249890964
0.0585505888
0.0426833965
-0.0009561423
-0.0829802305
-0.0680597052
0.0798914135
0.4483140409
0.2028775662
0.0317704864
-0.0810498670
0.0607902706
0.0112719443
-0.0281672738
0.0580186136
-0.0126474602
-0.0678148344
-0.0349345431
0.0976321474
-0.0333580635
0.0103411116
-0.0343163535
-0.0329175517
0.1203163862
0.0909916386
-0.0029038396
-0.0416581482
0.0903945267
-0.0239980370
-0.0027394174
-0.0039019629
0.1559099406
-0.0312551074
0.0096118338
-0.0494204424
-0.0413090512
-0.1011537760
-0.0065855840
0.1051283330
-0.0315843448
0.1591676623
0.2302949280
0.1797457784
-0.0246986635
-0.0078399554
-0.0169004668
-0.0008989141
0.0386025645
-0.0144603308
-0.0414680019
0.0099848276
0.0629788414
0.3409579098
0.1520726979
0.0087161567
-0.0050340435
-0.0151377665
0.0280923527
-0.4789211154
-0.1644998342
0.0010811103
-0.0237820651
0.0001979936
-0.0307798944
0.0244194865
0.0580963120
0.0426043347
-0.0019276803
-0.0828093663
-0.0692334995
0.0830378905
0.4486853182
0.2080392689
0.0344103836
0.0814987496
0.0962278172
0.0623399578
-0.1937366575
-1.2769778967
0.2498507500
0.3801635802
-0.3317030668
0.3313297927
0.0577074960
-1.0179928541
0.1548703313
1.0042629242
0.1592576355
-0.0059462390
-0.0835150257
-0.1521319151
0.0362010710
-0.0162114780
0.0126399156
0.0843404084
0.4229473472
0.2398491204
0.0031673375
0.2298686653
0.4524179399
0.1564397812
0.1346788555
0.4756241441
-0.0478439294
-0.7086476684
0.8218562007
-1.8251093626
0.2038381696
-0.0602054335
-0.0479077660
-0.3765119314
0.2254221737
-0.2738227546
0.0179196727
0.0773421451
-0.0355642661
-1.3127576113
-0.0236858297
0.0316661373
0.0779140368
0.3770878613
0.1287841648
-1.8292884827
1.1885776520
-0.0223504417
0.1101929769
-0.1413518786
0.0449365713
0.1378969252
-0.0469198003
0.0663014054
0.0234571099
-0.1068936810
-0.0079885665
-0.1850822419
0.5711026788
-0.0675713569
0.1168263108
-0.0249641761
-0.0873530805
-0.0020142642
-0.0390140042
0.0430291705
-0.1114434972
-0.3219185174
0.0412107408
-0.3906170130
0.0208607800
-0.0081062149
-0.1533388346
-0.1683304906
0.0335910171
-0.0397412330
0.0406631492
-0.0160215683
-0.0058869114
-0.0621249527
0.0159579143
0.0751514360
-0.1623769403
-0.1032048911
0.0444824435
0.3856771290
-0.1127153710
0.1737659127
-0.2944039702
-0.2884926498
0.0243533310
0.0134969056
-0.3110676408
0.0927364677
-0.0092595899
0.0327951722
0.0371203646
0.0821819603
-0.0169948265
0.0460095592
0.1891278625
0.1756461412
-0.0132514667
-0.3894279003
0.1889597028
-0.0657861903
-0.0213487484
0.2244698107
-0.0183551349
0.1446919590
-0.3155731261
0.0229680780
-0.0194003657
0.0635232776
-0.0475034080
0.0115699712
0.0029065914
0.0451307930
0.0425758958
-0.0371575430
-0.0614553764
0.3352457881
0.1825236678
-0.1881803274
0.1542574614
-0.0206338204
-0.0495262519
-0.0298767742
-0.0123283342
0.0757963657
-0.0128077231
-0.1686856449
0.0692216381
-0.0400665030
-0.0588974096
-0.0676418319
0.0502544492
0.0058584400
0.0120608173
-0.0089812754
-0.0307242796
0.0149584273
-0.0114711998
-0.0036043455
-0.0101316050
-0.0007810504
-0.1317123771
-0.0057947361
-0.0228020977
-0.0448924601
0.0159191247
0.0407915562
0.0024902569
-0.0239936952
-0.0081853084
-0.0899390057
-0.0995596945
-0.2999952435
0.0185971018
0.0123339472
0.0271898285
-0.0164866671
-0.0191451665
0.0475799069
0.0132772867
0.0258743633
0.0155847473
0.0929261670
0.0156778414
0.0025215927
-0.0270854440
-0.2192181200
-0.0031595188
0.2384064049
-0.1066990420
0.0205770750
-0.0813266262
0.0061476328
-0.0168865155
0.0134022310
0.0365238115
0.0029582314
0.0372318700
0.1202483401
-0.0015739597
0.0623181723
0.1468699425
0.0085827308
-0.0519213602
-0.0246338788
-0.0686770603
-0.0437124372
0.0042307340
0.0401917249
0.0770272389
-0.0863520056
0.0920965299
-0.0064140181
-0.0726488084
-0.0077111623
0.0509498827
0.0161003955
0.0219711550
0.0120706297
-0.0226958115
0.0079820715
-0.0227121655
-0.0237351563
0.0085316915
-0.0039708745
-0.1059707254
-0.0637472495
-0.0270736590
-0.0492008477
-0.0325897112
0.0398852676
-0.0283230674
-0.0279443879
0.0116301412
-0.0545158274
-0.3927033842
-0.2165537328
0.0247018728
0.0127810119
0.0341303535
0.0000527475
0.0116661349
0.0655035824
0.0140194912
0.0730470344
0.0091996277
-0.1256929189
0.0342875607
-0.0079778675
-0.0317882001
-0.0173445046
0.0316359214
0.2958742380
-0.0163444262
0.0232505370
-0.0904086083
0.0113183036
-0.0280500539
0.0006956297
0.0308932904
0.0105681084
0.0568180047
-0.0864367932
-0.0077646449
0.0540171340
0.3954935670
-0.0096075414
0.0672778487
-0.0373722799
-0.0356009975
-0.0050632101
-0.0286601242
0.0397771411
-0.1833490729
-0.1194120720
0.2471109480
0.1276770532
-0.0539104976
-0.1044003889
-0.0330793634
0.0322349183
0.0280560497
0.0009646018
-0.0170625411
0.0046943980
-0.0033990603
-0.0150264474
-0.0038714895
0.0032957650
0.3396657407
-0.0552809201
-0.0280406792
-0.1846735477
0.0868053883
0.0585923903
-0.0517159626
-0.0673983991
-0.0286183283
-0.4520511627
0.0405979566
-0.3982078433
0.0159700830
0.0397938825
0.0204783604
-0.0774915218
0.0247701462
0.0747350603
-0.0621731728
-0.0209963694
0.0153074041
0.0461176410
-0.0628048703
0.0061496147
-0.0349234305
-0.2555336952
-0.1685297489
-0.0315409563
0.0120982258
0.0293323733
-0.1221665591
-0.0095249591
-0.0291842520
-0.0090099694
0.0303441826
0.0143503388
0.0208708402
-0.1408882290
-0.0265698452
0.0847914740
0.1870970875
0.0771441981
0.1020755321
-0.0391625091
-0.0532136895
0.0076273717
-0.0386700407
0.0828394219
-0.1472848952
-0.1987555027
0.1420160979
0.1134216711
-0.0652392507
-0.0850188658
0.0185881518
-0.0639087483
0.0245080274
-0.0189064648
-0.0252782758
0.0087329634
0.0011557218
-0.0321982168
0.0205196589
0.0366770215
0.0361702070
-0.0620847605
-0.0005140661
-0.0331796892
-0.0009723062
0.1262589693
-0.1192507222
-0.0868240148
-0.0164691117
-0.2850476801
-0.0035480352
-0.4531418085
0.0183117054
0.0015127270
0.0018331173
-0.0652389303
-0.0463242605
0.0751008093
0.0251519270
0.0213204902
0.0181970671
-0.0174062066
-0.0529590547
-0.0248408522
-0.0333916992
-0.2133852690
-0.0745261759
0.1121880338
-0.1739134192
0.0224674810
-0.1482149512
0.0099039404
-0.0348732509
0.0190023072
0.0275679305
0.0012958883
0.0281381477
-0.1386046112
-0.0171734970
0.1514630616
0.1342997700
-0.0277593937
-0.0523668267
-0.0254847854
-0.0275555141
-0.0374446064
-0.0253094919
-0.0482596382
0.0283983108
-0.0843420327
0.0426647738
-0.0309922732
-0.0443334989
-0.1417708099
-0.0076069813
0.0453281105
0.0300814938
0.0077721784
-0.0279955119
-0.0101003274
0.0095835123
-0.0013555445
-0.0175936352
-0.0032110948
-0.0748311356
-0.0211778078
-0.0170383509
-0.1005180106
0.0244898051
-0.0011652046
0.0067987959
0.0097346921
-0.0186932441
-0.1647205204
0.0436435975
-0.3099750578
0.0200011358
0.0071819373
0.0182665493
-0.0390286706
0.0098856250
0.0511625931
-0.0204971377
0.0269316211
0.0223618206
0.1631921977
0.0415176563
0.0119871404
-0.0224278904
-0.1785938293
-0.0152228791
-0.0255136546
0.0264026541
0.0214582644
-0.0709784478
-0.0058763800
-0.0062497528
0.0191784017
0.0404495671
0.0106413374
0.0194696654
0.0966390669
-0.0222450197
0.0301535893
0.1773224175
0.0401745737
-0.0306911487
-0.0196555704
-0.0255688038
-0.0142671848
-0.0352678970
0.0667916089
0.1766352952
-0.0241904166
-0.1475116313
-0.0524108447
-0.0316853337
-0.0871210545
0.2768819928
0.1174503788
0.0011556312
-0.0318811461
-0.0259015355
-0.0219765063
-0.0268067978
0.0293121748
-0.0285114851
-0.0327351615
-0.0767999887
-0.0390664600
-0.0525103621
-0.0402494483
-0.0080506988
0.1774762720
-0.0604630969
-0.1990324706
-0.0142577160
-0.2359241098
-0.0908598006
0.1361712515
0.0147676794
0.0406896621
0.0143434172
-0.1518532187
-0.0193672664
0.2251404673
-0.0578537993
0.1913976520
0.0303816926
0.2906676233
-0.0123203294
-0.0096802600
-0.0006775538
-0.2006364018
-0.0401617326
0.1660190523
0.0152505105
0.0282735266
0.0190280993
0.0200377330
0.0128533393
0.0227570161
0.1273361295
0.0395055003
0.0669615343
0.0950819403
-0.0425687656
0.0781607777
0.1313548386
-0.1508823037
-0.1355493367
-0.0882296860
0.0531332046
-0.0020288015
-0.0363379940
0.0505410060
-0.0265905503
-0.0506798215
-0.0332837254
0.1021692753
-0.0257812813
-0.0178135578
-0.0294470750
-0.0335127153
0.1205588803
0.0979064554
-0.0050984165
-0.0413334556
0.0971080661
-0.0247987546
-0.0013399387
-0.0073839887
0.1593753546
-0.0389906615
0.0037417288
-0.0502972752
-0.0409462042
-0.1035847962
-0.0103330892
0.1028528363
-0.0307195131
0.1400450617
0.2152402103
0.1689562201
-0.0186092779
-0.0111696683
-0.0119440705
-0.0102048954
0.0338333435
-0.0000884241
-0.0380085297
0.0047923960
0.0623210967
0.3312161267
0.1549163908
0.0051111425
-0.0111765889
-0.0094933175
0.0224442296
-0.4903742075
-0.1432383060
-0.0019870449
-0.0189479422
-0.0008791282
-0.0277427640
0.0271219965
0.0596334487
0.0486270711
0.0054993932
-0.1061814427
-0.0693114549
0.0590200797
0.4711520672
0.1891008466
0.0323704891
-0.0884872600
0.0588093586
0.0030925146
-0.0342872851
0.0624598153
-0.0277997181
-0.0547315739
-0.0360552408
0.1062176749
-0.0301303212
-0.0004351863
-0.0359991565
-0.0366919860
0.1237510219
0.0996412858
-0.0027804247
-0.0416748598
0.0998167321
-0.0248959195
-0.0008352592
-0.0072277454
0.1812392026
-0.0376681611
0.0049029957
-0.0517939851
-0.0448762737
-0.1042850018
-0.0126712834
0.1067137122
-0.0312980488
0.1620038599
0.2246600240
0.1931300610
-0.0221623182
-0.0107414899
-0.0126447640
-0.0099262306
0.0356141701
-0.0093817124
-0.0385219865
0.0063020256
0.0644102767
0.3392433822
0.1604063958
0.0055007655
-0.0087964209
-0.0042771185
0.0216394402
-0.5080348253
-0.1551638246
-0.0027122023
-0.0155264577
-0.0003834940
-0.0304368380
0.0272215847
0.0588640496
0.0502256565
0.0048083784
-0.1174754277
-0.0707875267
0.0642587468
0.4793457091
0.2050306350
0.0386482999
-0.0852843300
0.0576436445
0.0057798973
-0.0322821401
0.0619707517
-0.0239478759
-0.0626221448
-0.0349292196
0.1005942598
-0.0323430002
0.0018829796
-0.0330613926
-0.0349110179
0.1205220968
0.0948159248
-0.0026295201
-0.0406196304
0.0956965759
-0.0238600299
-0.0017690957
-0.0062039210
0.1701080352
-0.0357763954
0.0058246898
-0.0529642291
-0.0430366583
-0.1003927663
-0.0113030802
0.1036627293
-0.0311639905
0.1568569839
0.2236986309
0.1821350455
-0.0223413054
-0.0094700698
-0.0124232071
-0.0082391724
0.0359805152
-0.0123231923
-0.0385100208
0.0078095188
0.0633642152
0.3407758772
0.1565008014
0.0063163121
-0.0076574613
-0.0107779950
0.0213492289
-0.4867084920
-0.1586434394
-0.0014075282
-0.0179042630
-0.0002570521
-0.0302625299
0.0267244633
0.0582694747
0.0481117852
0.0037940005
-0.1032872647
-0.0691835135
0.0681856126
0.4633582532
0.2035105675
0.0366365612
-0.0799401626
0.0526397638
0.0053751441
-0.0305846743
0.0569246821
-0.0159934759
-0.0734802186
-0.0321299247
0.0880736038
-0.0342966095
-0.0004680680
-0.0266578440
-0.0309522189
0.1130261272
0.0868758187
-0.0034040038
-0.0379924886
0.0888468772
-0.0220877845
-0.0032878306
-0.0052166721
0.1436019987
-0.0336872339
0.0052038464
-0.0575913303
-0.0391003713
-0.0923009291
-0.0097867651
0.0952801034
-0.0302302148
0.1449275464
0.2169421017
0.1504853219
-0.0199620444
-0.0081786178
-0.0098027829
-0.0078344503
0.0342589580
-0.0155434888
-0.0361338593
0.0068784044
0.0612725094
0.3401463330
0.1488000154
0.0072555924
-0.0077109085
-0.0238807313
0.0192486495
-0.4410590529
-0.1626028568
0.0005053133
-0.0219736472
-0.0001770458
-0.0290311202
0.0266390350
0.0572004989
0.0452928096
0.0042308909
-0.0762847811
-0.0656281635
0.0709856302
0.4342670441
0.1953846514
0.0321902148
-0.0750981495
0.0493593067
0.0055526537
-0.0287531428
0.0551722907
-0.0064269104
-0.0838354453
-0.0311113782
0.0777791888
-0.0373977199
0.0018488670
-0.0212028660
-0.0276768822
0.1063693091
0.0801316127
-0.0035782787
-0.0353976712
0.0833675489
-0.0206684861
-0.0044372296
-0.0042451322
0.1243896559
-0.0324340612
0.0044508032
-0.0634821579
-0.0364481099
-0.0847418979
-0.0095129386
0.0873309001
-0.0292910207
0.1417906284
0.2137534320
0.1236406267
-0.0178235415
-0.0073383660
-0.0068595284
-0.0084918980
0.0321702622
-0.0207830798
-0.0335338190
0.0047692694
0.0603218079
0.3418838978
0.1436015666
0.0084632495
-0.0075733592
-0.0342715830
0.0168315601
-0.4017528594
-0.1698957831
0.0018178837
-0.0243671164
0.0000781591
-0.0287782475
0.0270124413
0.0555175766
0.0433842689
0.0050729155
-0.0566852391
-0.0626758337
0.0741427317
0.4097826481
0.1920220107
0.0296009462
-0.0748847499
0.0531135760
0.0087508773
-0.0273206290
0.0578158461
-0.0016629302
-0.0834272131
-0.0352547206
0.0817483738
-0.0392781533
0.0084511070
-0.0262178481
-0.0243885703
0.1081549525
0.0813014582
-0.0024841856
-0.0359388925
0.0846926123
-0.0209149253
-0.0038005793
-0.0030119766
0.1348195225
-0.0318605825
0.0052917665
-0.0655078739
-0.0393226780
-0.0876003578
-0.0096924938
0.0899911374
-0.0296227690
0.1594423801
0.2217409462
0.1312165856
-0.0188375451
-0.0076361266
-0.0074810637
-0.0094084376
0.0324914604
-0.0256659556
-0.0332306102
0.0037045283
0.0617603064
0.3429838717
0.1482261568
0.0098092342
-0.0064677964
-0.0292180050
0.0176537763
-0.4158843160
-0.1747830957
0.0012249111
-0.0227176249
0.0003562163
-0.0307794753
0.0268032253
0.0547902025
0.0438287631
0.0041959337
-0.0677555799
-0.0642185956
0.0781191066
0.4166906178
0.2027930766
0.0338953398
-0.0136479754
-0.0643713027
-0.0129173845
-0.0111793391
0.0648144037
-0.1842970848
-0.2803078592
0.0544431321
0.0180012472
-0.0062146634
-0.1568003595
-0.0658456907
-0.0465190969
0.0133166118
-0.0011336742
-0.0454826318
-0.0040986622
-0.0243440084
0.0132263480
-0.0428363867
-0.0047366777
0.0447073355
-0.0081536314
-0.0224504117
0.0528863296
-0.0568923429
0.0407177545
0.0585152768
-0.0128016416
-0.0120824734
-0.2890732884
-0.0527550317
-0.1674866527
0.0141319372
0.0505595505
0.0405054055
-0.0219027083
0.0341923870
0.0143824453
0.0464079715
0.0349051654
0.0051565962
-0.0092691286
0.0008605195
0.0295381956
-0.0200879760
-0.2347099036
-0.0284861568
0.0728272200
-0.0397930332
0.0398700498
-0.1209846139
-0.0082911737
-0.0049241013
-0.0096126283
0.0395319127
0.0086274296
0.0280578248
0.2089986950
-0.0220343638
0.0132829128
0.0960834101
-0.0485870577
-0.0531371869
-0.0155171743
-0.0624409206
-0.0332522318
0.0155694857
-0.0266875792
0.0674258024
-0.0161337536
0.0670905933
0.0241069067
-0.0783578008
-0.0137987407
0.0269895792
0.0605241768
0.0337950438
0.0034792526
-0.0180468950
-0.0032227463
-0.0367821306
-0.0334202871
0.0054812534
-0.0046511563
-0.0393132158
-0.0414627343
-0.0412223302
0.0072587258
-0.0438544080
0.0727305189
-0.0587620735
-0.0225241315
0.0188725293
-0.0185247585
-0.5237067342
-0.1538550407
0.0239689033
0.0194591545
0.0335999168
-0.0233749822
0.0308439862
0.0797199979
0.0013377055
0.0981411636
-0.0026580694
-0.2835452557
0.0071526980
-0.0176297780
-0.0314059444
0.1246017069
-0.0492786244
0.3822889924
-0.0421910137
0.0194308162
-0.0572362207
0.0143432068
-0.0219277125
-0.0000452283
0.0605340600
0.0180058312
0.0775538012
-0.2144994736
0.0109245069
0.0224891175
0.5450044274
0.0223081019
0.1053366810
-0.0136209149
-0.0734322518
0.0070320731
0.0067213899
0.0767337158
0.0591243207
-0.1708374768
0.1267494261
-0.0202677585
-0.1167011857
-0.0133338096
0.0767611265
0.0283994116
0.0125711178
-0.0140668638
-0.0139788557
-0.0010203909
-0.0311682504
-0.0339679345
0.0161249153
0.0075697843
-0.1425247341
-0.0296136569
-0.0393517502
0.0004416512
-0.0930344537
0.0991870761
-0.0487748049
-0.1405794322
-0.0010047831
-0.1670132130
-0.3103750646
-0.2289605737
0.0285828691
0.0160316303
0.0282107275
-0.0581350289
0.0493132435
0.0477666669
0.0152486637
0.0707247108
0.0100203231
-0.0870020688
-0.0164178275
-0.0198566020
-0.0494121574
0.0320583247
0.0798598230
0.3023381233
0.0064569260
0.0021291473
-0.0562758036
0.0036379739
-0.0277915001
0.0046655810
0.0506941788
0.0075281383
0.0543730929
-0.0682956055
-0.0006076616
0.1341782212
0.3251369298
-0.0123735638
0.0535525568
-0.0456877351
-0.0793900862
-0.0801323801
0.0198734868
0.1388499290
-0.0051475540
-0.1521984488
0.0266325474
0.0039809910
-0.1169827133
-0.1216385961
-0.0949458182
0.0038342825
0.0423496999
0.0277040116
-0.0497946665
0.0429496132
-0.0153308418
-0.0034625051
0.0204644091
-0.0370399319
-0.1991331428
-0.0011307977
-0.0552122705
0.0991720557
-0.1281872094
0.0608531013
-0.0812632740
-0.1085828990
0.0335918553
-0.0884068385
-0.4716366529
-0.4626849890
0.0408035815
0.0107844612
0.0181460455
0.0054014996
-0.0211785268
0.1279729009
0.0238847621
0.0827248171
-0.0146390535
-0.2633966208
0.0584999733
-0.0110545652
-0.0236523580
-0.0195511077
-0.0446512662
0.2429307550
0.1158581823
0.0188166089
0.0188059937
0.0037609139
-0.0396366864
0.0068048448
0.0468235239
-0.0016198371
0.1083459109
-0.6367312074
-0.0133536942
0.0820240155
0.4919021130
-0.0360564850
-0.0195423160
-0.0136527102
-0.0511295460
-0.0360482782
-0.0126485238
-0.0817239583
0.0969883278
-0.0485429615
0.0949793831
0.0236560013
-0.0278065577
-0.0731976107
0.0552486926
0.0462127253
0.0214538500
0.0009566316
-0.0153380251
-0.0116567407
-0.0188346449
-0.0320029445
0.0026422709
0.0039024879
-0.0959406793
-0.0488669984
-0.0346024372
-0.0511691682
-0.0056008399
0.0802244097
-0.0602522567
0.0192487128
0.0003547421
0.0027495639
-0.3046126962
-0.2416663021
0.0285799354
0.0079826340
0.0254627559
-0.0741100460
-0.0024784801
0.0282789748
0.0045391023
0.0226826426
0.0160473883
-0.1236909851
-0.0000500557
-0.0124222999
-0.0368229225
-0.0459407903
-0.0495913550
0.2719117403
-0.1708475947
0.0086826282
-0.0783907175
0.0241392776
-0.0160863120
0.0074862419
0.0613075346
0.0193932168
0.0566242337
-0.0081289457
0.0161131043
0.0972019583
0.3595873415
0.0417885631
0.0504190773
-0.0237972103
-0.0553987063
-0.0457126759
0.0067060697
0.0550473072
0.0379512571
-0.1584649384
0.0220721811
-0.0432077684
-0.0718327761
-0.0522169955
0.0504225828
0.0202874858
0.0164613966
-0.0044774227
-0.0291823689
0.0149582140
-0.0122261010
-0.0061564175
-0.0053351899
0.0012594465
-0.1820318848
-0.0311248954
-0.0222628098
0.0144729633
-0.0401210822
0.0341712907
-0.0316862427
-0.0666755512
-0.0004583737
-0.0569989309
-0.1613534093
-0.3648222983
0.0273044053
0.0065398719
0.0229964647
-0.0164174922
0.0037503848
0.0822054744
0.0114823058
0.0473652780
0.0106335059
0.0390984453
-0.0046561817
-0.0005931741
-0.0271497965
-0.1227901131
-0.0347625688
0.2887873054
-0.0845633671
0.0169079322
-0.0524473228
0.0025026009
-0.0217140075
0.0129468972
0.0293760952
0.0023383428
0.0440947078
-0.0557673834
-0.0012483337
0.0653565750
0.2218634784
-0.0110823410
-0.0198329296
-0.0373181626
-0.0536650121
0.0131907398
-0.0300810747
0.1296091080
-0.1040337309
-0.1993578225
0.1744924635
0.1310687065
-0.1061366051
-0.1259182096
-0.0120695336
-0.0607101582
0.0113004949
-0.0213895049
-0.0260561686
0.0076459702
-0.0100146169
-0.0244946685
0.0136158774
0.0229775906
-0.0001798788
-0.0724048838
-0.0138500249
-0.0773725510
0.0092940098
0.1146501228
-0.0775289610
-0.0754609406
-0.0179229453
-0.2936660647
0.0416652486
-0.4606101811
0.0182342194
0.0153723881
0.0067826919
-0.0713700131
-0.0063873781
0.0443045832
0.0043913270
0.0272194464
0.0192913152
0.0510294996
-0.0740075186
-0.0125670582
-0.0287981946
-0.2239204794
-0.0382936783
0.1310086846
-0.1569403410
0.0210334044
-0.1278222799
-0.0011455260
-0.0265113525
0.0124145821
0.0337826461
-0.0004277824
0.0243502986
-0.0728322566
-0.0216068253
0.0824110210
0.0949618816
-0.0073180338
-0.0454492830
-0.0360903181
-0.0366403274
-0.0747858807
-0.0141581837
0.0201705582
-0.1080329120
-0.0690509900
0.1566469818
0.0790532976
0.0023919404
0.0194519199
-0.0705653578
-0.0069701988
0.0263364390
-0.0068876641
-0.0112749925
-0.0105413124
0.0007596423
-0.0213249549
-0.0057532797
0.0354082510
0.2071408033
-0.0614420846
0.0023551865
-0.1142401472
0.0512406901
0.0508322157
-0.1256816387
-0.0650613755
-0.0166118033
-0.2738393843
-0.0272796415
-0.6342130899
0.0279413424
0.0069647697
0.0113112060
-0.0881207585
-0.0234779771
0.1468798518
0.0114163533
-0.0053785001
0.0287502613
-0.0928450599
0.0351757370
0.0009734423
-0.0443415605
-0.2169902623
-0.2208331823
0.0504835956
-0.0385748111
0.0103362994
-0.1725440621
0.0020854459
-0.0279853698
0.0042455392
0.0006276364
0.0026963281
0.0098591456
-0.4205112457
-0.0148442565
0.1540198624
0.2614041865
0.0636280477
0.0951910615
0.0212297048
0.0998260453
-0.2786786854
-0.0720320493
-0.2687200606
-0.8133111000
-0.3642258644
0.0830431953
0.5339073539
-0.0446341448
0.2463043630
-0.1945705414
0.2375233173
0.0568749048
0.0116874771
-0.0682180151
-0.0052229497
0.0645360872
0.0881453454
-0.0901265964
-0.1265220344
1.9375131130
-0.1933231354
0.0277124159
-0.2074394375
0.2794566751
-0.2633950114
-0.1984708011
0.1882872581
-0.0466609150
-0.8762901425
0.6529998183
-2.0242631435
0.0551175810
0.0069137975
0.0397440940
-0.1533940881
-0.0485040732
0.1052892357
-0.0883254856
-0.2852990031
0.0333135016
-0.6508591175
0.4271862805
0.0744883120
0.0478940606
-0.0987783521
-0.1408255100
-0.7898736596
0.6474092603
0.0647507235
-0.4628551006
-0.0547059476
0.0172867496
0.0544384718
-0.3288561702
-0.0338229761
0.0307727829
-1.2256940603
0.0888283327
-0.4719312489
0.3620620370
0.1515597850
-0.0363471471
-0.0915142372
0.0621887036
0.0046769017
-0.0332806446
0.0465626977
-0.0119959293
-0.0421035439
-0.0406315178
0.1138092205
-0.0294387937
-0.0153717380
-0.0396934785
-0.0391265973
0.1260462999
0.1023028567
-0.0010710761
-0.0419454649
0.0985194892
-0.0289979540
-0.0002890312
-0.0080520669
0.1737199277
-0.0369078331
0.0044543748
-0.0427296720
-0.0420237407
-0.1162508726
-0.0127117140
0.1154562011
-0.0304115079
0.1595581025
0.2328119874
0.1954207271
-0.0216532797
-0.0123905549
-0.0134048210
-0.0061093923
0.0359024704
0.0002795619
-0.0420708768
0.0085601555
0.0677734688
0.3262459934
0.1657628268
0.0061032292
-0.0104343183
-0.0010264836
0.0338800661
-0.5302228332
-0.1513387859
-0.0052532651
-0.0167149547
-0.0000746857
-0.0276782792
0.0298093259
0.0611812286
0.0494538024
0.0062018968
-0.1268773824
-0.0680130199
0.0693052113
0.4941072762
0.2112911195
0.0359896533
-0.0878658667
0.0622169897
0.0076179085
-0.0313145146
0.0551903062
-0.0123521015
-0.0535215288
-0.0376730859
0.1080041453
-0.0326959230
-0.0004258622
-0.0331894420
-0.0368327349
0.1237379685
0.0980573222
-0.0007467166
-0.0408009067
0.0957160294
-0.0276919827
-0.0009250316
-0.0071398499
0.1761002243
-0.0347200446
0.0060253609
-0.0453609079
-0.0429004394
-0.1085988879
-0.0115148574
0.1107624099
-0.0306177586
0.1630555689
0.2325596362
0.1907410324
-0.0221957583
-0.0112387696
-0.0127611868
-0.0055666743
0.0357834697
-0.0088346321
-0.0418671630
0.0095708892
0.0669272393
0.3291422129
0.1640282124
0.0068074060
-0.0088067129
-0.0076025473
0.0284287427
-0.5114997625
-0.1610023081
-0.0037876093
-0.0174688473
0.0005050149
-0.0294743665
0.0290519986
0.0588643961
0.0480026454
0.0053540845
-0.1159297079
-0.0667569637
0.0738834217
0.4793908596
0.2136697620
0.0372338705
-0.0818028599
0.0558487177
0.0071056881
-0.0293878373
0.0463683493
-0.0037589984
-0.0660759062
-0.0344076529
0.0931486785
-0.0339044705
-0.0072570979
-0.0278125536
-0.0348276012
0.1147383302
0.0881963074
-0.0020364719
-0.0380945653
0.0868583545
-0.0257347953
-0.0030845967
-0.0058456603
0.1387746632
-0.0327990167
0.0053484915
-0.0491830558
-0.0364548899
-0.1007868946
-0.0097085712
0.1022260413
-0.0294334590
0.1430157274
0.2244493365
0.1559013426
-0.0195690524
-0.0094268816
-0.0104056420
-0.0034607046
0.0345316157
-0.0091873733
-0.0398305692
0.0097818999
0.0644099265
0.3309074938
0.1526695639
0.0081147840
-0.0089503191
-0.0235437602
0.0292087402
-0.4560659230
-0.1618016809
-0.0013567148
-0.0239921343
0.0003248787
-0.0269639231
0.0287962779
0.0584566183
0.0438997969
0.0049363165
-0.0793541446
-0.0630128309
0.0770108476
0.4432001114
0.2009907067
0.0296223927
-0.0767704844
0.0529754199
0.0071247886
-0.0278173834
0.0504822731
0.0007737402
-0.0791971684
-0.0305623841
0.0805448666
-0.0365138575
0.0019334131
-0.0211957693
-0.0348808616
0.1087602377
0.0814490765
-0.0025378193
-0.0355872735
0.0813923106
-0.0243030004
-0.0045078807
-0.0053044045
0.1244193614
-0.0304071102
0.0050311736
-0.0537244491
-0.0344343297
-0.0901392475
-0.0094399732
0.0944853649
-0.0285821985
0.1394637972
0.2213304639
0.1379905641
-0.0177235305
-0.0083772121
-0.0076131369
-0.0036738014
0.0327348523
-0.0151204718
-0.0374965221
0.0097780079
0.0636137798
0.3352140188
0.1463591456
0.0093321139
-0.0087976968
-0.0365970209
0.0255222283
-0.4166442156
-0.1705038697
0.0001259154
-0.0268356930
0.0010148821
-0.0272629503
0.0289390627
0.0560874864
0.0418247133
0.0054923892
-0.0550220348
-0.0602028370
0.0817198455
0.4168573320
0.1975565702
0.0270469226
-0.0760095045
0.0552357174
0.0097577823
-0.0265283044
0.0520959534
0.0030493320
-0.0801199526
-0.0322776400
0.0818166882
-0.0375472493
0.0065065701
-0.0232211556
-0.0344071463
0.1094266251
0.0811249688
-0.0020809439
-0.0359853916
0.0809618831
-0.0245732050
-0.0043663434
-0.0043215202
0.1274112761
-0.0298003238
0.0061049024
-0.0535134040
-0.0354080051
-0.0911145508
-0.0092197061
0.0960349441
-0.0287808683
0.1464029402
0.2265258878
0.1443482041
-0.0184443481
-0.0081577823
-0.0085582370
-0.0028692426
0.0332086012
-0.0171713419
-0.0377731435
0.0101894531
0.0644700453
0.3373434246
0.1478082538
0.0104341879
-0.0078884223
-0.0355542377
0.0275919903
-0.4213964939
-0.1739265025
0.0001078872
-0.0273709316
0.0013478217
-0.0283156764
0.0285336506
0.0556797870
0.0410476029
0.0040982175
-0.0553701743
-0.0610732138
0.0863043219
0.4167132676
0.2027796209
0.0284798071
0.0047086654
-0.0827441588
0.0066823550
0.0118569769
0.2537595630
0.0704070628
-0.2911207378
0.0203485247
-0.1204313263
-0.0832131505
-0.0538880751
0.0419768058
-0.0854043663
0.0026574705
-0.0268221609
-0.0298554860
-0.0006695034
-0.0524216965
0.0130714532
-0.0294303391
-0.0333738029
-0.1581674963
-0.0159925949
-0.0564767867
0.1793321222
-0.1771033257
0.0575782470
-0.0177427456
-0.2142233402
-0.0047642477
-0.1591346711
-0.2369994372
-0.2155994773
0.0362310037
0.0359668322
0.0345169678
-0.0801828057
0.1233412996
0.1814309210
0.0541997813
0.1153650582
-0.0083143339
-0.0341692045
-0.0476098135
-0.0042091305
-0.0300073102
-0.0119236717
-0.0032700880
0.2988898456
0.0543256551
0.0135957142
-0.0495487489
-0.0130565679
-0.0046942444
-0.0000565425
0.1053336337
0.0096963570
0.0662156120
-0.0515676588
-0.0034898052
0.0042470377
0.2186169475
-0.1062834784
-0.0210633762
-0.0115610659
-0.0711048990
-0.0079953820
0.0120113762
0.0436704531
0.0048771016
-0.0877502337
0.1484192908
0.0857307762
-0.1368311495
-0.0203157626
0.0947622284
0.1155176163
0.0180542916
-0.0080930581
-0.0085161580
-0.0027476824
-0.0519793406
-0.0375867039
0.0209967531
-0.0071642934
0.0249566883
-0.0762019679
-0.0424143299
-0.0491891429
-0.1246752143
0.1011875048
-0.0700024739
-0.1019176096
0.0116091454
-0.1408968121
-0.5325112343
-0.0510094725
0.0172095336
0.0270965490
0.0288896766
-0.0331378840
0.0500400588
0.0581358969
0.0047805929
0.1032630950
0.0070382985
-0.2181869894
-0.0228079446
-0.0206154231
-0.0415705182
0.1581782401
0.0653584301
0.4279607832
-0.0419711694
0.0195573494
-0.1051339135
0.0224712547
-0.0147208823
0.0002674288
0.0598913468
0.0149670057
0.0737542287
-0.1244391948
0.0144958897
0.0798694789
0.4908662140
0.0333464704
0.0904147327
-0.0165451169
-0.0856773555
0.0006664370
0.0282274429
0.1410471052
0.0149172498
-0.1515541375
0.1191646084
0.0592256300
-0.1640772969
-0.0887529776
0.1149709448
0.1120814234
0.0277973022
-0.0101859765
-0.0229719561
0.0039137164
-0.0351037011
-0.0333257988
0.0329521894
-0.0083856760
-0.0752232000
-0.0365690142
-0.0371593460
0.0730856806
-0.1457465142
0.1490081102
-0.0607715137
-0.1446934640
0.0143610742
-0.1903879791
-0.4709162116
-0.1256098896
0.0279932022
0.0320555158
0.0212712735
-0.0371102095
0.0624537207
0.1175308079
0.0509131178
0.1068545580
-0.0018551422
-0.1951013207
0.0073578539
-0.0235576499
-0.0358880013
0.0932602435
0.1193213090
0.4041831791
-0.0049285903
0.0154768266
-0.0073640957
-0.0074433908
-0.0248017516
0.0074653951
0.0790510997
-0.0014826457
0.0718518049
-0.1387842447
-0.0051962659
0.0690378398
0.4264751077
-0.0195283890
0.0482203290
-0.0142162163
-0.0560004488
-0.0459694378
-0.0022261620
-0.0223974884
0.0462957844
-0.1166774556
0.0877382457
-0.0122642899
-0.0568869375
-0.0476419851
0.0335571654
0.0415673889
0.0242413543
-0.0011672879
-0.0249939729
0.0009269023
-0.0221752264
-0.0230286699
-0.0008849209
-0.0065232655
-0.0960025862
-0.0372043997
-0.0321888775
-0.0550341010
-0.0155470697
0.0459908769
-0.0279574525
-0.0003164139
0.0061095092
-0.0480516367
-0.3201536536
-0.2063015103
0.0263687596
0.0123941973
0.0297468230
-0.0094839754
0.0126965186
0.0134600597
-0.0071521867
0.0551933609
0.0115318010
-0.0996313021
0.0091846948
-0.0056242179
-0.0281232633
-0.0354745798
-0.0207242966
0.3006199598
-0.0860040709
0.0239642337
-0.0738003403
0.0127719566
-0.0135457842
0.0109931510
0.0502478741
0.0057449462
0.0555020347
0.0144555252
0.0058971015
0.0543862507
0.3609372377
0.0360684246
0.0381179638
-0.0054735956
-0.0388004892
-0.0628515631
-0.0081953360
-0.0899041519
0.0338608250
-0.0399538800
0.0563054718
-0.0672787279
-0.0282768160
-0.0518792197
0.0006722537
-0.0049084779
0.0124801435
-0.0121257529
-0.0281104054
0.0023808011
-0.0204990990
-0.0028278811
-0.0178931057
-0.0083486522
-0.1655059457
-0.0244781449
-0.0258576628
-0.0746437684
0.0452551693
0.0434077196
-0.0224508364
0.0664536357
-0.0004843992
0.0367298946
-0.1768636554
-0.2064249814
0.0264642686
0.0157115944
0.0292368438
0.0038262906
0.0082636336
-0.0116590550
-0.0112138307
0.0083179381
0.0196842179
0.0614308305
0.0024722863
0.0079936646
-0.0163270105
-0.0971048623
-0.0874980092
0.3211097717
-0.1912511140
0.0279391650
-0.0576349534
0.0076035815
-0.0083577400
0.0240874831
0.0464399867
0.0002735856
0.0406495854
0.1330763102
0.0113270031
0.0647760332
0.2001231611
0.0394701883
0.0162196588
-0.0097109498
-0.0441997349
-0.0734808147
-0.0014422711
0.0766221955
-0.0512006097
-0.1096153706
0.0613410696
0.0155691551
-0.0956288278
-0.0770102069
0.0480875112
0.0625916496
0.0062864069
-0.0159146488
-0.0231531784
0.0134675317
-0.0343952775
-0.0001598679
-0.0115742180
-0.0227913186
-0.0707132891
-0.0766850635
-0.0393070355
-0.0623140521
-0.0054170643
0.0227894969
-0.0494311340
-0.0279020146
0.0012037416
-0.0562848672
-0.2513437867
-0.1703024507
0.0254630633
0.0174564663
0.0207478628
-0.0067246505
0.0272161439
0.0301933736
-0.0140560623
0.0659744516
0.0156419799
0.0735378414
-0.0428345613
0.0071872664
-0.0136214457
-0.0170826260
-0.0636831820
0.4248354733
-0.1639424860
0.0283228587
-0.1161350608
0.0184144601
-0.0013735978
0.0177832786
0.0464449488
0.0015389008
0.0457044840
-0.0028567761
0.0171508733
0.0003424236
0.2313936651
0.0216031354
0.0399171039
-0.0155212609
-0.0365974903
-0.0708918199
-0.0127508044
0.0438733064
-0.0141149787
-0.0842489824
0.0577186793
-0.0375803411
-0.0183438528
-0.0591657162
0.0676255226
-0.0402885415
0.0144135272
-0.0076937038
-0.0324017853
0.0031712276
-0.0243451204
0.0045245741
-0.0266367923
0.0096435528
-0.0388133787
0.0061176810
-0.0198017824
-0.0626619086
0.0165938158
-0.0181661267
0.0362739787
0.0320658907
-0.0010227322
-0.0923137143
-0.1925204545
-0.0536581203
0.0175653175
0.0091133676
0.0223982073
-0.0133735491
0.0003599756
-0.0661784783
0.0389912538
0.0491143391
0.0207449161
0.0436287746
0.0008530937
0.0150393778
-0.0173025355
-0.1780036241
-0.1747181714
0.2394600660
-0.0611817390
0.0305524301
-0.1564598233
0.0177949443
0.0019965377
0.0147097204
0.0256255716
-0.0049789483
0.0282152668
0.2198976725
0.0025560623
-0.0040263548
0.1828622222
0.0145529080
-0.0305331778
-0.0099760219
-0.0502494983
-0.0433980264
-0.0043513449
0.0043102340
0.0435722843
-0.1088811010
0.0644833148
-0.0391186029
-0.0594413467
-0.0623962581
0.0427975915
-0.0009519530
0.0135042435
-0.0166977625
-0.0245045330
0.0012792669
-0.0272397324
-0.0107853403
-0.0120184384
-0.0049630585
-0.1622873843
-0.0180398002
-0.0373917706
-0.0346930511
-0.0025521158
0.0670922995
-0.0260332394
-0.0136626353
-0.0001070555
-0.0639107302
-0.2266875058
-0.1926789433
0.0246673208
0.0163575355
0.0267160721
-0.0347500779
0.0204436816
0.0131574105
0.0070188777
0.0532526486
0.0142455958
0.0212866273
-0.0024907968
-0.0034887171
-0.0271859467
-0.0726797208
-0.0515063964
0.3244391382
-0.1173879579
0.0171285346
-0.0667361990
0.0107743805
-0.0059047141
0.0154453646
0.0664994642
0.0045645824
0.0472156890
0.0759049207
0.0069336537
0.0683280528
0.2502943873
0.0218935106
0.0178591311
-0.0080145691
-0.0438191295
-0.0363658033
-0.0131469471
-0.0194569752
0.0169193484
-0.1723392457
0.0396111086
-0.0697038695
-0.0282366406
-0.0478740148
0.0496162884
-0.0099477805
0.0067590117
-0.0165442396
-0.0289558563
-0.0026279918
-0.0178703498
-0.0006046992
-0.0252940208
-0.0020890273
-0.1743968129
-0.0093478002
-0.0276952982
-0.0523046702
0.0159074366
0.0616975687
-0.0123837823
-0.0166012663
-0.0093732737
-0.1002129987
-0.0488993861
-0.2633377314
0.0232657306
0.0171525385
0.0279201288
-0.0305476338
0.0079017803
-0.0157833397
0.0044036028
0.0125757530
0.0226213485
0.1707013100
0.0055442103
0.0107408445
-0.0223850533
-0.1722358465
-0.0689682737
0.2659236789
-0.1637431085
0.0233868770
-0.0684088618
0.0064517236
-0.0043241875
0.0182630699
0.0671054944
0.0081965299
0.0286757536
0.1923352033
-0.0019214436
0.0819413513
0.1066701561
0.0110374903
-0.0166117810
-0.1053108126
-0.0331385545
-0.0005004428
-0.1266655624
0.0515477993
-0.8207399249
-0.1263688654
0.4024518728
1.2701542377
-0.0482636653
-0.2474774867
-0.2688451707
-0.4543469846
-0.0108684301
0.0248629004
0.0237739217
-0.0027807239
-0.0015831328
-0.0812054500
0.0592981130
0.0359808765
1.1896657944
-0.3305583596
0.1067617163
-0.0988120064
-0.0155929299
0.0740656480
-0.1879741997
0.0561748445
-0.0060715508
-1.2401921749
0.2820690274
-0.8828314543
0.0087701213
-0.0124304444
-0.0221312996
-0.0819726661
-0.0646896958
-0.1123813093
0.1044632941
0.0181510132
0.0834839195
-0.7713576555
-0.0800199136
0.0129618701
0.0006116057
-0.2899512649
-0.3818308413
-0.6280226707
-0.1492782533
0.0798164681
-0.7853616476
-0.0005727017
-0.0692960545
0.0106235789
-0.1263246089
0.0276092459
0.0155171826
-0.8232626915
-0.0333712213
-0.1194696426
0.2203852236
-0.0912332386
-0.1678004712
-0.0286285188
-0.0360661000
-0.0799181387
-0.0160309467
-0.2343846560
-0.3279576898
-0.0747529566
0.0830363333
0.0498627275
0.0937905312
0.0158621483
-0.0689212009
-0.0420839526
0.0464411378
0.0169163235
-0.0397007130
0.0045400034
0.0080172392
0.0067401929
-0.0100284051
0.0499663353
0.1730938405
-0.0269122981
0.0053780153
0.0781411454
-0.0017143793
0.0145888245
-0.2157651931
-0.0030809375
-0.0202049688
-0.2416701764
0.0050209323
-0.4752441645
0.0188150164
-0.0014150268
0.0114355655
-0.0168999359
-0.1133787706
0.1054390296
0.0877407640
-0.0307362862
0.0075069671
-0.1900399327
0.0796714798
-0.0056656995
-0.0379493944
-0.1516675055
-0.2218605280
-0.0339585952
-0.3083328605
0.0280087627
-0.2687004507
0.0249351822
-0.0062257065
0.0078209257
-0.0123428963
-0.0202077627
0.0054353019
-0.2724567354
0.0053805388
0.3350236714
0.1819184870
0.0008475248
0.0813366622
0.0124594830
0.0925135463
-0.2483998686
-0.0594304912
-0.3288303316
-0.8339286447
-0.5686357021
-0.0021731067
0.6089218259
-0.0930989906
0.4450990856
-0.1480286121
0.1792992204
0.0557189099
-0.0126781380
-0.0648527369
-0.0065317028
0.0469362177
0.0873322561
-0.0848140493
-0.1225822046
1.8733770847
-0.0352471806
0.0143398568
-0.1642481387
0.1616122127
-0.3040965199
-0.2250184715
0.0487243943
-0.0563763641
-0.8293571472
0.7086494565
-2.2479205132
0.0416946113
0.0077265748
0.0328480937
-0.1101841852
-0.0483586155
-0.0419330746
-0.0810632780
-0.2997242510
0.0216242615
-0.7736002803
0.5109183788
0.0488228425
0.0703325644
0.1857843399
-0.0832709745
-0.7594668865
0.5529302359
0.0527711660
-0.2779350877
-0.0637844130
0.0411431193
0.0748036876
-0.3300372660
-0.0410003029
0.0324229859
-1.4191508293
0.1120816916
-0.3914197683
0.2988672256
0.0721542239
-0.1918153167
-0.0824624002
0.0575434715
0.0170984697
-0.0239469893
-0.0232533999
0.0341412574
-0.0386852138
-0.0536543205
0.1167764217
-0.0313280225
-0.0852998048
-0.0473535731
-0.0209586583
0.1114263386
0.0842970684
-0.0005356783
-0.0401708186
0.0762525946
-0.0326043479
-0.0026471708
-0.0007426221
0.0773560703
-0.0378908291
0.0071504507
-0.0315996408
-0.0203884151
-0.1393652707
-0.0052062995
0.1187841669
-0.0292374026
0.1017799973
0.2450829297
0.1267132163
-0.0181722306
-0.0099191992
-0.0165346153
0.0124563389
0.0384313278
0.0188202430
-0.0483239479
0.0112893302
0.0681469887
0.3030582070
0.1588436663
0.0129652880
-0.0097265048
-0.0159628280
0.0746885389
-0.4809903800
-0.1334816068
-0.0030961889
-0.0369826145
-0.0010597002
-0.0162987262
0.0301087238
0.0682026148
0.0342623815
-0.0015013750
-0.0669052750
-0.0603994727
0.0865662470
0.4465966225
0.1993203312
0.0182467159
-0.0742468983
0.0537337288
0.0108698988
-0.0252675936
0.0378793888
0.0120765418
-0.0808571726
-0.0302095599
0.0799368694
-0.0359081663
-0.0041706036
-0.0219722241
-0.0365644209
0.1070204601
0.0773387998
-0.0027952045
-0.0364319533
0.0746399462
-0.0265433490
-0.0055352477
-0.0037076564
0.1030928865
-0.0286076888
0.0069379904
-0.0468068048
-0.0284485705
-0.0949665457
-0.0062481519
0.0961464196
-0.0283087697
0.1267456263
0.2249440700
0.1312209517
-0.0179491490
-0.0077455323
-0.0104890894
0.0049363207
0.0338523611
-0.0104777841
-0.0419682413
0.0129634058
0.0641739219
0.3296390772
0.1413177848
0.0111408327
-0.0081504686
-0.0414267778
0.0358236805
-0.4066846669
-0.1690518260
0.0014203847
-0.0343678743
0.0010822481
-0.0245167837
0.0286283623
0.0576618798
0.0362472907
0.0015683434
-0.0356905386
-0.0584455766
0.0915648937
0.4044585526
0.1961013824
0.0211361591
0.0177017674
-0.0969024450
-0.0115446616
0.0184691995
0.0784292892
0.1649515480
-0.2879141569
-0.1572688967
0.0064979508
-0.0448008701
-0.0743220970
0.1750280708
-0.1058407724
-0.0125851091
-0.0230011977
-0.0443801768
0.0057549514
-0.0379770808
0.0328735188
-0.0344007052
-0.0542381033
-0.2646502256
-0.0439125896
-0.0840698257
0.2918717563
-0.1953002810
0.1503302157
-0.0532142259
-0.2920953333
0.0007546743
-0.1832568794
-0.2798113823
-0.2918938994
0.0222083349
0.0495746173
0.0440857448
-0.1467112005
0.0554430932
0.0751896799
0.0865347013
0.2036710531
-0.0231180806
-0.1402600706
-0.1439398229
0.0114064235
-0.0132867312
0.1901037544
0.0374415927
0.2679974735
0.1766960472
0.0162963588
-0.0643233210
-0.0115556875
0.0008065752
-0.0092802215
0.0946669206
0.0166876819
0.0864366889
-0.1916082203
0.0066223708
-0.0358132720
0.2686282694
-0.2015753090
-0.1331396252
-0.0087632490
-0.0660562366
-0.0011756357
0.0170414392
-0.1180878207
0.0296938345
-0.0980461687
0.0774681270
-0.0154284770
-0.0994746387
0.0581303872
0.0961207300
0.1166903302
0.0251250323
-0.0201209709
-0.0243492909
0.0023211271
-0.0511990897
-0.0262385923
0.0017763021
-0.0080402270
-0.0133955330
-0.0870159790
-0.0584289134
0.0314060450
-0.0806474388
0.1027200148
-0.1236838773
-0.0476802215
0.0128216892
-0.1243002787
-0.5495792031
-0.1456538588
0.0076763327
0.0403445102
0.0357375666
-0.0217736959
0.0556245781
0.0468266271
-0.0019783103
0.1076474115
-0.0042098369
-0.2296508700
-0.0471107550
-0.0230957102
-0.0299796276
0.1973052621
0.0215419382
0.4387120605
0.0657487363
0.0258816816
-0.0288793333
0.0162392501
-0.0141947316
-0.0040314812
0.0386670902
0.0039623184
0.0920133740
-0.2092048973
0.0092283422
0.1064135730
0.5236658454
0.0107034734
0.1310608983
-0.0044269273
-0.0765686929
0.0144182574
0.0084161479
-0.0718362257
0.0811652914
-0.1101336628
0.1449091733
-0.0806021541
-0.1313290447
-0.0140642822
0.0773854256
-0.0147799188
0.0170047022
-0.0258347690
-0.0247862246
-0.0024957326
-0.0429312438
-0.0369603485
0.0104502374
-0.0071315072
-0.1296930611
-0.0278553814
-0.0624770224
0.0552660786
-0.0973874927
0.1177893430
-0.1213282719
-0.0862537473
0.0021244006
-0.1891881675
-0.4867247641
-0.0790054277
0.0190429538
0.0384023115
0.0331940912
-0.0354145430
0.0686803982
0.0377041921
0.0232589617
0.0868986100
0.0031054681
-0.2005265653
-0.0113116400
-0.0244279783
-0.0424323380
0.1562450975
0.0511477478
0.3475108445
0.0965267271
0.0121004144
0.0237742625
0.0054754606
-0.0263159387
0.0033513608
0.0462404862
-0.0048784879
0.0780954510
-0.1212962270
0.0007898648
0.1509494483
0.4477377534
-0.0136235710
0.1046761051
-0.0119157452
-0.0527905151
-0.0446031466
0.0039280155
-0.0115202609
0.0345529467
-0.0948829427
0.0536200590
-0.0390150584
-0.0636518523
-0.0233958941
0.0322868787
0.0206972156
0.0198800582
-0.0100946613
-0.0279263072
0.0033877580
-0.0283224396
-0.0145126665
-0.0114022121
-0.0113394391
-0.1054657623
-0.0290330574
-0.0367515236
-0.0200418103
-0.0109291906
0.0482342653
-0.0323647745
-0.0138266133
0.0069302944
-0.0376597866
-0.3081657887
-0.2059593052
0.0255539622
0.0187611505
0.0316707343
0.0000896616
0.0243513770
0.0407626033
-0.0059360419
0.0580120459
0.0063913115
-0.0616767071
0.0067270785
-0.0011227257
-0.0221068040
-0.0116270054
-0.0719189718
0.3608551621
-0.0798756704
0.0262056831
-0.0555076525
0.0062892386
-0.0138105480
0.0108888550
0.0484427437
0.0050842948
0.0569112711
-0.0279745609
0.0076979366
0.0277469549
0.3363355696
0.0157624353
0.0522380583
-0.0193502195
-0.0612463690
-0.0268372018
0.0064986460
0.0819555074
0.0444899015
-0.1279838383
0.0957890227
-0.0347065069
-0.0775379539
-0.0006311529
0.0406586453
0.0013151934
0.0176297687
-0.0082601644
-0.0238833353
0.0095237931
-0.0373818837
-0.0180984419
-0.0030251590
-0.0101343282
-0.0512821227
-0.0394785628
-0.0440568738
-0.0248929057
-0.0477743447
0.0462607183
-0.0290896632
-0.0444926843
0.0039832452
-0.0408862159
-0.3520037532
-0.2308178097
0.0254496839
0.0222479086
0.0324338824
-0.0108342022
0.0476679392
0.0729591399
-0.0030349367
0.0658419430
-0.0001665705
-0.1458238363
-0.0180522799
-0.0118451649
-0.0310023241
0.0073351599
-0.0573201105
0.3583916724
-0.0301616881
0.0186694786
-0.0684211552
0.0111166006
-0.0179971196
0.0011643858
0.0514934547
0.0035193381
0.0654260069
-0.0829629600
0.0144684771
0.0388711281
0.3732627928
0.0112319682
0.0622496679
-0.0084225088
-0.0484288335
-0.0618192479
0.0097202286
-0.0049393247
0.0296053365
-0.0902478248
-0.0020190328
-0.0406089164
-0.0544874258
-0.0372945666
0.0678054839
0.0392918549
0.0145193562
-0.0079833232
-0.0317622349
0.0109506557
-0.0152459713
-0.0029593208
-0.0153507134
-0.0161926299
-0.1320243329
0.0084564257
-0.0289859138
0.0119421510
-0.0116180256
0.0389155373
-0.0243216306
-0.0106647369
-0.0006883761
0.0458120145
-0.1768712699
-0.3360869884
0.0273495745
0.0155640002
0.0276972055
0.0123746209
-0.0015488988
0.0735003948
0.0024438256
0.0258957110
0.0088230157
0.0036922609
0.0237874463
0.0083711725
-0.0178535711
-0.1050851047
-0.0707870945
0.3326200247
-0.1570048630
0.0247199778
-0.0153337084
-0.0019689421
-0.0161687918
0.0200157389
0.0542133003
-0.0009468567
0.0508139990
-0.0061843512
0.0181219205
0.0174842831
0.2246257812
0.0153205516
-0.0280165523
0.0382618681
-0.0377549790
-0.0128438333
0.0137541210
-0.0204328764
0.0474629067
-0.0019036580
0.0044826888
0.0629830062
-0.0579272360
-0.0643367991
0.0568478741
0.1648270637
-0.0211556144
-0.0619303472
0.0006221376
-0.0180465393
-0.0369394198
-0.0332013294
-0.0266548302
-0.0186019856
-0.1126550063
0.0159236733
-0.0376335718
-0.0491040908
0.0383032337
0.1886783093
-0.0644463599
0.0002741333
-0.0183137655
0.1526438147
-0.1299621463
-0.4475603700
0.0415273570
-0.0035639040
0.0138680674
-0.1344985217
-0.0088995676
0.1300466061
0.0302163512
-0.0133074047
0.0072750570
0.0456083454
0.0043796222
-0.0132674370
-0.0327601619
-0.0451717041
0.0459998883
0.4175643027
-0.3078123629
-0.0110691320
-0.0179357044
-0.0059197731
-0.0018549397
0.0328256935
0.1640427560
0.0165757984
0.0599236190
-0.1597057134
0.0559531823
0.0344893187
0.1330732405
0.0452147238
-0.0535240583
0.0057228734
-0.0818372518
-0.0398343764
0.0347756483
0.0877501220
0.1279800981
-0.2654938698
-0.1043486074
-0.1599154323
-0.0372915156
0.0621929541
0.0144003360
-0.1208853945
-0.0063429880
-0.0213532038
-0.0269886050
-0.0052829329
-0.0625714809
-0.0161692537
-0.0458123013
0.0163785573
-0.2069598138
-0.0635804087
-0.0464761183
0.2068632394
-0.1003693715
-0.0359951220
-0.0255039018
-0.1405656338
-0.0008138688
-0.1075452119
-0.2464119345
-0.4446486831
0.0461927094
0.0012177674
0.0175782144
-0.0540678762
0.1304714084
0.0180344377
0.0105677182
0.1107075885
-0.0090557486
-0.0448135324
-0.0927870274
0.0190925281
-0.0339599214
0.1491912752
-0.1517838687
0.3499770761
0.2726332545
0.0127868056
-0.0016704983
-0.0009940899
-0.0019725694
0.0059766108
0.0379233137
-0.0119394567
0.0303073730
-0.3009455502
0.0140312323
-0.0300800409
0.2925859094
-0.0717639998
0.0754429996
-0.0902815312
-0.0611741990
0.0515584648
0.0155386906
-0.6205084324
0.2510774732
0.3938411474
-0.2305482179
0.3166985214
-0.1824348867
0.5668395162
0.8210298419
0.2404222637
-0.0524587221
-0.0378307290
-0.0912458301
-0.0255834889
-0.0724971816
-0.0128819188
-0.0113977836
-0.0418520644
0.2131143063
-0.4951268435
-0.1327905506
-0.1527363360
-0.2347721905
0.0717344955
-0.1286412328
-0.0243260693
-0.0963602066
-0.8885962367
-0.4574622214
0.6277704239
-0.0760471821
0.0835209787
0.0931420997
-0.1734873056
0.0334182866
0.0587520115
-0.4144672751
0.4336338937
0.0724506006
0.0598402694
-0.4088387191
-0.0643117502
-0.0695792958
0.4199531674
0.6769662499
-0.1753383130
0.6069467068
0.0387444198
0.0440211967
-0.0119128115
0.0593291745
-0.0607925430
-0.0636070147
0.0612869523
0.1172503456
0.4260741770
-0.0169094484
0.2406137139
0.3490754068
-0.6342199445
0.0481301583
-0.0113936178
-0.0396789312
-0.0747928023
-0.0112468861
-0.0694743395
0.0988202244
-0.0150132831
0.0318525732
-0.0227919556
-0.0023695461
0.0113977399
0.0084319124
-0.0070557366
0.0317661911
0.0044988636
-0.0221715216
-0.0025564909
-0.0073643620
-0.0181846842
-0.0102176312
-0.0152599225
-0.1307721138
-0.0098385578
-0.0310534053
-0.0810524523
0.0378896445
0.0199480020
-0.0057973885
0.0492242090
0.0082928576
0.0822114795
-0.2455020845
-0.2857895195
0.0309715457
0.0100213280
0.0328272544
0.0009956419
-0.0106537221
-0.0069089141
-0.0126997577
0.0007105416
0.0197984502
-0.0834039971
0.0220651664
-0.0011238161
-0.0224077720
-0.0929843411
-0.0578429028
0.2528504431
-0.1651241630
0.0308135711
-0.0961425304
0.0053828973
-0.0109744584
0.0215955153
0.0398645140
0.0080274362
0.0529673658
0.0491214022
0.0139017506
0.0616706945
0.3385521173
0.0744479075
0.0272983722
-0.0108265569
-0.0424546413
-0.0420327596
-0.0144973909
-0.0506847277
0.0588841401
-0.1039984152
0.0460581258
-0.0620749518
-0.0295007583
-0.0084542697
0.0603957847
-0.0127996840
0.0151129533
-0.0074837683
-0.0226154067
-0.0006067798
-0.0148843415
-0.0081748599
-0.0189849641
-0.0029357313
-0.1657047719
-0.0286511611
-0.0238347687
-0.0784231573
0.0087711308
0.0320697241
-0.0050498736
-0.0000388091
-0.0032394456
-0.0586649887
-0.1435215771
-0.1801140606
0.0199054368
0.0127815222
0.0338755623
-0.0021940335
0.0020079501
-0.0169976521
-0.0100381002
0.0157998912
0.0216084439
0.0842019543
0.0098579321
0.0045197825
-0.0238002297
-0.1319785416
-0.0212096982
0.2495711744
-0.1336701214
0.0305503700
-0.0890385807
0.0107201645
-0.0074713849
0.0174691901
0.0315780751
0.0093436092
0.0355192497
0.2107136846
0.0009547481
0.0915123150
0.2012846917
0.0222259481
-0.0002230076
-0.0220385138
-0.0475530550
-0.0279069841
-0.0026585662
0.0438129678
-0.1821223348
-0.2246641219
0.1034819111
0.0551758520
-0.0440511703
-0.0578295775
-0.0569315515
-0.0402737558
0.0044169473
-0.0079849996
-0.0350687988
-0.0213276371
-0.0185278300
-0.0189537033
-0.0235070586
0.0143374214
0.1368093640
-0.0464266427
0.0035193192
-0.1298756152
0.0239078719
0.0119792726
0.0010578108
0.0092452029
-0.0233042892
-0.1959276646
0.0287530683
-0.3228688836
0.0254031867
0.0136725074
0.0328740813
0.0399452373
0.0186681561
0.0021230953
-0.0132932663
-0.0560834259
0.0220393743
0.1668204516
0.0307522640
0.0290138200
-0.0192675889
-0.1297989935
-0.0675431788
0.2451201677
-0.2478263229
0.0375062600
-0.2002707720
-0.0316051729
-0.0211473256
0.0199103765
-0.0215650313
-0.0065636137
-0.0133173726
0.1114293560
-0.0106155751
0.0043945964
0.0405298322
0.0432054847
0.1135315895
-0.0017557434
0.0785159618
-0.2210574448
-0.0769779086
-0.2937764227
-0.9639624357
-0.7000160813
-0.0046743113
0.5791363120
-0.1018671542
0.4781184494
-0.2386892438
0.0523285978
0.0521118976
-0.0321239680
-0.0638741553
-0.0166467298
0.0403230451
0.0372134782
-0.0437611789
-0.0910148025
1.8622874022
0.0190033503
0.0070955488
-0.1854770184
0.0539322384
-0.1533775032
-0.2979599535
0.0409811251
-0.0532505848
-0.8771362305
0.7492104769
-2.3282332420
0.0419559106
-0.0009613106
0.0247137565
-0.0666729063
-0.0951672494
-0.1753568202
-0.0314953066
-0.2591283917
0.0054465309
-0.9926354885
0.4244319797
0.0254358221
0.0696970895
0.2947658002
-0.1283655465
-0.8390784264
0.4694593251
0.0597427674
-0.1952410638
-0.0674273893
0.0497740544
0.0957233682
-0.2388103902
-0.0517239906
0.0361802727
-1.3456041813
0.1074899286
-0.3051334620
0.2558099926
-0.0033336685
-0.2436825782
-0.1012662798
0.0665926933
0.1260680109
0.0012073711
-0.7059277296
0.2484955341
0.3448594213
-0.2738079727
0.4136670828
0.0046649347
-0.9973690510
-0.3380446732
0.2251310050
0.0998234302
0.0934685469
0.0028563766
-0.0732855573
0.0459810607
-0.0729451030
0.0066522458
0.0521853678
-0.3520298600
-0.0973040015
0.0260327477
0.0796523616
0.0790021867
-0.5045892596
0.0239715669
0.3161159456
-0.0518427305
-0.2554391623
0.4721496999
-0.1215625852
0.0064605665
-0.0145910531
-0.0753351226
0.0699928403
0.0954887941
0.3161231875
-0.0688648969
-0.0375134386
0.0933775231
0.0280989893
0.3119554818
0.0638672858
-0.0225397721
0.2108774781
0.4935427010
-0.9819218516
0.2457667142
-0.0323666818
-0.0692842826
-0.0073526613
0.0587324575
0.0224203300
0.1422357261
-0.0182117969
-0.0570626222
-0.1358683705
-0.0661220700
0.0879113823
0.6559550166
0.2010650337
-0.0136137847
0.0165116712
-0.0911681578
-0.0072490373
0.0135030653
0.1108056083
0.0221896227
-0.2765044868
-0.0422565006
-0.0695398077
-0.0279425364
-0.0851411149
0.0814830810
-0.1253499091
-0.0041538267
-0.0246542152
-0.0318374448
0.0005238826
-0.0302328262
0.0111141503
-0.0239581596
-0.0278940219
-0.2530243099
0.0341662876
-0.0371685363
0.1781935841
-0.1937010288
0.1121750250
0.0163029600
-0.2479330152
-0.0130352778
-0.1743997037
-0.1900225580
-0.0386138149
0.0277677961
0.0311584491
0.0381498449
-0.0553873256
0.0560155250
0.0176876839
0.0697864220
0.1298427880
-0.0001405788
-0.0034898540
-0.0526793748
0.0080848206
-0.0225943048
0.0302096847
0.0388129726
0.2211562246
0.0183739997
0.0278199539
-0.0127923200
-0.0178565495
0.0001142767
0.0045343493
0.0965946689
0.0075452235
0.0493310839
0.1361432672
-0.0080980398
0.0424863435
0.1457605362
-0.1471303105
-0.1213457733
-0.0026972119
-0.0415771157
-0.0273445081
0.0040094904
-0.1516939253
0.0816711485
0.0593750402
0.0138667142
-0.0061074062
-0.0300050210
-0.0174639560
-0.0087917726
0.0324318185
0.0324639082
-0.0089002531
-0.0283986330
-0.0003449539
-0.0339991525
-0.0216436274
-0.0218282454
-0.0115152402
-0.0798157081
-0.0048412527
-0.0417426527
-0.0168691240
0.0556023680
0.0726757273
-0.0364062563
0.0768648833
0.0165082105
0.1151493341
-0.4286094010
-0.2443623990
0.0178694930
0.0224833339
0.0413300358
-0.0002267108
0.0025434836
0.0187595114
-0.0176462382
0.0673381388
-0.0105981473
-0.2378688306
-0.0092450259
-0.0072314795
-0.0128750661
0.0784230381
-0.1228998974
0.3872192800
-0.0941280723
0.0308205783
-0.0576203503
0.0061643124
-0.0169329029
0.0045285048
0.0587345399
0.0191687699
0.0798262805
-0.1494766474
0.0166304708
-0.0310542006
0.4663818479
0.0372709818
0.0754269287
-0.0118849352
-0.0420363359
-0.0152533343
0.0007265775
0.0208421424
-0.0366658904
-0.1097441912
0.0406299718
0.0633447096
-0.0679768994
-0.0767863691
0.0401032120
0.0814564452
0.0356073976
-0.0221082475
-0.0368862934
-0.0005539915
-0.0109495483
-0.0192109402
-0.0073019746
0.0076816478
-0.0210358035
0.0192721654
-0.0246776473
-0.0351895615
0.0561536402
0.1148675606
-0.0114731546
-0.0374794416
0.0060464134
-0.0548740812
-0.2718164921
-0.1736924052
0.0220381804
0.0053614699
0.0295487139
-0.0488315225
0.0031453716
0.0046567582
0.0522793680
0.0537782945
-0.0046238150
0.0149617009
0.0067124353
-0.0164616369
-0.0129837850
-0.0239717737
-0.1138730049
0.4062790573
-0.1411516815
0.0231914502
-0.1151186824
-0.0150564061
-0.0226363111
0.0185928605
0.0342765674
0.0015746822
0.0539453290
-0.0201466940
-0.0055875364
-0.0615434498
0.2497636527
0.0146034844
0.0332316644
-0.0035752312
-0.0528115295
-0.0293142255
0.0028851554
-0.0166633446
0.0641621500
-0.0228558294
0.1114448532
-0.0022243597
-0.0808042884
-0.0242528114
0.0408315174
0.0387608781
0.0195744839
-0.0087570641
-0.0232036635
-0.0059138499
-0.0345981158
-0.0307432972
-0.0012092208
-0.0165942218
0.0006644440
-0.0208052695
-0.0478020087
-0.0965739861
0.0069985357
0.0842244625
-0.0469273925
0.0090827849
0.0053245998
0.0319474787
-0.4225766659
-0.1374111921
0.0263830367
0.0174702257
0.0357193686
-0.0115644764
0.0302413963
0.0512468554
-0.0256762486
0.0660490096
0.0026003064
-0.1790804267
0.0025263559
-0.0109638935
-0.0288864709
0.0467283539
-0.0652393103
0.3954058886
-0.1121763811
0.0235055685
-0.0682451278
0.0133968340
-0.0223380290
0.0060687172
0.0770815387
0.0114652105
0.0675863475
-0.0516211204
0.0194802210
-0.0115450453
0.4331693053
0.0503501818
0.1108738929
0.0026537941
-0.0625091717
-0.0196521506
-0.0126189003
-0.0857498944
0.0447431132
-0.1003248841
0.0854686126
-0.0032556623
-0.0551247373
-0.0583477728
0.0893414393
0.0623834655
-0.0034933572
-0.0167826321
-0.0159269832
-0.0025665758
-0.0263297129
-0.0222331751
-0.0015870527
-0.0101959053
-0.1429514736
-0.0531887002
-0.0399985798
-0.0654383674
-0.0812900662
0.1074785963
-0.0617866032
-0.0132770995
-0.0048568165
-0.0523220450
-0.2861108184
-0.1187638715
0.0136755481
0.0180645399
0.0277595408
-0.0590940230
0.0094609484
0.0034817350
0.0071648080
0.0478972644
0.0206185523
-0.0696649030
-0.0263828710
-0.0094181234
-0.0323558897
-0.0313094594
0.0572099723
0.3123282790
-0.1062197462
0.0175516549
-0.0387776792
0.0303691942
-0.0066961851
0.0131722679
0.0706406906
0.0089144539
0.0590113103
0.1148146465
0.0235189963
0.1358197927
0.2922344804
0.0095644873
-0.0149940019
0.0150733627
-0.0440661013
-0.0286924038
-0.0132943345
-0.2214300334
0.1961830556
0.0414798483
0.0674116835
-0.1007215977
0.0032590290
-0.0060973126
0.0317316577
-0.0750463232
-0.0010174490
-0.0210111942
-0.0244662259
-0.0099686347
-0.0330956317
-0.0119350208
-0.0226086583
-0.0140373483
-0.2545391321
-0.0255217515
-0.0288358219
-0.0553004779
0.0684223697
0.0976284444
-0.0403137617
0.0868990719
-0.0007918849
0.1277959943
-0.1610797048
-0.3578380048
0.0371638536
0.0155039290
0.0365604050
-0.0138821928
0.0020158177
0.0263614282
-0.0125075392
-0.0425262079
0.0046779276
-0.0571221374
-0.0027618161
0.0086486237
-0.0158448294
-0.0773344040
0.0079675755
0.2571391165
-0.0879688561
0.0208749883
-0.0111230733
-0.0022625676
-0.0176102333
0.0190516710
0.0322805606
0.0073724464
0.0507760681
0.0867362618
0.0203664526
0.1314644367
0.2170934975
0.0085031949
0.0121071367
-0.0035519630
0.0119272387
-0.2287690341
-0.0287977047
-0.6357909441
-0.0935550854
0.3889724612
-0.0196664073
-0.0357094258
0.0642905086
0.4696996808
-0.0258708224
-0.3691712022
-0.0269256867
0.0329143479
-0.0243959632
0.0085304221
-0.0379443243
0.1221252680
-0.0870242417
-0.0198105536
0.3645882607
-0.1167271063
0.0059301541
-0.0746908113
-0.0280513130
-0.2459581196
0.2069514692
0.3174803853
-0.0631607100
-0.6047112346
-0.3650878072
1.0812551975
-0.0439501107
0.0689375922
0.0419222340
0.0400186293
0.1291064620
-0.1255619228
0.0796005875
0.3374095857
0.0572367236
-0.3315808475
0.1221981198
0.0375889130
0.0186137110
0.0361483134
0.0312928036
-0.5908949375
0.8861244321
0.0865744203
0.0028630558
0.0859951079
0.0589788742
0.0219375994
-0.1055774018
-0.0088237887
0.0387101285
0.9154413342
-0.0127605740
0.1333118379
0.1721796244
-0.5146602988
-0.2107489109
-0.0279545393
-0.1100445464
-0.1965658367
-0.0839774758
0.2173129171
-0.1343466491
0.7036563158
0.3972665966
-0.0587910116
0.2142562866
0.2273172736
-0.4327970743
-0.3778466582
0.0123611530
-0.0845799521
-0.0203476287
-0.0927582458
0.0069680284
0.0135383736
0.0168034714
-0.0429826379
-0.0046729045
0.0532188006
0.0013901081
0.5189514756
0.3447123766
-0.1032531708
0.3030831218
0.3532546759
-0.0136271408
-0.0368486568
-0.1981950402
0.5951849818
0.1152362302
0.0574179962
0.0150141018
-0.2723000050
0.3196255565
0.2323174924
0.4821115434
0.3357436955
0.0627917796
-0.3403304815
0.2116815001
-0.0387867987
-0.0069757402
-0.1968297213
-0.1228485405
-0.3429356813
0.3726841807
-0.0251129251
-0.0687759519
-0.0538146831
0.0445031039
0.0833879784
-0.1251593977
-0.0311428569
0.0465311706
1.1216232777
-0.0455497056
-0.2393411100
0.0505553521
-0.1956227422
0.0127925640
-0.0048985756
-0.0421791151
-0.0578054227
-0.0208993070
-0.0486155264
0.0399765521
-0.1384000629
0.0490960106
-0.0894226730
-0.0223211553
-0.0310238674
0.0477169231
0.0196546596
0.0109118298
-0.0129686678
-0.0232169814
-0.0024518159
-0.0059673907
-0.0036013194
-0.0210628845
-0.0060995813
-0.1700544655
-0.0370058864
-0.0187599324
-0.1087577567
0.0174724013
0.0500672758
-0.0309207812
-0.0117050707
-0.0092131821
-0.0551745594
-0.0412307456
-0.2722498775
0.0223240517
0.0127389273
0.0339998789
-0.0042779949
-0.0090771597
0.0012625303
0.0081726490
0.0179721117
0.0254398659
0.2104925960
0.0304008704
0.0088075595
-0.0213734210
-0.1974156350
-0.0359492190
0.2300199121
-0.1783092469
0.0390124805
-0.0974025130
0.0056529189
-0.0028537058
0.0205263533
0.0344602726
0.0000955092
0.0246654227
0.2418752611
-0.0059632445
0.0804212764
0.0874909386
0.0364231020
-0.0150814112
0.0022465873
-0.0363494158
-0.0156341624
-0.0160552189
0.0321532376
0.1586932391
-0.1171432510
-0.0157819055
-0.1065008715
-0.1069837287
-0.0210017320
0.1185583323
-0.0414712317
-0.0130167883
-0.0107226828
-0.0137509117
-0.0082709882
-0.0146584688
-0.0134293176
-0.0384814478
-0.0461202189
-0.2238981128
-0.0499817245
-0.0264899284
-0.1069221869
0.0088670058
0.0740236267
0.0277350657
0.0042335945
-0.0140525512
-0.0275733303
-0.0487241261
-0.1849486381
0.0092502488
0.0139935398
0.0426336043
0.0348837376
0.0513903610
-0.0240906607
-0.0854498819
0.0400317870
0.0350043178
0.3371126950
0.0139907692
0.0199030247
-0.0024486615
-0.1183899716
0.0407303423
0.2368939072
-0.0753683597
0.0376414135
0.0753623098
-0.0040717665
-0.0111804716
0.0324774086
0.0681756437
0.0274906028
0.0382926017
0.2821747363
-0.0044239527
-0.0701991692
0.0741130114
-0.0007941271
-0.0688816234
-0.0033186423
-0.0326176807
-0.0215705354
-0.0180935394
-0.0204648655
0.0965293348
-0.1492554247
0.0290152468
-0.0969892740
-0.0855536759
-0.0308137517
0.0912492722
-0.0005360847
-0.0029926642
-0.0111894803
-0.0132223330
-0.0043974174
-0.0098745758
-0.0048989435
-0.0329555869
-0.0199812707
-0.2160779238
-0.0433284864
-0.0171974190
-0.1279649436
0.0124288220
0.0515043549
-0.0004818227
-0.0064513851
-0.0167112164
-0.0570832901
-0.0132646915
-0.1994116157
0.0098957764
0.0088965669
0.0387233235
0.0156757962
0.0322773345
-0.0460944325
-0.0325129405
0.0208171941
0.0297747348
0.3193427324
0.0257058851
0.0098344181
-0.0086282892
-0.1291653365
0.0022389826
0.2379869968
-0.1508603096
0.0333310105
-0.0044387891
0.0045127277
-0.0024873135
0.0276479162
0.0555982105
0.0151391448
0.0275098141
0.3292783797
-0.0039504082
0.0051919012
0.0568201914
0.0256849304
-0.0389722213
0.0476106964
-0.0440173186
0.1007612050
0.0741022900
0.2866103053
0.8237700462
1.0023994446
-0.4513284564
0.2496534139
0.0220625736
0.5576077104
0.5467675924
-0.9105545282
-0.1026152149
-0.0230828356
0.0686292872
-0.0573182814
-0.0946422517
0.0159450099
-0.0783019736
-0.2139950544
-0.8658887744
0.3215643167
-0.1169664934
0.3190078437
-0.1334896684
0.0875004083
0.1215614751
-0.7675423622
0.0263990294
1.0983092785
-0.8632596135
1.2452095747
-0.0411979705
0.1106964275
0.0552477390
0.1221862510
0.0387980491
0.6024374962
0.0063985484
0.0201014653
0.0443288237
0.6838276982
-0.0299580116
0.0154151833
0.0033674913
0.8933436871
0.2232162058
0.9930128455
-0.5663762689
0.0122905383
-0.0616689473
-0.0367192328
-0.0338097699
0.0445491672
0.1133438498
0.1391426176
0.1174978614
-0.2733968496
0.0821322128
0.0814026743
0.2713901699
-0.0709591582
-0.0750770345
0.0336255059
-0.1658893228
0.3940765262
0.0344316736
0.4462870359
-0.4537988603
-0.7067402005
-0.0984731838
0.0253116619
-0.2077931464
0.0807140246
0.3190753162
-0.4280833900
0.0144841457
-0.0358036272
-0.0291661806
0.0374729894
-0.1201795936
-0.1744551957
-0.0628982112
0.0408438630
0.1839087903
0.0612215549
-0.0585293770
0.9203236699
-0.3448324502
0.1656340212
-0.0738936514
-0.3165525198
-0.0447991043
-0.5598727465
-0.3966936767
0.1742443740
-0.0670920610
0.0445887186
0.0435107015
0.1379615068
0.1323131323
-0.2920738757
-0.0255807117
-0.0428323299
-0.0409479961
-0.5006195307
-0.1915012002
-0.0000270170
-0.0261973385
0.4404158294
0.1902074963
0.1615745574
0.0487736873
0.0503357165
0.3608777225
0.0273511428
-0.0412687548
-0.0677286461
0.2127880156
0.0640992522
0.0168969203
0.2529325783
0.0106318286
-0.1214472353
0.2517233789
-0.2532359064
0.0543273687
-0.0936414003
-0.0957044661
0.1246869564
-0.0880865902
0.1612832695
-0.8720351458
-0.2223901153
0.6251096725
1.3101396561
-0.0469772704
-0.4236398637
-0.5280704498
-0.6193196177
0.0200001616
0.0069966950
-0.0217761360
-0.0312193986
-0.0381334834
-0.1138697714
0.0880818740
0.0792024806
1.2041500807
-0.1401526928
0.0675238147
0.0237365793
0.0079937615
0.2552752197
-0.1347610354
0.0592028126
-0.0078965770
-1.0507476330
0.3768334687
-1.0750741959
0.0282605272
0.0389867797
-0.0168974344
-0.0042652143
-0.0485277921
-0.1177521050
0.1787744462
-0.0330746844
0.0213499311
-1.0529212952
-0.1322023720
0.0262553897
-0.0199206918
-0.3951911330
-0.3514604270
-0.6705387831
-0.3992908597
0.0934827030
-0.7293967009
-0.0851368904
-0.0851318166
-0.0348486155
-0.0822889209
-0.0496978872
-0.0121261068
-0.8646528721
-0.0672928393
-0.1387939006
0.0937711373
-0.0442010127
-0.0105654607
0.0083502894
-0.0572487712
-0.0100920973
0.0541556291
0.1100525931
0.0924551561
0.0319936462
0.0204424951
0.0276136920
-0.1487727463
0.1169854477
0.0905298889
0.1952851713
0.0176797546
-0.0253821407
0.0113804378
-0.0134607060
-0.0443459488
-0.0323426835
-0.0024965126
0.0085620172
-0.3060301542
0.0942865089
-0.0071866466
-0.1143526435
-0.0606354028
0.1349393576
0.0372442715
-0.3266344070
-0.0181175880
0.1100865752
-0.2153699249
-0.0759143457
0.0543541983
-0.0289630853
0.0499968119
-0.0025991283
0.0971965045
0.0439136848
0.0141669773
0.2414142787
-0.0207033474
0.2636919022
0.0587376691
-0.0221718233
-0.0443408154
0.2346046865
0.0270411279
0.5069497824
-0.2373061776
0.0264553614
0.0229009446
-0.0358410217
-0.0104543995
-0.0073893843
0.1353580356
0.0121619375
0.0316234417
0.0185446162
-0.0076204268
-0.1225626096
0.1019524336
-0.0079944162
0.0517068692
0.0175519120
-0.0688749775
-0.0070885425
0.0548714139
-0.0088618137
0.1383013725
0.0356883183
-0.1304088831
0.0220301561
-0.0403132699
0.0810483620
0.0727447644
0.0764205605
0.0000945201
-0.0035465388
-0.0135464864
-0.0054383180
-0.0419291817
-0.0229665264
-0.0388342254
-0.0405399427
-0.1719285995
0.0765427127
-0.0264316238
-0.0031011945
-0.0738516822
0.1483945996
0.0728304014
-0.1144226417
-0.0078339316
0.1767096668
-0.2191959172
-0.3545056880
0.0334932804
0.0225137919
0.0436380841
0.0244711861
0.0322245583
0.2414367199
-0.0223083179
0.0712052360
-0.0042535798
0.0744429678
0.0781964883
0.0176250935
-0.0278913621
0.0495914221
0.0162924230
0.4772950709
-0.2010882795
0.0367738158
0.0825905129
-0.0340396762
-0.0214215349
-0.0045183226
0.1460471004
0.0379162915
0.0520459414
-0.1442396194
0.0236222483
-0.0995239764
0.2086863965
-0.0618503802
-0.0481433645
-0.0013691840
-0.0649977997
-0.1135595366
0.1244733110
-0.3944281340
0.4318785369
0.6934491396
-0.6572958827
0.1080822274
0.0678412095
0.6009117365
0.2678890824
0.1155279428
0.0278377384
0.0463985391
-0.0825440660
-0.0156567004
-0.0206648707
0.0038911691
-0.0252231825
-0.1446768641
-0.3521442711
0.2304943353
-0.0814381018
0.3440399170
-0.1003312618
0.1389758289
0.1881280094
-0.1947449148
0.0178227425
0.8978747725
-0.2859341502
-0.9679608345
0.0972763225
0.1071366444
0.0724443868
0.1524659246
-0.1786148399
0.8140553236
-0.1218118221
-0.0167543869
-0.0492502898
-0.1516388804
0.1113403514
0.0827863291
-0.0356274992
0.2457161099
0.2466974258
0.6187198162
-0.2035313696
0.0731177405
0.4028378725
-0.1501010954
-0.0815353841
-0.0111985905
0.0719679072
0.0794038549
0.1056159437
-0.9704111218
0.0337115861
-0.0057413541
0.4183224738
-0.2718915045
-0.2248644382
0.0804075673
-0.0824363232
0.0745320991
-0.0093736444
-0.8536226153
0.4104074240
0.5820985436
0.1080093086
-0.0590848885
0.1749047041
-0.2496530563
-0.3287557364
-0.3723126948
-0.0491074100
0.0040662000
-0.0250938684
-0.0133033348
-0.0385421775
-0.0150382183
-0.0734250769
-0.0676921159
-0.6355580091
-0.1215391234
-0.0864645913
0.0923425108
0.0682456344
0.4106069803
-0.2045254856
0.3208782673
-0.0090233982
0.3205634952
-0.4188259840
-0.3432163000
0.0223396122
0.0555779226
0.0977593958
-0.2142092437
-0.0978111178
0.1144675389
-0.0162871815
-0.1285369396
-0.0372177437
-0.6234991550
-0.1357236654
0.0116767436
-0.0286476463
0.1816033721
0.1916719377
0.0354217216
0.1344428360
-0.0305913948
0.1261831224
0.0255672839
-0.0309003741
-0.0582835041
0.1244057268
0.0625010803
0.1421107054
-0.0192330219
0.0404151678
0.3640063703
0.5411693454
-0.0049628802
-0.0857448354
-0.0025859796
-0.0546263382
-0.0142454896
0.0045510214
-0.1723097712
0.1976681650
0.0029910451
0.0607746765
-0.0455656163
-0.0524020307
0.3367071450
0.0311014429
-0.0233137924
0.0101007624
0.0004782412
-0.0121937515
0.0133074531
-0.0427626409
-0.0123236496
-0.0130807497
-0.0009248356
-0.1531805247
-0.0719799027
-0.0430264734
-0.1482916176
0.0005655787
0.0029526609
-0.0710665658
-0.1019627601
0.0039604651
0.1801994890
-0.2467607409
-0.5525757670
0.0196988452
0.0083252825
0.0492708497
0.0493483320
0.0533767119
0.0048375484
-0.1069816276
-0.0277405754
-0.0131473551
-0.1303855032
-0.0619652532
-0.0034124111
-0.0343049541
0.1990202367
0.0056853709
0.3564325571
0.0416710600
0.0307631232
-0.0402527489
0.0191115346
-0.0455073267
-0.0153002283
-0.0604261532
0.0065611117
0.0501497723
-0.2575309277
0.0110934172
0.1415876448
0.3416707218
0.0059090452
0.1321308315
-0.0020994765
-0.0387239233
-0.0420005731
-0.0085424297
-0.0252227616
-0.0675819516
-0.0879473239
0.0293612052
-0.0171722323
-0.0234745108
-0.0297247004
0.0562105402
0.0463313535
0.0117381560
-0.0191955175
-0.0302301235
-0.0051772548
-0.0147787565
-0.0083657810
-0.0257944986
-0.0007955253
-0.1077945456
0.0204985254
-0.0121571496
-0.1129643098
0.0774343759
0.0695100799
0.0281166043
-0.0264429040
-0.0110037988
-0.0525931977
-0.1084011942
-0.1245708168
0.0297239702
0.0014728161
0.0335022621
0.0088033359
-0.0137935234
-0.0353961699
0.0072626807
0.0199811794
0.0098541630
0.2335688919
0.0291606914
0.0101538552
-0.0155387186
-0.0957789645
-0.0648212209
0.3622984886
-0.1863864809
0.0365788676
-0.1144659817
-0.0042443438
-0.0136774341
0.0169557557
0.0351598859
0.0056697717
0.0238740519
0.2157041728
-0.0009729205
-0.0154099604
0.0746092126
0.0161491726
0.0158710741
-0.1063674167
0.0465262495
0.0180192292
-0.0210521054
-0.4460615218
1.1891316175
0.1860499382
0.1181546301
-0.0034721976
0.1208836287
0.3981674016
0.3382286727
0.2344017476
0.0509620644
-0.0860793293
0.0190106146
0.0500767529
-0.0570675321
-0.0093068611
0.0237470679
0.1565300524
0.2549866140
-0.5640420914
-0.1075092554
-0.3092657030
0.1815624386
-0.3729203045
-0.0135715026
-0.0058290754
-0.1300933212
0.1147152632
-0.2210201025
-0.2834728360
-0.0499941148
-0.0119746700
-0.0457321703
-0.3867965043
0.2647559941
-0.3360006213
-0.1038011760
0.1416135281
0.1086412370
-0.2637247443
-0.5839700103
-0.0768436119
-0.0849015936
-0.2081296593
-0.2899016142
-0.4548262954
0.6080192327
-0.0512919687
-0.4985508919
0.0365745947
-0.0360143669
-0.0711190253
-0.2039140612
0.0045719510
-0.0027139478
-0.2276035994
0.0027737517
-0.1485409737
0.2280793190
-0.2200274616
0.4560948610
-0.0105355959
-0.0474100485
-0.0263797902
-0.0160842817
0.0745453387
0.0207252130
-0.2215048075
0.0403736159
-0.0871307105
-0.0542505644
-0.0465484001
0.0724617988
-0.0227316208
0.0023150037
-0.0154979005
-0.0288965832
0.0080587575
-0.0106091676
-0.0080986777
-0.0201422088
-0.0097479383
-0.1979899853
-0.0379227735
-0.0183562152
-0.0337527357
-0.0108902799
0.0495721214
0.0017581242
-0.0701044947
-0.0115550188
-0.1238938347
-0.0021837973
-0.2921157777
0.0254763737
0.0067836992
0.0241823960
-0.0197988432
0.0062424331
0.0211747214
-0.0002801205
0.0345438197
0.0181997735
0.2129365504
-0.0106080417
0.0163661987
-0.0239692442
-0.2244277596
0.0147107132
0.2191456407
-0.1279092878
0.0301136263
-0.0650368780
0.0009084481
-0.0164953880
0.0184404980
0.0445926301
0.0109053822
0.0257215295
0.2466339767
-0.0104126967
0.0602428131
0.0497530811
-0.0203276891
-0.0675587580
-0.0134865576
-0.0239367336
-0.0151855703
-0.0334189050
-0.0166140143
0.0900173783
-0.0708794445
0.1178951561
-0.0498480648
-0.0901583433
-0.1155331060
-0.0065126023
0.0054998687
0.0075041968
-0.0206178334
-0.0134911146
-0.0210792255
-0.0160281267
-0.0134024723
-0.0019623635
0.0020109913
-0.0921133906
-0.0553145856
-0.0283346195
-0.1794435829
0.0815124884
0.0599543564
-0.0110908635
-0.0782645196
-0.0350511856
-0.1802833974
-0.0382957570
-0.1959772557
0.0257323012
0.0103689842
0.0184868630
-0.0533731431
0.0311702490
0.0396925695
-0.1231244802
-0.0080126720
0.0312691852
0.2693828642
-0.0115712890
-0.0086018406
-0.0238493066
-0.1687684655
-0.0238949861
0.1483982801
-0.0063898480
0.0116802035
0.0161190629
-0.0031947540
-0.0131301470
0.0326573513
0.0341245756
0.0093731731
0.0239016488
0.1996263564
-0.0211459752
0.0560096055
0.0987603888
0.0737928897
-0.0186127387
-0.0648242533
-0.0071862442
0.1093385369
-0.0517611057
0.0838642344
-1.5284389257
0.4398223460
0.0152848028
0.0810600519
0.0143162031
-0.3563047349
-0.1280261725
0.0431295112
0.0684457719
0.0549560487
-0.1181511283
-0.0956987068
-0.0569054149
0.0141539248
-0.0798459053
-0.0930016860
0.9809226990
0.0901816040
-0.1040711775
-0.4904029965
-0.2176289856
0.0400799364
-0.0002473861
0.1005214080
-0.1179908365
-1.1120506525
-0.5490430593
1.7838246822
0.0244159140
0.0180656314
0.0544839129
-0.2015910596
0.0913236812
-0.0151950745
-0.0195835698
-0.0029088943
-0.0340660214
0.4981555343
-0.1979670227
-0.0643700659
-0.0458556712
0.4914598763
-0.0539389998
-0.2032724321
-0.3879494071
0.0693894103
-0.2135076076
-0.0415090546
0.0564013235
0.0029078780
0.3309368193
0.0434666984
0.0867002532
0.9182808399
-0.0613966696
-0.0296445228
0.0392939374
0.0477183238
0.2481714934
-0.0542729571
0.0011493008
0.0134400334
-0.0396056771
-0.2621374726
-0.7982788682
0.0321949311
-0.1318409294
0.4155065417
-0.1655129790
-0.2993141711
0.0085409284
0.0924638063
0.0549518578
0.0231650248
-0.0578587800
-0.0208039731
0.0236988273
0.0432139039
-0.0390764177
-0.0017709465
0.3746642768
-0.2276834995
-0.0563494451
-0.2834369838
-0.0185788888
0.0241965074
-0.0497145057
0.1442002356
-0.0455740876
-0.6298162937
-0.3365429640
0.7207731009
-0.0415757634
0.0100524481
0.0504750870
-0.1175406724
0.0840075165
-0.2361621261
0.0361215472
0.0102582462
-0.0101364832
0.5405299664
-0.2005646527
-0.0384739004
0.0181611851
0.5139974356
-0.0916950107
0.0499400944
-0.3280798495
0.0575466715
-0.2200434059
0.0198927931
0.0053988053
0.0097464956
-0.1701631695
0.0128928972
0.0423127152
0.3968760073
-0.0591029301
-0.1110094041
0.0455410890
0.0327898301
0.1785464138
0.0252794363
-0.0303411875
-0.0074873772
-0.0095131602
0.1981486529
-0.2593833804
-0.2373693585
-0.1302543730
-0.0397633761
-0.0156734288
0.1477278173
-0.0049121841
0.0707166046
0.0145158274
-0.0222412869
-0.0255817436
-0.0140517335
-0.0100628715
0.0133061102
-0.0546839908
-0.0454031676
-0.0236887354
0.0697279349
-0.0281021781
-0.1157839298
-0.0394834504
0.1508135200
0.0795837268
0.0066087870
-0.0169535894
-0.0013366975
0.1210630983
-0.5095334649
0.0209853165
0.0157140493
0.0462076664
-0.0244680196
-0.0357253887
0.0597032346
0.0791429803
-0.0081231603
-0.0107726315
0.2387761623
0.0512869693
0.0199169833
-0.0140047716
-0.1007345617
-0.0620895028
0.1250737756
-0.1542179734
0.0596711822
0.0122813517
-0.0198824722
-0.0142797129
0.0057142363
0.1049944088
0.0307010189
0.0523276292
0.3083915114
0.0098029450
0.0658841655
-0.0191641506
0.0829049125
0.0038952264
0.0025481244
-0.0558292791
-0.0453633629
0.0121291112
-0.0680069476
0.2473071069
0.2685414851
-0.1798144430
-0.1424096227
0.0208998006
0.1909803003
-0.0768208280
-0.1740092188
-0.0084864581
-0.0114139887
0.0130242975
0.0075815963
-0.0400028899
-0.0006373448
-0.0248745997
-0.0109883444
-0.5699018836
-0.0082871262
-0.0274538044
0.1841640919
-0.1004223451
0.0965630412
-0.1881258488
-0.3107090294
0.0150911575
0.5197874308
-0.3539767265
0.1009785682
-0.0230607670
0.0237483308
0.0523505546
0.1103048399
-0.0633149892
0.0952449888
0.0413273871
0.0470341407
0.0057437341
0.0441826992
0.0656500235
0.0011916375
0.0008156153
0.3504134715
-0.0803170130
0.5057180524
-0.3576449752
0.0413422920
0.0399710573
0.0313181356
-0.0188799445
-0.0015685278
0.0390879922
0.0291161519
0.0495349392
-0.0127571914
-0.0179952998
0.1757458001
0.1924509853
0.0025840322
0.0296830647
0.0175253116
-0.0227641389
-0.0122868689
0.0346726775
-0.2515137494
0.2760611773
0.5822286010
-0.1583289802
-0.0947632492
-0.0060820351
0.3857661784
0.0104422104
-0.1464368403
-0.0117425574
0.0179662369
-0.0434805192
0.0202389024
-0.0639407933
0.0269626994
-0.0788019001
-0.0315940231
-0.3876971900
0.0544829704
-0.0440891869
-0.0722850338
0.0724460632
0.0955600739
-0.0326344296
0.0373806544
0.0146178287
0.4226323068
-0.3140761852
-0.3808156848
0.0234309547
0.0429058410
0.0803010240
0.0505609289
-0.1009195596
0.1453130394
-0.0281847827
-0.1493491083
-0.0137985079
-0.0118365856
0.0225717369
0.0325307585
-0.0094687585
0.1492105424
-0.1386278421
0.5619150996
-0.1098677590
0.0529623404
0.0857799128
-0.0175173376
-0.0602894425
-0.0401103534
-0.0045201117
-0.0005942537
0.0708214417
-0.3525387645
0.0140288183
0.1567481756
0.3234189451
0.0398255885
0.0394561477
-0.0154225854
-0.0730925500
0.0164198168
-0.0936452150
-0.0813321173
-0.6041018963
-0.1560229808
0.3858832419
-0.0149475234
0.2640154064
-0.1040746570
-0.3022257984
-0.3515353799
0.0455585606
0.0488863178
-0.0777845904
-0.0129478229
-0.0042050998
0.0360900052
-0.0367889032
0.0310425516
0.5022740364
-0.1284618229
0.0254336968
0.2029804289
-0.2811044753
-0.1330711097
0.1375613213
0.0341511331
-0.0318949148
-0.4803041220
-0.5149671435
1.2972506285
-0.0485355631
0.0383400805
0.0418424979
0.0063312105
-0.1658012122
-0.0612412132
0.1726749688
-0.2907462716
0.0058431202
-0.3622446358
0.0026946908
0.0319335088
-0.0517061502
-0.5322992802
0.2561967373
-0.4523159564
0.4118523002
0.0779144391
-0.5120968819
-0.0033514891
-0.0481041707
-0.0238598976
-0.3273015022
-0.0514712855
0.0320644490
0.6462875009
-0.0708625689
0.4005988240
0.2080608159
-0.0773226023
-0.1559352726
-0.0297970735
-0.0808840469
0.0021420552
-0.0960939229
-0.0166017339
-0.6766901612
-0.0201838743
0.5602078438
-0.0121096391
0.3190601468
-0.1533162445
-0.4187836051
-0.4201585948
0.0522931740
0.0691147223
-0.0980165452
-0.0126427049
-0.0057044909
0.0790896118
-0.0261252467
0.0166777056
0.6558308005
-0.1464417726
0.0010417203
0.2621909678
-0.3198105097
-0.2145012170
0.1922491789
0.0312745906
-0.0375971571
-0.5584980845
-0.7501289248
2.1335432529
-0.0907105729
0.0710802004
0.0440040417
-0.0472175032
-0.1974038035
-0.0965222120
0.2671148777
-0.3103038073
0.0206242632
-0.4274043441
-0.0085838195
0.0214759000
-0.0367496312
-0.6686713099
0.3136344552
-0.5960358381
0.6070696115
0.0816644505
-0.5785864592
-0.0100239608
-0.0272549018
-0.0423484482
-0.3909105957
-0.0814411566
0.0477912799
0.8445215225
-0.0993905067
0.4425874352
0.2121618539
-0.1346367896
-0.1771088541
-0.0305726063
-0.0809005424
-0.0237278584
-0.0832502320
-0.0252238065
-0.5762242079
0.0882514790
0.5562893152
-0.0260269754
0.3121604025
-0.1156465337
-0.3318976462
-0.4467599392
0.0448591858
0.0778811574
-0.1024890319
-0.0183906853
-0.0034417687
0.0899126008
-0.0271578375
-0.0082172165
0.5846965909
-0.1391823590
-0.0187178403
0.2425520420
-0.3017619252
-0.2182040513
0.1741163880
-0.0298873819
-0.0295368377
-0.5103385448
-0.7992037535
2.2487173080
-0.0778745785
0.0777549595
0.0515485406
-0.0650148094
-0.2106273472
-0.0699630901
0.2685724795
-0.3197898269
0.0241134465
-0.2909194231
0.0009551783
0.0297016297
-0.0278975833
-0.6160876155
0.2315609753
-0.4494185150
0.5384694934
0.0810321793
-0.5656358004
-0.0181016307
-0.0247081090
-0.0455305725
-0.3585426211
-0.0776951015
0.0545658506
0.7794551849
-0.1025130302
0.4305689633
0.2214558125
-0.1501834840
-0.1558501422
-0.0231889542
-0.0908178613
-0.0519817173
-0.0757546797
0.0451106764
-0.6393641829
0.1855177283
0.5896962285
-0.0324607939
0.2648149431
-0.1745013744
-0.2963385880
-0.4920626879
0.0437883362
0.1006041095
-0.1042094827
-0.0347044095
0.0008955196
0.0996720195
-0.0395298824
-0.0748068094
0.6026220322
-0.1282089204
-0.0328572243
0.3022317886
-0.3373043835
-0.1933528781
0.1292622238
-0.0780967772
-0.0225653239
-0.5687571168
-0.9553145170
2.6632189751
-0.0618721731
0.0875121132
0.0673828572
-0.1201554239
-0.1908389032
-0.0401629210
0.2941718102
-0.2432004064
0.0168620832
-0.1239604428
-0.0059175487
0.0340598449
-0.0047259685
-0.5690274835
0.1469429135
-0.2792189717
0.4675656259
0.0886389762
-0.5729508996
-0.0183415767
-0.0200585462
-0.0649606436
-0.2655628622
-0.0606433228
0.0823458582
0.7580256462
-0.1102343947
0.2583121359
0.2464029193
-0.1785990149
-0.1495046020
0.0256216992
-0.0582922399
-0.1263527870
-0.0708724335
-0.0858911872
-0.8626527786
0.4289286733
0.3296034038
-0.2039002478
0.1116798893
-0.1404779851
-0.0076085138
-0.4659228027
0.0357195623
0.0681412593
-0.0999062285
-0.0679619908
0.0117964391
0.0630438477
-0.0587057844
-0.1644073576
0.4894944429
-0.0482266955
-0.1039006114
0.3635469973
-0.3692738712
-0.0558527559
-0.1626453698
-0.1798960865
-0.0032962610
-0.5119968057
-1.0921784639
2.8070216179
0.0004633822
0.0878166333
0.0796282440
-0.1335284114
-0.2300186306
0.1066232920
0.0591192953
-0.1440246552
-0.0184772611
0.3270538449
-0.1141336113
0.0419542268
-0.0042465599
-0.2046648115
0.0358231142
0.2858194411
0.1413589567
0.0791519061
-0.4709938169
0.0138545400
-0.0469346680
-0.0323320664
-0.0637706742
0.0107380189
0.1301806569
0.4402122200
-0.0527589433
0.1300511509
0.3073604107
-0.2253705412
-0.1046555936
0.0362007283
-0.0418983437
-0.1394724548
-0.0732829720
-0.1210718453
-0.9719114900
0.4416936338
0.1872003078
-0.2562371492
0.0463156328
-0.1727198064
0.0590397716
-0.4055215716
0.0334229916
0.0504663475
-0.1059576571
-0.0618465431
0.0045600832
0.0700251013
-0.0811835155
-0.2103051245
0.4972453713
-0.0543360747
-0.1373258084
0.3716300130
-0.4110833704
0.0152481114
-0.2777478099
-0.1591338515
0.0090606138
-0.5294707417
-1.1042283773
2.7763566971
-0.0032282956
0.1118919775
0.0833884478
-0.1190532893
-0.2080631405
0.1300509274
-0.0249103755
-0.0975178033
-0.0380826965
0.4640516341
-0.1728128195
0.0441571213
0.0154962093
-0.1101939678
-0.0062180744
0.4538866580
0.0252446346
0.0938517228
-0.3784306049
0.0202865005
-0.0502877086
-0.0227239151
0.0097068055
0.0360492766
0.1616461277
0.3030484617
-0.0448639654
0.0506016575
0.3005588353
-0.2535763085
-0.1173187345
-0.0088154878
-0.0372078754
-0.0494163260
-0.0210475828
-0.0325542614
-0.0170766693
-0.1731361598
0.0554071143
-0.0860786885
-0.0241485965
-0.0408830270
0.0448279753
-0.0065174745
0.0076381331
-0.0137772309
-0.0309330467
-0.0015217251
-0.0078578973
0.0127311917
-0.0273314491
-0.0078671752
-0.1503930092
-0.0091571538
-0.0182456039
-0.0964903161
0.0250930488
0.0267743878
0.0106907859
0.0003627914
-0.0157661419
-0.1065896451
-0.0067300508
-0.1416319013
0.0178460050
0.0186287053
0.0340103023
-0.0043559186
-0.0010873490
-0.0488679968
0.0022888079
0.0124865035
0.0239069089
0.2394597977
0.0077474141
0.0150359971
-0.0166134499
-0.2187495977
-0.0254776310
0.2002782822
-0.1598622501
0.0344507694
-0.0954255983
0.0020689666
0.0001386131
0.0215908736
0.0331530087
-0.0001963254
0.0229963679
0.3552162349
-0.0085740248
0.0690318421
0.0285188016
-0.0050994395
-0.0336830169
-0.0190196056
-0.0488939807
-0.0786601231
0.0058694654
0.1232736483
0.0479520746
-0.1215696484
0.0516046025
-0.1634726375
-0.0876664892
0.0668075681
-0.0120316045
-0.0072970088
0.0037003739
0.0187800787
-0.0274893958
0.0341705456
-0.0075165196
-0.0022052797
-0.0368949696
-0.0445720665
0.0468899123
-0.0449784324
-0.0531247444
-0.1258468926
-0.0428604037
0.0655207708
-0.0849892646
-0.2014530748
0.0093248393
-0.2867276669
-0.2553470135
-0.3204481900
0.0185271613
-0.0138684828
0.0418270938
-0.0326455049
-0.0846828520
0.1012400463
0.0491684414
0.1130341142
-0.0295072049
0.1530034095
0.0233387556
0.0201604888
-0.0207931548
-0.2025049180
-0.0859952122
0.0441369452
0.3504001796
0.0437567160
-0.0607978404
-0.0171280988
-0.0281515513
-0.0139331780
0.0573854037
0.0078663826
0.0607499965
-0.3543868363
-0.0186549276
-0.0913008526
0.1938368082
-0.0095452080
-0.0703967065
-0.0170292687
-0.0481235385
-0.0133034382
-0.0183450580
0.0173031278
0.0058120326
-0.1645703912
0.1064759418
-0.0711804703
-0.0568645373
-0.0480353646
-0.0142872278
-0.0230780691
0.0149446446
-0.0049311030
-0.0254319627
-0.0028128929
-0.0080242865
-0.0156569686
-0.0178738832
0.0015750725
-0.0954007953
-0.0053763120
-0.0211707037
-0.0812965855
0.0026050964
0.0540681221
0.0059181652
-0.0681935176
-0.0202696919
-0.1686758548
-0.0821244866
-0.2054366171
0.0201311223
0.0054401052
0.0320947990
-0.0391835459
0.0130952653
-0.0012577651
-0.0058205160
0.0157767124
0.0118664214
0.1467395872
-0.0185865778
-0.0008963842
-0.0333988443
-0.1801646501
-0.0245423894
0.1453620940
-0.0343593471
0.0191624276
-0.0650869906
-0.0016130916
-0.0193185601
0.0109292958
0.0384308249
0.0100033041
0.0287214443
0.1618411988
-0.0126021244
0.0567015149
0.1331011802
0.0305031650
-0.0188220851
-0.0633991882
-0.0748675987
-0.0419222191
-0.0175377168
-0.1008676142
-0.3338258564
-0.5131098032
0.0414761193
0.2403221279
0.1386603713
-0.2622152567
-0.4715662897
0.1445867717
0.0747603104
0.0469871908
-0.0462527685
0.0360801443
0.0693130866
0.0263467263
-0.0462662503
-0.0162331276
0.3029209673
-0.0619930141
-0.0084624253
-0.0018426595
-0.0533854216
-0.0274202358
0.0132024717
-0.2405795157
0.0292629320
-0.1271165609
-0.6745391488
0.3351536691
-0.0800788179
0.0235995315
0.0183245596
-0.0971330330
-0.1392659396
-0.0830661058
0.1001748443
-0.2929114401
0.0234544668
0.0134302238
-0.0375934280
0.0241782330
-0.0204258170
-0.3648019731
-0.3071845472
0.2085960954
-0.1888761669
0.0511127077
-0.2570699453
0.0606708489
-0.0550768264
-0.0352513902
-0.1642247736
-0.0118908128
0.0648840368
-0.7148011327
-0.0396585464
0.2863266170
0.3571604788
0.1528210044
0.0929945484
-0.0865429565
-0.0474799760
0.2279850841
-0.0172333568
-0.0417812243
-2.2228877544
-1.4901335239
-0.0687706843
0.3054468930
0.0078974254
-1.1498613358
-1.4932378531
0.5123668313
0.1125675067
0.0113073736
-0.0179233588
-0.0491406545
-0.0578055643
-0.0194135290
-0.1775198430
0.0694358945
1.9390677214
-0.0390773304
-0.0885075182
0.3036246896
-0.0538911819
0.0816631690
0.0944032595
0.4408713281
-0.0312193986
-1.6446251869
-0.5008633137
1.4683407545
-0.1458162069
0.1792452335
0.0637706518
-0.0542220697
0.3228735030
-0.3154017925
-0.0573338680
0.0527363196
-0.0448856093
0.2157669812
-0.1444606185
0.0474161431
-0.0311538894
-0.0398274623
-0.6030969620
-0.0942974538
-0.1247958690
0.1260106415
0.2394300252
0.1252012551
0.0552547202
-0.0991228521
0.1425304264
0.1082212105
0.0110644056
0.0169023611
-0.0541313924
-0.5437664390
-0.0911970437
-0.0270020347
0.4450657368
-0.0334266983
-0.0283852611
-0.1124522090
-0.0614696220
-0.0578740463
-1.9219844341
-1.0930299759
-0.1149544567
0.1088562086
0.2515081763
-0.3948089778
-0.9341528416
0.2582075894
0.0737270415
0.0668126047
-0.0992565975
0.0185649246
0.0676557347
0.0677516907
-0.0942780152
0.0668404996
1.6375002861
-0.0927115157
0.0651741400
0.1668094695
-0.0171357673
0.0062300419
0.0461269915
0.5128687620
-0.0193965398
-1.1839891672
-0.4186263978
1.1967281103
-0.1825021803
0.0009185246
0.0066644112
0.1057880670
-0.1603457332
-0.2489285320
0.2091947794
-0.0878502503
-0.0007861675
-0.3976581395
0.3085625172
0.0764893219
0.0029851904
-0.6426573396
0.1453161389
-0.6336055994
0.4792316854
0.1110980436
-0.1601301730
0.0803383291
-0.0193028748
0.0534770638
-0.1907701492
-0.0751250014
0.0024558858
0.4296878278
-0.0438763425
-0.0436411574
0.0210551750
-0.1067361087
-0.0081318598
-0.0232203752
-0.0472531654
-0.0437655486
-0.0638357177
0.3057218194
-1.0759154558
-0.4530307949
0.2609808445
0.0837683082
-0.1009969711
-0.3934639394
-0.7206104994
0.0643695146
0.0761818215
0.0125934156
-0.0753673688
0.0557289496
0.0471578352
0.0060023763
0.0553454161
0.0210821312
0.7459619641
-0.0452488475
-0.0075061028
0.2210460752
-0.1136837155
-0.0176913813
0.0997323170
0.2784530520
-0.0849449709
-0.6762692928
-0.3546261489
1.2105638981
-0.0897844955
0.0354647487
0.0295875687
0.0392820612
-0.0269650016
-0.0814365819
0.0759295896
0.3914408088
-0.0207113642
-0.6860944033
-0.1081237346
-0.0376401283
-0.0812716633
-0.6538968682
0.6828529835
-0.9115941525
0.5245352983
0.0761775672
-0.1530763954
0.0150390994
-0.0279807299
0.0329688713
-0.0494498536
-0.0690462887
0.0634382442
1.1216112375
-0.0383493751
0.0221892316
0.0609710291
-0.0880065337
-0.0076936544
-0.0178598315
-0.0666953847
-0.0139785651
-0.0515935943
0.3116128743
-0.7708442211
-0.3127971292
0.3087686300
0.0198844168
-0.0880502537
-0.3202123642
-0.6161270142
0.0637191832
0.0621191002
0.0099293478
-0.0780038238
0.0392331406
0.0360275991
0.0083332034
0.0516117066
0.0240002293
0.5772017241
0.0155328838
-0.0149472440
0.1716243327
-0.0521221496
0.0036295881
0.1439778656
0.1946881860
-0.0954596922
-0.4998597503
-0.3761276007
1.2232236862
-0.0797429457
0.0554520264
0.0316895247
0.0034494172
-0.0191275552
-0.0672123060
0.0342722200
0.4316412508
-0.0087093152
-0.6384820342
-0.1600042731
-0.0455720201
-0.0715132207
-0.6609374881
0.7051698565
-0.8271302581
0.5457745790
0.0512418598
-0.0864371881
0.0269552581
-0.0184650589
0.0102314651
-0.0117505705
-0.0715095177
0.0452986956
1.1253989935
-0.0291880388
0.0514393523
0.0600377880
-0.0920136571
-0.0348150134
-0.0376851447
-0.0522483401
-0.0596417412
-0.0098428857
-0.0972617492
0.1265576184
-0.0445678644
0.0501177125
0.0966553390
0.0199081097
-0.1166521385
0.0384688154
0.0074008461
0.0727908760
0.0659094825
-0.0225477815
-0.0134897577
0.0261961315
-0.0237628538
0.0014187030
-0.0022776895
0.0077947318
-0.0240220856
-0.0203304086
0.0036078873
-0.0846112669
-0.0060483380
-0.1027662903
-0.0219977424
0.0271135811
0.0120214820
-0.5002784133
-0.4537383020
0.0337953046
0.0007476973
0.0267890152
-0.1226437613
-0.0702298507
0.0665226504
0.0576017536
-0.1413716972
-0.0081098769
-0.3744004965
0.0774312094
-0.0176823959
-0.0364018120
0.0379088670
-0.3107790053
0.1476740092
-0.1903212368
0.0135610597
-0.1446497440
0.0150961820
-0.0456331857
0.0054745520
0.0261987634
0.0351652913
0.0916595832
-0.5233048201
-0.0000233682
0.0636355579
0.6722972989
0.0928376392
0.0856702179
-0.0398052335
-0.0499041304
-0.0709264651
-0.0034760602
-0.1268779337
0.1708900630
0.0343766138
0.0344653241
0.1020241752
0.0232215952
-0.0746964291
0.0426828526
0.0236589797
0.0832942873
0.0780903548
-0.0193370171
-0.0172624756
0.0291108713
-0.0328561142
0.0070501859
-0.0080492115
0.0121505139
-0.0137284631
-0.0258025080
-0.0011054745
-0.0820259228
-0.0115801394
-0.1054675281
-0.0101265907
0.0327097997
0.0788391382
-0.5834760070
-0.4523690045
0.0369451754
-0.0012866557
0.0303005762
-0.1188355759
-0.0752959773
0.0865422189
0.0484552011
-0.1386859864
-0.0119883306
-0.4499675035
0.0814337730
-0.0238263346
-0.0406664535
0.0922105461
-0.3177691698
0.1653036773
-0.2000513524
0.0137398988
-0.1355618238
0.0152043998
-0.0496049896
0.0046287775
0.0335586108
0.0423672907
0.1043972149
-0.5911837220
0.0054083951
0.0554799810
0.7756857872
0.1128154993
0.1188917533
-0.0437296107
-0.0458497629
-0.0768799037
-0.0050651375
-0.1533380598
0.1956516504
0.0919312015
0.0267907344
0.1286025345
0.0412221439
-0.0568321161
0.0820312276
0.0194329396
0.0914482176
0.0927087069
-0.0157272182
-0.0187925622
0.0425706990
-0.0322311968
0.0104927896
-0.0092305196
0.0197338741
-0.0141224153
-0.0239410736
0.0042419829
-0.0949026421
-0.0229075458
-0.1269286573
-0.0306465756
0.0327964015
0.1074733511
-0.5944727659
-0.4997591674
0.0382283852
-0.0064738761
0.0301678739
-0.1444520801
-0.1001780406
0.0959270671
0.0625041202
-0.1959507912
-0.0113504985
-0.4510392547
0.0856763795
-0.0267030019
-0.0446701907
0.1014839783
-0.3640494049
0.1488739848
-0.2558127940
0.0112539725
-0.1669161767
0.0147130219
-0.0572287701
0.0047696065
0.0211892463
0.0471136793
0.1089690700
-0.6795014143
0.0065278234
0.0865456015
0.8065606952
0.1341252178
0.1312880367
-0.0516651534
-0.0476402454
-0.0828265250
-0.0121885389
-0.1576032341
0.1782523096
0.0929566845
0.0385221019
0.1523214281
0.0699181408
-0.0835217908
0.1019029915
0.0009760048
0.0994609445
0.1038655117
-0.0151919965
-0.0172139276
0.0550280102
-0.0317579247
0.0145979449
-0.0076327426
0.0403934307
-0.0141451545
-0.0210926402
0.0194636546
-0.1117480472
-0.0327658989
-0.1330353469
-0.0475429185
0.0330412202
0.0868047029
-0.6028826833
-0.5097630620
0.0401761234
-0.0103822285
0.0275683086
-0.1648662835
-0.1203081310
0.1021094769
0.0736730620
-0.2319380641
-0.0121183610
-0.4816612303
0.0879945233
-0.0297489315
-0.0489697866
0.0814546719
-0.4027300775
0.1051622257
-0.2816952467
0.0080247810
-0.2085119635
0.0177794490
-0.0628222153
0.0039343871
0.0024349552
0.0487817489
0.1119134724
-0.7317015529
0.0046283100
0.1233019978
0.8328375220
0.1397234350
0.1307949722
-0.0541801751
-0.0474074669
-0.0895759091
-0.0160881449
-0.1783123165
0.2035445422
0.1259705573
0.0341352969
0.1655392051
0.0806682631
-0.0718749240
0.1087588966
-0.0086992532
0.1054677293
0.1186734661
-0.0105751464
-0.0201091934
0.0638056472
-0.0330452882
0.0142137278
-0.0146688651
0.0323148742
-0.0028394121
-0.0202960745
0.0239733178
-0.1239336804
-0.0450971946
-0.1456496269
-0.0556154065
0.0313452184
0.1340293586
-0.6093170643
-0.5767245293
0.0443683676
-0.0156416502
0.0297248177
-0.1712670326
-0.1345508993
0.1152366251
0.0717090964
-0.2665634751
-0.0146927712
-0.4953443110
0.0875445530
-0.0331537873
-0.0513207689
0.0909083709
-0.4215522110
0.0823276713
-0.3101108372
0.0059341961
-0.2178532034
0.0187659990
-0.0683525503
0.0035463097
-0.0036580944
0.0548373647
0.1190123558
-0.8080959916
0.0088303071
0.1293398887
0.8653913736
0.1579239815
0.1320677847
-0.0515734665
-0.0485936180
-0.0862009376
-0.0178151168
-0.1612084955
0.1589331925
0.0711367875
0.0441464819
0.1640893221
0.0701446533
-0.0845776945
0.0812255219
-0.0070019416
0.1003502607
0.1069879830
-0.0118120145
-0.0182461031
0.0571586974
-0.0332358442
0.0126850074
-0.0109756915
0.0525158197
-0.0067396034
-0.0195406191
0.0206524059
-0.1141058430
-0.0307134166
-0.1383788288
-0.0416451730
0.0288156718
0.0952986255
-0.5845014453
-0.5269510150
0.0411177985
-0.0132157188
0.0278290194
-0.1571853012
-0.1203208566
0.0964006111
0.0660792813
-0.2332437783
-0.0133357141
-0.4777298868
0.0795838237
-0.0314151309
-0.0491062701
0.0620503053
-0.3913997114
0.0829821452
-0.2885088027
0.0082509657
-0.2075194865
0.0211893916
-0.0632932186
0.0039313762
-0.0021839023
0.0494080782
0.1118805557
-0.7336454391
0.0090490421
0.1171877757
0.8202443123
0.1440517157
0.1207789928
-0.0094128214
-0.0217029788
-0.0893168747
-0.0170992464
-0.0598495603
0.1020260230
-0.1359570771
-0.0014314486
-0.1191489324
0.0029717011
0.0739710629
0.0982539132
0.1057773754
0.0182161480
-0.0053657731
-0.0010359521
-0.0076428452
-0.0045005661
-0.0155181373
-0.0006844754
0.0331807174
-0.1016680077
-0.1546467990
-0.0022724145
-0.0430401973
0.0225926042
-0.1331905574
-0.0296594463
0.0998159423
-0.0221509803
0.1311438978
-0.1201757342
-0.2044285387
0.0168697480
-0.0014736176
0.0093595376
0.0051073106
0.0215954334
-0.0929484442
-0.0635832846
0.0034959905
0.0392941721
-0.0047618807
-0.0136322416
0.0067062485
-0.0474560075
-0.1775911897
0.0385050960
0.0472336151
-0.2425222993
0.0320495293
-0.1039587632
0.0328255296
-0.0030719659
0.0229553115
-0.0061981422
0.0074461456
0.0153753171
0.3221683204
0.0209192205
0.0969422311
0.0704177693
-0.0661796257
0.0800816864
-0.0272154231
-0.1043471470
-0.1841144860
-0.0041491794
0.3930496275
0.0247179121
0.1723211855
0.0252210852
-0.1445596218
-0.1573569030
-0.3249863386
-0.3960011601
-0.0308192298
0.0037003737
-0.0054443358
-0.0783582106
0.0229551345
0.0250931438
0.0690494254
-0.0127660148
-0.0390269458
-0.1728520542
-0.0474656373
-0.0881960467
-0.1237327307
-0.1275824457
0.0558489971
-0.0995661840
-0.0528771877
0.0136604626
-0.2562418580
-0.2505196035
-0.4614931643
0.0026807145
0.0291334949
0.0194434784
-0.2644153535
-0.1652320772
0.5325766802
0.0779869109
0.3764148653
-0.0029345914
0.1088888124
0.0682792813
0.0040667737
-0.0542909279
-0.4379857481
0.0016202425
-0.1241284907
0.5739001632
0.0194693916
-0.0566712171
-0.0074885394
0.0306038428
0.0150754610
0.0962421745
-0.0108427024
0.0501463115
-0.3906990290
-0.0441993177
-0.1421900392
0.2045419663
-0.0093810661
-0.3120537698
-0.0163487662
-0.0635206923
-0.0301142447
-0.0090777418
0.0912319869
0.0618930236
-0.1356887221
0.0985437185
-0.0461957045
-0.0922341645
-0.0471471623
0.0049095340
-0.0136122722
0.0269040223
0.0032014893
-0.0171557888
0.0014736250
0.0059112404
-0.0400606357
0.0065057073
0.0118399886
-0.1602175981
-0.0119717298
-0.0272277258
-0.0343005769
-0.0102652954
0.1165584028
-0.0724103972
-0.1632262468
-0.0146212205
-0.1314148754
-0.1569021642
-0.3380717933
0.0315455236
-0.0107119447
0.0179853775
-0.0769633949
-0.0192276184
0.0865259841
0.0223949049
0.0933672562
0.0082063889
0.1047641933
-0.0124713602
-0.0229050219
-0.0384759791
-0.1269378364
-0.0323749036
0.2211284339
-0.0632790700
0.0071880352
-0.0444864146
0.0074445647
-0.0348175168
0.0101122884
0.0696885437
0.0145809865
0.0318348333
-0.0933501348
-0.0152491108
0.0361291654
0.2068970948
0.0443823002
-0.0300032832
-0.0239615068
-0.0236767866
-0.0947004035
0.0039349091
-0.1975692362
0.3747799098
0.3086718619
-0.0603553616
0.1577350944
-0.0612922385
0.1487803459
0.0900460035
0.0592489839
0.0910807401
0.1221037209
0.0020200983
-0.0256095696
0.0433995724
-0.0461673997
0.0085809352
-0.0517120697
-0.0530525967
0.0062194704
-0.0362388119
-0.0415076539
-0.0785632953
-0.0225061085
-0.1601204723
-0.0402549133
0.0229346678
0.3790858984
-0.5850744247
-0.6656921506
0.0503846705
-0.0266666003
0.0520129725
-0.0950028375
-0.1151293144
0.1137956381
0.0220482647
-0.2156203687
-0.0130056404
-0.3559721410
0.0665514171
-0.0353367142
-0.0502053834
0.1972540915
-0.2897928059
0.2064659297
-0.3939880431
0.0257008318
-0.0639716014
0.0095028533
-0.0678718761
0.0188742783
0.0707656145
0.0645547062
0.1326247007
-0.7694134712
0.0376620069
0.0196615010
0.8403718472
0.2420821935
0.1450631320
-0.0188521929
-0.0270507056
-0.0795968845
0.0047202716
-0.1643286496
0.2936095595
0.1892042160
-0.0378604457
0.1288787723
-0.0765737221
0.0922915936
0.0350278392
0.0647787824
0.0748645514
0.0955729634
0.0002957531
-0.0254859515
0.0263971351
-0.0455839410
0.0027060905
-0.0434823781
-0.0348767303
-0.0094041415
-0.0322394408
-0.0533365309
-0.0541219376
-0.0020876729
-0.1367918551
-0.0018770292
0.0214483161
0.2821322680
-0.5363536477
-0.5537961125
0.0422432460
-0.0176294167
0.0475546978
-0.0682507902
-0.0733317211
0.0711792931
0.0044561154
-0.1456040740
-0.0087400377
-0.3144140542
0.0643850267
-0.0282076523
-0.0394228548
0.1590273678
-0.2317251414
0.2286497504
-0.3369327486
0.0274231657
-0.0377337374
0.0119903218
-0.0532858707
0.0184358917
0.0823609978
0.0544759631
0.1155024618
-0.5912398100
0.0336069167
-0.0196752623
0.7507084608
0.2058781683
0.1282267123
-0.0107213147
-0.0207291618
-0.0769316107
0.0124506587
-0.1865251362
0.3738209307
0.2701116204
-0.0707687289
0.1325108558
-0.1084906831
0.1667399853
0.0514717214
0.0777738765
0.0712854490
0.1009676084
0.0056060622
-0.0285638589
0.0231052153
-0.0483544655
0.0004582896
-0.0527027845
-0.0783735663
-0.0035215684
-0.0331386030
-0.0614638440
-0.0521657616
0.0033531978
-0.1561173797
-0.0112835700
0.0182529576
0.3787244260
-0.5350894332
-0.6366424561
0.0446704589
-0.0230788495
0.0532750189
-0.0579607897
-0.0801451504
0.0864802003
0.0017465701
-0.1694316119
-0.0111943791
-0.2765562534
0.0631628335
-0.0280528571
-0.0392007753
0.2106713206
-0.2270834297
0.2643257976
-0.3739777803
0.0302683040
0.0075086830
0.0072010001
-0.0579443499
0.0223480947
0.0999346823
0.0590125285
0.1209105849
-0.6469332576
0.0413114280
-0.0400519706
0.7543446422
0.2245089263
0.1294549555
-0.0054003657
-0.0173231829
-0.0729839057
0.0166712552
-0.1922601312
0.3925084770
0.2812854946
-0.0828373879
0.1469677538
-0.1142754108
0.1826745719
0.0398968905
0.0969129950
0.0685823262
0.0987803191
0.0090511395
-0.0310874227
0.0175934080
-0.0518400818
-0.0024622353
-0.0500886701
-0.0671103969
-0.0111029334
-0.0328845978
-0.0687106475
-0.0603285618
0.0089874510
-0.1576067209
0.0045181173
0.0205320399
0.3965639472
-0.5547679663
-0.6219478250
0.0411903225
-0.0218787771
0.0549785197
-0.0571400858
-0.0724442154
0.0786267817
0.0020466971
-0.1720980853
-0.0099689737
-0.2999842763
0.0758106038
-0.0236082580
-0.0361867845
0.2324209660
-0.2315189987
0.2862906456
-0.3706834316
0.0315419100
0.0227130875
0.0088331057
-0.0565102734
0.0183422770
0.1012393609
0.0601205602
0.1198062524
-0.6218644381
0.0422695987
-0.0588669404
0.7632834315
0.2252999395
0.1314340532
0.0007563917
-0.0213836636
-0.0562441498
0.0136831412
-0.1572620720
0.3491376340
0.2079965025
-0.0709207729
0.1296733916
-0.1046663523
0.1297059506
0.0209898185
0.0956001803
0.0516241342
0.0777679533
0.0077133947
-0.0306468476
0.0051981392
-0.0476077572
-0.0102496371
-0.0380316377
-0.0865739062
-0.0246765893
-0.0252856687
-0.0587678254
-0.0498289131
0.0242073890
-0.1322322339
0.0229918100
0.0202044491
0.3248077929
-0.4835594893
-0.5416287184
0.0356661230
-0.0131418016
0.0521166325
-0.0432190411
-0.0474971645
0.0574308783
0.0002999372
-0.1440078914
-0.0026267050
-0.2457236946
0.0745494068
-0.0106060058
-0.0270745233
0.1751746088
-0.2036811560
0.3025794923
-0.3239827454
0.0313550495
0.0207843818
0.0125407549
-0.0472782999
0.0142736351
0.0906655416
0.0519070849
0.1001531482
-0.4504907429
0.0338263772
-0.0720976517
0.6528065205
0.1804967374
0.1024393886
-0.0251024775
-0.0590433180
-0.0614955686
0.0015028814
-0.0373049080
0.0380696468
-0.0907206759
0.0434880033
-0.0033374350
-0.0230258480
-0.0403593071
-0.0046686023
0.0585521795
0.0536221080
0.0203206316
-0.0297576841
-0.0045933691
-0.0137009770
-0.0362568609
0.0026250947
-0.0047842693
-0.0536657237
-0.0007943723
-0.0302927438
-0.0252274908
-0.0192290191
0.0458537638
0.0161962993
0.0399452597
0.0231272001
-0.0456082150
-0.4647405148
-0.1659967750
0.0336771272
0.0128702056
0.0353637934
0.0022408017
-0.0086510377
0.0697327927
-0.0118251443
0.0889519379
-0.0040017003
-0.3151349723
0.0443753339
-0.0111979535
-0.0398289859
-0.0233804919
-0.0472125299
0.2454997152
-0.0409810133
0.0292389840
-0.0618902147
0.0144423964
-0.0239702556
0.0077608987
0.0575809330
0.0175910182
0.0757274479
-0.0816380158
0.0004905234
0.0440227240
0.5729082227
0.0444928668
0.0542228743
-0.0306920167
-0.0573813356
-0.0726895332
0.0044775913
-0.0556070358
0.0696353242
-0.0511577204
0.0310774967
0.0016513792
-0.0139269540
-0.0244822912
-0.0267170891
0.0625393316
0.0645422861
0.0286445599
-0.0284294821
-0.0067853602
-0.0107853441
-0.0449009463
0.0065343003
-0.0077380636
-0.0394720994
0.0106717953
-0.0356379338
-0.0318804011
-0.0120320413
0.0468751527
0.0146865314
0.0617696755
0.0280025396
0.0013696171
-0.5264195204
-0.1804262847
0.0364346653
0.0112399422
0.0366491675
0.0033670194
-0.0086509977
0.0885336176
-0.0220464356
0.1034622937
-0.0086269621
-0.4061819315
0.0417621657
-0.0176279303
-0.0426896885
0.0117627112
-0.0652968362
0.2359110117
-0.0387329161
0.0278976429
-0.0520539843
0.0159091968
-0.0256180931
0.0066131991
0.0654878691
0.0240177270
0.0867536813
-0.1367467642
0.0040010195
0.0305702817
0.6632707119
0.0500364862
0.0774507150
-0.0345966853
-0.0587598681
-0.0817089677
0.0036320924
-0.0470142029
0.0505456179
-0.0602683686
0.0323647298
0.0126300110
-0.0103682159
-0.0368106626
-0.0486285090
0.0690677986
0.0713101253
0.0369716920
-0.0293435138
-0.0068926895
-0.0068623978
-0.0496454872
0.0103880791
-0.0095869871
-0.0083545977
0.0073204599
-0.0360003635
-0.0196901504
-0.0186039060
0.0412838124
0.0205966048
0.0745012984
0.0308471378
-0.0040017660
-0.5682122707
-0.1745878756
0.0389224589
0.0093570687
0.0358984098
0.0035665429
-0.0129675800
0.0967591777
-0.0226244759
0.1090691611
-0.0100303264
-0.4645589590
0.0484224558
-0.0184304770
-0.0465609916
0.0088589778
-0.0656670853
0.2071565986
-0.0253070798
0.0277583972
-0.0516317002
0.0186276101
-0.0287833456
0.0057385545
0.0645614862
0.0244135950
0.0921074823
-0.1751289368
0.0031731154
0.0278695226
0.7123884559
0.0581092723
0.0829604492
-0.0371343531
-0.0562287495
-0.0882566124
-0.0027216196
-0.0540982746
0.0451233909
-0.0869197324
0.0341705158
0.0015662162
0.0004056818
-0.0521113314
-0.0642210841
0.0731815323
0.0743614659
0.0388171896
-0.0286951289
-0.0098795136
-0.0037044953
-0.0543992035
0.0108575411
-0.0096542453
0.0170502700
0.0179531053
-0.0370417535
-0.0345308408
-0.0099029616
0.0424625985
0.0213537384
0.1014930606
0.0290450826
-0.0068299863
-0.5553252101
-0.1622214764
0.0387432426
0.0078445943
0.0368097015
0.0089484025
-0.0068635615
0.0882658660
-0.0318845846
0.1214926764
-0.0095645124
-0.4843389988
0.0418789722
-0.0196258053
-0.0488406718
-0.0109330323
-0.0589569882
0.1651004851
-0.0187204201
0.0280885827
-0.0527607501
0.0229560696
-0.0276183505
0.0054805996
0.0644850433
0.0256748460
0.0929406956
-0.1121968254
0.0029904847
0.0180817749
0.7110604048
0.0514524765
0.0914088786
-0.0444018468
-0.0597473420
-0.0943668187
-0.0097960336
-0.0487390980
0.0229428224
-0.0853584856
0.0628833845
0.0285254717
0.0365234204
-0.0746072158
-0.0851357132
0.0347226784
0.0805011243
0.0495279059
-0.0268814117
-0.0127285123
0.0066071451
-0.0572909825
0.0105027361
-0.0052108131
0.0580308065
0.0140651558
-0.0291842446
-0.0132229812
-0.0348558947
0.0130537516
-0.0059989076
0.1115493774
0.0286153536
-0.0056139389
-0.5873411298
-0.1441080123
0.0354348533
0.0024932644
0.0353185162
-0.0002251187
-0.0280980859
0.0813281387
-0.0411240868
0.0689383745
-0.0098220157
-0.5521236062
0.0476463661
-0.0222140308
-0.0502612703
-0.0507912263
-0.0939721987
0.1088316888
-0.0202974379
0.0227273591
-0.0964630917
0.0297160689
-0.0330273025
0.0025028430
0.0358047485
0.0269849636
0.0920746624
-0.1485788077
0.0026892251
0.0420914441
0.7481172085
0.0567348413
0.0951951221
-0.0394137725
-0.0582135953
-0.0952763259
-0.0044791494
-0.0683733150
0.0122299073
-0.0549697280
0.0435221568
0.0346661061
0.0335906260
-0.0554966964
-0.0834576786
0.0462053455
0.0805033147
0.0472032987
-0.0256194100
-0.0113763362
0.0042397464
-0.0523612238
0.0073536071
-0.0055650631
0.0466987118
0.0094755692
-0.0332330577
-0.0104558906
-0.0278981291
0.0160856191
0.0046045007
0.1008220762
0.0311685111
0.0004750674
-0.6034883261
-0.1236513183
0.0350381695
0.0063320049
0.0356806889
-0.0040435060
-0.0277452338
0.0753683448
-0.0301082395
0.0620914325
-0.0087503204
-0.5316444039
0.0473824553
-0.0203517359
-0.0496747419
-0.0177637823
-0.0910777822
0.1545910388
-0.0419394337
0.0254206024
-0.0970980674
0.0280457418
-0.0307152942
0.0029845031
0.0369261988
0.0272769574
0.0914509296
-0.1845027506
0.0064548794
0.0513782278
0.7554168701
0.0686255544
0.1006429642
-0.0043966267
-0.0219533350
-0.0771239996
-0.0238944087
-0.1763974577
0.0530712754
-0.0739719942
0.0182137229
-0.1406546086
0.0114645110
-0.0430968814
-0.0647099167
0.0111626601
0.0185695924
-0.0263019260
-0.0219387803
-0.0201368537
-0.0125467377
0.0051251510
-0.0257232860
-0.0157234501
-0.1734734029
0.0155360270
-0.0273797922
-0.1348824501
0.0208302308
0.0163878854
0.0391333066
0.0905967578
-0.0101638166
0.0265436452
-0.0748529136
-0.0633138642
0.0269249398
0.0222628582
0.0345038436
-0.0082402034
0.0137401205
-0.0576928183
0.0003658875
-0.0060088886
0.0350759663
0.2246605754
0.0108885476
0.0097404812
-0.0179283191
-0.1501126587
-0.0556895100
0.1928135604
-0.1994767934
0.0286654942
-0.1080243811
-0.0162539855
0.0153999301
0.0372473821
0.0549848564
0.0068727797
0.0345604233
0.2798125744
-0.0005744967
0.0692013502
0.0483675338
-0.0253718514
0.0022679195
-0.0133119486
-0.0421663299
-0.0585762002
-0.0053106742
0.0070767305
0.0471832566
-0.1441118270
0.0732061341
-0.0833219066
-0.0423141867
-0.0302347820
0.0426934361
-0.0142279854
0.0131159704
0.0048138658
-0.0418339334
0.0096785417
-0.0089356154
0.0179088116
-0.0264933594
-0.0187598821
-0.1604354978
-0.0314686522
-0.0295683891
-0.1101298779
0.0096853003
-0.0027807525
0.0193582643
-0.0328120142
-0.0120887337
-0.0439320542
-0.0269233231
-0.1696473807
0.0175165143
0.0218712613
0.0372220501
0.0045630937
-0.0031619794
-0.0631857291
-0.0104079433
-0.0009423321
0.0132464711
0.2212441117
-0.0011487463
0.0270998981
-0.0173114166
-0.1969456971
-0.0176175237
0.1952534169
-0.1687372327
0.0418270230
-0.0807715729
-0.0024963450
-0.0075538624
0.0117006758
0.0288295411
-0.0029495377
0.0226890426
0.2707546949
-0.0141659062
0.0493745171
0.0671918020
0.0139359944
-0.0392224528
-0.0431761332
-0.0621628799
0.0178722180
-0.0060009388
0.1649364084
0.1538284421
-0.2863014340
0.2836117446
-0.1443614066
-0.2287680060
0.3400886655
0.0879726708
-0.0738702342
0.0295533482
0.0304129086
-0.0315497816
-0.0284432247
0.0181767959
-0.0567208529
0.0246265978
0.0563515723
0.3022167981
0.0100210989
-0.0600728877
-0.2601719499
0.0473261848
0.2223461270
-0.1415420175
-0.3850817978
-0.0423406474
-0.4179473519
-0.2466461211
-0.2681705356
0.0358784720
-0.0297320820
0.0493031554
-0.2340516746
0.0123148700
-0.1305439770
0.0299492404
0.1873552650
-0.0178961940
0.1369095594
-0.2577720881
-0.0930274427
-0.0500545055
-0.0098368097
-0.1470205486
0.0669411793
0.3290022016
-0.0237991530
0.0366955139
-0.0348075517
-0.0647525564
0.0135560594
0.1046819910
0.0012524592
0.0452794693
-0.4976825416
-0.0471091010
-0.0059805438
0.2234027684
0.0876856595
-0.0172177106
-0.0359180346
-0.0462763682
-0.0983561501
0.0092541734
-0.0995473191
0.0631744191
0.0979310647
-0.0243238285
0.0268653147
0.0350459479
0.0480314158
-0.0236599036
0.0399579369
0.0814415887
0.0441221297
-0.0194666125
0.0013869477
0.0084724491
-0.0396812148
0.0043891878
0.0007814955
-0.0315652676
-0.0003888608
-0.0414817333
-0.0213693716
-0.0066245832
0.0258811209
0.0091847721
0.0586314052
0.0284695700
0.0729613677
-0.5374655128
-0.1816703826
0.0359188057
0.0106345257
0.0389852077
-0.0144868102
-0.0478214100
0.0759270191
-0.0115928976
-0.0019355200
-0.0008230011
-0.3984976411
0.0227181315
-0.0214612689
-0.0557361655
-0.0130766695
-0.0659338683
0.2352777272
-0.1571144164
0.0271149203
-0.1085334122
0.0174614619
-0.0279745907
0.0051839682
0.0293733105
0.0287321284
0.0802632719
-0.2420210689
0.0170890465
0.1222704723
0.6934378147
0.1182836145
0.0941791087
-0.0285104718
-0.0451289900
-0.0944369957
0.0106836883
-0.0953689218
0.0740162283
0.0749621838
-0.0223228447
-0.0020651317
0.0074517215
0.0321030989
-0.0240432806
0.0560047217
0.0757554919
0.0404868349
-0.0188364461
-0.0022348645
0.0031964583
-0.0422897264
0.0013355648
-0.0065678568
-0.0322034769
0.0155170597
-0.0413002484
-0.0331408642
-0.0063086278
0.0311303418
-0.0018236135
0.0726874843
0.0287785586
0.0776520967
-0.5221291184
-0.1976548135
0.0336069800
0.0103066899
0.0408522002
-0.0026613194
-0.0318865441
0.0551460572
-0.0219617151
0.0272794385
-0.0014142416
-0.3900097311
0.0284425896
-0.0185479615
-0.0482241772
0.0053188773
-0.0543574616
0.2483602613
-0.1531546265
0.0294216778
-0.0787018016
0.0149146477
-0.0268792398
0.0078970054
0.0458150543
0.0269106645
0.0804916024
-0.2123006731
0.0183502566
0.0766945779
0.6798325181
0.1238877550
0.0928434953
-0.0296461415
-0.0431397036
-0.0934324041
0.0105704395
-0.1022752598
0.0820269957
0.0982093215
-0.0135507882
0.0165892020
0.0172663983
-0.0006171997
0.0006262265
0.0312469881
0.0816996396
0.0427134372
-0.0235652048
-0.0015790599
0.0059945728
-0.0398871563
0.0067425417
0.0004103749
0.0037102934
0.0195495263
-0.0431237780
-0.0220440999
-0.0288348030
0.0171665344
-0.0331614427
0.0622913875
0.0332874991
0.0630573481
-0.5577462316
-0.1687538922
0.0399099961
0.0120904315
0.0398305058
-0.0261894241
-0.0556914173
0.0546503998
-0.0069099590
-0.0279988758
-0.0060132849
-0.4478635490
0.0317420252
-0.0209678095
-0.0515217818
0.0114929676
-0.1105938330
0.2367443144
-0.1793395430
0.0281576719
-0.1188409030
0.0118584242
-0.0319192857
0.0083371298
0.0303616580
0.0242502205
0.0851010829
-0.2558749616
0.0201026555
0.1147721633
0.7136445045
0.1297136843
0.1073339507
-0.0271139927
-0.0381320380
-0.1013593823
0.0130987056
-0.1077467129
0.1067601889
0.1433452666
-0.0266137999
-0.0055360254
0.0257684924
0.0069227931
0.0248354711
0.0151683819
0.0860802159
0.0423783176
-0.0258016214
0.0015375428
0.0078806588
-0.0364076048
0.0074447631
0.0033734683
-0.0013711639
0.0278311130
-0.0433435291
-0.0275368802
-0.0306270216
0.0142218173
-0.0396321937
0.0671833158
0.0331737846
0.0812840760
-0.5417769551
-0.1799072325
0.0452221446
0.0127809243
0.0419888534
-0.0312220082
-0.0708554909
0.0532536469
-0.0078389803
-0.0562385954
-0.0060702474
-0.4443778098
0.0320959315
-0.0203264747
-0.0539223179
-0.0164636038
-0.1134597808
0.2286728323
-0.2061387748
0.0297799185
-0.1348715872
0.0056349752
-0.0340767838
0.0107804369
0.0188302603
0.0217882711
0.0818383843
-0.2498042136
0.0224972609
0.1476575881
0.7021869421
0.1489370614
0.1051741987
-0.0179885030
-0.0375211537
-0.0776411146
0.0071836840
-0.0890686437
0.0801427364
0.0550339669
-0.0081549101
-0.0072167567
-0.0024290553
-0.0294840708
0.0349749178
0.0104977470
0.0664707720
0.0247509088
-0.0289461613
0.0004797026
0.0021318137
-0.0272362679
0.0014690405
0.0057065771
-0.0224885866
0.0170950517
-0.0411379188
-0.0256654974
-0.0323420651
0.0358304344
-0.0576884151
0.0444752537
0.0253683776
0.0150985327
-0.4325324297
-0.1554246992
0.0434470922
0.0150442151
0.0382768176
-0.0380813405
-0.0593550242
0.0344160944
0.0097853793
-0.0678214654
-0.0011854008
-0.3027950823
0.0206139646
-0.0118819140
-0.0465053879
-0.0489072725
-0.1250934005
0.2527752221
-0.2132805586
0.0286698658
-0.1298403293
0.0052146097
-0.0297431741
0.0128991427
0.0246003792
0.0149646103
0.0700201392
-0.1322275251
0.0184956752
0.1378634274
0.5564919114
0.1107050404
0.0894676894
-0.0248568039
-0.0593378842
-0.0592908785
0.0016972248
-0.0347698219
0.0615234934
-0.0772835463
0.0464963652
0.0136933979
-0.0218935981
-0.0324814431
-0.0268673804
0.0406837240
0.0501399077
0.0196762159
-0.0283488184
-0.0057227034
-0.0152777052
-0.0375462770
-0.0019679198
-0.0098649506
-0.0459967591
-0.0120460931
-0.0316671170
-0.0247392524
-0.0204857960
0.0341444686
0.0034823988
0.0400026962
0.0256664399
-0.0106405355
-0.4780540168
-0.2349837720
0.0337657146
0.0123015214
0.0342892893
-0.0035537723
-0.0092894249
0.0653054789
-0.0196187999
0.0730624720
-0.0032146217
-0.3675561547
0.0416379459
-0.0131660849
-0.0348485708
0.0162344761
-0.0712059364
0.2601139843
-0.0498610139
0.0278427135
-0.0640043244
0.0142336851
-0.0230067633
0.0076026614
0.0528763160
0.0176833645
0.0819350779
-0.1696886420
0.0074815205
0.0305630229
0.6055884361
0.0502713807
0.0486504622
-0.0298147872
-0.0589393862
-0.0699423552
0.0144381737
-0.0866182148
0.0863519460
-0.0040292055
0.0324361175
0.0250194930
-0.0108777154
0.0144606624
-0.0370372199
0.0788786039
0.0667843968
0.0245047100
-0.0295540597
-0.0097676013
-0.0179530587
-0.0491214544
0.0052625993
-0.0096103260
-0.0168610122
-0.0002036945
-0.0438145176
0.0018879803
-0.0173937026
0.0422569551
-0.0074283062
0.0708622560
0.0337939896
0.0393786430
-0.6181176901
-0.1594383121
0.0351073630
0.0166601203
0.0371141583
0.0043452978
0.0010737806
0.0911655203
-0.0289867856
0.1097134873
-0.0133042047
-0.5074758530
0.0471225344
-0.0229528900
-0.0405967496
0.0818788186
-0.0956019163
0.2930254042
-0.0291443355
0.0261536241
-0.0388064720
0.0175876934
-0.0241147708
0.0020869251
0.0683835968
0.0228903051
0.0971171781
-0.2206114233
0.0148332641
0.0143217267
0.7585952282
0.0557103790
0.1073727235
-0.0323666893
-0.0576031506
-0.0722084045
0.0062961369
-0.0691047162
0.0894923434
-0.0155180153
0.0402816013
0.0333087631
-0.0148377558
-0.0292524826
-0.0313897841
0.0551807210
0.0645447075
0.0336434618
-0.0266063660
-0.0075661815
-0.0125712994
-0.0483566076
0.0073877880
-0.0113157518
0.0076822224
-0.0063579576
-0.0396016277
-0.0298266970
-0.0230444707
0.0307407789
-0.0076368544
0.0627299473
0.0334546641
0.0217184052
-0.5961959362
-0.2019583136
0.0362374857
0.0130403610
0.0347629189
-0.0080522439
-0.0132389180
0.0866648182
-0.0172208101
0.0749859512
-0.0087806629
-0.5024787784
0.0455374680
-0.0223709457
-0.0416508205
0.0759497359
-0.1037282124
0.2557254732
-0.0611999109
0.0267629884
-0.0666063353
0.0194607582
-0.0260985997
0.0057294788
0.0620297492
0.0218686257
0.0976284221
-0.2654934525
0.0143989408
0.0226016361
0.7460801005
0.0636473075
0.0903563574
-0.0365884528
-0.0573208183
-0.0828643739
0.0078400495
-0.0821148828
0.1061556712
0.0053246524
0.0351153426
0.0160779078
-0.0079530515
-0.0384346806
-0.0570922755
0.0588922203
0.0713418052
0.0398442335
-0.0275419652
-0.0099916002
-0.0080062402
-0.0552882142
0.0096976748
-0.0159035344
0.0052378480
0.0041519143
-0.0446009487
-0.0248153117
-0.0109675992
0.0298358798
-0.0083972281
0.0879705325
0.0364883617
0.0607537888
-0.6307449937
-0.1975539476
0.0382668376
0.0112942681
0.0355418064
-0.0004397407
-0.0081329830
0.0905782506
-0.0290751494
0.0878252983
-0.0109890066
-0.5581610799
0.0468462147
-0.0258623734
-0.0421394184
0.0901465490
-0.1110845879
0.2461321801
-0.0655750260
0.0244320501
-0.0437581129
0.0200120434
-0.0265578423
0.0054337233
0.0726207420
0.0255315602
0.1043621898
-0.2766129076
0.0154791819
0.0001191993
0.8002829552
0.0682403818
0.1110150144
-0.0348062590
-0.0578723028
-0.0870119184
0.0042076670
-0.0961393118
0.0900642201
0.0027770044
0.0368132144
0.0356277451
0.0082899146
-0.0345590711
-0.0666916072
0.0585672334
0.0745941177
0.0435823612
-0.0239748675
-0.0147372913
-0.0037372920
-0.0559668243
0.0064824275
-0.0155443167
0.0257617868
0.0058820196
-0.0423784889
-0.0197820850
-0.0173040945
0.0177377332
-0.0210027453
0.0979681015
0.0361601450
0.0681470931
-0.6451482177
-0.2020677328
0.0370608084
0.0091270795
0.0353151374
-0.0089738779
-0.0145356422
0.0739732608
-0.0326037295
0.0646736622
-0.0096136704
-0.5744317174
0.0435814373
-0.0262111425
-0.0422078595
0.0895207077
-0.1200710312
0.2345239520
-0.0690718219
0.0231803712
-0.0628638789
0.0239312816
-0.0269815661
0.0046899091
0.0621864796
0.0276424494
0.1033611447
-0.3001874387
0.0184371267
0.0016452235
0.8184638619
0.0789409056
0.1132313088
-0.0338852406
-0.0577195212
-0.0908950642
0.0043394607
-0.0969873220
0.0897537246
0.0017044814
0.0315597504
0.0327371955
0.0116374586
-0.0171865150
-0.0932819396
0.0708643198
0.0746246129
0.0391154438
-0.0203975197
-0.0175314676
-0.0083883721
-0.0609934628
0.0027895803
-0.0171041768
0.0315209217
0.0168411862
-0.0466785207
-0.0335479826
-0.0028040656
0.0323461816
-0.0122546023
0.1263036728
0.0362684093
0.0863999650
-0.6534401178
-0.1663347036
0.0333239920
0.0109296590
0.0363369100
0.0053313756
0.0073246914
0.0716377944
-0.0475900210
0.1036724001
-0.0087466640
-0.5969164968
0.0333317108
-0.0272172373
-0.0417980589
0.0927297622
-0.0854773968
0.2418435216
-0.0558589250
0.0247105379
-0.0462327711
0.0277804937
-0.0225487892
0.0019070022
0.0676103979
0.0306798685
0.1026384979
-0.2325606644
0.0204714499
-0.0217069443
0.8271613717
0.0669172779
0.1233317852
-0.0208843611
-0.0420404896
-0.0470431075
-0.0250988565
-0.0002203636
-0.2033579499
-0.2567175329
0.1104611754
0.1578706950
-0.0304246321
-0.0884737894
-0.0497015528
0.0272894055
0.0176006574
-0.0080122305
-0.0297037754
-0.0157844517
-0.0117557319
-0.0300266165
-0.0138161182
0.0059568570
0.2739908397
-0.0386835635
0.0057454146
-0.0970521942
0.0629179925
0.0553981550
-0.0441312790
0.0761260241
-0.0162631776
-0.3020244539
0.0322672278
-0.4861730039
0.0359231606
-0.0120681161
0.0128938975
-0.0280351788
-0.0199447572
-0.0055732313
-0.0101920078
-0.0395754501
0.0114108650
-0.0301970504
0.0416709818
0.0235929508
-0.0275526363
-0.2645635307
-0.0354133770
0.0084509179
-0.1089657471
0.0435205437
-0.1111720502
-0.0076988996
-0.0248020068
0.0141804349
0.0039173942
-0.0039404128
0.0159661677
-0.1219467148
-0.0129224332
-0.0204952210
0.1405364126
-0.0116229607
-0.0251900684
0.0031160407
-0.0081489617
-0.1150212660
-0.0400359072
-0.0381899066
-0.3736655712
-0.1951742172
0.0094408421
-0.1010915264
-0.0187748969
0.0459873527
-0.0804892480
0.0095856180
0.0336916037
-0.0176648125
-0.0268152244
-0.0238875747
0.0215758737
-0.0256888699
-0.0076358826
0.0349701904
0.1696296036
-0.0122298403
0.0090616625
0.0290997606
0.0191097036
-0.1581499726
-0.1087235734
0.0946117714
-0.0148772867
-0.1231598631
0.0392154232
-0.4954143465
0.0296270903
-0.0272964537
0.0078468518
-0.0400296822
-0.0149398185
-0.0469886810
0.0747503713
-0.0341859944
0.0347902700
-0.0380741991
0.1348389536
0.0053995177
-0.0274275448
-0.0879034698
-0.0731230974
0.0113178072
-0.1994249076
0.0140193524
-0.1574427336
0.0050136675
0.0111004878
0.0846643150
0.0233679675
-0.0282801054
0.0080564991
-0.0259428732
0.0234903656
0.0448058657
0.1023883969
0.0398108922
-0.0545154698
-0.0136869270
-0.0449675396
-0.0386191159
-0.0152361831
0.0310941897
0.0406692773
-0.1975284219
0.0436625220
-0.0881721973
-0.0383455344
-0.0556058250
0.0537587702
0.0026677123
0.0108482884
-0.0144517785
-0.0254085772
0.0024469404
-0.0055153351
-0.0048842737
-0.0189758278
0.0024962490
-0.2101058066
-0.0183710586
-0.0124590741
-0.0717660636
0.0150442356
0.0419535600
0.0200401209
-0.0367723554
-0.0136924982
-0.0869963616
-0.0158889927
-0.2344860733
0.0222276207
0.0066772988
0.0289582349
-0.0110759875
0.0056263697
-0.0086404486
0.0013636748
0.0348009169
0.0218589455
0.2060623169
0.0078886803
0.0068751783
-0.0242059566
-0.2184681594
-0.0045048906
0.2332027704
-0.1564558297
0.0269348584
-0.0782301053
0.0044282447
-0.0089523746
0.0206119902
0.0413392484
0.0064798170
0.0213254988
0.2971620262
-0.0099243624
0.0578153804
0.0747300088
0.0025212087
-0.0439559743
-0.0214837454
-0.0457385406
-0.0890308395
0.0103978002
-0.1185934693
0.1359744072
0.0754222572
-0.0249335635
-0.0169270206
-0.0218783580
0.0842223689
-0.0586292557
0.0880865082
0.0665121228
0.0430274829
-0.0094555095
-0.0139756361
-0.0045761783
-0.0590074621
-0.0064448286
-0.0291931834
-0.0265342463
0.0204416364
-0.0463573411
-0.0750474706
0.0130719356
0.0554616228
0.0059361453
0.1074636653
0.0265962090
0.1458807588
-0.5429722071
-0.2923682034
0.0283277277
0.0059865629
0.0445426740
0.0161605887
0.0047756182
0.0436701700
-0.0491692834
0.0836159289
0.0039718426
-0.4367335439
0.0075189318
-0.0240496732
-0.0386517793
0.0797232687
-0.0053657759
0.2745570242
-0.1274072379
0.0284829233
-0.0199967306
0.0178726912
-0.0194805991
0.0105911102
0.0884745121
0.0311072059
0.0917607024
-0.2484309077
0.0290162358
-0.0104376106
0.7344194651
0.1388858706
0.0903407708
-0.0139204180
-0.0434666276
-0.0863155946
0.0162470583
-0.1375980079
0.1607430726
0.1401212662
-0.0388481915
0.0014090325
-0.0332997702
0.1112615168
-0.0335919447
0.0897722095
0.0690523833
0.0449860618
-0.0085951257
-0.0162783153
-0.0040735141
-0.0576334149
-0.0057980898
-0.0338590294
-0.0329335183
0.0273803044
-0.0469086394
-0.0573111400
0.0006137541
0.0545818396
-0.0282811932
0.0954415500
0.0280800704
0.1908500344
-0.5740096569
-0.3037012815
0.0298337433
0.0050987066
0.0460340008
0.0130988080
-0.0134739643
0.0448760316
-0.0478051193
0.0466268659
-0.0000690268
-0.4485120773
0.0054010111
-0.0235774014
-0.0362598896
0.1205417439
-0.0335136615
0.3135464191
-0.1664309204
0.0290078577
-0.0264393892
0.0148436893
-0.0243276358
0.0126606571
0.0863205120
0.0331323333
0.0938706174
-0.3117051721
0.0351290219
-0.0105839930
0.7656340599
0.1605812907
0.1106009334
-0.0073432713
-0.0449967794
-0.0829738304
0.0175952539
-0.1349208504
0.1391361654
0.1339347959
-0.0347933806
0.0256313421
-0.0304958522
0.0652341172
-0.0140662482
0.0743788928
0.0679445416
0.0421926901
-0.0131011372
-0.0186369363
-0.0038712467
-0.0513976701
-0.0065286797
-0.0305626374
-0.0205810033
0.0432290547
-0.0444041416
-0.0252083521
-0.0283992477
0.0338469744
-0.0746988133
0.0803055614
0.0329256989
0.1726186723
-0.5783497691
-0.2756099105
0.0314334109
0.0059557157
0.0457343347
0.0000954367
-0.0369724557
0.0226343293
-0.0423884280
-0.0113992849
-0.0043810769
-0.4405347407
0.0145779420
-0.0168264043
-0.0298935678
0.1262106299
-0.0752363577
0.3352257013
-0.1843604892
0.0282794926
-0.0653533041
0.0090247840
-0.0288408436
0.0128425863
0.0610591732
0.0287760179
0.0882251114
-0.3384937346
0.0347244926
-0.0077215363
0.7468531728
0.1572828293
0.1139262095
-0.0052610524
-0.0384479426
-0.0816715509
0.0205002539
-0.1362490058
0.1335319877
0.1642014384
-0.0389095135
-0.0071495557
-0.0355452187
0.0527047664
0.0147838388
0.0522807539
0.0665614232
0.0374447927
-0.0201362576
-0.0159785412
-0.0066645034
-0.0472786017
-0.0045794440
-0.0237888265
-0.0235632081
0.0333149470
-0.0479228497
-0.0225278586
-0.0212072209
0.0275872461
-0.0755377412
0.0729519352
0.0346042551
0.1484723985
-0.5660831928
-0.2318712026
0.0364756249
0.0068064299
0.0453163572
-0.0040953667
-0.0473817512
0.0273512304
-0.0254033841
-0.0288629103
-0.0037064925
-0.4216661453
0.0255132746
-0.0142353093
-0.0352868512
0.1064520255
-0.0891588107
0.3403224051
-0.2183916569
0.0308840871
-0.0643690452
0.0026821843
-0.0304213315
0.0172318351
0.0691221356
0.0202853214
0.0895422399
-0.3191852868
0.0328103155
0.0344404913
0.7225557566
0.1651335210
0.1138431951
-0.0040595019
-0.0384020023
-0.0672200620
0.0136686368
-0.1003210396
0.1143491268
0.0829605237
-0.0236233994
-0.0250088833
-0.0409225151
0.0380314887
0.0326481648
0.0428974815
0.0551684834
0.0203847494
-0.0229276773
-0.0117609166
-0.0112159876
-0.0371081084
-0.0071202819
-0.0136345774
-0.0455730967
0.0181388874
-0.0450394042
-0.0291426815
-0.0129401078
0.0423199497
-0.0571329221
0.0515779369
0.0263630785
0.0822528005
-0.4606167674
-0.1983686388
0.0350882970
0.0101917507
0.0421731994
-0.0067754290
-0.0303839147
0.0242347606
-0.0154164266
-0.0123661095
0.0004943793
-0.3057140112
0.0184837971
-0.0095269382
-0.0339918174
0.0480317958
-0.0905993581
0.3339496851
-0.1978784055
0.0316986591
-0.0661643893
0.0057918699
-0.0249802526
0.0155145302
0.0668133944
0.0177995358
0.0759467632
-0.1567937434
0.0246724095
0.0427959412
0.5920531750
0.1197978556
0.1010335013
-0.0108066723
-0.0575887375
-0.0505069718
0.0106351068
-0.0935899243
0.0891547874
0.0012752728
0.0321669094
0.0057874825
-0.0365339629
0.0055875955
0.0033714916
0.0420005359
0.0439201072
0.0119232964
-0.0284521114
-0.0093440982
-0.0187575929
-0.0337687731
-0.0114906365
-0.0164209008
-0.0710243657
0.0134868221
-0.0374528654
-0.0124069219
-0.0232259426
0.0564830825
-0.0302741099
0.0399767756
0.0267813914
0.0420329794
-0.5008968115
-0.1975217462
0.0245065093
0.0202362016
0.0386740007
0.0074353581
-0.0048186141
0.0569213778
-0.0203394461
0.0670400783
-0.0055503342
-0.3571482301
0.0300928522
-0.0108543197
-0.0218674000
0.0624490380
-0.0696731657
0.3449987173
-0.0671884343
0.0309321415
-0.0452213883
0.0088280542
-0.0235072635
0.0078289090
0.0578778163
0.0166129936
0.0787376165
-0.1910107285
0.0152685866
0.0039006690
0.6075809002
0.0502198786
0.0625022352
-0.0119772805
-0.0566218831
-0.0553126261
0.0139226383
-0.1078528389
0.1184668615
0.0345633142
0.0356581733
0.0025927471
-0.0256923139
0.0663474277
-0.0383677557
0.0530034043
0.0530281700
0.0155373029
-0.0235476065
-0.0154682109
-0.0255217273
-0.0449754111
-0.0120586921
-0.0221631061
-0.0220768657
0.0074963942
-0.0470451452
-0.0284117591
-0.0051400373
0.0621343665
-0.0280591305
0.0775584280
0.0302272458
0.0889408588
-0.5873867869
-0.2051207423
0.0245904624
0.0205854196
0.0425635464
0.0114081837
0.0231217928
0.0736593753
-0.0415973738
0.1050781384
-0.0111404005
-0.4792544246
0.0195871070
-0.0187926982
-0.0252627116
0.1185564324
-0.0689272061
0.3484216630
-0.0262192022
0.0309194215
-0.0285954252
0.0137022082
-0.0221979953
-0.0000468877
0.0700052083
0.0264816582
0.0925711617
-0.2367547154
0.0213740412
-0.0296042096
0.7231949568
0.0566395037
0.1091039851
-0.0160438810
-0.0568578579
-0.0488975383
0.0191320647
-0.1099016368
0.1087020338
0.0290167034
0.0368065909
-0.0186628606
-0.0448701456
0.0668985397
-0.0082836822
0.0827189684
0.0517874397
0.0089802416
-0.0272075497
-0.0126793496
-0.0304106027
-0.0461131595
-0.0086828005
-0.0188612547
-0.0460015200
-0.0031893204
-0.0537976101
0.0064965771
-0.0048961649
0.0759727657
-0.0320422687
0.0652563870
0.0283170566
0.0370234065
-0.5914465785
-0.1203403324
0.0223165657
0.0239056647
0.0419861637
0.0152497198
0.0483771898
0.0787853375
-0.0390861817
0.1508432180
-0.0140761081
-0.4278960228
0.0341960676
-0.0200008117
-0.0289835744
0.1057514697
-0.0568209961
0.3711867630
-0.0130718527
0.0302196927
0.0145855350
0.0144892400
-0.0225469936
-0.0003509192
0.0876143947
0.0226148814
0.0926909819
-0.1735433638
0.0151211750
-0.0314914882
0.7045961022
0.0424278192
0.1223348156
-0.0194493160
-0.0586806834
-0.0637899637
0.0117296707
-0.0969027132
0.0981956050
0.0613002516
0.0451208651
0.0088661714
-0.0373428166
0.0002075810
-0.0212949719
0.0357494988
0.0577401072
0.0212614760
-0.0257488806
-0.0140279718
-0.0208231825
-0.0489775427
-0.0008503798
-0.0176506415
-0.0129931169
0.0092951907
-0.0520713739
0.0073041851
-0.0199777242
0.0487811640
-0.0403561518
0.0636994913
0.0358072966
0.0470778458
-0.6419895887
-0.0621782728
0.0275444984
0.0210371688
0.0402293764
0.0043620905
0.0114379227
0.0838086531
-0.0241607688
0.0947833732
-0.0107583078
-0.4967821538
0.0307129007
-0.0192041062
-0.0319577120
0.1235993654
-0.1086123362
0.3531092107
-0.0580177009
0.0281743668
-0.0403074436
0.0165054705
-0.0250588376
0.0029217505
0.0701748505
0.0247067530
0.0933991149
-0.2282367051
0.0201392826
-0.0227832291
0.7579994798
0.0469114631
0.1314598024
-0.0194463413
-0.0537628084
-0.0685342178
0.0114669492
-0.1182983890
0.1234077588
0.0628294498
0.0520703904
-0.0202925634
-0.0503068492
0.0039120708
-0.0399102531
0.0503829829
0.0611552186
0.0192870032
-0.0225967020
-0.0213942807
-0.0307172947
-0.0558376275
-0.0030010999
-0.0224715881
0.0281006191
0.0063223396
-0.0665996894
-0.0014481507
0.0090045482
0.0653425381
-0.0359554999
0.1047476679
0.0355246849
0.0527552515
-0.6850225329
-0.0122616412
0.0273450501
0.0236534923
0.0422564708
0.0043498850
0.0585131571
0.0946834907
-0.0325693898
0.1576372832
-0.0156286247
-0.5530809164
0.0284774676
-0.0234574992
-0.0329835489
0.1550363451
-0.1147172228
0.3534179628
-0.0363209024
0.0263895765
0.0016366765
0.0230477992
-0.0184124000
-0.0031627696
0.0966240317
0.0320207551
0.1017650068
-0.1832703948
0.0231520552
-0.0803088173
0.8105468154
0.0238357447
0.1839739531
-0.0164044425
-0.0501108170
-0.0705694780
0.0111040659
-0.1189270988
0.0915176198
0.0507098772
0.0485340469
0.0044932594
-0.0612149276
-0.0043952665
-0.0439084917
0.0460873060
0.0578364767
0.0135427369
-0.0223510955
-0.0224491917
-0.0303805321
-0.0489097834
-0.0071076523
-0.0232682880
0.0398818552
0.0048050247
-0.0682256147
0.0094353016
-0.0054424573
0.0690446049
-0.0563372895
0.0915798321
0.0372126065
0.0221634340
-0.6670696139
0.0382897668
0.0290638860
0.0268530920
0.0407148860
-0.0081997225
0.0546183288
0.0892317742
-0.0191112272
0.1362806559
-0.0141847730
-0.4992720783
0.0295852199
-0.0192145985
-0.0303204656
0.1520067900
-0.1522572488
0.3796859086
-0.0605536476
0.0272702146
-0.0147439335
0.0213156417
-0.0155163910
-0.0009513075
0.0926899761
0.0306569617
0.0998748913
-0.1622431427
0.0243043955
-0.0739785060
0.7701148987
0.0131069850
0.1876697391
-0.0119953686
-0.0413227156
-0.0732212737
0.0093164584
-0.1080891341
0.0275279991
0.0149146225
0.0528742708
-0.0020810238
-0.0829660371
-0.0392406434
-0.0517605729
0.0386180133
0.0505135097
0.0062493715
-0.0242804270
-0.0213537179
-0.0269187968
-0.0395609289
-0.0107359737
-0.0266877208
0.0645609051
-0.0166432373
-0.0715205818
0.0250263084
-0.0194088090
0.0810359269
-0.0526075214
0.0759381950
0.0390333533
-0.0493829101
-0.6204744577
0.1082414612
0.0294477791
0.0296633523
0.0383343361
-0.0240263268
0.0596101955
0.0530240014
-0.0025274279
0.1170756891
-0.0098036313
-0.4139635265
0.0409859531
-0.0119383344
-0.0254744235
0.1250254363
-0.1807998270
0.3854758143
-0.1007999554
0.0297493171
-0.0213435888
0.0161901452
-0.0136253759
0.0057387529
0.0939858183
0.0253500454
0.0969032869
-0.1204570234
0.0197198223
-0.0546585433
0.6901101470
0.0213254355
0.1908009201
-0.0197882093
-0.0364709683
-0.0684341192
-0.0044401991
-0.0739983097
-0.1638475955
-0.0783375427
0.0826985314
0.0491332710
-0.0319183171
-0.1882179230
-0.0472399704
-0.0089224605
0.0489437729
-0.0005439981
-0.0417263135
-0.0113835512
0.0134208733
-0.0158686992
-0.0015760536
0.0007085291
0.1914907545
-0.0234726183
-0.0684074983
0.0679561421
-0.0726125762
-0.0020361503
-0.1328049600
0.0062232562
0.0294711571
-0.2772470415
-0.5028788447
0.2937200963
0.0354975611
0.0293238740
0.0285448376
-0.1095189303
-0.0367380604
-0.0364061035
0.0690681562
-0.1373846233
-0.0040676240
-0.2241674662
0.0254460685
-0.0070616021
-0.0392523259
-0.0327219367
-0.3497944176
0.3013969660
-0.1728129834
0.0139226364
-0.1731403023
0.0053084334
-0.0207499284
0.0241152644
0.0328228027
-0.0068464628
0.0810185596
-0.1515501291
0.0176722929
0.0896649286
0.4883749485
0.0243640542
0.1641558856
-0.0220067482
-0.0332036316
-0.0536541902
-0.0070597338
-0.0789723992
-0.1098613217
0.0174484290
0.0617202297
0.0395731665
-0.0404132158
-0.1685361117
0.0382453762
-0.0233820155
0.0455600768
-0.0052881693
-0.0405798368
-0.0096007288
0.0044907322
-0.0111487238
0.0004108086
-0.0070751449
0.1322878599
-0.0194904320
-0.0797473639
0.0890785605
-0.0874290839
0.0017230151
-0.1560560912
-0.0210031681
0.0322218277
-0.2850390077
-0.5157666802
0.4032189846
0.0375139080
0.0358718857
0.0315958932
-0.1332083493
-0.0266793799
-0.0069194282
0.0742320269
-0.1122008935
-0.0042749038
-0.1880887598
0.0188082457
-0.0170270018
-0.0353266746
-0.0099163828
-0.3492797613
0.3460139036
-0.1731842905
0.0117718549
-0.1810460538
0.0059547098
-0.0140484674
0.0232704002
0.0469616428
-0.0005773877
0.0916788727
-0.0760832205
0.0195375104
0.1042781994
0.4911954999
0.0041178651
0.1405627578
0.0124998102
-0.0117998822
-0.1022783518
0.0056160535
-0.1017247587
-0.1716892570
-0.1150439382
0.0595866106
0.0274346285
-0.1842450052
-0.2049192041
-0.0222199969
0.0303975437
0.0582863539
-0.0318368748
-0.0452104546
-0.0400068574
0.0157042891
-0.0200835895
0.0015456681
-0.0393294245
0.3354802132
-0.0356513523
-0.1036219001
0.1628356427
-0.1074730754
0.0727725551
-0.1143434271
0.0214229133
0.0520721413
-0.3490338624
-0.6539931297
0.5204054117
0.0642156601
0.0485489294
0.0284911972
-0.1264614314
0.0173358228
-0.0038586559
0.0930252522
-0.0063197357
-0.0002833017
-0.3559544981
0.0689986870
-0.0110290851
-0.0053921319
0.1304371208
-0.4788917005
0.3972291350
-0.1620584726
0.0155844875
-0.0659684241
0.0010785172
-0.0048030140
0.0371268503
0.1576190591
0.0184302814
0.1089315712
-0.0386305600
0.0235473588
-0.0599510856
0.6281024218
-0.0180970058
0.3096543550
-0.0215944331
-0.0304434188
-0.0508372448
0.0080029229
-0.1258428693
-0.0293318629
0.0956124365
0.0185058396
0.0512117371
-0.0684667677
-0.1195406467
0.0330650248
-0.0204474702
0.0552359074
-0.0009931284
-0.0359295346
-0.0136724934
-0.0067869867
-0.0217007585
0.0008443477
-0.0050112121
0.1084323302
-0.0400396027
-0.0865925178
0.0929812863
-0.0810140744
0.0211042855
-0.1145755574
-0.0082291113
0.0495082326
-0.2096779346
-0.6325429082
0.3571589589
0.0398161411
0.0381912328
0.0365701467
-0.1111227348
0.0020399094
0.0372894332
0.0748403668
-0.0457565114
-0.0141234407
-0.3608035147
0.0323316157
-0.0269678459
-0.0302488375
0.1213132292
-0.3427297175
0.4195293784
-0.1864107251
0.0211292896
-0.1433267444
0.0082219299
-0.0113809705
0.0162186585
0.0828771442
0.0155676743
0.1102355197
-0.1403020024
0.0257593375
0.0768331587
0.6636128426
0.0261901356
0.1794527769
-0.0228217412
-0.0408079028
-0.0382646099
0.0113717932
-0.1158860177
-0.0152094541
0.0915456116
0.0108371256
0.0493875816
-0.0287727360
-0.0448129177
0.0191612113
0.0117535796
0.0565258972
0.0017627839
-0.0308124144
-0.0065484070
-0.0131630003
-0.0328587629
-0.0001619557
0.0036148201
0.0628705770
-0.0305494517
-0.0713633820
0.0488339029
-0.0726100579
0.0358978808
-0.1025060043
0.0124131367
0.0461499356
-0.1301365942
-0.5802476406
0.1924923509
0.0334585346
0.0283156410
0.0333958231
-0.0816419572
-0.0212430954
0.0188282374
0.0517042875
-0.0745640546
-0.0083784098
-0.3450277746
0.0075490125
-0.0200948883
-0.0402469076
0.0874578729
-0.2476166040
0.4151113629
-0.1849796176
0.0230189357
-0.1445686668
0.0074148676
-0.0187571086
0.0085795047
0.0465882272
0.0149904899
0.0930899158
-0.1621316969
0.0283935927
0.1146399528
0.6373685598
0.0593991056
0.1462110281
-0.0146497982
-0.0437688790
-0.0447271541
0.0107806288
-0.1092785150
0.0420982540
0.0637359768
-0.0026907758
0.0318380594
-0.0226072781
-0.0112325093
-0.0104671735
0.0180833172
0.0529255457
0.0052250195
-0.0250706635
-0.0056481212
-0.0190153979
-0.0367456526
-0.0069837659
-0.0013394017
-0.0097261956
-0.0003511391
-0.0545569323
0.0106060235
-0.0497535281
0.0751101375
-0.0623147152
0.0406331830
0.0403047502
-0.0329845138
-0.5204214454
0.0249088462
0.0303923544
0.0227228291
0.0343245566
-0.0393209346
-0.0093765762
0.0283965543
0.0241190176
-0.0270605721
-0.0039949035
-0.3432946503
0.0012071347
-0.0145059787
-0.0335977003
0.0585384816
-0.1531266570
0.3901762664
-0.1666720062
0.0284000020
-0.1084673405
0.0071285730
-0.0202937070
0.0098409494
0.0418520495
0.0179767162
0.0791791826
-0.1340165436
0.0256906580
0.0809919536
0.6071079373
0.0680655241
0.1106513068
-0.0123995962
-0.0434693135
-0.0373979881
0.0062282956
-0.0828203410
0.0353515446
-0.0072156470
0.0007045222
0.0120677389
-0.0143343406
-0.0098422254
-0.0139424000
0.0244840924
0.0421677567
0.0004324941
-0.0237450376
-0.0002111157
-0.0206229445
-0.0311912056
-0.0115735941
0.0004527695
-0.0588794611
0.0062382994
-0.0403730534
-0.0186247621
-0.0351829939
0.0936904997
-0.0441829227
0.0326392986
0.0289138332
-0.0290944520
-0.3855455518
-0.0878588930
0.0274066459
0.0176664870
0.0314776041
-0.0218307562
-0.0139081599
0.0136096533
0.0183285717
-0.0336429961
0.0027924627
-0.2142623067
-0.0038816882
-0.0059650154
-0.0312887058
-0.0215866398
-0.1024920940
0.3625359535
-0.1746058464
0.0296333637
-0.1007438451
0.0050120638
-0.0189952198
0.0103571927
0.0294511132
0.0109631587
0.0618586205
-0.0673897043
0.0202762671
0.0947767049
0.4663067162
0.0673346445
0.0626349822
-0.0061224503
-0.0565771237
-0.0454575419
0.0065033422
-0.0900644585
0.0908586085
-0.0009450830
0.0408354476
-0.0031021098
-0.0586298183
-0.0019882694
0.0271187779
0.0203764327
0.0410083272
0.0003924770
-0.0296793077
-0.0167192724
-0.0239362828
-0.0329336934
-0.0073259580
-0.0160718150
-0.0534908026
0.0157302637
-0.0464280620
0.0019988446
-0.0172762703
0.0514296181
-0.0568068847
0.0219758879
0.0244928747
0.0112622147
-0.4994044900
-0.0858262256
0.0301998705
0.0269526206
0.0401594080
-0.0044917129
0.0056484081
0.0700695738
-0.0067726886
0.0649307817
-0.0048232335
-0.3034356236
0.0228291936
-0.0095007783
-0.0221953094
0.0843285620
-0.1296100914
0.3841389120
-0.0750087947
0.0303056370
-0.0468631573
0.0050705615
-0.0205312874
0.0082422812
0.0771274120
0.0171012692
0.0757012889
-0.1078932211
0.0166502018
-0.0257184450
0.5764390826
0.0160599072
0.1076637208
-0.0076785735
-0.0589085147
-0.0533581227
0.0126392804
-0.0971417278
0.1114462689
0.0349515527
0.0295198914
-0.0011177872
-0.0698930621
0.0633944198
0.0304907914
0.0506535992
0.0462431274
0.0002057874
-0.0300904922
-0.0221633408
-0.0325633027
-0.0432200320
-0.0024190478
-0.0218202546
-0.0223813038
0.0072029796
-0.0567599759
0.0100827180
-0.0226387698
0.0519910567
-0.0642966777
0.0269696061
0.0292039085
0.0290463530
-0.5749393702
-0.0459659621
0.0308830030
0.0285015665
0.0414407775
0.0065437066
0.0177332144
0.1094238833
-0.0192319881
0.1059085354
-0.0058146557
-0.3622643948
0.0243239217
-0.0114195170
-0.0274959803
0.1310118735
-0.1322016865
0.4167399704
-0.0369102806
0.0334549397
-0.0185076073
0.0074753948
-0.0206020083
0.0002588418
0.0888345614
0.0265021101
0.0830013528
-0.1276587844
0.0193997715
-0.0514164679
0.6581392288
0.0032306053
0.1540646553
-0.0087319976
-0.0575602353
-0.0513297319
0.0133936126
-0.1280225217
0.0984326154
0.0597940236
0.0330547728
0.0159352124
-0.0466765985
0.0294357240
0.0000122535
0.0487480499
0.0497751050
0.0152936466
-0.0266324598
-0.0174346548
-0.0211803634
-0.0416309573
-0.0093342140
-0.0206060465
-0.0255896077
0.0132127209
-0.0495786741
-0.0064530503
-0.0289553013
0.0533560812
-0.0553906709
0.0509814285
0.0343312323
0.0489990860
-0.5989767313
-0.0938814133
0.0240183994
0.0258836541
0.0415432602
-0.0010068652
0.0023414418
0.0696417615
-0.0200440548
0.0614758171
-0.0081209084
-0.4211126268
0.0352629423
-0.0136979725
-0.0254647378
0.1246419922
-0.1085311472
0.3883485198
-0.0685275346
0.0324489772
-0.0387328155
0.0109684430
-0.0265973508
0.0043246010
0.0691264495
0.0220147483
0.0874874666
-0.2275215983
0.0203163307
-0.0200320184
0.7030614614
0.0544055663
0.1216181368
-0.0145926494
-0.0564406067
-0.0567163639
0.0112078097
-0.0904550031
0.1116762832
0.0363384560
0.0430729985
-0.0168044809
-0.0617971234
0.0236687120
0.0168627780
0.0491299890
0.0493549109
0.0090533020
-0.0272064544
-0.0193048473
-0.0252532382
-0.0465970933
-0.0003226924
-0.0206573214
-0.0228008144
0.0050895177
-0.0567193143
-0.0025877641
-0.0015240260
0.0543129034
-0.0442605130
0.0440837666
0.0288413111
0.0319884531
-0.5737763643
-0.0591032207
0.0288990047
0.0245375857
0.0401693434
0.0069483584
0.0260075666
0.0950827077
-0.0283310022
0.1090590358
-0.0071888603
-0.3797562420
0.0355641320
-0.0155302808
-0.0303666070
0.1078374386
-0.1170236245
0.3818391562
-0.0578365959
0.0294099040
-0.0097241085
0.0117153609
-0.0226545483
0.0017174224
0.0885198936
0.0241402257
0.0861681998
-0.1450055242
0.0168662779
-0.0550476685
0.6741394997
0.0203745198
0.1521503031
-0.0135206394
-0.0540793426
-0.0671539158
0.0044290959
-0.0738568529
0.1394395679
0.0131410444
0.0393595174
-0.0326288491
-0.0576492585
-0.0099568404
-0.0312867910
0.0453463867
0.0501543097
0.0171144903
-0.0232267212
-0.0238065328
-0.0268105213
-0.0561466664
-0.0023693226
-0.0239927359
0.0040461984
0.0213101171
-0.0608077459
-0.0414853729
0.0122555364
0.0635541975
-0.0355058052
0.0884497687
0.0310401209
0.0741432607
-0.5756274462
-0.0968325362
0.0304383617
0.0184671246
0.0393395163
0.0191566385
0.0504651666
0.0986244977
-0.0408493541
0.1360251158
-0.0074913558
-0.4645712078
0.0122894067
-0.0152496723
-0.0298717823
0.1213165373
-0.0898831189
0.3318940103
-0.0531929657
0.0324208327
0.0037572575
0.0166000929
-0.0194667112
0.0029792674
0.0990110338
0.0341025218
0.0887909830
-0.0993950441
0.0175569039
-0.1110748127
0.7166250944
0.0110316686
0.1684259027
-0.0135750519
-0.0564953312
-0.0641857237
0.0062077190
-0.1164035797
0.1061125249
0.0575821847
0.0312449168
0.0111476323
-0.0339151882
0.0392070636
-0.0433841012
0.0341333710
0.0516427681
0.0239956956
-0.0200963430
-0.0215015654
-0.0206255782
-0.0481845513
-0.0129416659
-0.0227703732
-0.0088391360
0.0169711579
-0.0510723256
-0.0280687809
-0.0170128625
0.0356133580
-0.0467676185
0.0802467391
0.0344530493
0.0940940976
-0.6009147763
-0.1139156744
0.0227456540
0.0208596345
0.0417074822
0.0081213973
0.0157486405
0.0698449835
-0.0425498150
0.0751690641
-0.0071107447
-0.4615791440
0.0225170255
-0.0143735884
-0.0254845731
0.1278320253
-0.1046979427
0.3593910336
-0.0657843202
0.0329628028
-0.0308086295
0.0198443644
-0.0236689784
0.0022170260
0.0671319291
0.0324239731
0.0878449157
-0.2074545622
0.0215817261
-0.0590271577
0.7350917459
0.0476368517
0.1300864816
-0.0146259004
-0.0546397157
-0.0660850704
0.0055007162
-0.1111141965
0.1064087152
0.0793318599
0.0215026326
0.0289380960
-0.0399842486
0.0138749797
-0.0352442376
0.0256238077
0.0544168055
0.0270229261
-0.0176594872
-0.0217981134
-0.0198182780
-0.0499653257
-0.0105898930
-0.0222609211
-0.0023867816
0.0199434292
-0.0552296713
-0.0149721671
-0.0170921851
0.0355412737
-0.0534658283
0.0767333657
0.0383306630
0.0913547799
-0.6208258271
-0.0711986050
0.0233117398
0.0207956377
0.0414003469
0.0008786505
0.0196647178
0.0589281321
-0.0331785083
0.0714733005
-0.0076096309
-0.4800576270
0.0166610312
-0.0156979114
-0.0244286992
0.1523471177
-0.1203687638
0.3692485988
-0.1054883897
0.0320869945
-0.0445357300
0.0201976635
-0.0227408316
0.0049338490
0.0715629533
0.0330297090
0.0902687386
-0.2076538354
0.0237100329
-0.0709982067
0.7538545728
0.0509329252
0.1414544284
-0.0019458033
-0.0428043529
-0.0592032149
0.0057937563
-0.1213035211
0.1437847465
-0.0232446864
0.0042666439
-0.0405018628
-0.0944926068
0.0233763494
-0.0311569963
0.1032863632
0.0492123403
0.0107323145
-0.0189748406
-0.0420732126
-0.0372210741
-0.0622505806
-0.0038982492
-0.0234617051
0.0845715627
0.0193707738
-0.0848804489
-0.0854508132
0.0340386964
0.1311276108
-0.0490684099
0.1089453697
0.0294284169
0.0406158380
-0.5747129321
-0.0805345103
0.0271087494
0.0203831159
0.0416266732
-0.0090633743
0.1050409973
0.1028434485
-0.0137278670
0.1797444224
-0.0152724963
-0.4400689006
-0.0302582458
-0.0179672819
-0.0415106863
0.1783356965
-0.0595468879
0.3596049547
-0.0680871233
0.0418428294
0.0232771132
0.0178856738
-0.0167242717
0.0049913651
0.1463258713
0.0390236191
0.0984579325
-0.0568940006
0.0227712635
-0.1526637673
0.7222691774
0.0069850357
0.2438749373
-0.0120124118
-0.0486132838
-0.0611507669
0.0074949409
-0.1133641824
0.1129365340
0.0729971230
0.0070072878
0.0083735958
-0.0470135547
0.0444911644
-0.0222730990
0.0416472442
0.0499540195
0.0205748435
-0.0165552199
-0.0177463032
-0.0212518461
-0.0479583181
-0.0112515017
-0.0207286049
-0.0269564055
0.0103811854
-0.0567755625
-0.0301893298
-0.0075568384
0.0619635098
-0.0518807024
0.0714791045
0.0313849561
0.0846113861
-0.5423493385
-0.1009196788
0.0232716817
0.0183848906
0.0407869108
0.0006324708
0.0232882295
0.0569629520
-0.0309035257
0.0693245456
-0.0041075186
-0.3918149173
0.0082740067
-0.0137703968
-0.0290672164
0.1147411540
-0.0897996128
0.3652496934
-0.1313335747
0.0320876874
-0.0323975496
0.0184557214
-0.0214369353
0.0045380536
0.0763660073
0.0318563394
0.0836821198
-0.1330246627
0.0228024516
-0.0381713100
0.6735841036
0.0565967709
0.1428906918
-0.0054580565
-0.0482632518
-0.0551212318
0.0030804595
-0.1189379841
0.1104209349
0.0305036008
0.0053111454
0.0222080480
-0.0546910390
0.0404853113
-0.0177571028
0.0569800399
0.0418865532
0.0212654825
-0.0135674244
-0.0209076647
-0.0223753061
-0.0453955531
-0.0151709979
-0.0268630516
-0.0307331569
0.0152512500
-0.0505115204
-0.0548045821
-0.0054329643
0.0710530579
-0.0455448516
0.0706610829
0.0264271963
0.0703494251
-0.4837900400
-0.1606517583
0.0207239874
0.0171722602
0.0399166122
0.0033575210
0.0327267386
0.0427022502
-0.0350966193
0.0634517223
0.0013126220
-0.3198600411
0.0059561273
-0.0103697022
-0.0218100268
0.0878808275
-0.0525998734
0.3561831713
-0.1249096841
0.0345302671
-0.0334063396
0.0183591377
-0.0196148157
0.0103808204
0.0795416161
0.0316374600
0.0772844702
-0.1120466962
0.0242493078
-0.0614654906
0.6138026118
0.0663434714
0.1099775657
-0.0020857039
-0.0503764600
-0.0481038466
0.0167947635
-0.1716601700
0.1159499660
0.1708272099
-0.0488454401
0.0738534927
-0.0237047616
0.1944355518
-0.0078183478
0.0814402997
0.0500713065
0.0249534044
-0.0135959694
-0.0158797242
-0.0221312176
-0.0375659615
-0.0201576091
-0.0332783051
-0.0485294573
0.0009990120
-0.0586319044
-0.0060313148
-0.0017177142
0.0561250485
-0.0801097900
0.0656172261
0.0318841077
0.1700481027
-0.5522888303
-0.1812937111
0.0163920559
0.0241728537
0.0456908531
0.0088984678
-0.0126054445
0.0625571907
-0.0471624471
0.0016522140
-0.0063765934
-0.3501297534
-0.0175640248
-0.0109021589
-0.0193430241
0.1634985209
-0.0905372724
0.4594153762
-0.1365748048
0.0391136743
-0.0608412214
0.0172297228
-0.0237450451
-0.0068787774
0.0583599396
0.0347373486
0.0814528167
-0.2300158292
0.0348095670
-0.0329448618
0.6913756728
0.0831461325
0.1556806117
-0.0001419244
-0.0487722158
-0.0475236736
0.0208862089
-0.1573292613
0.1317648441
0.1558389515
-0.0513406135
0.0449482054
-0.0388142765
0.1780441850
0.0126477312
0.0799881071
0.0449739061
0.0210061669
-0.0150370784
-0.0117336148
-0.0256622415
-0.0367491767
-0.0198052656
-0.0308332480
-0.0614840984
0.0077098217
-0.0557532869
-0.0425189696
-0.0022651716
0.0664597005
-0.0663219169
0.0524940863
0.0270080306
0.1656190157
-0.5140313506
-0.2042531371
0.0128128855
0.0215162784
0.0449324399
0.0254160669
-0.0047452720
0.0632569641
-0.0532562472
0.0251125954
-0.0035656188
-0.3141472340
-0.0088273920
-0.0081846835
-0.0213426072
0.1511287391
-0.0571776927
0.4501172602
-0.1451671869
0.0410933308
-0.0424194075
0.0144580873
-0.0234211199
-0.0036976850
0.0659313276
0.0291406270
0.0757110938
-0.2024574429
0.0313349366
-0.0392319895
0.6482781172
0.0863533244
0.1334670335
0.0009597025
-0.0452304147
-0.0537343696
0.0162290670
-0.1455579549
0.1277651042
0.1287061423
-0.0265928805
-0.0054111979
-0.0555933155
0.0913920477
0.0015925952
0.0480061471
0.0449848175
0.0148736946
-0.0202340502
-0.0125454608
-0.0290417206
-0.0380376652
-0.0178271290
-0.0260718744
-0.0628739446
0.0159693789
-0.0573331937
-0.0386523046
-0.0042729266
0.0851385519
-0.0506434813
0.0703477338
0.0289223362
0.1013136432
-0.5165018439
-0.1329441965
0.0182135236
0.0242424868
0.0455560163
0.0148912864
0.0126307914
0.0652442575
-0.0341258273
0.0603648052
-0.0040369262
-0.3461663723
0.0097207827
-0.0078822421
-0.0246817973
0.1209532470
-0.0681455433
0.4073230624
-0.1317569017
0.0390801132
-0.0175476000
0.0118082436
-0.0223106835
0.0036496413
0.0775091946
0.0248674434
0.0802713037
-0.1478190571
0.0273166113
-0.0218742769
0.6427702904
0.0732032806
0.1263082772
0.0062960726
-0.0465755686
-0.0292460099
0.0206184201
-0.1048631966
0.1275281906
0.1011027023
-0.0513860807
-0.0197365973
-0.0649445653
0.0973556712
0.0395578220
0.0496175997
0.0284609068
0.0004478723
-0.0206029899
-0.0030335023
-0.0380689614
-0.0278202705
-0.0245516803
-0.0217745379
-0.1296267658
0.0032974845
-0.0518019795
-0.0515846014
-0.0043966807
0.1116356552
-0.0478340909
0.0095671080
0.0156970862
0.0926618576
-0.3824183941
-0.1676493287
0.0110433782
0.0187870171
0.0432368778
0.0279589910
0.0101530766
0.0828448907
-0.0358097143
0.0618328378
-0.0025822683
-0.1573326141
0.0121878618
0.0017104233
-0.0243155230
0.0965923443
-0.0397081338
0.4430202842
-0.1714708060
0.0406093299
-0.0081534572
0.0085417693
-0.0207178146
-0.0001754551
0.0816569701
0.0195728280
0.0626400933
-0.0496924035
0.0190014783
-0.0170062110
0.4725936651
0.0487328880
0.0884154439
-0.0096252346
-0.0535530522
-0.0400967598
-0.0036693378
-0.0292608850
0.0672761202
-0.1033994332
0.0434086956
-0.0407046340
-0.0483860150
-0.0413249917
0.0344092511
0.0193538014
0.0255537704
-0.0030229259
-0.0263321139
-0.0040902072
-0.0194748454
-0.0205882955
-0.0141884545
-0.0076136272
-0.1358116120
-0.0021496350
-0.0281906184
-0.0452710949
-0.0025590195
0.0565928519
-0.0088639287
0.0052192053
0.0117254183
-0.0337284505
-0.2887252569
-0.2075565904
0.0254888572
0.0151651986
0.0364098884
0.0025543428
0.0081572868
0.0285120681
-0.0113429809
0.0582782254
0.0063523063
-0.0981800854
0.0205573067
-0.0008382953
-0.0225784983
-0.0484022982
-0.0468958095
0.3169389665
-0.1037953869
0.0303393193
-0.0612145364
0.0073249778
-0.0162723642
0.0135775339
0.0544158705
0.0139753493
0.0541044474
0.0415755026
0.0030524463
0.0179923829
0.3687770665
0.0230337866
0.0273075383
-0.0143939434
-0.0561278202
-0.0442905314
-0.0027894937
-0.0342415385
0.0513161011
-0.0845728815
0.0531491041
-0.0105324117
-0.0453577973
-0.0439055003
0.0335594900
0.0165828895
0.0334853530
0.0037503522
-0.0289938990
-0.0062206904
-0.0196179301
-0.0237260237
-0.0063744360
-0.0051479107
-0.0762245879
-0.0049992618
-0.0321535990
-0.0266160145
-0.0317008309
0.0404606797
-0.0167716537
0.0057649924
0.0202145241
-0.0640870258
-0.3848933876
-0.1366840899
0.0277433116
0.0188560560
0.0366664492
-0.0099785859
-0.0078525608
0.0438085161
0.0032927876
0.0499699637
0.0025399334
-0.2103449106
0.0293231588
-0.0058323052
-0.0284023117
-0.0230586249
-0.0896152481
0.2942219079
-0.0751374364
0.0307428781
-0.0793013275
0.0100907078
-0.0184208490
0.0115639614
0.0553638749
0.0146572394
0.0657827109
-0.0222951248
0.0042460458
0.0416050628
0.4659557939
0.0239320174
0.0451995768
-0.0157605931
-0.0517492816
-0.0528484024
0.0000662270
-0.0524733365
0.1172562242
-0.0185488909
0.0286719687
-0.0398028418
-0.0313860439
-0.0015330767
0.0229797810
0.0203394126
0.0411174856
0.0118181035
-0.0250614434
-0.0084042866
-0.0198868401
-0.0336522162
-0.0067671197
-0.0115620214
-0.1041748077
0.0010202414
-0.0329418741
-0.0480887927
0.0053070523
0.0305122621
-0.0049490058
0.0326984376
0.0216499474
0.0429003611
-0.4009089470
-0.2172368467
0.0280624162
0.0132261002
0.0392700136
0.0118083246
0.0039474564
0.0419223383
-0.0303616393
0.0739986822
0.0005303247
-0.2546874583
0.0145149417
-0.0083693014
-0.0227775220
0.0184837319
-0.0779898912
0.3100395799
-0.0926469639
0.0323817469
-0.0602026395
0.0092827864
-0.0189183317
0.0100710019
0.0650322661
0.0254835803
0.0688435361
-0.0551043488
0.0088892691
-0.0114869485
0.5224521160
0.0446338132
0.0649031997
-0.0191371199
-0.0544980988
-0.0658815503
0.0092523862
-0.0938124359
0.1003927812
0.0058288984
0.0200544111
-0.0248351898
-0.0230343919
0.0067082262
-0.0284135714
0.0424320064
0.0541039333
0.0206997655
-0.0268692002
-0.0099728014
-0.0169755444
-0.0393698066
-0.0045064399
-0.0132563608
-0.0662955120
0.0113159269
-0.0413907580
-0.0116966609
-0.0060743908
0.0403645411
-0.0218728129
0.0666135475
0.0298099332
0.0671742633
-0.5240770578
-0.2022021413
0.0288062003
0.0165420640
0.0402554758
0.0097794030
0.0031427683
0.0718775988
-0.0278555285
0.0880774632
-0.0078936853
-0.3937265277
0.0292115379
-0.0143390410
-0.0273050312
0.0654066503
-0.0993133634
0.3130668402
-0.0535190105
0.0290295035
-0.0302614849
0.0115039740
-0.0221868791
0.0063976389
0.0697746500
0.0249915496
0.0853594989
-0.1867788285
0.0138363997
-0.0132310223
0.6559718847
0.0474484414
0.0952199325
-0.0164122283
-0.0557566881
-0.0615282692
0.0030924582
-0.0826642066
0.0818099007
-0.0017450686
0.0337155387
-0.0022834085
-0.0291835777
-0.0003216068
-0.0036052959
0.0276419297
0.0496975221
0.0206353944
-0.0252785254
-0.0111942440
-0.0134197604
-0.0372371487
-0.0042249174
-0.0137554454
-0.0562878326
0.0071899630
-0.0393050089
-0.0127854412
-0.0215793140
0.0321553238
-0.0336240008
0.0434620827
0.0278580207
0.0372522548
-0.5050699115
-0.1702151150
0.0287871845
0.0154032735
0.0392813981
-0.0023814128
-0.0110857608
0.0543062985
-0.0231812913
0.0496790856
-0.0035967960
-0.3528915346
0.0234822463
-0.0118831033
-0.0283365212
0.0519500636
-0.1012359560
0.3106572330
-0.0747236162
0.0289669614
-0.0583478920
0.0135358218
-0.0251163263
0.0087813325
0.0567955934
0.0233164020
0.0795221701
-0.1696964651
0.0137969181
0.0094122002
0.6237655282
0.0530607440
0.0877583548
-0.0135619957
-0.0514567643
-0.0633393899
0.0066700126
-0.1017662808
0.1111732721
0.0216503814
0.0265038721
-0.0214921590
-0.0450003967
0.0173423104
-0.0139283510
0.0529505946
0.0514996611
0.0158038381
-0.0212397724
-0.0176733639
-0.0225586407
-0.0448459648
-0.0059399181
-0.0167941041
-0.0413721353
0.0131562985
-0.0512745678
-0.0337319672
0.0074143186
0.0597886443
-0.0330423117
0.0713703334
0.0278627127
0.0557742044
-0.5317724943
-0.1260608882
0.0271306429
0.0173902474
0.0415780731
0.0037521012
0.0280402321
0.0710680336
-0.0322407149
0.1091518104
-0.0069450368
-0.3705354631
0.0162717495
-0.0153349014
-0.0296761226
0.0894372687
-0.0917295963
0.3432987630
-0.0727137476
0.0300626606
-0.0237969682
0.0159943886
-0.0195523836
0.0052833692
0.0835487321
0.0300484970
0.0838016421
-0.1174545363
0.0168460850
-0.0456307046
0.6580792069
0.0385789163
0.1349963844
-0.0143953562
-0.0515622199
-0.0697294027
0.0069835158
-0.0977778286
0.1148900464
0.0712547302
0.0121973362
-0.0191985443
-0.0335705057
0.0332189985
-0.0190800037
0.0273253154
0.0519832969
0.0233357996
-0.0201172642
-0.0140354671
-0.0184592120
-0.0438685901
-0.0077623953
-0.0184333306
-0.0498294644
0.0175904855
-0.0461263284
-0.0356760174
-0.0001896024
0.0327919684
-0.0336440019
0.0717065036
0.0309678204
0.1063920856
-0.5395420790
-0.1635033488
0.0255353954
0.0154434415
0.0425989255
0.0155877043
0.0025644905
0.0678440481
-0.0407430381
0.0707108751
-0.0039985464
-0.3958843648
0.0179066602
-0.0125987716
-0.0268392097
0.0987115353
-0.0952436849
0.3482095897
-0.0993920118
0.0326235481
-0.0357801914
0.0145749431
-0.0235039815
0.0070784804
0.0676238015
0.0297813360
0.0822818726
-0.1819444597
0.0193454698
-0.0349880382
0.6780617237
0.0606200546
0.1161833704
-0.0053825607
-0.0427825227
-0.0605150349
-0.0018648058
-0.0638834089
0.0332620181
-0.0716426373
0.0397431292
-0.0091774780
-0.0814188793
-0.0439995527
-0.0233294256
0.0456089526
0.0392200500
0.0057341829
-0.0229644720
-0.0217890311
-0.0243706517
-0.0360352322
-0.0117104733
-0.0190823060
0.0049248743
0.0028028977
-0.0566847697
-0.0282317623
-0.0256721303
0.0737411976
-0.0308435932
0.0509396493
0.0279499106
-0.0501163527
-0.4533246756
-0.0124500552
0.0294017084
0.0204479862
0.0401608124
-0.0190678630
0.0377533138
0.0302024260
-0.0125392871
0.1029931977
-0.0017317516
-0.2626125813
0.0141749755
-0.0042071505
-0.0232956056
0.0463681743
-0.1089641228
0.3215066195
-0.1013737321
0.0327304453
-0.0365264453
0.0138496412
-0.0129393721
0.0117358668
0.0890768096
0.0290772803
0.0765800029
0.0295910686
0.0105189560
-0.0430726707
0.5339753032
0.0209320448
0.1233512089
-0.0138708269
-0.0492900871
-0.0644941330
-0.0007537648
-0.0538372323
0.0689137354
-0.0149300480
0.0191856530
-0.0273684803
-0.0343811847
0.0082773101
-0.0122916130
0.0200232398
0.0433000363
0.0129805841
-0.0212750696
-0.0063384185
-0.0163758919
-0.0322724506
-0.0112513332
-0.0100372592
-0.0815961957
0.0055311746
-0.0396588147
-0.0431949683
-0.0129615245
0.0412973277
-0.0103627071
0.0454865173
0.0229909886
0.0178266894
-0.4111830294
-0.1406913698
0.0251736399
0.0129178800
0.0399932563
0.0015328822
0.0020042791
0.0440486334
-0.0249089263
0.0643482655
0.0035902716
-0.2452711463
0.0155977737
-0.0059447708
-0.0297187679
-0.0028221142
-0.0672148466
0.3080779016
-0.0993299931
0.0323323756
-0.0624610335
0.0147537431
-0.0184568949
0.0101986434
0.0540312678
0.0272627063
0.0664634034
-0.0279658791
0.0108752046
0.0158198159
0.5251556039
0.0488068946
0.0720806345
-0.0150363175
-0.0483818948
-0.0678142905
0.0026859480
-0.0803455785
0.0672681853
0.0309911165
-0.0003385033
-0.0083824173
-0.0150829945
0.0190813523
-0.0030804838
0.0134896757
0.0495680235
0.0170817859
-0.0207724534
-0.0043308623
-0.0125303809
-0.0304488428
-0.0098800333
-0.0054736608
-0.0763060004
0.0104000969
-0.0397172086
-0.0329213962
-0.0135710016
0.0362164788
-0.0200484041
0.0518508926
0.0266894009
0.0409976467
-0.4393487871
-0.1327294260
0.0240665935
0.0148238800
0.0401467644
0.0000975772
-0.0155964093
0.0376406983
-0.0205526631
0.0294942111
0.0032997804
-0.2784796655
0.0098041277
-0.0081271697
-0.0311244298
0.0102278031
-0.0772662684
0.3181426823
-0.1298802048
0.0326797143
-0.0852850229
0.0143452799
-0.0196775701
0.0099505866
0.0419619232
0.0248497464
0.0668227896
-0.0726377890
0.0154950283
0.0412043221
0.5569748878
0.0637222603
0.0745601878
-0.0117185516
-0.0459926687
-0.0590164736
-0.0000026401
-0.0655744746
0.0204691850
-0.0252842735
0.0001287521
-0.0237055048
-0.0130311865
0.0351917781
-0.0016228150
0.0274753477
0.0399345495
0.0119139021
-0.0206446815
-0.0024011869
-0.0130135389
-0.0214827079
-0.0145376557
-0.0058130925
-0.0732652619
-0.0111545064
-0.0324695632
-0.0277453996
-0.0079606501
0.0334140770
-0.0070514074
0.0382426605
0.0195463523
0.0091757476
-0.3527749181
-0.1773346663
0.0215115752
0.0151623366
0.0389921218
0.0008897581
-0.0186070874
0.0188343059
-0.0162307955
0.0107277296
0.0082045738
-0.1640992016
0.0151333883
-0.0008565256
-0.0276455563
-0.0404395051
-0.0651708022
0.3179788888
-0.1296480745
0.0342260189
-0.0875464976
0.0113041205
-0.0175677892
0.0100528300
0.0349583253
0.0205770358
0.0576389395
-0.0431872122
0.0132505959
0.0520233437
0.4534395039
0.0711226985
0.0531207994
-0.0092335315
-0.0466664173
-0.0572674610
0.0099292807
-0.0947933272
0.0867137164
0.1018953845
-0.0215873420
-0.0131433029
-0.0249021370
0.0514607355
-0.0059043928
0.0098195458
0.0405746512
0.0106142508
-0.0184688885
-0.0035396591
-0.0213469733
-0.0272052567
-0.0136161959
-0.0090331370
-0.1240017712
0.0037627970
-0.0389147364
-0.0279783402
-0.0063606896
0.0689820796
-0.0212593749
0.0437751077
0.0286192633
0.0772288963
-0.4315042198
-0.1290672570
0.0190664399
0.0169962514
0.0434995890
0.0084178485
-0.0150784999
0.0436710417
-0.0259023588
0.0357551612
0.0016816721
-0.2421057969
0.0186333340
-0.0052951123
-0.0274086092
0.0393188000
-0.0895932987
0.3786520362
-0.1638966054
0.0350660048
-0.0605466701
0.0088838004
-0.0221981406
0.0082658520
0.0504057370
0.0254045185
0.0654042140
-0.0938680097
0.0169444121
0.0461843573
0.5365599990
0.0736931860
0.0801775381
-0.0042293193
-0.0423653573
-0.0461325869
0.0046378332
-0.0769262984
0.0642891973
0.0404041633
-0.0110817030
-0.0619501062
-0.0333314501
0.0135963876
0.0274041779
-0.0028629387
0.0329582915
-0.0002416223
-0.0235966481
0.0025517093
-0.0218063146
-0.0140984207
-0.0190185271
-0.0022679486
-0.1358194053
-0.0056572901
-0.0383880734
-0.0296331067
-0.0162635874
0.0740998536
-0.0288861562
0.0284553766
0.0236091558
0.0054221903
-0.3325828016
-0.1114164665
0.0179248769
0.0187135134
0.0419447422
-0.0090450794
-0.0129110441
0.0192590542
0.0021843952
0.0078767454
0.0042200484
-0.1343053281
0.0160664711
-0.0012863035
-0.0253110826
-0.0205345731
-0.0943239108
0.3588742316
-0.1750638336
0.0363197401
-0.0603061765
0.0078630242
-0.0186627097
0.0129707400
0.0475316308
0.0174471606
0.0573624559
0.0166091118
0.0121106505
0.0836305916
0.4168807864
0.0639350116
0.0488970019
-0.0021454515
-0.0463082492
-0.0407679714
0.0052559534
-0.0674107894
0.0705008358
0.0180393700
-0.0134175690
-0.0309610832
-0.0211023781
0.0397011898
0.0260790624
0.0123009151
0.0308791734
-0.0025763053
-0.0182363018
-0.0018494740
-0.0225776378
-0.0191277806
-0.0191837959
-0.0012337688
-0.1330145150
0.0057621668
-0.0307050943
-0.0541350134
-0.0026136348
0.0676515624
-0.0179368593
0.0204360802
0.0187040288
0.0338521078
-0.3160201013
-0.1531358361
0.0185643472
0.0132054416
0.0394615531
0.0015898601
-0.0083414605
0.0094830720
-0.0166747626
0.0167114772
0.0068092821
-0.1082497388
0.0059578558
-0.0010316994
-0.0223634001
-0.0130546708
-0.0670603216
0.3769590855
-0.1675326675
0.0340145081
-0.0842645317
0.0085954545
-0.0166279133
0.0115350978
0.0447379611
0.0187654234
0.0485308468
0.0238841716
0.0127264196
0.0469008572
0.3988847435
0.0636077374
0.0459614322
