-0.0189239141
0.0003033983
-0.0116077298
-0.0431454405
0.0031245449
-0.1207414046
-0.0048257187
0.1344611943
-0.0338030756
0.0103658689
-0.0254250150
-0.1084025279
0.0245366953
0.0477999114
0.0143389478
-0.0160337612
0.0102362176
-0.0558929630
-0.1002709046
-0.0088445339
-0.0145027321
-0.0555679388
-0.0029858055
-0.0268216357
0.1069460586
0.0560484268
-0.0234979559
0.0135977138
-0.0179759767
0.0475093164
0.0006465966
-0.0665875301
0.1056800708
-0.0385750942
-0.0093702162
-0.0472592264
0.0237526838
0.3868079782
0.0195577014
0.0197718646
0.0040077684
0.0472265445
-0.0683746412
0.0833901688
-0.0256529618
0.0108487159
-0.0823374912
-0.0029351346
0.0210967194
0.0759697855
-0.0062028887
0.0150334407
-0.0759943649
0.0192073733
-0.0586436056
0.0449531488
-0.0086358031
-0.0357865766
0.0499401689
0.0877454355
0.0035745588
0.0119526433
0.0719250888
0.0461877212
0.0113378316
0.0084567787
-0.0054909522
-0.0196060054
0.0225173105
-0.0513463616
0.0307326056
0.1693572402
-0.0540086962
-0.0060154563
-0.1034020558
-0.0001276801
0.0092456685
0.0675162077
0.0336978473
-0.0616644546
0.0191298462
-0.0463814698
-0.0055167065
-0.0173306819
0.0314248875
-0.0478492044
0.0287252106
-0.0459344015
0.0364792310
0.0570704006
-0.0001797771
0.0339637436
-0.0252477247
0.0403973423
-0.0165280253
-0.0473281294
0.1127355769
-0.0421533994
0.0145730833
-0.0741942450
-0.0191924684
0.2414040416
0.0221604332
0.0060023060
-0.0220193304
0.0465586074
0.0079633081
0.0138287721
-0.0594710447
-0.0022565681
-0.0754734874
0.0136100268
0.0372531042
0.0587208048
0.0417504385
0.0592850372
-0.0289210603
-0.0232588314
-0.1332583874
0.0304759461
0.0110850949
-0.0656656399
0.0045704418
0.1167254299
0.0079202140
0.0268849153
0.1410480142
0.0284409225
-0.0219114423
0.0268216655
-0.0153602539
0.2112219632
0.0211812891
-0.1299477518
-0.0001692468
0.0531938002
-0.0516160764
0.0230528992
0.0868099257
0.1609701514
0.0216017552
0.0738897994
0.0185141061
0.0346602127
-0.0154926032
-0.0545803234
-0.0354746431
-0.0069432901
-0.0080015175
0.2460938096
0.0242951103
-0.0703618079
0.0596888959
0.0736358836
-0.1614174843
0.0031405820
-0.0060181972
0.0440102257
0.0159264859
0.1149000898
0.0453921929
-0.0250106882
0.0329074301
0.0219218452
0.0443020500
0.2279474735
0.0825916678
-0.0006642248
0.0096122678
0.2430617213
-0.0952221081
0.0140009094
0.0188791975
0.0141803036
0.0267279353
0.0092591718
-0.0099436082
0.1281923652
0.0447484925
0.0285488777
-0.0177122597
0.0594036505
-0.0638815537
0.0472983420
0.0173144452
-0.0704528987
0.0577492341
0.0410664417
0.0080114184
0.1064582095
0.0646130368
0.0132392040
-0.0276196543
0.0110188695
-0.0233965758
0.0329131447
0.0101830857
-0.1161141545
0.0262708534
-0.0344820097
-0.0237888303
-0.0213503465
-0.0299384017
0.3927966356
0.0596746504
0.0756771863
0.0176805146
0.3249182999
-0.0184584316
-0.0089667197
0.0362102017
0.0420635454
-0.1707695872
-0.3654034734
-0.0609824844
0.0721467063
-0.1949120313
0.0187937524
-0.0261467323
0.1188777685
-0.1249662042
0.0584276542
0.0107691726
0.0571121052
-0.0701565370
0.0371492989
0.0111042876
-0.0514175631
0.0153229143
-0.0528477877
0.0609746687
0.0548538752
0.0010905424
-0.1438091993
0.0143904574
0.0708106682
0.0350866765
0.0497619212
0.2966465354
-0.0409594513
0.0188971348
-0.0331272073
-0.0471418016
-0.0469338857
-0.1812784970
-0.0112330746
-0.1129977256
0.0118530029
-0.0054228222
-0.0363068171
-0.0689978376
0.0926808640
-0.0445289202
0.0444860309
0.0706764236
0.0639795735
-0.0004238204
-0.0205467455
-0.0967650190
0.0869480297
0.0271931551
-0.0170973036
-0.0367639363
-0.0671166554
-0.0420170836
-0.0064463052
0.0058061490
-0.0796828941
0.0579932667
0.0790297911
0.0187003855
0.1752063483
0.0198111441
-0.0468543619
-0.0867309943
0.0421432294
-0.0221620407
-0.2544561028
-0.0640624315
0.0928899944
-0.1521494985
0.0124901822
-0.0916664079
0.1610847265
0.0502764322
0.1307754517
0.0415566452
-0.0406997539
-0.0803381279
-0.0007966937
0.0053415345
0.0126787787
0.0007237594
0.0227863640
0.0738495886
0.0285618156
0.0465548225
-0.1558291912
0.1540147811
-0.1701555252
0.0614625998
0.0295527373
0.0244750138
-0.0279254112
0.0346664116
0.0135991322
-0.0715498477
0.0626953319
-0.2316704094
-0.0342480093
-0.1482734531
0.1335065365
-0.0285948869
-0.0341178291
-0.2334667146
0.1401149333
-0.0164056662
-0.0748576894
0.1027532741
0.1872322857
0.0111826807
-0.0067743375
-0.0679307580
-0.0497852936
0.0459806919
-0.0145331845
0.0563744195
0.1885966510
-0.0555542707
-0.0115792491
-0.1396760494
-0.2683399320
-0.0371271707
0.0986267254
0.0568886288
-0.0544000044
0.0176391024
-0.0758566260
0.3629131019
-0.0542917810
0.1203943789
0.2964155972
-0.0287121031
-0.0870820135
0.2149159759
0.0697743222
0.0398726910
0.2106918693
0.0101466672
0.0037022736
-0.0475525521
0.1173418015
0.2314469665
-0.0437009931
0.0382822119
-0.1729234308
-0.1297861487
-0.4312306941
0.1542173624
-0.0308600590
-0.0631069690
-0.2011523396
0.1422927678
0.0563213751
0.1390629411
-0.0187555626
-0.2737507820
0.0337126665
-0.0244891904
-0.1822905093
-0.1091372520
0.1560381353
0.0179475751
-0.3011995554
-0.1224864125
-0.0652427971
0.0103909085
-0.1013559029
-0.1504527777
-0.0302325953
-0.0082113491
0.1056673303
0.2390741557
0.3056409955
-0.0035469322
0.0217224024
-0.0141627863
0.0760355517
0.0211730897
-0.1599547863
0.0275614150
0.1531272084
-0.0560613163
0.0205222089
-0.0024512098
0.0591089539
-0.0039881538
0.0720321909
0.0272324476
-0.0519624315
0.0045226123
-0.0635355338
0.0086666914
-0.0297722518
-0.0289283823
0.1165194511
0.0373547897
-0.0653386340
0.0703888386
0.0695537105
-0.0728002638
-0.0026784264
-0.0232179444
0.0384478495
-0.0015813323
0.0506219678
0.0616703555
-0.0752310529
0.0165329631
-0.0299910698
0.0111901723
0.2465213239
0.0375996120
0.0009943933
-0.0049390141
0.1684491038
-0.0050859018
0.0475541726
-0.0565465428
-0.0013855690
-0.0183535255
0.0071862210
0.0170406327
0.0703852847
0.0496113636
0.0344970450
-0.0260830913
0.0199786238
-0.1263875663
0.0285898689
0.0177887399
-0.0697217509
0.0353896543
0.0678397790
0.0069582043
0.0632960573
0.0890217572
0.0504242666
-0.0493799672
-0.1847659051
-0.0095026130
-0.1003720164
-0.0916052833
-0.1858807057
0.1198811680
-0.0936591998
0.0022102883
0.0342600867
0.2373401523
-1.0381548405
-0.0164208282
0.0698232874
0.0431450754
-0.4949849248
0.0800167918
0.0507172383
0.3430079520
-0.2309208810
0.0770923272
1.3370232582
0.0355310030
-0.2756316364
-0.2843714654
0.1727321744
-0.1135990396
0.1813742220
0.1133330762
-0.1614972651
-0.1953783333
0.4903783798
-0.4464144111
-0.4842917323
0.0185219515
-0.2910407484
-0.2575102448
-0.1476564407
-0.2609331310
-0.0564664043
0.0055728103
0.6805403829
1.2612017393
0.7479325533
0.3829636574
-0.1143745184
0.2172371745
-0.0153261861
-0.3789186180
-0.0133854235
0.1923336536
0.3093123138
0.4640224874
-0.0508848913
-0.4033548534
0.0640861169
-0.0710583851
-0.0890568644
-0.7844806314
-0.3007894754
-0.0281295385
-0.2122059613
0.0260530189
0.0867879018
0.0594125204
-0.1470719576
-0.1083430797
-0.1837860644
0.0074409912
0.0463498123
0.0551132113
0.4019456208
0.0352732725
0.0322041512
0.1708082110
-1.9113324881
-0.1108882502
0.1053945348
0.0575221144
-0.8707509637
0.0712678656
0.2666279674
0.3524102867
-0.0736599565
0.1282215118
-0.7809061408
-0.1671267003
0.0162992701
-1.4059447050
-0.0056268829
-0.2353993803
0.3039743900
-0.0030855897
-0.1163294837
-0.0285594109
-0.2678009868
-0.5195596814
-0.0256942920
-0.0010062074
0.0535596646
-0.2534736097
-0.6255294681
-0.5488482118
0.0946058482
0.2658260465
0.4873260260
0.6466558576
-0.4935648143
0.0040389388
-0.0792195424
0.6031284928
-0.1333946884
0.0614295863
0.1570791602
0.2619458437
0.0070219277
-0.1606174558
0.2728929520
-0.0625573397
0.1816049814
0.0218113456
-0.0470952243
-0.1240540966
0.5563145280
0.0195282008
-0.1137369797
-0.2020227313
-0.7475807071
0.0384299196
0.0155006023
-0.0099349059
0.0024504324
0.0383172520
0.0141471857
0.0586531721
0.1232899055
-0.0548743680
-0.0186781138
-0.1421398968
0.1592822075
-0.0110033192
0.0845453739
0.0475840122
-0.0631258041
0.0266498923
-0.0046713576
0.1220958009
-0.0156844575
0.0358857028
0.0127286967
0.0505791269
-0.0524645597
-0.0727123022
0.0602750368
0.0161632635
0.0467662252
-0.0402799919
0.0216531791
-0.0377359539
-0.0030531480
0.0634591058
-0.0473039411
0.0373910032
-0.0437936075
-0.0531964414
-0.0396391712
0.0050968090
0.0065505775
-0.0498508886
-0.0250314418
0.1050932780
-0.1093240082
-0.0530912131
-0.0032366836
-0.0265716240
0.0184962135
0.0298073608
0.0048276908
0.0688885674
0.0844057649
0.0190080646
-0.0491300523
-0.1744827032
0.0170583632
0.0216224585
-0.0878928602
-0.0727827027
0.1111389399
0.0094912769
0.0236302353
0.1600151062
-0.0248496328
0.0367748253
0.0178979095
-0.0085146194
0.0026681772
0.0393239595
0.0158767533
0.0604000799
0.1226468906
-0.0538639911
-0.0195759982
-0.1445771605
0.1797448546
-0.0117394868
0.0841469094
0.0472622514
-0.0633476526
0.0260581262
-0.0027652022
0.1290389597
-0.0152110169
0.0345360078
0.0147472462
0.0532126054
-0.0520969555
-0.0798085630
0.0582864471
0.0182100572
0.0467638411
-0.0416856073
0.0198086835
-0.0365735479
-0.0024520592
0.0598822832
-0.0480435416
0.0373182558
-0.0406736359
-0.0549898781
-0.0490211509
0.0059370780
0.0050701532
-0.0512571670
-0.0260647181
0.1129766703
-0.1180572063
-0.0543507896
-0.0032604365
-0.0243707523
0.0197981484
0.0286586825
0.0033198057
0.0721857250
0.0854470879
0.0193498470
-0.0510637499
-0.1783804148
0.0145715252
0.0209849495
-0.0879455134
-0.0762121156
0.1116304994
0.0095444629
0.0241038073
0.1615408957
-0.0311888587
0.0337610953
0.0201200079
-0.0071702059
0.0017864467
0.0400184430
0.0156705827
0.0616623536
0.1235549971
-0.0527656823
-0.0201212578
-0.1469013840
0.1931281984
-0.0119077377
0.0833868980
0.0467272624
-0.0636196658
0.0248349607
-0.0020929864
0.1356372237
-0.0151809333
0.0338913165
0.0172979552
0.0547182411
-0.0520372689
-0.0830155537
0.0560051054
0.0201419350
0.0475769937
-0.0427969061
0.0178173836
-0.0348961949
-0.0016125177
0.0581672303
-0.0485108607
0.0364536680
-0.0394480415
-0.0571314320
-0.0557747073
0.0085477121
0.0029784606
-0.0521310233
-0.0260871127
0.1195889488
-0.1228607297
-0.0541906208
-0.0034517157
-0.0255368818
0.0212103575
0.0272417963
0.0020453469
0.0734070688
0.0864990875
0.0184726994
-0.0547419079
-0.1809668094
0.0112913987
0.0197621174
-0.0875840560
-0.0788306892
0.1116914153
0.0091632195
0.0252519678
0.1637090296
-0.0344099775
0.0283377990
0.0211281963
-0.0056064702
-0.0011179739
0.0388119742
0.0072457604
0.0591452047
0.1289480925
-0.0517119616
-0.0192434210
-0.1428182870
0.1932840496
-0.0097512808
0.0807881206
0.0443861336
-0.0629134402
0.0229477715
-0.0061461008
0.1249120235
-0.0151342908
0.0310907345
0.0112991957
0.0537852608
-0.0506441183
-0.0732673034
0.0539024211
0.0200154185
0.0460070707
-0.0410732366
0.0184306949
-0.0309281796
-0.0063353260
0.0618254580
-0.0481658615
0.0333633684
-0.0408138074
-0.0547186621
-0.0258401539
0.0124432752
0.0013461462
-0.0491347834
-0.0173598230
0.1126555055
-0.1142212600
-0.0560680628
-0.0034105619
-0.0299463738
0.0217990167
0.0264247693
0.0071104961
0.0725278109
0.0844596177
0.0128034363
-0.0531029068
-0.1789635122
0.0105906650
0.0173335373
-0.0847375989
-0.0712010711
0.1114358976
0.0085146148
0.0265729688
0.1625911146
-0.0316445939
0.0264291186
0.0226293951
-0.0047175991
-0.0015177454
0.0394240245
0.0074796868
0.0599856228
0.1283266544
-0.0508328974
-0.0198038556
-0.1435420811
0.2106801569
-0.0104062520
0.0803789347
0.0438994430
-0.0628923103
0.0221681353
-0.0047178031
0.1311895549
-0.0151783945
0.0291999336
0.0141375717
0.0555804335
-0.0503032766
-0.0777294710
0.0525211357
0.0217641331
0.0460035093
-0.0412292741
0.0164240971
-0.0299620554
-0.0051434399
0.0590824150
-0.0488687791
0.0331511237
-0.0383778177
-0.0567605980
-0.0332896188
0.0137468483
0.0000302537
-0.0495189689
-0.0179469213
0.1189413592
-0.1208730564
-0.0562628172
-0.0035676258
-0.0287265498
0.0229169168
0.0245127790
0.0051506199
0.0749076903
0.0857517198
0.0137405945
-0.0549814329
-0.1815370619
0.0083239386
0.0162243154
-0.0848000422
-0.0735274330
0.1101653501
0.0080296407
0.0272254236
0.1635357589
-0.0365068316
0.0188391935
0.0232904702
-0.0020974388
-0.0063003306
0.0371600725
-0.0047451691
0.0557970889
0.1372047663
-0.0499411933
-0.0173831116
-0.1401758641
0.2142205983
-0.0081979409
0.0765780061
0.0400748961
-0.0608205423
0.0208248291
-0.0109346155
0.1238335446
-0.0150273843
0.0256006997
0.0107182013
0.0544481501
-0.0497448705
-0.0640321076
0.0498100631
0.0215623192
0.0457017832
-0.0396266580
0.0177843124
-0.0257320572
-0.0103688613
0.0625565052
-0.0494998768
0.0280603524
-0.0396586917
-0.0545306094
0.0019263868
0.0213925634
-0.0022427808
-0.0449902117
-0.0092916172
0.1127370000
-0.1095617488
-0.0555368327
-0.0034249527
-0.0354109071
0.0235948209
0.0245329197
0.0109245703
0.0713768080
0.0843211859
0.0045297956
-0.0559557565
-0.1802018285
0.0081811231
0.0124635948
-0.0813515708
-0.0644855052
0.1118626073
0.0070440327
0.0287492480
0.1645499915
-0.0322465897
-0.0953631178
-0.0708320588
0.1279381961
-0.0015846700
-0.0088787973
0.0566553138
0.0168943126
0.0616849437
-0.0499761738
0.0168553814
0.1660720557
-1.0973103046
-0.2747409344
0.0312227551
0.0918401778
0.1912657470
0.0234417394
-0.2884094119
0.3534476757
-0.2206115872
-0.0249203481
0.8096438646
0.0505623631
0.0041193082
0.3871329725
-0.0056756572
-0.1441124678
0.3114171326
0.0384717286
0.0525000654
-0.0693945885
0.1415164620
0.1154061258
-0.1995940357
-0.0180028453
0.1557104886
-0.2088586986
-0.8317038417
0.3373196125
-0.0511792451
0.0443443730
-0.3817788661
0.4966817200
0.2611531019
0.3508463800
-0.0248739552
-0.5134438872
0.0366309658
-0.1413302571
-0.1096206382
-0.0612887032
0.2122975439
-0.3262957633
-0.4193423092
-0.1976321936
-0.0245895833
-0.0084445132
-0.0633709431
-0.2649516761
-0.2517735660
0.0034437624
0.1443872452
0.1556208581
0.8190968037
0.0286580808
-0.0810501352
-0.3619501293
-0.0787624940
-0.0319012776
-0.8903760314
0.1235986874
-0.6193146706
0.1542249620
-0.0385210216
-0.1227199733
3.4081065655
0.0379596762
0.0572698899
0.0913022310
1.2309311628
-0.1032473147
0.4011053443
-0.2562451363
0.0603685230
-0.8722245693
-0.9272687435
-0.1575126797
0.1025019065
0.3941324651
-0.0002378857
0.0744080171
0.2064031810
0.0517893136
-0.2727807760
-0.0206734166
-0.1382991523
-0.3166476190
1.1118398905
0.0514007136
0.1684094816
-0.0241090674
0.2944166362
-0.7071585059
0.1137653291
0.0961039141
-0.3917939663
-0.6410302520
-0.6965488791
-0.5313884020
-0.0152614741
2.0555961132
-0.1156693548
-0.0771152228
-0.3514436185
-0.1975060105
0.0206363760
-0.4956679642
0.0515655205
0.0514072366
0.0512053072
-0.0064283693
0.0991996154
-0.4159461558
-0.1084227040
0.0354870409
-0.1540207118
-0.3494910002
0.9487673640
-0.0233275145
-0.0521026254
-0.0150772836
-0.0262353625
0.0049652187
0.0217315648
-0.0137108071
0.0828489363
-0.0090314439
0.0115330312
0.0572391748
-0.1546357721
0.0242325626
0.0474988036
0.0037406145
-0.0891965553
0.0015343154
-0.0452530161
0.0093034422
0.0047892267
0.1283664703
-0.4002822340
-0.0559425391
-0.0165419839
-0.0348971598
0.0629397854
-0.1059197113
-0.0117035853
0.0073286402
0.0416444167
-0.0087919505
0.0611952357
0.0554650724
0.0475942902
0.0123202847
-0.0548752658
-0.0275714528
0.2431337833
0.0395176373
0.0205617491
0.0145104602
0.0096106408
0.1153876781
-0.0069635133
0.0696344823
0.0084683597
0.0648324117
-0.0227568727
-0.0348331183
0.1633343399
0.0745609477
0.0111619448
0.0410648026
0.0285119899
-0.0633336529
0.0070776953
-0.0178258978
-0.0305037349
0.0294238310
0.0091047054
-0.0111804456
-0.0104888175
0.0464357398
-0.1221322194
-0.0100495880
-0.0459097587
-0.0468287468
-0.1193072200
-0.0051920209
-0.0544171296
-0.0008895100
0.0116973696
-0.0006431907
-0.0052205194
-0.0473347753
-0.3313167095
-0.0111641353
0.0478611439
0.0166165065
0.0354528502
0.0229902286
0.0651642084
-0.0655842721
-0.0153392116
-0.1415826529
-0.0360274427
-0.0341245346
0.0293335877
-0.0559273399
0.0611756444
0.0145498598
0.1048238501
-0.0015949602
0.0034279393
-0.0323059410
-0.0542707182
0.0218546651
-0.0847086683
-0.0092883948
-0.0325027108
-0.0361599624
0.1136671677
0.0191845242
0.0455671996
-0.0085134385
-0.0823418424
-0.1873254031
-0.0704431608
-0.1031384468
0.0133907031
0.4230408370
-0.0409293622
-0.0256027766
-0.0688797310
-0.0706202537
0.0433404371
-0.1044122875
-0.0203262344
0.0214794818
0.0406712331
-0.0091471737
-0.0295081511
-0.1113811731
0.0653142035
-0.0063136891
0.0770988092
0.0285683051
-0.0735309571
0.0592852309
-0.0403464846
-0.0933519453
0.0388214961
0.0113702016
-0.2273269892
0.0616447702
0.2281329483
-0.0327031463
0.0952297524
0.3413631022
-1.9378927946
0.0191222895
0.1521555930
0.0139561379
-0.9285429716
0.0012442133
0.1678970754
0.4977825284
-0.0698490664
0.0644225925
0.1016797796
-0.0782121271
-0.1414365768
-0.8819177151
0.0499144904
-0.3500789106
0.1405515820
0.0519452840
-0.0203650445
0.0612562820
0.1650754660
-0.4248028398
-0.1805430055
0.0367924497
0.1015843675
-0.0147435116
-0.5898840427
-0.4000989795
0.0027770374
0.2269935906
0.4978608489
1.0559285879
-0.1120434403
0.3359867930
-0.0451900177
0.1959924996
-0.0697509795
-0.0269544944
-0.1046207771
0.1733228117
-0.0473425053
-0.0057716877
0.2791066468
-0.1140207499
0.1072103754
0.0497693531
-0.0924216658
-0.4361283481
0.2291493267
-0.0282886643
-0.1151971593
-0.3007409573
-0.5459948778
0.0169534385
-0.0023183129
-0.0211520977
0.2687745392
0.0245731939
-0.2077133209
-0.1084712371
-0.2934772670
-0.0663843900
0.0102433357
0.1271442473
-0.3924012482
0.0248199254
0.0853080526
0.0189985540
-0.0000078566
0.0483961962
0.0019665414
0.4864085913
0.0062059606
-0.1344563514
-1.1086641550
0.0739862621
-0.0096961539
-0.5096484423
0.0598016158
-0.2907211781
0.2035914809
0.2210650295
0.2262688428
0.0668140575
0.1640600860
-0.4525669515
-0.1769039482
-0.0109033743
0.1686344296
0.0433148630
-0.0205456540
-0.0706923604
-0.0137997419
0.1001137346
-0.3492296636
0.3163866401
-0.0638342500
0.0063393055
0.0912939981
0.2650058270
-0.0353850611
0.0999794081
0.0701673031
-0.0548846722
0.1843504757
-0.3202374279
0.1151053607
-0.1547548175
0.3135356903
0.0072132410
-0.0494393818
-0.7777373791
0.2252093256
0.0089913653
0.3000400066
-0.0149784591
-0.3731494546
0.1494899243
-0.0430742837
-0.1966385096
-0.1019192562
-0.0202132817
0.2562675178
0.3517500162
0.6789411306
-0.1423327029
0.2851874232
0.1478603333
-1.8040858507
0.0296737924
0.0886407495
0.0752801448
-0.3905785680
-0.0286181290
0.2175122947
1.0180997849
-0.1692179888
0.4768283665
1.8026055098
-0.0374835245
-0.4190600514
-0.4363965094
0.0598142818
-0.2336512655
0.5313023925
-0.1355967522
-0.2877719402
-0.0653356239
0.1094267815
0.2423796803
-0.3515118062
0.0366069004
0.3626070321
-0.0098751066
-1.5596199036
-0.0915132910
0.0797397941
-0.0498115048
0.5350942016
0.9242746830
1.1278514862
-0.2854280472
-0.1522997916
-0.4391180873
-0.1272052824
-0.1447181553
0.6154010296
-0.0868471935
-0.1893171519
0.4933044314
0.1770856827
-0.1803757101
-0.0375381708
0.1002952680
-0.2738637626
0.5985981822
-0.3790605366
-0.1581091434
-0.1484550834
0.0046065561
-0.8059427738
0.0396007001
0.1390925944
-0.0512916222
-0.3836170733
-0.0335619785
0.6806846261
-0.1351558864
-0.3836978078
-0.0428544320
-0.0710625276
-0.2150714844
-0.0667603314
-0.1111632511
0.0282935910
0.0751186982
0.2210355997
0.0383620746
-0.0813952163
0.0902550295
0.0358813033
-0.2648783326
-1.5167531967
-0.0935785845
0.2699929476
0.6382951736
-0.0817204118
0.5724134445
-0.1599612236
-0.2818512321
-0.1845271140
0.1152503639
-0.6783213615
-0.3051767349
0.0998788401
-0.1308218837
-0.1296847016
-0.0694125444
0.2074896991
-0.1301089376
-0.0414270461
0.1430664957
-1.5795147419
0.5346421599
0.0768205449
0.9968633652
0.1657614410
0.4545679092
0.0092374105
0.1786397547
-0.4777406752
0.0253315549
-0.0591271482
0.2160970122
-0.4050748348
0.2997772098
-0.2121774256
0.0109336553
0.0362521447
-0.2875077426
0.2891714871
-0.0084772706
-0.5191960931
-0.2322113216
0.5995424390
0.0417087898
0.0161025301
-0.0116376504
0.0044950782
0.0404583514
0.0225100145
0.0624362715
0.1180768237
-0.0551054664
-0.0203229375
-0.1476955265
0.1720727831
-0.0132208457
0.0869987607
0.0497576036
-0.0641440451
0.0271912906
0.0005368119
0.1393821687
-0.0156465620
0.0380661003
0.0212351102
0.0521480329
-0.0537049957
-0.0842744708
0.0607536361
0.0183531661
0.0498221405
-0.0418611243
0.0186750852
-0.0405355804
0.0032285976
0.0590775385
-0.0474603511
0.0403557085
-0.0421047807
-0.0584930740
-0.0783773437
0.0035384882
0.0060902587
-0.0535592251
-0.0353200175
0.1167681962
-0.1228538007
-0.0513077155
-0.0035677918
-0.0221802406
0.0192724578
0.0285461191
-0.0028301119
0.0706473216
0.0881214291
0.0256124064
-0.0544025674
-0.1787145287
0.0145924101
0.0229395125
-0.0908957422
-0.0830703005
0.1100676656
0.0094580408
0.0239178147
0.1629683822
-0.0289128982
0.0391797759
0.0186343882
-0.0081273764
0.0048623802
0.0407119319
0.0226551909
0.0628940463
0.1186157987
-0.0543203391
-0.0208307803
-0.1488611698
0.1942114532
-0.0134749562
0.0855729729
0.0486046746
-0.0636158139
0.0267105009
0.0009326858
0.1395397335
-0.0154083893
0.0350539051
0.0183853433
0.0558980070
-0.0526055358
-0.0913244188
0.0583775155
0.0199484322
0.0472930968
-0.0432939529
0.0181762110
-0.0382260419
0.0006449893
0.0549034327
-0.0485115796
0.0392714590
-0.0379043035
-0.0578550175
-0.0728746280
0.0040393770
0.0051256767
-0.0537000038
-0.0317306034
0.1226651371
-0.1292908788
-0.0542125553
-0.0033183517
-0.0196688194
0.0202809833
0.0284137186
-0.0006412206
0.0754567310
0.0876481384
0.0233962126
-0.0531538017
-0.1826326102
0.0135470424
0.0219948720
-0.0898837671
-0.0835334212
0.1119065136
0.0096289776
0.0231602974
0.1635619104
-0.0366255827
0.0359844603
0.0206518453
-0.0068070698
0.0040017995
0.0411409996
0.0216676127
0.0634257197
0.1194479987
-0.0533417054
-0.0213131811
-0.1493047178
0.2054895163
-0.0131322052
0.0845838487
0.0479078144
-0.0637124479
0.0252389703
0.0011385202
0.1413349956
-0.0154530639
0.0337285772
0.0177634396
0.0573043749
-0.0520155542
-0.0929719880
0.0561883338
0.0215518493
0.0469565205
-0.0436028801
0.0164702851
-0.0358656682
-0.0002203316
0.0540876389
-0.0486273989
0.0382663086
-0.0368447714
-0.0587532818
-0.0717742890
0.0058741458
0.0032706913
-0.0536882393
-0.0300311539
0.1264596432
-0.1320219040
-0.0550980233
-0.0033868141
-0.0202199928
0.0214977730
0.0268658288
-0.0005314593
0.0772119537
0.0879149884
0.0222042762
-0.0547661893
-0.1840707511
0.0109584630
0.0207024328
-0.0890046954
-0.0842426047
0.1115012243
0.0092255631
0.0239823349
0.1641682684
-0.0392391272
0.0324469618
0.0223431718
-0.0056397468
0.0028443385
0.0413521752
0.0184865501
0.0635736436
0.1214615703
-0.0521935597
-0.0215334892
-0.1489816308
0.2154746652
-0.0124427322
0.0834282562
0.0468429290
-0.0634031296
0.0236592889
0.0004628800
0.1419289857
-0.0154844169
0.0321246013
0.0182576198
0.0577828549
-0.0515707172
-0.0919115767
0.0542466119
0.0225714277
0.0470164083
-0.0435165018
0.0151908873
-0.0336588994
-0.0004013984
0.0542533509
-0.0487249158
0.0370220914
-0.0364442915
-0.0596039221
-0.0674125627
0.0089092469
0.0014561102
-0.0533602983
-0.0265495181
0.1277981997
-0.1329489499
-0.0561249144
-0.0035963606
-0.0221280977
0.0226090290
0.0252557639
-0.0000645331
0.0778180808
0.0879808068
0.0204293914
-0.0563041978
-0.1851067394
0.0084006507
0.0190940090
-0.0880506113
-0.0833492950
0.1107333302
0.0085985195
0.0256330017
0.1651761532
-0.0403742045
0.0288790874
0.0245294236
-0.0028231419
0.0026251862
0.0415588580
0.0169316493
0.0639393404
0.1226659790
-0.0513957739
-0.0216377936
-0.1507803649
0.2354075015
-0.0126585057
0.0821317434
0.0456652902
-0.0621590801
0.0226939041
0.0004162376
0.1481929272
-0.0157690365
0.0298652370
0.0213821568
0.0603585877
-0.0517550334
-0.0959406346
0.0519206040
0.0242810827
0.0468231477
-0.0446708761
0.0138416830
-0.0318195187
0.0001863878
0.0509176552
-0.0498811603
0.0355332829
-0.0337220505
-0.0610527880
-0.0699934512
0.0123240370
-0.0002983895
-0.0533531196
-0.0242498778
0.1354336292
-0.1377950162
-0.0557696596
-0.0037046971
-0.0225129090
0.0239212438
0.0240825005
-0.0004167780
0.0796533674
0.0889253169
0.0185737293
-0.0591945760
-0.1886866987
0.0058333194
0.0173275676
-0.0874792263
-0.0853898451
0.1108839288
0.0079899691
0.0260924511
0.1677986681
-0.0447384417
0.0222643428
0.0253146756
-0.0000491251
-0.0013200372
0.0399285294
0.0075286222
0.0609892830
0.1293966770
-0.0505335629
-0.0196985882
-0.1490071863
0.2447211146
-0.0113851829
0.0789947510
0.0423175506
-0.0599761456
0.0215768851
-0.0041564512
0.1459928602
-0.0158694219
0.0265231635
0.0210240725
0.0601516664
-0.0514894985
-0.0869850889
0.0493038669
0.0246470943
0.0468191616
-0.0438267142
0.0141137457
-0.0284811780
-0.0025791114
0.0520076193
-0.0508144088
0.0314261727
-0.0338521339
-0.0606303588
-0.0477359183
0.0194767024
-0.0026431622
-0.0499581061
-0.0182034392
0.1329977810
-0.1321189106
-0.0548142269
-0.0036824204
-0.0275249928
0.0248058811
0.0235431995
0.0029912726
0.0771275014
0.0887225419
0.0112557020
-0.0615055338
-0.1888673604
0.0048333574
0.0139562534
-0.0849706829
-0.0797487125
0.1121231318
0.0068797674
0.0278398376
0.1698335260
-0.0425252952
0.0122896247
-0.0287016910
0.0227111038
-0.0533570237
-0.0181122217
-0.0602099821
0.0210618172
0.0620042048
-0.0444361456
0.0505593121
0.2970720530
-0.3487679660
0.0669865757
0.0468960181
-0.0082340632
-0.1669615656
-0.0253878161
0.0679420084
-0.3096837699
0.0510866083
0.0520198867
-0.0834181011
-0.0074600931
-0.1463339925
0.1328063160
0.0418173485
-0.2526477575
0.0203108583
-0.0239973683
-0.0163767450
0.0095609706
-0.0437170304
0.1110102460
0.0710557848
0.0212580469
-0.0691756979
0.0292665511
-0.0781002268
-0.0790657625
0.0170863979
0.1493326724
0.2617322505
-0.3331766725
0.2387985587
0.2468943596
-0.0253809132
-0.0578756072
0.0091209747
-0.1391491294
-0.0169529002
0.0178238731
0.0157813095
-0.0537261069
0.1942191869
0.0448792651
-0.0010977461
0.0128485197
-0.0513457246
0.0639180839
-0.0894008428
-0.0184901599
-0.1237379834
-0.2046169937
-0.0080472557
-0.0434873439
0.0313876942
-0.0560085326
0.0849504620
0.0122182695
-0.0853506923
0.0173042119
0.0021896991
-0.0062513324
-0.0286483131
-0.0746682882
-0.0303627979
0.0445348881
0.0695711747
0.0399873815
0.3882907331
0.0030092881
0.0789977908
0.2365446091
-0.0267425552
-0.1987318844
0.1367018223
-0.0186905190
0.0034446323
-0.1499749720
0.0303602889
0.0523546115
0.1526485085
-0.0987100452
0.0153376730
-0.0027246175
0.0106909946
0.0336704180
-0.0095177442
0.0001246427
-0.0382798314
0.0283696465
0.0584679246
0.0096079009
0.0345716290
-0.0420807451
-0.2104081511
0.1267415583
0.0726393089
0.0038890948
0.0510594137
0.4252561927
-0.0400573350
-0.0055574472
-0.0765478909
-0.0462309122
-0.0126586789
-0.1025819927
-0.0529716611
-0.0315427817
0.0099071953
-0.0130053163
-0.0152399084
-0.1060691774
0.0383498520
-0.0295943655
0.1815732270
0.0206024311
-0.0260600075
-0.0631571114
-0.0563747585
0.1981689632
-0.0814521685
-0.0229391623
-0.4888528287
-0.0272848383
-0.4424384236
-0.0366858579
-0.0687140748
0.1370148510
-0.6376738548
0.2060361207
0.0911267474
-0.0267862529
0.2392439544
-0.1243075728
0.1967562437
0.8041864634
0.1619324237
-0.8661729693
-0.9036256075
0.0085932361
0.0191475917
-0.1918614805
0.0148113417
-0.2231876254
0.2365509123
-0.1412647665
0.0309004337
-0.0200524107
0.1691985577
0.3276859522
-0.1787358522
0.0381948315
0.3905822337
0.0496792719
0.1041370928
0.2707020342
-0.0217042305
-0.0221940372
-0.1258672625
0.0129496055
0.1159108356
0.0897047371
0.0571727008
1.1111253500
-0.0009654027
-0.0905717760
0.1426157206
0.0661443621
0.0602072328
0.3602727056
-0.0658787191
0.1603122056
-0.0349043421
0.0011626285
-0.0783057809
-0.6530848742
-0.2037702203
-0.0866414383
-0.4361946583
0.0192123372
-0.0171922818
-0.0202028174
-0.0183965247
-0.0037583958
-0.0237736888
0.0160499737
-0.0577037521
-0.0095216883
-0.0574581549
-0.0165712181
0.0084821265
0.0148390019
-0.3226619959
0.0292438902
0.0649838150
0.0077079572
0.1138799787
0.0131707145
-0.0145728830
-0.1523889750
0.0004213841
-0.0537439212
-0.1485166699
0.0003975524
-0.0209840685
-0.1175132692
0.0565703921
-0.0653658062
-0.0001534394
-0.0603498407
0.0124788703
-0.0154290991
0.0598335192
-0.1071669534
0.0540614016
0.0185789429
0.0203133523
-0.0013704771
-0.1538574249
-0.0338434763
0.0406429358
0.0079735387
-0.0115414467
-0.1952134818
-0.0832869336
0.0568096489
0.0314527489
0.0972699299
-0.0212818235
-0.0136910575
0.0623789988
-0.0697244257
0.0107443323
-0.0856432691
0.0193322636
-0.0470203608
0.0233131237
-0.0089450926
-0.0430555455
-0.1315737069
0.0658705682
-0.0169615801
-0.0832504705
0.0397534408
0.1592130810
-0.0091090240
0.0109075550
-0.0315855742
0.0121417036
0.0115029803
-0.1826402396
0.0007760002
-0.0086584091
-0.0171829425
-0.0070939981
0.0068684095
0.0365058593
0.0391713828
0.0487839989
0.0047457335
0.0126968008
-0.0064603672
-0.0149843944
0.2114394307
0.0109621380
-0.1822890937
-0.0859811082
-0.0295721609
0.0258038845
0.0420740694
0.0350522622
-0.0510860868
0.0767177194
-0.0765165091
0.0616879463
0.0185058825
0.0010510891
0.0928618312
-0.0586969480
0.0027463625
0.1207622364
0.0405561961
0.1684444100
0.1334066093
0.0379919037
-0.0121898949
-0.1277126968
0.1025897488
-0.0730921626
0.0334917866
0.0369899310
0.0848642588
-0.0213896353
0.0221132711
0.0020988104
-0.0131535325
-0.0448074229
-0.0961969867
-0.0513013937
0.0644206777
0.0299315136
-0.0257521551
-0.0293561369
-0.1380946636
0.0257145613
-0.0165153034
-0.0308690164
0.0609657578
-0.0186749417
0.0018867459
-0.0335465483
0.0138435774
0.0096793342
-0.0121159861
-0.0246397238
0.0482814237
-0.2076595128
-0.0491393581
0.0518019348
0.0284653082
0.0198418740
0.0136090275
0.0664589405
-0.0011528505
0.4312444627
0.0329313613
0.1484241486
0.2090240717
-0.0247197263
-0.0892757475
-0.8298691511
0.0463061593
-0.1665753573
-0.2861163020
0.0631845593
-0.0427467450
0.2084269971
-0.1065474600
-0.0515325032
-0.0462366380
0.1217974201
-0.1884691119
-0.2211406678
0.0045793792
0.0469835252
-0.0173996724
-0.1356638223
-0.1200918853
0.0273075867
0.0027061661
-0.0201930087
-0.4825375974
0.2369172424
0.1472661644
0.0091723809
-0.3058081567
-0.0155393323
0.0108427349
0.1034086645
-0.1614319682
0.0032106088
-0.1858339608
0.0948549658
-0.2035168707
0.0080596507
0.0245935246
-0.0415764414
-0.4260796607
-0.1308197826
-0.0262625050
0.0957296640
-0.0113289831
0.0870924145
-0.0128360372
-0.0052728802
0.0479950495
0.1664386839
0.0346132666
-0.1639769524
-0.0807652250
-0.1489814818
-0.0667184368
-0.0072331233
0.0691554919
-0.8657535315
0.0882835761
0.0839708671
0.0464870334
-0.1662551910
0.0131801274
-0.1451566070
0.3711949587
0.0165822431
-0.0619870014
-1.0372734070
0.0060829711
0.0253107958
-0.5921220779
0.0339104831
-0.2624815106
0.1810306162
0.1548476219
0.2068092674
0.0523851402
0.2347306013
-0.3282309473
-0.0921345279
-0.0358408093
0.0757764280
0.0645271093
-0.2446655631
0.0282405578
-0.0326759592
0.0425571129
-0.1619649976
0.2774986923
-0.2298867851
0.1924431324
0.0770686343
0.2918555737
-0.0052799289
0.1298350096
0.0852791145
-0.0265482068
0.1169359386
-0.2738302648
-0.0831939429
-0.1318689138
0.2170210183
0.0097037945
-0.0719478577
-0.6502847075
0.1662240177
-0.0088922065
0.0468618050
0.0943692476
-0.5363934636
-0.0026156604
-0.0149443438
-0.0242251549
0.0351047888
0.0021185358
-0.1149510369
0.0100081749
0.0872567669
-0.0402636789
0.0253236722
0.0550672598
-0.4337473810
0.0364509560
0.0701237395
0.0127450619
-0.0030257206
0.0199151412
0.0117986687
0.0088186935
-0.0191743858
-0.0467451438
-0.0760784671
-0.0242623184
-0.0355807170
-0.1780906171
0.0400869548
-0.1114368811
0.0926900432
0.0107080340
0.0580785125
0.0116199208
0.0104254233
-0.0965268910
-0.0950452164
0.0008630609
-0.0110300276
0.0096289627
0.1202392951
-0.0518218875
0.0176506825
0.0493552983
0.1158669889
0.1340644062
0.0028177670
0.0527417846
-0.0032536322
0.0406320058
-0.0226905998
0.0199488234
0.0299317110
0.0101615712
0.0008313740
-0.1433657259
0.0587133057
-0.1289266199
0.0791820437
-0.0018281513
-0.0446693264
-0.1616458893
0.1334230155
-0.0225558374
-0.0144754993
0.0316388384
0.0362657085
-0.0615018718
-0.2310605645
-0.0398562066
-0.0815289095
-0.0325129405
0.2521326840
-0.0042761038
-0.0571088940
-0.0252561569
0.0525349751
0.2607363164
-1.5402519703
-0.1013538241
0.0528683402
0.0258854497
-0.1760688424
0.1236766651
0.1271721572
0.0949119851
-0.1059486717
0.3768892288
0.2454171032
-0.1036087349
-0.0229834653
-0.9585566521
-0.0012779484
-0.2917868495
0.3484008610
0.2305403203
0.1277770549
-0.0820382535
0.0757179707
-0.7295708656
-0.2186864614
0.0141989579
-0.1770947576
-0.1781663150
-0.6867516637
-0.0063693505
0.0059050042
0.1206229478
0.4164859354
0.9865599275
-0.1729622036
0.4183767736
-0.1024204120
0.0087655168
-0.0348654725
-0.1667238325
0.2036875635
0.1735132784
0.1992651075
-0.1756845713
0.0161024239
-0.5347984433
0.1857955605
-0.0456566028
-0.0433627516
-0.7033599615
0.2635855675
-0.0119459340
-0.2562039793
0.3014644384
0.2917686105
0.0382642671
0.0177007839
-0.0097314203
0.0028952255
0.0401813164
0.0193476379
0.0619278513
0.1207713559
-0.0539237335
-0.0200949647
-0.1469835788
0.1804019809
-0.0129998950
0.0854456872
0.0483400561
-0.0643309578
0.0265228618
-0.0010031399
0.1378239393
-0.0153202508
0.0362555236
0.0197119284
0.0530642755
-0.0529095940
-0.0826796740
0.0588625371
0.0187674165
0.0486737937
-0.0423773564
0.0185837951
-0.0383562148
0.0013983574
0.0587115176
-0.0482876487
0.0386464000
-0.0408216529
-0.0578428134
-0.0683976710
0.0057026399
0.0048017125
-0.0530270003
-0.0316941366
0.1174239367
-0.1221077219
-0.0524125919
-0.0034645388
-0.0239571407
0.0201300643
0.0281530302
-0.0003983938
0.0716494620
0.0873852447
0.0222781636
-0.0544649810
-0.1793228537
0.0133357923
0.0216332581
-0.0894389972
-0.0806652382
0.1108885631
0.0095015783
0.0245258417
0.1631264836
-0.0309189688
0.0351122245
0.0202771891
-0.0070051812
0.0035662956
0.0406301245
0.0185554773
0.0624821745
0.1210037097
-0.0530636981
-0.0207862277
-0.1474251598
0.2000090927
-0.0125696631
0.0840648562
0.0472975448
-0.0632623658
0.0250743311
-0.0005591764
0.1379423440
-0.0154539067
0.0334699973
0.0185685065
0.0560041517
-0.0519914366
-0.0877334848
0.0564041436
0.0205640178
0.0470105447
-0.0430319048
0.0173194446
-0.0355196223
-0.0002968474
0.0560173951
-0.0487935469
0.0375795662
-0.0379183367
-0.0577070601
-0.0638963655
0.0071499296
0.0034032052
-0.0529878698
-0.0274241995
0.1225696653
-0.1273527294
-0.0546220914
-0.0034174288
-0.0229148567
0.0212710071
0.0268365797
0.0005728409
0.0754270032
0.0870630965
0.0207317173
-0.0543651581
-0.1824131161
0.0111730983
0.0202591866
-0.0883799642
-0.0814071149
0.1107299179
0.0091697248
0.0247022789
0.1636981815
-0.0366027169
0.0319498777
0.0218437370
-0.0069378908
0.0016488153
0.0409778766
0.0158736743
0.0629673675
0.1228424534
-0.0518289022
-0.0210375413
-0.1480675936
0.2080310136
-0.0120817572
0.0832781568
0.0465561263
-0.0633580908
0.0236399975
-0.0008084382
0.1414636523
-0.0150897279
0.0327355824
0.0201085284
0.0557555705
-0.0517360605
-0.0855024457
0.0546000712
0.0220222045
0.0482131839
-0.0429680608
0.0157743413
-0.0338909142
0.0002001514
0.0568721034
-0.0484980308
0.0364954211
-0.0383180678
-0.0594628341
-0.0642509535
0.0104031013
0.0013125234
-0.0531003550
-0.0270628333
0.1242900789
-0.1282221228
-0.0544372872
-0.0036588355
-0.0254553128
0.0224629771
0.0252501592
-0.0003714234
0.0748782605
0.0877462029
0.0197329111
-0.0574487783
-0.1831770539
0.0082830358
0.0188058242
-0.0877594650
-0.0813304260
0.1099647656
0.0086079333
0.0265086181
0.1651258469
-0.0367159620
0.0252778810
0.0229841098
-0.0038705394
-0.0019224721
0.0390341580
0.0052870205
0.0592256449
0.1301541924
-0.0506819263
-0.0194175281
-0.1433707774
0.2118196487
-0.0099806143
0.0798839182
0.0432942510
-0.0620922372
0.0221294537
-0.0058706454
0.1300633848
-0.0149723822
0.0285369214
0.0139756836
0.0556634367
-0.0503221676
-0.0760247633
0.0521130487
0.0215833131
0.0457535461
-0.0412778929
0.0172644891
-0.0294176675
-0.0061148265
0.0595225506
-0.0487524495
0.0322186388
-0.0381623320
-0.0560264699
-0.0266191177
0.0152428290
-0.0002404613
-0.0488791354
-0.0157429576
0.1182700247
-0.1182488278
-0.0561000369
-0.0035526252
-0.0305193588
0.0229612663
0.0250505619
0.0067591206
0.0743297115
0.0852942914
0.0119761266
-0.0547341406
-0.1817486435
0.0085855136
0.0157175045
-0.0842845365
-0.0716640130
0.1108682454
0.0079202307
0.0269360915
0.1640817821
-0.0359524526
0.0184977036
0.0242683366
-0.0013481880
-0.0067739524
0.0377955064
-0.0023370311
0.0566211604
0.1362399608
-0.0495636612
-0.0177881531
-0.1415834874
0.2273149043
-0.0090893125
0.0770839453
0.0401475616
-0.0610401034
0.0209320560
-0.0090295086
0.1294593513
-0.0147142010
0.0246828143
0.0114007238
0.0565045252
-0.0493610054
-0.0705033615
0.0489618443
0.0230367482
0.0452981628
-0.0399403907
0.0163834952
-0.0255619381
-0.0101494351
0.0595934689
-0.0494504869
0.0284873154
-0.0370702110
-0.0563098937
-0.0070896768
0.0211698413
-0.0033298112
-0.0454171635
-0.0125215715
0.1177323759
-0.1169936433
-0.0569011383
-0.0034312303
-0.0324439332
0.0241872799
0.0238828659
0.0097058825
0.0739644393
0.0856791958
0.0052880305
-0.0565143153
-0.1828479767
0.0074914303
0.0124010183
-0.0818374306
-0.0669930726
0.1126711816
0.0068810224
0.0283597559
0.1652518660
-0.0360011458
-0.0689425394
0.0350450948
0.0685044751
-0.0042329119
-0.0491082966
-0.2749758363
0.0018770910
-0.4357279241
-0.0567550287
-0.0105605703
0.4113283753
-0.4644833505
0.0939404741
0.0262034815
-0.0678568333
0.0869239271
-0.0505345203
0.2098067552
-0.2744136453
0.0331645608
-0.2845687568
-1.2009938955
0.1315994710
-0.3081795871
-0.0787925497
0.1354424655
-0.2515248060
-0.1923723966
-0.2686600685
-0.2219389975
0.0263021104
-0.0282677319
-0.1152599752
0.2311715037
0.0766303614
-0.0204803254
0.0554755814
-0.5404323936
-0.3121441901
-0.0216633957
0.1474332213
0.3827350438
-0.8285045028
-0.1863085181
0.4482664764
0.0293159299
0.3312333822
0.0221404433
-0.2258357108
0.0793666169
0.0618215278
-0.0666894615
0.2986872792
0.2668635845
0.1986449510
-0.1432302296
0.0882048383
-0.1015580297
-0.2267666906
-0.1121810302
-0.0363278985
-0.6398445964
-0.3615018725
0.5872943401
-0.0281513575
-0.0043719150
0.0000048846
0.0091482969
0.0082890717
-0.1923814267
-0.0313653722
-0.1469560415
-0.0021788990
-0.0361579582
0.0551074520
-0.2232431769
0.0807729736
0.0494244844
-0.0032322523
0.0657937229
-0.0223239288
0.0564355925
0.2975130379
0.0490630940
-0.2942320108
-0.2360182106
0.0118223783
0.0149243744
-0.1099309921
0.0337554626
-0.0318233296
0.1155880168
-0.0719262883
0.0179040506
0.0196165852
-0.0648822859
0.1922475100
-0.0224628039
0.0032220406
0.1086498424
0.0482830033
0.0658697709
0.0679561198
0.0306096785
0.0016983275
-0.0949639007
-0.0413798243
-0.0425529964
0.1009328961
0.0514021181
0.3388393521
-0.0174945593
-0.0472845212
-0.0054543172
-0.0065661552
0.0101876361
0.0511510968
-0.0344042405
0.0801173151
0.0129917813
-0.0269888621
-0.0205646008
-0.2194015533
0.0034307078
-0.0136568928
-0.0081241187
0.0164473504
-0.0149593269
-0.0298053958
-0.0069104643
-0.0165485553
-0.0011743446
0.0084901648
-0.1739297658
-0.0416006446
-0.0793063939
-0.0107986936
-0.0221357178
0.0496682599
-0.1579599231
0.0519898273
0.0332748666
0.0014639602
0.0362397805
-0.0003490220
0.0028197949
0.0365087539
0.0480156764
-0.1693964005
-0.3519964516
0.0081608370
-0.0112454500
-0.0573576465
0.0382422879
-0.0366413780
0.0822636932
-0.0741865784
0.0055160294
0.0007221037
-0.0466146991
0.0785944834
0.0463057123
-0.0053833635
0.0461928137
0.0239639264
-0.0020765772
0.0104597798
0.0372981504
0.0168594830
-0.0349604450
-0.2036578208
0.1278447807
0.0849991366
0.0595068894
0.2443689853
-0.0122066308
-0.0360163413
0.0427938923
-0.0480102636
0.0207483936
-0.0357519127
-0.0075447382
-0.0002244623
0.0141671980
-0.0329618603
-0.0151338195
-0.0957180932
-0.0151524032
0.0015403144
-0.0386635363
-0.0273222420
-0.0062418706
-0.0147754773
-0.0151539715
-0.0343428813
-0.0456800759
0.0054243188
-0.1422337890
0.0010798669
0.0316055752
-0.0065303007
0.0059963227
0.0289749056
-0.2131639123
0.0255707745
0.0513343737
0.0081950659
0.0391295627
0.0047183828
-0.0076388763
-0.0005601945
0.0040262779
-0.0726946667
-0.0077995206
-0.0077905245
-0.0267778561
-0.0318947211
0.0473143011
-0.0141056534
0.0340190306
-0.0505946986
-0.0011676368
-0.0145206638
-0.0126704909
0.0611741208
-0.0270152949
0.0071574850
0.0483981371
0.0043293377
0.0949610770
0.0560473762
0.0313705094
0.0086363638
-0.0338904224
-0.1452107131
-0.0726776943
-0.0439577363
0.0259360410
0.0450094864
-0.0152183278
-0.0299107023
-0.0058379066
-0.0476878062
0.0100274831
-0.0365031846
0.0000208516
-0.0134634208
0.0153036518
-0.0205885135
-0.0304455739
-0.0531762168
0.0075790389
-0.0082974276
0.0192853473
0.0331724510
-0.0343741477
-0.0065288441
0.0216678865
-0.0581161566
-0.0500609055
0.0053089159
-0.1342175007
0.0369539298
0.1682149172
-0.0181170404
0.0190184377
-0.0973419994
0.1973137259
0.0228467770
0.0638902187
0.0248695780
0.0040882016
-0.0153045133
-0.0283860527
-0.1322401166
-0.0319435745
-0.0518020354
0.3240825832
-0.0234311409
0.0337648615
-0.0194414370
0.0448345281
0.0125522828
0.0121533349
-0.0519778654
0.0394770801
-0.0118122296
0.0538668744
-0.0047773668
-0.1582227796
-0.0020413164
-0.0163749624
0.0332781337
0.1611326933
0.0085559813
0.0352942869
-0.0612365790
-0.0260127317
0.0051696105
-0.1552277207
-0.1115534008
0.0163718890
-0.3659627438
-0.0212064423
0.0328112766
0.0084419111
-0.0365750864
-0.0462778434
-0.1327228844
0.0018112734
-0.1144803390
0.0467153862
-0.0054492229
-0.0414646789
0.0632929280
0.0535482988
-0.0300069861
-0.0191118587
0.0102154575
-0.1155750379
-0.0164879598
0.0147057241
-0.0350806303
0.0353687294
0.0177481603
-0.0313302279
-0.0059807571
-0.0117005575
-0.0106629534
-0.0108270459
0.0032798087
-0.1336718500
0.0623996519
0.0549368784
0.0095630903
0.0653309226
-0.0136526348
0.0267993528
0.0460113548
0.0057027754
-0.0415337011
-0.1746674627
0.0088370722
-0.0192279443
-0.1828042269
0.0641696677
-0.0119190561
-0.0043794280
-0.0618751869
0.0374989398
0.0195462517
-0.0330000669
0.0754067749
-0.0321059041
-0.0023270349
-0.0295193307
0.0591772608
0.0383251458
-0.0212780088
0.0293697193
-0.0223267358
-0.0335197859
-0.2153431326
-0.1865983605
0.1085382700
0.0436301753
-0.1104355007
-0.0169819277
0.0031105971
0.0419068895
-0.0201850981
-0.0349980630
-0.0498628840
0.0372774377
-0.0352244228
0.0279719234
-0.0034407906
-0.0352526978
-0.1095430553
0.0540157743
-0.0150645841
0.0574923456
0.0279056113
0.0604492985
0.0218312889
0.0481924564
-0.1215738505
0.1644554138
0.0109489085
0.5242061019
0.0409809090
0.1365271658
-0.0088118920
0.0502125062
0.0728748143
-0.5543035865
-0.0052891006
0.0658229440
0.0484987460
0.4281000793
-0.0088715646
0.1261992306
-0.1464656889
-0.0912987739
0.1581268013
0.3326779902
0.0167157240
-0.0432040319
0.0063958126
0.0148298386
0.0321338698
-0.0995880514
0.0432060212
-0.0422338396
0.0416614562
-0.1754159033
0.0996637791
-0.2004298568
-0.0196426883
0.0453685112
0.0402348377
0.1949201673
-0.0861366019
-0.0066260300
0.0332493223
-0.1531134546
-0.2155408710
0.0680243969
-0.0101003246
-0.0114761265
-0.3620710671
0.0108729945
-0.0155570181
-0.1126864180
-0.0253334735
-0.1355269402
-0.1275098026
0.1857167631
-0.0100860763
0.0043123467
0.0080562206
-0.0267603938
0.3871016800
-0.1011197120
-0.0470631197
0.3160435855
-0.2458193153
-0.2293314934
-0.0201096740
0.0063123386
-0.0309395548
-0.0153346537
0.0052472339
-0.1298257411
-0.0054438785
0.1249790192
-0.0297038052
0.0056893411
-0.0109844776
-0.1317289025
0.0370451957
0.0484799892
0.0097384928
0.0067297406
-0.0008856390
-0.0411842950
-0.0858951658
-0.0030851676
-0.0400625318
-0.0878279284
-0.0154561773
-0.0202495065
0.1100065112
0.0504996665
-0.0280116685
0.0104719670
-0.0256458260
0.0508172736
0.0080036316
-0.0315601081
0.1094731987
-0.0192129239
-0.0104130851
-0.0265253671
0.0337895863
0.3900119066
0.0510074496
0.0189435612
-0.0004858186
0.0064694732
-0.0716916323
0.0923881531
-0.0176481605
0.0241624322
-0.0133604174
-0.0071030031
0.0217920952
0.0821642727
-0.0081896521
-0.0094391238
-0.0587813817
0.0223232154
-0.0244936030
0.0397855490
-0.0133584961
-0.0343675725
0.0531463735
0.0691844076
-0.0087406412
0.0088623995
0.0420300663
0.0135628311
-0.0179871935
0.0129133584
-0.0101266587
-0.0435864665
0.0032976940
-0.1332430691
-0.0043627550
0.1704506278
-0.0415436588
0.0158657972
-0.0293459464
-0.0863049999
0.0345406309
0.0472689494
0.0126007395
-0.0359383225
-0.0002130527
-0.0791919678
-0.1674024910
-0.0089490833
-0.0125902314
-0.0383844636
-0.0121292435
-0.0161082912
0.1382486224
0.0509344712
-0.0331833735
0.0027311838
-0.0235044565
0.0686612353
0.0118686277
-0.0627181977
0.1003777385
-0.0575377941
-0.0110283056
-0.0480410010
0.0482915863
0.4225725532
0.0461502485
0.0192784742
0.0018465314
0.0545706116
-0.0463916846
0.0862702280
-0.0273931418
0.0127435811
-0.1453527510
-0.0032670961
0.0412796102
0.0928093269
-0.0074982112
-0.0160789024
-0.1072705835
0.0249254182
-0.0605492182
0.0458963364
-0.0022026838
-0.0391813479
0.0858276039
0.1154199392
-0.0075944569
-0.0128014134
0.0719710439
0.0554740056
0.0080830045
-0.0955255255
-0.3043381274
0.3494982719
0.0300522801
0.3392621875
-0.0102841360
-0.1359798461
-0.0187393166
0.0627406910
0.3716684878
-1.4229024649
0.0892811716
0.1469853073
-0.0095840804
0.1343869269
0.0308558028
0.2315321863
0.3855630159
0.1374744326
0.0509943403
0.3260414898
-0.1292657852
0.0630667955
-0.7362896800
0.0135717234
-0.5271267295
0.4069404006
0.2151775956
0.1596282125
0.0443310961
0.0906275138
-0.2944112718
-0.4566392601
0.0137924580
-0.0322143920
-0.0469161794
-0.4750787616
-0.1926933825
0.0334185511
0.2752204239
-0.2815124393
0.2223635167
-0.2742388546
0.3529950678
-0.0305946991
0.0553607866
-0.0488829650
-0.0267073531
0.0142182270
0.1643241048
0.1394080371
-0.4964667857
0.2145806998
-0.0743868276
0.3210894167
0.0455174521
-0.0797839314
-0.5982154012
0.4260327220
-0.0218242574
0.5868868828
0.0049936720
-0.0572601408
0.0031113855
0.0086991433
-0.0752686188
-0.0130956843
0.0110125486
-0.2077422589
0.0377533920
0.1316691041
-0.0463705100
0.0068480298
0.0228108745
0.2304434180
0.0609690808
0.0553365648
0.0221832823
0.1235678643
0.0030329940
0.0175103135
-0.1337499768
-0.0098030418
-0.0523173176
0.0712433904
-0.0373258963
-0.0240063481
0.0601323843
0.0381304659
-0.0389488600
0.1226612777
0.0137807271
0.0677229166
0.0246256683
-0.0416169241
0.0548943058
-0.0269181617
0.0182910096
0.0060610776
0.0527163520
0.2387796640
0.0046090861
0.0222637448
-0.0017139424
0.1461649835
-0.0214867406
0.0009773639
-0.0555327237
-0.0151433963
-0.0580041893
-0.0181175675
-0.0061918087
0.0018549166
-0.0566556118
-0.0350423492
-0.1112291217
0.0380072109
-0.1619532704
0.0620798357
-0.0150213195
-0.0383566357
-0.0319272056
0.0320003629
-0.0232368186
-0.0380450934
0.0630834326
0.1445108950
-0.0838919953
-0.2391031086
-0.0071503655
-0.0486738645
-0.0281874072
0.2546042502
-0.0310487542
-0.1323657483
-0.0292010996
0.0496219546
0.2476897091
-1.5629099607
-0.1035134196
0.0349923559
0.0176866576
-0.0688888207
0.1345510185
0.1362259984
0.0470918231
-0.0896929428
0.3842889667
0.3084773719
-0.1037114188
-0.0233064592
-1.0256408453
-0.0069255298
-0.3076145053
0.3587134778
0.2378254086
0.1614374816
-0.0795831829
0.0830509961
-0.7879451513
-0.2182616144
0.0193964560
-0.1899654567
-0.1647479832
-0.7342788577
0.0665393919
0.0014165795
0.1080841497
0.4787826836
0.9920528531
-0.1873022169
0.4482583702
-0.0939330608
0.0392968133
-0.0291093122
-0.1687533408
0.2594218850
0.1735240370
0.2278389782
-0.1883370131
-0.0041332040
-0.5870713592
0.1953646541
-0.0590058267
-0.0386626311
-0.7848683596
0.2691385150
-0.0087322220
-0.3097476065
0.3755353093
0.3995931447
0.0222257301
0.0213042106
-0.0141220335
-0.0092609366
0.0391779207
-0.0047813258
0.0600796901
0.1366128325
-0.0483125746
-0.0181409325
-0.1454994977
0.1798958629
-0.0079063438
0.0798287094
0.0429261625
-0.0637444258
0.0202599913
-0.0099978680
0.1456138790
-0.0130362790
0.0356679745
0.0321034864
0.0431068987
-0.0524780229
-0.0447121449
0.0525081530
0.0219067056
0.0591160208
-0.0393097848
0.0154410424
-0.0313281156
0.0038211213
0.0734178424
-0.0468891598
0.0307176448
-0.0521715842
-0.0625410974
-0.0456054993
0.0263774917
-0.0037873457
-0.0509257130
-0.0298013054
0.1084101945
-0.1053112373
-0.0448518731
-0.0044139666
-0.0471723340
0.0237336550
0.0222450085
-0.0043522003
0.0558358170
0.0880117193
0.0107998690
-0.0726917684
-0.1749679297
0.0021760159
0.0138453590
-0.0847487301
-0.0714708641
0.1070591360
0.0071814260
0.0365457386
0.1692035496
-0.0134280901
0.0176152624
0.0232513826
-0.0022432823
-0.0080284756
0.0366703942
-0.0075889360
0.0546132885
0.1389858574
-0.0493755154
-0.0169614833
-0.1378711313
0.2114718854
-0.0077590877
0.0761247650
0.0393988788
-0.0609082468
0.0206669178
-0.0120840305
0.1199674532
-0.0146587389
0.0245310627
0.0083109727
0.0537946112
-0.0488208421
-0.0606760867
0.0495686568
0.0213628933
0.0447033122
-0.0385777801
0.0182307716
-0.0248465668
-0.0123476349
0.0639510378
-0.0487917848
0.0273314398
-0.0398627557
-0.0534604453
0.0124181760
0.0217478890
-0.0026073672
-0.0437272638
-0.0080077881
0.1091755480
-0.1066604555
-0.0565183088
-0.0033510351
-0.0364875607
0.0234411024
0.0244517252
0.0126778735
0.0710746497
0.0835089758
0.0027598732
-0.0542384200
-0.1788416952
0.0088307699
0.0120279239
-0.0804421082
-0.0609913021
0.1119638309
0.0069742952
0.0287664048
0.1631402820
-0.0311804749
-0.0611354820
-0.0296149440
-0.0953917652
0.1149543524
-0.0158826225
-0.2617087364
0.0183291268
-0.9243724942
-0.0230510309
0.0088388957
0.4080149531
-0.7675180435
0.0267978106
0.0258987434
-0.0427519605
0.4685317576
-0.0532937199
0.2370761782
-0.3195063174
0.0118426401
-0.0788288116
-0.5712692738
0.1493995339
-0.3639982045
0.3624557257
0.0569750071
-0.3317194581
-0.0240082629
-0.2328587770
-0.0855731368
0.0371378027
0.1077714711
-0.1342701614
0.5086321831
0.0115691042
0.1419458389
0.0659786090
-0.7173138857
-0.0262738988
0.0445907116
0.2134229988
-0.1718153656
-1.1133505106
0.2037692219
0.5557717681
0.0166477747
0.2319253832
0.0345915407
-0.0941511393
0.1527082175
0.0396524519
-0.1208794862
-0.2260940671
0.2929899096
0.5455095768
-0.0442643277
0.0107148383
-0.1026788950
-0.4143373072
-0.0539804623
-0.0458896160
-0.1771813482
-0.0994380489
0.7320401669
-0.0234554261
0.0054103257
-0.0280436613
-0.0520119965
0.0097112069
-0.1804403216
-0.0102623617
0.0031660763
-0.0094588408
-0.0108123040
-0.0392055027
-0.1078818440
0.0241152924
0.0504308715
0.0192417260
0.0448326878
-0.0059292805
0.0068251300
-0.0134201963
-0.0062904004
-0.1357578933
-0.0110209696
-0.0192700997
0.0167028774
0.0492978729
0.0408272482
-0.0026252274
0.0583139807
-0.0500116050
0.0300396290
-0.0036906665
-0.0285017490
0.0416087694
-0.0023504163
-0.0022613220
0.0615989529
0.0251202006
0.1542013884
0.0446804315
0.0372752175
-0.0258295871
-0.0671722516
0.0253201686
0.0315191187
-0.0095702782
0.0368735604
0.0984184369
-0.0199794769
0.0032184913
0.0489082336
-0.0486644208
-0.0095085036
-0.0973277166
-0.0234327745
-0.0092241270
0.0356314071
-0.0245836228
-0.0221934840
-0.1121391058
0.0470718816
-0.0084365420
-0.0536378473
0.0347653516
0.0575078316
-0.0232676305
-0.0078857504
-0.0342177302
-0.1250811815
0.0038470349
-0.2601058483
-0.0010394172
0.0054471237
-0.0007177368
-0.0124273188
-0.0473942086
-0.2683459222
0.0387959369
0.0536549985
0.0288837496
-0.0042137289
-0.0318858959
0.0460789166
-0.0081222830
-0.0010261955
-0.2219757885
-0.0106058996
-0.0289835073
0.0237974357
0.0877065361
0.0348048136
0.0033647930
0.0341650359
-0.0450734831
0.0047451160
-0.0186563507
0.0178698525
0.0489198789
-0.0152844395
-0.0055294572
0.1004057676
0.0196109992
0.2598035634
0.0349415429
0.0279230289
-0.0485896841
-0.0694906339
0.0366716199
0.0356966145
-0.0835599080
0.0338959843
0.2325539440
-0.0138376597
-0.0098429369
0.0780568644
-0.0441421755
-0.0111224987
-0.0496048406
-0.0198019017
0.0083903177
0.0316298455
-0.0288774669
-0.0268526096
-0.1573263854
-0.0151804481
-0.0146172512
-0.1882005781
-0.0189438276
0.0149711445
-0.0192657020
-0.0001597988
-0.0436530709
-0.0370458253
0.0071055074
-0.1985400766
0.0118899075
0.1133260652
-0.0039772433
0.0054850159
-0.0668182895
-0.2040237188
0.0109322360
0.0631448701
0.0235104319
-0.0064226901
-0.0094535137
0.0237538945
-0.1072749197
-0.0309702232
-0.0886011869
0.1848586947
-0.0293684807
0.0105732242
-0.1572804302
0.0534541905
0.0089205224
0.0245519187
-0.0489917807
-0.0019817399
-0.0264636632
0.0741226524
-0.0629870370
-0.0126280123
0.0095029967
-0.0036254246
0.0124846585
0.1378840059
-0.0036842183
0.0334042385
-0.0670442209
0.0235789139
-0.0559500717
-0.1906128079
-0.0993630365
0.0250676498
-0.0308362376
-0.0238099396
-0.0107388077
0.0443384089
-0.0368027538
-0.0207030419
-0.0847824067
-0.0259701069
-0.0840498209
0.0300847553
-0.0160453990
-0.0369319841
-0.0687586218
0.0336234793
-0.0196845643
-0.1528528929
-0.0113685634
-0.0055858451
-0.0257725213
-0.0015232177
-0.0090583432
-0.0223279223
0.0034742211
-0.1258790344
-0.0137545569
0.0718190521
-0.0168845765
0.0025072433
-0.0076499279
-0.2099420279
0.0215968974
0.0560536385
0.0100068077
0.0202062931
0.0030975917
0.0011734610
-0.0631665811
-0.0145715857
-0.0949764624
-0.1028958485
-0.0063292803
-0.0174813718
-0.0397196002
0.0550460704
-0.0342152640
0.0301154871
-0.0434645712
0.0235315803
-0.0104230065
-0.0270067882
0.0258199703
-0.0187287834
0.0012107004
0.0091875969
0.0112256669
0.2309935093
0.0206184909
0.0280259773
-0.0089300927
0.0354584232
-0.0309270676
0.0220645722
-0.0035119401
0.0296073928
0.1336734295
-0.0148368888
-0.0019207414
0.0575476997
-0.0077178860
0.0039725807
-0.0517716035
0.0144910933
-0.0451848060
0.0331467539
-0.0153903961
-0.0296162013
-0.0515860990
0.0621876642
-0.0121500045
-0.0408213586
0.0084915319
-0.0216944776
0.0003001470
0.0254063681
-0.0156065691
0.0507022291
0.0319238864
0.0274416134
-0.0107733067
0.1160201579
-0.0136193810
0.0466684364
0.0269350894
0.3623219132
-0.0044287173
0.0395614877
0.0092526749
0.1135556698
0.0087776026
-0.0109896436
-0.3270862401
-0.0297400597
0.1571653336
-0.0295726676
-0.0038630322
-0.0521354899
-0.1592979133
0.0478718206
0.0064343009
-0.0759746581
-0.0582201071
0.0186120886
0.0216852166
0.1555981040
-0.2524503171
-0.1404502541
0.0176387783
-0.0897407010
0.0354920067
-0.1213330925
-0.0780412778
0.0524889566
-0.0444386490
0.1587906480
0.0106846746
-0.0666638166
0.1202678978
0.0406754874
-0.5977614522
-0.0021241608
0.0145873111
0.0393894948
-0.1062109992
-0.0586635545
-0.1931897253
0.0918007046
-0.1700514555
0.0014263518
-0.0204405468
-0.0172322970
0.0888733417
0.1426988691
-0.0151424427
-0.0736923814
0.0055871103
-0.0026061554
-0.0250334479
0.0265710428
-0.0008235305
0.0955797657
0.0136817647
-0.1435881257
-0.0267431773
0.0254049413
-0.0315025263
-0.0108488705
-0.0253486540
0.2484956235
0.0926616564
0.0313247144
-0.0057602753
-0.0346537009
-0.0064022802
-0.1183710843
0.2071852237
0.0263097584
-0.0377125703
-0.2828709185
-0.0421699546
-0.0011446810
-0.0032080067
0.0394332930
-0.0853474215
0.0231361557
-0.0924895480
0.1282258332
0.0315503888
0.1262479126
-0.0169682354
-0.0631074086
-0.0101407226
0.0480113178
0.0807708055
0.1965202391
0.1607239842
0.0423377454
-0.0118599208
-0.0640029460
0.2597036362
-0.0233307183
0.0757906660
0.0522478670
-0.0463476926
-0.0174109302
0.0642840788
0.1393124014
0.0138566159
-0.0533928722
-0.0681071356
-0.0562831089
0.0030659984
0.0324094519
-0.0394423269
-0.0306445155
-0.1403356194
0.0959742144
-0.0145668238
-0.0721212402
0.1412638575
0.0683482513
-0.0297734663
0.0105908243
0.0197529942
-0.0307500735
-0.0024105089
-0.1262327433
-0.0057738894
0.1201765537
-0.0352978110
0.0115451347
-0.0321865790
-0.2468995452
0.0316872299
0.0487683080
0.0209983233
0.1289848834
0.0011951993
-0.0107968263
-0.0641676784
-0.0235598255
-0.0716406628
-0.1313134134
0.0095825158
-0.0506134927
0.0702413693
0.0549506918
-0.0330194123
0.0397764780
-0.0346745625
0.0469334573
-0.0043398216
-0.0852346271
0.1072422042
-0.0392211229
-0.0102000535
-0.0089115044
0.0484957024
0.3217982054
0.0117024425
0.0189915169
0.0007636690
0.0813787654
-0.1374774724
0.1868877560
-0.0308572296
0.0135422293
-0.0298549626
-0.0027377135
0.0349350981
0.1010394096
-0.0333731659
-0.0178190805
-0.1205335408
0.0431113988
-0.0906674191
0.0389333330
0.0054589473
-0.0349204019
0.0068537779
0.0894012675
-0.0126194349
0.0223049857
0.0512935109
0.1261024028
-0.0412195846
-0.0805028081
-0.1152724996
-0.4316633344
-0.0560908802
-0.1581467241
-0.0501951724
-0.2737875283
0.0175532997
0.0210321341
0.1988651156
-0.8223823905
-0.2140658796
-0.0080076233
0.0418413691
-0.3731352985
0.0152563360
0.1828496754
0.0494555607
0.0793673396
-0.1616482735
0.3567391634
-0.1231383160
0.0442842394
0.6458601356
0.0653070658
0.2183773071
0.1049814746
0.0062680580
-0.0771299079
-0.0271458998
-0.2660095692
0.1077286676
-0.2271875143
-0.0698713437
0.1981252730
-0.1151772216
0.2596593499
-0.0300918035
0.0216331910
0.0426840484
-0.5931286216
-0.1354362816
0.1611547917
0.0764966458
0.0289183594
0.1792429686
0.0138182165
-0.1085461974
0.0756270438
0.0946070030
0.1023113132
0.1339706779
-0.0239293147
0.2161799222
0.0167454202
-0.0178888720
-0.0242447574
-0.3329610527
-0.1197192818
0.0395560674
-0.1350442767
-0.1665578783
0.1591329575
-0.0040625036
-0.0066716531
-0.0273010638
-0.0001848109
0.0030380692
-0.0913074464
0.0335556492
0.1773223728
0.0032291887
0.0252137035
-0.0337966830
-0.0183469094
-0.0677310750
0.0732812360
-0.0052490365
0.0425392799
0.0169073511
-0.1278170347
-0.2201571614
-0.0208029579
0.0310446359
0.3776161969
-0.0671699792
0.0548887886
-0.1035292894
0.0552136861
-0.0644339994
-0.0441800505
-0.0602389425
0.0192548335
-0.0302198529
0.1233061478
-0.1156593859
0.0029438855
0.0237037968
-0.0172576346
-0.0492026582
0.0513572879
-0.0032043464
0.0290706120
-0.0179199874
0.0639605671
-0.0814954787
-0.5640344024
-0.1245137826
0.0043281657
-0.1989371926
-0.0331141464
0.0099325459
-0.0756599903
0.0615081228
-0.0258926600
-0.1687274277
-0.0584363081
-0.0744685456
0.0263870750
0.0032342847
-0.0561863445
0.0448737331
0.0633095130
-0.0316107273
-0.0904462487
0.0828931332
0.0081598051
-0.0113639282
-0.0064199623
-0.0496355519
-0.1323587447
0.0008944357
-0.1397541612
0.0254536308
0.1842793077
-0.0118136955
0.0136073995
-0.0221680105
-0.1110216156
0.0017790401
0.0526539050
0.0221864264
0.0536012128
0.0009110259
0.0082836458
-0.0031941640
-0.0078589227
-0.0991902873
0.1402751207
-0.0242921393
0.0040274356
0.1062528491
0.0579094253
0.0073519475
0.0834348574
-0.0254742987
0.0040715509
-0.0106748892
-0.1524375379
0.1770590693
-0.0939715654
0.0038929975
0.0077020540
-0.0000180015
0.3737873435
0.0337755606
0.0141263697
-0.0025042340
-0.0434188545
-0.0714610964
-0.0615856424
-0.0971824899
-0.0005137438
-0.0277592354
-0.0187367629
-0.0099785505
0.0268316139
-0.0080233896
0.0156329758
-0.0524532311
-0.0121883899
-0.0402886793
0.0361281931
0.0032373490
-0.0338533670
0.0348636582
0.0484420136
-0.0102534397
0.0782459006
0.0579808466
-0.0129165752
-0.0250441115
-0.0059906319
-0.0888202637
0.1720083207
-0.0585937798
-0.1383742094
0.1398465037
0.2873984277
0.0019058731
-0.0238453634
0.0771168470
-0.0423263758
0.2485838234
0.0556546897
0.0287425462
-0.1588758379
-0.0858006403
0.2006096691
-0.0106051452
0.1397279501
0.0897317380
0.2432271242
-0.0054420251
-0.1400611401
-1.2473404408
0.0027126428
-0.1110723764
0.3737928867
0.0289476458
0.1359049231
0.0445836820
-0.3144090772
0.1457630545
-0.5147219896
-0.0020950439
-0.3457314670
0.0897056311
-0.3965609074
-0.1984551698
0.1028400287
-0.0373421162
0.8951568604
0.1103951111
-0.0107535264
-0.1444135159
-0.0516511202
0.2271493226
-0.0294348635
-0.0736577660
-0.2024399936
0.1124769077
0.0131884413
-0.4077307880
0.0828066692
-0.3657899201
0.1310539991
-0.0117397672
-0.0910279155
-0.0550357550
-0.1191191301
-0.0346414559
-0.2305154949
0.0767222792
-0.8820250034
-0.0589971729
-0.1390686333
-0.0016303663
0.0046861246
-0.0049791457
0.0829763934
-0.0422666706
-0.0755682960
-0.0294903442
0.0360013880
0.1521033645
-1.0475361347
-0.0639522076
0.0433128551
0.0153947398
0.0041890624
0.0871100724
0.0264916420
-0.0341806822
-0.0479681157
0.1972626150
0.1517249197
-0.0611247160
0.0039689443
-0.6106519103
0.0099548232
-0.2402211875
0.2291176468
0.1590783596
0.1521635652
-0.0336449444
0.0271145627
-0.4873169959
-0.0831909552
0.0118155703
-0.0537694916
-0.0822733343
-0.3787717819
0.0478285402
0.0177791975
0.0947140008
0.3091300130
0.5600982308
-0.2171353996
0.2129978836
-0.0503821336
0.0518734381
-0.0195993353
-0.0809080601
0.1957565695
0.1140338629
0.1477725059
-0.2297109216
0.0069270167
-0.3856403530
0.1566016078
-0.0364026316
-0.0381602645
-0.5064678192
0.2130382657
0.0015091540
-0.1952321976
0.2581086159
0.3392087519
-0.0148420250
0.0135560594
-0.0923674628
-0.0608393103
0.0463045053
-0.0884017050
0.0761791766
0.1906719506
-0.0368564799
-0.0113957813
-0.1797735989
-0.0018791180
-0.0004421597
0.0733380094
0.0422512069
-0.0723061487
0.0004237713
-0.0452984683
0.3470495939
-0.0110808322
0.0822646990
0.2402032763
-0.0436155312
-0.0650947839
0.1812765598
0.0495458655
0.0356525816
0.1745523959
-0.0196942110
-0.0053294473
-0.0433979779
0.1149992421
0.1720899791
-0.0201108400
0.0163226686
-0.1623909920
-0.1336771697
-0.3088691533
0.1377043724
-0.0431695618
-0.0788167492
-0.1608077884
0.1007722616
-0.0166765116
0.0759499371
-0.0137662198
-0.1998030692
0.0353424177
-0.0129764844
-0.1176451445
-0.0889633074
0.1267878264
0.0025021285
-0.2651920021
-0.1479234844
-0.0640182495
-0.0098055648
-0.0945085436
-0.1050245762
0.0452682003
-0.0085142739
0.1100480929
0.2350764573
0.1646726578
0.0040213433
0.0035575032
-0.0964581072
0.0528034456
-0.0336658657
-0.3380786180
-0.0601088218
-0.9392305017
-0.0646322221
0.0338030346
0.5689839721
-0.4610050023
0.2143701166
-0.0135513069
-0.0795651674
0.5592262149
-0.0470854603
0.3188107014
-0.5415641665
0.1812520623
-0.3940950632
-0.6990833879
0.1756836623
-0.3371706903
0.1979349107
0.0756672844
-0.3181796372
-0.3178835511
-0.2191905826
-0.2390673459
0.0689759180
0.1471365988
-0.0062170620
0.3158920407
0.0804314390
0.2089473605
0.1288640797
-0.7827479839
-0.1073262468
0.0203745738
0.3539043367
0.0300542712
-1.7547748089
0.3529467285
0.5226374269
0.0855085999
-0.0000256677
0.0600073859
-0.2993143499
-0.1667857170
-0.1537353545
-0.0288695674
0.3348447978
0.4127656519
0.7530390024
-0.0732756704
0.0014713511
-0.1173340082
0.0352873616
-0.3107568622
-0.0484166145
-0.5943817496
-0.4031121135
0.4432947338
-0.0265887883
0.0141683640
-0.0240778085
0.0386309698
0.0151452580
-0.0770057514
0.0008875830
0.0229125470
-0.0100188525
-0.0023553134
-0.0303091463
0.0275843106
0.0233214404
0.0577782243
0.0245241504
0.0918625891
-0.0008520511
-0.0373623148
0.0166300144
-0.0215969663
-0.0609457791
0.1044363752
-0.0282464381
0.0041761808
-0.0165387429
0.0447109863
-0.0567785539
0.0251684207
-0.0705306754
0.0301551335
-0.0074031311
0.0506831221
0.0218036901
0.0124525540
0.0020611393
0.0730481371
0.0147255575
0.0038892236
0.0568921715
0.0465173386
-0.0370400585
-0.0822411776
0.1144143641
-0.0201744828
0.0248848889
0.0415777527
0.0335441791
-0.0252988432
0.0083467038
0.0265759192
-0.0517957360
-0.0247570984
-0.1199624315
-0.0215251166
-0.0054843342
0.0316976495
-0.0244107507
-0.0279896334
-0.0361829214
0.0639797673
-0.0189163387
0.0295325406
0.0503667779
-0.0064699682
-0.0267799795
-0.0075839758
-0.0108467657
0.2673584521
0.0132180685
0.1070664525
-0.0352249034
-0.1358938515
-0.0070242039
-0.0214807764
-0.0022180846
-0.1552318782
0.1062745973
0.0568337105
0.0103717595
0.1862243265
0.0154787628
-0.0702995658
-0.0924773514
-0.0127650481
0.0619451366
-0.0704206601
0.0057765846
-0.0598226897
-0.1495524943
0.0482150428
-0.0602279082
0.0101845898
-0.0260196198
0.0302876309
-0.0120871160
0.1192697734
0.0250126366
0.0839280635
-0.0155073637
0.0223205797
0.0437011421
0.0901684165
-0.0017262336
0.0475312881
-0.0172314327
-0.0842209756
0.0631296188
0.1836863458
0.0961446613
0.0429227948
0.1648373902
-0.0063842004
-0.0073210816
-0.0070143673
-0.0727585629
-0.0047837426
-0.1525966376
0.0029665527
-0.0439413190
0.0299801249
-0.0480867252
-0.0174416751
-0.0120385364
0.0068513472
0.0064035561
0.0414077826
-0.0534893759
-0.1816204190
-0.0216877107
-0.0000801900
-0.0199686177
-0.0196102560
0.0068098190
-0.1222534254
-0.0102893012
0.0285563078
-0.0040504751
-0.0113435183
-0.0133549524
-0.1546639651
0.0284112412
0.0587648228
0.0139507437
0.0315936878
-0.0045899567
0.0191873033
0.0461230874
-0.0067102225
-0.1366412491
-0.0392083190
-0.0129006356
0.0132017229
-0.0815279633
0.0490059294
-0.0210142583
0.0365495421
-0.0606435798
0.0202520341
-0.0089259734
-0.0088408124
0.0348469727
-0.0345678516
0.0030518444
0.0485393591
0.0114155337
0.1390518546
0.0456949025
0.0387894437
-0.0295601245
-0.0411518440
0.0622143596
-0.0490021929
0.0054038703
0.0378147475
0.1934596896
-0.0210268367
-0.0140451463
0.0137007907
-0.0148460679
-0.0061468286
-0.0311353933
-0.0197761934
-0.0038392628
0.0262168292
-0.0250715949
-0.0273986831
-0.0914601609
0.0507835075
-0.0153868673
-0.0452832319
0.0128816376
-0.0937163308
0.0006585392
-0.0038683957
-0.0728827044
-0.0562917851
0.0113026025
-0.2026458979
-0.0210095868
-0.1196644902
-0.0120292809
-0.0025301983
0.0311571658
0.0817440003
0.0324753448
0.0400068462
-0.0117158489
0.0020761986
-0.0086717326
0.0241656359
0.1878629774
0.0403546952
-0.2181793004
-0.1374493539
-0.0209095534
0.0464852527
0.1988017708
0.0413233265
-0.0227683634
0.0343432724
-0.0680518001
0.0670543313
0.0226788633
-0.0340035930
0.1363514215
-0.0812124461
0.0054790964
0.1264718473
0.0474018604
0.1907511204
0.1262694746
0.0435653999
0.0148530882
-0.2443807721
-0.0343644358
-0.0523721389
0.0661255792
0.0392125286
-0.0406606346
-0.0175914876
-0.0007964911
0.0207645725
0.0063024554
-0.0275808722
0.0280332882
-0.0076232366
0.1211386472
0.0323685966
-0.0355181545
-0.0296335891
-0.1322674304
-0.0019954673
-0.0153202051
-0.0293346476
0.0324034244
0.0461977534
-0.0317637585
0.0010023935
-0.0260834340
-0.0933154225
-0.0022047940
-0.2199383080
0.0111735314
0.1796694696
-0.0199389700
0.0052258670
-0.0857982710
0.0380987525
0.0057382789
0.0461217947
0.0276078414
-0.0086358162
-0.0071025928
-0.0803950652
-0.0475740805
-0.0408352874
-0.1182298511
0.1597235799
-0.0474070162
0.0507959910
0.1124677584
0.0419331230
-0.0293682590
0.0403566398
-0.0535617210
0.0666898713
-0.0227786507
0.0142306956
0.0421340615
-0.0720040426
-0.0136164026
0.0460275821
0.0125622852
0.2779028416
0.1097040847
0.0276242178
-0.0334306732
-0.0559762456
0.1182301566
0.0184868556
-0.1171326861
0.0171252359
-0.0826704353
-0.0201687757
0.0276323706
0.1061050221
-0.0452173315
-0.0129205631
-0.1223576441
-0.0504695289
-0.0444591492
0.0586200878
-0.0241078585
-0.0345814824
0.0436362624
0.0784638822
-0.0208916459
-0.0184271149
0.0657931194
0.0276908893
0.0155121721
-0.0453898944
-0.3658090830
-0.6486974359
-0.0696378350
0.5171260238
0.0120506324
-0.1458097994
0.0166954231
0.1170980334
0.2636777461
-0.9895676374
-0.2123867720
0.0292432606
0.1162395850
0.2742518187
-0.0192430746
0.5080216527
-0.2610699236
-0.0309798140
-0.2500713766
1.1336704493
-0.0581532046
0.0166036207
0.9181244969
0.0107942717
0.1535040289
-0.1955645531
0.3726756275
-0.3556640148
-0.0750343874
-0.5541766882
0.3280053139
-0.4316650033
-0.0393840782
0.2299495339
-0.1124727502
-0.1384915859
-0.5454050303
-0.0296069551
0.0989399403
-0.6737500429
-0.0294347983
0.2350985855
-0.0011628729
-0.0490894914
-0.0055135684
0.0338432640
-0.2628407776
-0.2935331464
-0.0660122037
0.1479512602
0.4385821521
0.2828962803
0.4693704844
0.0038130765
0.0700089857
-0.0416092537
0.3998662829
0.2240083814
-0.0816743746
0.1401912123
-0.3704304099
0.0116411028
-0.0169958640
-0.0053468305
-0.0691275224
-0.0991902277
-0.0334487781
-0.0292513445
0.0236821398
0.1495288610
-0.0295863040
0.0061134715
0.0743170232
-0.0936973318
-0.0019931162
0.0338723958
0.0332413465
-0.0038090462
-0.0079978090
0.0130346781
-0.2234831601
0.0007805228
-0.0236741565
-0.0169765912
-0.0447347946
-0.0054135020
0.1297084093
0.0546518378
-0.0639052913
-0.0682881996
0.0688514113
-0.0419991724
-0.0264660735
-0.0415514447
0.0879006460
-0.0377682261
-0.0129460171
-0.0877471045
-0.0166550763
0.3109155893
-0.0891295969
-0.0112154623
0.0120724142
-0.1045821309
-0.2467562705
0.0886760429
-0.0446611531
-0.0145133389
-0.0910779983
0.0005205572
-0.0568349212
0.0046513886
0.0428519994
0.0170178246
0.0743971542
0.0655267537
0.0015251074
0.0372552127
-0.0070325420
-0.0491746441
0.2619303465
-0.0507056937
-0.0162398759
-0.0198375471
-0.1156578735
-0.1415314376
0.1380241364
-0.0600890405
-0.0818168819
-0.5813822746
-0.0792284682
-0.2862065136
0.1027334929
0.3871595562
0.1336520761
-0.0087166978
0.2930412591
0.6874653697
0.1745576411
-0.0092796525
0.1020923927
-0.3752855062
0.0436184593
-0.5187276602
-0.7966825962
-0.0611961856
0.6415082216
0.6907358170
-0.1260509342
-0.2959842980
-0.1075448915
-0.0357460156
0.1943362802
0.1256632507
-0.0527532585
-0.2942255139
-0.0164519064
-0.0975032896
0.2040376663
0.2794225812
-0.0600334182
0.0564057380
-0.0391268544
-0.0611080527
-0.4910179079
0.1702256054
0.1716100574
0.2442902625
0.5743120909
-2.3268237114
-0.5158680081
-0.1509461105
-0.4109005034
-0.0386734866
-0.0714415535
-0.8207271099
0.0767352283
-0.2082515061
-0.6435948610
-0.4129193127
0.1304582357
-0.0026127666
-0.0870918334
-0.0081219571
-0.6613196135
-0.3188338578
0.0138113126
-1.2860836983
0.1734995991
-0.0174011160
-0.0366050228
-0.0052768141
0.0420539640
-0.1388909072
-0.0081483778
-0.0278581176
-0.0360327549
0.2282587588
-0.0298809558
0.0209543798
-0.1076065972
-0.2612782717
-0.0129986731
0.0348146707
0.0285525955
-0.1995940804
0.0252223089
-0.0973315388
-0.0438990705
-0.0255243778
0.0511273183
-0.0991442278
0.0220672283
-0.0393649749
0.1516634822
0.0731316879
-0.0112897102
-0.0394161381
-0.0578774028
0.0321642049
-0.0286175273
-0.0970586613
0.1392749548
-0.1208591759
-0.0204472207
-0.0791292489
0.0193591062
0.4092013240
-0.0027390979
0.0311643351
-0.0107120126
0.0184406303
-0.0135507863
0.1367755830
-0.0299710929
0.0185151380
-0.1481069028
0.0163758025
0.0608744062
0.1746251285
0.0391770042
0.0351893120
-0.0744063780
-0.0137902834
-0.0000925090
0.0417108908
0.0115656555
-0.0411544926
0.1002895311
0.1957370043
0.0257533006
0.0082573025
0.0892782882
-0.0037840733
-0.0210554078
0.0040873792
0.0003399634
-0.0585531555
0.0017444778
-0.1337929368
-0.0036701460
0.2178585231
-0.0396448858
0.0108333761
-0.0613881312
-0.1184582412
0.0252331197
0.0398083702
0.0168434158
-0.0524421483
0.0166280214
-0.0867471769
-0.1002987400
-0.0183280949
0.0033693945
-0.0334800519
0.0041235746
-0.0412754565
0.1620092988
0.0589310452
-0.0073234076
0.0156196123
-0.0218767971
0.0516399778
-0.0028640588
-0.0929419920
0.1564404815
-0.0583958030
-0.0161454417
-0.0779758319
0.0284905639
0.5246549845
0.0343868956
0.0162877217
-0.0011832317
0.0868131146
-0.0712130666
0.1005545557
-0.0626068562
0.0025789994
-0.1176657900
0.0045636622
0.0428065211
0.1004020423
0.0073093697
0.0176307838
-0.0868499652
-0.0059412001
-0.0741536319
0.0410147645
-0.0023639943
-0.0364331566
0.0812506899
0.1201736927
0.0128347753
0.0327382870
0.1055377200
0.0543753095
-0.0263700578
0.0310513452
-0.0244795475
-0.0145215588
0.0067805862
-0.1497923285
-0.0203696713
0.0913506821
-0.0263536740
-0.0024341254
-0.0887058526
0.0526550859
0.0575577430
0.0362324566
0.0069507011
0.0261376295
0.0006059517
-0.0410216078
-0.1019019037
0.0210459288
-0.0426033251
-0.1636189073
-0.0037849685
-0.0210931916
0.1416956782
0.0693973303
0.0053971079
-0.0287201628
-0.0652891174
0.0509573668
0.0274499319
-0.0771355554
0.1628027558
0.0606006570
-0.0184253659
-0.1110051945
0.0614391677
0.4785735607
-0.0017546177
0.0239507128
-0.0194766261
0.0400734469
-0.2045122385
0.1435396373
0.0088281427
0.0375922546
-0.0269506481
-0.0045758765
0.0540377870
0.1154753491
0.0036245182
-0.0231766030
-0.0437490270
0.0337788239
0.0489278212
0.0384810083
-0.0077414601
-0.0449643023
0.1431668848
0.1218295917
0.0059480877
0.0038419294
0.0550836995
0.0114583392
-0.0319214016
0.0232947189
-0.1027663052
0.0192226674
0.0406537689
-0.3746990561
-0.1283212006
0.0682506412
0.0119952569
-0.0213624742
0.2145093232
0.1829761118
0.0044571664
0.0209060125
0.0590706840
-0.0875406340
-0.0317199528
0.1393043846
0.2764648795
0.0824207366
-0.0493411906
-0.5935596228
-0.0036870069
-0.0829247609
0.1275963783
0.0439806096
-0.1031611711
0.0935084447
0.0506152213
-0.0054974281
0.0338042900
-0.1394221634
0.1675752997
0.2950619459
0.0223667156
0.2094369680
0.1264789104
0.0879424438
0.0781702399
0.0319282189
0.0749664605
0.1306910366
-0.1638976038
0.4957689345
-0.0527888089
0.0954954401
0.4562569559
0.0380115062
-0.1033477932
0.3252795935
-0.0486753695
0.0419929288
0.0897583961
0.1352940202
0.0706787631
0.0860603079
-0.0468577445
0.0228701364
0.0238047745
-0.0365896225
0.0952454060
0.0772558898
-0.1207944974
0.0444123931
-0.0016106376
-0.0582354739
-0.1007283404
0.1781138629
0.0240547489
0.0081911087
0.0021962153
0.1367152035
-0.0223729908
0.0423024520
0.2429296970
-1.0007882118
0.0805525407
0.0994343758
0.0010628791
-0.2817849517
0.0055493265
0.0140282875
0.1705498546
0.0539623164
0.1187356636
-0.0312598310
-0.0933365524
0.0151713938
-0.7173438668
0.0131209726
-0.3944837749
0.2795947194
0.1144175231
0.1290937364
0.0391234607
0.1154722124
-0.1895587593
-0.1491112709
0.0180304348
0.0660705268
-0.0272853151
-0.4517692626
-0.0775574967
0.0386182256
0.1773587912
0.2602348328
0.3637659252
-0.2516272962
0.1530913562
-0.0157269221
0.1564202458
-0.0426490493
0.0095675830
0.0557003319
0.0761015192
0.0759634674
-0.3373934925
0.0887918919
-0.0858540013
0.2085824162
0.0071690534
-0.0719429702
-0.2819765508
0.1946435869
-0.0194190815
0.0389732197
0.0217095409
-0.4044711888
-0.0596178547
0.0276924577
0.0580370948
0.2088042349
-0.0040365993
-0.2103755772
-0.0211687032
-0.2394693345
-0.0509880185
-0.0277101565
0.0803885162
-0.1366040707
0.1880043447
0.0185992587
-0.0123463105
0.3368157148
0.0213376489
-0.0328925699
0.0032731649
0.0464965142
-0.1671373397
-0.2742836475
0.1030567214
-0.1946784556
-0.1322744787
0.0801525265
-0.0332557335
-0.0884257555
-0.1734994054
-0.0382753126
0.0163559187
0.1020144597
0.0994300321
0.2296739221
-0.0163969006
-0.0489371233
0.1075954288
0.1762381494
-0.0330639444
0.0375421271
0.0686266124
0.1405863315
-0.5751569867
0.1029478014
0.1412085444
0.0442881696
0.2334072143
0.0089543089
-0.0191465877
-0.0435924418
-0.0456045792
-0.0341294557
0.1345764250
0.0535103604
0.1209376827
-0.0606326349
-0.0248667337
-0.0267535150
-0.0622306913
-0.1586254537
0.0117259640
-0.0733589157
-0.0483747497
0.1553602368
-0.0316096917
0.0162705462
0.0212185457
0.0234216116
0.0019799264
-0.1123002395
-0.0314305089
0.0858708248
-0.0339748859
0.0052373935
0.0126355728
-0.0218873452
0.0506681576
0.0349404849
0.0105079766
-0.0107413325
0.0105540315
-0.0566014871
-0.0441149287
0.0143595925
-0.0074105044
-0.1569277495
0.0061488831
-0.0520314462
-0.0351791680
0.0529130735
-0.0556504354
-0.0087052332
-0.0705683231
0.0434883386
0.0108810645
-0.0306054298
0.0532244854
0.0112203965
-0.0107584782
-0.0306514855
0.0481029116
0.1448757648
0.0069683478
0.0387238674
0.0047817305
0.0729832277
-0.0503561832
0.1280182600
0.0555977076
0.0395070426
-0.0053131930
-0.0085138930
0.0165611990
0.0912930742
-0.0237231441
-0.0122193079
-0.0902428776
0.0267217681
-0.0295288730
0.0277441740
-0.0144053083
-0.0267813187
0.0167803131
0.1001466513
0.0016271654
-0.0181778967
0.0538551211
0.0609824210
-0.0364630781
0.0149750989
0.0428742468
0.0018278464
0.0051696715
-0.0920383558
-0.0318380632
-0.0182236545
-0.0325933360
0.0101537267
-0.0272606201
0.1466380060
0.0281062387
0.0368072316
0.0138567695
0.0406461507
0.0171088614
-0.0823862031
-0.0834959894
0.0117762107
0.0318338759
-0.0908767134
-0.0036349052
-0.0346132889
-0.0744396746
0.0519354828
-0.0665248185
-0.0062964396
-0.1074857861
0.0588394813
0.0005909760
0.0346409343
-0.0584839433
0.0110020516
-0.0072255386
-0.0215506330
0.0260859113
-0.1215666831
0.0204622671
0.0564589202
-0.0151257999
0.0606826581
0.0439488664
0.0883697942
0.0986873135
0.0438455828
-0.0796044841
-0.0184855852
0.0290879905
0.0756090954
-0.0589965321
-0.0132539170
-0.1802766323
0.0059993328
-0.0489757769
0.0288986638
-0.0224787146
-0.0327116214
-0.0451962352
0.1218035594
-0.0130996276
-0.0423806645
0.1116182581
0.0812172070
-0.0263440199
0.0114745209
-0.1093250960
-0.1490483135
-0.0086309705
-0.4336432219
0.0245754961
0.0227994323
-0.0479198508
-0.0251572207
-0.0949284807
0.2644663155
0.0202709008
0.0489836559
0.0416380018
-0.0176860746
-0.0141179049
-0.0904831737
0.0864910707
-0.0154679790
-0.2512437105
0.3192497194
-0.1157145426
0.1321289837
0.3500866592
0.0238853898
-0.1834852248
0.0409627222
-0.1255479604
0.1610541940
-0.0373216867
0.2296028733
-0.1001343951
0.0536593236
0.0039620618
0.1902841777
0.0340317003
-0.0217167810
0.2343133241
0.0617531501
-0.0397076383
-0.3957550228
0.3411938250
0.1717446446
0.0273911990
0.0169026107
-0.0310949925
-0.0529792011
0.0379369520
0.1478237063
-0.0666126981
-0.0564755946
-0.1579001397
-0.0872894526
0.1394646615
0.1118159816
-0.0566114299
-0.0584613010
-0.0649792925
0.0020475255
-0.0598361380
-0.0718431771
0.1095524207
-0.0027497676
-0.0414392352
-0.0132470131
0.0362960733
-0.0881002098
-0.0110581415
-0.2175984681
-0.0156897455
-0.0308574270
-0.0149314133
-0.0069649112
-0.0840667561
-0.2496335953
0.0125376107
0.0669054538
0.0224971399
0.1554838270
-0.0002576160
0.0459370054
0.1086870953
-0.0263087470
-0.2560609579
0.1224329174
-0.0088496143
0.0307499319
-0.0929905251
0.0554506145
-0.0154250907
0.0801034048
-0.0614649802
0.0400628559
-0.0304514971
-0.0382871889
0.0122524649
-0.0377606601
0.0038392353
0.1204916537
0.0165302157
0.1304831952
0.0651111528
0.0327164792
-0.0494921394
0.0254813451
0.1422529370
-0.0532924756
-0.0657700822
0.0253225416
0.2662685812
-0.0307164956
0.0041847853
0.0677613690
-0.0571962111
0.0243634116
-0.0818790346
-0.0234425273
-0.0715113506
0.0568735786
-0.0065337829
-0.0386696234
-0.2275142372
0.0679687113
-0.0215346087
-0.0578756742
0.0799086019
0.0164221115
-0.0132024055
0.0394046418
-0.1002708972
0.2043166906
0.0068183378
0.2398526669
-0.0111969952
0.1454809755
-0.0182692949
-0.0133800143
-0.0902692378
-0.1948631555
0.1294570565
0.0606273338
0.0646474287
0.3225253224
0.0161819328
-0.0809736624
-0.0440234952
-0.0216426738
0.1772945076
0.6106542945
-0.0106714750
0.0472006388
-0.3643445671
0.0466217250
0.1012053862
-0.0473485030
0.1151506454
0.1299317926
0.0428749286
-0.0893822908
0.1427425444
0.0155714843
-0.0237394758
-0.1807422042
0.1127706692
0.1597111076
-0.0558787026
0.0401348099
-0.0235559568
-0.1655240357
0.0663090497
0.0717253312
-0.1694347709
0.0115736118
0.0929310992
-0.0176433083
0.0237175748
-0.1590785533
-0.0197611079
-0.0500371493
-0.1013389677
-0.0299387723
-0.0144270631
0.0852320343
-0.0550636165
-0.0221367534
0.3272197843
-0.0859469399
-0.0206833631
0.2437153608
0.0234187655
-0.3355068564
0.0141458632
-0.0394129939
0.2005636990
-0.1790032387
-0.1628696173
0.4106421173
0.2982608080
-0.3434041739
0.0368321165
0.1273957044
0.0636039823
-1.3579384089
-0.4239319265
0.1532325447
0.0041935667
0.1122824028
-0.0411896408
0.2057044804
0.1417155415
-0.3286021352
-0.1736598909
1.0078902245
0.0005086375
-0.1881849319
0.3342657685
0.0462062173
-0.0138281733
-0.2121466696
-0.3745653033
-0.3698093593
-0.1454544812
0.0637053773
-0.3780530691
-0.8592987061
-0.0616129749
0.5406496525
-0.2539158762
0.3116511405
-0.0974144936
-0.1342340410
-0.0732062906
-0.1784212142
-0.1579262763
-0.6335213780
-0.1614024490
-0.1771194041
0.0541057698
-0.0187254194
0.0431709960
-0.5989676118
-0.0082332846
-0.3617867827
-0.4626514018
-0.0341473706
0.0927987471
-0.2807452381
0.1677215099
-0.0579137392
-0.6397007704
-0.2910536230
-0.0352951400
-0.3254693747
-0.1828757823
0.4975426793
-0.0610854402
-0.0338846706
0.2637614310
-0.3573685288
-0.0506827012
0.0627771243
-0.1873126924
-0.1363988370
-0.0754912570
-0.0237924941
0.1996273398
-0.0069658663
-0.0062727984
0.0617631078
0.1808014512
-0.2252704352
0.1318707764
0.2005087733
1.1223373413
-0.0527298041
-0.1914468855
-2.0449290276
0.2641194761
0.0354436934
-1.2439324856
0.1808592826
-0.4973623157
-0.2432797849
0.5792549253
0.1157270148
-0.0191987697
-0.2730670571
-1.4341083765
0.2210587859
0.0047159791
0.0566528067
-0.0019121957
-0.6812200546
-0.4450017512
-0.0777946338
0.1284376979
-0.8084053993
-1.2322030067
-0.3037404120
-0.0299600475
0.0251745079
-0.4942246675
0.0228318609
-0.0579875596
0.7296595573
0.2827767432
0.0884825811
-0.2740909755
0.3713203669
0.1521257609
0.2291867882
0.0412515253
-0.0907069668
-0.5130302310
-0.3452772200
0.0098014800
0.3717009127
0.1266886294
0.3262977004
-0.0450541861
0.0306659359
0.0635387674
-0.3186489940
-0.0071917465
-0.6237989068
0.0934929177
-0.0558034331
-0.0371236242
0.0971959904
-0.1953189224
-1.5947756767
-0.0847821981
0.2345469892
0.0822993442
-0.3680305779
-0.0671489909
0.2267069966
1.4228404760
-0.2058434188
-0.6137005687
-0.1783738732
0.2135124505
0.1602818519
-0.4699456990
0.1507420242
0.4936577678
-0.4994358420
-0.0064165234
-0.2997599542
-0.1109331772
0.2822372913
-0.1915197074
-0.4404626787
-0.0518864356
-0.5109082460
-0.0460939333
0.4348042607
-0.2004234493
-0.1780624092
-0.2297305614
-1.0121434927
1.9601968527
-0.0031448738
0.5055375695
0.0487228297
-0.4748697877
-0.0016636383
-0.0497134924
-0.7694157362
-0.2821179032
0.0741822347
0.1565727741
-0.2694244981
-0.0676997080
-0.1657088101
0.1702017635
-0.0827132836
-0.2846358716
0.7970883250
-0.0191575065
0.0164122190
-0.3563856483
-0.9906387329
-0.0033626528
0.0013158532
-0.0784143507
-0.0705174729
0.0022929814
-0.1072619408
-0.0033205741
0.1373843551
-0.0349510759
0.0060118507
0.0005232370
-0.1526098400
0.0306935031
0.0543299615
0.0143092507
-0.1142348647
0.0038444721
-0.0346675850
-0.1266466826
0.0172552243
0.0002717192
-0.0317074582
-0.0028656789
-0.0095519833
0.1791270971
0.0682848245
0.0223785974
-0.0157676786
0.0310173277
0.0338134691
0.0108869122
-0.1301145405
0.1770446151
-0.0362977795
-0.0050091799
-0.0769902915
0.0334885083
0.5008242130
-0.0261712186
0.0116555588
0.0218925774
-0.0166298952
-0.1210025996
0.1021507904
-0.0330664627
0.0035695001
-0.0884129032
-0.0000791954
-0.0080933487
0.0376487859
0.0299525838
0.0303180795
0.0469042473
0.0429633223
-0.0292365476
0.0510999747
-0.0086844070
-0.0408220850
0.1316656917
0.0089123333
0.0148956999
0.0010673567
0.0004873099
-0.0326608643
0.0032771144
0.0044821263
-0.0815089792
-0.0068955370
0.0133545175
-0.0201883949
-0.0012497547
0.0884632543
-0.0411593579
-0.0070106774
-0.0486282259
-0.1767046303
0.0429239385
0.0635204315
0.0248097274
-0.0334181450
0.0060718530
-0.0235667806
-0.0609981753
0.0129286665
0.0615299046
0.1825960875
0.0036627161
-0.0201102458
0.2073309124
0.0633061230
0.0295796860
0.0765028074
0.0265156291
0.0463104509
0.0024659769
-0.0998853818
0.2220036238
-0.0626568720
-0.0092955334
-0.0665724128
0.0517020151
0.4531431496
-0.0323756933
0.0254597124
-0.0265711863
-0.0490349568
-0.0420973189
0.0889035761
0.0095819030
0.0064046672
-0.1709146649
0.0130503885
0.0061672274
0.0438635573
0.0116860112
0.0338037759
-0.0770204589
-0.0345070958
-0.0229736734
0.0625208095
-0.0052150856
-0.0477965698
-0.0315939337
0.0371638685
0.0205989741
0.0116995014
0.0620601736
-0.0271894187
-0.0242588427
0.0040994971
0.0064658225
-0.0404881611
-0.0013054470
-0.1477554440
-0.0173416995
0.2264661193
-0.0481252261
0.0106905214
-0.0361426026
-0.1295608282
0.0313075893
0.0399186052
0.0094801048
-0.0492032692
0.0171604976
-0.1125647426
-0.1623395234
-0.0089188740
0.0110546472
-0.1300278306
0.0039079743
-0.0273641963
0.1611778587
0.0549384691
-0.0303083882
0.0115326727
-0.0030775082
0.0845350251
0.0110661155
-0.1021834612
0.1507017463
-0.0348260626
-0.0173974913
-0.0954880193
0.0407343023
0.6084009409
0.0535003878
0.0152800428
0.0189237352
0.1432972699
-0.0964478329
0.1635124981
-0.0545609929
0.0037333055
-0.1240350083
0.0035596897
0.0466263108
0.1278503686
0.0103839776
0.0222611185
-0.1046838760
0.0183837377
-0.0841173902
0.0579433478
-0.0050499598
-0.0342545398
0.1069762632
0.1183539256
0.0119477222
0.0204862431
0.1196978465
0.0876491219
0.0010561721
0.1348915100
-0.0935683101
0.1140996218
-0.0015695115
-0.7765451670
0.0596224740
-0.5992444754
0.0688681453
-0.0912864283
-0.4731091857
2.7753288746
0.1425664276
0.0285646114
0.0926472470
1.4848289490
-0.0321504697
0.1440828145
-0.4461307824
-0.0077111647
-0.8022606373
-0.0988065153
-0.0208404046
0.1419474185
0.0815141052
0.0733754933
0.3889369965
-0.2753664851
-0.2205045819
-0.0866585746
0.0287174564
0.2101129740
-0.1503616720
0.8983243704
-0.0290192068
-0.2196139544
0.2260058671
0.2411582172
-0.2770103514
0.1147840992
-0.1975485384
-0.2970021963
-0.8262762427
-0.5162029862
-0.0594897829
0.0448489115
0.5587177277
-0.0679477677
0.0745375603
-0.6353858113
-0.6619989872
-0.2351048291
-0.5307267904
0.0172530450
0.0590032712
-0.0548911430
0.0125729674
0.0230361987
0.1123235896
-0.0039260550
0.0184869301
0.1297709197
-0.1071176007
0.4984012246
-0.0336582921
0.0201368108
-0.0143636158
-0.0281739365
0.0089080855
-0.1358928233
-0.0052024829
0.0986305103
-0.0359691381
0.0018846577
-0.0815188065
-0.0059101717
0.0278768577
0.0504315197
0.0201561097
0.0984164625
0.0056452556
-0.0674718469
-0.1400428712
-0.0272990596
-0.0616431199
0.0964785144
-0.0154343527
0.0022211431
0.0392716005
0.0540113412
-0.0222448539
-0.0174163785
-0.0577409826
0.0470267087
-0.0009380736
0.0039574485
-0.0029103046
-0.0258143675
-0.0190270972
0.0113375057
0.0356338657
0.2329223007
0.0146262441
0.0368306711
-0.0327603221
0.0354480334
0.0612803251
0.0835949555
-0.0235585589
0.0233559888
-0.0317055210
-0.0210883543
0.0431849994
0.0678303242
-0.0486546159
-0.0247725733
-0.1294610798
-0.0007979533
-0.0654146299
0.0487959757
-0.0213836040
-0.0272800196
0.0135643193
0.0816893056
-0.0208809674
-0.0099244481
0.0876993388
-0.0030603702
-0.0146233244
-0.0165590290
-0.0394363143
-0.0887179673
-0.0026298177
-0.1382924616
-0.0048022852
0.1501334459
-0.0296461023
0.0157394223
0.0027595535
-0.1383165568
0.0209357552
0.0463471748
0.0088407760
-0.0584279560
0.0090035414
-0.0416698977
-0.1528648585
-0.0021430571
-0.0037580542
-0.0798748732
-0.0094390903
-0.0206003357
0.1901879013
0.0575868674
-0.0155071840
0.0082320254
0.0250287559
0.0351219699
0.0013002520
-0.1100951359
0.1693662554
-0.0226671249
-0.0086799515
-0.0670965537
0.0156860743
0.5181878805
-0.0012613484
0.0090394141
0.0283254348
0.0496960208
-0.1503659487
0.1400983483
-0.0489282608
-0.0001151273
-0.0974177942
-0.0008575342
-0.0055454755
0.0796535388
-0.0045029642
0.0365248546
-0.0290509108
0.0476913787
-0.0292333756
0.0551074557
-0.0125852302
-0.0317827351
0.1292206049
0.0506262966
0.0086013786
0.0188212954
0.0381861441
0.0284125749
-0.0025217254
-0.0360117815
-0.0847019926
-0.1563374847
-0.0067416369
-0.1049252748
0.0059752967
0.0685089305
-0.0091281086
0.0149785057
0.0433249846
-0.1400676072
0.0072665648
0.0479721315
0.0099053308
-0.1199642792
0.0020078747
0.0175230112
-0.1709858626
0.0066737528
-0.0053708446
-0.0768719018
-0.0137064662
-0.0087696137
0.2217396498
0.0671318620
0.0151598454
-0.0292496160
0.0587530769
-0.0207975805
-0.0086028604
-0.1141977832
0.1993206739
-0.0096479133
-0.0011274928
-0.0561011434
-0.0045799799
0.4473779500
-0.0595665537
-0.0007982700
0.0419400074
-0.0620761476
-0.2208002657
0.1005282104
-0.0437883958
-0.0063174148
-0.0593636706
-0.0009923577
-0.0650928691
0.0151304957
0.0051093106
0.0532027818
0.0884759873
0.0807694942
0.0392157473
0.0444955640
-0.0173137709
-0.0332633592
0.1906929463
-0.0539734289
0.0116570583
-0.0013343845
-0.0670368522
-0.0979640707
0.0104638925
-0.0366979428
-0.1057639867
-0.1888359934
-0.0047227032
-0.0817632601
0.0151009299
0.0348911881
-0.0017510422
0.0143865841
0.0553582087
-0.1726025045
0.0068799229
0.0517812520
0.0108707510
-0.1452468783
-0.0023412968
0.0591057390
-0.2316251993
0.0083537754
-0.0037749431
-0.0036647811
-0.0151209058
-0.0056842077
0.2162576169
0.0714163184
0.0383366197
-0.0446967259
0.0663464516
-0.0525142327
-0.0132123884
-0.1220270321
0.1975282878
-0.0107894596
0.0046155360
-0.0593571030
-0.0058520688
0.3941149116
-0.0942992494
-0.0056467820
0.0428517833
-0.1114243269
-0.2614256442
0.0631434098
-0.0431115031
-0.0097679179
-0.0446288884
-0.0047348384
-0.0929793939
-0.0283143260
-0.0050244117
0.0518099740
0.1393598616
0.1034318358
0.0704005137
0.0405807644
-0.0171505474
-0.0372437760
0.2265599966
-0.0922906324
0.0080818534
-0.0229243711
-0.1325428337
-0.1708721519
0.0334693119
-0.0390284918
-0.1746875793
-0.2311035693
-0.0008531478
-0.0230313931
0.0321724638
-0.0402785093
0.0115430728
0.0053865947
0.0979304388
-0.2308633178
0.0207904056
0.0578509495
0.0106246723
-0.2221373320
-0.0049566119
0.1318329573
-0.3013222814
0.0243605711
0.0143521046
0.0264008343
-0.0139906639
-0.0134562952
0.1918718517
0.0893844366
0.0743690953
-0.0945296064
0.0813345462
-0.1247538403
-0.0208616070
-0.1251838505
0.2025549710
0.0379744619
0.0174073856
-0.0692988783
-0.0005717105
0.2874573171
-0.1843563914
-0.0138152260
0.0630505159
-0.2385236025
-0.4094731212
0.0295863245
-0.0193061791
-0.0115143405
0.0472516827
-0.0099927578
-0.1564029455
-0.1198775172
0.0039039031
0.0448712967
0.2892924547
0.1510903537
0.1563551128
0.0307502635
-0.0252028592
-0.0435858816
0.3058979809
-0.2263570279
0.0104978476
-0.0566114411
-0.2824608386
-0.3435026109
0.0122126341
-0.0179890040
-0.1450147331
-0.1408842951
0.0094997035
-0.0860054046
0.0161777381
-0.0371242799
-0.0016020929
-0.0045217159
0.0359193198
-0.0598323122
0.0525200181
0.0673224106
0.0148738809
-0.0944006890
-0.0140485046
0.0836425126
-0.1398971975
0.0340377986
-0.0236932319
-0.0596653521
-0.0102038626
-0.0013637249
0.1746773720
0.0802896097
0.0557692163
-0.0746899918
0.0491084568
-0.0452231728
0.0041303337
-0.1422862858
0.2156209052
0.0572346188
0.0097642923
-0.0368078798
0.0258782990
0.3605006635
-0.1310710609
0.0036291357
0.0221236274
-0.1913299710
-0.2490734458
0.0720299333
-0.0040648659
0.0107039968
-0.0302193202
-0.0044674287
-0.0804284215
-0.0145125566
-0.0023931507
0.0195922703
0.1822603643
0.1115655750
0.1001429781
0.0472655483
-0.0305232536
-0.0347669646
0.1875504404
-0.1074524149
0.0102382563
-0.0470826067
-0.1388415396
-0.1326902807
0.0155319311
0.0036131646
-0.1270096153
-0.1207490414
0.0209567845
-0.0558335967
0.0046254005
-0.0529495850
-0.0046975412
-0.0078062029
0.0114427758
-0.0066319248
0.0777284727
0.0702958107
0.0147903934
-0.1460942328
-0.0238627028
0.0587877668
-0.2031320632
0.0345855579
0.0208289716
-0.0509751737
0.0045948313
-0.0152327772
0.1684239209
0.0867079869
0.0576895513
-0.0987483114
0.0374429785
-0.0191631857
0.0190215148
-0.1429998875
0.1728871465
0.0264059696
0.0046823276
-0.0442633033
0.0619940571
0.3158329725
-0.1537688524
0.0165371895
-0.0009991331
-0.1928424835
-0.1658887267
0.0300199054
0.0443713516
0.0253421925
-0.1363529563
0.0001229112
-0.0450237095
0.0290336385
-0.0074706487
-0.0071686404
0.1227455363
0.1161948815
0.0796416104
0.0578515157
-0.0254887734
-0.0369276851
0.1145465821
-0.0202093180
0.0156656113
-0.0827770382
-0.1167013869
-0.0677240789
0.0730701238
0.0201577712
0.2513797581
-0.3162041008
-0.0167505462
0.3814607561
-0.0004786011
-0.9018285275
0.1513841003
0.0636706203
0.3671937883
0.5917017460
0.1901096255
-0.0930504054
-0.0212726742
-0.7595978975
-0.1924803555
0.3731703162
-1.9772351980
-0.1798116565
0.0065878038
1.3183188438
0.1911057681
-0.1492862105
0.4031403959
0.1510467976
-0.1854068935
-0.3474211097
0.0520191789
0.1145173013
0.1567648798
0.3414923251
0.0202181116
-1.4347401857
-0.0130063761
-0.1164797023
0.2633280158
-1.0817972422
0.0764148831
0.0074888556
-0.1751600355
-0.2812604904
0.1708252579
-1.3891317844
0.5542426109
-0.1611217856
-1.4632453918
0.1066868007
-0.2610718310
-0.1525741667
0.4517590106
-0.2074013054
0.1590850055
0.7132937312
-0.3656364679
-0.0928379819
0.0456137471
-0.1753981858
0.3313219845
0.2524601221
-0.0718037635
-0.1472821832
-0.9484482408
-1.1913745403
0.0389769338
-0.1198813543
0.0178817566
-0.2972582281
0.0190652646
0.4718800187
-0.0036307571
-0.0652881861
0.0497981496
0.0731063783
0.0988271162
-2.1348295212
0.0750753582
0.0904438570
-0.0362245142
-0.1685876250
0.1796400696
-0.2756877542
-0.5934687257
-0.2399695218
0.2973168194
0.1566159874
-0.0413966700
-0.0297287349
-0.4187515080
0.1620143056
0.2397617102
-0.2800654471
0.2721080780
-0.1790788621
-0.0879754052
0.0401087180
-0.7725784779
0.4972786903
0.0387170240
0.2172766924
-0.1154162511
-0.4522678256
-1.0470912457
0.0105498321
0.1563676894
0.0358142592
-0.2562435865
-0.3937135339
-0.1704634428
-0.1093988866
0.6806886792
-0.0912321433
-0.1102221683
-0.0154772410
-0.1719440073
-0.1445462108
-0.1512070000
0.0709165782
-0.0873861313
-0.0826671496
0.0015364026
-0.0300370287
-0.2082638144
0.0353659801
0.0456862152
-0.2290222943
-0.1572490185
0.7696287632
0.1154820323
-0.0441227034
-0.1779747009
0.3243841231
-0.0585751869
-0.7962835431
0.3285821974
-0.3471500576
-0.0327919424
0.3189692199
0.5219683647
-1.6812515259
-0.0861634165
0.1301440597
-0.1177469268
-0.8203055859
0.0411737226
-0.0562604144
1.4014625549
-0.0607387759
-0.2127500623
1.0153714418
0.1070825756
-0.2256162912
-0.4521879852
0.2463746369
-0.3748855889
0.0898495167
-0.1394446641
-0.3455119133
-0.0060850880
1.1179697514
-0.2763242126
0.6488780379
0.1754252911
0.4324210882
0.0702124238
-0.4864185452
-0.7682811022
0.0617909804
0.2864757180
1.0936030149
0.9341197014
1.5896602869
0.0367717631
-0.1444077641
0.8932737112
-0.1749477535
-0.2377382070
0.2962966859
0.2198090404
-0.3625012636
0.7665429711
0.7028669119
-0.0977278799
0.0317962058
0.1859137565
-0.2210209221
0.1648865640
-0.6102662086
-0.0302902702
0.3070577383
-0.7461087108
-0.7893435955
0.0093291560
0.0031201092
-0.0505737588
0.0297093987
0.0259169601
-0.0876719132
0.0150729641
-0.0071605542
-0.0197779518
0.0071844757
0.0061155101
-0.0100371595
0.0301191863
0.0775263458
0.0088440403
0.0655541942
0.0070505138
0.0408932939
-0.0287671257
0.0080850627
-0.0602240786
-0.0093673542
-0.0097585665
-0.0107038673
-0.0479370318
0.0583200790
-0.0373170562
0.0355159976
-0.0385338813
0.0179067496
-0.0003986757
0.0081044631
0.0084041990
0.0009440106
0.0224466082
0.0282419547
0.0133944321
0.0562300198
-0.0447436981
0.0327013619
-0.0087439399
-0.0427579135
-0.0299999062
-0.0096674105
0.0610309169
0.0304955374
-0.0172975976
-0.0211147182
-0.0124374982
0.0090168547
-0.0206406228
-0.0025422121
-0.0335087217
0.0495448709
-0.0425175726
0.0444341712
-0.0184716657
-0.0386225693
-0.0366526656
0.0395949744
-0.0103321802
-0.0184003711
0.0026007497
-0.0111586526
0.0037054259
0.0093486663
-0.0484741218
-0.0004312427
0.0162391476
-0.0933307484
-0.0080162659
0.1635748446
-0.0346149728
0.0047306842
-0.0113137811
-0.0961457789
0.0976272076
0.0647899434
0.0245470610
-0.1497783959
-0.0108276587
-0.0002118194
0.0295435209
0.0229512304
0.0423788652
-0.1102944911
-0.0012693238
-0.0387025960
0.0613710023
0.0543831922
-0.0440185554
0.0548893809
0.0403465815
0.0653412938
0.0174825136
-0.1255669743
0.2293052971
-0.0257327612
0.0136875873
-0.0410706885
0.0853076503
0.3291582763
-0.0356099829
0.0193205457
0.0231168289
0.0640554428
0.1015091762
0.1759617925
0.0545256734
0.0140622538
-0.0888892859
0.0081517333
0.0158276204
0.1103866920
0.0306357071
0.0135209030
-0.0142276688
0.0259336177
-0.0415516682
0.0614593998
-0.0037710464
-0.0350630097
0.0441486053
0.0466506183
0.0127212461
-0.0637849197
0.0181614067
-0.0339599848
-0.0076274807
-0.0183684267
-0.0510621816
-0.0851581916
0.0000867390
-0.1086028442
-0.0044636223
0.1336341649
-0.0295498259
0.0150010008
-0.0046446309
-0.1162641719
0.0164377298
0.0500917099
0.0098351566
-0.0400993899
0.0095219733
-0.0201952904
-0.1623985022
0.0020562394
0.0015311566
-0.0914459154
-0.0096722310
-0.0049539441
0.1652713716
0.0550355949
-0.0051693106
0.0097700516
0.0409308113
0.0449827537
0.0045025698
-0.1237121522
0.1476311833
-0.0410057418
-0.0064119981
-0.0758200213
0.0190609377
0.4946685433
-0.0202590935
0.0103905564
0.0266693104
0.0091661746
-0.1202362180
0.1330538839
-0.0411837064
-0.0007050092
-0.1092784479
-0.0014758414
-0.0050464561
0.0725761205
-0.0070181652
0.0371453613
-0.0379903354
0.0548626147
-0.0444821939
0.0583271980
-0.0096452609
-0.0293747485
0.1169777215
0.0641008094
0.0096945362
0.0203346051
0.0353149995
0.0403249525
-0.0119409915
-0.0442953669
-0.0675221831
-0.1449150294
-0.0133945607
-0.1104397848
-0.0019816046
0.0798152834
-0.0109037049
0.0180153940
0.0509867892
-0.0973246917
-0.0122069400
0.0398058556
0.0100525506
-0.1176753789
0.0099117504
-0.0128921065
-0.1339413822
0.0003033188
0.0044838996
-0.1592371613
-0.0070378608
-0.0161663815
0.2350477427
0.0670062080
-0.0103932209
-0.0186940525
0.0703865215
0.0032010470
-0.0080198767
-0.0970532596
0.1780881137
-0.0318983458
-0.0063924538
-0.0599413514
-0.0166964550
0.4474483132
-0.0460351892
0.0027213483
0.0476803035
-0.0244257730
-0.2066342086
0.1069084704
-0.0398472473
-0.0097633330
-0.0853739455
0.0064942315
-0.0542259924
0.0400498845
0.0319939889
0.0697620288
0.0591436699
0.0717752501
0.0075745038
0.0449367948
-0.0162809249
-0.0318273567
0.1650816351
-0.0367136262
0.0183127895
0.0274073258
-0.0192921609
-0.0732155070
-0.0107921958
-0.1050518975
-0.1168978810
-0.2775132954
-0.0375436917
-0.0677913651
0.0082417075
-0.0755567923
0.0289540850
0.0349518023
0.1590785384
-0.0801544935
-0.0778902248
0.0211562887
0.0073221698
-0.2167401910
0.0062095914
0.0445805565
-0.0684898570
0.0014790315
-0.0121967103
-0.2632128298
-0.0149078257
-0.0058538388
0.3593512475
0.0776722655
0.0007010975
-0.0637810379
0.1276846081
-0.0769536719
-0.0243140254
-0.0836704150
0.2195134461
-0.0412186347
-0.0025172550
-0.0022823741
-0.0886686742
0.2758568525
-0.1113565117
-0.0036104219
0.0949260816
-0.1636411399
-0.2557155490
0.1001230627
-0.0165481213
-0.0271655563
-0.0050732065
0.0118079875
-0.1501264423
-0.0310208928
0.1128625944
0.1216107532
0.2315362990
0.1291606724
0.0761655122
0.0165904872
-0.0270676482
-0.0309415031
0.2503222227
-0.1961885542
0.0243876539
0.0444443375
-0.1389697194
-0.3077213466
-0.0211944561
0.0057618278
0.0057377210
0.0241499096
0.0167355873
-0.1006370410
-0.0040929662
0.0695410669
-0.0276115704
0.0092498073
-0.0166829899
-0.0753145516
0.0178803671
0.0563957430
0.0148191471
0.0668214187
0.0174320694
-0.0424352661
-0.0686576217
-0.0098610418
-0.0387103222
-0.0152582852
-0.0064246776
-0.0240423586
0.0069123562
0.0515065975
-0.0631977096
0.0313711427
-0.0628730878
0.0427901037
-0.0067470931
-0.0035518783
0.0108406879
-0.0057600481
0.0026949465
0.0141847515
0.0057894243
0.1503592730
0.0473492220
0.0350652635
-0.0136145279
0.0352534465
-0.0386021025
0.0217960496
0.0156394485
0.0296804756
-0.0210897457
-0.0155527778
0.0179461092
0.0507186465
-0.0301188398
0.0021766319
-0.1116418019
0.0027979824
-0.0666923150
0.0366859958
-0.0193892457
-0.0328756422
-0.0324255303
0.1060989872
-0.0018549428
0.0064876829
0.0827770680
0.0709790140
-0.0198460799
0.0048522232
0.0075562433
0.0430114307
0.0224452224
-0.0772698522
-0.0016420397
0.0069132503
-0.0182217341
0.0057671485
-0.0033372391
-0.0502342395
0.0063399062
0.0626893640
0.0184680615
0.1020952985
0.0203941148
-0.0158389825
-0.0136952493
-0.0077502150
-0.0617477894
0.0177005157
-0.0067691882
-0.0139366677
-0.0605861694
0.0495149307
-0.0743111819
0.0398342349
-0.0793806389
0.0289701596
-0.0142434863
0.0283762999
-0.0391248651
0.0122057339
0.0121688899
0.0585337132
-0.0126700578
-0.0318575166
0.0492563881
0.0425783731
-0.0217739604
-0.0148804793
-0.0065505914
-0.0379720889
0.0377401561
0.0391110592
0.0412886776
-0.0229999498
0.0006052954
0.0136991404
-0.0375384912
0.0027852929
-0.1067835689
-0.0063576284
-0.0535087921
0.0288077407
-0.0246361885
-0.0321355015
-0.0879973322
0.0938415974
-0.0047142422
0.0022445056
0.0705369189
0.0586222708
-0.0156543534
0.0066817594
0.0047459835
0.0569358915
0.0266840663
-0.0726545006
0.0010826710
-0.0055319984
-0.0191841461
0.0049807210
-0.0039083501
-0.0292216167
0.0085192984
0.0660016686
0.0190698896
0.1128663868
0.0214290116
-0.0097175809
-0.0012623395
-0.0072486023
-0.0622861683
0.0311789215
-0.0076759891
-0.0152554493
-0.0713321194
0.0494643748
-0.0778990686
0.0453381315
-0.0837882683
0.0313076116
-0.0133590205
0.0403522067
-0.0509518534
0.0061666528
0.0154907480
0.0666773170
-0.0112025458
-0.0672003850
0.0522150025
0.0445169508
-0.0250559598
-0.0147374701
0.0164029635
-0.0506084934
0.0481661111
0.0398260467
0.0400824994
-0.0242221132
0.0023292769
0.0072589857
-0.0377604850
-0.0001627262
-0.1133491769
-0.0071215616
-0.0601222180
0.0304296575
-0.0261114240
-0.0340946093
-0.1038153544
0.0957633108
-0.0048751184
-0.0020876050
0.0748546794
0.0551119111
-0.0127764326
0.0044621946
-0.0005539721
0.0556499176
0.0261530373
-0.0717753544
0.0026961491
0.0056236628
-0.0205997024
0.0070460308
0.0000345955
-0.0334542431
0.0072218608
0.0677282587
0.0185339283
0.1044067740
0.0220993329
-0.0067357705
-0.0042761886
-0.0065560327
-0.0588449501
0.0240711831
-0.0085693076
-0.0163070485
-0.0651686117
0.0505531356
-0.0796014816
0.0478128381
-0.0764813274
0.0307382997
-0.0123919556
0.0335778370
-0.0401034653
0.0087514343
0.0171379615
0.0598778464
-0.0131870657
-0.0382087156
0.0456868634
0.0413165800
-0.0206414144
-0.0167957544
-0.0003043081
-0.0462992340
0.0463344343
0.0371151529
0.0334530100
-0.0231499095
0.0009986184
0.0103966026
-0.0315277353
0.0027705708
-0.1070952564
-0.0010184958
-0.0600961782
0.0334776491
-0.0246741045
-0.0358413123
-0.0908342525
0.0928158239
-0.0046123290
0.0014891882
0.0691016391
0.0589223132
-0.0118288221
0.0037991502
0.0035453865
0.0552241281
0.0259153824
-0.0746700019
0.0046555996
0.0123373754
-0.0223662779
0.0097419554
-0.0006753505
-0.0199350137
0.0035707983
0.0683313012
0.0191536713
0.0955315605
0.0248504058
-0.0121720871
0.0064189229
-0.0094046546
-0.0520478375
0.0277070291
-0.0053301686
-0.0234474000
-0.0650815442
0.0525150336
-0.0820832029
0.0463164449
-0.0770616457
0.0326407664
-0.0141804293
0.0434779339
-0.0444269441
-0.0045558191
0.0190586057
0.0564906299
-0.0145334238
-0.0437347963
0.0484865792
0.0416590534
-0.0201460849
-0.0041936012
0.0191310532
-0.0440532677
0.0438267700
0.0351362713
0.0256077070
-0.0221125763
0.0040342025
0.0124093173
-0.0255522672
0.0059799147
-0.1081187353
-0.0004820941
-0.0675535873
0.0345398448
-0.0236709509
-0.0387111008
-0.0932676494
0.0928288475
-0.0030073090
0.0006434981
0.0792605877
0.0592362992
-0.0095596965
0.0058001671
0.0019956436
0.0608369373
0.0271575041
-0.0691214353
0.0064422875
0.0118411398
-0.0231385808
0.0088243075
-0.0022790839
0.0053672120
0.0054211006
0.0698408782
0.0198310707
0.1026040986
0.0237211548
-0.0096533075
0.0064164815
-0.0073990943
-0.0549306720
0.0371889211
-0.0051660496
-0.0225831158
-0.0702846944
0.0527452305
-0.0798960850
0.0454942025
-0.0780882984
0.0333284512
-0.0136837782
0.0424921140
-0.0379351452
-0.0051575662
0.0199254397
0.0610224456
-0.0131653212
-0.0454491042
0.0456806011
0.0423266254
-0.0237937570
-0.0095616272
0.0138346339
-0.0511869006
0.0455535203
0.0363333747
0.0147409942
-0.0219590832
0.0045499760
0.0096346894
-0.0259084478
0.0051899236
-0.1071061715
0.0022474846
-0.0678130537
0.0356461778
-0.0236756802
-0.0395199917
-0.0893420056
0.0892353505
-0.0037844526
0.0027416765
0.0788377821
0.0575612001
-0.0436928570
-0.0433945358
0.2693735063
-0.3076906204
-0.0479330234
0.2790911198
0.0109429751
-0.0362590104
0.0569578335
0.0344260037
0.2245857865
2.0851447582
-0.1842154860
0.0304115266
0.1065763906
0.2472626418
-0.0152076324
0.4998260140
0.3832467198
-0.1733321548
-0.2745077014
0.2789579928
0.0460447520
-0.1369001418
0.4069743752
0.0390242226
0.1633650064
0.0824841782
0.0976518765
-0.2457020581
-0.0663353801
-0.2253860235
0.0094957398
-1.3714967966
0.0397277176
0.0259521846
-0.0943954363
-0.0751139596
0.0333264098
-0.0383115336
-0.1601063013
0.0121042477
-0.2529195547
-0.9950968623
-0.3742777407
-0.0744703934
-0.5448271036
0.0613392815
-0.1507765949
-0.2652990818
-0.0814985633
0.0157998335
0.2265793681
0.1356585920
-0.1615743339
-0.1780871451
0.0180251561
0.0593821630
0.1167702153
-0.0445027798
0.0403525941
0.3277596235
0.0795606002
0.6861225963
-0.0106479200
-0.0842422917
0.0788223967
-0.2050990313
-0.0307685714
0.1141104326
0.0093236817
-0.1381374151
-0.0671263337
-0.0019984178
0.0258862190
-1.0035552979
0.0003016027
0.0438020751
0.0573882200
-0.0238227751
0.0253537912
-0.1491112262
-0.1543407440
-0.0427612998
0.0911649764
-0.8395633101
-0.0569365099
-0.0629820302
-0.1373379081
0.0367036797
-0.0632281676
0.0005610349
0.0945242196
-0.0129170604
0.0201535374
0.0932948366
-0.1106264144
0.0970891267
-0.0419525988
-0.1640483886
-0.0229335204
-0.2057271600
-0.0442844778
-0.0061597945
-0.0046813674
-0.3678002954
0.0512274913
-0.1456336528
0.2674309611
-0.0102241822
-0.0691285208
0.0016014121
0.0230358299
0.0003009352
-0.1187751219
0.0648913085
-0.0137714725
-0.0473206528
0.0161499325
0.0163563211
0.0342750922
-0.1026407257
-0.0937957764
0.0396053940
-0.0477048531
-0.1326338500
0.0974013135
-0.0649193302
0.0169272032
0.0497311875
0.2479402423
0.3002456129
0.0213101450
-0.5919821262
-0.0348542519
-0.3041037619
-0.1166326329
-0.0467281565
0.4245944321
-0.8691730499
0.3920537233
0.1086125597
0.0447713956
0.9274516702
0.0749626830
-0.1271437407
0.8984369636
-0.0306783412
0.0571452156
-1.7234197855
0.3230911493
-0.5714794993
-0.6429786086
0.1189153120
-0.1155083328
-0.1545954198
0.0842072815
-0.0098122014
-0.0092886407
0.3602908552
-0.7379310131
0.6509748697
-0.0117216744
-0.1394510418
0.2528780699
-0.1843957454
-0.2699600160
0.0569915771
0.1200428903
-0.8597494960
0.2159454226
-0.2228291035
-0.3733167350
0.0894259289
0.7337685227
-0.0381455459
0.1075796783
0.2832244933
0.2770321667
0.0168601945
-0.4207024574
0.1060925052
-0.2232714593
0.1094521582
0.0158365555
-0.1082058623
-0.8635607958
-0.0964629278
0.0145590706
-0.0560628287
0.1279353499
-0.2698511481
-0.0160451140
0.0103300754
0.0193033535
0.0424205624
0.0242108386
-0.0716465712
0.0018947534
0.0300007220
-0.0261754803
0.0056400998
-0.0248528197
0.0316279978
0.0077887485
0.0626918674
0.0204001814
0.0845269188
0.0243393444
-0.0374642871
0.0084741544
-0.0075963605
-0.0362128355
0.0282685943
0.0054531628
-0.0304615088
-0.0511918254
0.0577853546
-0.0653337836
0.0259706285
-0.0850896165
0.0434896909
-0.0149810929
0.0347557068
-0.0223849062
-0.0256459676
0.0111805312
0.0385509357
-0.0018774553
-0.0031675596
0.0474282056
0.0453638546
-0.0309441444
0.0195127688
0.0348289609
-0.0417447872
0.0296401400
0.0352638327
-0.0158248451
-0.0163283646
0.0185368303
0.0226938669
-0.0190765858
0.0091139013
-0.1090505272
-0.0022856137
-0.0795472711
0.0346035361
-0.0201761313
-0.0393058509
-0.0806907713
0.1003935412
0.0018318623
0.0146350302
0.1079331711
0.0413257293
-0.0155728878
0.0114258593
0.0167051628
0.0435323119
0.0255684592
-0.0714162439
0.0030006603
0.0241549369
-0.0240563564
0.0044660899
-0.0247236509
0.0471239164
0.0070528942
0.0633179620
0.0202830471
0.0899397805
0.0235406347
-0.0324920826
0.0126516530
-0.0059152115
-0.0407095477
0.0386816412
0.0050938339
-0.0283157770
-0.0620215833
0.0570376851
-0.0639309660
0.0274461303
-0.0879861042
0.0394540131
-0.0149126314
0.0357449204
-0.0265716556
-0.0232688244
0.0118260896
0.0436586030
-0.0032747879
-0.0261636544
0.0457495190
0.0464914963
-0.0342969932
0.0112433638
0.0342843607
-0.0529867783
0.0321310274
0.0366118066
-0.0109472554
-0.0174950324
0.0156018548
0.0161592290
-0.0207977369
0.0087724505
-0.1050653085
-0.0040254644
-0.0783905759
0.0326686539
-0.0214684736
-0.0383626930
-0.0838867351
0.0996960402
0.0010063458
0.0167992674
0.1072805002
0.0337299667
-0.0221833792
0.0142531926
0.0270573273
0.0366442986
0.0234053265
-0.0777835697
-0.0023020299
0.0379979350
-0.0255836919
0.0033230563
-0.0352538489
0.0522444434
0.0106162978
0.0566283315
0.0205500424
0.0799926296
0.0235736705
-0.0532876849
0.0122157419
-0.0082521122
-0.0331833176
0.0287198108
0.0086831041
-0.0310330223
-0.0467824526
0.0581542067
-0.0614081323
0.0201308075
-0.0924528241
0.0476344191
-0.0137793152
0.0337046050
-0.0192806553
-0.0326011069
0.0050714822
0.0362923294
0.0065809013
0.0094003733
0.0521571636
0.0486080162
-0.0365392976
0.0321595408
0.0494360477
-0.0350314081
0.0236146823
0.0364059955
-0.0210760292
-0.0152666410
0.0250280723
0.0305338781
-0.0223049819
0.0044308510
-0.1191884652
-0.0101739476
-0.0838744417
0.0333353654
-0.0216867402
-0.0360765420
-0.0812574551
0.1114676893
0.0048893527
0.0216185227
0.1231866479
0.0364812650
-0.0221546050
0.0194610134
0.0264740195
0.0488914810
0.0256709922
-0.0808654800
-0.0022365423
0.0229864866
-0.0250265654
0.0013248076
-0.0321904793
0.0795466229
0.0168941449
0.0563193262
0.0192993917
0.1025335938
0.0205378383
-0.0489952862
0.0100606307
-0.0076419725
-0.0447007678
0.0439287424
0.0072902511
-0.0294183884
-0.0490038730
0.0566981174
-0.0592981242
0.0191291552
-0.1004202813
0.0464568064
-0.0107929818
0.0400149152
-0.0290089417
-0.0345082842
0.0035855423
0.0491685420
0.0141155925
-0.0072651030
0.0525643006
0.0523070395
-0.0418519042
0.0330132246
0.0687111318
-0.0402016416
0.0335566998
0.0404046588
-0.0208772682
-0.0169209242
0.0248167366
0.0232680570
-0.0313277803
-0.0057453723
-0.1260738373
-0.0093015200
-0.0817591473
0.0319342464
-0.0251663644
-0.0330793634
-0.0896847546
0.1084287465
0.0023114569
0.0152583187
0.1170680895
0.0303046890
-0.0270643402
0.0231307633
0.0277457405
0.0530150943
0.0244845822
-0.0746531636
-0.0067597344
0.0420733765
-0.0274371319
0.0011170418
-0.0434007086
0.1000655293
0.0246438682
0.0495761707
0.0191360302
0.1082634777
0.0195823330
-0.0596115291
0.0308043752
-0.0106579326
-0.0424434431
0.0348873958
0.0074718418
-0.0355971046
-0.0335194468
0.0583685040
-0.0585115626
0.0193552971
-0.1047323048
0.0459801331
-0.0075340080
0.0313798934
-0.0031621375
-0.0352779403
-0.0028918844
0.0336111635
0.0248900689
0.0325449966
0.0436055250
0.0519750975
-0.0437508225
0.0341716260
0.0783980563
-0.0209387913
0.0416313335
0.0419351347
-0.0289840493
-0.0148158129
0.0316739865
0.0352500081
-0.0281971693
-0.0113545349
-0.1402761787
-0.0133123873
-0.0809355974
0.0302595720
-0.0230098274
-0.0308754388
-0.0746952593
0.1202941909
0.0032883387
0.0366589017
0.1210256070
0.0184031036
-0.0233397651
-0.0035937969
-0.0069850502
-0.0228086971
0.0072841281
-0.1077378765
-0.0079304138
0.0916404799
-0.0241085123
0.0106448131
0.0029320111
-0.1091007516
0.0131009324
0.0506070256
0.0123751499
0.0219763443
0.0126864417
-0.0406612679
-0.0903364196
-0.0031691091
-0.0368365347
-0.0445306636
-0.0069876374
-0.0180573203
0.0675353110
0.0508729219
-0.0442721881
0.0229701810
-0.0345998108
0.0308956597
-0.0049646907
-0.0499277711
0.0818748772
0.0080088573
-0.0024279181
-0.0001736338
0.0003245307
0.2643081546
0.0294621028
0.0261929091
0.0030295544
0.0154314563
-0.1015656963
0.0626930669
-0.0066900216
0.0250011422
-0.0256884731
-0.0104320953
-0.0006059915
0.0493455976
-0.0257486627
0.0175267030
-0.0704143271
0.0184532404
-0.0309898164
0.0357212201
-0.0179401003
-0.0277140271
0.0278089084
0.0725786462
-0.0008179314
0.0196080469
0.0541862063
0.0590609387
-0.0230052080
-0.0052116420
-0.0072078244
-0.0116615500
0.0107212886
-0.0868072808
-0.0051936377
0.0415218212
-0.0146381166
0.0097730234
0.0170841031
-0.0882825926
0.0009119206
0.0552008934
0.0154354014
0.0426245965
0.0146721443
-0.0205880720
-0.0553546362
-0.0017787012
-0.0511539280
-0.0070498493
-0.0073474459
-0.0126115605
0.0155778555
0.0491851903
-0.0545276031
0.0275640059
-0.0471918099
0.0134743722
-0.0121226180
-0.0221773703
0.0381995626
0.0252982005
0.0054218047
0.0391846560
-0.0178782642
0.1071581170
0.0260882247
0.0323443674
-0.0030565949
-0.0329347029
-0.0755245611
0.0197121967
0.0089376718
0.0328316763
0.0237449426
-0.0164525639
-0.0179094803
0.0198978670
-0.0319139361
0.0189482514
-0.0614222102
0.0142950844
-0.0181193743
0.0271536112
-0.0224992279
-0.0269560218
-0.0077727986
0.0537451245
-0.0035111373
0.0153717836
0.0364446640
0.0399311855
-0.0217528064
-0.0060692779
-0.0066856639
-0.0083801644
0.0138690239
-0.0742731914
-0.0054161400
0.0249959808
-0.0127637945
0.0074051926
0.0174004529
-0.0682265237
-0.0025796758
0.0579759032
0.0162919648
0.0563161187
0.0157646369
-0.0133418571
-0.0419437215
-0.0015894835
-0.0572272763
-0.0079322718
-0.0084627485
-0.0052642371
-0.0066577196
0.0491109565
-0.0575427301
0.0286999475
-0.0511301868
0.0133471880
-0.0143712228
-0.0104374485
0.0294807106
0.0287338328
0.0087337624
0.0486430228
-0.0225686990
0.0521043204
0.0236660969
0.0357875824
-0.0064023794
-0.0413478427
-0.0694642141
-0.0070546404
0.0214280076
0.0350008346
0.0316543393
-0.0186728835
-0.0221560355
0.0080400081
-0.0349562019
0.0211232975
-0.0624362715
0.0104793496
-0.0162592176
0.0275792331
-0.0233822931
-0.0275096241
-0.0240324922
0.0627489239
-0.0048115975
0.0161679890
0.0386230573
0.0415693298
-0.0196213704
-0.0058527770
-0.0051586502
-0.0119402912
0.0123541206
-0.0854754671
-0.0028501155
0.0328224227
-0.0146016693
0.0090634599
0.0129231662
-0.0513625331
-0.0035319577
0.0585335083
0.0156323854
0.0460953414
0.0152830761
-0.0111545958
-0.0428248718
-0.0031144307
-0.0596985593
-0.0080458866
-0.0112658981
-0.0073520504
0.0186246708
0.0504575707
-0.0558756962
0.0286533460
-0.0500708036
0.0192351341
-0.0139949499
-0.0071062678
0.0303087384
0.0123011246
0.0087325107
0.0441332459
-0.0197714902
0.0976853222
0.0323828869
0.0340514854
-0.0072385124
-0.0367240161
-0.0548354723
-0.0023279747
0.0136654712
0.0326125659
0.0215260852
-0.0170991570
-0.0162363090
0.0121399565
-0.0286779739
0.0187390316
-0.0694357157
0.0146461660
-0.0188423824
0.0290906057
-0.0221663658
-0.0293141361
-0.0206552893
0.0572823957
-0.0038003577
0.0023405417
0.0375808142
0.0410130434
-0.0175978560
-0.0089473361
-0.0121467980
-0.0185252316
0.0111517841
-0.0878513679
-0.0016054475
0.0514512919
-0.0152590731
0.0134243257
0.0130765438
-0.0626305416
-0.0048157405
0.0582310818
0.0142613519
0.0327928439
0.0170480013
-0.0126808584
-0.0448406823
-0.0063072862
-0.0472398885
-0.0192439929
-0.0109977424
-0.0140652275
0.0235846285
0.0528187938
-0.0573760606
0.0286963210
-0.0405692160
0.0190392341
-0.0134682627
-0.0142115867
0.0357383192
-0.0038637700
0.0100107454
0.0316920914
-0.0190984011
0.1283334643
0.0255178809
0.0321118608
-0.0010673350
-0.0177107714
-0.0604465157
0.0013015217
0.0045372285
0.0283298027
0.0063390820
-0.0155829731
-0.0152430721
0.0212134551
-0.0200075861
0.0229032543
-0.0631528422
0.0209309328
-0.0242833737
0.0342785306
-0.0210302826
-0.0317528807
-0.0035813740
0.0575217418
-0.0024092360
0.0088301841
0.0404248722
0.0248713605
-0.0136802336
-0.0086104926
-0.0169696100
-0.0041727074
0.0158038288
-0.0770020708
0.0033190022
0.0146542126
-0.0111651747
0.0120484466
0.0221093819
-0.0188754499
-0.0122548481
0.0648641810
0.0153724039
0.0714202225
0.0174686704
0.0090211723
-0.0144076627
-0.0018281157
-0.0640844777
0.0162934586
-0.0117342174
-0.0086892108
-0.0172563717
0.0522697233
-0.0608016774
0.0341077149
-0.0481284074
0.0105681680
-0.0160227790
0.0008712369
0.0175281521
0.0080229808
0.0174953826
0.0541251563
-0.0286371727
0.0237651933
0.0165209416
0.0360724404
-0.0071214465
-0.0533712432
-0.0579190366
-0.0400645062
0.0201047268
0.0341272168
0.0210653767
-0.0208632704
-0.0259311795
-0.0031912352
-0.0229519419
0.0248040278
-0.0545471050
0.0234078169
-0.0156187220
0.0326593593
-0.0231821761
-0.0326093361
-0.0275341235
0.0429496728
-0.0072962176
0.0151943602
0.0359287150
0.0274644643
-0.0835590512
0.1477449685
0.3211613894
0.4116514325
-0.0606911704
0.1351036429
0.1172755361
-0.7702351809
0.0218902007
-0.0222693831
-0.3836045265
1.6959524155
0.5526269674
0.0963363498
0.0603250004
-0.6467384100
-0.1832281500
-0.1803535819
-0.5321946144
-0.0695927143
-0.0658107549
1.9994525909
0.1734156013
-0.2118026018
0.2964881957
0.1325869560
0.2043081969
-0.5222064257
-0.0796507746
-0.0783084929
-0.0972205028
0.5650378466
0.8174663186
-1.1496562958
-0.0254864953
-0.4104662538
0.2167802155
-0.8582170606
0.2410686314
-0.0935112312
-0.3702949286
-0.4154935777
0.3334580064
-1.0346003771
-0.0716291517
0.0104394769
-0.8739086986
0.0716654956
-0.1021331400
0.0040870379
0.0214876067
0.0890666470
0.8107696772
-0.1498013437
0.0601453334
-0.1115875468
-0.0783457011
-0.2010490447
0.7933788896
-0.1255101115
-0.0584632233
-0.5813385248
-0.3377559781
0.8614190817
0.0184385292
0.0689437836
0.3489481211
-0.4729668200
0.0464147888
0.1884493977
0.2433314621
-0.0729717910
0.0103702592
0.0657344460
-0.1253597289
-1.0575876236
0.0330079384
-0.0096513182
0.1399948597
-0.5992721915
-0.0073747244
0.3236781657
-0.7801029086
-0.1002313122
0.5008919239
1.5068236589
0.3951312900
-0.4213604927
-1.0448105335
0.1149168238
-0.0899092704
0.1037364453
-0.5193324089
0.4861582220
-0.1317798346
-0.0684542730
-0.9299070835
0.2486395240
0.0022039025
0.0278345402
0.1054253280
-1.3038520813
0.6240775585
0.0971368849
-0.1374365091
0.5233379006
-1.4151183367
-1.0595735312
0.1557124406
-0.0162565410
-0.8450109363
-0.0447123125
0.1148160696
0.2997137606
0.3867976964
-0.0792181939
0.2582814097
0.6287098527
-0.6756287813
-0.0146057066
-0.0107997926
-0.2446813434
-0.0061410577
-0.7996457815
-0.0831676573
-0.2214632332
0.1088312045
-2.0883979797
0.0245294236
-0.0080849314
0.7100054026
0.2704002857
-0.0327518545
-0.3813402355
-0.0858738124
-1.1366438866
-0.0140413158
-0.0123109547
0.6171600223
-2.4718916416
0.1427568346
0.1865216941
0.0122904480
0.7800986171
0.0391929299
0.3875344992
-0.2599163949
0.0209723115
-0.6099019647
-0.5849273205
0.5899146795
-0.6076688170
-0.7777532935
0.2000151426
-0.2526075840
-0.5990363955
-0.2117793709
0.0313578844
-0.1175632477
0.0498556904
-0.8454648256
-0.6244774461
-0.0511918403
0.6033707857
0.1639583558
0.1079078391
-0.1548148841
-0.0030514461
0.2374305874
-0.9975196123
0.7051813602
1.0861845016
-0.0171711352
0.0735450014
1.2058327198
0.0971809924
-0.0326599777
-0.1699660569
0.1470699310
0.0316355862
0.2310102731
0.8825015426
-0.6061811447
0.0984023660
0.0017461634
-0.0708200932
-1.0858551264
0.3180797994
0.0877029225
0.2114133537
-0.7325404286
-0.6622802019
-0.0097469762
-0.0044847727
-0.0179636683
-0.0014190294
0.0172821861
-0.0793773532
0.0053878194
0.0105801094
-0.0145753538
0.0093357796
0.0287041813
0.0188122019
-0.0014463759
0.0668132976
0.0140472762
0.0610546060
0.0117637254
0.0158540700
-0.0234029721
0.0042984285
-0.0603320748
0.0121405376
-0.0081126252
-0.0140454601
-0.0135384072
0.0541991889
-0.0543819368
0.0250208285
-0.0475521497
0.0108766034
-0.0127467867
0.0020815718
0.0290157516
0.0019232644
0.0163055379
0.0556181744
-0.0179179516
0.0287001729
0.0054995124
0.0358805954
-0.0104106851
-0.0488850698
-0.0448324345
-0.0219930895
0.0343297794
0.0352074765
-0.0043254141
-0.0180856641
-0.0281506032
-0.0047050049
-0.0238769855
0.0219632797
-0.0453867465
0.0370802246
-0.0155213755
0.0330356173
-0.0230695605
-0.0321417190
-0.0219504070
0.0316708274
-0.0084131593
0.0058902688
0.0265305527
0.0130104292
-0.0121429022
-0.0011408284
-0.0111160688
0.0029405470
0.0166096613
-0.0847709700
0.0043631396
0.0219320767
-0.0167156644
0.0082112839
0.0186940450
0.0377971902
-0.0001160050
0.0651727170
0.0146051329
0.0719489008
0.0116408970
0.0037639395
-0.0288203731
0.0037562754
-0.0665871799
0.0152195301
-0.0085207084
-0.0140445977
-0.0173814166
0.0522438623
-0.0547766164
0.0280131456
-0.0539314784
0.0137826651
-0.0118782250
-0.0008480058
0.0310299844
0.0021231116
0.0132030025
0.0566229112
-0.0155774122
0.0418271348
0.0114870584
0.0374483317
-0.0158562250
-0.0386700742
-0.0480550304
-0.0191164557
0.0313252173
0.0357914455
-0.0090239467
-0.0184112843
-0.0202449504
-0.0017949144
-0.0290654637
0.0210100655
-0.0576518439
0.0298594981
-0.0227143429
0.0321938023
-0.0223406497
-0.0311735868
-0.0207192171
0.0386104584
-0.0097894184
0.0118822847
0.0409279540
0.0171715021
-0.0122586591
0.0031531393
-0.0110890064
0.0118662454
0.0191321261
-0.0895345435
0.0047772061
0.0213323347
-0.0170326680
0.0080907093
0.0201568827
0.0415008999
0.0044219494
0.0649399906
0.0120347925
0.0785886347
0.0102219656
0.0007507244
-0.0394726507
0.0025959332
-0.0600446723
0.0259914901
-0.0072472389
-0.0169111677
-0.0109296618
0.0514176376
-0.0519498438
0.0242558327
-0.0588765703
0.0149466479
-0.0089317439
0.0068720770
0.0209559724
-0.0040401216
0.0118145905
0.0538652949
-0.0091972826
0.0420925729
0.0166384093
0.0386511162
-0.0173072871
-0.0201823302
-0.0272693597
-0.0186534096
0.0358508006
0.0366479866
-0.0167483538
-0.0180260167
-0.0179436915
-0.0009462892
-0.0273359921
0.0141623970
-0.0584158748
0.0288159885
-0.0302184317
0.0308094341
-0.0246970709
-0.0302595608
-0.0231311005
0.0479841381
-0.0101329172
0.0062724613
0.0433409587
0.0140420021
-0.0147847757
0.0044369134
-0.0083152577
-0.0009635548
0.0173874926
-0.0905078799
0.0025456017
0.0450925678
-0.0187969189
0.0080699921
0.0114276353
0.0412625186
0.0066266241
0.0606512316
0.0115468502
0.0658853799
0.0092285117
-0.0134008573
-0.0566039458
-0.0021983040
-0.0528008603
0.0259858016
-0.0060359784
-0.0150787858
0.0098257074
0.0510757491
-0.0459383577
0.0193517432
-0.0562068224
0.0211282577
-0.0073336083
-0.0019685195
0.0312681012
-0.0201033894
0.0057959072
0.0440513380
-0.0017016972
0.0898372829
0.0188816134
0.0391506255
-0.0185034759
0.0016063233
-0.0132504357
-0.0039359243
0.0277607795
0.0333757512
-0.0370564796
-0.0164916813
-0.0112563577
0.0094425874
-0.0255370047
0.0108863711
-0.0736079067
0.0256934091
-0.0404367149
0.0332360193
-0.0239200033
-0.0288012531
-0.0135484142
0.0617822520
-0.0083092963
0.0054286215
0.0538695976
0.0106325792
-0.0136725688
0.0108992411
-0.0093623698
-0.0010960145
0.0176096708
-0.1071974412
-0.0002639289
0.0653853863
-0.0254267715
0.0050412612
0.0011379971
0.0725229532
0.0209570676
0.0570925735
0.0108004613
0.0601774156
0.0037244044
-0.0236488469
-0.0884782076
-0.0018511054
-0.0512693003
-0.0018858203
-0.0060408181
-0.0150782699
0.0429896675
0.0483932011
-0.0347716399
0.0167173427
-0.0539632216
0.0297750402
0.0007217858
-0.0109857442
0.0473910756
-0.0286558103
-0.0018828618
0.0365040787
0.0162612405
0.1728026718
0.0226525329
0.0381075032
-0.0213526562
0.0298907068
-0.0093869288
0.0323288366
0.0281813219
0.0325572193
-0.0649066418
-0.0118678492
0.0002898881
0.0255387630
-0.0375561379
0.0021858301
-0.0859261900
0.0251506194
-0.0438153930
0.0372402966
-0.0256678034
-0.0260893330
0.0021544611
0.0662300587
-0.0081994450
-0.0049901637
0.0576892905
0.0048166122
-0.0259625558
-0.0010544704
0.0005143635
-0.0081990520
0.0091020251
-0.1000110060
-0.0086827110
0.0668509603
-0.0212569349
0.0090064155
-0.0005897183
-0.1040634289
0.0095872693
0.0516341627
0.0141722094
0.0408515185
0.0117632691
-0.0308812652
-0.0579916202
-0.0063468572
-0.0532592125
-0.0423200205
-0.0082288068
-0.0192516949
0.0147249615
0.0518996827
-0.0578500479
0.0217481405
-0.0514517613
0.0278644916
-0.0086021824
-0.0233083963
0.0417996384
-0.0009175440
0.0001103163
0.0199211054
-0.0018575991
0.1760103554
0.0305785593
0.0326009169
-0.0076584532
0.0065514483
-0.0608016476
0.0310902596
0.0110221561
0.0312448461
0.0085048545
-0.0142497495
0.0007355524
0.0488199480
-0.0246607941
0.0118574537
-0.0789982006
0.0134921325
-0.0323832445
0.0331554562
-0.0180274900
-0.0288615003
-0.0168971252
0.0801548436
-0.0039781057
0.0104377251
0.0576509573
0.0500398278
-0.0224428605
0.0016506984
-0.0043615471
0.0141000384
0.0169754587
-0.0831806883
-0.0027391585
-0.0044216467
-0.0117912563
0.0037193173
0.0078206193
-0.0377120227
0.0043517053
0.0587806851
0.0161445308
0.0792771354
0.0095680943
-0.0032362305
-0.0281746220
-0.0005791832
-0.0745608881
0.0103810085
-0.0130103985
-0.0051083025
-0.0279740952
0.0496229865
-0.0611545146
0.0326213688
-0.0710681155
0.0123120947
-0.0144480122
0.0069333552
0.0105696907
0.0335876383
0.0087624136
0.0660004243
-0.0163533222
0.0046415692
0.0317198001
0.0389497578
-0.0209539905
-0.0528073832
-0.0472241081
-0.0223855693
0.0318255424
0.0433062911
0.0464040935
-0.0208178572
-0.0195158757
0.0010726490
-0.0454684161
0.0064850561
-0.0693816170
0.0060711224
-0.0157929342
0.0225382261
-0.0249137376
-0.0267673749
-0.0521824323
0.0596234947
-0.0082021104
0.0035365091
0.0280333683
0.0300276149
-0.0205062907
-0.0006572919
-0.0018917063
0.0175476428
0.0216327216
-0.0515541919
-0.0049297349
-0.0216473509
-0.0084241834
0.0007284943
0.0167077072
-0.0613223426
0.0040454059
0.0605747104
0.0167875942
0.0948302150
0.0128957452
0.0108031733
0.0005045536
-0.0027507457
-0.0796703547
0.0156397168
-0.0111199440
0.0017901867
-0.0466175079
0.0492556430
-0.0617866255
0.0342475884
-0.0722128078
0.0154536162
-0.0166580733
0.0193161257
0.0034004033
0.0195026994
0.0098622283
0.0729978532
-0.0200128593
-0.0460479148
0.0412032157
0.0421754047
-0.0208632238
-0.0560452193
-0.0193116218
-0.0395183340
0.0505324751
0.0441253744
0.0780940801
-0.0238959882
-0.0259847175
-0.0151823442
-0.0397727489
0.0093789781
-0.0759280473
0.0039414060
-0.0211328976
0.0230648890
-0.0259766784
-0.0265879557
-0.0836721361
0.0837812573
-0.0064712907
0.0100399014
0.0345069729
0.0229727309
-0.0204370506
-0.0003548439
-0.0040219561
0.0271646697
0.0194472224
-0.0745901242
-0.0002980276
-0.0267059505
-0.0094001470
0.0069658295
0.0165631343
-0.0197731759
-0.0022709596
0.0633157343
0.0174710862
0.0937631726
0.0142258378
0.0068175495
-0.0122613572
-0.0011739646
-0.0847956687
0.0103240926
-0.0130385775
-0.0102099432
-0.0704868585
0.0508127660
-0.0778890774
0.0327856690
-0.0793642774
0.0041721580
-0.0198039990
0.0353819504
-0.0316780545
0.0303336699
0.0160365291
0.0877057388
-0.0274887532
-0.0902309045
0.0301927458
0.0431154035
-0.0229518041
-0.0667369813
-0.0419022143
-0.0448212586
0.0480477288
0.0461212769
0.0644208416
-0.0242605116
-0.0234541558
-0.0080055809
-0.0457946211
0.0087774368
-0.0669646114
0.0090751080
-0.0232477114
0.0205138363
-0.0265067089
-0.0302123837
-0.0747574195
0.0590053163
-0.0099131856
-0.0017377653
0.0276269857
0.0245233718
-0.0200981908
-0.0006506166
-0.0005070887
0.0254337639
0.0195443761
-0.0708327964
0.0013331883
-0.0137574058
-0.0096697761
0.0104807969
0.0087425048
-0.0063064666
-0.0146035124
0.0648818389
0.0175739806
0.0895148888
0.0178458020
0.0014035045
-0.0017981667
-0.0052733561
-0.0702231079
0.0386121683
-0.0135808168
-0.0064203660
-0.0620298199
0.0517800972
-0.0784176588
0.0306081381
-0.0801710561
0.0130587351
-0.0213354528
0.0401234627
-0.0411778763
0.0184957050
0.0178064331
0.0794736370
-0.0310581606
-0.0840626881
0.0381380953
0.0433546789
-0.0246474687
-0.0634396151
-0.0153954374
-0.0680684298
0.0380017012
0.0445731431
0.0403060652
-0.0244979039
-0.0178377125
-0.0025321115
-0.0327736624
0.0102006672
-0.0756654963
0.0056779063
-0.0278611537
0.0237572026
-0.0254036169
-0.0324637853
-0.0746327043
0.0630253404
-0.0083087897
-0.0025350875
0.0406906493
0.0361904763
-0.0173756704
0.0029724161
-0.0004343116
0.0255193077
0.0193768218
-0.0605292507
0.0024031338
-0.0115274126
-0.0096136453
0.0088305986
0.0106945103
0.0228750762
-0.0092992056
0.0638159811
0.0187997390
0.0869094357
0.0132339867
0.0091816969
0.0024841500
-0.0056194193
-0.0810891837
0.0451609157
-0.0141313123
-0.0090830699
-0.0584035292
0.0529893860
-0.0742379352
0.0276670624
-0.0800535679
0.0108367829
-0.0198537335
0.0391059667
-0.0228248388
-0.0007883749
0.0157539193
0.0885174945
-0.0249729231
-0.0677393451
0.0350361988
0.0444937460
-0.0304424409
-0.0696288645
-0.0040648277
-0.0629904047
0.0457807481
0.0464376584
0.0388007425
-0.0231505446
-0.0185857508
-0.0084145749
-0.0325891115
0.0064440710
-0.0752548277
0.0121826297
-0.0193888694
0.0237244014
-0.0242489874
-0.0325513259
-0.0712633133
0.0596169792
-0.0095559964
-0.0044582887
0.0332869329
0.0148967979
-0.0073622456
-0.0162533019
-0.0670540631
-0.1284772158
0.0220420752
0.1437481642
0.0315607749
0.2809395492
0.0094683180
0.0392694473
0.1707518101
-0.4420970082
-0.0518421642
0.0663090944
-0.0134146465
-0.3562665880
0.0353447758
-0.0610651597
0.3360151052
0.0342908911
0.3898292482
0.0068844710
-0.0108403647
0.0407822356
-0.3933810890
0.0311710928
-0.1213358566
0.1388792545
-0.0215012748
0.1211431995
-0.0072583933
-0.0422481559
-0.1551546901
-0.5174793005
0.0667466074
0.0210801475
-0.0152830165
-0.3670013845
-0.0536965802
0.0857527182
0.1480582356
0.0466556847
0.4175012410
0.0199158844
-0.1841886342
-0.0024792610
-0.0653717518
-0.0131136347
-0.0376302004
0.1529171020
0.0488137864
0.0237479769
-0.1565589756
0.0606152415
-0.0012338925
0.0744393170
0.0090659102
-0.0137789026
-0.0563317463
0.1131910905
0.0028600502
0.0687774196
0.2575861514
-0.1518327296
-0.0082245488
-0.0304554086
0.0528970324
0.1393360794
0.0483311117
0.3015313148
0.0558105633
-0.2845521569
-0.0153063955
0.1034595147
-0.2795571089
1.1361594200
0.0223635193
0.0920956507
0.0445777401
0.7477664351
-0.0548009537
0.4041197300
-0.0066679614
0.0012824095
0.1500386149
-0.3393669724
0.0511160716
0.0795499310
-0.1803271025
0.0721009150
-0.2449099272
-0.1262697428
0.1228053570
0.3169184327
-0.1300660372
0.0097719217
0.1967292279
-0.0929616317
0.0929990113
0.1640428305
0.0683293119
-0.0601705797
0.1279857457
-0.0064166305
-0.0149786947
0.2721196115
0.1201575100
-0.6667195559
-0.1847316623
-0.0190904196
-0.9396164417
-0.0003561725
-0.1316058040
0.0844622925
-0.1046740189
0.0704311728
0.2740622461
0.2823629081
-0.6022675037
0.2257045209
-0.0234941300
-0.0544255897
-0.1953541040
0.1869652271
-0.0538963489
-0.0123921381
-0.3666305542
0.6882602572
-0.0015214954
-0.0254474301
-0.0206283312
0.2862654626
-0.1589357108
-0.4546188712
0.1819197237
-0.5881476402
-0.0397359356
0.0645746961
0.7706496716
0.6009189487
-0.1085126922
0.0648350194
-0.0716940686
1.1324530840
0.1123424545
0.4457153380
0.7537322044
-0.0151293362
-0.0667615458
-2.2810306549
0.3806023300
-0.6803662181
-0.7531629205
0.2027820051
-0.0314614773
-0.3010815680
-0.2968193591
-0.2587756217
-0.1678478271
0.4129551649
-0.4565197527
-1.0251804590
0.0406829715
-0.5209739208
-0.0828318149
-0.3621033430
-0.4724073708
0.0403104499
0.4392936826
-0.7574930787
-1.4181549549
0.4194511175
0.1921757907
-0.0481581539
0.2154690474
-0.0275061857
-0.1085703596
-0.5619482994
0.2433069050
-0.0923421532
-0.2667779326
0.4963325262
0.3359459639
-0.1835356355
0.1183324009
-0.0786639601
-0.0255909637
-0.6277328134
-0.0523071438
0.8531523347
-0.1762425452
-0.7997749448
-0.0204065591
0.0016787802
0.0076119779
-0.0016341553
0.0140686501
-0.0900329649
-0.0019033812
0.0328108147
-0.0174950361
0.0101659372
0.0043210960
0.0035071492
-0.0038549730
0.0589987487
0.0153494393
0.0627629906
0.0155255543
-0.0195796397
-0.0254347995
-0.0052976930
-0.0601247475
0.0139083471
-0.0055017029
-0.0178727731
-0.0087283952
0.0527667217
-0.0571146682
0.0174722113
-0.0662653968
0.0248612650
-0.0151188783
0.0140053118
0.0043281014
-0.0217555463
0.0076817735
0.0517607071
-0.0115870703
0.0504667200
0.0366973132
0.0421565473
-0.0177364666
-0.0118685924
-0.0026211371
-0.0158827826
0.0187785644
0.0368336141
-0.0001272183
-0.0182346348
-0.0035965887
0.0148572661
-0.0248831939
0.0148036145
-0.0831871033
0.0171041936
-0.0322433822
0.0308847073
-0.0212554112
-0.0313401297
-0.0403702296
0.0627882108
-0.0061035450
0.0018648151
0.0642284825
0.0268185362
-0.0231706444
0.0035214357
0.0079020401
0.0067522922
0.0161673557
-0.0827418119
-0.0034658283
0.0216585603
-0.0149276424
0.0083384607
0.0010686426
0.0277400091
-0.0058949050
0.0588193573
0.0163859390
0.0720692128
0.0152308270
-0.0243407413
-0.0051407935
-0.0038434968
-0.0618870109
0.0270287823
-0.0045243599
-0.0179247260
-0.0393095873
0.0540175475
-0.0640754402
0.0167460367
-0.0745518357
0.0200587623
-0.0159228798
0.0199020896
-0.0036501985
-0.0079409657
0.0086443676
0.0637141392
-0.0122557823
-0.0051829093
0.0289349575
0.0463531762
-0.0251152273
-0.0261409301
0.0044329003
-0.0334271789
0.0274914969
0.0406940058
0.0046527018
-0.0205683894
-0.0048985062
0.0152934762
-0.0244156923
0.0135190394
-0.0811584964
0.0128770517
-0.0355504528
0.0295773651
-0.0225010421
-0.0306836367
-0.0524834394
0.0634898618
-0.0062595527
0.0153213395
0.0710498467
0.0243404526
-0.0248855390
0.0088779479
0.0100769605
0.0100858146
0.0167638082
-0.0883041397
-0.0058922214
0.0336729996
-0.0187557098
0.0045431852
-0.0109138181
0.0374375992
0.0068834792
0.0550332256
0.0157262608
0.0744996816
0.0117824739
-0.0326624699
-0.0251078308
-0.0041275336
-0.0529962294
0.0255903248
-0.0037098513
-0.0190463476
-0.0173453726
0.0537394285
-0.0559999496
0.0182291325
-0.0761339590
0.0312606767
-0.0106790159
0.0098745758
0.0197293349
-0.0134663526
0.0020071182
0.0480472781
0.0025213491
0.0516882204
0.0401158780
0.0453533605
-0.0290386043
-0.0010268721
0.0032638032
-0.0058965744
0.0279362425
0.0400010496
-0.0146534033
-0.0177829545
0.0015891269
0.0244284384
-0.0307829212
0.0085804677
-0.0969759822
0.0095324265
-0.0413148068
0.0316285193
-0.0237399973
-0.0292019211
-0.0430259332
0.0753917396
-0.0040512574
0.0170289241
0.0809618831
0.0231133159
-0.0201939810
0.0120370574
0.0002737216
0.0190518685
0.0215493646
-0.0894488841
-0.0019334111
0.0103079975
-0.0196649749
0.0033542940
-0.0084800590
0.0868159831
0.0088937739
0.0593577437
0.0129582677
0.1008231193
0.0074917986
-0.0227131713
-0.0498131476
-0.0001619201
-0.0613216683
0.0369487852
-0.0078243492
-0.0118251601
-0.0191634037
0.0505749807
-0.0527094044
0.0143162999
-0.0805518702
0.0241829194
-0.0074192528
0.0172611568
0.0076486566
-0.0087489588
0.0040137614
0.0607792325
0.0029584577
0.0096130483
0.0282291230
0.0478011183
-0.0343456641
-0.0005957428
0.0086638210
-0.0233770460
0.0376548097
0.0428876951
-0.0420312695
-0.0191372223
-0.0034921844
0.0075960713
-0.0467494056
0.0041670618
-0.0856196582
0.0171191785
-0.0433363169
0.0306476839
-0.0270123668
-0.0278999228
-0.0333841033
0.0728369057
-0.0106787449
0.0092452774
0.0668963045
0.0131199947
-0.0226087980
0.0169710703
0.0056108539
0.0186981410
0.0188017990
-0.0968342274
-0.0080240611
0.0333425812
-0.0251732618
0.0038703301
-0.0197858289
0.0885219425
0.0124637950
0.0541155823
0.0086889425
0.0988859013
0.0055565825
-0.0313163511
-0.0562026724
-0.0019577362
-0.0517273061
0.0076931883
-0.0061278981
-0.0165020842
0.0110865124
0.0508326814
-0.0430644676
0.0099104699
-0.0804912597
0.0326257572
-0.0000624252
-0.0029570535
0.0108397966
-0.0299261399
-0.0010995941
0.0356813408
0.0169838332
0.0963870361
0.0336666368
0.0473264977
-0.0325186141
0.0310492590
0.0313686877
-0.0081118718
0.0226712618
0.0419947132
-0.0586726665
-0.0147451060
0.0094681010
0.0365539156
-0.0396326445
0.0019103574
-0.0897674710
0.0233833138
-0.0491918921
0.0340327546
-0.0258603673
-0.0263916571
-0.0080760578
0.0720678493
-0.0101382863
0.0110679949
0.0701679885
0.0077730743
-0.0272897277
0.0026178402
-0.0066861040
0.0135149835
0.0136491098
-0.0771122798
-0.0082235662
0.0250808615
-0.0156413354
0.0076317955
0.0047779731
-0.0653745681
0.0137535539
0.0519303121
0.0161176845
0.0870614871
0.0086890832
-0.0289793629
-0.0342469551
-0.0041521732
-0.0632881671
-0.0017987103
-0.0093231136
-0.0217973739
-0.0187291838
0.0496056899
-0.0606914833
0.0229187980
-0.0594377518
0.0135337850
-0.0094617801
-0.0129801361
0.0304752123
0.0123900427
0.0020438284
0.0561544858
-0.0030714520
0.0522475690
0.0194294918
0.0393097214
-0.0155637525
-0.0361428633
-0.0567405373
0.0116731059
0.0245894697
0.0405781567
0.0083469748
-0.0184111781
-0.0069401818
0.0319993757
-0.0431001633
0.0081780422
-0.0795512125
0.0140917460
-0.0285158344
0.0282694101
-0.0209142845
-0.0276153497
-0.0316802152
0.0627032295
-0.0085314773
0.0389227718
0.0494782031
0.0335930847
-0.0270728581
0.0049118535
-0.0039339694
0.0041387994
0.0152610065
-0.0893274546
-0.0041735112
0.0139393229
-0.0112752551
0.0052108816
0.0008314068
-0.0561400875
0.0036691031
0.0550768673
0.0170928109
0.0725303143
0.0075637065
-0.0181468278
-0.0649574995
-0.0094656600
-0.0717845857
0.0393924937
-0.0114820106
-0.0062423265
-0.0344651602
0.0474571027
-0.0589580089
0.0209720731
-0.0706346110
0.0105518783
-0.0164988935
0.0145750651
-0.0139380563
0.0243257992
0.0048336452
0.0696727335
-0.0099976836
-0.0033424748
0.0220982321
0.0430215597
-0.0231789220
-0.0391003788
-0.0107227731
-0.0100264363
0.0278444905
0.0425413325
0.0408546850
-0.0228239410
-0.0121179288
0.0233507100
-0.0444200151
-0.0006935677
-0.0772532299
0.0026365109
-0.0294562746
0.0271354578
-0.0246219821
-0.0266770292
-0.0557448007
0.0745950714
-0.0113879917
-0.0086327521
0.0315102823
0.0352432989
-0.0260884203
0.0033275997
-0.0023937705
0.0045535364
0.0134171201
-0.0918588638
-0.0058606951
0.0017549891
-0.0119677624
0.0023678113
0.0044996701
-0.0428503379
0.0079405513
0.0542749651
0.0179049950
0.0597180650
0.0059108892
-0.0107305218
-0.0315551162
0.0002492019
-0.0855856165
-0.0060374117
-0.0126036406
-0.0090349074
-0.0243134834
0.0497302003
-0.0571038686
0.0259261169
-0.0719988421
0.0080002267
-0.0146389091
0.0017151666
0.0159610379
0.0336044915
0.0041375128
0.0730712861
-0.0104430998
0.0280387029
0.0255467147
0.0402599424
-0.0233859736
-0.0672351941
-0.0424638130
0.0032130228
0.0272132047
0.0453298315
0.0613262206
-0.0205969848
-0.0140147218
0.0143956672
-0.0514217429
0.0017327637
-0.0722759664
0.0095156515
-0.0146320090
0.0214521457
-0.0230904091
-0.0246755257
-0.0531240292
0.0513955913
-0.0074433135
0.0003112026
0.0211687032
0.0349268541
-0.0221066587
0.0009287778
-0.0067151650
0.0139099322
0.0179300606
-0.0592148900
-0.0047777235
-0.0070246509
-0.0075225574
0.0028244737
0.0145242922
-0.0429609194
0.0051402734
0.0574670769
0.0179425403
0.0744805932
0.0093586259
0.0014159477
-0.0192902870
-0.0051629893
-0.0719536021
0.0181131549
-0.0103539126
-0.0104650594
-0.0539104827
0.0525112636
-0.0637424067
0.0270923655
-0.0702947974
0.0033671551
-0.0177933574
0.0143456841
0.0158566143
0.0253325813
0.0087159295
0.0695865154
-0.0173733570
-0.0352101289
0.0232955590
0.0430950969
-0.0230255239
-0.0649617538
-0.0420321077
-0.0263214577
0.0423215814
0.0450946689
0.0677944273
-0.0228502695
-0.0267354995
-0.0030957134
-0.0472328886
0.0083413161
-0.0600127913
0.0105583491
-0.0128140794
0.0241779834
-0.0248787142
-0.0276007988
-0.0523386113
0.0716100186
-0.0072848303
0.0228401870
0.0199685153
0.0071689324
-0.0242057275
0.0093454504
0.0024251174
0.0249983352
0.0169794653
-0.0683710724
0.0014706727
-0.0105896508
-0.0072903703
0.0048242006
0.0037598575
0.0102166384
-0.0078306422
0.0589437298
0.0183353350
0.0608286336
0.0048387600
0.0047480180
0.0093988981
-0.0067233285
-0.0862881541
0.0284983516
-0.0163979549
-0.0052889376
-0.0661990792
0.0549769849
-0.0691437870
0.0229841862
-0.0956784040
0.0022066690
-0.0189854931
0.0382834226
-0.0265513677
0.0298633724
0.0102355620
0.0961837322
-0.0167140476
-0.0517381877
0.0214627255
0.0446362421
-0.0397271141
-0.0925165117
0.0177067481
-0.0443699732
0.0456675291
0.0532436296
0.0846422836
-0.0242247116
-0.0163766276
0.0086183632
-0.0342926793
-0.0158696212
-0.0660936460
0.0057348800
-0.0134257255
0.0162182171
-0.0228584353
-0.0271203313
-0.0810339898
0.0476048850
-0.0109799318
-0.0202215314
0.0004393072
0.0161697678
-0.0186030343
0.0124887209
-0.0006608323
0.0356034189
0.0192553215
-0.0561214574
0.0011170154
0.0014282541
-0.0117972484
0.0023968990
0.0010388809
0.0104209827
0.0076443036
0.0597459637
0.0183488876
0.0683285668
0.0014583493
0.0119943703
0.0040934668
-0.0044594198
-0.0897806287
0.0226221811
-0.0159218125
-0.0089279357
-0.0535160936
0.0565521531
-0.0656338036
0.0251796283
-0.0904421359
0.0085771102
-0.0140929464
0.0308077894
0.0102748564
0.0073335525
0.0074394182
0.0833916441
-0.0057810242
0.0075418828
0.0218420941
0.0417181253
-0.0432875864
-0.0863762498
0.0065447399
-0.0277850628
0.0571971498
0.0525413603
0.0554109998
-0.0207134094
-0.0146316672
0.0060631852
-0.0368167982
-0.0148243243
-0.0670680106
0.0150749357
-0.0187232532
0.0200254098
-0.0211240873
-0.0287889838
-0.0710720941
0.0655786172
-0.0098636504
-0.0093052341
0.0011479611
0.0057264641
-0.0141336089
0.0174309649
-0.0124626998
0.0466517732
0.0203483943
-0.0746814162
0.0077935890
-0.0054883943
-0.0127518410
0.0020061985
-0.0011301873
0.0665288866
0.0116626006
0.0641729534
0.0208867826
0.0952740237
0.0010824037
0.0147826904
-0.0150965648
-0.0010355944
-0.1009799168
0.0574878715
-0.0148704834
-0.0085853953
-0.0953418687
0.0533814915
-0.0650359988
0.0289529730
-0.0897389650
0.0037326466
-0.0145155638
0.0222616699
-0.0159952585
0.0196953416
0.0102010788
0.1025015712
-0.0049515096
-0.0426413231
0.0078268005
0.0434497632
-0.0465451367
-0.0903852135
-0.0259435158
-0.0427103490
0.0555922538
0.0518565290
0.0371625833
-0.0239621140
-0.0140488818
-0.0021096454
-0.0527340509
-0.0180789940
-0.0694883168
0.0116515560
-0.0224967357
0.0238612518
-0.0240020398
-0.0289550200
-0.0729982853
0.0511690378
-0.0148405526
-0.0132665439
0.0100812819
0.0194614939
-0.0025790602
0.0056868317
-0.0315753855
0.0193206221
0.0216326378
-0.0985062495
0.0085203322
0.0469065458
-0.0181289222
0.0107486164
0.0166545101
-0.0748459101
0.0227314048
0.0653032884
0.0120296469
0.0432616509
0.0003096011
0.0254430715
-0.0608199984
-0.0117407739
-0.0241675787
-0.0100869546
-0.0012729204
-0.0409511365
-0.0094416970
0.0619597249
-0.0489611998
0.0246929601
-0.0346738659
0.0238652993
-0.0015931869
0.0143118836
0.0085619800
-0.0715344697
0.0118746776
0.0043132221
0.0195930731
0.1380116194
-0.0157943275
0.0298083182
-0.0172921699
-0.0031306173
-0.0151173407
0.0037565408
0.0248031765
0.0298067443
-0.0595134199
-0.0111142490
-0.0070408871
0.0476521663
-0.0153515842
-0.0075823078
-0.0368587077
0.0519338213
-0.0502449758
0.0385798141
-0.0185378976
-0.0346756913
-0.0228513665
0.0773658231
-0.0055983881
-0.0147009101
0.0215806030
-0.0123441415
0.0033883709
0.0121770678
-0.0582934916
0.0223931093
0.0243165642
-0.0549984612
0.0072649778
0.0082249809
-0.0127531029
0.0091021974
0.0268751532
-0.0980537906
0.0414500087
0.0661558583
0.0114942435
0.0102035310
-0.0149854394
0.0557318963
-0.0383041911
-0.0043296134
-0.0571056232
-0.0319203511
0.0002304614
-0.0491222180
0.0551351160
0.0725542679
-0.0446407832
0.0130624138
-0.0351393744
0.0065100365
0.0090945093
-0.0020923153
0.0722166598
-0.0896760449
0.0100687863
0.0205944292
0.0348828919
0.1617841423
-0.0569496676
0.0228264630
-0.0293925870
-0.1037874371
0.0132000363
-0.0047008209
0.0872127712
0.0352345072
-0.0566804186
-0.0060348553
-0.0170386508
0.0321412981
0.0201588608
-0.0219081193
-0.0054130605
0.0825685635
-0.0336910002
0.0288150758
-0.0108277192
-0.0430323295
-0.0283553693
0.0695266724
-0.0085216723
-0.0325914212
-0.0419079550
-0.0301191006
-0.0114520155
0.0213648658
-0.0223506410
0.0343368575
0.0202745739
-0.0826455206
0.0039432198
0.0274510011
-0.0226973929
0.0002423368
-0.0064806407
0.0219574086
0.0373251475
0.0628174469
0.0146574695
0.0741201714
-0.0034023919
0.0052479100
-0.0661664754
0.0026492483
-0.0747992843
0.0098587060
-0.0070450339
-0.0165953375
-0.0114931883
0.0569845624
-0.0408310704
0.0145554924
-0.0697703734
0.0198786743
-0.0028863430
-0.0189330112
0.0332988314
0.0012761469
0.0042843889
0.0531520732
0.0240672249
0.1207989752
-0.0077861054
0.0346772261
-0.0329936892
-0.0437609553
-0.0428731516
0.0083526466
0.0506452248
0.0434957631
-0.0316303670
-0.0124765914
-0.0041916543
0.0245821681
-0.0364489630
-0.0210156962
-0.0616846643
0.0284276586
-0.0359734260
0.0296474304
-0.0199291129
-0.0295403097
-0.0282261558
0.0583734885
-0.0094264662
-0.0245507453
0.0041315868
0.0274960194
-0.0082030585
0.0248385724
-0.0381314047
0.0495816991
0.0283607598
-0.0735455081
0.0065755937
-0.0081162034
-0.0197561104
-0.0001038379
-0.0033498032
0.0413571261
0.0345526747
0.0667668656
0.0121906102
0.1184413731
-0.0049345414
0.0261816438
-0.0468084142
0.0090029063
-0.0732512325
0.0189877693
-0.0163643230
-0.0192798246
0.0184837021
0.0572416261
-0.0426061936
0.0237536710
-0.0789393187
0.0078675384
-0.0005431101
-0.0107537229
0.0289745741
0.0106120519
0.0085613178
0.0588200055
0.0217579864
0.0677752420
-0.0191570688
0.0379761346
-0.0335738137
-0.0622780696
-0.0211001709
-0.0060850158
0.0726576820
0.0497228466
-0.0210461952
-0.0132518550
-0.0090055000
0.0057870960
-0.0330032296
-0.0230988823
-0.0462224819
0.0293772649
-0.0218164995
0.0239676554
-0.0224840976
-0.0286703799
-0.0405379348
0.0518327728
-0.0127294241
-0.0216686670
-0.0089193853
0.0071872752
-0.0140401339
0.0174386408
-0.0147987781
0.0335783102
0.0192726795
-0.0853484422
-0.0002671563
0.0059569539
-0.0175357163
-0.0005672892
0.0081190839
0.0345860235
0.0306859538
0.0610010400
0.0149746090
0.0763176307
-0.0030406797
0.0066856924
-0.0067605274
0.0081405360
-0.0933964178
0.0106364172
-0.0078479182
-0.0171952788
-0.0168036278
0.0546663627
-0.0487796254
0.0290770940
-0.0699488893
0.0150997955
-0.0046471935
-0.0169150606
0.0400075614
-0.0010931162
0.0048352261
0.0823554918
0.0161167365
0.0806024000
0.0053651854
0.0373585597
-0.0329000875
-0.0669543073
-0.0150894206
0.0098213833
0.0519145615
0.0470533520
0.0061136377
-0.0138673037
-0.0129970936
0.0144877154
-0.0373904556
-0.0101780146
-0.0562028736
0.0258281995
-0.0246847477
0.0267357714
-0.0235974863
-0.0264437795
-0.0543121472
0.0407117531
-0.0080833649
-0.0049588946
0.0108503755
0.0084625417
-0.0157191101
0.0199936256
-0.0091901151
0.0374650359
0.0180408247
-0.0974647179
-0.0025350151
0.0242118575
-0.0179205909
-0.0024676446
-0.0018610650
0.0970596969
0.0248368885
0.0585477836
0.0159256328
0.0700243264
-0.0041142670
-0.0104589239
-0.0102823600
0.0081809405
-0.0937378630
0.0252517164
-0.0106100384
-0.0073939646
-0.0403100885
0.0496806800
-0.0549673848
0.0309989396
-0.0768473148
0.0145287989
-0.0043648146
-0.0038848403
0.0317708030
0.0216488782
0.0011183564
0.0967632011
0.0135670425
0.0604782104
0.0173527431
0.0396162048
-0.0395158753
-0.0711381286
-0.0162654892
0.0065663285
0.0440331921
0.0488895215
0.0016531588
-0.0178564396
-0.0093485918
0.0173596479
-0.0547451898
-0.0104719214
-0.0725432485
0.0106531177
-0.0202028453
0.0280087683
-0.0265972000
-0.0235537868
-0.0482404381
0.0458806232
-0.0107865427
-0.0018825450
0.0249813683
0.0201462749
-0.0184857380
0.0185281653
-0.0119877812
0.0167699363
0.0181328915
-0.1088209003
-0.0048000552
0.0591506287
-0.0236041062
0.0004903241
-0.0139119504
0.0852428973
0.0252105724
0.0549790822
0.0126487622
0.0721981823
-0.0004149687
-0.0278337561
-0.0528450720
-0.0012288933
-0.0718743503
0.0144768385
-0.0086632110
-0.0092431614
0.0081529450
0.0493152663
-0.0442214943
0.0237831473
-0.0672434345
0.0276172794
0.0004051669
-0.0107306112
0.0482407138
-0.0008978449
-0.0036592931
0.0577233881
0.0230643842
0.1432034373
0.0174304154
0.0391848832
-0.0300100222
-0.0141767729
0.0020745972
0.0355099030
0.0346947424
0.0399450213
-0.0254687741
-0.0161107108
0.0026600505
0.0340330862
-0.0387156084
-0.0074567939
-0.0908519998
0.0121663790
-0.0381822698
0.0350932367
-0.0246491004
-0.0236406792
-0.0181847177
0.0687299892
-0.0110782553
0.0016977468
0.0523654521
0.0106464224
-0.0261933375
0.0074030096
-0.0071980776
0.0053066825
0.0132344589
-0.1009492949
-0.0076354481
0.0537079833
-0.0223686565
0.0055154236
-0.0102992002
-0.0545745976
0.0218829066
0.0510499701
0.0125376033
0.0501461551
0.0033183745
-0.0367360748
-0.0902586132
-0.0021682410
-0.0507170670
-0.0164610818
-0.0107364738
-0.0219935812
0.0313383341
0.0532362983
-0.0559366234
0.0142205041
-0.0648202226
0.0258397274
-0.0057518645
-0.0244949013
0.0647265464
0.0187404156
-0.0042308113
0.0256561600
0.0097028697
0.1696478426
0.0249851439
0.0346845649
-0.0173863471
0.0000166867
-0.0665890425
0.0506221689
0.0242256392
0.0379759818
-0.0184205435
-0.0136070549
0.0010418788
0.0457539074
-0.0343510434
0.0011585825
-0.0759935826
0.0192876775
-0.0385698229
0.0313757621
-0.0203308742
-0.0282182489
0.0008417817
0.0835974291
-0.0050946106
0.0131874522
0.0424723551
0.0350305177
-0.0258966684
0.0078968732
-0.0055445335
0.0232925061
0.0149252256
-0.0793140754
-0.0051163873
-0.0010075147
-0.0124814194
-0.0000427970
-0.0011672855
-0.0523366667
0.0131604197
0.0548567660
0.0169878136
0.0977659896
0.0053250459
-0.0075849313
-0.0226322580
-0.0004281254
-0.0768076703
0.0056412211
-0.0098376749
-0.0074255699
-0.0568060838
0.0530028939
-0.0551865138
0.0199650265
-0.0768214390
0.0127179017
-0.0118199652
-0.0197958741
0.0187791660
0.0322899222
0.0025072924
0.0548535399
-0.0031822366
0.0236436520
0.0103402836
0.0389051214
-0.0274541117
-0.0542333387
-0.0693220198
-0.0199632775
0.0390205234
0.0475467592
0.0297598150
-0.0195723101
-0.0148909455
0.0211454947
-0.0448652767
-0.0022071293
-0.0659662932
0.0074928473
-0.0224520434
0.0254806690
-0.0221499093
-0.0256226826
-0.0568797737
0.0626210123
-0.0085505620
0.0214637239
0.0303328633
0.0447617434
-0.0251929816
0.0035707480
-0.0084362235
0.0075028739
0.0174612142
-0.0730926245
-0.0040194108
-0.0051062880
-0.0069968947
0.0058133183
0.0009182799
-0.0469698235
-0.0011849276
0.0557039231
0.0168377962
0.0854111239
0.0079526789
-0.0028774680
-0.0122921979
-0.0060428050
-0.0728689134
0.0418282524
-0.0128930528
-0.0168739930
-0.0280905161
0.0532765128
-0.0653482676
0.0198544208
-0.0774647072
0.0073030819
-0.0170974284
0.0130828973
-0.0111914398
0.0116545185
0.0056113708
0.0714276209
-0.0124101620
-0.0199703500
0.0165922921
0.0444037393
-0.0300861169
-0.0651483089
-0.0005592448
-0.0216048639
0.0363970622
0.0465547927
0.0513318330
-0.0226836540
-0.0157222506
0.0216120537
-0.0278294887
0.0018441100
-0.0656254068
0.0136621092
-0.0270009208
0.0226391014
-0.0244653616
-0.0281890314
-0.0743795261
0.0618803911
-0.0067816102
0.0041794674
0.0359340049
0.0153727839
-0.0270690545
-0.0000298831
-0.0002353014
-0.0062719169
0.0150689324
-0.0748889148
-0.0057690963
0.0148943719
-0.0093027577
0.0050862953
-0.0035655946
-0.0897712782
-0.0001360302
0.0547708236
0.0142821893
0.0279939044
0.0068167504
-0.0053127729
-0.0384311862
-0.0102580097
-0.0506491736
-0.0137903020
-0.0107700173
-0.0079081068
-0.0201500263
0.0568177775
-0.0570960902
0.0178278275
-0.0755642653
0.0181240365
-0.0182375703
0.0096135447
0.0076734507
0.0187987331
0.0035234697
0.0461924151
-0.0132408142
0.0478682183
0.0278661121
0.0391631760
-0.0254198574
-0.0279980190
-0.0137401903
-0.0233585313
0.0228269733
0.0409134924
0.0706381053
-0.0188238733
-0.0154242916
0.0206635967
-0.0199751370
-0.0020259959
-0.0600950159
0.0052608927
-0.0225865953
0.0221623331
-0.0248818733
-0.0277145766
-0.0517063849
0.0765332952
-0.0036063269
-0.0241958257
0.0158600826
-0.0048138844
-0.0288448539
0.0048167054
0.0080120452
0.0119205490
0.0119007789
-0.0767899305
-0.0038361801
0.0273382757
-0.0126178041
0.0068137492
-0.0083140479
-0.0243700799
-0.0031473227
0.0553807840
0.0182197057
0.0539446026
0.0105269160
-0.0155114653
-0.0226600934
-0.0095754657
-0.0656889603
0.0111787189
-0.0104004545
-0.0086061042
-0.0611304119
0.0573982224
-0.0683762431
0.0167412329
-0.0851182565
0.0166803673
-0.0210424066
0.0089989891
-0.0082135387
0.0231038220
0.0048332498
0.0600279085
-0.0168705247
0.0213580839
0.0326493047
0.0410443544
-0.0321152844
-0.0434306599
-0.0489587374
-0.0310772434
0.0260100700
0.0444501825
0.0330329947
-0.0207727179
-0.0119161829
0.0263799969
-0.0337196924
0.0015066613
-0.0733659044
0.0033482448
-0.0306182280
0.0238540284
-0.0217363425
-0.0298283845
-0.0489252917
0.0698585808
-0.0055168495
0.0013755601
0.0303239934
0.0272068139
-0.0228237621
0.0057658548
0.0058425660
0.0205031801
0.0168358441
-0.0711306930
-0.0005175321
-0.0126802865
-0.0099573657
0.0080863405
0.0026769899
-0.0057984018
-0.0036047511
0.0587647259
0.0179184657
0.0783165246
0.0130343977
0.0030398297
0.0056360830
-0.0087553756
-0.0662049353
0.0335601084
-0.0062742950
-0.0177939776
-0.0586194582
0.0571655892
-0.0673073754
0.0227492694
-0.0836448520
0.0127864284
-0.0210473407
0.0206772257
-0.0338579044
0.0061697066
0.0104861883
0.0742132068
-0.0172516704
-0.0518522598
0.0355659835
0.0447389930
-0.0295537636
-0.0486805327
-0.0049473033
-0.0472718365
0.0321572162
0.0473563410
0.0403014161
-0.0226847883
-0.0153403198
0.0063079000
-0.0338145234
0.0014653043
-0.0771284997
0.0130264303
-0.0235237814
0.0226143952
-0.0244148355
-0.0301164687
-0.0789837465
0.0532560945
-0.0051739644
-0.0065140896
0.0340250507
0.0174683146
-0.0232825000
0.0114276344
0.0075197346
0.0456650108
0.0200247802
-0.0471005887
-0.0007931638
-0.0209763516
-0.0097448854
0.0058951923
-0.0105165113
0.0518567227
-0.0051257904
0.0616521500
0.0190073214
0.1164472401
0.0097168293
0.0065700323
0.0310595892
-0.0039517442
-0.0767579228
0.0639008284
-0.0113072051
-0.0160619952
-0.0852076262
0.0595925786
-0.0743653178
0.0237858929
-0.1004838571
0.0129222320
-0.0204650536
0.0222971644
-0.0168442838
0.0142171681
0.0110041471
0.0733635947
-0.0168224741
-0.0848851874
0.0332362093
0.0487113148
-0.0452951118
-0.0761709437
-0.0110458275
-0.0714991689
0.0507336259
0.0550168343
0.0301748328
-0.0252153147
-0.0126352487
0.0055112033
-0.0299493764
0.0022147414
-0.0797585621
0.0183255933
-0.0286519192
0.0217252467
-0.0213936903
-0.0318789594
-0.0730384663
0.0572187603
-0.0075484077
0.0282830019
0.0381557606
0.0120844739
-0.0215050280
0.0117241843
0.0130748386
0.0165184326
0.0131960008
-0.0937277302
-0.0035532955
0.0047525624
-0.0173000619
0.0013334752
-0.0079931179
0.0140059860
0.0017019811
0.0557572246
0.0196427740
0.0611478165
0.0048097926
-0.0055054622
0.0030863984
-0.0032096910
-0.0855822042
-0.0108543476
-0.0082449913
-0.0129561042
-0.0247165859
0.0542503707
-0.0516487211
0.0224903859
-0.0892328620
0.0293917842
-0.0144908959
0.0126372967
-0.0007732039
-0.0149435857
0.0019308066
0.0759338364
-0.0015777920
0.0510483459
0.0436751693
0.0451904275
-0.0345504172
-0.0383649096
0.0269826036
-0.0164314844
0.0310649686
0.0483827442
0.0495520644
-0.0179704893
0.0003506805
0.0193362851
-0.0373314843
-0.0054276655
-0.0880263820
0.0090812771
-0.0156264920
0.0267034788
-0.0226570833
-0.0285134017
-0.0824375004
0.0502976514
-0.0044466397
-0.0309060924
0.0399741530
0.0277934559
-0.0184463058
0.0049116933
-0.0209599622
0.0213587508
0.0166622046
-0.0860976204
-0.0017560339
0.0119395582
-0.0083605340
0.0111927465
-0.0055866418
0.0859869421
-0.0080495914
0.0566567630
0.0236098897
0.0993052423
0.0078197755
-0.0002428508
0.0362899713
-0.0024538501
-0.1174751297
0.0115750646
-0.0250942055
-0.0374587104
-0.0779046267
0.0615081005
-0.0916854665
0.0320300832
-0.0810244307
-0.0008213480
-0.0134670064
0.0205857921
-0.0010893921
-0.0169302933
0.0078705251
0.1306048483
-0.0129740546
0.0013224052
0.0047001396
0.0498295724
-0.0456278883
-0.0746235773
-0.0230234079
-0.0013951797
0.0561739244
0.0477265790
0.0767344162
-0.0244708434
-0.0009957417
0.0175930541
-0.0283054411
0.0033869841
-0.0723599717
0.0281347316
-0.0271620601
0.0299560856
-0.0252570733
-0.0301058646
-0.0853509381
0.0426637493
-0.0063201534
0.0254654139
0.0753973946
-0.0344594680
-0.0271336120
0.0087634241
0.0140243284
0.0149767250
0.0152956275
-0.0585744120
-0.0055989553
0.0208289400
-0.0132829417
0.0065734875
-0.0154283643
0.0199870616
-0.0021252192
0.0553429313
0.0179207381
0.0708989576
0.0111152371
-0.0255947709
0.0324756727
-0.0043060794
-0.0719153881
0.0527906790
-0.0051549640
-0.0148684811
-0.0419804864
0.0610292368
-0.0619306900
0.0111529371
-0.0927432701
0.0261702780
-0.0189157408
0.0095102862
0.0154372994
-0.0213025659
0.0018066893
0.0544472672
-0.0047933687
0.0186592471
0.0265115052
0.0459662899
-0.0418975092
-0.0614683926
0.0247779675
-0.0416018926
0.0376729667
0.0477701128
0.0008656635
-0.0209538843
-0.0007658475
0.0165106691
-0.0145554189
0.0006783794
-0.0968891531
0.0125222318
-0.0472277887
0.0242134742
-0.0170778185
-0.0301085692
-0.0718646199
0.0805824995
-0.0003453676
0.0282873791
0.0640638471
0.0269348882
-0.0271350481
0.0116375601
0.0084587261
0.0269702598
0.0183608495
-0.0673260614
-0.0057016737
-0.0030596610
-0.0123398211
0.0017820015
-0.0076658265
0.0617415160
0.0017285170
0.0563785620
0.0179200917
0.0840640515
0.0067489045
-0.0182923283
0.0260822326
0.0008870040
-0.0822847784
0.0568815358
-0.0082690930
-0.0158007815
-0.0670843497
0.0590428077
-0.0679423511
0.0143741462
-0.0964347869
0.0202203654
-0.0152651602
0.0152014876
0.0186036322
0.0032537461
0.0038108064
0.0818538591
-0.0014812020
-0.0319140479
0.0230529550
0.0499276407
-0.0458635874
-0.0632839426
0.0287439991
-0.0317066349
0.0535185374
0.0519079156
0.0292505231
-0.0233804863
-0.0073242066
0.0100088464
-0.0259086452
-0.0010917041
-0.0964507610
0.0182783306
-0.0401019566
0.0251497943
-0.0222194809
-0.0269983429
-0.0816445723
0.0630307943
-0.0040825326
0.0270370580
0.0629607216
0.0202558488
-0.0250609834
0.0131345559
0.0128552299
0.0216055755
0.0177273620
-0.0730355382
-0.0051532686
0.0026421160
-0.0157680307
0.0021519393
-0.0177726205
0.0421522148
0.0058896947
0.0559688099
0.0157276969
0.0942842364
0.0078157354
-0.0117020793
-0.0149838207
-0.0022345344
-0.0645321533
0.0569450818
-0.0082744611
-0.0171726774
-0.0516156070
0.0576952286
-0.0565177687
0.0135210706
-0.0943019614
0.0257931110
-0.0141326357
0.0079509206
-0.0035246047
-0.0175252035
0.0018916869
0.0578636825
0.0011841668
-0.0055454392
0.0379428342
0.0485191979
-0.0443267263
-0.0234543607
0.0082609793
-0.0507274494
0.0381533615
0.0487240329
-0.0177688282
-0.0206582658
-0.0043481677
0.0158813521
-0.0369304903
0.0037928482
-0.0947117135
0.0168896802
-0.0430597477
0.0266186688
-0.0235798303
-0.0286511313
-0.0662999973
0.0633274317
-0.0056065153
0.0113380132
0.0631747991
0.0149967168
-0.0197986569
0.0050862296
-0.0279039554
-0.0208944455
0.0219877698
-0.0422392674
0.0016663804
0.0023668311
-0.0164641906
0.0033146914
0.0117994407
0.0423076376
-0.0087247696
0.0488695800
0.0112704653
0.1226794869
0.0068943282
-0.0154246734
-0.0658634976
-0.0202200208
-0.0812854096
0.0798550546
-0.0059433137
-0.0021281920
0.0614226125
0.0537077300
-0.0340288803
-0.0179190934
-0.0835136250
0.0125405183
-0.0058580167
0.0346934982
0.0656279176
-0.0599247701
-0.0154657280
0.0580689833
0.0079931812
0.0214421321
-0.0075721839
0.0530402437
-0.0425031707
0.0087083289
0.0409420654
0.0264895782
0.0812060982
0.0340331532
-0.0290231518
-0.0214721877
-0.0245529860
-0.0368927419
-0.0123948120
-0.0113713136
-0.0870375112
0.0248508789
-0.0597446971
0.0248124525
-0.0252681114
-0.0269683897
-0.0469332561
0.1454489976
-0.0099422866
0.0014608714
0.0703655556
-0.0345023423
-0.0257783849
0.0229308065
-0.0088909408
0.0272876024
0.0167038478
-0.1193282828
-0.0178608131
0.0215402711
-0.0243017841
-0.0043398039
-0.0360973924
0.1353813559
0.0177160483
0.0492780767
0.0146972351
0.0612506755
-0.0035686905
-0.0257369708
-0.0302098431
0.0066245375
-0.0877868682
-0.0133625148
-0.0148336934
-0.0064074630
-0.0408434458
0.0482418649
-0.0436623655
0.0222430490
-0.0939515755
0.0224940591
0.0055114306
-0.0174432211
0.0366643369
0.0417327844
-0.0109241111
0.0732466057
0.0239641685
0.1018088236
0.0290441737
0.0487601161
-0.0508991070
-0.0419698060
0.0139935063
0.0073439111
0.0461967140
0.0510372370
0.0106721371
-0.0178424735
0.0111065926
0.0429106317
-0.0753381327
-0.0076633957
-0.0925297961
0.0129776122
-0.0120181832
0.0326467715
-0.0287991203
-0.0193753876
-0.0300524030
0.0521692969
-0.0100024780
-0.0025307077
0.0570909753
0.0303966012
-0.0255940296
0.0021077702
-0.0035619126
-0.0079125697
0.0090975566
-0.0990232378
-0.0082815373
0.0541067570
-0.0207289103
0.0009332323
-0.0132211726
-0.0707917958
0.0157282166
0.0502537079
0.0147688705
0.0493552126
0.0025589559
-0.0185621288
-0.0657374337
0.0000405921
-0.0713164583
-0.0390642174
-0.0174838174
-0.0102892099
0.0096965618
0.0516340882
-0.0474165902
0.0198662542
-0.0624569878
0.0249099154
-0.0063481894
-0.0307713747
0.0680206865
0.0102652991
-0.0037969181
0.0199152362
0.0040273308
0.1866207719
0.0170729123
0.0349451602
-0.0236964002
-0.0195693411
-0.0702086687
0.0296906959
0.0177361835
0.0370610505
0.0224485658
-0.0153730931
-0.0030344676
0.0447750166
-0.0415716097
0.0111740744
-0.0801285952
0.0169992261
-0.0206072181
0.0319435596
-0.0172094014
-0.0262694284
-0.0133965993
0.0660881922
-0.0069578621
0.0068966020
0.0386456735
0.0291362852
-0.0244213715
0.0007432224
-0.0132591259
0.0022082594
0.0172215775
-0.0557997860
-0.0106130568
0.0367420129
-0.0149177471
0.0079711648
0.0108008059
-0.1190565228
0.0077607539
0.0526965931
0.0133424094
0.0793679208
0.0086281411
-0.0240472555
-0.0687399358
-0.0032462731
-0.0453761220
-0.0000017314
-0.0125961108
-0.0052303341
0.0175579693
0.0490810722
-0.0532925054
0.0245324727
-0.0487097539
0.0118149268
-0.0082550477
-0.0401812568
0.0542751960
0.0324354395
0.0005608104
0.0354137979
-0.0072833574
0.1046509817
0.0089155324
0.0340046100
-0.0082078120
-0.0291631203
-0.0847690850
-0.0006225253
0.0293029714
0.0394094586
0.0046247020
-0.0163458977
-0.0151525754
0.0282027833
-0.0397496037
0.0126248291
-0.0463123024
0.0100903520
-0.0162598118
0.0303228740
-0.0183233321
-0.0252074767
-0.0121429879
0.0836857706
-0.0074925283
0.0427208506
0.0320834965
0.0434606299
-0.0333592109
-0.0011706711
0.0098731862
0.0094820485
0.0107769407
-0.0558332577
-0.0121184373
0.0232173782
-0.0107163116
0.0102938246
0.0079688020
-0.0971613973
0.0052526454
0.0532605946
0.0159598421
0.0663783252
0.0151623720
-0.0285939332
-0.0418380797
-0.0069147549
-0.0527609251
0.0206645802
-0.0064828340
-0.0223070737
-0.0483791269
0.0563046038
-0.0677183717
0.0204383433
-0.0657137260
0.0071955193
-0.0198605042
-0.0232400727
0.0047661853
0.0356919132
0.0038346082
0.0410252176
-0.0203111097
-0.0065017957
0.0450270176
0.0438933596
-0.0109057799
-0.0402646512
-0.0974459946
-0.0271548107
0.0197073985
0.0412961133
0.0148526756
-0.0208679996
-0.0147368116
0.0269017294
-0.0350900851
0.0214234740
-0.0703170374
0.0146404412
-0.0369662791
0.0258702841
-0.0196276363
-0.0302118696
-0.0195659678
0.0661191642
-0.0048625953
0.0603575520
0.0344763659
0.0275278278
-0.0278833658
0.0026467654
0.0003360116
0.0241514593
0.0202247463
-0.0874235928
-0.0032901692
-0.0098471185
-0.0149374697
0.0060306885
-0.0047463323
0.0168126505
0.0057329051
0.0630169213
0.0153427729
0.1154604480
0.0090812007
-0.0304216817
-0.0382748879
-0.0065459018
-0.0830618665
0.0305035915
-0.0119138937
-0.0065891258
-0.0425259434
0.0508634672
-0.0705594793
0.0234146565
-0.0755015835
0.0151226772
-0.0172466673
0.0209470540
0.0266290531
0.0460917689
0.0135544129
0.0674523637
-0.0169946887
-0.0726406202
0.0129941264
0.0463086627
-0.0207377970
-0.0407303832
-0.0445322469
-0.0420121588
0.0261879992
0.0441704206
0.0041644629
-0.0253017172
-0.0148514053
-0.0015495240
-0.0600508749
0.0129236085
-0.0846531466
0.0145557150
-0.0378341787
0.0263206773
-0.0181002039
-0.0326402783
-0.0258328468
0.0838815197
-0.0143178515
0.0505193956
0.0370729305
0.0474064574
-0.0255112369
-0.0028784922
-0.0104377214
0.0052668522
0.0177183896
-0.0554034039
-0.0073862057
0.0002591137
-0.0096802264
0.0098408256
0.0029251000
-0.0383990034
-0.0084284311
0.0576222427
0.0163183361
0.0943278670
0.0137801794
-0.0217322223
0.0094987173
-0.0073667993
-0.0598312356
0.0108329998
-0.0101929195
-0.0111599211
-0.0285342503
0.0554797649
-0.0701806098
0.0189082250
-0.0647200495
0.0109177670
-0.0150934728
0.0061941906
0.0138577214
0.0127368215
0.0096503152
0.0585315973
-0.0180258732
-0.0133521287
0.0040214621
0.0433956049
-0.0191997997
-0.0564792156
-0.0234717410
-0.0330780521
0.0359624177
0.0441352502
0.0201101154
-0.0216626674
-0.0150111625
0.0183671322
-0.0207632203
0.0134657240
-0.0565871745
0.0154796131
-0.0249932390
0.0302033164
-0.0212671347
-0.0314458422
-0.0487481393
0.0768097267
-0.0077455924
0.0452008806
0.0563785620
0.0215814076
-0.0237950496
0.0062605240
0.0071721231
0.0193037353
0.0151230469
-0.0648737475
-0.0029999113
0.0146483732
-0.0160348900
0.0057419916
0.0128529398
-0.0136069721
0.0118603064
0.0579207428
0.0186328124
0.0513096191
0.0077918274
-0.0138246790
-0.0307625569
-0.0034592331
-0.0716863871
0.0130315525
-0.0078741685
-0.0154783735
-0.0337131396
0.0558471307
-0.0701894164
0.0148198819
-0.0740380660
0.0113560827
-0.0169890523
0.0130320909
0.0300751701
0.0248724911
0.0067753433
0.0757324621
-0.0114508262
0.0234757271
0.0281214304
0.0395242013
-0.0236229748
-0.0531003028
-0.0464615859
0.0013130367
0.0438461564
0.0449821688
0.0161301829
-0.0181279406
-0.0172233060
0.0075747608
-0.0457583368
0.0025051765
-0.0672381371
0.0174467321
-0.0190589856
0.0246309321
-0.0213241242
-0.0297521949
-0.0401342772
0.0716285408
-0.0062704794
0.0130875390
0.0184713770
0.0380235799
-0.0169262085
0.0087058386
-0.0087099560
0.0288949497
0.0195503086
-0.0702429786
0.0016082028
-0.0274033751
-0.0168119762
0.0083534960
-0.0099053774
0.0557351783
-0.0026488139
0.0629472136
0.0163819250
0.1238812879
0.0086350003
0.0142443441
-0.0170573089
-0.0032791747
-0.0738325194
0.0105682909
-0.0170876700
-0.0173096023
-0.0487262160
0.0557432696
-0.0594376698
0.0048916182
-0.0836176798
0.0131946597
-0.0142671932
0.0278620031
-0.0223767217
-0.0230503175
0.0126399687
0.0627651066
-0.0112941405
-0.0363868624
0.0066712368
0.0471690893
-0.0353294834
-0.0277010370
-0.0015086897
-0.0595822297
0.0461572930
0.0503504463
-0.0306178015
-0.0220401045
-0.0072026649
0.0009378074
-0.0449225605
0.0044014296
-0.0664610490
0.0347963981
-0.0220011398
0.0284251682
-0.0226134006
-0.0313669033
-0.0508893691
0.0508515611
-0.0141176041
-0.0021371387
0.0402813740
0.0120289410
-0.0224288665
0.0126320645
0.0135899782
0.0095038097
0.0130277956
-0.0598647408
-0.0070573497
0.0219894405
-0.0201255027
-0.0022013127
0.0074843997
-0.0040727099
0.0394470543
0.0554767773
0.0195288751
0.0501140840
0.0014499396
-0.0051357229
-0.0235327501
0.0003329924
-0.0862859190
-0.0004796343
0.0011164902
-0.0213895924
0.0145107349
0.0602790341
-0.0438325331
0.0119987261
-0.0686106607
0.0267076883
-0.0128285578
-0.0236657038
0.0776662454
0.0098413564
0.0000442775
0.0554701984
0.0103208404
0.1385925859
0.0389782563
0.0376294181
-0.0238800999
-0.0459759347
-0.0661589503
0.0257509910
0.0446629710
0.0427294485
-0.0101491977
-0.0091468785
-0.0156312995
0.0167735554
-0.0337838307
0.0053950232
-0.0694141462
0.0335962772
-0.0110231545
0.0241181049
-0.0193266664
-0.0314675421
-0.0246001333
0.0381878391
-0.0030499310
0.0027750877
0.0055578384
0.0145593192
-0.0209286958
-0.0005193511
-0.0049220636
0.0057744402
0.0111541506
-0.0671955198
-0.0042429380
0.0120872678
-0.0179669447
0.0072480426
0.0164825879
-0.0142123494
0.0058358144
0.0597146042
0.0166150425
0.0860645846
0.0108548626
0.0036735181
0.0097447177
-0.0024023496
-0.0814524442
-0.0269789901
-0.0017630663
-0.0236115698
-0.0385301039
0.0608800054
-0.0625739247
0.0054412088
-0.0570661947
0.0128307194
-0.0160843283
-0.0153501788
0.0250622928
0.0046902732
0.0102774743
0.0582247004
-0.0103071732
0.0524746664
0.0001494868
0.0397916138
-0.0175611582
-0.0549157858
-0.0808568448
-0.0115562892
0.0400738008
0.0412986316
-0.0108827474
-0.0162104089
-0.0170979910
0.0346307904
-0.0176088307
0.0166205056
-0.0420677587
0.0413374789
-0.0140476972
0.0339667350
-0.0182705745
-0.0331035890
-0.0299578495
0.0326839164
-0.0100570144
0.0322529748
0.0388422757
0.0345874131
-0.0164717995
0.0039892774
-0.0080015184
0.0140112573
0.0157918483
-0.0807604194
-0.0031274229
-0.0003486159
-0.0242587328
0.0067080501
-0.0099146329
0.0404477492
0.0069860560
0.0609635226
0.0126355030
0.0945327207
0.0045680311
0.0105267521
-0.0503548048
0.0057333428
-0.0632096529
0.0046549812
-0.0181839783
-0.0218697041
0.0135617889
0.0571997911
-0.0578637049
0.0107105710
-0.0750625283
0.0223656315
-0.0069830469
-0.0115539702
0.0518693477
-0.0228630304
0.0081963576
0.0356538035
-0.0002835662
0.0765452534
0.0219213273
0.0384669676
-0.0303160567
-0.0196397565
-0.0412901044
-0.0216086544
0.0406258442
0.0450684242
-0.0677277520
-0.0144991297
-0.0100055300
0.0157710332
-0.0419771634
0.0160895754
-0.0642706230
0.0498662554
-0.0149863148
0.0302109029
-0.0169886332
-0.0330567285
0.0023545569
0.0433543213
-0.0134459455
0.0133829443
0.0373514816
0.0103620999
-0.0175810568
0.0049016825
-0.0051402799
-0.0123483511
0.0171735175
-0.0781389847
0.0010304084
0.0345989615
-0.0220804680
0.0035395203
0.0068860035
0.0574600771
0.0162694380
0.0612117238
0.0140511645
0.0579804927
0.0048016305
-0.0070821736
-0.0599745251
-0.0055451100
-0.0587969087
0.0240332633
-0.0008229687
-0.0124219144
-0.0136325378
0.0574251600
-0.0442559682
-0.0049774507
-0.0560801439
0.0212682411
-0.0093653621
-0.0072236257
0.0699483454
-0.0171763524
0.0073747034
0.0319357514
0.0087683387
0.0782100111
0.0048091826
0.0418347828
-0.0203303676
0.0083746482
0.0013124610
0.0062091588
0.0449164808
0.0309504941
-0.0346747860
-0.0171207543
-0.0151189389
-0.0038403890
-0.0214585289
0.0023866578
-0.0897582099
0.0383414105
-0.0326824747
0.0339564383
-0.0178010054
-0.0281148460
-0.0125555797
0.0846524313
-0.0092392685
0.0122445272
0.0589393340
0.0342078693
-0.0154067660
0.0165749975
-0.0145177366
0.0381484739
0.0199524574
-0.0956998989
-0.0026080136
0.0129585424
-0.0241810754
0.0009064360
-0.0217183065
0.1149174497
0.0091968393
0.0614573136
0.0138902850
0.1047455892
-0.0009750180
-0.0159952901
-0.0488564558
0.0073710703
-0.0901372731
0.0281781983
-0.0187207069
-0.0031471222
-0.0358258151
0.0483373180
-0.0576644912
0.0344031937
-0.0797168389
0.0101022804
0.0008013588
-0.0061238585
0.0507818460
0.0183743406
0.0022781708
0.0501417741
0.0068157865
0.0617733262
-0.0052843289
0.0413878709
-0.0440178290
-0.0668681338
-0.0358636267
-0.0160612892
0.0490278676
0.0481625311
-0.0272190329
-0.0200986825
-0.0026532854
0.0114340503
-0.0549459420
0.0034238298
-0.0628098249
0.0168688558
-0.0154096549
0.0326262563
-0.0187593158
-0.0275116954
-0.0057315845
0.0765936002
-0.0196481757
0.0309138019
0.0442307256
0.0102335475
-0.0103625972
0.0213296264
-0.0125125507
0.0162586607
0.0172197241
-0.0999853313
-0.0015515264
0.0351922289
-0.0306213964
0.0024152349
-0.0149823977
0.1467383057
0.0314712934
0.0559413508
0.0182997882
0.0868826509
-0.0058547938
-0.0136929378
-0.1084513590
0.0039199828
-0.0914366394
-0.0038499904
-0.0163900759
-0.0167224221
0.0300569646
0.0460587889
-0.0400388464
-0.0024534061
-0.0709044635
0.0089578042
0.0001778647
-0.0124100074
0.0542166494
-0.0010803993
-0.0072332551
0.0638706163
0.0263250396
0.1534408033
-0.0048607122
0.0438574515
-0.0401659831
-0.0087395813
-0.0082604587
0.0384572931
0.0541605316
0.0415514447
-0.0744965374
-0.0140015073
0.0055797505
0.0128354412
-0.0723667890
-0.0151034323
-0.0857094228
0.0403905772
-0.0254844520
0.0292988177
-0.0194972213
-0.0211688802
0.0085526314
0.0556284934
-0.0147686647
-0.0066314787
0.0321485251
0.0136611415
-0.0188857596
0.0187135842
-0.0164982919
0.0447464213
0.0143577224
-0.0844616443
-0.0088803703
0.0101713026
-0.0307813883
0.0073277405
-0.0227354337
0.0817108974
0.0109905535
0.0542083979
0.0024531940
0.1223298609
-0.0027181255
-0.0149989724
-0.0681002513
0.0072208871
-0.0765141696
0.0164942686
-0.0222368483
-0.0288862996
0.0256672297
0.0501230583
-0.0495703965
0.0143310828
-0.0881728604
0.0059911623
0.0095030442
-0.0301586930
0.0498922579
-0.0001423952
0.0006547009
0.0362483636
0.0215765815
0.1330339164
-0.0135030225
0.0394490771
-0.0353620239
-0.0339049436
0.0056406362
0.0047567193
0.0492769405
0.0483871661
-0.0513797253
-0.0161360446
0.0004213697
0.0294457264
-0.0288741421
0.0034340767
-0.0464683771
0.0514244959
-0.0406971350
0.0267345048
-0.0186504312
-0.0259847175
0.0244932901
0.0590671301
-0.0213530455
0.0259215161
0.0246554445
-0.0078522190
