-0.0584992617
0.0010693361
-0.0252441783
-0.0281472374
0.0595290512
-0.0126608359
-0.0241414104
0.0703425556
-0.0065369257
-0.0341532007
0.1471692920
0.0117837889
0.0606694184
0.0106347539
0.0080910409
0.0128606604
0.0324277654
0.0685800165
-0.0444465317
0.0110502588
0.0319998302
-0.0712144375
-0.0567053705
-0.0174476709
0.1678335667
-0.0433501564
-0.0002447045
0.0095297834
-0.0816296339
0.0151834795
-0.0185373221
0.0086813718
-0.0244379360
-0.0487880222
0.0691013411
-0.0191586539
0.0425636508
-0.0634693727
0.0303404946
0.0006343313
0.0123758372
-0.0192624591
-0.0530523956
-0.3938295841
0.0091953026
0.1158540994
0.0098487781
-0.7428078651
0.0037316608
0.0655998960
0.0518402383
0.0033405810
0.0659358054
-0.0366966650
0.0145038543
-0.0252424944
-0.0332349762
0.0204760116
-0.0211125482
0.1001294032
-0.0504392870
0.0223769285
0.0144295655
0.0386486948
-0.0937086865
0.0442521647
-0.0082493369
0.0553478599
0.0581182577
0.1179022416
-0.1164277866
-0.0880009457
-0.0389473662
-0.1203854010
-0.6916342974
0.0586985797
0.1221765429
-0.1173548624
0.0765302032
-0.0311000347
-0.0097894035
0.0283381082
-0.0828955472
-0.0566000305
0.0480284654
-0.1519714743
-0.1469771564
-0.0891468972
0.1950199157
0.0150699187
0.0509001166
-0.0429095104
-0.1430039704
-0.0560304075
0.0240175128
0.0956905633
-0.0495320410
-0.0419332497
-0.0266869813
0.0067893700
0.1016512141
0.0027728810
0.1161229163
0.0099356007
-0.1557996422
0.0262946095
-0.1199598312
0.2248690724
0.0061267735
-0.0442523919
-0.0197022092
-0.2229743451
0.0718854815
0.0233187061
-0.0114520295
0.7083420157
-0.0367507823
-0.0937701538
0.0855995789
-0.0060904277
0.0055257841
0.0155061483
0.0312867835
0.0356947370
-0.0740435049
-0.0034558324
0.0649006292
0.0329718925
-0.0911726803
0.0150611624
-0.0243800692
-0.0526036471
0.0547280349
0.0325105675
-0.0658749267
0.1274861842
-0.0184591673
-0.1050164998
-0.2010956258
0.0473763645
0.1400878429
-0.0293770880
0.0456985645
0.0165362097
0.0164426323
0.0528172925
-0.0557240508
-0.0115923369
0.0349640846
-0.1065449044
-0.0905509666
-0.0267194882
0.1055921242
-0.0481946617
0.0277150627
-0.0018827759
-0.1007182077
0.0000814822
-0.0072786319
0.0445981734
-0.0465008654
-0.0530773811
0.0180182755
-0.0251759030
0.0853417814
0.0322986655
0.0623109527
-0.0090338411
0.0459768660
0.0144326445
-0.0889120698
-0.2119427323
0.0070333383
0.0839869753
0.0025565333
-0.6213691831
0.0296587627
0.0592654608
0.0310254563
0.2997158766
0.0338413268
-0.0590988845
0.0465588458
-0.0127804400
-0.0420106947
0.0258899685
-0.0161000807
0.0482916199
-0.0752842650
0.0038092292
0.0347939692
0.0345578827
0.0226722751
0.0017574254
-0.0353785120
-0.1155666634
0.0702098086
-0.0286873952
-0.0074501988
0.0413321890
-0.0329347663
-0.0027054348
0.3326832950
0.0284211431
0.1011264995
0.0356070101
-0.0085080070
-0.0845237523
0.0419738106
0.0234448984
-0.0383761451
0.0241438895
0.0181008913
0.0889795497
-0.0540965162
-0.0509856269
0.1090391353
-0.0833562165
0.0560801402
0.0173741318
-0.0872864798
0.0212675799
-0.0161501355
-0.0297490153
-0.0446964875
-0.0767537653
0.0481590740
-0.0234465990
0.0733296275
-0.1372047812
0.0256901849
-0.0152189191
-0.0382525511
-0.0241922941
-0.0647745878
-0.5113464594
0.0136070186
0.2077471763
0.0050075776
-1.1048028469
-0.0244331434
0.0903096199
0.0536741428
-0.0927143395
0.0954703838
-0.0374142043
0.0102499835
-0.0319950953
-0.0215197243
0.0253111348
-0.0365416408
0.1118769348
-0.0633470267
0.0757839605
0.0095890677
0.0188913904
0.0263639037
-0.0051599946
-0.0343541689
-0.1048490554
0.0622932687
-0.0073548127
-0.0166047849
0.0526677482
-0.0250402763
-0.0051289364
0.2243904620
0.0482125692
0.1730652601
0.0151492972
-0.0000085554
-0.0426964723
0.0388776585
0.0284607206
-0.0602345094
0.0213227291
0.0327202752
0.0358889699
-0.0685136914
-0.0283320360
0.1124563292
-0.0820636898
0.0905354396
0.0287468079
-0.0909100771
0.0173733588
-0.0236209854
0.0054285298
-0.0358368158
-0.0743782446
0.0345346592
-0.0368770733
0.1043997109
-0.0953081027
0.0381039344
-0.0135330735
0.0050005801
0.0021096701
-0.0711476505
-0.4998056889
0.0189891346
0.2160032988
0.0078275669
-1.0034850836
-0.0136828367
0.0896870941
0.0538830161
-0.0211551730
0.0768710002
-0.0365555882
0.0072692549
-0.0322407708
-0.0234267842
0.0137969367
-0.0499428846
0.0858968794
-0.0611830205
0.0448830836
0.0229538009
0.0285174530
-0.1016997397
0.0338980928
-0.0106930025
0.0512694716
0.0580351651
0.1077549681
-0.1153218746
-0.0550181530
-0.0280278791
-0.1285720617
-0.6708219051
0.0521259047
0.1576693803
-0.0999251455
0.0858275518
-0.0294893719
-0.0094792191
0.0283057336
-0.0784601495
-0.0548337512
0.0549648888
-0.1757763624
-0.1583043039
-0.0912216157
0.1893535256
0.0083218087
0.0575042553
-0.0468101054
-0.1417886019
-0.0430388749
0.0239515435
0.0937848240
-0.0535435751
-0.0495935492
-0.0400764346
-0.0029786814
0.1109289229
0.0296459105
0.1143830642
0.0039055047
-0.1275150627
0.0221247189
-0.1357244551
0.1763096601
0.0080157109
-0.0174133051
-0.0153890587
-0.2486006021
0.0697351620
0.0274240039
-0.0047384258
0.6863158941
-0.0287681185
-0.0987366065
0.0846970230
-0.0039553237
-0.0083251279
0.0188909527
0.0175832193
0.0028808101
-0.0712846741
-0.0055994722
0.0620098226
0.0378583297
-0.0973565951
0.0276050940
-0.0154857850
0.0133662065
0.0550052337
0.0837440491
-0.1016139537
0.0309765656
-0.0225198139
-0.1218597516
-0.5322760940
0.0541901253
0.1549820304
-0.0729206502
0.0740260631
-0.0007523452
0.0002749937
0.0464457162
-0.0745860711
-0.0358959809
0.0496901795
-0.1553924978
-0.1390906274
-0.0614563935
0.1460684091
-0.0126443598
0.0561907217
-0.0279652700
-0.1276089698
-0.0277089197
0.0121317804
0.0811199248
-0.0496390462
-0.0471916348
-0.0159859192
-0.0084439386
0.0972435325
0.0599972308
0.0994630456
0.0037841066
-0.0483231433
0.0267550908
-0.1188317090
0.0399081521
0.0063690362
0.0269816592
-0.0053014928
-0.3615775406
0.0525291376
0.0423845649
0.0085978247
0.5697116256
-0.0070886021
-0.0842025504
0.0769751668
-0.0081007862
-0.0204963945
0.0182828996
0.0086952345
0.0210154317
-0.0735676140
-0.0119107822
0.0540439226
0.0400523841
-0.1050459370
0.0129778283
-0.0210734215
-0.0307782628
0.0524893738
0.0600235611
-0.0920686871
0.1090973020
-0.0105912434
-0.1486866474
-0.4560521841
0.0491477028
0.1657187939
-0.0522576086
0.0752473101
0.0216208939
0.0068590301
0.0375951342
-0.0728655457
-0.0303779952
0.0545366779
-0.1538895816
-0.1266160756
-0.0481804535
0.1050351411
-0.0266820211
0.0516127199
-0.0256529953
-0.1220662072
-0.0132410089
0.0090101995
0.0711582303
-0.0462215878
-0.0458173454
-0.0011240960
-0.0222050939
0.0883040354
0.0986810848
0.0850695819
-0.0018887847
0.0623884909
0.0245350618
-0.1185288951
-0.0757218152
0.0044928626
0.0656970814
0.0081618475
-0.4170925617
0.0399485715
0.0498540625
0.0173102487
0.4725858271
0.0070931506
-0.0745055974
0.0640717819
-0.0146782314
-0.0333011076
0.0165238790
-0.0031451993
0.0153712742
-0.0728660524
-0.0308036711
0.0467527658
0.0405969359
-0.0670197234
0.0258564483
-0.0175496805
-0.0148344329
0.0517261848
0.0726281330
-0.0850965753
0.0560716204
-0.0252820197
-0.0978727713
-0.4327588081
0.0645599514
0.1612302065
-0.0580925867
0.0573991723
0.0072401417
0.0113528529
0.0600495338
-0.0808727890
-0.0212135576
0.0431687869
-0.1137465984
-0.1314767450
-0.0399635397
0.1213221997
-0.0312624611
0.0805889666
-0.0087443171
-0.1196450591
-0.0156196589
0.0000136800
0.0687737688
-0.0449667126
-0.0497212708
0.0012390057
-0.0118046841
0.0933915302
0.0644861162
0.0920003504
0.0100386199
-0.0044051590
0.0342874676
-0.1078162193
-0.0609975010
0.0055688159
0.0855249316
0.0003791963
-0.4538210630
0.0391893424
0.0582932383
0.0196710117
0.4830852747
0.0048690443
-0.0696876794
0.0685369372
-0.0153696770
-0.0248438641
0.0111994771
0.0000580129
0.0487298630
-0.0736232176
-0.0078208204
0.0466321595
0.0416137353
-0.0748342425
0.0536759458
-0.0069180499
0.0745268166
0.0591812655
0.1167807207
-0.1107777730
-0.0649880320
-0.0379942842
-0.0823230892
-0.6693523526
0.0624223240
0.1103531271
-0.0987723023
0.0717685521
-0.0199286472
-0.0076930886
0.0627733022
-0.0831835121
-0.0377081148
0.0380903818
-0.1447065175
-0.1668553054
-0.0752679259
0.2094962895
0.0041726152
0.0818715841
-0.0274915211
-0.1282525510
-0.0477706417
0.0171265509
0.0904514119
-0.0515974909
-0.0484672375
-0.0240513571
0.0195417646
0.1049603820
0.0278872959
0.1246922612
0.0279952474
-0.2072503865
0.0373839438
-0.1148804873
0.2164560407
0.0052683530
-0.0191285834
-0.0147319315
-0.2489690185
0.0636146292
0.0347437784
-0.0055861333
0.7109164596
-0.0272832755
-0.0916863456
0.0968655720
-0.0015558260
0.0009413122
0.0074537862
0.0299174953
0.0347929448
-0.0683632195
0.0099750692
0.0593444183
0.0437526368
-0.0734836459
0.0555693842
-0.0085923979
0.0795061588
0.0603922531
0.1166718826
-0.1103510633
-0.0656476691
-0.0408631749
-0.0832054168
-0.6685625315
0.0643695369
0.0998289436
-0.0987568051
0.0711315125
-0.0181610044
-0.0077600777
0.0732592717
-0.0856730789
-0.0393568501
0.0373479612
-0.1283766478
-0.1696580648
-0.0723325685
0.2150147557
0.0011564622
0.0869475007
-0.0236485489
-0.1257649213
-0.0473768972
0.0162376817
0.0900131613
-0.0513162054
-0.0521046557
-0.0196146891
0.0222507082
0.1077592447
0.0218182970
0.1271667033
0.0311223064
-0.2143996805
0.0394087769
-0.1104548723
0.2268467993
0.0048390762
-0.0183840115
-0.0144786686
-0.2459993511
0.0623500757
0.0330929011
-0.0095943492
0.7096347213
-0.0307594780
-0.0883304998
0.0978597552
0.0002530132
0.0075326012
0.0058080414
0.0309185162
0.0435030274
-0.0670259222
0.0090331994
0.0593976751
0.0436199047
-0.0754220262
0.0557567850
-0.0103006009
0.0826153830
0.0616021864
0.1164090633
-0.1112189367
-0.0695257708
-0.0432769880
-0.0899125710
-0.6711985469
0.0647429973
0.0936243758
-0.1000256091
0.0726250708
-0.0185638629
-0.0080362670
0.0799795017
-0.0878567770
-0.0439592935
0.0385690257
-0.1168720126
-0.1716045439
-0.0726483539
0.2202805728
-0.0014751221
0.0880964622
-0.0230938345
-0.1258815527
-0.0463017412
0.0169297252
0.0902614072
-0.0513425693
-0.0556031838
-0.0170423072
0.0223420970
0.1112408042
0.0134908604
0.1286293864
0.0309108458
-0.2139004916
0.0390043184
-0.1096818075
0.2367604077
0.0042475234
-0.0201638993
-0.0146412784
-0.2401002347
0.0628327131
0.0296634492
-0.0137144672
0.7084134221
-0.0351568349
-0.0857134908
0.0977233127
0.0018812921
0.0140622156
0.0065519772
0.0310905259
0.0489154421
-0.0664177760
0.0069451504
0.0600606352
0.0423837155
-0.0781107396
0.0556504317
-0.0116405869
0.0844227299
0.0626312718
0.1161644012
-0.1123262048
-0.0727608800
-0.0452974886
-0.0967395753
-0.6738132238
0.0646964684
0.0893030912
-0.1013743058
0.0741980076
-0.0186870452
-0.0080268839
0.0855082497
-0.0899026096
-0.0483226143
0.0400476418
-0.1088282838
-0.1726750284
-0.0733556524
0.2236312777
-0.0036816862
0.0881110579
-0.0232986305
-0.1265867949
-0.0450220518
0.0179205183
0.0906670988
-0.0512092188
-0.0579734594
-0.0147402575
0.0218684264
0.1138381734
0.0066451039
0.1294668317
0.0297046211
-0.2104359716
0.0382203683
-0.1098767519
0.2441436052
0.0034607190
-0.0222077500
-0.0147024821
-0.2345101684
0.0635187477
0.0264898408
-0.0170379784
0.7072942257
-0.0390067846
-0.0833617896
0.0974732861
0.0030049160
0.0196358077
0.0080260318
0.0313306786
0.0531508438
-0.0661751255
0.0046625393
0.0607645437
0.0411719829
-0.0778739527
0.0561329909
-0.0118802655
0.0862445906
0.0629055873
0.1161457002
-0.1126516014
-0.0744561926
-0.0463142321
-0.0982425287
-0.6740497351
0.0647960678
0.0863288939
-0.1014596596
0.0746157840
-0.0188814774
-0.0081814537
0.0895069912
-0.0907649323
-0.0491708182
0.0403575636
-0.1033362672
-0.1741304547
-0.0737218186
0.2275940329
-0.0049370043
0.0895955637
-0.0226889625
-0.1260478497
-0.0445052981
0.0181170627
0.0907959118
-0.0512358919
-0.0592505969
-0.0134597840
0.0222887266
0.1152081788
0.0039342837
0.1302015483
0.0302332696
-0.2130215466
0.0380265154
-0.1094217747
0.2483936548
0.0030340485
-0.0226912405
-0.0148506137
-0.2328002900
0.0637344196
0.0253827143
-0.0186389200
0.7073007822
-0.0402893201
-0.0821594968
0.0975737348
0.0037488923
0.0223261360
0.0082106795
0.0314766914
0.0546934344
-0.0655994639
0.0049760249
0.0608885586
0.0409286916
-0.0778502822
0.0566260181
-0.0128840264
0.0855677500
0.0644471422
0.1171003059
-0.1148639023
-0.0796667412
-0.0487917177
-0.1024257615
-0.6785607338
0.0649476051
0.0809329599
-0.1045532003
0.0752857029
-0.0176049862
-0.0074850922
0.0938067511
-0.0932830200
-0.0527616329
0.0406945460
-0.0970962495
-0.1727645248
-0.0738672093
0.2315757424
-0.0074069989
0.0888948962
-0.0228081234
-0.1263678521
-0.0436913148
0.0194856767
0.0917908475
-0.0510731116
-0.0593917482
-0.0093235429
0.0223261472
0.1159831733
-0.0004108432
0.1309107840
0.0294267405
-0.2103552967
0.0375867151
-0.1094389856
0.2561522722
0.0017071076
-0.0260658450
-0.0140697919
-0.2257157117
0.0640430078
0.0224290639
-0.0217909329
0.7080336809
-0.0446429066
-0.0796793029
0.0972728282
0.0037621709
0.0282955542
0.0101318955
0.0324738212
0.0601973087
-0.0656362176
0.0026257026
0.0614478923
0.0398274325
-0.1351625770
0.0008010647
-0.0240425114
-0.0300509706
0.0519775674
0.0573239326
-0.0873340294
0.1127122045
-0.0026691668
-0.1943280399
-0.5026419759
0.0439629294
0.2105813175
-0.0636351407
0.0803627446
0.0152391624
0.0043467255
0.0101360446
-0.0789645240
-0.0422646664
0.0656804144
-0.1715081185
-0.1247316077
-0.0556626171
0.0937231109
-0.0165808462
0.0557104498
-0.0353248417
-0.1125388220
-0.0164276157
0.0153487790
0.0726127997
-0.0455128066
-0.0514033586
-0.0188537929
-0.0365453325
0.1196448058
0.0903338268
0.0825679898
-0.0240023434
0.1112834662
0.0210267771
-0.1224818528
-0.0713844672
0.0018897821
0.0681797713
0.0106410841
-0.3691987395
0.0407453589
0.0481932200
0.0037080601
0.4831354618
-0.0003976076
-0.0753252581
0.0527518466
-0.0154525721
-0.0280936304
0.0112139843
-0.0104860878
-0.0267370474
-0.0618997104
-0.0410334989
0.0455407128
0.0422497764
0.0029299934
-0.0029355600
-0.0350158885
-0.0918797404
0.0719627067
-0.0243306365
-0.0107381595
0.0615577959
-0.0297767669
-0.0043765190
0.3096281886
0.0327690542
0.1149094850
0.0303418431
-0.0032543456
-0.0640072897
0.0381025262
0.0559647977
-0.0428294763
0.0186889768
0.0186314546
0.0634103790
-0.0643838495
-0.0383254588
0.1169621497
-0.0838506892
0.0583758354
0.0153663540
-0.0944540948
0.0213136449
-0.0247913264
-0.0239863601
-0.0414535999
-0.0799183995
0.0512245856
-0.0261533782
0.0667507127
-0.1511713713
0.0273362845
-0.0131867919
-0.0399975851
-0.0188758224
-0.0707438961
-0.4979521334
0.0189454872
0.1922443658
0.0033212763
-1.0723795891
-0.0163111687
0.0797088817
0.0579363927
-0.0884080008
0.0879231840
-0.0342911631
0.0122966561
-0.0298072938
-0.0184157919
0.0250671208
-0.0367184058
0.1164113656
-0.0666443706
0.0713081583
0.0119568687
0.0227415133
-0.0026854419
0.0082885679
-0.0379018411
-0.1784721464
0.0867023021
-0.0345353186
-0.0108833052
0.1076830029
-0.0319554694
-0.0177665446
0.3468427658
0.0021043394
-0.0221351385
0.0433424227
-0.0045907893
-0.0984280780
0.0466482788
0.0445786715
-0.0143176913
0.0215609763
-0.0000062698
0.0992329046
-0.0142368628
-0.0506685860
0.1042222083
-0.0823920146
-0.0124167781
0.0052899346
-0.0464862660
0.0266951211
-0.0102837011
-0.0415824018
-0.0597054921
-0.0658185408
0.0631176457
-0.0221772827
0.0596592352
-0.0251894202
0.0193076935
-0.0090432344
0.0376159288
-0.0402855128
-0.0502762049
-0.4993407130
0.0205401964
0.2069939673
0.0146848559
-1.0657819510
-0.0040672719
0.0678086504
0.0521929637
-0.0973008052
0.0930843055
-0.0352903754
0.0074501946
-0.0324281231
-0.0565365329
0.0334173106
-0.0448179208
0.1074582487
-0.0588222966
0.0805022866
-0.0114631653
0.0253010429
0.0127846040
0.0198424608
-0.0340425149
-0.1901470423
0.0755024999
-0.0213633329
-0.0143277040
0.0819617510
-0.0335755609
-0.0062927962
0.3431512117
0.0098444168
0.0241968930
0.0420830026
-0.0100492798
-0.1244191974
0.0532238707
-0.0092892703
-0.0184674412
0.0282881930
-0.0061783288
0.1108101532
-0.0069133616
-0.0570462160
0.0959061906
-0.0897762179
0.0061353785
0.0151764136
-0.0320696384
0.0291912016
-0.0057870178
-0.0323787779
-0.0674759746
-0.0684151351
0.0361837819
-0.0258246362
0.0876793116
0.0159208756
0.0266590863
-0.0177522507
0.0358497165
-0.0351493582
-0.0452707633
-0.5054875612
0.0199192557
0.2427212745
0.0122917201
-1.0921707153
-0.0047174226
0.0797958821
0.0495049208
-0.0358145572
0.0938192382
-0.0376109891
0.0082438337
-0.0286525078
-0.0558978021
0.0343738347
-0.0531574078
0.0949850678
-0.0560256541
0.0702606961
-0.0010868164
0.0214029867
-0.0235849470
0.0015684610
-0.0313707814
-0.1362117529
0.0625299066
-0.0025973597
-0.0300362632
0.1611951292
-0.0184843894
-0.0420844741
0.1139274538
0.0407253169
0.1049195528
0.0135432957
0.0121663474
-0.0241819154
0.0338712111
0.0565082207
-0.0444068685
0.0156330559
0.0179339647
-0.0001078806
-0.0545651019
-0.0140726864
0.0792549029
-0.0805690438
0.0313925594
0.0163640603
-0.0778270513
0.0189934969
-0.0235467888
0.0081008011
-0.0497286357
-0.0665714517
0.0403905921
-0.0389156118
0.0829965249
0.0233797710
0.0351347551
-0.0062159370
0.0962034613
0.0008046944
-0.0684119090
-0.4410809875
0.0174387805
0.2062087506
0.0151768560
-0.8870900273
0.0066609164
0.0755516067
0.0515922606
0.0579271354
0.0705837980
-0.0410537161
0.0167089459
-0.0296167973
-0.0501713492
0.0193898585
-0.0476734377
0.0878100023
-0.0687686503
0.0323107764
0.0102128778
0.0324762352
0.0004663071
-0.0047577140
-0.0368046761
-0.1289051175
0.0762224570
-0.0152589483
-0.0159084499
0.1228452399
-0.0232662540
-0.0045088083
0.2469768077
0.0344052687
0.0933100358
0.0286346748
0.0020774482
-0.0604043826
0.0380990915
0.0733215883
-0.0401735939
0.0190652311
0.0127161406
0.0503981747
-0.0542864613
-0.0236486159
0.0895492285
-0.0868941024
0.0440592766
0.0145838074
-0.0831702054
0.0243831854
-0.0280115958
-0.0158935357
-0.0498335846
-0.0778965726
0.0514637679
-0.0337032974
0.0720588267
-0.0466356426
0.0319385231
-0.0115977293
0.0492327437
-0.0084503684
-0.0699003935
-0.4911006391
0.0265844036
0.2363526076
0.0114244716
-1.0118507147
-0.0015339057
0.0773602426
0.0618885607
-0.0341401324
0.0788183734
-0.0383431502
0.0154236043
-0.0334193930
-0.0404703841
0.0236211903
-0.0494801030
0.1191979423
-0.0678794011
0.0637200177
0.0061158650
0.0318564102
-0.0580959842
-0.0007147429
-0.0284724161
-0.1044037417
0.0614889190
0.0157196503
-0.0476398952
0.1904198229
-0.0127710663
-0.0745697394
-0.0798286572
0.0508748367
0.1221778542
0.0016664775
0.0357037820
0.0110311098
0.0283733811
0.0867578983
-0.0530261658
0.0056448714
0.0235700570
-0.0570992567
-0.0868663490
-0.0078880955
0.0636408180
-0.0670150369
0.0468903631
0.0062646796
-0.0946291983
0.0158399120
-0.0197125990
0.0204975214
-0.0466367677
-0.0538791940
0.0431103557
-0.0349991694
0.0642085150
0.0713788792
0.0497026443
0.0012182386
0.1315813214
0.0166331436
-0.0865518600
-0.3475321233
0.0150600821
0.1812225878
0.0184273832
-0.7215719819
0.0189801641
0.0697988719
0.0532855727
0.1849143207
0.0469498970
-0.0468337536
0.0391499996
-0.0299190339
-0.0650162548
0.0164112691
-0.0336722210
0.0833744779
-0.0737243071
0.0161193479
0.0171303246
0.0413442701
-0.0126531040
0.0065109399
-0.0274230354
-0.0950203985
0.0544075035
0.0215128250
-0.0435968786
0.1022152379
-0.0214757025
-0.0414530113
-0.0464281254
0.0533204675
0.1429420710
-0.0094093485
0.0211510751
0.0068367068
0.0307085086
0.0506023318
-0.0676837713
0.0072977254
0.0349284150
-0.0596439131
-0.0886766613
-0.0117431562
0.0958515853
-0.0648350045
0.0776422322
0.0199615695
-0.1082708836
0.0160032772
-0.0200611297
0.0310384911
-0.0351251662
-0.0590416677
0.0406560339
-0.0289624650
0.0869198292
0.0065516713
0.0546576232
0.0041387896
0.0572774597
0.0221102908
-0.0847050026
-0.3605376780
0.0094576506
0.1703473181
0.0067866817
-0.7453466654
0.0047285073
0.0860299841
0.0501046702
0.1692753434
0.0513864420
-0.0447984077
0.0311941467
-0.0276411474
-0.0427007116
0.0113422610
-0.0282233600
0.0931548402
-0.0721645951
0.0181806572
0.0295734815
0.0407476276
-0.0709990039
0.0545799732
-0.0090399189
0.0786059946
0.0588121153
0.1153061017
-0.1063752547
-0.0563931465
-0.0356831625
-0.0761588141
-0.6670637131
0.0634340420
0.1088479832
-0.0958171561
0.0703063309
-0.0173131768
-0.0069772759
0.0622202344
-0.0839377642
-0.0353318341
0.0318190269
-0.1418309361
-0.1703415364
-0.0699738637
0.2112139314
0.0002397626
0.0882760361
-0.0226234030
-0.1215169653
-0.0456561707
0.0134694939
0.0872962847
-0.0539901443
-0.0546388179
-0.0235554595
0.0218599476
0.1083810180
0.0287023056
0.1255182922
0.0339888968
-0.2197515070
0.0414001159
-0.1103028581
0.2200003862
0.0059718671
-0.0095595429
-0.0126429787
-0.2512669563
0.0593015142
0.0373022892
-0.0044648815
0.7084435225
-0.0266016498
-0.0920747966
0.0981740281
0.0004699152
0.0059406362
0.0003585553
0.0266664736
0.0354371294
-0.0670732483
0.0116592543
0.0572310127
0.0454685129
-0.0712648332
0.0563084185
-0.0108841388
0.0839569345
0.0602505393
0.1153244153
-0.1064736098
-0.0579189770
-0.0385674946
-0.0795046911
-0.6701079607
0.0649273917
0.0981748924
-0.0963680968
0.0706190318
-0.0157104135
-0.0072341105
0.0717671067
-0.0864510834
-0.0383110382
0.0315503515
-0.1268790066
-0.1734676063
-0.0678442195
0.2172061056
-0.0025954880
0.0921254605
-0.0197165031
-0.1195584089
-0.0452283286
0.0132276267
0.0871249661
-0.0537752770
-0.0584219210
-0.0194078702
0.0243448000
0.1115769669
0.0217302423
0.1281598210
0.0366968587
-0.2261458039
0.0430750623
-0.1066348255
0.2336205691
0.0054680621
-0.0109805986
-0.0123485262
-0.2443041205
0.0583175682
0.0347721837
-0.0090764649
0.7087188959
-0.0310341846
-0.0888870135
0.0991841778
0.0024783330
0.0131610399
-0.0009948665
0.0277040713
0.0434837192
-0.0657787547
0.0098144757
0.0575860962
0.0450494401
-0.0731416941
0.0569207408
-0.0124901952
0.0858921185
0.0616175048
0.1152980030
-0.1077117100
-0.0618680865
-0.0417308323
-0.0859187543
-0.6724630594
0.0658183917
0.0907186791
-0.0982423425
0.0714135841
-0.0152411414
-0.0073971357
0.0791096538
-0.0889864638
-0.0427932292
0.0330827460
-0.1142905205
-0.1741665006
-0.0674139559
0.2211729437
-0.0048249089
0.0927607864
-0.0188011173
-0.1199951544
-0.0447821729
0.0140119595
0.0877548680
-0.0531342439
-0.0608082451
-0.0159979630
0.0248659980
0.1140696108
0.0139496773
0.1296903342
0.0363687724
-0.2241315991
0.0431532525
-0.1051788926
0.2429771274
0.0048135081
-0.0136432573
-0.0125882309
-0.2382744551
0.0585136190
0.0315989070
-0.0136479000
0.7075609565
-0.0357952863
-0.0858014002
0.0990386680
0.0037144290
0.0193296801
0.0002292769
0.0287330113
0.0507828519
-0.0652960315
0.0067284224
0.0584512502
0.0437177792
-0.0753435344
0.0566464625
-0.0137425922
0.0881518796
0.0623512007
0.1147652194
-0.1083565727
-0.0647641271
-0.0433750935
-0.0925339907
-0.6737720966
0.0657388344
0.0870914087
-0.0989478156
0.0731562823
-0.0161206163
-0.0076331166
0.0845553800
-0.0906364620
-0.0466785021
0.0344236456
-0.1056103334
-0.1761520505
-0.0683599934
0.2258034796
-0.0072738561
0.0933776721
-0.0187920909
-0.1202875599
-0.0433417000
0.0146577908
0.0878548548
-0.0532995760
-0.0639310703
-0.0142213870
0.0242968574
0.1171573848
0.0069001322
0.1305269301
0.0356324837
-0.2222840488
0.0422573052
-0.1053827405
0.2498256415
0.0042765904
-0.0147404680
-0.0128586488
-0.2341263592
0.0592256039
0.0286609139
-0.0167492665
0.7056354880
-0.0391252302
-0.0837025940
0.0987196118
0.0051339422
0.0246351399
0.0011806620
0.0283925030
0.0540231615
-0.0648405850
0.0054144147
0.0590069592
0.0426232405
-0.0772282630
0.0565855727
-0.0147528490
0.0909491628
0.0632495731
0.1145197824
-0.1089663357
-0.0676711425
-0.0444317199
-0.0978535041
-0.6767006516
0.0648677200
0.0836614668
-0.0997137949
0.0752762780
-0.0169867557
-0.0073005152
0.0906055123
-0.0923148990
-0.0506104976
0.0348843969
-0.1001181155
-0.1784307510
-0.0695857108
0.2308677733
-0.0107951611
0.0943036526
-0.0194846056
-0.1202675998
-0.0407638922
0.0156617556
0.0875582621
-0.0538655743
-0.0670528635
-0.0126994904
0.0236234814
0.1205909699
0.0013668987
0.1313344687
0.0348944664
-0.2209067494
0.0411605276
-0.1070397496
0.2573044300
0.0031246271
-0.0151928384
-0.0123193469
-0.2290234268
0.0599491410
0.0255412105
-0.0190495923
0.7047714591
-0.0422845893
-0.0817539543
0.0988312364
0.0064611523
0.0307295565
0.0022330573
0.0275747757
0.0556998551
-0.0643782541
0.0044839503
0.0590505376
0.0418971777
-0.0763694346
0.0571701750
-0.0153058944
0.0895450711
0.0642035455
0.1153464317
-0.1108848974
-0.0733251795
-0.0471143723
-0.1016099006
-0.6789641976
0.0655341595
0.0801288635
-0.1026473641
0.0753526613
-0.0164058041
-0.0068522757
0.0943211168
-0.0946247205
-0.0530762300
0.0355167389
-0.0920173973
-0.1770055890
-0.0699161515
0.2351587862
-0.0128712552
0.0943803415
-0.0191987120
-0.1205803379
-0.0405190885
0.0166653451
0.0886104405
-0.0534032844
-0.0668270513
-0.0090399450
0.0236042272
0.1209943518
-0.0030846156
0.1319244206
0.0341289192
-0.2187401354
0.0408303104
-0.1066839769
0.2625375688
0.0020230985
-0.0175841711
-0.0122314179
-0.2248330414
0.0602234378
0.0234583654
-0.0221995395
0.7045663595
-0.0458891951
-0.0792649463
0.0981037170
0.0063385745
0.0355051197
0.0041215285
0.0285660513
0.0607427172
-0.0642837882
0.0029716734
0.0596854314
0.0407230593
-0.0153349312
-0.0018490419
-0.0361210294
-0.1546135247
0.0792228654
-0.0309839509
-0.0123329600
0.1366704404
-0.0224286169
-0.0359115377
0.3023415208
0.0088469377
-0.0011789652
0.0382761881
0.0009078893
-0.0570745319
0.0380700976
0.0718017444
-0.0276069604
0.0190444868
0.0118500423
0.0329788364
-0.0368256234
-0.0345067233
0.1113717109
-0.0703886822
-0.0082847886
0.0054074209
-0.0703642666
0.0222227406
-0.0177882574
-0.0283884220
-0.0471931212
-0.0619574599
0.0801961571
-0.0281345211
0.0544784479
-0.0694495067
0.0123288827
0.0013237066
0.0346970223
-0.0320067629
-0.0505019538
-0.4873028100
0.0154180732
0.1778289229
0.0173568968
-0.9852412939
-0.0075737587
0.0650793537
0.0525136888
-0.1153120473
0.0907049924
-0.0305281412
0.0016232143
-0.0379012562
-0.0431259573
0.0195476990
-0.0389023870
0.1158680990
-0.0607284382
0.0636075437
-0.0085873995
0.0300495028
-0.0035164505
0.0076721348
-0.0362129509
-0.1563264579
0.0837710500
-0.0371112414
-0.0125307068
0.0921211168
-0.0312857702
-0.0244124234
0.3498047590
0.0071322941
0.0186295193
0.0441865325
-0.0019040175
-0.1016938239
0.0467227288
0.0207107812
-0.0191884749
0.0210674293
0.0111657334
0.0879774690
-0.0314090997
-0.0547555834
0.1128052697
-0.0818165615
0.0027176426
0.0037642962
-0.0637702569
0.0272362735
-0.0111953048
-0.0409644991
-0.0524832755
-0.0704125464
0.0576498508
-0.0158537384
0.0598468482
-0.0688666254
0.0256288741
-0.0127958804
0.0120613156
-0.0360158533
-0.0566011220
-0.5024521351
0.0197229646
0.2022545934
0.0124583812
-1.1015348434
-0.0131882569
0.0768060088
0.0509288125
-0.1003712937
0.0931801200
-0.0372652411
0.0132871754
-0.0308685284
-0.0423840843
0.0307432488
-0.0390625037
0.1072568595
-0.0628552213
0.0774432197
0.0027493625
0.0242023282
0.0078902943
0.0010067035
-0.0380091518
-0.1655975878
0.0875219777
-0.0349050872
-0.0110638980
0.0915198624
-0.0285861902
-0.0111218141
0.3506568670
0.0042892881
-0.0115660783
0.0446482077
-0.0029681628
-0.1008825153
0.0453076400
0.0449379049
-0.0203972664
0.0223200656
0.0077006104
0.1011353135
-0.0279064067
-0.0540262088
0.1164296344
-0.0775898099
0.0108268382
0.0028764056
-0.0588822812
0.0244176984
-0.0102746775
-0.0418151654
-0.0533733405
-0.0685708672
0.0634651035
-0.0211110041
0.0580299124
-0.0546113923
0.0209002867
-0.0093218647
0.0255422536
-0.0368882194
-0.0545262843
-0.5080764294
0.0227416512
0.2168108672
0.0160228517
-1.0698107481
-0.0101173995
0.0713010132
0.0532125533
-0.1077418774
0.0911193639
-0.0346345454
0.0084805088
-0.0349611826
-0.0459796824
0.0277029648
-0.0433766805
0.1119111553
-0.0569237694
0.0802930072
-0.0057049599
0.0270232726
0.0071948948
0.0103049623
-0.0340317562
-0.1620237380
0.0765385851
-0.0190709624
-0.0120504126
0.0967352465
-0.0330468379
-0.0086423624
0.3327344358
0.0188536458
0.0517637059
0.0344441943
-0.0131161157
-0.1180917397
0.0460166968
0.0298297107
-0.0246879086
0.0248458963
-0.0017849276
0.1062309667
-0.0262548048
-0.0462011583
0.1019633487
-0.0908080637
0.0154514257
0.0123033896
-0.0513201728
0.0250851698
-0.0165248085
-0.0301917512
-0.0596447214
-0.0774582624
0.0338348076
-0.0287456773
0.0801314563
-0.0321965590
0.0290735550
-0.0156565569
0.0305379350
-0.0316798612
-0.0554287955
-0.4984002411
0.0250905193
0.2431209534
0.0099693872
-1.0941724777
-0.0015699101
0.0758836418
0.0478661582
-0.0495165437
0.0864565223
-0.0365496390
0.0086060669
-0.0309269652
-0.0435148105
0.0293735787
-0.0537875071
0.1028705910
-0.0615030490
0.0737298727
-0.0005299048
0.0242176186
0.0187015366
0.0073510297
-0.0366996117
-0.1719655246
0.0805700794
-0.0220818389
-0.0149767352
0.0853984654
-0.0287301056
-0.0005350035
0.3318060040
0.0158580821
0.0474540964
0.0377358533
-0.0061166966
-0.1142567843
0.0476498269
0.0161339771
-0.0245880149
0.0247539468
0.0058298861
0.1006807312
-0.0233955346
-0.0497963130
0.1036093011
-0.0882533342
0.0207549334
0.0116137285
-0.0525175072
0.0236941297
-0.0128658358
-0.0262989774
-0.0604931004
-0.0721042231
0.0408113077
-0.0261681806
0.0794339404
-0.0197142232
0.0305648930
-0.0159870945
0.0334953927
-0.0291570984
-0.0533988774
-0.5080566406
0.0246393159
0.2485322058
0.0158736762
-1.0945577621
-0.0060906685
0.0790076405
0.0509806462
-0.0542286746
0.0881776437
-0.0408941247
0.0095374389
-0.0344160609
-0.0450551547
0.0289342068
-0.0532108136
0.1011028141
-0.0573401898
0.0691711232
0.0020535919
0.0263324957
0.0316170640
-0.0116640972
-0.0400055200
-0.1764371246
0.0945204571
-0.0238265507
-0.0117904609
0.1168367937
-0.0208374262
0.0086600315
0.3179063201
0.0113621969
0.0073012151
0.0433751680
0.0004205715
-0.1066064611
0.0441258475
0.0714569613
-0.0300717000
0.0208368339
0.0127083650
0.0862123221
-0.0414001383
-0.0442369245
0.1029253528
-0.0818926468
0.0313015133
0.0002402016
-0.0750686899
0.0213885345
-0.0177749489
-0.0324571580
-0.0517429896
-0.0738716349
0.0692660064
-0.0284272507
0.0597577505
-0.0264341310
0.0294359680
-0.0040846751
0.0694913566
-0.0268128514
-0.0635990873
-0.5244203806
0.0325092040
0.2730036676
0.0230928138
-1.0454629660
-0.0095298868
0.0735775307
0.0614245422
-0.0953487456
0.0814591348
-0.0375987366
0.0093456907
-0.0494501144
-0.0459132493
0.0184016470
-0.0517664216
0.1350342780
-0.0568239875
0.0753842145
-0.0047894246
0.0372526944
0.0059196022
-0.0142434072
-0.0343886875
-0.1575130820
0.0793091506
-0.0156312156
-0.0198127087
0.1583710164
-0.0142748915
-0.0104457187
0.1834882647
0.0270146448
0.0329013988
0.0311466735
0.0122571979
-0.0320744775
0.0382252634
0.0904434621
-0.0424588807
0.0173170231
0.0204401761
0.0234402642
-0.0567674339
-0.0196235031
0.0855498239
-0.0746840611
0.0464916490
0.0086635863
-0.0874099284
0.0235603116
-0.0234417021
-0.0135207688
-0.0416619256
-0.0636752471
0.0765659958
-0.0369964205
0.0608126968
0.0054442845
0.0286584478
0.0009089019
0.1204896271
-0.0049394988
-0.0693163499
-0.4999001622
0.0237486828
0.2390265763
0.0247866921
-0.9012888670
-0.0030460504
0.0758084878
0.0654050633
-0.0352010168
0.0732789114
-0.0339285992
0.0123443464
-0.0451563075
-0.0574877448
0.0149228191
-0.0477682613
0.1265342236
-0.0612860844
0.0547924191
-0.0002369198
0.0399137810
0.0464272164
-0.0155793075
-0.0379590169
-0.1311007142
0.0741806775
-0.0040359646
-0.0153084230
0.0814243034
-0.0194823015
0.0222056694
0.2430602014
0.0431589335
0.1282272935
0.0229911134
-0.0064428379
-0.0770227909
0.0398281515
0.0748247579
-0.0570010580
0.0232823864
0.0213718750
0.0802605972
-0.0649022534
-0.0261827912
0.0950866044
-0.0826074108
0.0985851064
0.0213175565
-0.0895861313
0.0208162535
-0.0280506033
-0.0078176139
-0.0408120044
-0.0796755850
0.0405708961
-0.0403152965
0.0889860988
-0.0516506284
0.0382311903
-0.0088694189
0.0532318391
-0.0007392032
-0.0733379945
-0.5178902149
0.0303302351
0.2838433683
0.0157881640
-1.0124332905
-0.0062574996
0.0871583521
0.0609688535
-0.0294206217
0.0720182657
-0.0361213684
0.0070260665
-0.0433908142
-0.0245705005
0.0089001786
-0.0599029325
0.1159393862
-0.0584488846
0.0572138578
0.0091834366
0.0366798751
-0.0597244054
0.0004194095
-0.0249102972
-0.0855613872
0.0547114536
0.0310697127
-0.0577482879
0.1590755731
-0.0116453655
-0.1050105542
-0.2054442018
0.0597089790
0.1741598994
-0.0175042786
0.0465797223
0.0278822836
0.0273168664
0.0571218245
-0.0707545206
-0.0028201765
0.0419422910
-0.0836312473
-0.1063731238
-0.0152964843
0.0693675652
-0.0551601797
0.0806012452
0.0061402787
-0.1002644375
0.0078450181
-0.0117753744
0.0406576358
-0.0374530591
-0.0477334894
0.0303816702
-0.0350437947
0.0856549814
0.0807598308
0.0636906028
-0.0001503454
0.1346230954
0.0281945113
-0.0914779082
-0.2979057133
0.0096916379
0.1613792330
0.0184543729
-0.6231331229
0.0178454649
0.0714129955
0.0396590978
0.2615979910
0.0325892754
-0.0463671312
0.0390102454
-0.0298151989
-0.0544153750
0.0076238988
-0.0285020415
0.0493984632
-0.0666770488
-0.0060582743
0.0312121958
0.0426747613
-0.0681739822
0.0556826964
-0.0124515537
0.0843922198
0.0590311736
0.1131899878
-0.1035567969
-0.0501380190
-0.0371791124
-0.0798425227
-0.6644201279
0.0664500669
0.1009502634
-0.0937921628
0.0698858574
-0.0148098134
-0.0073272218
0.0708999857
-0.0870758817
-0.0363447703
0.0288318433
-0.1189680919
-0.1763469428
-0.0646131262
0.2192872167
-0.0058180764
0.0971069261
-0.0156171499
-0.1152202636
-0.0436597951
0.0101094134
0.0850927755
-0.0552049279
-0.0630782396
-0.0181993488
0.0248716734
0.1133836731
0.0210549124
0.1280666292
0.0403678417
-0.2304042429
0.0453187637
-0.1031523123
0.2314764261
0.0064213062
-0.0024664383
-0.0119589278
-0.2491522133
0.0555922985
0.0368086658
-0.0093298974
0.7019226551
-0.0308559947
-0.0884667560
0.0988290384
0.0040417239
0.0159300044
-0.0058171926
0.0249415413
0.0443942435
-0.0648842975
0.0112904711
0.0566992462
0.0455640517
-0.0699629486
0.0563497394
-0.0141249849
0.0879337192
0.0599824786
0.1128220111
-0.1041143909
-0.0539568849
-0.0398955904
-0.0864370987
-0.6671625972
0.0670865327
0.0937705338
-0.0951730609
0.0709158927
-0.0150597924
-0.0079011014
0.0776947215
-0.0893924609
-0.0405943729
0.0298194662
-0.1057374626
-0.1784337610
-0.0646042600
0.2255276889
-0.0082729813
0.0984795764
-0.0144536877
-0.1148111969
-0.0431072377
0.0105257854
0.0853600800
-0.0550242588
-0.0669179484
-0.0156662352
0.0255728737
0.1170195490
0.0117755551
0.1297736168
0.0408479422
-0.2321833819
0.0454791412
-0.1014012843
0.2432408780
0.0060078297
-0.0045271995
-0.0125188977
-0.2427489758
0.0555833504
0.0337349027
-0.0140897464
0.7011364698
-0.0353960469
-0.0857600719
0.0987240374
0.0060330275
0.0231756661
-0.0056543779
0.0252238512
0.0501584001
-0.0639736727
0.0091749635
0.0573836491
0.0443094634
-0.0725637227
0.0561969206
-0.0150349643
0.0893613771
0.0610379502
0.1128124371
-0.1053901017
-0.0575136095
-0.0416133292
-0.0926343128
-0.6701387167
0.0667816475
0.0899749324
-0.0962902978
0.0728511140
-0.0154115101
-0.0078561315
0.0826998129
-0.0908474326
-0.0446541943
0.0315512232
-0.1004360467
-0.1796203852
-0.0657281652
0.2285707146
-0.0101488987
0.0979799330
-0.0153027233
-0.1160569116
-0.0418238863
0.0118269213
0.0858116001
-0.0548419319
-0.0685255006
-0.0138672516
0.0249221455
0.1192018315
0.0064387708
0.1305951923
0.0394980907
-0.2280134559
0.0444177724
-0.1025243700
0.2491349131
0.0052163149
-0.0071407356
-0.0124304071
-0.2375276089
0.0565901995
0.0307160839
-0.0166683458
0.7004808784
-0.0385806561
-0.0838238671
0.0986312926
0.0067862552
0.0270790216
-0.0038000273
0.0255031586
0.0532278419
-0.0638787821
0.0071840216
0.0580772609
0.0433273166
-0.0737308562
0.0562214777
-0.0163773745
0.0921675488
0.0621056482
0.1126622260
-0.1064627841
-0.0617879778
-0.0432848074
-0.0995550156
-0.6744162440
0.0661853477
0.0851154998
-0.0975482762
0.0752718747
-0.0158137176
-0.0076891743
0.0889711231
-0.0930730775
-0.0490800999
0.0320419408
-0.0918831974
-0.1822801381
-0.0670626089
0.2366536260
-0.0142121753
0.0992592201
-0.0154547365
-0.1154210493
-0.0394107066
0.0129335085
0.0859212950
-0.0555644408
-0.0721359774
-0.0110457195
0.0244769733
0.1231710017
-0.0006554229
0.1317644715
0.0395049676
-0.2283324003
0.0433629490
-0.1033349484
0.2596953809
0.0039614276
-0.0086742807
-0.0118616745
-0.2301336378
0.0570858344
0.0269513372
-0.0202268828
0.6996281743
-0.0428621322
-0.0813051462
0.0984286964
0.0083552459
0.0349075645
-0.0030532221
0.0246726666
0.0558848456
-0.0630861223
0.0061174198
0.0583555698
0.0423252396
-0.0724490955
0.0569376573
-0.0172005091
0.0907802284
0.0630901158
0.1132116616
-0.1083105803
-0.0675525293
-0.0464563668
-0.1049104184
-0.6762914062
0.0670066327
0.0800291672
-0.1004378572
0.0757060573
-0.0147061888
-0.0071140775
0.0946853831
-0.0960791707
-0.0520655736
0.0326358899
-0.0803515613
-0.1815788895
-0.0671738610
0.2432337999
-0.0175883546
0.1001960337
-0.0145090232
-0.1150813475
-0.0385578498
0.0138550010
0.0869284049
-0.0551025011
-0.0727317855
-0.0058982461
0.0244983863
0.1242825538
-0.0064040809
0.1326273531
0.0393883102
-0.2259003222
0.0431218892
-0.1024584696
0.2663879693
0.0025766857
-0.0106816413
-0.0115542654
-0.2250256836
0.0569578186
0.0243994687
-0.0243201014
0.6978838444
-0.0473308787
-0.0778549016
0.0975045636
0.0084915571
0.0414968729
-0.0014086498
0.0253256187
0.0620737970
-0.0626473054
0.0043712477
0.0589856319
0.0410314873
-0.0015460881
-0.0052239182
-0.0374003388
-0.1609288603
0.0885414630
-0.0387111008
-0.0087607224
0.1167195365
-0.0244184528
-0.0220222883
0.3462142348
-0.0018922316
-0.0469440259
0.0459826477
-0.0015553758
-0.0791160241
0.0402476862
0.0801932737
-0.0246758256
0.0185834672
0.0133797759
0.0608284287
-0.0348074473
-0.0469466858
0.1217981577
-0.0666555539
-0.0064701946
-0.0017542832
-0.0737455487
0.0231102966
-0.0148553923
-0.0440232120
-0.0458976440
-0.0643668845
0.0899950638
-0.0215995181
0.0409860574
-0.0881636366
0.0098364614
0.0040942612
0.0196259059
-0.0418057032
-0.0530120097
-0.4999527931
0.0172609426
0.1848643273
0.0172536913
-1.0149641037
-0.0137927281
0.0639609173
0.0554910786
-0.1526810080
0.0926450044
-0.0296399072
0.0026628301
-0.0421844982
-0.0411571264
0.0201586541
-0.0333442762
0.1317367107
-0.0571032129
0.0778233483
-0.0126987938
0.0304490030
-0.0084017115
0.0121574793
-0.0362815820
-0.1654384285
0.0832943469
-0.0390313417
-0.0126203373
0.0970626995
-0.0322309025
-0.0306502189
0.3538805544
0.0037732641
0.0010656461
0.0415087752
-0.0035438256
-0.0979880467
0.0473709777
0.0216262992
-0.0143374829
0.0206016228
0.0091160629
0.0952555165
-0.0176995471
-0.0548652448
0.1159552038
-0.0820303038
-0.0137942052
0.0035960458
-0.0480794422
0.0243083853
-0.0106927752
-0.0391308442
-0.0559129678
-0.0664184168
0.0571506321
-0.0161536504
0.0575898923
-0.0491243303
0.0243202560
-0.0123712327
0.0205073543
-0.0422958322
-0.0500454418
-0.4945879579
0.0204524342
0.1866499931
0.0145178968
-1.1000127792
-0.0066759004
0.0700555891
0.0475291274
-0.1042009518
0.0945384800
-0.0375678875
0.0096849035
-0.0279170498
-0.0495780073
0.0359902568
-0.0396699682
0.0970935300
-0.0610190667
0.0756819770
-0.0023447466
0.0229147729
0.0014282325
0.0049235658
-0.0379313268
-0.1783975214
0.0909300596
-0.0386386663
-0.0111566372
0.1085136086
-0.0293104835
-0.0243205130
0.3535803556
-0.0018331640
-0.0280553307
0.0458965339
-0.0015436205
-0.1026577502
0.0482591987
0.0421517678
-0.0153435115
0.0202988964
0.0115699703
0.0883329511
-0.0222706664
-0.0552998781
0.1132285148
-0.0787082762
-0.0135239139
-0.0014008719
-0.0569532476
0.0256323945
-0.0093206810
-0.0429051891
-0.0527918413
-0.0630742237
0.0720627159
-0.0164251197
0.0506655164
-0.0449196324
0.0223864503
-0.0061936388
0.0395795703
-0.0435343422
-0.0536117963
-0.5064809918
0.0195218213
0.2034465671
0.0190766342
-1.0781600475
-0.0100761754
0.0695733428
0.0517853610
-0.1227288544
0.0920508206
-0.0363715887
0.0087853512
-0.0380755514
-0.0531643704
0.0296429899
-0.0400476493
0.1111700386
-0.0585101247
0.0790615976
-0.0072439830
0.0284097735
-0.0064701345
0.0173953827
-0.0333738625
-0.1903834790
0.0797186866
-0.0265249610
-0.0154209733
0.1097483188
-0.0337324850
-0.0146293985
0.3407281935
0.0064045577
0.0032834120
0.0341612324
-0.0075400909
-0.1124864221
0.0475888364
0.0244455989
-0.0101565421
0.0227402765
-0.0038182437
0.1142996550
-0.0007395552
-0.0480240583
0.1068556756
-0.0903661847
-0.0177415200
0.0102147851
-0.0260829609
0.0241479184
-0.0130875576
-0.0307877976
-0.0697068274
-0.0690728500
0.0382053219
-0.0259970129
0.0752419084
0.0180134922
0.0259887706
-0.0136487819
0.0475963764
-0.0414277576
-0.0451495945
-0.4933476150
0.0252827294
0.2231190503
0.0136484299
-1.0897519588
0.0060593393
0.0662177280
0.0452275798
-0.0521175824
0.0921651423
-0.0396115519
0.0076076929
-0.0266393982
-0.0634691641
0.0404177383
-0.0521826521
0.0921256915
-0.0577256605
0.0742707103
-0.0077410326
0.0226651710
0.0184642151
-0.0095592393
-0.0399227738
-0.1868350804
0.1002591848
-0.0340880044
-0.0116261616
0.1284610033
-0.0216190740
-0.0010803678
0.3265128434
0.0024423813
-0.0297133848
0.0476245657
0.0065818033
-0.0970016569
0.0448764376
0.0704734102
-0.0213832594
0.0187150296
0.0159503520
0.0867922679
-0.0314493626
-0.0494326390
0.1049622595
-0.0802410319
0.0055728117
-0.0074681714
-0.0676230565
0.0194287319
-0.0145795420
-0.0368117541
-0.0532867983
-0.0667112917
0.0814161748
-0.0236170050
0.0476927161
-0.0188854448
0.0267057419
-0.0037997351
0.0805800110
-0.0341792107
-0.0610367842
-0.5237873793
0.0312434770
0.2470421791
0.0290521700
-1.0489789248
-0.0092259552
0.0672107860
0.0607055500
-0.1236501336
0.0864998251
-0.0398760773
0.0094969114
-0.0493945442
-0.0557691492
0.0257700831
-0.0469076857
0.1295537353
-0.0566392653
0.0794868842
-0.0096869925
0.0358272456
0.0466629751
-0.0147735784
-0.0409068093
-0.2231528014
0.1064160764
-0.0340900160
-0.0126859602
0.1356244236
-0.0169872362
0.0086063454
0.3347699344
-0.0089243390
-0.0971695334
0.0515157320
0.0036293133
-0.1024440676
0.0471380651
0.0766154453
-0.0195887890
0.0196354426
0.0183117576
0.0916352868
-0.0211212207
-0.0537744984
0.1146794334
-0.0704077706
-0.0017111209
-0.0097006271
-0.0626383498
0.0159379337
-0.0096313860
-0.0380147174
-0.0521983542
-0.0581420437
0.0983504504
-0.0240321327
0.0420670509
0.0209394488
0.0225427859
0.0096189762
0.1042940170
-0.0413649864
-0.0507730246
-0.5349580646
0.0311512295
0.2570725381
0.0368822329
-1.0181357861
-0.0136729507
0.0641563535
0.0606755652
-0.1443241686
0.0862150863
-0.0383875705
0.0010451179
-0.0612398535
-0.0625384673
0.0179886594
-0.0471391976
0.1420763433
-0.0469143614
0.0767196193
-0.0172351319
0.0419015661
0.0307129640
-0.0185252745
-0.0420342050
-0.1971449405
0.1056071296
-0.0291637089
-0.0115339505
0.1305399537
-0.0191272888
0.0218883511
0.3245666921
0.0040916842
-0.0614651665
0.0481191874
0.0004584256
-0.0964666307
0.0450117402
0.1141966432
-0.0189504214
0.0206238609
0.0106815128
0.1186006591
-0.0242170785
-0.0453422852
0.1035499126
-0.0721908286
0.0164403729
-0.0052948184
-0.0574219972
0.0161863584
-0.0164137278
-0.0400980823
-0.0543549545
-0.0595507622
0.0884410217
-0.0293038972
0.0394208767
0.0062768194
0.0236163903
0.0008860648
0.1019855440
-0.0350622013
-0.0528298132
-0.5294549465
0.0355546586
0.2626830041
0.0325275995
-1.0277464390
-0.0010246744
0.0622831360
0.0648753718
-0.1269009113
0.0819656104
-0.0380497389
0.0044991584
-0.0549091734
-0.0634318814
0.0247474443
-0.0520052835
0.1405505389
-0.0493363626
0.0879978687
-0.0217302330
0.0402780026
0.0475114621
-0.0183849148
-0.0429110266
-0.2080138624
0.1059856042
-0.0228257943
-0.0114547033
0.1204035282
-0.0186123960
0.0314456634
0.3299065232
0.0046290229
-0.0604768991
0.0471166447
-0.0073901331
-0.1133503392
0.0500065610
0.1130546480
-0.0187878385
0.0224015061
0.0076901824
0.1356963962
-0.0188348889
-0.0470793992
0.0952298343
-0.0729090646
0.0265449136
-0.0015266276
-0.0543393083
0.0181151871
-0.0153652811
-0.0404616594
-0.0548056178
-0.0560206622
0.0854990035
-0.0298472196
0.0395130739
0.0267243590
0.0262901802
0.0026047723
0.1052371338
-0.0382542722
-0.0488952398
-0.5348182917
0.0344762169
0.2791234255
0.0318922848
-1.0356129408
-0.0006809147
0.0642303824
0.0654245764
-0.1160927862
0.0778559744
-0.0367208943
0.0009231513
-0.0593793951
-0.0627379641
0.0218581222
-0.0555333607
0.1416282654
-0.0459999964
0.0877403989
-0.0225550216
0.0416816548
0.0301977061
-0.0197140388
-0.0403374285
-0.1506011337
0.0913219228
-0.0199160744
-0.0150479469
0.1270181388
-0.0182588547
0.0193288885
0.2844513655
0.0228251331
0.0098778186
0.0402229428
-0.0047059474
-0.0687179491
0.0407365002
0.1280070543
-0.0372660831
0.0183348544
0.0129471682
0.0832455754
-0.0531563759
-0.0289507322
0.0949849486
-0.0716675818
0.0511419438
0.0096622771
-0.0879230127
0.0239357967
-0.0288337879
-0.0320047960
-0.0417126641
-0.0682431906
0.0862794966
-0.0325282253
0.0430644974
-0.0486486815
0.0225930717
0.0032003345
0.0585867278
-0.0194288623
-0.0605847575
-0.5148087740
0.0292115957
0.2428593338
0.0190589130
-0.9932338595
-0.0071507753
0.0692040697
0.0674728304
-0.1078129560
0.0755739585
-0.0286315866
0.0056675710
-0.0509092659
-0.0382715948
0.0144378375
-0.0479655750
0.1554246247
-0.0565052368
0.0780875310
-0.0083123008
0.0372429341
0.0019304979
-0.0095685767
-0.0347936712
-0.1141494513
0.0684728846
0.0014583970
-0.0271857884
0.1153635755
-0.0201780889
-0.0133625530
0.1433446258
0.0527731106
0.1250271350
0.0119863553
0.0057779979
-0.0219792128
0.0370091870
0.0862831473
-0.0504242368
0.0182019360
0.0206978098
0.0460585542
-0.0625765473
-0.0138144214
0.0949162170
-0.0747989863
0.0773251653
0.0262327548
-0.0757213309
0.0156260580
-0.0278397407
0.0044593648
-0.0421431214
-0.0636966601
0.0414535999
-0.0401001237
0.0826616585
-0.0090202410
0.0398461632
-0.0064139040
0.0720586330
0.0057365289
-0.0625931025
-0.4634110928
0.0259963721
0.2157831639
0.0128504448
-0.9216423035
0.0070435829
0.0756818801
0.0565178022
0.0363046527
0.0649612769
-0.0356769376
0.0139203444
-0.0324443094
-0.0476028584
0.0173313450
-0.0523715429
0.0914090946
-0.0609599426
0.0458253734
0.0104166847
0.0351156853
0.0399499424
-0.0133666359
-0.0390546024
-0.0857610330
0.0659124181
0.0055456636
-0.0260786973
0.0568636656
-0.0218719058
0.0048242696
0.1818747073
0.0621949881
0.2028744072
0.0057988758
0.0002059184
-0.0329248793
0.0384711996
0.0660670102
-0.0688829124
0.0187124144
0.0320107453
0.0526376441
-0.0811256170
-0.0160902273
0.1117136255
-0.0805546343
0.1290675253
0.0362347290
-0.0938247070
0.0157434475
-0.0336360596
0.0128904413
-0.0303662531
-0.0742029548
0.0274343081
-0.0386529453
0.0990376174
-0.0722285509
0.0512484759
-0.0094655538
0.0198515337
0.0141730467
-0.0725479200
-0.4921387434
0.0298707932
0.2337660491
0.0071718995
-0.9796983004
-0.0036620672
0.0854576603
0.0560678914
0.0130355321
0.0627230182
-0.0317259505
0.0109918630
-0.0321000665
-0.0195266064
0.0066839559
-0.0572968274
0.0871365517
-0.0592376776
0.0378326438
0.0268406272
0.0357614085
-0.0698993430
0.0004470274
-0.0232087784
-0.0771402344
0.0541914068
0.0341381505
-0.0619334765
0.1603115946
-0.0104286326
-0.1271744370
-0.2623313367
0.0576034188
0.1637422442
-0.0230474453
0.0532771721
0.0452800691
0.0270438530
0.0572716147
-0.0767625123
-0.0093479212
0.0491294563
-0.1052179486
-0.1133997366
-0.0171734933
0.0742823482
-0.0470403358
0.0829361379
0.0036430939
-0.1027650982
0.0061588231
-0.0055736923
0.0451316908
-0.0305758473
-0.0414666384
0.0380413830
-0.0336849838
0.0859659240
0.0851069167
0.0664633587
0.0016522402
0.1487735063
0.0296196677
-0.0911036953
-0.2698167264
0.0046765967
0.1366842985
0.0205822848
-0.5479449630
0.0178385414
0.0674099922
0.0336600989
0.2826114595
0.0235056840
-0.0416502990
0.0387527533
-0.0306956787
-0.0530675501
0.0046280106
-0.0215423275
0.0427598804
-0.0620985851
-0.0167146754
0.0344101079
0.0439763926
-0.0768397897
0.0535167046
-0.0152065651
0.0894703493
0.0617503040
0.1121186167
-0.1086400673
-0.0653374270
-0.0434426032
-0.1079580933
-0.6711481214
0.0649533048
0.0898714438
-0.0970758200
0.0784131810
-0.0193963200
-0.0085869487
0.0897224098
-0.0918710232
-0.0508282110
0.0373852365
-0.0918838531
-0.1831314862
-0.0722165033
0.2388153970
-0.0128547568
0.0960281789
-0.0186815299
-0.1192493290
-0.0390438326
0.0148820225
0.0873448774
-0.0551629029
-0.0705707818
-0.0114471810
0.0208170451
0.1230270416
-0.0022118124
0.1304741800
0.0352203809
-0.2176366299
0.0388191193
-0.1072976217
0.2528287768
0.0039376672
-0.0123252748
-0.0133985588
-0.2318679541
0.0609464422
0.0245575681
-0.0204321798
0.6960205436
-0.0425299816
-0.0810042396
0.0965603590
0.0075514317
0.0307036582
0.0011917539
0.0247102175
0.0523720980
-0.0635383204
0.0074788667
0.0598209724
0.0410499759
-0.0753630623
0.0544872060
-0.0163424984
0.0894880295
0.0629305691
0.1128518134
-0.1100725606
-0.0705444887
-0.0461793914
-0.1116314977
-0.6740687490
0.0656341910
0.0834162757
-0.0997013822
0.0787798464
-0.0180936642
-0.0079454696
0.0950490013
-0.0945992768
-0.0539135747
0.0370424539
-0.0823832750
-0.1827677637
-0.0716686845
0.2448378652
-0.0162747111
0.0969371274
-0.0175686311
-0.1185599044
-0.0380571894
0.0155286286
0.0879588947
-0.0550892837
-0.0718573034
-0.0066306735
0.0213815030
0.1245138720
-0.0079450700
0.1315616071
0.0358363427
-0.2175867409
0.0390126966
-0.1061407104
0.2612948120
0.0026299406
-0.0144022172
-0.0127534186
-0.2262138724
0.0605926253
0.0220556054
-0.0239753406
0.6952802539
-0.0467632040
-0.0780573487
0.0962832570
0.0080129746
0.0376525819
0.0019937139
0.0252778102
0.0588545725
-0.0632707104
0.0058625811
0.0601688959
0.0400760025
0.0026827131
-0.0090342397
-0.0375851355
-0.1729974002
0.0911949575
-0.0408223011
-0.0048695058
0.1120666564
-0.0220495686
-0.0125499787
0.3394159973
-0.0036711304
-0.0547627546
0.0472348742
0.0027972430
-0.0791490451
0.0402944125
0.0813456401
-0.0249074362
0.0197917297
0.0173064955
0.0683676004
-0.0314114615
-0.0495511703
0.1173184812
-0.0658812746
0.0000457762
-0.0043192254
-0.0707483739
0.0211459044
-0.0129696066
-0.0444993898
-0.0470278338
-0.0633131042
0.0916331410
-0.0244028028
0.0444192961
-0.0719590485
0.0100698033
0.0001165430
0.0475057326
-0.0394340046
-0.0548805334
-0.5129027963
0.0196079575
0.2058110833
0.0223037060
-1.0054559708
-0.0123482868
0.0665942654
0.0584585965
-0.1552790850
0.0926915333
-0.0335165560
0.0031616546
-0.0449055061
-0.0502639674
0.0219106022
-0.0369146727
0.1307771653
-0.0543818176
0.0815861449
-0.0158038121
0.0315297209
-0.0196295455
0.0087675452
-0.0353461727
-0.1528521031
0.0854886547
-0.0396385528
-0.0088324724
0.1122049391
-0.0322923698
-0.0349594839
0.3441617191
0.0067208949
0.0187345240
0.0408675931
-0.0016600176
-0.0968088955
0.0452815965
0.0402940623
-0.0180270076
0.0181391109
0.0132498508
0.0839120001
-0.0293438118
-0.0508104190
0.1063099727
-0.0852165520
-0.0141853234
-0.0014565064
-0.0627766028
0.0265660267
-0.0162646249
-0.0424640924
-0.0514289290
-0.0711875930
0.0608742945
-0.0160345528
0.0528456829
-0.0751260519
0.0260592680
-0.0145638920
0.0314177088
-0.0398458131
-0.0610715039
-0.4960689247
0.0217614546
0.1912021041
0.0141914384
-1.1043375731
-0.0052793338
0.0714522228
0.0503590889
-0.1156184971
0.0910902545
-0.0378516950
0.0132742058
-0.0307702739
-0.0463380516
0.0353760011
-0.0387049355
0.1051301584
-0.0673137233
0.0812504068
-0.0016751087
0.0243251268
-0.0102358554
0.0024056400
-0.0374312028
-0.1650488377
0.0931290090
-0.0388280824
-0.0084959073
0.1157526001
-0.0308356490
-0.0197904985
0.3470581174
0.0021565224
-0.0194350872
0.0457074866
-0.0014993063
-0.0993643999
0.0464924388
0.0673186630
-0.0172772650
0.0191376247
0.0112314532
0.1007226631
-0.0277965404
-0.0529356822
0.1056953222
-0.0819561258
-0.0079991203
-0.0051063444
-0.0606706254
0.0266914703
-0.0144359460
-0.0477576777
-0.0511084460
-0.0680971295
0.0710865557
-0.0181256160
0.0452367254
-0.0578049757
0.0229911897
-0.0102905976
0.0494369902
-0.0414770395
-0.0621189065
-0.5071624517
0.0238985661
0.2077549696
0.0183528047
-1.0813808441
-0.0043098573
0.0669072419
0.0547604933
-0.1280776262
0.0882767066
-0.0350466445
0.0112577099
-0.0358685888
-0.0529926531
0.0333255120
-0.0415709652
0.1141602546
-0.0623696521
0.0877172872
-0.0099707255
0.0277870540
0.0013712060
-0.0000016749
-0.0366581902
-0.1690695584
0.0929021314
-0.0332421511
-0.0114894584
0.1213852316
-0.0279068463
-0.0120498389
0.3387342393
0.0050998600
-0.0112420600
0.0433694907
-0.0021183386
-0.1013652757
0.0460462309
0.0651667565
-0.0200050864
0.0188167784
0.0132224625
0.0936975330
-0.0300634876
-0.0499447025
0.1097654030
-0.0825790465
-0.0044297264
-0.0048287078
-0.0629500672
0.0228489637
-0.0159481131
-0.0387584977
-0.0512575395
-0.0678070337
0.0690655410
-0.0206331201
0.0487843007
-0.0457631908
0.0264993235
-0.0070894393
0.0553216487
-0.0394456983
-0.0609544031
-0.5089800358
0.0258297417
0.2202993631
0.0219029505
-1.0805897713
-0.0052603763
0.0665239245
0.0547068380
-0.1186933815
0.0865204334
-0.0376272984
0.0093897982
-0.0413218699
-0.0500484817
0.0302892197
-0.0444368087
0.1183847114
-0.0604945831
0.0807347670
-0.0073425495
0.0306984354
0.0171374325
-0.0047028554
-0.0410054214
-0.1950435340
0.1003899425
-0.0348479785
-0.0122783873
0.1185732633
-0.0228295624
-0.0054200385
0.3450902998
-0.0034820710
-0.0442530476
0.0445790552
-0.0011289993
-0.1057520881
0.0500659421
0.0743059963
-0.0144471917
0.0187662821
0.0165249258
0.1025259122
-0.0182357281
-0.0517579056
0.1074334756
-0.0776155367
-0.0053837877
-0.0054843216
-0.0562936105
0.0211556982
-0.0119622797
-0.0384055227
-0.0518208183
-0.0556581020
0.0816868842
-0.0192893632
0.0370135494
-0.0137210730
0.0268726870
-0.0020791953
0.0758799538
-0.0449887402
-0.0526043810
-0.5181864500
0.0254135393
0.2290591896
0.0292898603
-1.0679111481
-0.0042250264
0.0645186156
0.0560400039
-0.1333576441
0.0837995186
-0.0390044823
0.0054785609
-0.0495845191
-0.0603625998
0.0276365597
-0.0462004319
0.1185490191
-0.0526904352
0.0786012560
-0.0132377408
0.0354323052
0.0091901040
-0.0151840644
-0.0404579081
-0.1791566014
0.1038467586
-0.0356290191
-0.0118633220
0.1430231482
-0.0174097661
0.0022308012
0.3257089257
-0.0006966145
-0.0470160507
0.0488315970
0.0049354620
-0.0866971165
0.0428015962
0.1125802398
-0.0217342693
0.0165416300
0.0190978888
0.0787674934
-0.0355081819
-0.0436968580
0.1040132716
-0.0719864964
0.0032365411
-0.0099750031
-0.0760853887
0.0207588803
-0.0198131856
-0.0406935327
-0.0477970466
-0.0611327179
0.0977761000
-0.0225685332
0.0266557895
-0.0351368450
0.0226365477
0.0024905733
0.0804003626
-0.0373771526
-0.0600606464
-0.5189979076
0.0291589350
0.2324439287
0.0298427306
-1.0313452482
-0.0066448334
0.0627762079
0.0649330243
-0.1502524763
0.0831514001
-0.0373481773
0.0077891177
-0.0552615747
-0.0546125285
0.0234445054
-0.0417576022
0.1471519321
-0.0547986813
0.0833236277
-0.0151852947
0.0391196050
0.0550117008
-0.0361419991
-0.0390403457
-0.2173616886
0.1086891592
-0.0376524702
-0.0105262613
0.1465940624
-0.0041801580
0.0272490513
0.3032207489
-0.0103651779
-0.1177624837
0.0595411882
0.0112845050
-0.0799859017
0.0417090617
0.1343105733
-0.0331233852
0.0181760825
0.0291764680
0.0742824599
-0.0416103750
-0.0477363206
0.0912631378
-0.0541574955
0.0327588096
-0.0137470309
-0.0961067155
0.0200563148
-0.0184884910
-0.0428272597
-0.0379690118
-0.0522381961
0.1363794506
-0.0299440101
0.0140239634
-0.0023741175
0.0111237280
0.0155073097
0.1273329258
-0.0333459377
-0.0580281615
-0.5503212810
0.0296359435
0.2689024210
0.0424937233
-0.9294160604
-0.0204334054
0.0654543415
0.0733894631
-0.1899182796
0.0792412981
-0.0310176481
-0.0013201700
-0.0800394043
-0.0529807135
0.0062522227
-0.0431383327
0.1836858392
-0.0426506437
0.0856196061
-0.0219101869
0.0462449752
0.0672382042
-0.0506081544
-0.0370130502
-0.2353415042
0.1213910356
-0.0337370262
-0.0100799846
0.1800915599
0.0026859296
0.0418240950
0.2937995791
-0.0104045887
-0.1372387409
0.0685944483
0.0163966920
-0.0978877544
0.0431206338
0.1712621748
-0.0371792056
0.0206666328
0.0303406529
0.0975816324
-0.0486646071
-0.0529471301
0.0816659704
-0.0565496609
0.0466746278
-0.0291361455
-0.0985601097
0.0162061173
-0.0209125094
-0.0459538251
-0.0381041430
-0.0539173819
0.1489496082
-0.0344197862
0.0007122887
0.0366579071
0.0177306328
0.0164875630
0.1919794977
-0.0334021337
-0.0679367557
-0.5695554018
0.0441552177
0.3266706169
0.0557676107
-0.9265583754
-0.0161406938
0.0596604869
0.0808941945
-0.1990476698
0.0702850074
-0.0311642028
-0.0003942683
-0.0959567130
-0.0582417883
0.0041802572
-0.0511197858
0.2057946622
-0.0411514565
0.0954632089
-0.0275457725
0.0549957417
-0.0097742779
-0.0084837889
-0.0360908732
-0.1415006816
0.0826612115
-0.0159967225
-0.0198445451
0.1420915723
-0.0210028049
0.0079391804
0.2274525166
0.0313247852
0.0197116472
0.0269729886
0.0041380422
-0.0413146317
0.0353635550
0.1110243797
-0.0283978321
0.0190198235
0.0037759459
0.0721418336
-0.0361903310
-0.0188027006
0.1046741605
-0.0801702365
0.0291097965
0.0143576972
-0.0610530376
0.0191632342
-0.0281802025
-0.0189477634
-0.0552450307
-0.0700814649
0.0558806993
-0.0374484025
0.0618971661
0.0040965197
0.0282369778
-0.0075594373
0.0800132230
-0.0116961366
-0.0583612621
-0.4783290923
0.0338949114
0.2196134031
0.0160019584
-0.9611923099
0.0141022792
0.0647653714
0.0641536564
-0.0146077098
0.0760626048
-0.0382920131
0.0158019401
-0.0299136247
-0.0657346174
0.0329941027
-0.0515505373
0.1166828200
-0.0617558248
0.0728486329
-0.0083029428
0.0351143032
0.0305329580
-0.0123623675
-0.0423758142
-0.1152971983
0.0804586783
0.0012059840
-0.0111203045
0.0638652071
-0.0315521583
0.0545887686
0.3234792054
0.0529134162
0.0856925026
0.0188340694
-0.0368162282
-0.1103492826
0.0427051857
0.1464763135
-0.0219818093
0.0287261754
-0.0112234158
0.2135713547
-0.0213291887
-0.0254873522
0.0993732363
-0.0786949843
0.0782291144
0.0282809865
-0.0342546701
0.0137329744
-0.0350688286
-0.0323224701
-0.0606530011
-0.0701770931
0.0156163862
-0.0410086624
0.0637756959
-0.0369931459
0.0377477854
-0.0154746380
0.0178992413
-0.0246641859
-0.0395148732
-0.4944972098
0.0397930220
0.2607050538
0.0038573858
-1.1221102476
0.0264023077
0.0665155500
0.0577928759
-0.0225544870
0.0737972632
-0.0401991270
0.0009029335
-0.0278168432
-0.0396995731
0.0364035740
-0.0655893832
0.1065368503
-0.0537670404
0.0997675061
-0.0193194915
0.0315757059
0.0313463248
-0.0165351350
-0.0433388203
-0.1110851914
0.0841520429
-0.0002884773
-0.0117421374
0.0701209754
-0.0306003708
0.0545709729
0.3160589039
0.0536253676
0.0784781352
0.0187960695
-0.0312088225
-0.1039822698
0.0403365605
0.1525857747
-0.0251288712
0.0258364473
-0.0119741894
0.2137064785
-0.0268204547
-0.0242442954
0.1005053371
-0.0818300918
0.0823291615
0.0273099747
-0.0409006849
0.0126688853
-0.0385825820
-0.0327590629
-0.0599651411
-0.0769849196
0.0174158663
-0.0418322310
0.0632356927
-0.0342897363
0.0393613465
-0.0156374536
0.0241764709
-0.0212867986
-0.0439488254
-0.4944582880
0.0474228449
0.2657479942
0.0035169658
-1.1092878580
0.0270709358
0.0632477775
0.0602654368
-0.0202101283
0.0710441023
-0.0380726755
0.0054540550
-0.0270285103
-0.0399720334
0.0357717015
-0.0665943176
0.1124308184
-0.0560002103
0.0996463075
-0.0179116130
0.0322508514
0.0393368974
-0.0305015370
-0.0343071893
-0.1541942507
0.0829630569
-0.0108507816
-0.0242232848
0.1652819067
-0.0072077760
-0.0000117871
0.1804201454
0.0298967529
0.0009177613
0.0405216254
0.0084496960
-0.0166057255
0.0432177149
0.1529097855
-0.0549507961
0.0144414874
0.0277140271
0.0506926924
-0.0664227530
-0.0200585760
0.0642499179
-0.0544037074
0.0758384541
0.0143251391
-0.0983886272
0.0204236880
-0.0301224645
-0.0176211819
-0.0223481692
-0.0428775474
0.1191832498
-0.0395897366
0.0254011750
0.0011065877
0.0213254802
0.0192444921
0.1302033961
-0.0068727080
-0.0527156442
-0.5099989772
0.0226530433
0.2285303622
0.0328048579
-0.8460766673
-0.0113982344
0.0642169714
0.0687802285
-0.1077512354
0.0606551804
-0.0144442292
-0.0033501799
-0.0693569034
-0.0375473388
-0.0021637441
-0.0478122532
0.1585026830
-0.0468889549
0.0501656048
-0.0070868325
0.0395672806
-0.0712011606
-0.0067319069
-0.0250209905
-0.0837389156
0.0593697615
0.0228008460
-0.0532072894
0.1826433390
-0.0081577888
-0.1196287051
-0.1853925735
0.0548851043
0.1511429697
-0.0095627652
0.0497009307
0.0447354615
0.0311317109
0.0763350725
-0.0708166584
-0.0053745341
0.0438678451
-0.0843049735
-0.1065644175
-0.0135653289
0.0646333769
-0.0511530638
0.0792709738
0.0060987156
-0.0953617990
0.0106643457
-0.0098288367
0.0317173414
-0.0299503356
-0.0416167267
0.0494138598
-0.0379346721
0.0769776180
0.0748317242
0.0573832914
-0.0014489727
0.1668084413
0.0242234096
-0.0837533697
-0.3205087781
0.0086951405
0.1511228085
0.0237763245
-0.6006843448
0.0159292333
0.0640422553
0.0410618037
0.2148216665
0.0288543310
-0.0343452729
0.0327358283
-0.0342188552
-0.0584415309
0.0057305265
-0.0288113970
0.0490024723
-0.0589913838
-0.0058790576
0.0274704807
0.0429397151
-0.0872792602
0.0436891951
-0.0179214049
0.0836262628
0.0631121472
0.1076372489
-0.1107701138
-0.0628384873
-0.0404726267
-0.1338386238
-0.6658201218
0.0606739596
0.1046901345
-0.0944843516
0.0889315978
-0.0222936850
-0.0069675683
0.0909462795
-0.0922253951
-0.0613219924
0.0451638326
-0.0965661556
-0.1867753565
-0.0791307613
0.2392187715
-0.0191483889
0.0922032893
-0.0254448932
-0.1231881753
-0.0303064585
0.0187456440
0.0870674178
-0.0577119589
-0.0752448440
-0.0104809469
0.0092774108
0.1301552951
-0.0065780361
0.1268420815
0.0253028590
-0.1771309078
0.0299799796
-0.1180182025
0.2348152697
0.0025547745
-0.0084182722
-0.0110602174
-0.2318892330
0.0655301809
0.0165330805
-0.0202144720
0.6755400300
-0.0458817594
-0.0785393119
0.0921312943
0.0071415124
0.0325134024
0.0073285331
0.0181021933
0.0437810235
-0.0639771149
0.0041772486
0.0607286766
0.0388300270
-0.0141208638
-0.0095878681
-0.0362972356
-0.1400443316
0.0865827575
-0.0366637670
-0.0109601999
0.1155117452
-0.0184287205
-0.0068357717
0.3200990558
0.0027402814
-0.0288659204
0.0426800847
0.0014518250
-0.0568960086
0.0383756496
0.0985990539
-0.0284443926
0.0172454193
0.0174358357
0.0447016098
-0.0386757404
-0.0391668603
0.1266718209
-0.0618631467
0.0089323027
-0.0009336986
-0.0759736151
0.0218789186
-0.0196969174
-0.0366311520
-0.0418925583
-0.0625340268
0.0911936536
-0.0240722243
0.0345829986
-0.0937322229
0.0109771546
0.0012631272
0.0252265465
-0.0352922231
-0.0539707281
-0.4949626625
0.0186415184
0.1794935167
0.0191961210
-0.9848991036
-0.0073855175
0.0630201101
0.0609754957
-0.1433387548
0.0886579007
-0.0320862830
0.0044767186
-0.0400614068
-0.0418472551
0.0232981928
-0.0335419849
0.1337634325
-0.0559866801
0.0735181645
-0.0111811906
0.0322001688
-0.0396150872
0.0079137823
-0.0358376876
-0.1475103498
0.0888292640
-0.0430806465
-0.0094795031
0.1222855300
-0.0312136784
-0.0304797459
0.3461009264
0.0025456804
0.0043081646
0.0418564640
-0.0014281210
-0.0850148797
0.0437510386
0.0666100383
-0.0133817038
0.0166813619
0.0143458657
0.0826063007
-0.0246752985
-0.0477343723
0.1060408801
-0.0803620443
-0.0245389026
-0.0047502662
-0.0613111891
0.0287795309
-0.0181825384
-0.0459696129
-0.0514597967
-0.0668668374
0.0693165958
-0.0138075445
0.0382767580
-0.0806498528
0.0224114805
-0.0131028052
0.0310857445
-0.0428463854
-0.0604923815
-0.4911289513
0.0192667730
0.1726033539
0.0146308197
-1.1026347876
-0.0001426236
0.0669940263
0.0535609610
-0.1318777800
0.0914936289
-0.0393509381
0.0129563306
-0.0302820634
-0.0515125170
0.0400759317
-0.0353021920
0.1105156764
-0.0672254413
0.0873755887
-0.0079178130
0.0247416683
-0.0140396645
-0.0065654446
-0.0364923812
-0.1602246761
0.0966155455
-0.0425622575
-0.0089728665
0.1256961524
-0.0233537704
-0.0078820726
0.3429071903
-0.0034765552
-0.0447580777
0.0487697609
0.0028838497
-0.0805960372
0.0428029858
0.0885402262
-0.0203657430
0.0165605042
0.0212520864
0.0648436770
-0.0350226834
-0.0489604771
0.1151457578
-0.0689656883
-0.0105374232
-0.0101942681
-0.0786665529
0.0262175221
-0.0163843781
-0.0475155823
-0.0451578759
-0.0634787679
0.0935095772
-0.0165123325
0.0315900557
-0.0824010745
0.0163390283
-0.0008786893
0.0433694310
-0.0411682092
-0.0625939444
-0.5105215907
0.0177123882
0.1929476559
0.0221409239
-1.0532839298
-0.0116408551
0.0672601834
0.0623889267
-0.1609546542
0.0917648375
-0.0380967148
0.0090790149
-0.0455240719
-0.0498888902
0.0283842199
-0.0321131833
0.1388604939
-0.0599941239
0.0870820060
-0.0116554694
0.0321203060
-0.0147572272
0.0063157384
-0.0378477238
-0.1684040278
0.0915403068
-0.0371830873
-0.0127677685
0.1166554913
-0.0300899390
-0.0152533362
0.3419122398
0.0026863597
-0.0033532062
0.0413445719
-0.0037409586
-0.0961033180
0.0481375605
0.0644925609
-0.0120849377
0.0181004815
0.0122640291
0.0997775123
-0.0184988510
-0.0481781624
0.1002890915
-0.0830401331
-0.0142558375
-0.0008149331
-0.0548467636
0.0278451946
-0.0159765929
-0.0401081070
-0.0542081632
-0.0617569759
0.0673785508
-0.0164294802
0.0416522212
-0.0409472324
0.0258901212
-0.0110550672
0.0462086014
-0.0422497652
-0.0565229729
-0.5012885332
0.0211214386
0.1996938288
0.0190122742
-1.0970536470
0.0005040383
0.0672251433
0.0536954440
-0.1154392362
0.0875912681
-0.0400362760
0.0112045482
-0.0354554690
-0.0562663414
0.0376398303
-0.0427819155
0.1085590720
-0.0616706014
0.0839035287
-0.0090018511
0.0275798142
0.0100480644
-0.0064579244
-0.0413004942
-0.1867812723
0.1016276032
-0.0388994999
-0.0125259329
0.1111604199
-0.0213858597
0.0036161614
0.3418292403
-0.0029937287
-0.0414217226
0.0467964299
0.0048383381
-0.0960431248
0.0477676466
0.0719441846
-0.0144660585
0.0180134419
0.0178148765
0.1042381674
-0.0187535696
-0.0526273660
0.1094780043
-0.0766751841
0.0022148082
-0.0066441926
-0.0568952560
0.0204798393
-0.0121590765
-0.0397327282
-0.0538847148
-0.0589383766
0.0803870633
-0.0191831123
0.0381254256
-0.0163745433
0.0259900242
-0.0068388414
0.0721437186
-0.0399417877
-0.0550967790
-0.5200989246
0.0286121313
0.2292433828
0.0295276195
-1.0680060387
-0.0039784461
0.0652848184
0.0605334826
-0.1310489029
0.0862826258
-0.0415508375
0.0091183083
-0.0452891439
-0.0602088496
0.0319573022
-0.0451157764
0.1185031608
-0.0527217723
0.0813832283
-0.0118441796
0.0338560492
0.0366602726
-0.0388475507
-0.0459868088
-0.2264375538
0.1275749952
-0.0447319597
-0.0070717447
0.1370016932
-0.0083499122
0.0401810706
0.3249150217
-0.0155930566
-0.1175394729
0.0626096725
0.0236838534
-0.1054074690
0.0460369587
0.1376612484
-0.0188811831
0.0175404102
0.0225008093
0.1295073181
-0.0303665455
-0.0582173765
0.0890754536
-0.0684002861
0.0384590812
-0.0275018513
-0.0750285089
0.0167007297
-0.0107373949
-0.0539749525
-0.0502300300
-0.0546890721
0.1190133989
-0.0274736341
0.0142675592
0.0225322191
0.0237815063
-0.0055884556
0.1738459617
-0.0333701223
-0.0711879358
-0.5699105263
0.0442845449
0.3219861686
0.0521710776
-0.9887775183
-0.0065627214
0.0619148985
0.0777619928
-0.1795011163
0.0763193369
-0.0395079106
0.0125098079
-0.0734145567
-0.0748039186
0.0204025526
-0.0554612689
0.1581285894
-0.0428418145
0.1016411781
-0.0272165351
0.0471701324
-0.0291362479
-0.0093398867
-0.0344041251
-0.1324188560
0.0807236955
-0.0206020027
-0.0201231688
0.1519948691
-0.0168283898
-0.0156425927
0.1984316409
0.0242003072
0.0072888681
0.0303153954
0.0125457803
-0.0093552498
0.0365706906
0.0989886969
-0.0303737652
0.0166615639
0.0075801024
0.0062468871
-0.0482500494
-0.0153430030
0.1127538159
-0.0742409527
0.0256291069
0.0114108417
-0.0738485679
0.0276548676
-0.0236036833
-0.0188782681
-0.0428910702
-0.0592567883
0.0753874779
-0.0348191522
0.0523966961
-0.0231598690
0.0242947377
-0.0046058907
0.0932034850
-0.0097866589
-0.0617818162
-0.4789519310
0.0222517122
0.1826081127
0.0197741669
-0.8842927217
0.0098051308
0.0682480633
0.0649205521
-0.0287211426
0.0734700188
-0.0314268358
0.0159541015
-0.0289674159
-0.0752967373
0.0290265903
-0.0443283841
0.1131211296
-0.0626584813
0.0648987517
-0.0053827274
0.0402859226
-0.0192781240
-0.0070972298
-0.0369202942
-0.1079869494
0.0756984130
-0.0200613830
-0.0193274152
0.1238475516
-0.0197264869
-0.0137986941
0.2206373662
0.0297734812
0.0579634383
0.0273690168
0.0055076610
-0.0114731416
0.0380483009
0.0882161409
-0.0358172022
0.0156559460
0.0114635918
0.0138281183
-0.0548729040
-0.0181132481
0.1067866609
-0.0752757192
0.0442082509
0.0165096689
-0.0832074359
0.0265987515
-0.0256826580
-0.0152576286
-0.0392835476
-0.0601672269
0.0729026124
-0.0313540436
0.0484949276
-0.0681161880
0.0252967943
-0.0068334062
0.0424807817
-0.0110965259
-0.0613652654
-0.4789088368
0.0162544008
0.1699997187
0.0125355572
-0.9293376207
0.0004315320
0.0704288185
0.0627262220
-0.0501496345
0.0772492066
-0.0302851032
0.0119899148
-0.0285844579
-0.0510883369
0.0268686190
-0.0402559526
0.1125680283
-0.0634329766
0.0601573549
0.0020653931
0.0333580226
0.0156909358
-0.0093349144
-0.0348078534
-0.1215160042
0.0704684854
0.0028365566
-0.0106776953
0.0894232467
-0.0267870128
0.0407309197
0.2494768649
0.0540869981
0.1102885604
0.0121303946
-0.0177288819
-0.0804811865
0.0394524373
0.1174290106
-0.0457908250
0.0242544822
-0.0015121866
0.1169730648
-0.0430885740
-0.0118622510
0.0961323231
-0.0908795670
0.0779808238
0.0332678482
-0.0635037720
0.0235792156
-0.0414495133
-0.0141445985
-0.0559299849
-0.0873476490
0.0168352742
-0.0468480028
0.0906762183
-0.0191367343
0.0380243622
-0.0163909663
0.0460176170
-0.0045309272
-0.0663871765
-0.4882332981
0.0398116745
0.2761402130
0.0005387347
-1.0232563019
0.0198217873
0.0761267319
0.0651652887
0.0340731032
0.0705279931
-0.0379214697
0.0139423721
-0.0264034476
-0.0490343980
0.0289141461
-0.0649607852
0.1168349236
-0.0646456406
0.0758905932
-0.0023400059
0.0360790156
-0.0846194625
-0.0042764628
-0.0283973049
-0.0920683667
0.0826489925
0.0037982934
-0.0280346032
0.2906126082
-0.0124921631
-0.0247567650
-0.0113711767
0.0343517475
-0.0983060971
0.0437115096
0.0230185222
0.0059419870
0.0289179292
0.2374115884
-0.0337621719
0.0175279565
-0.0292046387
-0.0958368331
-0.0812272206
0.0219509639
0.0385243446
-0.0634932145
-0.0318331830
0.0030927723
-0.0969728529
0.0326263867
-0.0274477527
-0.0270735025
-0.0609147660
-0.0534100458
0.1010710970
-0.0275393371
-0.0156864449
0.0826436505
0.0220033638
0.0227151550
0.1355867088
0.0020888520
-0.0849050954
-0.2724495828
0.0333205871
0.1585760117
0.0192272887
-0.6215085387
0.0408206992
0.0544201173
0.0967522338
0.1897697449
0.0228318293
-0.0478906631
0.0787321255
-0.0320484936
-0.1236711368
0.0258360375
-0.0117113227
0.1924510449
-0.0935215577
0.0738433003
-0.0080737947
0.0563915446
-0.0793450996
0.0015439080
-0.0265859608
-0.0664144233
0.0786550492
0.0194549020
-0.0363750346
0.2387248129
-0.0166258961
-0.0292177182
-0.0885424390
0.0440088958
-0.0534902066
0.0182741471
0.0299388636
0.0058708950
0.0251173638
0.2166132927
-0.0437762514
0.0070163114
-0.0156533644
-0.0839806274
-0.0929727778
0.0135556450
0.0680202916
-0.0577610955
-0.0040580546
0.0067297472
-0.0961077586
0.0226163492
-0.0263138302
-0.0090311151
-0.0585722849
-0.0600285009
0.0742926002
-0.0223890897
0.0147005506
0.0752975941
0.0415864922
0.0196829867
0.0993478820
0.0130742742
-0.0857814252
-0.2209337503
0.0356591791
0.1524350345
0.0115244873
-0.5964171290
0.0449913107
0.0505036823
0.0808924884
0.2624610364
0.0165719613
-0.0521698631
0.0815935507
-0.0241651908
-0.1033920720
0.0236728303
-0.0121923583
0.1653399169
-0.0880625993
0.0584415793
0.0046245134
0.0563219227
0.0579558052
-0.0353294797
-0.0418224931
-0.1348995864
0.0952490345
-0.0099904109
-0.0085898191
0.1112834439
-0.0169021413
0.0699974820
0.2697432041
0.0353899375
-0.0062408219
0.0395582803
-0.0165054128
-0.0783642381
0.0429477580
0.2037206292
-0.0450502560
0.0182862151
0.0013039716
0.1507195085
-0.0507750809
-0.0223433208
0.0754901767
-0.0697723702
0.0989176035
0.0150222825
-0.0847574472
0.0250830203
-0.0391076803
-0.0411572941
-0.0402377509
-0.0698517784
0.0868249536
-0.0423985347
0.0316059217
-0.0374409296
0.0240156818
-0.0025117232
0.0918406844
-0.0156313647
-0.0633853748
-0.5160435438
0.0399866998
0.2938387096
0.0184874795
-0.9730058312
0.0094391787
0.0655775145
0.0791643336
-0.0910155103
0.0590814389
-0.0244849250
0.0068835663
-0.0552390777
-0.0347129963
0.0172930676
-0.0591950119
0.1806493253
-0.0541681089
0.0962126851
-0.0202107318
0.0418927632
0.0022893718
-0.0275102109
-0.0442346036
-0.1119532883
0.1079003066
-0.0230000298
-0.0183425732
0.1588172168
-0.0220526252
0.0341007859
0.3118409216
0.0238484498
-0.0361481793
0.0487062559
-0.0120679988
-0.0652696937
0.0418681167
0.2258687764
-0.0282650255
0.0108658001
-0.0073271426
0.1395510286
-0.0500403494
-0.0239726231
0.0810658708
-0.0725249127
0.0433864966
0.0031305596
-0.0813168362
0.0301622991
-0.0410490893
-0.0587968044
-0.0425158069
-0.0690748841
0.1046471670
-0.0288462956
-0.0055617392
-0.0704182386
0.0171925332
-0.0015464204
0.0547336005
-0.0305440575
-0.0627233312
-0.4913027287
0.0387004986
0.2192547917
0.0138787366
-1.0108536482
0.0120106060
0.0441470668
0.0771905780
-0.1445629299
0.0601502098
-0.0138192279
0.0110518020
-0.0452212878
-0.0363178998
0.0290806107
-0.0454624780
0.1845154762
-0.0611910932
0.1054634750
-0.0227252003
0.0347522534
-0.0192473568
-0.0115833469
-0.0343987271
-0.1108321100
0.0730241761
-0.0091598351
-0.0241768211
0.1393901706
-0.0177338105
-0.0273222625
0.1550343633
0.0432573296
0.0925318524
0.0217719767
0.0095626339
-0.0022425530
0.0400715992
0.1042371988
-0.0481075309
0.0155089758
0.0218382552
0.0303295795
-0.0627504513
-0.0147141227
0.0871493071
-0.0694909915
0.0665791109
0.0203160252
-0.0773340687
0.0204469580
-0.0257661659
-0.0074692429
-0.0349693038
-0.0546546690
0.0669767857
-0.0372030102
0.0595827252
-0.0239629708
0.0309137162
-0.0050378577
0.0902429968
-0.0005620560
-0.0605565496
-0.4744393528
0.0196632855
0.1885223389
0.0169903971
-0.8935229778
0.0034027540
0.0695820600
0.0603169389
-0.0173846651
0.0652966574
-0.0259333719
0.0103926910
-0.0352321453
-0.0516862124
0.0179423522
-0.0454830080
0.0989071131
-0.0586914308
0.0470890775
0.0053547560
0.0333463624
0.0350353681
-0.0201985352
-0.0321060680
-0.1841906756
0.0836005881
-0.0283746105
-0.0129306279
0.1340450794
-0.0085402345
0.0123681528
0.2543226182
0.0005272887
-0.0695860311
0.0398527198
0.0052479096
-0.0544988737
0.0388842560
0.0829166323
-0.0395934545
0.0161176156
0.0272924565
0.0231715925
-0.0416034795
-0.0332040153
0.1126690805
-0.0580517203
0.0289899930
0.0004171655
-0.0926822275
0.0215938482
-0.0215404797
-0.0234205965
-0.0343832038
-0.0619284362
0.1016069427
-0.0322974920
0.0436751097
-0.0142263388
0.0156341642
0.0140762636
0.0997624695
-0.0240688547
-0.0563683324
-0.5182808638
0.0226322114
0.2318125367
0.0289210156
-0.8747806549
-0.0158477332
0.0704759881
0.0641982034
-0.1154474691
0.0803069845
-0.0318951756
-0.0003854778
-0.0569887236
-0.0449895486
0.0080119297
-0.0414055549
0.1531555504
-0.0507728457
0.0598032475
-0.0077783926
0.0425544754
0.0027148309
-0.0198903345
-0.0368706621
-0.1740571558
0.0989803225
-0.0407132022
-0.0087706428
0.1425968409
-0.0145372227
0.0016846197
0.3353116810
-0.0106939645
-0.0869659856
0.0531694964
0.0038938411
-0.0804754123
0.0406518653
0.1269312948
-0.0278706644
0.0162642784
0.0218708050
0.0498047434
-0.0408722423
-0.0443871692
0.1101801172
-0.0588832535
-0.0001608863
-0.0135895303
-0.0929165259
0.0287148878
-0.0193456672
-0.0498214178
-0.0386754051
-0.0589185767
0.1175535545
-0.0225072354
0.0163998734
-0.0806627572
0.0069445455
0.0091002407
0.0651713312
-0.0422441922
-0.0623478219
-0.5174289942
0.0170632955
0.2150127590
0.0280142147
-0.9793306589
-0.0133277299
0.0621521249
0.0652757362
-0.1873887777
0.0851913244
-0.0304366983
0.0029150934
-0.0593888611
-0.0436185896
0.0149813285
-0.0340572484
0.1634726524
-0.0552026294
0.0863328725
-0.0187072139
0.0389937125
-0.0039972132
-0.0114901336
-0.0364913084
-0.1290664524
0.0872651264
-0.0341396965
-0.0054450654
0.1042096466
-0.0215851683
0.0038615323
0.3196083605
0.0123035591
0.0294343811
0.0407132655
0.0015479171
-0.0820884183
0.0389603265
0.0951607451
-0.0354033150
0.0179028232
0.0201828610
0.0709940121
-0.0527753830
-0.0410487987
0.1106813699
-0.0772575364
0.0380063877
-0.0030046452
-0.0894210190
0.0259861033
-0.0229432918
-0.0397929586
-0.0425041318
-0.0768989399
0.0721052960
-0.0257230923
0.0465616584
-0.1096790731
0.0229794271
-0.0123324441
0.0386753678
-0.0268040244
-0.0746725872
-0.5112561584
0.0248953197
0.2342751175
0.0169058703
-1.0449790955
-0.0073138038
0.0741335675
0.0637845770
-0.1249300167
0.0831931904
-0.0361159742
0.0127982311
-0.0402308069
-0.0340256244
0.0243466012
-0.0413040780
0.1351439506
-0.0625766590
0.0828662887
-0.0026140015
0.0312660560
-0.0025546995
-0.0077381120
-0.0396051593
-0.1626048237
0.0975170135
-0.0376337543
-0.0087984893
0.1100453362
-0.0239093881
0.0025276379
0.3317381442
0.0052945097
0.0012607542
0.0448443629
0.0051350100
-0.0974250585
0.0442443937
0.0788355246
-0.0209435057
0.0186368842
0.0162129290
0.1078509763
-0.0320316441
-0.0506072305
0.1013903543
-0.0826428607
0.0195167772
-0.0079880916
-0.0669529662
0.0230725855
-0.0165893976
-0.0423274860
-0.0520213656
-0.0698602200
0.0691822171
-0.0219603572
0.0434098057
-0.0482975096
0.0283998530
-0.0163837913
0.0717479438
-0.0328428894
-0.0680656657
-0.5193858147
0.0315727256
0.2453192472
0.0250908509
-1.0762927532
-0.0015980686
0.0694480091
0.0611188635
-0.1204600483
0.0838132575
-0.0405762233
0.0140797906
-0.0407930613
-0.0516892225
0.0326765813
-0.0481585190
0.1173370257
-0.0592755564
0.0882860199
-0.0084784022
0.0312686972
0.0210294556
-0.0283048097
-0.0413274802
-0.1832093894
0.1132579371
-0.0383403786
-0.0082374075
0.1262695789
-0.0143397441
0.0352931581
0.3166739643
0.0003144773
-0.0490890257
0.0526965633
0.0166331381
-0.0988782719
0.0424844138
0.1161813959
-0.0248976406
0.0171226934
0.0204030462
0.1242818087
-0.0394238308
-0.0521052815
0.1014889181
-0.0772662312
0.0461817086
-0.0210026298
-0.0749887452
0.0169400517
-0.0174489673
-0.0473269671
-0.0509815998
-0.0707669482
0.0883627161
-0.0276631694
0.0322293937
-0.0128960935
0.0296183620
-0.0123551311
0.1318039745
-0.0275102314
-0.0767623261
-0.5506507158
0.0460532978
0.3035956323
0.0391803235
-1.0304266214
-0.0026518041
0.0646844655
0.0732523650
-0.1387356818
0.0776861608
-0.0405777022
0.0153739033
-0.0558521599
-0.0597187653
0.0276752729
-0.0537655056
0.1443195939
-0.0525356121
0.0959939957
-0.0149261616
0.0408415720
0.0809384882
-0.0553208366
-0.0417425781
-0.2386483848
0.1204604357
-0.0420387350
-0.0144365327
0.1458923966
0.0030698185
0.0615182258
0.2912304699
-0.0177763589
-0.1699812710
0.0673452988
0.0223806109
-0.0817645863
0.0429110304
0.1421975642
-0.0330692157
0.0154814310
0.0320589468
0.0814297795
-0.0433169082
-0.0498256423
0.0937137678
-0.0420515090
0.0534258671
-0.0232295357
-0.1048360318
0.0179110765
-0.0182241015
-0.0468380004
-0.0334935635
-0.0472209230
0.1549177021
-0.0334039889
0.0032016113
0.0232019443
0.0074235466
0.0163566861
0.1818019003
-0.0268495735
-0.0587525629
-0.5810613632
0.0365593135
0.3148708045
0.0558006018
-0.8725373745
-0.0254743844
0.0612840056
0.0771760866
-0.2184292376
0.0733367950
-0.0300020650
-0.0010391638
-0.0916783512
-0.0561546832
0.0006687932
-0.0519092306
0.2011534572
-0.0376712121
0.0903931037
-0.0246977713
0.0518971831
-0.0335707329
-0.0015561028
-0.0317677297
-0.1257997602
0.0706327185
-0.0171137471
-0.0125502069
0.1358573586
-0.0217582416
-0.0129144825
0.2040864080
0.0342471041
0.0657554194
0.0220397767
0.0036792497
-0.0301436298
0.0362758487
0.0869080573
-0.0380312577
0.0206460841
0.0088892160
0.0288643241
-0.0455909520
-0.0153428810
0.1004366875
-0.0842125714
0.0381164551
0.0176666062
-0.0699421391
0.0292569995
-0.0280150827
-0.0168075785
-0.0486707874
-0.0728706941
0.0481652059
-0.0382236987
0.0703575686
-0.0289394110
0.0293719526
-0.0161554646
0.0778160766
-0.0064448933
-0.0686989427
-0.4764435887
0.0230933744
0.2065718174
0.0097753219
-0.9337111115
0.0115526682
0.0767173469
0.0621504858
0.0021750843
0.0771981850
-0.0362968519
0.0157317985
-0.0222417749
-0.0669346899
0.0334499180
-0.0472358838
0.1048043892
-0.0667048767
0.0664064363
-0.0006459093
0.0347740278
-0.0195253417
-0.0050155194
-0.0351439789
-0.0999644473
0.0697328150
-0.0041485536
-0.0125881191
0.1570549160
-0.0238860250
0.0032454636
0.2002143860
0.0483600236
0.1050302163
0.0196460094
-0.0052072103
-0.0431613214
0.0380712450
0.1314294636
-0.0427163504
0.0179871842
-0.0062106773
0.0225243904
-0.0674289465
0.0023934317
0.0743229464
-0.0956402570
0.0571796633
0.0262471288
-0.0963241830
0.0401768945
-0.0433625802
-0.0196835194
-0.0470462404
-0.0820226744
0.0481167845
-0.0404849835
0.0603981242
-0.0530098155
0.0340473205
-0.0144826593
0.0644891113
0.0006394489
-0.0798193663
-0.4668306112
0.0240132045
0.2427425683
0.0003341624
-0.9468749762
0.0160410106
0.0774771422
0.0714133084
0.0237155259
0.0650063306
-0.0312103704
0.0269199181
-0.0248791687
-0.0537227914
0.0257770196
-0.0520308465
0.1408239156
-0.0776690319
0.0719450042
0.0038528750
0.0390233770
-0.0407802761
-0.0040756809
-0.0297962744
-0.1139177904
0.0721303374
-0.0018172101
-0.0200455654
0.2177878469
-0.0184336323
-0.0082521876
0.0995310023
0.0460430011
0.0442724116
0.0253334232
0.0111913737
-0.0126128923
0.0353114121
0.1495931298
-0.0394176282
0.0172593575
-0.0100996951
-0.0285119079
-0.0730911046
0.0117519638
0.0589810871
-0.0912113637
0.0347952694
0.0159993861
-0.1015086696
0.0412105210
-0.0392518863
-0.0189123508
-0.0486479625
-0.0722820461
0.0648246631
-0.0391201489
0.0429758132
0.0158908851
0.0331862606
-0.0043785754
0.1334041208
0.0080295047
-0.0883894190
-0.4370979071
0.0227262825
0.2324165851
0.0119099133
-0.8296059966
0.0232002586
0.0762133300
0.0799164176
0.0844860449
0.0573523194
-0.0352475010
0.0418812633
-0.0284622535
-0.0879667699
0.0279829130
-0.0425097719
0.1516758949
-0.0836916566
0.0691103488
-0.0001181716
0.0471917540
-0.0220020954
-0.0010516812
-0.0291703921
-0.0805500671
0.0639263615
0.0275147371
-0.0393958241
0.1680805385
-0.0186388474
-0.0131626436
-0.0426517949
0.0605249852
0.0688207969
-0.0001001502
0.0153268054
0.0000984109
0.0306855720
0.1471756250
-0.0546030365
0.0093649458
0.0039511952
-0.0305268858
-0.0884026960
0.0058380449
0.0795504376
-0.0659463629
0.0659494624
0.0245450735
-0.0974527076
0.0175369810
-0.0354480408
0.0134572675
-0.0451846197
-0.0625018477
0.0465346128
-0.0324962661
0.0590184852
0.0454890914
0.0508827195
0.0129977511
0.0843170583
0.0190914758
-0.0748679191
-0.3218577206
0.0257187560
0.1977027208
0.0068200757
-0.7164775729
0.0271829423
0.0682185441
0.0637678877
0.2051690966
0.0365167968
-0.0434572622
0.0476159416
-0.0278383046
-0.0620192848
0.0119159054
-0.0367105007
0.1248188391
-0.0750378072
0.0401200503
0.0118517457
0.0494735874
-0.0273335073
-0.0020375699
-0.0272980817
-0.0695645437
0.0618712194
0.0326912440
-0.0324675664
0.1752285808
-0.0209702607
-0.0123500852
-0.0868372098
0.0705082491
0.1000798419
-0.0041907174
0.0176492725
-0.0053786105
0.0331250764
0.1682728976
-0.0643712282
0.0071252501
0.0047238339
-0.0285181552
-0.1023216471
0.0120114414
0.0556436963
-0.0696922690
0.0874762237
0.0249212720
-0.1062762514
0.0215117112
-0.0416734964
0.0105464039
-0.0457975194
-0.0708788112
0.0436416082
-0.0325782634
0.0598190986
0.0511708669
0.0573097169
0.0088376412
0.1101025939
0.0277655628
-0.0879288763
-0.3087702096
0.0279899389
0.2394207865
0.0024434484
-0.6978276372
0.0299514327
0.0727339685
0.0687651783
0.2386222780
0.0295091309
-0.0448524915
0.0590762533
-0.0287576299
-0.0652467459
0.0103460774
-0.0356409997
0.1406966895
-0.0812163502
0.0424283296
0.0147000281
0.0527984165
-0.0796478689
0.0032221735
-0.0226849560
0.0043122899
0.0517965853
0.0551812835
-0.0427874736
0.1571486890
-0.0151195806
-0.0705394745
-0.3325365186
0.0645923689
0.0809067786
-0.0089453133
0.0444984101
0.0743961707
0.0386182293
0.2089789957
-0.0761020780
-0.0182511955
0.0246834513
-0.1207772195
-0.1301968247
0.0061424035
0.0138120176
-0.0121476436
0.1268706769
0.0293768942
-0.1019942015
-0.0064089443
-0.0288973302
0.0603065938
-0.0318428688
-0.0191593766
0.0872880667
-0.0146476170
0.0149483224
0.0604372583
0.0707597136
0.0371358804
0.1294449717
0.0286155958
-0.0409155339
-0.0535985678
0.0132284090
0.1559197456
0.0019807930
-0.3910975754
0.0161084924
0.0533617288
0.0356726758
0.3687457740
-0.0222230405
-0.0556600913
0.0792839602
-0.0403709039
-0.0313983671
-0.0099363551
-0.0089211687
0.1198189557
-0.0609189160
-0.0213666912
0.0235618912
0.0688018724
0.0548045486
-0.0330136828
-0.0443850718
-0.1054619551
0.0991763175
-0.0198743455
-0.0129702957
0.0785900280
-0.0169706549
0.0643176511
0.3074460030
0.0283980183
0.0146534052
0.0406533442
-0.0072690048
-0.0725830570
0.0402848497
0.1653046310
-0.0475787483
0.0141138481
0.0102113606
0.1321241707
-0.0633468032
-0.0328520499
0.1122690588
-0.0732749552
0.1070717126
0.0068723676
-0.0951260850
0.0236600451
-0.0338120684
-0.0415711999
-0.0345446356
-0.0766855255
0.0819713622
-0.0333015621
0.0305794105
-0.1009082869
0.0273181368
-0.0068867002
0.0405948721
-0.0164471548
-0.0731999874
-0.5261196494
0.0387590639
0.2630107105
0.0188107584
-1.0192337036
-0.0019334218
0.0654655620
0.0742118731
-0.1288649589
0.0641560704
-0.0231501143
0.0075547039
-0.0484132990
-0.0187599510
0.0193144754
-0.0524903461
0.1670482755
-0.0541536734
0.0873531401
-0.0071341489
0.0370636992
0.0818189532
-0.0612386093
-0.0502762087
-0.1445564330
0.1298095584
-0.0338010751
-0.0112040928
0.0973651931
-0.0052934429
0.1055392921
0.3443769515
0.0040578232
-0.1187317818
0.0683189407
0.0027602448
-0.0862926468
0.0442685299
0.2238758355
-0.0405702144
0.0100815929
0.0037058073
0.1751693040
-0.0493549742
-0.0472740345
0.1020153165
-0.0606049523
0.1092039123
-0.0153672285
-0.0907193273
0.0304726735
-0.0270404108
-0.0709351674
-0.0356396884
-0.0647664145
0.1388363689
-0.0369214490
-0.0100075984
-0.0787861496
0.0085697947
-0.0110664014
0.1143412217
-0.0276706293
-0.0735587403
-0.5652042627
0.0448602289
0.3048056066
0.0407927074
-0.9835359454
0.0003039104
0.0481662601
0.0839947313
-0.2272985280
0.0511904955
-0.0117942002
-0.0004838448
-0.0692373887
-0.0280081481
0.0243223440
-0.0593898073
0.2110950798
-0.0464417487
0.1132106781
-0.0276116394
0.0404930934
-0.0125979185
0.0038671810
-0.0382802077
-0.0788567364
0.0682991967
-0.0192832444
-0.0146353822
0.0821271390
-0.0321465507
-0.0062359325
0.2940777838
0.0498330370
0.1708597094
0.0176931061
-0.0115755321
-0.0714881867
0.0343928039
0.0567626283
-0.0381854847
0.0206471775
0.0091683110
0.1004159600
-0.0475567132
-0.0279889069
0.1042397246
-0.0977580249
0.0523480140
0.0214609783
-0.0736375898
0.0191899966
-0.0362884253
-0.0156280473
-0.0532078370
-0.0902089775
0.0142371422
-0.0293855090
0.0733497143
-0.1123829111
0.0401937552
-0.0316012204
-0.0142842596
-0.0114714159
-0.0660613850
-0.4684752524
0.0308995228
0.2120382488
0.0014403162
-1.1271265745
0.0070806160
0.0772976726
0.0490441248
-0.0330253579
0.0810341313
-0.0437792391
0.0161441732
-0.0145950783
-0.0169130210
0.0375272557
-0.0523995832
0.0888836235
-0.0732648820
0.0723056123
0.0126626622
0.0195852090
-0.0338629819
0.0038932590
-0.0376249515
-0.0945503116
0.0761069283
-0.0282213483
-0.0139437420
0.1055075675
-0.0301044956
-0.0081126438
0.2933478355
0.0365718231
0.1059084609
0.0276620388
-0.0036788723
-0.0538776629
0.0353173241
0.0724148676
-0.0279926024
0.0191505104
0.0070882807
0.0864041448
-0.0382489897
-0.0295171030
0.1036053523
-0.0910983980
0.0269080214
0.0136977350
-0.0666423216
0.0223842878
-0.0318491682
-0.0246542227
-0.0554017387
-0.0823435113
0.0375100151
-0.0265018847
0.0563699380
-0.0892143920
0.0314208716
-0.0261428226
0.0034579244
-0.0171359740
-0.0625465512
-0.4703562260
0.0290755816
0.1856392026
0.0050523616
-1.0904254913
0.0081689591
0.0699838400
0.0562173873
-0.0557307154
0.0859779567
-0.0427946262
0.0165314209
-0.0148227084
-0.0366386026
0.0446931198
-0.0451818593
0.1003376022
-0.0724757612
0.0793423802
0.0032815044
0.0209254455
-0.0102424407
0.0003924430
-0.0384461321
-0.0913444608
0.0744835585
-0.0249597337
-0.0136468550
0.0791871771
-0.0289676338
0.0040639588
0.2986080945
0.0399314240
0.1169985384
0.0245366618
-0.0072524822
-0.0611062162
0.0356471911
0.0641617924
-0.0350722224
0.0208524168
0.0110448198
0.0980875865
-0.0425250977
-0.0325988382
0.1156149879
-0.0897784308
0.0501756147
0.0165253282
-0.0694441870
0.0183265135
-0.0305969417
-0.0203634594
-0.0513265319
-0.0840157494
0.0296075121
-0.0282009505
0.0648354217
-0.0990735665
0.0349391550
-0.0255708341
-0.0042882827
-0.0147993304
-0.0635427758
-0.4788435400
0.0304994266
0.2017897516
0.0063578193
-1.0978462696
0.0046088328
0.0744763166
0.0542958677
-0.0532637239
0.0840998814
-0.0427991785
0.0138287749
-0.0172306169
-0.0276449490
0.0388011858
-0.0482844897
0.0957076848
-0.0676851943
0.0739481822
0.0064421254
0.0223569497
-0.0236220751
0.0014521941
-0.0374474339
-0.0992846042
0.0773851573
-0.0262132082
-0.0169877391
0.1012677997
-0.0270173773
0.0024708780
0.2936495543
0.0344840027
0.0968587548
0.0275496002
-0.0039636968
-0.0548203476
0.0358395763
0.0699339285
-0.0304531679
0.0184845403
0.0102873771
0.0780286491
-0.0405921116
-0.0289780125
0.1126771197
-0.0874664113
0.0322945900
0.0136278961
-0.0712753460
0.0208226349
-0.0315692015
-0.0206773691
-0.0527406931
-0.0808288157
0.0403309725
-0.0261991471
0.0560572594
-0.0863705724
0.0315038860
-0.0205678083
0.0001947798
-0.0166434273
-0.0619235374
-0.4754838645
0.0286093671
0.1896932721
0.0073222071
-1.0832580328
0.0044496544
0.0705602318
0.0578604154
-0.0573561639
0.0852191150
-0.0430569686
0.0150673464
-0.0192157291
-0.0332165584
0.0402058996
-0.0441489704
0.1067909971
-0.0692290440
0.0726446584
0.0052736369
0.0236777607
0.0023460486
-0.0029068273
-0.0400939807
-0.0908482596
0.0790936798
-0.0250528101
-0.0171984062
0.0759015605
-0.0258821547
0.0166347753
0.3058629334
0.0372616127
0.1160147563
0.0272514075
-0.0063092550
-0.0643703938
0.0369569175
0.0624537207
-0.0379024372
0.0173231494
0.0172045827
0.0837736130
-0.0501877517
-0.0325102210
0.1202721968
-0.0882106200
0.0544139035
0.0140088862
-0.0825260580
0.0182640348
-0.0316271819
-0.0187042691
-0.0472655781
-0.0842647105
0.0367567725
-0.0252285618
0.0598214231
-0.1121492311
0.0362642668
-0.0197569914
-0.0143550970
-0.0146478219
-0.0671994165
-0.4882749617
0.0291771200
0.2051600367
0.0088210441
-1.1114038229
-0.0030885031
0.0763260201
0.0583241731
-0.0716824606
0.0840221867
-0.0436224043
0.0137810223
-0.0230700579
-0.0186147951
0.0343576707
-0.0442101881
0.1098388359
-0.0669707805
0.0680910125
0.0110317525
0.0247341935
-0.0245695636
-0.0023492079
-0.0392545275
-0.0886862874
0.0845558792
-0.0288814325
-0.0162646640
0.1161090955
-0.0262252372
0.0076615317
0.3021088541
0.0317157768
0.0849464610
0.0330046900
-0.0031701515
-0.0547720529
0.0366909429
0.0950146019
-0.0312987454
0.0131315598
0.0107344333
0.0690024942
-0.0524046905
-0.0266934056
0.1089576334
-0.0879921019
0.0303533766
0.0080420570
-0.0862598717
0.0247395113
-0.0351810642
-0.0303584822
-0.0484204926
-0.0844949558
0.0539661944
-0.0230539422
0.0425204821
-0.1107594222
0.0311045963
-0.0166790597
-0.0031073908
-0.0185149442
-0.0704219490
-0.4808833599
0.0283555631
0.1888421774
0.0064852419
-1.0924721956
0.0001863160
0.0686935186
0.0648385882
-0.0876279473
0.0838551000
-0.0393520072
0.0180878267
-0.0231510717
-0.0277743936
0.0386514589
-0.0378232598
0.1310291886
-0.0726273507
0.0775230080
0.0056480472
0.0255714431
-0.0532507040
0.0055866158
-0.0264984667
-0.1304535270
0.0611432716
-0.0096018137
-0.0263636000
0.1842034012
-0.0145323202
-0.0510378517
0.0992825404
0.0339550301
0.0449135676
0.0133435130
0.0120051745
0.0288182683
0.0361676253
0.0525758937
-0.0364800282
0.0164201148
0.0092960009
-0.0770206973
-0.0544774458
0.0029316356
0.1003014073
-0.0811246037
0.0161283426
0.0236691702
-0.0860437974
0.0385616906
-0.0282185711
0.0012697915
-0.0358763970
-0.0549019203
0.0640540272
-0.0358252227
0.0615426488
0.0110675842
0.0314686708
-0.0020080791
0.1130277514
0.0021881158
-0.0645646155
-0.4527560174
0.0074458886
0.1355591267
0.0131702684
-0.7871117592
0.0103259627
0.0791809857
0.0594107173
0.0556016676
0.0697774962
-0.0296168122
0.0169167351
-0.0181521233
-0.0876917318
0.0290872343
-0.0382270515
0.0934597999
-0.0729206353
0.0401038937
0.0087788505
0.0425522476
-0.0036566763
-0.0119629772
-0.0345459320
-0.1226656586
0.0781239346
-0.0085756127
-0.0071396087
0.1542413980
-0.0224756338
0.0274081323
0.2254073173
0.0446732305
0.0659324601
0.0254346337
-0.0097297970
-0.0613920428
0.0400160924
0.1485918760
-0.0430243351
0.0202222988
-0.0038779939
0.0739919767
-0.0551921688
-0.0056030434
0.0723161772
-0.0930866748
0.0634985566
0.0193572603
-0.0846820921
0.0345443338
-0.0433036163
-0.0297079440
-0.0494046658
-0.0850546360
0.0501810350
-0.0431444831
0.0564781502
-0.0268718489
0.0324495845
-0.0148117347
0.0965763479
-0.0042272415
-0.0783047974
-0.4937672615
0.0335210562
0.2758799493
0.0075429655
-0.9677760601
0.0167574026
0.0746404529
0.0747454911
-0.0059136301
0.0673554838
-0.0316366442
0.0204263031
-0.0312147234
-0.0555396713
0.0283443164
-0.0555538572
0.1493981630
-0.0717294812
0.0820266008
-0.0060237022
0.0391055308
-0.0661509112
-0.0008381215
-0.0347426757
-0.0745431259
0.0742066205
-0.0091341147
-0.0201172065
0.2054865807
-0.0241135154
-0.0067292373
0.1789534837
0.0507131480
0.0991414562
0.0255524646
0.0046566348
-0.0265535545
0.0338327065
0.1674660891
-0.0313352272
0.0157629400
-0.0127950870
0.0180086792
-0.0679617226
0.0085555371
0.0620123781
-0.0968123004
0.0305216480
0.0186079722
-0.0940235704
0.0409927890
-0.0482357033
-0.0276842546
-0.0552706271
-0.0841355473
0.0534046143
-0.0335785784
0.0330384821
-0.0385386273
0.0327315442
-0.0161002968
0.0630905852
0.0006803091
-0.0831101090
-0.4334365129
0.0275011621
0.2165419310
-0.0027480479
-0.9519536495
0.0257317629
0.0658275038
0.0786635950
0.0407868698
0.0649586618
-0.0350928046
0.0416125506
-0.0164295882
-0.0642887279
0.0397634134
-0.0424954370
0.1521035880
-0.0877833292
0.0810467079
0.0023312792
0.0348260403
0.0111493804
-0.0036669681
-0.0446279943
-0.0489369258
0.0703809708
-0.0049023894
-0.0160889644
0.0758031905
-0.0333916061
0.0363812819
0.2889269590
0.0668155327
0.2137475908
0.0144598074
-0.0241161250
-0.0885815471
0.0355668664
0.1047930792
-0.0502680428
0.0202803351
0.0002650358
0.1210854873
-0.0673505291
-0.0149698444
0.0887267217
-0.1042605489
0.1016126126
0.0314275697
-0.0958827436
0.0260812845
-0.0506321304
-0.0215337686
-0.0507542156
-0.1062751263
0.0017668104
-0.0325038433
0.0691598728
-0.1252282560
0.0485829040
-0.0296373498
-0.0302184019
-0.0001742238
-0.0808269978
-0.4774017930
0.0342842005
0.2684108019
-0.0117698777
-1.1485487223
0.0069913426
0.0859002024
0.0614878461
-0.0013641015
0.0734521374
-0.0399954282
0.0244207047
-0.0136502655
-0.0036169104
0.0303641800
-0.0544303022
0.1234839708
-0.0778616890
0.0771830976
0.0149708064
0.0249531157
-0.0745532364
0.0018614189
-0.0314841904
-0.0696278960
0.0695922822
-0.0066877296
-0.0277486816
0.2434560657
-0.0183623265
-0.0412093215
0.1218189523
0.0461555086
0.0850378796
0.0256762989
0.0160961188
0.0151720252
0.0347680561
0.1590000689
-0.0418623276
0.0065669632
-0.0036494972
-0.0597823560
-0.0905315802
0.0161839817
0.0597396679
-0.0916159600
0.0193400402
0.0193502959
-0.1208094805
0.0475853495
-0.0460851118
-0.0211179294
-0.0397108719
-0.0748285130
0.0814036280
-0.0291034710
0.0238210168
-0.0422807969
0.0325584374
0.0001717034
0.0742501169
0.0048742723
-0.0890625641
-0.4139913619
0.0170419365
0.1683650166
0.0024493118
-0.8634052277
0.0129062021
0.0649875253
0.0801337361
0.0338043012
0.0571617819
-0.0233712234
0.0411669761
-0.0254163202
-0.0579746254
0.0252003577
-0.0315517671
0.1635142714
-0.0897073597
0.0547059774
0.0145781618
0.0371024497
-0.0397934988
-0.0064432044
-0.0407559313
-0.0572046824
0.0790115297
-0.0105626490
-0.0197989345
0.1629357040
-0.0291144233
-0.0030030715
0.2104503363
0.0580750145
0.1308734417
0.0233815014
-0.0019537865
-0.0282505490
0.0370350890
0.1608000696
-0.0388591662
0.0116372453
-0.0072835688
0.0657680258
-0.0744501129
0.0003532326
0.0657275245
-0.0982764363
0.0636737198
0.0237106066
-0.0971712247
0.0361836702
-0.0505885519
-0.0298534352
-0.0470755361
-0.0871671662
0.0505893081
-0.0314127952
0.0337098539
-0.0795222074
0.0384680107
-0.0191460419
0.0330126062
0.0008665643
-0.0799895525
-0.4524907470
0.0327730775
0.2112376541
-0.0058728023
-1.0034465790
0.0162899252
0.0641566068
0.0733052418
-0.0053682267
0.0630059913
-0.0262727812
0.0328405052
-0.0161229279
-0.0403514467
0.0355077982
-0.0457036048
0.1439787000
-0.0835537985
0.0811295584
0.0070180427
0.0293970089
-0.0720889866
0.0018420845
-0.0358134247
-0.0533262677
0.0710481778
0.0016304259
-0.0329844095
0.1888040900
-0.0278823599
-0.0300009977
0.0961520821
0.0613493100
0.1108562574
0.0129284849
0.0099480907
-0.0051049814
0.0316630565
0.1570569426
-0.0344751701
0.0107772192
-0.0112246759
0.0252039302
-0.0729636252
0.0063711675
0.0654938966
-0.0900495201
0.0437623337
0.0251804162
-0.0868380666
0.0310690030
-0.0448566899
-0.0131596010
-0.0531086922
-0.0772968754
0.0418191403
-0.0303551368
0.0357950963
-0.0180036258
0.0426487960
-0.0128429290
0.0446180776
0.0081392117
-0.0734512061
-0.3726921976
0.0300490893
0.1723522395
-0.0070978152
-0.8765523434
0.0299088564
0.0573238656
0.0661399439
0.1076492295
0.0517661013
-0.0329140276
0.0445004106
-0.0076455837
-0.0585008189
0.0372966342
-0.0406382382
0.1226931140
-0.0863501802
0.0678672791
0.0090649081
0.0316589139
-0.0644777194
0.0004686011
-0.0366355479
-0.0826686397
0.0770568699
-0.0150471330
-0.0241440982
0.1694562435
-0.0271671731
-0.0164741315
0.1917756200
0.0443728492
0.0630509183
0.0239049960
0.0023974555
-0.0097461808
0.0347508527
0.1389032155
-0.0256460421
0.0156513005
-0.0100961253
0.0418935940
-0.0494817905
-0.0038112616
0.0846807659
-0.0875542834
0.0258421637
0.0216882378
-0.0731414780
0.0336587727
-0.0383474156
-0.0252358485
-0.0526964068
-0.0719200447
0.0562011339
-0.0304472744
0.0334494300
-0.0368063077
0.0299385116
-0.0146145001
0.0424294360
-0.0060697221
-0.0639414713
-0.4277144372
0.0266636796
0.1593325138
-0.0002515836
-0.9362993240
0.0232210569
0.0601408705
0.0676110163
0.0201028008
0.0680495799
-0.0309979133
0.0288786497
-0.0108230440
-0.0653704777
0.0436599851
-0.0413243584
0.1213730276
-0.0784781724
0.0788296163
-0.0023024620
0.0299384762
-0.0385694839
0.0155381979
-0.0330103301
-0.0734455138
0.0616263263
-0.0233917497
-0.0116711147
0.1084902287
-0.0381786525
-0.0317422412
0.3001355827
0.0501848310
0.2108192593
0.0163322575
-0.0139515139
-0.0850913003
0.0326664485
0.0343035683
-0.0351291522
0.0174983982
0.0100135710
0.0837242752
-0.0510394387
-0.0253363661
0.0850510076
-0.1065364629
0.0240791906
0.0200293753
-0.0820719674
0.0255753733
-0.0414288566
-0.0185851008
-0.0560116284
-0.0998232588
0.0050942143
-0.0245125778
0.0786505714
-0.1329631060
0.0428540669
-0.0393483676
-0.0202035047
-0.0125157256
-0.0719410405
-0.4557003081
0.0283647366
0.2074071616
-0.0059861401
-1.1750586033
0.0055559874
0.0841958299
0.0435079820
-0.0288482718
0.0829739720
-0.0468004011
0.0235039834
-0.0115859406
-0.0102041280
0.0412971452
-0.0485427342
0.0939705148
-0.0845121369
0.0761822239
0.0216197781
0.0138414130
-0.0250106547
0.0142848315
-0.0336954854
-0.0641632676
0.0580478050
-0.0192517880
-0.0150383916
0.0914456099
-0.0387792550
-0.0256979913
0.2979031801
0.0578330681
0.2402309775
0.0119838826
-0.0167706832
-0.0880050808
0.0319200493
0.0254408214
-0.0398481078
0.0194702167
0.0131065575
0.0942276195
-0.0561610050
-0.0254652612
0.0928519741
-0.1078024432
0.0436055064
0.0249356497
-0.0840103030
0.0225692000
-0.0427951887
-0.0117971487
-0.0546188019
-0.1022195444
-0.0067956732
-0.0250394102
0.0848541409
-0.1410633475
0.0482664779
-0.0405789763
-0.0343595929
-0.0081478963
-0.0722505227
-0.4555208981
0.0295365546
0.2188709974
-0.0071788291
-1.1895922422
0.0040276656
0.0882867202
0.0394435488
-0.0129944030
0.0815537795
-0.0481405631
0.0238710158
-0.0097806081
-0.0022488853
0.0388533734
-0.0516777076
0.0852459818
-0.0827065855
0.0716110542
0.0262729526
0.0139607005
-0.0045187869
0.0107196299
-0.0353349075
-0.0608996376
0.0567535460
-0.0125595238
-0.0163976941
0.0747266859
-0.0370046496
-0.0083681503
0.2915638387
0.0636298060
0.2599363923
0.0081596952
-0.0194438007
-0.0940492600
0.0318621807
0.0255581401
-0.0486418270
0.0208031777
0.0161546580
0.0964166149
-0.0614558831
-0.0236394089
0.0974253789
-0.1088857949
0.0657853186
0.0292553306
-0.0893490538
0.0207655411
-0.0444800332
-0.0059387609
-0.0529447943
-0.1057562158
-0.0152551122
-0.0281328969
0.0944778100
-0.1416880637
0.0518321991
-0.0395727716
-0.0365073122
-0.0029648384
-0.0765387416
-0.4625302255
0.0301256720
0.2442563474
-0.0069835749
-1.1908729076
0.0025459500
0.0935301110
0.0405568592
0.0025236995
0.0787414312
-0.0493689440
0.0232255738
-0.0116182538
0.0041678995
0.0336451866
-0.0553065948
0.0845701694
-0.0799798295
0.0651864037
0.0287941378
0.0168700144
0.0072752400
0.0078426311
-0.0374807268
-0.0584459640
0.0566993691
-0.0070758229
-0.0209430661
0.0634311438
-0.0357323438
0.0028093881
0.2871020138
0.0692947209
0.2790337205
0.0046824552
-0.0198220760
-0.0942361206
0.0308214594
0.0216648839
-0.0531465821
0.0218837671
0.0173637830
0.0993255079
-0.0624158271
-0.0218858793
0.1013372764
-0.1099440306
0.0787046030
0.0332060680
-0.0908733532
0.0182993971
-0.0461384095
0.0017443744
-0.0541800745
-0.1067381725
-0.0219440944
-0.0300761871
0.0997739285
-0.1383195072
0.0542786941
-0.0393296592
-0.0450990908
0.0015132950
-0.0760583133
-0.4640448987
0.0308521092
0.2550120354
-0.0060478426
-1.1940730810
0.0020968001
0.0947349072
0.0395038426
0.0164169855
0.0769014060
-0.0513062067
0.0218561627
-0.0120936790
0.0092972610
0.0311887711
-0.0590659492
0.0797490031
-0.0778189227
0.0595313609
0.0307591408
0.0179681312
0.0074347495
0.0028139905
-0.0409383290
-0.0551230498
0.0607091449
-0.0024818166
-0.0263722632
0.0686434433
-0.0333313607
0.0152801173
0.2788979113
0.0746763423
0.2913834155
0.0033907483
-0.0164435804
-0.0911973864
0.0288402792
0.0360776074
-0.0531967729
0.0216091815
0.0164706018
0.0998459682
-0.0627079606
-0.0161471870
0.0968818665
-0.1107548773
0.0853398517
0.0348441228
-0.0926325321
0.0169221535
-0.0513193868
0.0069192434
-0.0586528070
-0.1078792363
-0.0229506269
-0.0312067978
0.0956243500
-0.1259748787
0.0554969758
-0.0390309170
-0.0475727394
0.0063507138
-0.0751938000
-0.4644788206
0.0335669406
0.2660163045
-0.0067406413
-1.1930735111
0.0050798929
0.0917558149
0.0428736471
0.0298521090
0.0749597400
-0.0544129759
0.0240373556
-0.0121506164
0.0082428977
0.0321837440
-0.0614954196
0.0849597752
-0.0778869838
0.0589794442
0.0299800374
0.0201436598
-0.0033106899
0.0009480266
-0.0426185727
-0.0477440469
0.0637214482
-0.0030664755
-0.0271158591
0.0817470104
-0.0338526182
0.0165254958
0.2768850029
0.0770582408
0.2892815471
0.0049872356
-0.0149796028
-0.0867113173
0.0280918982
0.0549272262
-0.0490072183
0.0205169730
0.0123320902
0.1041278765
-0.0640017688
-0.0121611124
0.0894378126
-0.1114369556
0.0840522945
0.0345842354
-0.0937692374
0.0183348637
-0.0554383993
0.0031613512
-0.0608169921
-0.1096471176
-0.0201698430
-0.0305446666
0.0858066007
-0.1229174361
0.0555277877
-0.0391926356
-0.0492114946
0.0076346253
-0.0747534037
-0.4605098963
0.0358362608
0.2639742494
-0.0106305024
-1.1926157475
0.0079155015
0.0877623633
0.0465999953
0.0316403806
0.0744918436
-0.0539955311
0.0279815402
-0.0095649427
0.0044738119
0.0353696123
-0.0602109656
0.0940995440
-0.0809166059
0.0650139228
0.0278511755
0.0202187262
-0.0370847397
0.0017994930
-0.0375917964
-0.0810773596
0.0697912872
-0.0120861288
-0.0149671817
0.1319785565
-0.0302035958
0.0041924631
0.2498603910
0.0544979088
0.1623274386
0.0148745645
-0.0078175943
-0.0578424633
0.0339510590
0.1028288752
-0.0372068845
0.0189242121
-0.0036007261
0.0682326406
-0.0532048643
-0.0053621368
0.0808537006
-0.1044632569
0.0508393347
0.0269878749
-0.0828913525
0.0328924656
-0.0490580387
-0.0185410082
-0.0586653724
-0.0962928012
0.0209723189
-0.0345463455
0.0623000041
-0.0693801865
0.0400128812
-0.0286703091
0.0144575443
-0.0013547703
-0.0761534125
-0.4619754553
0.0326101072
0.2317342311
-0.0086643212
-1.0623103380
0.0170009863
0.0749749616
0.0638080239
0.0170927513
0.0755271912
-0.0409635566
0.0270457771
-0.0107247010
-0.0406681076
0.0416269451
-0.0520052500
0.1207152009
-0.0822269395
0.0786620080
0.0093077598
0.0271605235
-0.0138613582
-0.0053156056
-0.0360479169
-0.1149338409
0.0741728693
-0.0119390283
-0.0095863985
0.1433198750
-0.0253133345
0.0127677238
0.2215583771
0.0477166846
0.1029376686
0.0225942396
-0.0072609009
-0.0514650568
0.0387723595
0.1116253659
-0.0413851514
0.0203280337
0.0000670444
0.0649686158
-0.0522594154
-0.0082198000
0.0698043704
-0.0971393362
0.0599240698
0.0220921617
-0.0837176293
0.0340651646
-0.0417395048
-0.0235751905
-0.0516786091
-0.0862740949
0.0415066332
-0.0393940769
0.0618263446
-0.0326985382
0.0352764726
-0.0205691829
0.0781408101
-0.0014290696
-0.0769612417
-0.4892688990
0.0299353097
0.2531250119
0.0040235864
-0.9932736754
0.0126120299
0.0792959630
0.0698290318
0.0007199414
0.0735316053
-0.0358189344
0.0206672847
-0.0234968048
-0.0539378077
0.0331706405
-0.0532239452
0.1307981908
-0.0753972307
0.0777203143
0.0004177331
0.0332820974
-0.0101421466
-0.0069350107
-0.0387074389
-0.0761494935
0.0722328946
-0.0068192487
-0.0111600654
0.1175902411
-0.0281108320
0.0330270715
0.2472094148
0.0577130094
0.1552623063
0.0160483904
-0.0147920931
-0.0659408718
0.0371230654
0.1295643449
-0.0479138605
0.0187049806
-0.0017841101
0.0816091746
-0.0651730001
-0.0041655255
0.0780322254
-0.1007234231
0.0837109983
0.0280425679
-0.0968818665
0.0353167690
-0.0519310348
-0.0239938162
-0.0513749123
-0.1008295044
0.0261043925
-0.0366805494
0.0611831434
-0.0787828416
0.0403271466
-0.0240830313
0.0196014531
0.0015449022
-0.0853779912
-0.4778326452
0.0336761773
0.2665691376
-0.0094402041
-1.0507235527
0.0127621097
0.0801979899
0.0726452842
0.0125600537
0.0709528029
-0.0371774174
0.0275871344
-0.0178961270
-0.0332619548
0.0331448540
-0.0523179956
0.1431331038
-0.0803189054
0.0812990069
0.0082496181
0.0323568098
0.0069195875
-0.0103217000
-0.0492234007
-0.0270091593
0.0699387565
0.0036160825
-0.0227020420
0.0853825808
-0.0338140465
0.0454178415
0.2749439776
0.0858526677
0.2668619156
0.0035904394
-0.0265639890
-0.0914143026
0.0292017777
0.1331278980
-0.0462063588
0.0214582738
-0.0038074488
0.1588999033
-0.0678635016
-0.0034838526
0.0756470487
-0.1089089066
0.1211626530
0.0371299833
-0.0928857625
0.0209038947
-0.0661050677
-0.0147606889
-0.0590876676
-0.1142590493
-0.0206440352
-0.0341198221
0.0612557456
-0.1112520620
0.0577125885
-0.0341097414
-0.0401294194
0.0071501280
-0.0775197595
-0.4644854069
0.0451988429
0.2931918502
-0.0204318631
-1.1760764122
0.0201103687
0.0796406716
0.0588665828
0.0388534665
0.0694701523
-0.0473213568
0.0301037654
-0.0058841915
-0.0024684803
0.0363904163
-0.0620252341
0.1168128327
-0.0831740499
0.0854421705
0.0133859552
0.0260118414
-0.0312352870
-0.0081121149
-0.0495053865
-0.0182369538
0.0767123550
-0.0053552566
-0.0232983362
0.1267828494
-0.0382638313
0.0234929342
0.2802294195
0.0823171884
0.2393801957
0.0107517550
-0.0202984735
-0.0802351460
0.0288016200
0.1590138525
-0.0307335779
0.0172826070
-0.0121196713
0.1650302261
-0.0682470128
-0.0009472918
0.0611317009
-0.1115382314
0.0937159061
0.0317877308
-0.0903949440
0.0260895099
-0.0697735026
-0.0282303710
-0.0629793331
-0.1159612238
-0.0073360861
-0.0287109017
0.0371512286
-0.1078544781
0.0551975630
-0.0343628712
-0.0439134464
0.0032084784
-0.0746049881
-0.4493881762
0.0503332764
0.2611519694
-0.0277968962
-1.1730542183
0.0248840023
0.0648192093
0.0620595664
0.0235637873
0.0687203929
-0.0422677249
0.0386955328
0.0018100592
-0.0142234489
0.0467145927
-0.0559325479
0.1307677478
-0.0914460495
0.1002935022
0.0103541669
0.0216856357
-0.0347156934
-0.0064270301
-0.0478741862
-0.0173953511
0.0763866231
-0.0079535190
-0.0173405055
0.1352724880
-0.0385780595
0.0229421146
0.2767438591
0.0784326568
0.2260144651
0.0132849421
-0.0212029666
-0.0809029490
0.0304195322
0.1730466187
-0.0339771695
0.0157270059
-0.0135584399
0.1573767364
-0.0715289935
0.0003012534
0.0546497963
-0.1123607978
0.0913816169
0.0294324271
-0.0950381681
0.0305335950
-0.0701058209
-0.0355292335
-0.0600309111
-0.1182592511
-0.0004588172
-0.0287113786
0.0353363976
-0.1142272279
0.0526117273
-0.0352753252
-0.0285718851
0.0017419826
-0.0819162205
-0.4512790740
0.0489570200
0.2673200965
-0.0284646116
-1.1612583399
0.0254564695
0.0668843165
0.0671209171
0.0148341618
0.0676419139
-0.0389061421
0.0411538444
0.0007350553
-0.0156686883
0.0461316444
-0.0533783883
0.1424188763
-0.0934053063
0.1031400710
0.0090657035
0.0224464014
-0.0273390021
-0.0069873594
-0.0490196049
-0.0217149314
0.0797271580
-0.0104880519
-0.0177786611
0.1234226450
-0.0394587852
0.0204055179
0.2921288311
0.0743137449
0.2024285644
0.0159505457
-0.0244583264
-0.0809100121
0.0315354429
0.1715937555
-0.0304717328
0.0156793892
-0.0134776551
0.1766331792
-0.0670135841
-0.0062372191
0.0642649978
-0.1088085249
0.0899174064
0.0274904482
-0.0872645006
0.0279215332
-0.0647355169
-0.0401029475
-0.0573373213
-0.1115500405
0.0032003212
-0.0274589267
0.0302556269
-0.1188818216
0.0522253215
-0.0325959586
-0.0322815813
-0.0043333070
-0.0759166926
-0.4557743371
0.0491405763
0.2482661307
-0.0246107765
-1.1665624380
0.0236595944
0.0640566796
0.0636931583
-0.0078070713
0.0679726005
-0.0353756063
0.0340654142
-0.0003381243
-0.0144188227
0.0466873012
-0.0523813181
0.1352151334
-0.0882977694
0.1054797396
0.0052113514
0.0213275161
-0.0374188572
-0.0071816877
-0.0478390232
-0.0349979922
0.0866962671
-0.0166351236
-0.0149013586
0.1381520629
-0.0384519063
0.0174541101
0.2975173891
0.0631101429
0.1556061208
0.0229656138
-0.0207008664
-0.0754313320
0.0340485759
0.1848155409
-0.0260725655
0.0128687266
-0.0134542203
0.1683546305
-0.0623788089
-0.0089141242
0.0634174198
-0.1049426720
0.0702371597
0.0206770394
-0.0839863643
0.0308734216
-0.0604129843
-0.0491778702
-0.0566185005
-0.1054398865
0.0228592865
-0.0255743917
0.0212307591
-0.1117708832
0.0457829796
-0.0302936416
-0.0137324566
-0.0110976202
-0.0761087313
-0.4600016475
0.0472902544
0.2336972356
-0.0196979363
-1.1472611427
0.0236970950
0.0596100725
0.0692073852
-0.0361159518
0.0676566586
-0.0317141861
0.0331587940
-0.0047028940
-0.0235784277
0.0491880924
-0.0479831360
0.1466500312
-0.0860603228
0.1102322266
-0.0001788834
0.0220575631
-0.0431948230
0.0189673826
-0.0333319083
-0.0764858127
0.0619480461
-0.0355470069
-0.0143178478
0.0904119387
-0.0405288711
-0.0513878092
0.3220629990
0.0447064899
0.1845997572
0.0201546308
-0.0124737341
-0.0713523850
0.0346985757
0.0083246129
-0.0241011754
0.0188379698
0.0136975199
0.1062544212
-0.0391099118
-0.0386474840
0.1021037921
-0.0994604826
0.0114479652
0.0167919006
-0.0649851188
0.0200008769
-0.0335685052
-0.0213248115
-0.0547247268
-0.0882581100
0.0121003995
-0.0172351226
0.0646544769
-0.1416608542
0.0410926528
-0.0400475524
-0.0398814827
-0.0233419966
-0.0578498021
-0.4519194067
0.0273662284
0.1554320157
-0.0008482406
-1.1919230223
0.0029140401
0.0787892938
0.0343302377
-0.0627824664
0.0918467641
-0.0459114760
0.0176843107
-0.0054892278
-0.0132987471
0.0497523323
-0.0424344204
0.0717135295
-0.0812344924
0.0789124817
0.0190775953
0.0083025852
-0.0376533084
0.0173388943
-0.0334130898
-0.0689484626
0.0598453619
-0.0301901791
-0.0188301224
0.0873025134
-0.0408231914
-0.0473072715
0.3179180026
0.0512188636
0.2092289478
0.0165136736
-0.0137466574
-0.0746276081
0.0330776684
0.0075402767
-0.0264323577
0.0200894531
0.0134806139
0.1125022545
-0.0444307327
-0.0358458646
0.1061495915
-0.1017051488
0.0243788939
0.0203030128
-0.0675009191
0.0184533503
-0.0361688323
-0.0151087586
-0.0552408807
-0.0907233059
0.0023951330
-0.0183656979
0.0678960532
-0.1426847130
0.0454658493
-0.0399814658
-0.0503091291
-0.0185387172
-0.0580877699
-0.4490085840
0.0295183435
0.1678400487
-0.0027021840
-1.1997535229
0.0032876299
0.0794687420
0.0313767567
-0.0433208756
0.0889383480
-0.0467322767
0.0191801395
-0.0049346248
-0.0077060019
0.0474100858
-0.0462504588
0.0685690567
-0.0808526576
0.0758912563
0.0229289290
0.0089993337
-0.0471821241
0.0163878296
-0.0342242830
-0.0691990405
0.0635021776
-0.0286888629
-0.0225690473
0.1018329859
-0.0413127430
-0.0458518900
0.3145667017
0.0520159155
0.2088948190
0.0181740392
-0.0111592961
-0.0723280087
0.0323636271
0.0189145599
-0.0222809985
0.0196920745
0.0100932159
0.1128146052
-0.0435489155
-0.0324099697
0.0991459191
-0.1032328606
0.0183518156
0.0199275054
-0.0663271472
0.0203052610
-0.0387917496
-0.0146041270
-0.0595754981
-0.0900578871
0.0050654840
-0.0181329418
0.0619439371
-0.1306602359
0.0448337235
-0.0393121988
-0.0521055162
-0.0171590745
-0.0568478592
-0.4460909963
0.0309434216
0.1667479128
-0.0039700624
-1.1976506710
0.0059927125
0.0748068541
0.0331998989
-0.0367185883
0.0876990333
-0.0473845787
0.0218007937
-0.0043186937
-0.0122816367
0.0505565144
-0.0470239930
0.0737520382
-0.0826322734
0.0795906335
0.0212944541
0.0092722857
-0.0565261059
0.0153366216
-0.0357305519
-0.0674889833
0.0673890039
-0.0297188815
-0.0272962917
0.1098359451
-0.0408182777
-0.0434592851
0.3139078021
0.0531914979
0.2076645344
0.0206950810
-0.0059955008
-0.0619914494
0.0309404954
0.0209992547
-0.0167395324
0.0198079012
0.0090736058
0.1109738797
-0.0401450135
-0.0308002979
0.0984630957
-0.1033127308
0.0109781809
0.0191480946
-0.0631009638
0.0195764564
-0.0395751931
-0.0111726969
-0.0648908764
-0.0874496177
0.0093702693
-0.0171097778
0.0552790202
-0.1208885238
0.0434299968
-0.0395478271
-0.0630517378
-0.0155024277
-0.0526471362
-0.4420001805
0.0313156322
0.1542849541
-0.0031765718
-1.1999398470
0.0063376636
0.0692976713
0.0342668109
-0.0349328890
0.0898487866
-0.0506949015
0.0227486230
-0.0026108271
-0.0162845571
0.0561144762
-0.0465013534
0.0740368590
-0.0831214488
0.0811138824
0.0205197856
0.0081630349
-0.0478143506
0.0113334609
-0.0381538905
-0.0697875395
0.0699612424
-0.0242861379
-0.0318603627
0.1067475006
-0.0385020711
-0.0308109336
0.3100688756
0.0569626130
0.2129908502
0.0199003965
-0.0044423593
-0.0640918463
0.0302158240
0.0275805909
-0.0178743955
0.0203556959
0.0103808334
0.1134000048
-0.0405783802
-0.0281832889
0.1014891043
-0.1031157300
0.0195362903
0.0216178596
-0.0633275136
0.0173654202
-0.0412468128
-0.0054666912
-0.0670808107
-0.0864822567
0.0067153261
-0.0189167205
0.0568969920
-0.1091466472
0.0454999842
-0.0376611464
-0.0641974509
-0.0118979551
-0.0503477678
-0.4463290274
0.0328431278
0.1674876809
-0.0021771782
-1.1992579699
0.0071076583
0.0686333477
0.0357498117
-0.0230970476
0.0874344036
-0.0525521934
0.0227419809
-0.0045707221
-0.0159979612
0.0538392775
-0.0496986099
0.0760235637
-0.0795561597
0.0773859620
0.0208072606
0.0107737593
-0.0402843580
0.0070650964
-0.0414994769
-0.0594990887
0.0724005178
-0.0222140793
-0.0323027112
0.1016011760
-0.0376460589
-0.0208692122
0.3095124364
0.0615596436
0.2157473266
0.0200395659
-0.0063372729
-0.0632255524
0.0297868997
0.0437240414
-0.0195871387
0.0195505861
0.0091661420
0.1244498193
-0.0455307364
-0.0261713751
0.1011019200
-0.1030402109
0.0339759961
0.0232457984
-0.0673424825
0.0163178332
-0.0439490974
-0.0082831215
-0.0651005805
-0.0889890343
0.0051773931
-0.0197711531
0.0518744402
-0.1150147766
0.0482591949
-0.0361985005
-0.0682530403
-0.0093569113
-0.0515487790
-0.4491725266
0.0354960896
0.1730649173
-0.0045307493
-1.2025007010
0.0071270769
0.0682949498
0.0389211327
-0.0236141589
0.0858181417
-0.0508448817
0.0229936671
-0.0035331305
-0.0126083717
0.0528005958
-0.0492776074
0.0818199739
-0.0792453960
0.0788903534
0.0197142176
0.0120816659
-0.0573548116
0.0092002824
-0.0278309006
-0.1044382676
0.0596319251
-0.0120399483
-0.0229238253
0.1641092300
-0.0183374304
-0.0334098898
0.1525863409
0.0372735150
0.0857144967
0.0133629115
0.0024248720
0.0036667890
0.0349913277
0.0703331679
-0.0394270867
0.0165266916
0.0101221567
-0.0413612947
-0.0547865741
-0.0021860183
0.0993129015
-0.0837738588
0.0234943684
0.0234645810
-0.0887192190
0.0353302658
-0.0340530872
-0.0025152701
-0.0405565128
-0.0664886013
0.0540905781
-0.0315895230
0.0541306622
-0.0369741358
0.0314321145
-0.0077865487
0.0522153862
-0.0038360886
-0.0670839399
-0.4418656826
0.0093037253
0.1437758952
0.0043467372
-0.8812037110
0.0085597523
0.0770622790
0.0606721938
0.0327880941
0.0755899027
-0.0346947089
0.0177529268
-0.0172155611
-0.0588891059
0.0328038447
-0.0348359086
0.1070607603
-0.0753263831
0.0452676676
0.0112792468
0.0338580012
-0.0429190733
0.0055554365
-0.0298934951
-0.1029833257
0.0624709390
0.0011715804
-0.0322598405
0.1783285141
-0.0191147160
-0.0288410597
0.0591661856
0.0541787595
0.0939492062
0.0077486495
0.0109346295
0.0085101640
0.0318070017
0.0869795084
-0.0427046753
0.0168707315
0.0054635368
-0.0288063288
-0.0600493364
0.0032066153
0.0863070637
-0.0874110684
0.0425874889
0.0232129954
-0.0852497742
0.0276630651
-0.0345297828
0.0049088877
-0.0464912653
-0.0676812455
0.0382616036
-0.0360876620
0.0634683371
0.0211011898
0.0415784642
-0.0095600896
0.1042871997
0.0117674861
-0.0734909177
-0.4172261059
0.0169596169
0.1805855036
0.0088177379
-0.8319513202
0.0212606192
0.0788192376
0.0609153695
0.1155788153
0.0641944706
-0.0404040739
0.0308004431
-0.0149265854
-0.0734408647
0.0325968117
-0.0403810702
0.0985006467
-0.0777418539
0.0447985865
0.0097105363
0.0383301564
-0.0398336798
-0.0030516037
-0.0344935469
-0.0947102383
0.0742780641
-0.0148073668
-0.0156578291
0.1647026390
-0.0235276539
0.0034137855
0.2106832266
0.0450319536
0.0845361948
0.0222075600
-0.0038448111
-0.0297128148
0.0361919366
0.1327163130
-0.0372262709
0.0171349719
-0.0026383644
0.0413051248
-0.0579544343
-0.0017817527
0.0786276013
-0.0925211981
0.0464658998
0.0209110435
-0.0891909897
0.0370239988
-0.0450077467
-0.0261675306
-0.0488003269
-0.0838250667
0.0529869646
-0.0337346643
0.0401286446
-0.0456608608
0.0321198925
-0.0150433024
0.0541444384
-0.0033281127
-0.0760545284
-0.4644103944
0.0275187604
0.2103515416
-0.0006533875
-0.9652017355
0.0146230906
0.0707711801
0.0720871091
0.0024756512
0.0719371215
-0.0322041772
0.0253456831
-0.0186640322
-0.0558721721
0.0375559106
-0.0428429469
0.1408815533
-0.0788749233
0.0767862499
0.0018440254
0.0333158150
0.0320482254
-0.0071228403
-0.0537463278
-0.0225401167
0.0711528510
-0.0063946033
-0.0292701833
0.0359540023
-0.0352882147
0.0225775409
0.3210974634
0.0792645812
0.2285786718
0.0075000841
-0.0318349935
-0.0765003413
0.0280162711
0.0861988142
-0.0375456400
0.0215366837
0.0001985340
0.2021845281
-0.0605933219
-0.0259239990
0.1224921122
-0.1010755748
0.1223669872
0.0361139141
-0.0767014474
0.0084807882
-0.0469567478
-0.0165617540
-0.0479174182
-0.0960790440
-0.0217825137
-0.0271947104
0.0506217591
-0.1482237726
0.0637774169
-0.0287670940
-0.0843794495
-0.0043424987
-0.0553209856
-0.4653909206
0.0421214588
0.2124698907
-0.0076279324
-1.2107135057
0.0064670313
0.0760318115
0.0374028273
-0.0213820748
0.0769301727
-0.0400915965
0.0079061734
-0.0050751315
0.0154819004
0.0345579647
-0.0584250502
0.0782932118
-0.0683582947
0.0764474496
0.0137763657
0.0183830522
0.0076384470
-0.0062551708
-0.0536496788
-0.0176526904
0.0759223104
-0.0111599201
-0.0285643283
0.0643362403
-0.0391045995
0.0091650262
0.3191055655
0.0782893822
0.2196359783
0.0115204565
-0.0286996514
-0.0725327060
0.0284818560
0.1045422554
-0.0304206684
0.0183612835
-0.0054467334
0.2043861598
-0.0621836893
-0.0228085611
0.1058340371
-0.1051178351
0.1061491445
0.0329711400
-0.0776926875
0.0131207081
-0.0517096557
-0.0252152104
-0.0509080552
-0.0999654010
-0.0140351504
-0.0247571953
0.0383907445
-0.1463285834
0.0619259365
-0.0304889232
-0.0808320493
-0.0061360602
-0.0569874384
-0.4566940963
0.0464437939
0.2008930743
-0.0133191943
-1.2064418793
0.0101128994
0.0678832978
0.0409268439
-0.0271377359
0.0743657127
-0.0365675092
0.0153963072
0.0001012006
0.0088788709
0.0410121344
-0.0553276464
0.0890001208
-0.0759470314
0.0869376436
0.0120412782
0.0159170665
0.0047838767
-0.0055838935
-0.0535246171
-0.0180048253
0.0771188438
-0.0145431943
-0.0280094612
0.0625889078
-0.0396645814
0.0038284066
0.3279651403
0.0745731592
0.2016668171
0.0133779664
-0.0297508575
-0.0703816861
0.0287601259
0.1070415154
-0.0267381314
0.0179594234
-0.0055065667
0.2141114622
-0.0597501844
-0.0262791924
0.1114992648
-0.1018819213
0.1018499359
0.0306755137
-0.0727780014
0.0120057603
-0.0489483625
-0.0299550835
-0.0490592346
-0.0962962061
-0.0106858527
-0.0227495804
0.0319139920
-0.1497953832
0.0611709170
-0.0289640967
-0.0823162571
-0.0104666362
-0.0535233542
-0.4562295079
0.0465119034
0.1848783493
-0.0122647891
-1.2082980871
0.0101754842
0.0655110255
0.0390482321
-0.0418088324
0.0751487613
-0.0344174206
0.0128519125
0.0006527567
0.0073777894
0.0425179489
-0.0528793409
0.0866898000
-0.0740000233
0.0893477425
0.0096518500
0.0151087912
0.0098034991
-0.0058079143
-0.0545548685
-0.0166953541
0.0787052214
-0.0155052720
-0.0254467092
0.0586142316
-0.0411148332
0.0040707551
0.3313578665
0.0741272122
0.1912581623
0.0150907654
-0.0333316252
-0.0717978179
0.0303304549
0.1172835082
-0.0276527572
0.0178501401
-0.0080437511
0.2269923687
-0.0600551963
-0.0282458793
0.1086437702
-0.1023888588
0.1058289856
0.0305884406
-0.0715473741
0.0130330874
-0.0483266264
-0.0354835093
-0.0465729982
-0.0956194475
-0.0081924684
-0.0227534026
0.0290600564
-0.1546294093
0.0608234629
-0.0292500518
-0.0781173557
-0.0129633872
-0.0545671321
-0.4592562616
0.0467190072
0.1831016839
-0.0116527611
-1.2053610086
0.0104307625
0.0649749264
0.0397389978
-0.0527128316
0.0737837926
-0.0303744562
0.0112281889
0.0008260964
0.0081643397
0.0420669280
-0.0530195087
0.0877716616
-0.0732764974
0.0931314006
0.0065062875
0.0149071543
0.0055691637
-0.0061619766
-0.0555594377
-0.0189084150
0.0846530944
-0.0193038955
-0.0224389005
0.0674536824
-0.0427178033
0.0023779313
0.3324932456
0.0706000254
0.1695367098
0.0188605543
-0.0323842764
-0.0687866211
0.0331002027
0.1306525320
-0.0268719159
0.0143374354
-0.0103256302
0.2245428860
-0.0599011034
-0.0284609012
0.1011611745
-0.1039268449
0.0963357463
0.0282771271
-0.0727240071
0.0156342201
-0.0488476530
-0.0425706841
-0.0459182672
-0.0952578411
0.0036846423
-0.0216547754
0.0242225472
-0.1562561095
0.0573345684
-0.0302125029
-0.0686921924
-0.0169260483
-0.0571528636
-0.4607549310
0.0468103252
0.1757949740
-0.0112486267
-1.1948132515
0.0105756465
0.0615593269
0.0452086143
-0.0701991096
0.0710407197
-0.0261203963
0.0136670349
0.0001247408
0.0047930651
0.0437157191
-0.0505895875
0.0983418822
-0.0743689761
0.0976486057
0.0041888282
0.0142523376
-0.0687536076
0.0206871200
-0.0351362713
-0.0825394467
0.0701791793
-0.0439806543
-0.0111649223
0.1151854843
-0.0407487899
-0.0546606034
0.3260194361
0.0343779363
0.1403915435
0.0298786499
-0.0082887020
-0.0595255010
0.0346181095
0.0381180458
-0.0143990964
0.0174226072
0.0116613060
0.1046137139
-0.0302411877
-0.0393204801
0.0872447342
-0.0953393131
-0.0146186026
0.0084546329
-0.0576606058
0.0255356133
-0.0330492929
-0.0344518349
-0.0587104224
-0.0837712511
0.0324452780
-0.0133843413
0.0442578532
-0.1296830475
0.0327539816
-0.0384987295
-0.0272907782
-0.0302985683
-0.0574334897
-0.4534564316
0.0258946437
0.1289220750
-0.0004934347
-1.1802386045
0.0072012078
0.0711931884
0.0414016768
-0.0934075713
0.0970110595
-0.0456120931
0.0176278092
-0.0033730168
-0.0300947111
0.0605639555
-0.0348265432
0.0838810131
-0.0841597915
0.0932385921
0.0076021138
0.0078239860
-0.0478763916
0.0187765304
-0.0332080387
-0.0691946670
0.0640791357
-0.0413032025
-0.0125118755
0.0873555392
-0.0392241068
-0.0490502045
0.3262628019
0.0426714271
0.1710485220
0.0256736148
-0.0105043566
-0.0632599220
0.0360632762
0.0199353006
-0.0221166257
0.0184635352
0.0195159428
0.1077409014
-0.0415853783
-0.0418175533
0.1061223969
-0.0955842808
0.0103527075
0.0127768153
-0.0636755824
0.0184695255
-0.0327234827
-0.0255211573
-0.0519833639
-0.0849394202
0.0206510089
-0.0138073443
0.0535434000
-0.1537045240
0.0392028466
-0.0389853679
-0.0456084423
-0.0272856317
-0.0586081259
-0.4561656117
0.0260939281
0.1382210404
0.0004877932
-1.1994715929
0.0015307335
0.0769777894
0.0374606438
-0.0847055092
0.0961702093
-0.0461283065
0.0186226908
-0.0039625354
-0.0169997066
0.0554261990
-0.0350944735
0.0753409192
-0.0807342380
0.0815885738
0.0170570239
0.0079922741
-0.0490838923
0.0178586524
-0.0346940681
-0.0723921061
0.0673304275
-0.0394724049
-0.0133637115
0.0958187357
-0.0395199284
-0.0436404012
0.3237764239
0.0423466191
0.1639002264
0.0265763402
-0.0104422057
-0.0640970245
0.0356407873
0.0332050137
-0.0201837644
0.0183964334
0.0173181351
0.1123534516
-0.0401459932
-0.0394550636
0.0999233201
-0.0963532403
0.0088466099
0.0126681691
-0.0622985736
0.0205385499
-0.0344877467
-0.0270948373
-0.0547697246
-0.0851798505
0.0225231368
-0.0144267678
0.0506065972
-0.1407014877
0.0386453383
-0.0380580947
-0.0407203026
-0.0267656017
-0.0587950163
-0.4577995837
0.0274154153
0.1439769119
-0.0001751241
-1.1944056749
0.0041866601
0.0745930076
0.0397064276
-0.0807357207
0.0949953198
-0.0462530889
0.0192250516
-0.0039747073
-0.0216646735
0.0569418669
-0.0363964550
0.0804021731
-0.0809254125
0.0857248753
0.0141165815
0.0091716424
-0.0494240671
0.0152938804
-0.0359234102
-0.0671287775
0.0691829994
-0.0360798500
-0.0220165737
0.0973093808
-0.0378462262
-0.0402009189
0.3224208355
0.0467174537
0.1791395545
0.0251435414
-0.0070342105
-0.0592771880
0.0339334644
0.0286791585
-0.0175809935
0.0176870283
0.0161595922
0.1103340164
-0.0413071960
-0.0365493372
0.1070118845
-0.0975772366
0.0107824961
0.0140931178
-0.0626004785
0.0170728602
-0.0359466225
-0.0178675726
-0.0578780733
-0.0823132023
0.0199971329
-0.0142189153
0.0471768714
-0.1368808746
0.0409352109
-0.0368468091
-0.0580033325
-0.0238393229
-0.0541554131
-0.4525944889
0.0286646392
0.1390044689
0.0011803766
-1.2021492720
0.0035035429
0.0695202053
0.0379657075
-0.0694259927
0.0940782651
-0.0487552993
0.0196859818
-0.0049421382
-0.0175043084
0.0575981811
-0.0384489670
0.0777686015
-0.0797639117
0.0803357586
0.0176171288
0.0091699157
-0.0501719378
0.0133590689
-0.0384180024
-0.0663136467
0.0719644353
-0.0328766927
-0.0248224474
0.1056616530
-0.0380295813
-0.0324240476
0.3150017858
0.0510240234
0.1892040968
0.0259465761
-0.0046550091
-0.0573003851
0.0321775563
0.0364006460
-0.0165971946
0.0178823192
0.0139823314
0.1087208092
-0.0418482162
-0.0317832977
0.0989339650
-0.1002223864
0.0123128919
0.0163219813
-0.0642484650
0.0182720274
-0.0389300920
-0.0152004668
-0.0628709123
-0.0846951976
0.0190428291
-0.0158681385
0.0478027239
-0.1250145435
0.0422024727
-0.0375443026
-0.0591515973
-0.0182966515
-0.0539939441
-0.4524800181
0.0299568772
0.1491650641
-0.0008899086
-1.2022296190
0.0043086428
0.0692876354
0.0405258052
-0.0550521016
0.0935247391
-0.0512792096
0.0221140366
-0.0042604515
-0.0195334237
0.0590899847
-0.0406967811
0.0837264955
-0.0807954371
0.0822535381
0.0172680430
0.0099280551
-0.0628266707
0.0116598904
-0.0397738554
-0.0623425655
0.0771228075
-0.0356966369
-0.0267103761
0.1164172515
-0.0375051722
-0.0310053043
0.3178942502
0.0488379486
0.1739722937
0.0301380418
-0.0024397208
-0.0497675054
0.0318654142
0.0534613132
-0.0105727185
0.0165922623
0.0118256360
0.1126840636
-0.0403292999
-0.0307775065
0.0957753062
-0.0981587097
0.0059292894
0.0135907736
-0.0624052063
0.0198508091
-0.0402094312
-0.0204077382
-0.0642911270
-0.0823543370
0.0268277638
-0.0137502486
0.0340008549
-0.1215453744
0.0405571349
-0.0357286185
-0.0625522286
-0.0198315848
-0.0521215647
-0.4508094788
0.0313615352
0.1341421604
-0.0014632304
-1.2021805048
0.0065474603
0.0637136996
0.0443387628
-0.0653577670
0.0944020450
-0.0506419130
0.0234448612
-0.0023353524
-0.0249844249
0.0643241405
-0.0372912474
0.0910816640
-0.0821755454
0.0884670764
0.0134426095
0.0099244434
-0.0760712922
0.0062550916
-0.0369552337
-0.0619101301
0.0715683848
-0.0179233812
-0.0196221210
0.1807712466
-0.0318597592
-0.0195916686
0.2210397273
0.0564445816
0.1630298346
0.0228608511
0.0006624024
-0.0347944275
0.0320059992
0.1318174750
-0.0285420269
0.0153322667
-0.0057187644
0.0560364909
-0.0591157712
-0.0002745261
0.0541946441
-0.1040020958
0.0255210232
0.0210082792
-0.0871110857
0.0367403254
-0.0517545380
-0.0258150790
-0.0602420531
-0.0923722759
0.0366606750
-0.0287751909
0.0388196521
-0.0713931769
0.0355213732
-0.0292791259
0.0192994364
-0.0009558969
-0.0772598535
-0.4399358630
0.0284309480
0.1962250024
-0.0096079744
-1.0532759428
0.0189530309
0.0666260943
0.0670072883
0.0069218469
0.0759961829
-0.0393136218
0.0351702720
-0.0076378421
-0.0447019190
0.0490682460
-0.0436175168
0.1306549311
-0.0916756690
0.0849037617
0.0082791839
0.0208957512
-0.0332933068
0.0010051358
-0.0353770889
-0.0658084601
0.0649275780
-0.0010922340
-0.0238117706
0.1564590782
-0.0247322638
-0.0167739168
0.1297463924
0.0640754849
0.1853363961
0.0113234399
0.0054640844
-0.0140784755
0.0351929590
0.1096552759
-0.0552263632
0.0118646733
0.0100556435
0.0069702123
-0.0844196975
0.0036086596
0.0610272251
-0.0983327031
0.0729430839
0.0263690781
-0.1086540967
0.0320556648
-0.0478976816
-0.0049210903
-0.0431157798
-0.0847710222
0.0386555605
-0.0331545398
0.0559949987
-0.0532374904
0.0465814658
-0.0164790209
0.0502558835
0.0138985608
-0.0890433416
-0.4405739605
0.0246884506
0.2151478231
-0.0034301456
-0.9522974491
0.0093675507
0.0785024837
0.0693533793
0.0538887531
0.0635644272
-0.0353460722
0.0331791826
-0.0193469618
-0.0383900963
0.0289712157
-0.0413760468
0.1261436790
-0.0850437582
0.0525311232
0.0213527586
0.0315482803
-0.0427077413
-0.0006942426
-0.0386519544
-0.0757750794
0.0776148140
-0.0202042945
-0.0206928216
0.1331401318
-0.0257559083
0.0031671198
0.2493865341
0.0429238267
0.1079953387
0.0239981208
-0.0037898705
-0.0300391633
0.0346086212
0.1201197207
-0.0320621505
0.0166474562
0.0024120505
0.0590110756
-0.0545276925
-0.0122391721
0.0963483527
-0.0869292766
0.0455172881
0.0186054595
-0.0823861957
0.0275242683
-0.0409905761
-0.0232605226
-0.0496282801
-0.0792038590
0.0513311513
-0.0261577610
0.0332732126
-0.0793987066
0.0325705037
-0.0157248061
0.0040606670
-0.0097235087
-0.0683693513
-0.4597710669
0.0272812769
0.1804311424
-0.0012096536
-1.0321607590
0.0093156174
0.0669801682
0.0673570782
-0.0300238151
0.0791887194
-0.0371445641
0.0223301053
-0.0170637555
-0.0426403396
0.0417153835
-0.0381501429
0.1279185712
-0.0746761411
0.0757571533
0.0037765694
0.0271857046
-0.0536179803
-0.0028692493
-0.0493954085
-0.0358569324
0.0890946984
-0.0252128001
-0.0291672759
0.1263242662
-0.0391361788
-0.0048452127
0.3165394962
0.0613759868
0.1664049476
0.0266747493
-0.0121606365
-0.0573842004
0.0303165019
0.1339197755
-0.0097957738
0.0152752763
-0.0048497487
0.1747468561
-0.0503822863
-0.0202148613
0.0814409927
-0.1014689207
0.0470070057
0.0173730087
-0.0668808743
0.0218929909
-0.0531262308
-0.0382759720
-0.0625941530
-0.0931748599
0.0203530639
-0.0178224687
0.0100762062
-0.1099717543
0.0474171191
-0.0291175656
-0.0604825281
-0.0144666117
-0.0574028715
-0.4508692622
0.0474975444
0.1655335277
-0.0147024877
-1.1892722845
0.0182378702
0.0508557782
0.0548555590
-0.0516400635
0.0790380239
-0.0393589139
0.0262302868
0.0035273831
-0.0252596866
0.0622998588
-0.0427357592
0.1115426794
-0.0845556557
0.1068451330
0.0029963325
0.0143455211
-0.0425767042
-0.0027190396
-0.0512493141
-0.0289227087
0.0887662917
-0.0251769274
-0.0267096274
0.1154618636
-0.0420152619
-0.0083657950
0.3214827776
0.0640243739
0.1641341299
0.0256887227
-0.0187680889
-0.0599266514
0.0313021205
0.1390442848
-0.0129854931
0.0145328734
-0.0079036867
0.1958594024
-0.0529462211
-0.0226106513
0.0807518139
-0.1032305211
0.0568124987
0.0195135325
-0.0667633265
0.0211054869
-0.0533768609
-0.0432831049
-0.0578779019
-0.0946750715
0.0170983020
-0.0177713819
0.0092665059
-0.1239473224
0.0491607673
-0.0295674410
-0.0625424609
-0.0168044157
-0.0577390566
-0.4513035715
0.0494978465
0.1616269946
-0.0157670379
-1.1909564734
0.0180251841
0.0507242270
0.0521792583
-0.0613272488
0.0761721283
-0.0333731696
0.0233506840
0.0053049559
-0.0185676701
0.0595680624
-0.0437543802
0.1074602678
-0.0841601565
0.1085571870
0.0018426210
0.0128926467
-0.0567256026
-0.0010115296
-0.0495901592
-0.0348014198
0.0920308903
-0.0310797263
-0.0238782763
0.1268922836
-0.0405907817
-0.0095580947
0.3224876523
0.0557677634
0.1424764246
0.0307253767
-0.0140397688
-0.0537472703
0.0325874239
0.1435125321
-0.0104693864
0.0127673736
-0.0049534626
0.1760544181
-0.0508767962
-0.0236733481
0.0785456970
-0.0999311805
0.0405990444
0.0135513861
-0.0667624623
0.0235757511
-0.0511014871
-0.0481915325
-0.0581252463
-0.0917731076
0.0310201291
-0.0152084520
0.0033967011
-0.1229153275
0.0438715033
-0.0292802416
-0.0521213003
-0.0205846988
-0.0609266013
-0.4537430108
0.0457352735
0.1514666677
-0.0136246113
-1.1841108799
0.0170054529
0.0506852083
0.0577963404
-0.0789902285
0.0792469010
-0.0342666246
0.0252924450
0.0030336825
-0.0271847509
0.0634709299
-0.0376687050
0.1169404536
-0.0844598562
0.1105962247
-0.0003611680
0.0133043611
-0.0329662673
-0.0048184865
-0.0536257923
-0.0205167774
0.0933486447
-0.0270279832
-0.0240033660
0.1058550104
-0.0421784334
-0.0034185264
0.3285962045
0.0627600253
0.1455753148
0.0279551055
-0.0224500988
-0.0577403903
0.0335053764
0.1547064632
-0.0167882442
0.0110517666
-0.0090164598
0.2074197829
-0.0580882654
-0.0253523011
0.0850884840
-0.1022297814
0.0667674318
0.0178966764
-0.0701041520
0.0200672597
-0.0527600907
-0.0513281859
-0.0509492233
-0.0935485363
0.0232416317
-0.0161499474
0.0019931537
-0.1416466385
0.0493812375
-0.0285209641
-0.0597454347
-0.0209140666
-0.0610113107
-0.4566959441
0.0496721677
0.1557405293
-0.0142039889
-1.1888458729
0.0159591492
0.0506295636
0.0553928986
-0.0854246691
0.0726393834
-0.0264335144
0.0216252506
0.0032055064
-0.0133754760
0.0567250401
-0.0412070863
0.1142021194
-0.0809729993
0.1085430458
0.0000466445
0.0133747254
-0.0316791832
-0.0057230331
-0.0554634444
-0.0196588878
0.0957914367
-0.0274882168
-0.0217115451
0.1085885614
-0.0455197804
-0.0053328606
0.3296554089
0.0639169887
0.1378793716
0.0288080480
-0.0259676892
-0.0591774769
0.0348151140
0.1664567739
-0.0166995768
0.0099077635
-0.0136079919
0.2202789485
-0.0578767210
-0.0253659859
0.0774490684
-0.1048739403
0.0673522651
0.0197113995
-0.0704427660
0.0232828669
-0.0537720062
-0.0575047880
-0.0507442914
-0.0961191431
0.0251288936
-0.0166842528
0.0009713738
-0.1443506032
0.0494460203
-0.0307098832
-0.0559061207
-0.0218287986
-0.0616603196
-0.4560842514
0.0505133085
0.1561924368
-0.0161867999
-1.1830880642
0.0167286471
0.0500708409
0.0563346185
-0.0901604369
0.0692202970
-0.0222086869
0.0221392885
0.0048952471
-0.0127266329
0.0561653413
-0.0427619480
0.1187024042
-0.0820043162
0.1149007976
-0.0023935260
0.0124334935
-0.0687888786
0.0159581937
-0.0348328166
-0.0833647549
0.0766647533
-0.0493794121
-0.0076447576
0.1020168886
-0.0359867960
-0.0412620381
0.3390844762
0.0252978541
0.0954279155
0.0360642225
-0.0072268243
-0.0550111495
0.0384565778
0.0547481738
-0.0154807465
0.0158223547
0.0190508198
0.1049841717
-0.0310338568
-0.0461364016
0.1021271050
-0.0858108252
-0.0102573335
0.0010182207
-0.0591810904
0.0230867118
-0.0291274600
-0.0430670716
-0.0502667241
-0.0780883580
0.0465135500
-0.0102151576
0.0309087206
-0.1412724853
0.0289639477
-0.0319418050
-0.0207961891
-0.0374547131
-0.0590645000
-0.4652938247
0.0241920501
0.1179253384
0.0042259353
-1.1706026793
0.0047999416
0.0693625510
0.0493110307
-0.1305595487
0.0962487161
-0.0428527109
0.0155523177
-0.0069948323
-0.0345234275
0.0593338609
-0.0274708681
0.0928193554
-0.0781982467
0.0916072577
0.0026973523
0.0106120175
-0.0710689574
0.0183857884
-0.0356880575
-0.0781858116
0.0750432014
-0.0500941053
-0.0075885337
0.1042941213
-0.0379523747
-0.0448164493
0.3349615932
0.0290643498
0.1100751236
0.0366363525
-0.0072724442
-0.0509236306
0.0371821001
0.0508769937
-0.0143416142
0.0163912065
0.0176502094
0.1089110151
-0.0307046473
-0.0452464484
0.0941409022
-0.0889468938
-0.0113152787
0.0028548257
-0.0578299984
0.0239959564
-0.0302589405
-0.0424078777
-0.0530649759
-0.0801288038
0.0434410423
-0.0101291342
0.0318526626
-0.1414671391
0.0297205150
-0.0357526168
-0.0267103780
-0.0350516550
-0.0589055568
-0.4619673491
0.0245373864
0.1133926511
0.0024158636
-1.1795996428
0.0049070041
0.0703414530
0.0477241389
-0.1247418076
0.0988451988
-0.0441745557
0.0161801651
-0.0031967100
-0.0336955301
0.0633759648
-0.0278054085
0.0890924409
-0.0809431449
0.0945994109
0.0034245960
0.0082186526
-0.0697138608
0.0153914904
-0.0348951519
-0.0715081096
0.0760211647
-0.0454647653
-0.0130641889
0.1084980443
-0.0360879675
-0.0377770439
0.3314432800
0.0322745778
0.1218979880
0.0346659459
-0.0062442715
-0.0526664183
0.0367317982
0.0551518500
-0.0153296003
0.0144380853
0.0166060068
0.1036987826
-0.0372506939
-0.0407591127
0.0997567102
-0.0906525105
-0.0051577552
0.0033789154
-0.0636306405
0.0230728574
-0.0332693756
-0.0370708071
-0.0527400859
-0.0808623284
0.0404742286
-0.0109868813
0.0306255613
-0.1427797526
0.0325176157
-0.0331613794
-0.0354950093
-0.0322868079
-0.0602701381
-0.4598909914
0.0263466742
0.1200508550
0.0022858295
-1.1826508045
0.0048332824
0.0675244182
0.0490768440
-0.1130931526
0.0957018510
-0.0441942848
0.0183235221
-0.0056077973
-0.0286045540
0.0615216419
-0.0288644694
0.0951370299
-0.0811802819
0.0899233744
0.0076133413
0.0101735890
-0.0673119277
0.0163538884
-0.0354102850
-0.0759049580
0.0760493726
-0.0443325154
-0.0175851285
0.1078723744
-0.0359248854
-0.0362474024
0.3304417133
0.0332788005
0.1264054477
0.0348431058
-0.0052007805
-0.0511944853
0.0366834253
0.0482334271
-0.0125500727
0.0155366091
0.0177153945
0.1065544188
-0.0345468894
-0.0405178107
0.1016286090
-0.0907162204
-0.0066467309
0.0052462071
-0.0594615676
0.0217843428
-0.0331664868
-0.0311712064
-0.0555010960
-0.0773687363
0.0389881171
-0.0104274610
0.0298920255
-0.1304918528
0.0333268121
-0.0323609747
-0.0426104404
-0.0317438841
-0.0556759387
-0.4595260620
0.0267424285
0.1172436029
0.0039911936
-1.1888321638
0.0050275004
0.0661409348
0.0467128456
-0.1047198549
0.0969945937
-0.0464924611
0.0181869529
-0.0047493428
-0.0298588872
0.0633970723
-0.0299006179
0.0905335471
-0.0800977349
0.0871967822
0.0090555968
0.0101059265
-0.0678414628
0.0143885482
-0.0361956432
-0.0706486255
0.0782041475
-0.0440110825
-0.0185799915
0.1092247739
-0.0353784710
-0.0293493830
0.3290882111
0.0345225111
0.1265877038
0.0363709517
-0.0041172951
-0.0475766324
0.0364946537
0.0545520969
-0.0123520074
0.0141528472
0.0165678989
0.1022166908
-0.0374756493
-0.0385172367
0.1023207754
-0.0908723995
-0.0043528164
0.0054315957
-0.0632188469
0.0220794138
-0.0338933580
-0.0313417949
-0.0557181612
-0.0782045722
0.0408050306
-0.0106664458
0.0280931648
-0.1346071959
0.0338153094
-0.0316560604
-0.0475909486
-0.0297582839
-0.0568872280
-0.4598544836
0.0259841457
0.1171478406
0.0034605381
-1.1900260448
0.0034033395
0.0661951676
0.0496570021
-0.1047691032
0.0974010006
-0.0470496006
0.0195414014
-0.0053796358
-0.0287450682
0.0637600273
-0.0288056023
0.0973091945
-0.0800820738
0.0873775184
0.0091782492
0.0106817205
-0.0661292747
0.0104576703
-0.0379068665
-0.0656619146
0.0827590674
-0.0435830988
-0.0186230689
0.1120616570
-0.0331546776
-0.0187045597
0.3282351792
0.0339452997
0.1159052327
0.0380639322
-0.0032946777
-0.0451483503
0.0365812480
0.0708765537
-0.0135826282
0.0113152200
0.0162824374
0.0982526019
-0.0418039821
-0.0359146073
0.1035198867
-0.0895384103
0.0009168822
0.0036278802
-0.0684719607
0.0214085765
-0.0354001410
-0.0345945619
-0.0533617325
-0.0789882764
0.0458581001
-0.0105185863
0.0219022557
-0.1379285455
0.0344960988
-0.0282575171
-0.0431361906
-0.0291500930
-0.0597135201
-0.4639577270
0.0270614885
0.1215576455
0.0030356299
-1.1857528687
0.0028410195
0.0656410232
0.0558478422
-0.1120656356
0.0958155394
-0.0458455011
0.0204397999
-0.0078781461
-0.0286187176
0.0627451539
-0.0261014402
0.1100990623
-0.0791240335
0.0868266374
0.0079225572
0.0131359417
-0.0734999105
0.0068297777
-0.0401956029
-0.0500329062
0.0872809067
-0.0399636105
-0.0214444716
0.1233852953
-0.0329096913
-0.0132027026
0.3252642453
0.0378895923
0.1216886416
0.0377887562
-0.0042605819
-0.0443111099
0.0353851579
0.1020576581
-0.0142399212
0.0088974219
0.0108750938
0.1078221574
-0.0489064194
-0.0308359526
0.0991599038
-0.0914739817
0.0101292180
0.0034822475
-0.0738138705
0.0237717647
-0.0415108316
-0.0400310308
-0.0525704250
-0.0829340369
0.0460160673
-0.0105517451
0.0112912487
-0.1428749412
0.0363825522
-0.0276056696
-0.0451928787
-0.0269576944
-0.0637723953
-0.4599857628
0.0317312703
0.1262825876
-0.0012428632
-1.1851041317
0.0073125931
0.0605408289
0.0604493991
-0.1093744934
0.0899473950
-0.0409680158
0.0236616489
-0.0064694695
-0.0260367226
0.0626724064
-0.0263865069
0.1208545640
-0.0810343325
0.0916219652
0.0066029290
0.0144744301
-0.0533286519
0.0033403423
-0.0415976718
-0.0465839244
0.0871297419
-0.0350168757
-0.0202741809
0.1141508892
-0.0310433060
-0.0004567057
0.3212886453
0.0398844332
0.1207589209
0.0334920287
-0.0070457766
-0.0463088900
0.0353505537
0.1121113971
-0.0225614756
0.0099420100
0.0097646220
0.1054214016
-0.0540750511
-0.0284326021
0.1060120016
-0.0911643952
0.0278837848
0.0053331782
-0.0794305950
0.0211642869
-0.0418640040
-0.0364927500
-0.0489162430
-0.0848743394
0.0458390899
-0.0140050761
0.0165599063
-0.1456576139
0.0362623446
-0.0246433876
-0.0418029018
-0.0244759060
-0.0686815381
-0.4641885757
0.0318036787
0.1449157000
-0.0000247996
-1.1674596071
0.0051089567
0.0604364239
0.0623501502
-0.1064326763
0.0863947198
-0.0392807946
0.0215695649
-0.0115957158
-0.0208092555
0.0548299402
-0.0297265500
0.1235640720
-0.0774082392
0.0865719691
0.0069724801
0.0168618616
-0.0308742113
0.0000635165
-0.0425791629
-0.0477027483
0.0867156163
-0.0336119644
-0.0189630203
0.0902179554
-0.0304036643
0.0089869760
0.3298408687
0.0388683788
0.1044008732
0.0317267105
-0.0112753529
-0.0471348427
0.0363961123
0.1087333113
-0.0280028637
0.0117603038
0.0110625597
0.1132717356
-0.0549128652
-0.0328694470
0.1220073849
-0.0862869769
0.0438668132
0.0066963267
-0.0791355819
0.0165951326
-0.0371192917
-0.0357192159
-0.0434346423
-0.0828751773
0.0461827889
-0.0155635383
0.0211116374
-0.1543048620
0.0349623449
-0.0201924313
-0.0469583906
-0.0255775377
-0.0669907853
-0.4703339338
0.0303725842
0.1472899318
0.0023678527
-1.1546202898
0.0005597722
0.0617955476
0.0603267327
-0.1161120310
0.0846795887
-0.0365637280
0.0158525798
-0.0153718097
-0.0159701705
0.0471967645
-0.0310606807
0.1196479872
-0.0709793046
0.0816290975
0.0062174932
0.0179158151
-0.0554558448
0.0003157329
-0.0449777804
-0.0367589034
0.0947642252
-0.0365936235
-0.0235045291
0.1151838154
-0.0341507383
0.0026126150
0.3321501315
0.0407150201
0.1012122706
0.0376922674
-0.0107092373
-0.0433371402
0.0373490080
0.1360206604
-0.0180221088
0.0067985598
0.0043176925
0.1337398738
-0.0560977273
-0.0298282299
0.1040370613
-0.0906039700
0.0312864408
0.0040620780
-0.0769055113
0.0217604265
-0.0434451178
-0.0470391028
-0.0467340350
-0.0834898651
0.0510076545
-0.0109669324
-0.0001466852
-0.1524441242
0.0364315212
-0.0224822816
-0.0513622649
-0.0284133200
-0.0672991574
-0.4633516669
0.0352105796
0.1289849430
-0.0023439981
-1.1737101078
0.0068163387
0.0539519079
0.0643812045
-0.1235042289
0.0824014992
-0.0316558518
0.0219211783
-0.0084280232
-0.0206237268
0.0572070666
-0.0272373091
0.1297728270
-0.0772765353
0.0946786925
0.0028682314
0.0161305275
-0.0138962120
-0.0013273461
-0.0477002338
-0.0276882406
0.0875319168
-0.0341148935
-0.0193147548
0.0682423934
-0.0361132026
0.0059974538
0.3414253592
0.0505272448
0.1203395277
0.0295481458
-0.0190390013
-0.0492228903
0.0364135131
0.1110276356
-0.0277528074
0.0104862163
0.0071507376
0.1625679731
-0.0591814481
-0.0354872830
0.1229601726
-0.0919180363
0.0654102713
0.0118278498
-0.0756284744
0.0116902636
-0.0396426469
-0.0413263552
-0.0398266762
-0.0857965127
0.0314002149
-0.0141325528
0.0163275227
-0.1733529866
0.0437216535
-0.0235729311
-0.0648138747
-0.0256110970
-0.0634628087
-0.4681242406
0.0364438221
0.1379948258
-0.0016256704
-1.1865524054
0.0013738774
0.0617112331
0.0533246063
-0.1204021052
0.0800727755
-0.0308966469
0.0143785132
-0.0075674281
-0.0048571047
0.0483559854
-0.0332809836
0.1088848189
-0.0713413954
0.0842860267
0.0074697677
0.0148048615
-0.0097502144
-0.0039769229
-0.0508059934
-0.0194818079
0.0924596637
-0.0344694443
-0.0196673106
0.0679887459
-0.0372266211
0.0077020656
0.3448342979
0.0535156205
0.1125812158
0.0303492453
-0.0213164743
-0.0472318456
0.0364737697
0.1289455742
-0.0264840685
0.0085380469
0.0044025201
0.1869613230
-0.0613611639
-0.0351154096
0.1177358329
-0.0929989368
0.0732337162
0.0115641067
-0.0738028735
0.0107799694
-0.0425650962
-0.0476392917
-0.0380078480
-0.0854242742
0.0323599726
-0.0125681264
0.0061069485
-0.1752815545
0.0455566198
-0.0238002315
-0.0646654591
-0.0268698316
-0.0631012246
-0.4692545235
0.0409236029
0.1322862953
-0.0022736515
-1.1901500225
0.0043428387
0.0577374622
0.0539269298
-0.1306280196
0.0761529058
-0.0262523741
0.0140883122
-0.0058712931
-0.0038483208
0.0502272993
-0.0338021219
0.1107451916
-0.0710604787
0.0889071077
0.0046115345
0.0147256982
-0.0330311731
-0.0044855219
-0.0498779938
-0.0226120241
0.0982592627
-0.0376211144
-0.0204280503
0.0872764140
-0.0367946178
0.0035082868
0.3474359214
0.0470928624
0.0920430124
0.0345707014
-0.0186596997
-0.0444021784
0.0377049148
0.1455805749
-0.0207353029
0.0062306225
0.0038968017
0.1842071861
-0.0591864735
-0.0355035253
0.1117544845
-0.0900105461
0.0583322495
0.0057840091
-0.0716493502
0.0154097090
-0.0434220619
-0.0562335700
-0.0390414186
-0.0838700235
0.0436089970
-0.0091812657
-0.0067660194
-0.1701190174
0.0419368520
-0.0235944260
-0.0549296662
-0.0312277880
-0.0642524585
-0.4674546421
0.0413478762
0.1220317706
-0.0031813174
-1.1838586330
0.0080270190
0.0535811335
0.0589611195
-0.1439274102
0.0744773820
-0.0235449728
0.0169229005
-0.0055368049
-0.0129519086
0.0546479821
-0.0299253184
0.1204350591
-0.0722665340
0.0963177308
0.0004791413
0.0150530972
-0.0319267288
-0.0061707865
-0.0505609922
-0.0283928458
0.1030596644
-0.0395738371
-0.0172941461
0.0896900818
-0.0357774608
0.0085431710
0.3475641608
0.0436438620
0.0722658634
0.0366392210
-0.0165802669
-0.0420924574
0.0389382020
0.1533050984
-0.0217851195
0.0046889479
0.0049005831
0.1800967306
-0.0573183112
-0.0363526307
0.1092566773
-0.0886820257
0.0552428551
0.0031536601
-0.0717264041
0.0159116182
-0.0432831496
-0.0605081245
-0.0387548916
-0.0827136561
0.0525871813
-0.0088146674
-0.0088437749
-0.1648782194
0.0389992706
-0.0235078335
-0.0414498635
-0.0330207758
-0.0657179654
-0.4723826945
0.0413031429
0.1243470013
-0.0011644163
-1.1720591784
0.0088241501
0.0530475639
0.0636904836
-0.1563382447
0.0728256628
-0.0226758067
0.0173693635
-0.0080982652
-0.0175058264
0.0551864244
-0.0286733061
0.1276893318
-0.0706979036
0.0973915011
-0.0023002382
0.0162294451
-0.0709397867
0.0166742578
-0.0325129256
-0.0804633871
0.0750004798
-0.0536874756
-0.0024960039
0.0942440927
-0.0339512639
-0.0381412730
0.3404958248
0.0229579974
0.0889871418
0.0372834355
-0.0055920435
-0.0482050031
0.0390530489
0.0436812453
-0.0179025084
0.0140913920
0.0240008608
0.0855108500
-0.0304498710
-0.0482334308
0.1075880229
-0.0833091140
-0.0156149566
-0.0014411092
-0.0633321106
0.0208128896
-0.0268241242
-0.0429650247
-0.0475003347
-0.0781332850
0.0499393865
-0.0099348379
0.0345278308
-0.1577781141
0.0269412864
-0.0321110785
-0.0219463278
-0.0389045402
-0.0607017055
-0.4668628275
0.0190644022
0.1066512465
0.0056770216
-1.1713175774
0.0001917141
0.0728035569
0.0527239926
-0.1461509168
0.1006922424
-0.0460529216
0.0141410064
-0.0087641859
-0.0332653858
0.0603490844
-0.0221001748
0.0956216380
-0.0775909126
0.0875481889
0.0034241809
0.0094062909
-0.0583483391
0.0173744522
-0.0339370929
-0.0747223198
0.0728860870
-0.0507483445
-0.0061394149
0.0871302560
-0.0361042544
-0.0374066792
0.3374922574
0.0301097352
0.1102568805
0.0357692875
-0.0078080515
-0.0501564816
0.0390665270
0.0382755511
-0.0188498534
0.0154984212
0.0223836936
0.1010691151
-0.0344898403
-0.0473185442
0.1071093753
-0.0876660869
-0.0032895168
0.0033202528
-0.0620106086
0.0190263148
-0.0280778147
-0.0376692042
-0.0481920019
-0.0793174207
0.0415568426
-0.0106319031
0.0375625901
-0.1554644555
0.0308253076
-0.0337108187
-0.0341428407
-0.0353881791
-0.0597998686
-0.4653946757
0.0219599716
0.1125183329
0.0047143199
-1.1831204891
-0.0006756385
0.0729695335
0.0482394807
-0.1306317300
0.0996383876
-0.0452667028
0.0148979072
-0.0058723809
-0.0275550839
0.0602893084
-0.0257599410
0.0881140381
-0.0779249221
0.0854874253
0.0073850285
0.0084352102
-0.0760621205
0.0176917668
-0.0353683978
-0.0721370354
0.0777622908
-0.0519474968
-0.0076840399
0.1073354483
-0.0367938206
-0.0360208042
0.3336406946
0.0289094374
0.1045887843
0.0395523719
-0.0054907026
-0.0427146368
0.0375073403
0.0562554114
-0.0130403396
0.0145861860
0.0192044619
0.1029541269
-0.0325085893
-0.0441093110
0.0934968516
-0.0884202495
-0.0133431610
0.0006585724
-0.0602245778
0.0241068136
-0.0310025867
-0.0427395627
-0.0529210381
-0.0798373222
0.0480651930
-0.0087851202
0.0264167450
-0.1442568153
0.0290083624
-0.0347751454
-0.0322224349
-0.0348842591
-0.0609681793
-0.4628289044
0.0232422333
0.1048939079
0.0029109837
-1.1830029488
0.0034409959
0.0693880469
0.0523623265
-0.1316495985
0.1010669619
-0.0462365486
0.0172528476
-0.0032380507
-0.0356593430
0.0678411499
-0.0241587758
0.0966170579
-0.0816663504
0.0950963795
0.0029909427
0.0081725409
-0.0709582940
0.0182452053
-0.0354284942
-0.0666739419
0.0756003037
-0.0468571298
-0.0117086777
0.1080925837
-0.0366899148
-0.0287235267
0.3250133097
0.0342330672
0.1285775453
0.0376888067
-0.0065619340
-0.0439478196
0.0366622657
0.0564755909
-0.0157885645
0.0144935874
0.0195992123
0.0980696678
-0.0373435356
-0.0396924689
0.0931497440
-0.0921459943
-0.0069369711
0.0042936485
-0.0650846213
0.0243985783
-0.0339179263
-0.0342891067
-0.0541350730
-0.0814161077
0.0417381153
-0.0106315855
0.0306927580
-0.1441441625
0.0318728089
-0.0351633728
-0.0419927202
-0.0302825104
-0.0624251552
-0.4611110687
0.0229509957
0.1145638227
0.0023816270
-1.1907601357
0.0026924924
0.0704253316
0.0519707538
-0.1136623845
0.1003003567
-0.0483175218
0.0185842793
-0.0036085823
-0.0297383908
0.0668670982
-0.0265316367
0.0979355052
-0.0821228102
0.0912375599
0.0075047957
0.0087193344
-0.0894840807
0.0159954987
-0.0374243930
-0.0651854351
0.0839072838
-0.0477579869
-0.0181196220
0.1312953681
-0.0349060670
-0.0267639216
0.3242414594
0.0317374133
0.1169746742
0.0427719578
-0.0008169030
-0.0347096734
0.0346994959
0.0770576894
-0.0063113715
0.0118295159
0.0151155367
0.0967213437
-0.0347075090
-0.0354444087
0.0863584802
-0.0910404548
-0.0204266049
0.0011428202
-0.0617222190
0.0266638864
-0.0366950184
-0.0365689658
-0.0602330193
-0.0767880082
0.0517136604
-0.0079039726
0.0142219067
-0.1280726343
0.0304415617
-0.0331891216
-0.0464027338
-0.0310430955
-0.0586061589
-0.4574893117
0.0251691490
0.0990536660
0.0036498657
-1.1912506819
0.0072184228
0.0609489195
0.0562963448
-0.1164921746
0.1012589261
-0.0495115891
0.0214419607
-0.0037025271
-0.0374435149
0.0747496113
-0.0246264953
0.1087149456
-0.0836146846
0.0974232405
0.0031107578
0.0099543119
-0.0790685713
0.0112232147
-0.0395990834
-0.0544045754
0.0858212411
-0.0446301326
-0.0210763160
0.1233501509
-0.0326985754
-0.0167226046
0.3246660531
0.0368962325
0.1240028590
0.0401592068
-0.0010734368
-0.0339124985
0.0339445174
0.0846591964
-0.0087941382
0.0107343858
0.0152424444
0.1042395458
-0.0409039147
-0.0330723561
0.0955023244
-0.0913929865
-0.0032531184
0.0024305244
-0.0655167326
0.0220678337
-0.0391401462
-0.0348095484
-0.0577003695
-0.0786688626
0.0476906672
-0.0085665500
0.0107897995
-0.1325958073
0.0338878110
-0.0306311417
-0.0533398017
-0.0282306913
-0.0588263087
-0.4584217668
0.0295340363
0.1077549160
0.0020096293
-1.1956734657
0.0070245760
0.0590789430
0.0580985025
-0.1113165691
0.0977793410
-0.0482771583
0.0218744427
-0.0037380529
-0.0318113491
0.0723796189
-0.0248428471
0.1113081276
-0.0819610059
0.0928398520
0.0058350735
0.0113491155
-0.0787791312
0.0093491534
-0.0420421362
-0.0488786735
0.0880424753
-0.0434803180
-0.0214704257
0.1282733530
-0.0347466543
-0.0119238757
0.3214510083
0.0405024700
0.1279825717
0.0413538665
-0.0023946634
-0.0333534852
0.0334863514
0.0988213643
-0.0077339881
0.0102715781
0.0115854777
0.1122554615
-0.0436391942
-0.0300981849
0.0879944712
-0.0933598652
0.0023776086
0.0046027815
-0.0675088093
0.0239848029
-0.0413814373
-0.0380806960
-0.0590108037
-0.0816103518
0.0469739176
-0.0092068417
0.0078555541
-0.1313420683
0.0359638594
-0.0310465693
-0.0544668585
-0.0251739956
-0.0603613108
-0.4582086205
0.0306520797
0.1144341901
-0.0017135569
-1.1967208385
0.0073161479
0.0597615391
0.0604584627
-0.1052132994
0.0966079608
-0.0471977852
0.0242403988
-0.0020723513
-0.0326682255
0.0730866492
-0.0255602505
0.1183284000
-0.0830648392
0.0984532982
0.0041412679
0.0116027333
-0.0963240117
0.0092516299
-0.0418675356
-0.0456220023
0.0917494446
-0.0428018644
-0.0241254065
0.1500840336
-0.0357083417
-0.0149360960
0.3183956742
0.0383902267
0.1230745092
0.0429756008
-0.0017500038
-0.0323855281
0.0330860503
0.1195399463
-0.0047973692
0.0085805692
0.0048339809
0.1133374274
-0.0440206826
-0.0261624139
0.0756206214
-0.0947849825
-0.0063216537
0.0024512662
-0.0690909177
0.0299696680
-0.0452676751
-0.0435069725
-0.0611865632
-0.0831257403
0.0523740165
-0.0083764270
-0.0015718542
-0.1244974434
0.0336490981
-0.0306755397
-0.0523660816
-0.0254983772
-0.0642767772
-0.4522863328
0.0325320102
0.1091371551
-0.0035080020
-1.1877973080
0.0118872179
0.0527988970
0.0639913529
-0.1053108349
0.0936456621
-0.0435446240
0.0271814391
-0.0010152338
-0.0360179693
0.0753242970
-0.0256763939
0.1263677031
-0.0872052163
0.1057468578
0.0010909411
0.0118845711
-0.0651198849
0.0031622846
-0.0456636846
-0.0373007655
0.0924549103
-0.0385845825
-0.0243353155
0.1180035770
-0.0343474485
-0.0037751463
0.3277951479
0.0448879376
0.1237331182
0.0372652523
-0.0071739471
-0.0377344042
0.0343306325
0.1210611686
-0.0109329736
0.0098353038
0.0067188507
0.1390327066
-0.0491580367
-0.0298915673
0.0960778892
-0.0931630358
0.0253277551
0.0058118817
-0.0686309114
0.0206836145
-0.0441034511
-0.0426814891
-0.0540046096
-0.0825858638
0.0439971276
-0.0099152969
-0.0002309716
-0.1358370334
0.0384945795
-0.0274536964
-0.0578761660
-0.0257495102
-0.0616445579
-0.4589057565
0.0370863900
0.1232299432
-0.0037824011
-1.1919318438
0.0099679912
0.0538661443
0.0615833551
-0.1072600782
0.0881211311
-0.0396463424
0.0229477827
-0.0022421372
-0.0273698829
0.0673049837
-0.0282912664
0.1177717596
-0.0801628157
0.0988613740
0.0028454938
0.0131456582
-0.0765998960
0.0014246663
-0.0468963794
-0.0426799245
0.0990168601
-0.0394513644
-0.0235541817
0.1376127303
-0.0363178104
-0.0005035105
0.3270903528
0.0406566784
0.0980598852
0.0413679965
-0.0081019970
-0.0375095792
0.0356170386
0.1481967419
-0.0067249523
0.0084454697
0.0005447901
0.1473293751
-0.0465575568
-0.0275931712
0.0808917806
-0.0926038846
0.0166083891
0.0032896625
-0.0671805069
0.0272403006
-0.0456701815
-0.0536783859
-0.0563550778
-0.0836820230
0.0543038137
-0.0096610244
-0.0096567478
-0.1211887449
0.0346087106
-0.0262679290
-0.0452033207
-0.0274140555
-0.0650498569
-0.4596227407
0.0381149426
0.1241259649
-0.0059670494
-1.1757500172
0.0138104837
0.0494289510
0.0679022297
-0.1134250164
0.0853299052
-0.0353612602
0.0249415003
-0.0018351874
-0.0367858075
0.0697389990
-0.0275747608
0.1305711269
-0.0821176618
0.1106513441
-0.0042074872
0.0143598672
-0.0373528153
-0.0008203801
-0.0497447774
-0.0320971459
0.0941321105
-0.0369746834
-0.0206346959
0.0953877047
-0.0367028266
0.0049465857
0.3355891109
0.0489250943
0.1114609465
0.0349558294
-0.0155335581
-0.0419977494
0.0358825997
0.1296284199
-0.0170614813
0.0094683599
0.0039649252
0.1685094386
-0.0526451655
-0.0324385688
0.1007774025
-0.0930856839
0.0488269962
0.0089658080
-0.0693333969
0.0167615786
-0.0428556465
-0.0485773794
-0.0473815203
-0.0843511820
0.0401526727
-0.0115038920
0.0011455456
-0.1472538263
0.0411263108
-0.0258940775
-0.0558576845
-0.0264340993
-0.0625054091
-0.4659459293
0.0391667001
0.1321469247
-0.0044579860
-1.1875430346
0.0074411677
0.0566596836
0.0600926876
-0.1177530587
0.0825128257
-0.0330031067
0.0183202345
-0.0033612305
-0.0198013317
0.0599361919
-0.0308106374
0.1165796667
-0.0755488724
0.0981654897
0.0011035100
0.0136908982
-0.0478048958
-0.0001599165
-0.0497296676
-0.0269605909
0.0961309597
-0.0394481309
-0.0192558169
0.1015646756
-0.0373180471
0.0030118013
0.3365702033
0.0480914675
0.1056675464
0.0367639177
-0.0149392337
-0.0378573574
0.0353451893
0.1382773668
-0.0158122573
0.0089112362
0.0033616950
0.1730186343
-0.0527458973
-0.0328822918
0.0971073732
-0.0929284543
0.0462564081
0.0065200562
-0.0683987588
0.0184308123
-0.0441711210
-0.0543469489
-0.0473558940
-0.0864598975
0.0422399342
-0.0096198674
-0.0050405185
-0.1486597508
0.0400269367
-0.0269327778
-0.0536713712
-0.0271914843
-0.0644929036
-0.4637772739
0.0408367477
0.1255044192
-0.0064594359
-1.1877034903
0.0098873097
0.0551544987
0.0619375668
-0.1241941229
0.0819287300
-0.0315235332
0.0196109917
-0.0002685080
-0.0227860976
0.0636289716
-0.0286436584
0.1191870272
-0.0773886442
0.1022783220
-0.0008920303
0.0129566696
-0.0567843243
-0.0012066745
-0.0486362204
-0.0321130268
0.0998821706
-0.0415543579
-0.0181450713
0.1093767881
-0.0370845608
0.0007852452
0.3396937251
0.0418363400
0.0855875015
0.0396069251
-0.0134065142
-0.0384343676
0.0372213013
0.1492622793
-0.0151809454
0.0072666039
0.0023458055
0.1676161289
-0.0516208261
-0.0341922380
0.0947141200
-0.0902221948
0.0377793424
0.0026817163
-0.0686810091
0.0217056237
-0.0431828573
-0.0603998862
-0.0463899001
-0.0847215280
0.0525907613
-0.0084507214
-0.0094246501
-0.1504407972
0.0359855257
-0.0267382357
-0.0427471362
-0.0306302905
-0.0667155460
-0.4653713405
0.0393644050
0.1215653718
-0.0046494799
-1.1752161980
0.0107660564
0.0531052873
0.0649933815
-0.1395470351
0.0797640905
-0.0280270893
0.0206375513
-0.0029146571
-0.0266171172
0.0627169833
-0.0272191744
0.1259719133
-0.0767799169
0.1054903045
-0.0040836721
0.0138511974
-0.0384455584
-0.0069549284
-0.0525017604
-0.0280545969
0.1076702699
-0.0419805907
-0.0159199070
0.0995981768
-0.0374438949
0.0145627195
0.3458712399
0.0421761945
0.0575567223
0.0416221209
-0.0161642618
-0.0339481644
0.0393555760
0.1654196978
-0.0202671457
0.0033585494
-0.0006889040
0.1799766719
-0.0545501336
-0.0360691957
0.0985215828
-0.0904655159
0.0492958575
0.0013452705
-0.0715788603
0.0195294321
-0.0420922041
-0.0675377324
-0.0420678519
-0.0853489637
0.0615710020
-0.0091070831
-0.0135849817
-0.1596593112
0.0342791080
-0.0257233735
-0.0371862166
-0.0324307866
-0.0693896115
-0.4721443951
0.0397914201
0.1226307005
-0.0024008255
-1.1610103846
0.0080444207
0.0510175154
0.0693235621
-0.1623198092
0.0737165138
-0.0214670356
0.0181213599
-0.0068517355
-0.0218736809
0.0590401776
-0.0273088589
0.1364132762
-0.0724226311
0.1053439006
-0.0068625961
0.0146328807
-0.0786525607
0.0202186797
-0.0368114002
-0.0826626942
0.0792889670
-0.0591594502
0.0008365497
0.1011163369
-0.0382108130
-0.0417002738
0.3401343822
0.0233660582
0.0766222402
0.0444461592
-0.0041438690
-0.0344582349
0.0388041176
0.0468059145
-0.0116859907
0.0155178513
0.0169824306
0.0952227414
-0.0207183734
-0.0507322624
0.0872762203
-0.0859144032
-0.0298519041
-0.0009471207
-0.0533567294
0.0233818572
-0.0248492714
-0.0504446849
-0.0549074747
-0.0775820166
0.0580595396
-0.0091390368
0.0304279402
-0.1446116269
0.0218355749
-0.0366640538
-0.0225466527
-0.0392491221
-0.0579394698
-0.4648576677
0.0172636211
0.0867385715
0.0046363701
-1.1697570086
0.0002776940
0.0711770058
0.0541144796
-0.1561818719
0.1077461168
-0.0472908132
0.0129624465
-0.0024314155
-0.0433541201
0.0704599395
-0.0207398050
0.0916437805
-0.0809692144
0.0987750366
-0.0053815879
0.0051569538
-0.0625185147
0.0203292482
-0.0368376411
-0.0754054263
0.0741513744
-0.0535816103
-0.0041726027
0.0913827866
-0.0384675264
-0.0420880243
0.3359170258
0.0320270248
0.1094114482
0.0382086150
-0.0068476326
-0.0409655422
0.0377643071
0.0356635079
-0.0150099434
0.0164695643
0.0181368738
0.1065582260
-0.0270434804
-0.0478985570
0.0954677537
-0.0901572630
-0.0126617569
0.0047235731
-0.0542713925
0.0189973339
-0.0274695754
-0.0398170091
-0.0538857654
-0.0793792307
0.0437286794
-0.0106783211
0.0371862464
-0.1446237415
0.0285460446
-0.0375803150
-0.0347511992
-0.0349497311
-0.0561873689
-0.4613748789
0.0219569057
0.1003658846
0.0035619445
-1.1847606897
0.0003975539
0.0712273121
0.0479886010
-0.1314643621
0.1039958894
-0.0470856503
0.0136117889
-0.0014460282
-0.0327934623
0.0672159865
-0.0256351531
0.0827525705
-0.0799807757
0.0909847394
0.0031743841
0.0052145291
-0.0736974254
0.0210463479
-0.0394325145
-0.0761609450
0.0775473192
-0.0511765480
-0.0065046470
0.1124536991
-0.0406408310
-0.0400667042
0.3284103870
0.0332077555
0.1135234609
0.0388137586
-0.0062268591
-0.0390619785
0.0345640481
0.0522054844
-0.0101046227
0.0171426870
0.0129604097
0.1129328683
-0.0239297710
-0.0431780107
0.0812115222
-0.0931947753
-0.0184388570
0.0054819272
-0.0515126213
0.0249522235
-0.0311345868
-0.0422219075
-0.0614304654
-0.0826710016
0.0434860885
-0.0109593384
0.0330941491
-0.1234945878
0.0290654618
-0.0399518684
-0.0309051182
-0.0315498412
-0.0565589033
-0.4577060640
0.0246563479
0.1077126041
0.0002326944
-1.1826378107
0.0058196899
0.0691160783
0.0495095514
-0.1156392172
0.1044605821
-0.0491022728
0.0156773590
0.0018109395
-0.0399781764
0.0726962835
-0.0287647881
0.0887326896
-0.0829949453
0.1018641591
-0.0006243062
0.0053162468
-0.0625149384
0.0182700809
-0.0367694981
-0.0738550574
0.0757637024
-0.0483787805
-0.0113187386
0.1005892828
-0.0367854051
-0.0354671963
0.3283065259
0.0350775346
0.1267245412
0.0370255895
-0.0041003525
-0.0428060368
0.0368132219
0.0393633172
-0.0139506366
0.0158755910
0.0179027636
0.1003492177
-0.0319393203
-0.0426634662
0.0960894898
-0.0922925100
-0.0088905934
0.0062723728
-0.0583248958
0.0199099258
-0.0310057476
-0.0321779884
-0.0567285344
-0.0787228420
0.0417523384
-0.0110688582
0.0359770171
-0.1355179995
0.0317003764
-0.0364587381
-0.0409564450
-0.0309401359
-0.0563151613
-0.4610450864
0.0239100400
0.1120377779
0.0044579525
-1.1899106503
0.0014103088
0.0695688128
0.0487306640
-0.1127783209
0.1026099771
-0.0492940657
0.0172262732
-0.0036540537
-0.0311238747
0.0670612454
-0.0280464552
0.0882890001
-0.0804058909
0.0881776363
0.0071754633
0.0073918104
-0.0681405589
0.0161187109
-0.0399171971
-0.0730983689
0.0820623711
-0.0477401763
-0.0160783995
0.1133917049
-0.0360951312
-0.0255540535
0.3247068822
0.0351257510
0.1191175655
0.0405724086
-0.0016351987
-0.0353724658
0.0355633646
0.0563809648
-0.0087634483
0.0148193529
0.0151500441
0.1034585163
-0.0300505124
-0.0384601504
0.0884041339
-0.0925049260
-0.0122168502
0.0057061394
-0.0572050996
0.0220151246
-0.0332833789
-0.0322578438
-0.0611510575
-0.0767117664
0.0477235094
-0.0100469459
0.0253599398
-0.1193154156
0.0311013889
-0.0346008725
-0.0443377756
-0.0288781952
-0.0549657419
-0.4612660408
0.0255848635
0.1085053608
0.0047346866
-1.1888278723
0.0036782625
0.0647717193
0.0531451367
-0.1100497842
0.1032658368
-0.0511966348
0.0186082348
-0.0029544779
-0.0362888537
0.0720651299
-0.0279587060
0.0967518687
-0.0810309872
0.0930158570
0.0039494592
0.0085507100
-0.0691489652
0.0140986275
-0.0412708893
-0.0625195429
0.0835328922
-0.0458566882
-0.0190791320
0.1150515229
-0.0355525278
-0.0213517360
0.3232809305
0.0393896215
0.1298552454
0.0399479792
-0.0010367562
-0.0313742533
0.0343650095
0.0614744127
-0.0090211648
0.0130817816
0.0129318554
0.1029510498
-0.0346320942
-0.0352846198
0.0907675773
-0.0945110768
-0.0071400115
0.0063429545
-0.0607864186
0.0198870581
-0.0356643423
-0.0305164717
-0.0612770431
-0.0784549117
0.0461451113
-0.0107785240
0.0217117518
-0.1251966506
0.0330178812
-0.0337026082
-0.0546394661
-0.0265734252
-0.0553790256
-0.4577259719
0.0272423867
0.1070565358
0.0026561073
-1.1945891380
0.0028296369
0.0619013831
0.0548420586
-0.1054686904
0.1020468399
-0.0506431349
0.0195644610
-0.0024365359
-0.0319188274
0.0725901723
-0.0270780139
0.1004463136
-0.0818824619
0.0908334926
0.0059538414
0.0081626866
-0.0691873953
0.0109314937
-0.0427048840
-0.0533681959
0.0866807401
-0.0452561118
-0.0196244549
0.1177835912
-0.0354741141
-0.0135261910
0.3231613636
0.0403326862
0.1258130074
0.0415864997
-0.0026589776
-0.0319123529
0.0343817398
0.0849448517
-0.0090948511
0.0119562922
0.0118876956
0.1119863912
-0.0403368399
-0.0332385488
0.0896377563
-0.0933926031
0.0029065919
0.0056830915
-0.0642153993
0.0212062970
-0.0379320532
-0.0358808599
-0.0587903857
-0.0797762275
0.0474708565
-0.0095112342
0.0129702557
-0.1304596812
0.0348271765
-0.0316337124
-0.0543196984
-0.0258163642
-0.0589711703
-0.4603232741
0.0290483106
0.1124633551
0.0003361858
-1.1954307556
0.0042450768
0.0615666211
0.0584442317
-0.1085164174
0.0995274186
-0.0482576601
0.0219567977
-0.0023539849
-0.0322083458
0.0724204853
-0.0259021297
0.1103894562
-0.0815435871
0.0955104455
0.0038947028
0.0102181705
-0.0962420702
0.0114416452
-0.0437497161
-0.0557174012
0.0947789401
-0.0467733108
-0.0232269838
0.1518375576
-0.0353107937
-0.0126819322
0.3175405860
0.0354526564
0.1087135449
0.0471072905
0.0026725428
-0.0210574064
0.0330768228
0.1074581668
-0.0005991545
0.0092311352
0.0036845724
0.1006757990
-0.0349606313
-0.0273036361
0.0719155446
-0.0942494571
-0.0206647124
0.0022424615
-0.0626083463
0.0283552688
-0.0414659195
-0.0412279367
-0.0666435808
-0.0784950852
0.0616238005
-0.0084160930
-0.0001334813
-0.1082206070
0.0295443442
-0.0308258403
-0.0516784191
-0.0261522662
-0.0598950274
-0.4538064599
0.0293896999
0.0968718156
0.0002533515
-1.1834124327
0.0092604393
0.0517459996
0.0664691404
-0.1103603020
0.1014113724
-0.0484960452
0.0256129485
-0.0012967950
-0.0435829312
0.0810691267
-0.0234439317
0.1248084828
-0.0864622295
0.1053866372
-0.0023494440
0.0102817835
-0.0481642745
0.0045848964
-0.0502371043
-0.0427312627
0.0928269699
-0.0396233536
-0.0230207480
0.1058453098
-0.0386093445
-0.0043411641
0.3299796283
0.0495514013
0.1217107624
0.0380034000
-0.0102235246
-0.0336066633
0.0343992226
0.1072657108
-0.0089223664
0.0126687912
0.0021715793
0.1585693955
-0.0415046327
-0.0325709917
0.0896069780
-0.0965239257
0.0272389539
0.0107408743
-0.0597330816
0.0171903372
-0.0406116992
-0.0411258712
-0.0577365570
-0.0811173618
0.0415283814
-0.0119421817
0.0052062138
-0.1233803555
0.0383254141
-0.0291336011
-0.0647445545
-0.0246893857
-0.0561792590
-0.4594486356
0.0374330692
0.1177714020
-0.0035901056
-1.1930477619
0.0067583751
0.0534274392
0.0576773249
-0.1037632748
0.0916324258
-0.0407762229
0.0185051020
0.0010319764
-0.0282717533
0.0692533031
-0.0315830708
0.1045889556
-0.0789534450
0.1014047414
-0.0000460451
0.0093215974
-0.0407664627
0.0024155360
-0.0509571917
-0.0360971913
0.0929598212
-0.0387738608
-0.0218503177
0.0965807959
-0.0378333554
0.0034512100
0.3328139484
0.0504832491
0.1189436540
0.0373509303
-0.0130854407
-0.0353618972
0.0349247716
0.1166042835
-0.0124737229
0.0121645322
0.0037410064
0.1630371660
-0.0462885797
-0.0329501741
0.0974305272
-0.0942212641
0.0401550345
0.0109256878
-0.0629797727
0.0155496132
-0.0406481810
-0.0439468957
-0.0531276278
-0.0819434673
0.0398683250
-0.0116513791
0.0031555933
-0.1340370774
0.0402054936
-0.0269193221
-0.0641363040
-0.0248274561
-0.0582201965
-0.4633116424
0.0373449735
0.1245649084
-0.0049026753
-1.1947946548
0.0058911340
0.0569259226
0.0592819452
-0.1078245938
0.0894846469
-0.0387678184
0.0182596464
-0.0001253241
-0.0254690051
0.0657467991
-0.0298438035
0.1098165065
-0.0764620900
0.0996211395
0.0003290672
0.0112739382
-0.0448443331
0.0009795696
-0.0509772450
-0.0294722524
0.0945184007
-0.0380896740
-0.0201216489
0.1037473753
-0.0393893681
-0.0016376495
0.3321416676
0.0511924587
0.1192076281
0.0353686884
-0.0148995034
-0.0388996378
0.0351630673
0.1334097236
-0.0150017058
0.0101210121
-0.0000651031
0.1680417210
-0.0507529005
-0.0307206251
0.0919031054
-0.0960956216
0.0421606638
0.0106959688
-0.0673136786
0.0181882046
-0.0445615239
-0.0497173518
-0.0510536358
-0.0859711245
0.0413804352
-0.0117786713
0.0005040262
-0.1444969326
0.0400548652
-0.0281938408
-0.0588769503
-0.0257428512
-0.0622123033
-0.4602653086
0.0397413075
0.1269862354
-0.0072560464
-1.1872547865
0.0088066300
0.0542054772
0.0603102855
-0.1132035702
0.0838083103
-0.0333383307
0.0205844771
0.0001334996
-0.0229067132
0.0633609518
-0.0305923913
0.1157861352
-0.0789246634
0.1029214785
-0.0004102194
0.0115757734
-0.0109986160
-0.0004586593
-0.0520286672
-0.0243767705
0.0883748010
-0.0352725983
-0.0185746271
0.0653784126
-0.0392863899
0.0028971094
0.3400682807
0.0561381280
0.1303332448
0.0298421849
-0.0218305402
-0.0446003936
0.0358195491
0.1103166416
-0.0245474521
0.0113996966
0.0023561954
0.1822850853
-0.0544912182
-0.0361728817
0.1109753326
-0.0964366645
0.0684659854
0.0162669551
-0.0706332698
0.0118809519
-0.0398671404
-0.0438844450
-0.0429626815
-0.0862493217
0.0277347583
-0.0140633304
0.0145053696
-0.1667998433
0.0460202359
-0.0281072967
-0.0684697330
-0.0241719652
-0.0602677055
-0.4656560421
0.0377446823
0.1339412332
-0.0037610547
-1.1946415901
0.0021034863
0.0622893646
0.0521004908
-0.1153141931
0.0818133876
-0.0312867202
0.0134851420
-0.0025007024
-0.0056171911
0.0526852384
-0.0353478603
0.1019764021
-0.0727117881
0.0908338204
0.0046049734
0.0116672292
-0.0325581022
-0.0030056317
-0.0526687093
-0.0261468738
0.1027722582
-0.0437295474
-0.0167900901
0.0884985700
-0.0386043750
0.0073814685
0.3466252089
0.0452802666
0.0759105459
0.0400396325
-0.0153055731
-0.0316729359
0.0384630710
0.1415319443
-0.0189136434
0.0054950900
0.0009312532
0.1752911955
-0.0533086434
-0.0369544923
0.1028421968
-0.0917491913
0.0486497171
0.0044498956
-0.0685636848
0.0137965204
-0.0397434831
-0.0593978204
-0.0426927656
-0.0824944675
0.0545126796
-0.0085089700
-0.0083834892
-0.1620743424
0.0368396454
-0.0242874641
-0.0530365705
-0.0315448865
-0.0652590692
-0.4690568745
0.0384826101
0.1120687872
-0.0023883067
-1.1762789488
0.0036768834
0.0529265106
0.0639726669
-0.1546737254
0.0797183365
-0.0263547190
0.0171602983
-0.0048644049
-0.0201832969
0.0601161607
-0.0258627515
0.1231828555
-0.0730012581
0.0986037329
-0.0034256144
0.0125387646
-0.0255750827
-0.0054793623
-0.0536978766
-0.0332195833
0.1042855531
-0.0455542132
-0.0133291949
0.0786725208
-0.0395629331
0.0139255449
0.3534392416
0.0422880054
0.0537017174
0.0411033146
-0.0185477659
-0.0304508992
0.0400354229
0.1440210044
-0.0198463481
0.0063618412
0.0014271754
0.1789507419
-0.0485387705
-0.0408124104
0.1069269851
-0.0884731784
0.0492377840
0.0045872009
-0.0665715411
0.0151501186
-0.0353160873
-0.0642325506
-0.0421706624
-0.0821959972
0.0599720441
-0.0094747460
-0.0055649490
-0.1645869315
0.0325880535
-0.0247701444
-0.0488662012
-0.0333805494
-0.0638983101
-0.4736020267
0.0343038924
0.1116278097
-0.0013117483
-1.1644299030
0.0012041444
0.0560206361
0.0645390004
-0.1668051630
0.0791452527
-0.0257031787
0.0142478757
-0.0062565110
-0.0230754372
0.0574332252
-0.0256735813
0.1262282878
-0.0697393864
0.1025460511
-0.0068205902
0.0125501612
