-0.0147221927
0.0379441977
0.0229480788
0.1334746480
-0.0722493306
-0.0330936052
0.0153840603
0.0133592300
0.0489832945
-0.0010496383
-0.0240508225
0.0686492696
0.1353847235
-0.0013608079
0.0104026906
0.0013677476
0.0206598844
0.0097251851
0.0378518142
-0.0249704588
0.0169047844
0.0311166774
0.0103184665
-0.1156639457
-0.0419990458
0.1733184755
-0.1130982786
-0.1440147907
0.0500653125
0.0354400948
-0.0835889727
-0.0288375448
0.0299223140
-0.0712665617
-0.0756350085
-0.0582303479
0.0593580827
0.0292375591
0.2310874164
0.0615702830
0.0033024240
-0.0603154302
0.0453803875
0.0080502946
0.0128473649
-0.0028346879
0.0925735682
0.0294003431
0.0319784880
-0.0097849201
0.0168070495
-0.1582305580
0.0622758903
0.0086812275
0.0045763380
-0.0118267685
-0.1012955680
0.0108783813
0.0357372388
-0.0156688448
-0.0253354758
-0.1885116994
0.0362388007
-0.0001439863
0.0211627465
0.0863644257
0.0757731423
0.0151592596
-0.0290263686
0.0365712456
-0.0319909826
0.0646215379
0.0881118029
-0.0326340124
-0.0729348063
0.1209466383
0.0376114175
0.0591015704
0.0467967130
0.1477308720
0.0369780548
0.0568309538
-0.0306413956
-0.0394030772
-0.0417610370
-0.0290846862
-0.0044000479
-0.0701809004
-0.0369037911
0.0131816352
-0.0718969256
-0.0970149040
0.0488320179
-0.0314164050
0.0820853114
-0.0480881557
0.0479330346
-0.0743680671
0.0096354950
0.0719221681
0.1150814965
-0.0304178149
-0.0819205791
0.0293868519
-0.0267836228
-0.0438486896
0.0077650333
0.0182230473
-0.0619128980
0.1086479351
-0.0434379801
-0.0719253495
0.0947642699
0.0767821446
0.0171660762
-0.0026432120
0.0310323145
0.0379962698
-0.0237234682
0.0044172015
-0.0429972485
-0.0441221111
-0.0409777351
-0.0006198385
-0.0345553271
0.1364056915
0.1103423983
-0.0151723586
-0.0002828611
-0.4008686244
0.0569924228
-1.2097437382
-2.0452721119
0.0381341912
-0.0860679373
-0.0936116278
0.0220398512
-0.0785497651
-0.0298736300
0.0738761127
1.6900900602
0.1915288419
0.0764728710
-0.0356741510
0.0176427513
-0.0286093242
-0.0987897515
-0.0647133589
-0.1155241877
0.0276710186
0.0894620866
1.3544523716
0.0841433257
0.8005015254
0.8221875429
-0.3712202311
-0.3125558794
-0.0245168507
-0.0394237377
0.1913761497
-1.2970124483
1.9551255703
0.0455069505
0.9310749173
-0.1750456542
-0.0033520220
-0.3114910424
-0.6495487094
0.0311533082
-1.0510293245
0.0542680025
0.3113219142
-0.0565552413
0.8838923573
0.0854289979
-0.0947422534
0.0210955944
0.0980137438
-0.1890696585
-0.3453181684
0.0421306677
-0.0165496822
0.0345680974
-0.1241246611
-0.1457838714
0.1445832551
0.0337415636
0.0155202243
-0.0537110232
1.0854175091
-0.0111049917
-0.0168646313
-0.0712961778
0.5072879791
-0.0083133383
0.3026776612
0.5127938986
-0.0231681485
-0.1689882427
-0.1071700156
0.3223880231
-0.0584479421
-0.0183330439
-0.0224067867
-0.5439491272
0.2304660380
-0.0036048654
0.1921461225
-0.0594524816
0.0733391568
0.0552318953
-0.0713088140
-0.0332963802
0.0165080242
0.0353431739
-0.1993912011
0.0671583936
-0.5049485564
-0.0673496425
0.0160810389
-0.9043913484
0.3903797567
-0.6293968558
0.0984096006
0.5252674222
0.4119700789
-0.7370319366
0.0450218245
0.2139379084
0.0906052291
-0.5080556273
-0.1822679788
-0.0654277503
-0.1424549371
0.1317474991
-0.3713229597
-0.0108074518
0.2470094711
0.2148635983
0.0516821183
0.0767888501
0.0227384251
0.1907150596
0.2730163336
0.7496206164
0.0240553692
0.0552594066
0.1483864188
-0.2670575976
0.1448970139
-0.0211839043
-0.0348842815
-0.2271570712
0.3330629468
0.0204843339
0.0345082507
-0.0220704805
0.0228118375
0.0317744501
-0.0282538719
0.3675815761
0.1156399474
-0.1947454065
-0.1526777297
-0.4001933634
-0.0371222943
0.0318840183
1.4466701746
-0.8795542121
0.5519186854
-0.0258823186
-0.3908008039
-0.1937080771
0.0295393243
-0.1157397553
-0.0987623185
-0.0697911829
-0.1421865970
0.0093129100
0.0220068246
0.0076295235
-0.4126918614
-0.0891614184
0.3106396496
0.5678752065
-0.6077733040
0.2304509729
0.0988923833
0.7961803079
1.0694340467
-1.1285010576
0.1592878550
-0.0623023659
0.1262109578
-0.3698796928
-0.5766004324
-0.0397654362
-0.1501201987
0.3431301415
0.0024249866
0.0140170855
-0.5547356606
-0.2777737081
-0.0575549975
0.1366898566
0.1104400307
0.0053176680
0.8808285594
2.5105907917
0.1703387946
0.0658588633
0.1008475423
-0.0894822925
-0.3398158848
-0.1808110774
-0.0337193906
-0.2553206682
-0.0706813633
-0.0249289777
0.0387454256
0.0199934002
0.0852558985
0.0935407877
-0.0050098943
-0.0551608279
0.0339516252
-0.0385622196
0.0665870383
0.0991859362
-0.0385797471
-0.0803650990
0.1375985146
0.0202101562
0.0641739219
0.0462249555
0.1452840567
0.0339282714
0.0674756095
-0.0224216916
-0.0486623459
-0.0457109846
-0.0412874781
-0.0005091407
-0.0883691162
-0.0343226269
-0.0086174095
-0.0481959395
-0.0619760118
0.0389945880
-0.0431742556
0.1058663428
-0.0483138077
0.0466790684
-0.0644540265
0.0197703168
0.1040403843
0.1188588589
-0.0397441275
-0.1220112890
0.0288250931
-0.0260916371
-0.0395988114
0.0111927437
0.0169599727
-0.0726027042
0.1135308370
-0.0507341400
-0.0589893050
0.1066003367
0.0748571232
0.0224517528
0.0411792137
0.0181274787
0.0356958695
-0.0313978828
0.0068449005
-0.0446879044
-0.0340533368
-0.0497144088
0.0009945066
-0.0398683697
0.1578553468
0.1184227392
-0.0101323398
0.0172323044
-0.2359265983
0.1794426292
-1.0143089294
-1.6922342777
0.0611107647
-0.2177356035
0.0356660895
-0.0601783991
-0.0389595479
0.0177719537
0.3116254807
1.1537194252
0.0029290926
-0.0392552465
0.0751499161
-0.0022623157
0.0875039026
0.0033312121
-0.0596119352
-0.0676662996
-0.0150568234
0.0421944931
0.9801692963
-0.0420169197
0.6508709788
0.3821701407
-0.0555076189
-0.2544415295
0.4326379895
-0.0018408478
0.0500328206
-0.9896089435
0.9913536310
-0.0033978578
1.0576015711
0.0328164659
-0.0940215439
-0.0954409093
-0.7667055130
-0.0331447832
-0.6334198117
0.0847036690
-0.0871021077
-0.1128602177
0.6509110928
-0.0996572226
0.0795452744
0.1076914072
0.0540431067
0.2084746212
-0.4430650175
-0.6340858340
-0.0095516080
0.0061904821
-0.0070194928
0.0083556520
-0.0834997296
0.0648729876
-0.0636556596
-0.0574431978
1.0923415422
0.1146074459
-0.0372470990
0.1358622164
-0.2511515319
0.1483812332
-0.1404151618
-0.2486384809
-0.0230740495
-0.0812997445
-0.0567179956
0.5077764988
-0.1015787497
-0.0317818969
0.7062411308
0.3516644537
-0.2310176343
-0.0299428608
0.6183568835
-0.0812459737
0.1853155345
-0.1397108138
-0.0040578451
0.0439957865
-0.1869694740
0.0438542366
0.2560890317
-0.2445301414
0.1629646569
0.6290535927
0.7162004113
0.2507858872
-0.3008413017
0.4326436818
-0.0598082691
-0.6788679957
-0.7094216943
0.5223894715
0.2833799124
-0.0097346641
-0.0478621349
0.1255920827
0.4452921450
-0.0657193139
0.1162784547
0.1230146587
0.0420019105
-0.0718315169
-0.3341546357
-0.3362834454
0.1262273341
0.0570815131
0.0341611542
0.2078262568
-0.0115290415
-0.3788391054
-0.1057307050
-0.0252697654
0.0822416395
-0.0855014250
0.0881307647
0.0636241361
-0.0944867358
-0.0917548239
0.3582324386
-0.0589452349
-0.0048953826
0.0418106355
-0.0133261699
0.0130638871
-0.0841950923
0.3198342621
-0.0005814362
-0.0282334648
-0.0320216753
0.1845398098
-0.0230805650
-0.0836300030
0.6244844198
-0.0707409978
0.2960830927
0.0360895209
0.1005939618
0.0193725415
0.0955289230
-0.0233831462
-0.0377106778
0.0106223756
-0.0311784670
-0.0062575098
-0.0214800630
-0.0870436206
0.0148687819
-0.0442717038
0.2340178788
0.1566935927
-0.0519724935
0.2012938112
0.0321466289
-0.0406080186
-0.1431120038
-0.2546555102
-0.1762554348
0.0900779292
0.0448959582
0.1047698259
0.1226707920
0.0097346837
0.0000407281
0.0443471856
0.0121182622
-0.0492213219
-0.0499033555
-0.1471555233
-0.0300366487
0.0644626692
0.0149890073
0.0048896838
0.1992068589
0.3726089895
0.0008848690
-0.0373165421
-0.0064062765
-0.2337842882
0.0763546154
0.0269568413
0.0322386175
-0.0447472557
0.0132687921
0.0285492819
-0.0074264081
0.0255161878
0.1123939082
0.1002298295
-0.0149403559
-0.0854071304
0.0328416415
-0.0402152874
0.0737714767
0.0972858816
-0.0428066812
-0.0965404138
0.1081160381
0.0058752499
0.0659099892
0.0623086430
0.1499082148
0.0413911305
0.0737077370
-0.0296026748
-0.0533561222
-0.0559341088
-0.0418954976
-0.0049010897
-0.1067451909
-0.0285436343
-0.0360877626
-0.0486548990
-0.0807376206
0.0345270075
-0.0509351641
0.1140719131
-0.0343333036
0.0697001591
-0.0447292849
0.0360237509
0.1339882016
0.1400904208
-0.0411873758
-0.1830708385
0.0182824358
-0.0240228307
-0.0472745039
-0.0006707285
0.0208382625
-0.0860952064
0.1278877854
-0.0598455518
-0.0774770826
0.1143801957
0.0847001821
0.0070925099
0.0605785400
-0.0030631761
0.0496482998
-0.0398913287
0.0039298241
-0.0332163423
-0.0424040370
-0.0658576265
0.0114909559
-0.0472654663
0.2057897151
0.1296854466
-0.0071054520
0.0268537253
0.1151316687
0.1008728370
-0.0144272856
-0.0921018049
0.0323448703
-0.0401815325
0.0751919448
0.0967171639
-0.0418193862
-0.0979369804
0.1053468138
0.0068642199
0.0640179440
0.0639902279
0.1500013322
0.0423977152
0.0740732104
-0.0306082964
-0.0532080568
-0.0566653050
-0.0420228615
-0.0041406928
-0.1108328328
-0.0284063034
-0.0379426926
-0.0486044660
-0.0815533549
0.0340232216
-0.0521494225
0.1129277423
-0.0326657891
0.0711753070
-0.0446637049
0.0370897576
0.1378116310
0.1427297294
-0.0405751877
-0.1873762459
0.0167789757
-0.0232198071
-0.0482740887
-0.0016476712
0.0216864999
-0.0864077657
0.1287406534
-0.0593568459
-0.0782519281
0.1145312041
0.0859426260
0.0079125389
0.0646501482
-0.0068650153
0.0514542349
-0.0410800278
0.0030472961
-0.0347596481
-0.0430245474
-0.0668281764
0.0130578959
-0.0482713096
0.2069373727
0.1295199245
-0.0052297162
0.0278349072
0.1161823347
0.1000026390
-0.0136860684
-0.0960851535
0.0333206728
-0.0405472852
0.0753854513
0.0960469097
-0.0404728763
-0.0970760956
0.1044089645
0.0080379387
0.0606836788
0.0648442134
0.1501507163
0.0432717912
0.0732626021
-0.0320766047
-0.0524112023
-0.0570259131
-0.0412408262
-0.0033140765
-0.1134204268
-0.0287057180
-0.0364829898
-0.0498208553
-0.0836333930
0.0351561569
-0.0520874374
0.1103716865
-0.0328776017
0.0703989938
-0.0463026762
0.0379848629
0.1379170269
0.1436035335
-0.0394334719
-0.1865402460
0.0162838232
-0.0231885221
-0.0487053655
-0.0017988307
0.0223963112
-0.0850474983
0.1283976138
-0.0586653426
-0.0788734332
0.1136077568
0.0874767751
0.0103688566
0.0658824295
-0.0081583401
0.0522593744
-0.0407661051
0.0025099940
-0.0352158658
-0.0434136577
-0.0665658042
0.0136423865
-0.0483892485
0.2045801729
0.1279431432
-0.0043223849
0.0277466457
0.1157581732
0.0978549495
-0.0094699459
-0.0982901827
0.0342597254
-0.0401709154
0.0744829029
0.0945821851
-0.0392601602
-0.0948301926
0.1034625471
0.0116653116
0.0566489249
0.0645951331
0.1482885480
0.0435843989
0.0713584125
-0.0324914008
-0.0512600020
-0.0561263897
-0.0392723493
-0.0031342392
-0.1139311939
-0.0289746597
-0.0309958234
-0.0531686693
-0.0885008648
0.0363776684
-0.0501179956
0.1049028561
-0.0339633711
0.0691679716
-0.0485093892
0.0380754732
0.1342695951
0.1425721049
-0.0380707420
-0.1768583804
0.0168801881
-0.0234460458
-0.0489530265
-0.0012879955
0.0222705230
-0.0828906074
0.1259704232
-0.0558633767
-0.0784971863
0.1115688458
0.0878034756
0.0124041187
0.0600176714
-0.0063044680
0.0522216670
-0.0394082479
0.0022589017
-0.0346615463
-0.0438410379
-0.0646047071
0.0130065493
-0.0473785177
0.1955057085
0.1255580634
-0.0044925506
0.0274480823
0.1155275255
0.0965579748
-0.0045079989
-0.1051535830
0.0338579342
-0.0401027091
0.0733362213
0.0937968791
-0.0377554335
-0.0926015675
0.1017072275
0.0155671705
0.0499181598
0.0646651685
0.1442724615
0.0440257601
0.0704437569
-0.0313139409
-0.0509016849
-0.0557696559
-0.0372071639
-0.0025160972
-0.1186775491
-0.0296532325
-0.0246290211
-0.0558267683
-0.0938517600
0.0361363366
-0.0482493490
0.0982519388
-0.0346912257
0.0684049278
-0.0504334569
0.0370532423
0.1325729638
0.1420709491
-0.0356562026
-0.1675087065
0.0195901990
-0.0228606928
-0.0484530106
-0.0008489623
0.0219089054
-0.0807837546
0.1228830069
-0.0520793423
-0.0765905455
0.1103228405
0.0876608416
0.0146506466
0.0573547445
-0.0084832655
0.0520652421
-0.0390256047
0.0016373306
-0.0371683761
-0.0431381948
-0.0627060756
0.0134583702
-0.0464660712
0.1832435280
0.1230083853
-0.0038931298
0.0245409980
0.1095568314
0.0883031338
0.0209168680
-0.1110595986
0.0305337235
-0.0350060724
0.0687697306
0.0897319540
-0.0334692076
-0.0842616931
0.0983873680
0.0346762985
0.0338057466
0.0606749766
0.1284281313
0.0431926884
0.0636592135
-0.0264410824
-0.0473982431
-0.0489367694
-0.0289511569
-0.0019842247
-0.1219248846
-0.0321826562
0.0059337448
-0.0696254522
-0.1122908369
0.0384475403
-0.0386030264
0.0709875301
-0.0371459275
0.0647136718
-0.0607712455
0.0286616907
0.1102869511
0.1347561777
-0.0283083003
-0.1096716002
0.0265088268
-0.0208752453
-0.0472485907
0.0025811582
0.0200991258
-0.0715801343
0.1071561724
-0.0338068195
-0.0679357052
0.1017888784
0.0820461288
0.0182381868
0.0273561310
-0.0027972450
0.0488920249
-0.0356827267
-0.0004891910
-0.0449826717
-0.0403963514
-0.0509537570
0.0111654513
-0.0415725335
0.1318114251
0.1125327125
-0.0034448029
0.0187518969
-0.0805684850
0.0891998634
0.0169016272
0.0980154276
-0.0065714316
-0.0416456833
0.0121899787
0.1165829375
-0.0146009922
-0.0308261309
0.4587549567
0.1182438359
0.1321214139
-0.0173266046
0.1556452066
-0.0063110399
0.0805563927
-0.0138327759
-0.0478317365
-0.0179617237
-0.0758940950
0.0589318350
0.0999764055
-0.0514833704
0.1049509346
0.0751995593
0.2021185458
0.0565043762
-0.1159922406
0.1660595834
-0.0274379328
-0.0811497644
-0.0518169701
-0.1890544295
-0.0169345960
0.0210233219
-0.0229015984
0.0414944813
0.0371986963
-0.0207921639
-0.0309888702
0.1029723883
0.0210349876
-0.0293901023
-0.0237185508
-0.1374617964
0.0284726825
0.0836292505
0.0126265399
0.0985053256
0.1268032044
0.3224877715
-0.0151575999
-0.0130270217
0.0041575776
-0.2041928768
0.0080748089
0.0438230149
-0.0209906790
-0.0207535382
-0.0215867460
0.0274942648
-0.0018197183
-0.0496686287
0.3012593091
-0.0149471480
0.0859490111
-0.0595916510
0.0387954153
-0.0612351373
-0.0187560078
-0.2585412264
-0.0042846850
0.0043238262
-0.2635386586
-0.1866039038
-0.1964784414
0.0389375724
-0.2029054910
-0.0298894979
0.0480726138
0.0720489323
-0.0500869378
-0.0288662519
0.0530777462
-0.0351186916
0.1454509646
0.0711030364
-0.0383712500
0.0981677100
-0.0529967509
-0.0014171191
-0.0876617953
-0.0146325054
0.1377785802
-0.1861847192
0.3543047607
0.3213457167
0.4512975216
0.1594043076
0.0426925533
-0.2087473124
-0.1641022712
-0.0336858742
-0.0292410497
0.0901966840
-0.0022632112
0.0131045170
-0.0983866602
0.0623535030
0.0287346728
0.0323173702
0.0023702038
0.0510357469
-0.4915667176
0.2224682570
0.0301113594
0.0515050068
0.0538106412
-0.0127264494
-0.0670515522
-0.0971010774
-0.0229981057
-0.1213911101
-0.2042569667
0.0332049653
0.0108553357
-0.0160154793
-0.0204581618
0.0144396611
0.1117716506
0.0717252269
-0.0550908707
-0.0007449810
-0.0109266602
-0.0096022682
-0.0081359465
-0.0184920244
0.1407208443
0.1732208580
0.0754268020
-0.0043705925
-0.0213750936
0.0166892055
0.0167117510
0.0451842621
-0.0238830000
0.0277202185
0.0321797617
0.0197200216
-0.0509831868
-0.0342204683
0.2010311484
-0.1133072749
-0.0564811714
0.1467257589
0.0819231495
-0.0702588707
-0.0389805399
0.0750644952
-0.0699875802
-0.1097139418
-0.1193746477
0.0339690596
0.0429973938
0.1607669145
0.1605473012
-0.0078207850
-0.0261994321
0.0461013727
0.0012718299
0.0115351509
0.0402183235
0.1680201143
0.0296925697
0.0314451903
-0.0200410634
-0.0344667509
-0.0742253959
0.2258567959
0.0097165052
0.0115290154
-0.0107481275
-0.1282253563
-0.0212204885
0.0334622860
-0.0189045630
-0.0377860814
-0.2342808396
0.0018070644
0.0052098189
-0.0182110649
0.0742506459
0.0193250980
0.0896004662
0.0108243134
-0.0548711978
0.0038123296
-0.0166133698
0.0862515271
0.0022398573
-0.0236811452
0.1630021781
-0.0592337176
0.0208488218
0.0043639485
0.0248489827
0.0107168769
0.0269237533
0.0544926003
-0.0353844911
0.0303822272
0.0211203247
0.0279087685
-0.2299350500
-0.0189707242
0.1064816713
-0.0599356815
-0.0339850560
0.0588493496
0.0149576087
0.1040357649
-0.0116565274
0.0559234098
0.0209248327
-0.0712561384
-0.0703285411
0.0618018731
0.0317552760
-0.0103623932
0.0797581598
0.0076121078
-0.0615849271
0.0563217476
0.0367544964
0.0220889319
0.0693711266
0.0376401283
0.0531850532
0.0473188870
-0.0390522107
0.0032909822
-0.0979538262
0.0456790701
-0.0080960933
0.0274740346
0.0011063577
-0.1074498370
0.0598125271
0.0273323786
-0.0093804570
-0.0532349534
-0.1085187569
0.0392394662
0.0025289529
0.0861363411
-0.1321723163
0.0044492576
-0.8871233463
0.0695254728
-0.0127415229
-0.0842641890
-0.0469121523
0.1718595326
-0.0079485243
-0.0764066726
1.2372211218
0.2713404894
0.7158889174
-0.0206363127
0.1601695865
-0.0207723789
0.1769058406
-0.0389667377
0.0518765636
0.1177578419
-0.0746084452
0.0172283482
-0.0663780123
-0.2833192348
0.2025482059
-0.0273656771
0.6928591132
0.3722048998
0.3294704258
0.0144214528
-0.0003525203
-0.7927885056
-0.1774296463
-0.1466958374
0.1354015619
0.0955995098
0.0254829284
0.4306396842
-0.0961835682
0.0748215318
-0.1192763597
0.0695904046
-0.2107581943
-0.0855072290
0.1595967710
-0.2475872785
0.0803216025
0.0725516155
-0.0062140264
0.0959449932
0.2334317118
-0.0635973439
-0.0733239204
-0.0322099812
0.0188410617
-0.1221412793
0.3831923008
0.1282353401
0.0443485938
-0.0969135165
0.5117865801
-0.0156851839
-0.0426217690
-0.1208898053
-0.1457469165
-0.0992340669
-1.0418279171
0.2064516097
0.1102774739
-0.0734385252
0.0143039804
-0.1279217154
-0.0571137220
0.0092308577
1.5333862305
-0.4163322747
0.9182382822
0.1092310250
-0.2053184956
-0.0707152635
-0.0968306661
0.1511361897
-0.0861296803
-0.1589378864
0.1683685780
-0.0663963184
-0.1706651449
-0.3812220693
-0.0704870671
-0.2207291722
0.1220204905
1.5745012760
-0.2336931974
0.4641351998
0.2527548075
-0.5792482495
0.8908933997
-0.6871182919
-0.3877761066
0.1486579329
0.2861125469
0.2251611650
-0.3500114083
0.0439077169
-0.4485695064
0.0440271422
0.3409565389
0.0047112028
-0.9298671484
-0.3074375689
-0.0003194678
-0.0096771084
0.0814053342
-0.4443542361
0.3527728021
0.5785605907
0.0708904713
0.0742762238
0.1037240103
-0.5080655217
0.1638396829
-0.1965570152
-0.0003204584
-0.2395011336
0.2126836777
0.0141059253
-0.0417934246
0.0818123221
-0.1089460403
0.1358228624
-0.1392927766
0.0467372462
-0.1092384830
0.1403405666
-0.0395105891
0.9851639867
0.0261008684
-0.0131990686
1.0130792856
-0.1726622283
-0.0791764930
-0.1560446024
0.2901002169
-0.0350199528
0.0444537848
0.0087573100
0.0928869843
0.1582307220
-0.1173256040
0.0569517575
0.3159119785
-0.2642449737
0.2998005748
0.2942150235
0.7905477285
-1.0257190466
0.3506193459
0.0262010954
-0.4304314852
-0.2224996686
-1.1411529779
0.3036222160
0.0731256977
-0.2382243425
-0.1582162827
-0.1575141102
0.0949523449
0.1556246132
-0.0621859320
-0.1125385240
-0.0500790216
0.0284947902
0.5469087362
0.5939123034
-0.0345129073
-0.0407761224
-0.0137243429
-0.1979891509
0.3947207630
-0.0308072623
-0.1259776056
-0.0570407696
-0.0468240418
-0.1205918491
0.1906872839
0.0855013207
0.0073485384
0.0237668026
0.6432978511
0.0861813053
0.0367409103
-0.0547658503
0.2106776088
-0.0446874090
0.1106100082
1.7583178282
0.0939060450
-0.1494254619
0.0280043613
-0.0087597333
0.0600916967
0.0250599943
-0.7010438442
-0.3299686313
0.9841186404
0.0795078799
0.0522305667
0.0593077615
0.2218965292
-0.0492424965
0.0072524329
-0.0383623168
-0.1008142158
0.0631029159
-0.6220245361
0.1445675045
-0.4871922135
-0.1805447340
-0.1190455258
0.5208594799
0.0486488901
-0.2466522902
0.3191133440
0.8161224723
0.5543881059
-0.5708317757
-0.5158639550
0.3126494586
0.1002472639
-0.2278584540
-0.8299733996
-0.0305228326
-0.2844178975
0.0897433832
-0.1898233593
-0.0059474488
0.0889551640
-0.0846300870
0.0367581248
0.1615439802
0.0223472752
0.2465098798
0.3702181876
0.5278992653
0.0345579945
-0.0154132349
0.1596556157
0.7002826929
0.0542631783
-0.0627748966
0.0267126244
-0.1733425558
-0.1883412600
0.0334631056
-0.0374543257
0.0251759756
0.1124911383
0.1005481407
-0.0156481955
-0.0848162845
0.0328392163
-0.0403046422
0.0734173432
0.0975069404
-0.0434459746
-0.0968099609
0.1083482429
0.0039779283
0.0665929839
0.0623984523
0.1498970687
0.0413001701
0.0738428831
-0.0294317491
-0.0537184179
-0.0561667942
-0.0420282036
-0.0052239755
-0.1071092859
-0.0283138175
-0.0372356176
-0.0478287302
-0.0801224485
0.0341724306
-0.0513466746
0.1149669439
-0.0345275402
0.0703398511
-0.0440819450
0.0365339220
0.1341532022
0.1400184482
-0.0415477306
-0.1842443794
0.0187038891
-0.0241619758
-0.0471870080
-0.0007245809
0.0207067560
-0.0864876360
0.1282131970
-0.0603641570
-0.0776325837
0.1147542670
0.0845210701
0.0063672583
0.0611025319
-0.0024557428
0.0495234132
-0.0399252512
0.0041448278
-0.0324204378
-0.0422505140
-0.0663324445
0.0115080103
-0.0473414436
0.2071991563
0.1301297545
-0.0075337756
0.0266366787
0.1155100241
0.1007995009
-0.0143082542
-0.0915186182
0.0325099006
-0.0401667431
0.0747532248
0.0968576223
-0.0421860293
-0.0979542807
0.1054389626
0.0054978556
0.0639519840
0.0642016754
0.1498592794
0.0424702652
0.0738699138
-0.0306980014
-0.0533100404
-0.0567784682
-0.0418319777
-0.0043280795
-0.1116950139
-0.0282636583
-0.0384140909
-0.0485612974
-0.0817269012
0.0341856033
-0.0524976440
0.1129744947
-0.0329796784
0.0717570409
-0.0448194668
0.0374918766
0.1371375769
0.1426572502
-0.0405640155
-0.1874720901
0.0173462220
-0.0233555064
-0.0480720066
-0.0016953269
0.0217319690
-0.0864399672
0.1284334511
-0.0595328435
-0.0784910321
0.1145311818
0.0860343575
0.0076143472
0.0649914965
-0.0062155286
0.0514018238
-0.0409583971
0.0031504137
-0.0342944711
-0.0428571068
-0.0670919195
0.0131226163
-0.0482892245
0.2070186883
0.1295264512
-0.0055497289
0.0276443306
0.1165599227
0.0997613147
-0.0133678177
-0.0960291401
0.0334789194
-0.0404349491
0.0750865787
0.0958292261
-0.0405460522
-0.0970054194
0.1038684696
0.0077653369
0.0607406162
0.0650379211
0.1502504200
0.0433010161
0.0730029047
-0.0320662335
-0.0523482151
-0.0570365824
-0.0408940986
-0.0035484100
-0.1138468906
-0.0285548419
-0.0371588804
-0.0500440262
-0.0839016438
0.0349765308
-0.0522639826
0.1103127971
-0.0330142714
0.0707172677
-0.0463839360
0.0379503295
0.1378245652
0.1435938925
-0.0393799208
-0.1865622699
0.0166127998
-0.0233369451
-0.0488893166
-0.0019364462
0.0223788116
-0.0850142613
0.1282904893
-0.0587832369
-0.0791713670
0.1134761646
0.0875516385
0.0102600530
0.0657844767
-0.0079184454
0.0524301417
-0.0404998995
0.0026921907
-0.0348909423
-0.0436473191
-0.0668220073
0.0135618886
-0.0483564027
0.2041237652
0.1280067265
-0.0046186289
0.0280227922
0.1171581522
0.0987672359
-0.0116236433
-0.1004106998
0.0344103016
-0.0409471355
0.0750953257
0.0946949497
-0.0390837453
-0.0953514725
0.1021762565
0.0099788150
0.0559954718
0.0655042604
0.1497081220
0.0439167283
0.0722783282
-0.0326157548
-0.0518271588
-0.0574984550
-0.0398556329
-0.0029068824
-0.1170712933
-0.0289924759
-0.0349352397
-0.0513049141
-0.0872973874
0.0351322778
-0.0516195595
0.1070174351
-0.0339546241
0.0696178973
-0.0479362458
0.0386382416
0.1385971904
0.1439319700
-0.0380760953
-0.1842792481
0.0176019836
-0.0234308112
-0.0487607978
-0.0020359962
0.0226352196
-0.0833693519
0.1278692186
-0.0573683307
-0.0792634264
0.1127691269
0.0887378082
0.0127670607
0.0658530742
-0.0101745725
0.0529670231
-0.0400157236
0.0024380949
-0.0359303840
-0.0440864079
-0.0664003491
0.0139708044
-0.0478752591
0.1986723840
0.1264221519
-0.0041276044
0.0267107524
0.1146345586
0.0944001079
0.0020733762
-0.1079806909
0.0320251621
-0.0389269702
0.0731071904
0.0921693593
-0.0355733372
-0.0904464871
0.0984769687
0.0220953785
0.0429589637
0.0641916692
0.1409954280
0.0438495986
0.0693975165
-0.0295167156
-0.0502271764
-0.0550267808
-0.0351333246
-0.0021507260
-0.1222562417
-0.0310932919
-0.0184669718
-0.0578409210
-0.0987456292
0.0350075178
-0.0471749678
0.0907445773
-0.0349966884
0.0676060244
-0.0530531481
0.0331535414
0.1299985200
0.1411747038
-0.0326887034
-0.1557036638
0.0231391434
-0.0219430029
-0.0481032655
-0.0010049937
0.0219875500
-0.0778529346
0.1196295097
-0.0475668199
-0.0746288225
0.1087602451
0.0864352733
0.0158104505
0.0544971675
-0.0136654321
0.0521189943
-0.0388191156
0.0011640384
-0.0440642945
-0.0427964441
-0.0608799346
0.0139294853
-0.0452857800
0.1689929068
0.1205756739
-0.0031279936
0.0230598319
0.1073522195
0.0839971453
0.0338515490
-0.1130183339
0.0269962773
-0.0322550796
0.0675695986
0.0868289843
-0.0305349603
-0.0809982792
0.0944427922
0.0458379686
0.0234426446
0.0591493584
0.1208316535
0.0425072871
0.0609266609
-0.0235016439
-0.0459428094
-0.0466338620
-0.0251725744
-0.0017020843
-0.1271317005
-0.0343554839
0.0176103432
-0.0748469010
-0.1211003959
0.0375766195
-0.0358735584
0.0568619594
-0.0376400352
0.0642369911
-0.0656352937
0.0205205530
0.1022306085
0.1320215464
-0.0235766694
-0.0862233937
0.0324195772
-0.0194445346
-0.0469180904
0.0032855857
0.0198288448
-0.0665099993
0.0997078717
-0.0255344063
-0.0639736354
0.0980331972
0.0790634230
0.0199400596
0.0193899814
-0.0081865042
0.0484030433
-0.0349455252
-0.0013475264
-0.0560184643
-0.0392660573
-0.0467658564
0.0108394874
-0.0397612527
0.1050231382
0.1081601009
-0.0024459134
-0.0148272226
-0.2046563476
-0.0506814420
-1.4231557846
0.8695756197
0.0874598399
0.0503977537
-0.1240621656
-0.0416369513
0.0140808104
0.0240575075
-0.0273729265
0.9094994068
1.1433030367
-0.1239180192
0.4400797486
-0.0231545325
0.0578118972
0.0264677964
0.0871477053
0.1313190311
-0.0591111928
0.0359769128
1.8374251127
-0.1655497104
-0.5223448277
0.1332766265
0.0393654928
-0.5732835531
0.6808631420
-0.5560405850
-0.0024796191
-1.1771351099
0.2058216035
0.5784277916
0.5378596187
-0.1104684919
-0.0191248395
-0.0034841252
-0.3510120213
0.0236175880
-0.0996588916
0.0254758261
-0.1641259640
0.0771709234
0.3332652450
0.3360212743
0.0072369347
-0.0255664065
-0.0792430565
0.0126006017
-0.7486428618
0.6476402283
-0.1621131152
0.0253327284
-0.1853080839
-0.1494556963
0.0300122965
0.1757694632
0.0559790954
0.0095584486
-0.2450381219
-0.0212449525
-0.1265356392
-0.0257140473
0.0944263786
0.0213222317
0.1326236129
-0.1139346138
-0.0600752458
0.0039029347
-0.0201785248
0.0972191542
0.0120902127
-0.0100809606
-0.0047758711
-0.0747287944
-0.0273292102
0.0095194979
-0.0161414314
0.0043042917
0.0180025622
0.0448589921
-0.0339366533
0.0388125367
0.0192313660
0.0450652353
-0.2442176491
-0.0100344261
0.0622931384
-0.0037102909
0.0644463822
0.0171276424
-0.0343058594
0.0819332451
-0.0166491028
0.0632060468
0.0007895820
-0.1242976338
0.0067355391
0.0610003844
0.0312665179
-0.0482230522
0.0821942464
0.0130888047
-0.0815630555
0.0605421774
0.0224636942
0.0397403277
0.1553012133
0.0065356353
0.0547975563
0.0437047519
-0.0444931984
0.0194919761
0.0290719271
-0.0067735640
-0.0153251495
0.0467742607
0.0159956329
-0.1116319746
0.0588256232
0.0182338730
-0.0029231673
-0.0680796057
0.0698021650
0.0337319151
0.0080432007
-0.0497322716
0.0822845921
-0.0070791431
-0.3336828351
0.3265464604
-0.1304900795
-0.0650395900
-0.0866012350
-0.0463521369
0.0044383607
0.0250214823
0.5186172128
-0.5029493570
0.3750237226
-0.0320426486
0.4393115938
0.0155278780
0.1476364583
0.1036120430
-0.0015178282
-0.1153235137
-0.0014020976
0.0499121882
-0.5217317343
0.0586821586
0.4836766124
0.1257034391
0.0503826998
-0.1746710688
0.0210311972
0.4782965183
0.0280288886
-0.4631671607
0.2664065659
0.0305499118
-0.0444502681
0.2098845541
0.0455986895
-0.2890644968
-0.1255286634
-0.0071568396
-0.2145293802
0.1277825981
0.0522162393
0.0072610206
-0.0438347869
0.3619410098
0.0335204639
0.0935366303
0.0548203550
-0.1017792523
-0.5660197139
-0.2527688146
-0.0568277501
0.0577128157
0.0906851292
0.2061470002
0.0754838884
-0.2086023092
-0.0094007421
-0.0633179769
-0.3943870068
0.0267283339
0.0502792075
-0.0265283193
0.0612089261
0.0511530451
-0.1253470480
0.3611586392
-0.0569307655
-0.0000073500
-0.0013212764
-0.0194676854
-0.0097033931
-0.0169181786
0.0385672972
-0.0612263195
0.0913198218
-0.0281760208
-0.0184276737
0.0049898331
0.0109316157
0.0589436106
-0.0435599051
0.0001292255
0.0031179793
0.0439071767
-0.0040332861
-0.0331546180
0.1227971390
-0.1056794003
-0.0720628053
0.0996670052
0.0565719716
0.1255218089
-0.0346279405
0.0900849402
0.0681159869
-0.1485688239
-0.1195047721
-0.0042709885
0.0257543474
-0.0616033934
0.0536305644
0.0058816993
-0.1345516294
0.0759730712
0.0235280357
0.0165752396
0.1294442266
0.0902156383
0.0455283858
0.0556121878
-0.0440974534
0.0394941382
-0.1313849986
0.2066116780
0.0014867617
0.0276781954
-0.0095248986
-0.2798401415
0.0704525262
0.0214443859
-0.0080499938
-0.0584595725
-0.2174083591
0.0335402712
0.0104102837
-0.0374550261
0.0836201161
0.0315809660
0.0195798837
-0.2136295736
-0.0592450611
-0.0332532786
-0.0170695297
0.0589018725
0.0146702677
-0.0182493720
0.2952605784
-0.0621811412
0.1065080464
0.0015627855
0.0728323460
0.0082270270
0.0574318767
0.0970823541
-0.0451729856
-0.0188586414
0.0120695643
0.0334152468
-0.5613406897
-0.0160662886
0.0707544535
0.0457968079
0.0502348468
-0.0513286032
0.0611339174
-0.0611328557
0.0171150137
0.0905231908
0.0933018103
-0.2182108760
0.0964225531
0.1014491618
0.0388802439
-0.0934764221
-0.0510607809
0.0146948583
-0.0733401552
0.0899243131
-0.0027467818
0.0277355257
0.1103219315
0.0900595263
0.0702351183
0.0627852157
-0.0332230330
-0.0097794803
0.1575402617
-0.0350524783
-0.0256701484
0.0342888013
0.0248130150
-0.0782782957
0.0552436300
-0.0166820996
-0.0068229297
-0.0766736642
0.0346134789
0.0620153733
0.0127164982
-0.0352919325
0.0583987758
0.0061258902
-0.2377543002
0.4633388519
0.0076186089
-0.0179378167
-0.0218164939
-0.0619843490
0.0076127667
0.0535740331
0.0155761167
-0.2211229801
0.2603985965
-0.0335783102
0.1095460802
-0.0249991454
0.0003717666
0.1126340628
-0.0662680119
-0.0853317231
-0.0110590765
0.0029669679
0.1050079390
-0.0081289476
0.2763725817
-0.0727536082
0.1241873801
0.3528535068
0.1495465934
0.2095186263
0.0477993600
-0.2828072309
0.1877886206
0.0238696020
-0.2335989624
0.0552891716
0.0506501533
-0.2394377738
0.2817897201
-0.0257477816
-0.0241929069
0.0845671222
-0.1333450526
0.0474902764
-0.0274510551
0.3950802982
0.0307087284
0.0502573438
-0.0314351842
-0.0595294833
-0.2660862803
0.0701323450
-0.0039571263
0.0139666833
-0.0073460815
-0.4566349983
-0.0480046868
-0.0268364362
-0.0131377392
-0.0570136309
-0.2806493342
0.0411618240
-0.0026791729
-0.0837853551
-0.0720604211
-0.0803046376
-0.9548870325
0.3883109987
0.0230639335
-0.0413147472
0.0276808813
-0.0426468700
-0.0461221933
-0.0260233618
1.4657486677
-0.4623834491
1.1933875084
0.0556552522
-0.0106275529
-0.0206654295
-0.0860036910
0.1084476784
-0.0581599250
-0.0307689104
0.1593524516
-0.0347394608
-0.6378622055
-0.2241910249
-0.0183506291
0.0759895146
0.1754188836
1.5149631500
0.0119299358
0.5617153049
0.1227620691
-0.5704207420
1.0606594086
-0.9848460555
-0.7242858410
0.2109881788
0.2166360617
0.1797648966
-0.4364273250
0.0768060014
-0.5943889618
0.0070919907
0.2145513594
-0.0079455189
-0.5625731945
-0.1999364048
-0.0405088216
0.0296144411
0.0134803001
-0.2480233908
0.3483605087
0.6506479383
0.0066012782
0.0437046252
0.0586884469
-0.6849574447
0.0909630507
-0.1055144444
0.0532842129
-0.1415968835
0.1713516414
-0.0549968742
-0.0397687666
0.0098677268
0.0635541156
-0.0001346845
0.0257368982
0.0681390166
-0.0093199695
-0.0426804274
-0.0441722386
0.0073694629
0.0134819960
-0.0230325703
0.5323774815
-0.0670675561
0.1259070784
-0.0115928371
-0.0398620330
-0.0281930175
0.0963351950
0.0104849814
-0.0246188398
0.0260043964
-0.0427934639
0.0190322269
-0.1243179217
-0.1313051730
-0.0171074197
-0.0880421326
0.1425441056
0.1307876855
0.1297405213
-0.0500622243
-0.0208986811
-0.1523396075
-0.0376622155
-0.2669107914
0.0950469151
0.0994486511
0.0609842092
0.1178268418
0.0168762170
0.0256389994
0.0286080092
0.1128149852
-0.0885765031
-0.0238930807
-0.0010842796
0.0194347836
0.0477220975
0.0611239187
-0.0036165321
0.0514797531
-0.0146923130
0.1488177180
-0.0091583561
-0.0007949182
0.0316424407
-0.2972066700
0.0305509456
0.0495124198
0.0192869026
-0.0875085518
-0.0209209416
0.0174244177
-0.0110327164
0.1143153682
-0.2279308289
0.1022574008
-0.0305064898
0.6992312670
-0.0604677126
-0.0792721435
-0.1007137150
0.2680025697
-0.0357395485
-0.1069284156
1.1782792807
-0.0904797167
0.3860106468
0.0090997322
0.3062982261
0.0130153270
0.2143059373
-0.1052127033
-0.0896427780
-0.0105119227
-0.1963628083
0.1224045008
0.3673366606
-0.1282911897
-0.1109979004
0.3185520470
0.8960830569
0.1726746708
-0.2744961083
0.5246775150
0.0886977836
-0.1085049659
-0.2424381673
-0.3510637879
-0.2583634555
0.0238190796
0.0111477626
-0.1845622510
0.3683750331
-0.0092793526
0.1893891245
0.1651416123
0.0907013789
-0.1141214967
-0.1157766581
-0.3474590182
0.0021074642
0.1283925772
-0.0138416924
0.2108774185
0.6468256712
1.0980716944
-0.0252045859
-0.0433809422
0.0240028296
-0.6137853861
0.0795570835
0.0843205079
0.0557896346
-0.0301220641
-0.0195429567
-0.0779260471
0.0260767415
0.0265994873
0.1152946353
0.1011060253
-0.0159261618
-0.0911151990
0.0325716101
-0.0402808338
0.0743504837
0.0974672511
-0.0429850481
-0.0984302089
0.1054779068
0.0050920704
0.0653049946
0.0641249493
0.1500079185
0.0423699282
0.0736565813
-0.0308999252
-0.0533347763
-0.0567883104
-0.0419749394
-0.0043873927
-0.1102889627
-0.0280491374
-0.0390115976
-0.0486418121
-0.0810219795
0.0342547558
-0.0521659255
0.1138958260
-0.0330152251
0.0713888705
-0.0444743335
0.0373231322
0.1370664537
0.1424309164
-0.0410213955
-0.1892266721
0.0165474173
-0.0235338416
-0.0485975854
-0.0012989998
0.0216612536
-0.0869242698
0.1287671775
-0.0604983494
-0.0785051063
0.1144074947
0.0860693902
0.0078469058
0.0650995001
-0.0061819665
0.0510658175
-0.0407080948
0.0033358803
-0.0334734097
-0.0426644944
-0.0673943907
0.0126459766
-0.0487756357
0.2095593214
0.1300187707
-0.0058866069
0.0274749137
0.1157488599
0.0998199582
-0.0130567560
-0.0982680097
0.0331892706
-0.0407146364
0.0742969662
0.0959597528
-0.0406433195
-0.0964799821
0.1041696072
0.0091432771
0.0589992180
0.0648027658
0.1485775113
0.0432908237
0.0726864338
-0.0316173546
-0.0524580814
-0.0570173562
-0.0404962599
-0.0031768675
-0.1135386527
-0.0288062897
-0.0351217687
-0.0504136793
-0.0850101337
0.0347167514
-0.0514396168
0.1086448729
-0.0332543887
0.0703132823
-0.0459552072
0.0366772078
0.1376372725
0.1429736614
-0.0388999581
-0.1853454262
0.0169615708
-0.0232409686
-0.0491315871
-0.0011954013
0.0219762493
-0.0846618190
0.1274171621
-0.0582048185
-0.0781342387
0.1131133810
0.0873269588
0.0114484159
0.0653392375
-0.0088329474
0.0519650169
-0.0402242914
0.0025890118
-0.0356705077
-0.0432286449
-0.0661637634
0.0131532820
-0.0484457277
0.2015556544
0.1275056899
-0.0046261670
0.0281343237
0.1174191087
0.0994196311
-0.0131730381
-0.1013590768
0.0346614830
-0.0413443260
0.0746209547
0.0954310074
-0.0398737453
-0.0958011150
0.1025515571
0.0080853216
0.0567251779
0.0658173040
0.1495396346
0.0441511311
0.0723550245
-0.0329352021
-0.0521212779
-0.0578132719
-0.0400707908
-0.0028282474
-0.1169651523
-0.0285887625
-0.0353610106
-0.0509793162
-0.0869730935
0.0354537107
-0.0516694523
0.1079619527
-0.0339270569
0.0699939951
-0.0470388196
0.0398392938
0.1387985796
0.1441556364
-0.0384790599
-0.1865846366
0.0170014761
-0.0235101469
-0.0488817766
-0.0017868680
0.0225981381
-0.0840141550
0.1281403601
-0.0581147112
-0.0793699324
0.1130399033
0.0890353546
0.0127324052
0.0666419417
-0.0092373230
0.0527425781
-0.0400605574
0.0023738507
-0.0341007598
-0.0437379181
-0.0667225122
0.0139951231
-0.0483122505
0.2015249580
0.1267046481
-0.0043065245
0.0269417837
0.1154075786
0.0959254652
-0.0010521780
-0.1083172113
0.0337265916
-0.0397370309
0.0721309260
0.0938030705
-0.0375019908
-0.0912310779
0.1003066152
0.0166698657
0.0463632531
0.0646434799
0.1414902955
0.0443281718
0.0694302246
-0.0305829886
-0.0506965108
-0.0552677996
-0.0358340405
-0.0021214024
-0.1211311370
-0.0297517776
-0.0198142882
-0.0575349368
-0.0972948000
0.0365374349
-0.0472385883
0.0941985920
-0.0355523564
0.0681046173
-0.0520874709
0.0377789773
0.1296629906
0.1413455307
-0.0344187617
-0.1599177569
0.0212502759
-0.0224922132
-0.0475932769
-0.0003171992
0.0218506269
-0.0796474814
0.1204190776
-0.0492063724
-0.0751857534
0.1094134003
0.0873931125
0.0154996756
0.0542153418
-0.0075457268
0.0514029302
-0.0385796651
0.0011810651
-0.0372950248
-0.0421831794
-0.0613765456
0.0136987455
-0.0458374843
0.1759684086
0.1212434694
-0.0038656299
0.0236873105
0.1087174863
0.0861234143
0.0278631989
-0.1134620458
0.0298658106
-0.0338270776
0.0665897503
0.0891430825
-0.0327797942
-0.0821743906
0.0977369025
0.0373998284
0.0287470855
0.0601201244
0.1228957325
0.0433040932
0.0615314469
-0.0253516026
-0.0466112234
-0.0474190265
-0.0263511576
-0.0017712086
-0.1256280988
-0.0326238312
0.0141673358
-0.0740382969
-0.1180607155
0.0396392532
-0.0362306982
0.0630823597
-0.0380948558
0.0646719635
-0.0636589751
0.0271791406
0.1033482999
0.1329314411
-0.0260099191
-0.0947820917
0.0291210841
-0.0203518309
-0.0464772731
0.0037650533
0.0197209604
-0.0691911504
0.1018247083
-0.0292080697
-0.0655931011
0.0993673354
0.0809472501
0.0195147227
0.0209063347
0.0001922911
0.0479264930
-0.0346660390
-0.0011696472
-0.0463068672
-0.0388650522
-0.0480418205
0.0108389854
-0.0406283811
0.1175501198
0.1094497219
-0.0033722245
-0.1654675752
-0.1632415503
-0.0876165032
-1.4261367321
1.3966145515
0.1232016534
0.0044792285
-0.0783033744
-0.3684349060
0.0548996031
0.1281170249
-1.0604735613
0.4389170706
0.9542244077
-0.1864333153
0.2500012219
0.0148342084
0.0401795432
0.2957955301
0.0233734865
-0.3048782349
0.0102176946
-0.0127141923
1.1951019764
0.0077718259
-0.0241804942
0.3076569140
-0.2421051264
-0.3242769837
0.1328295916
0.2498499602
0.0435262360
-1.0630954504
0.1001084074
-0.0020068767
0.0180577934
-0.1268465072
0.1198989376
-0.3066938221
-0.1816799194
-0.0207537208
-0.0761528909
0.1639089882
0.0312694386
0.1602632701
-0.0435618982
0.4264732003
0.0043921950
-0.0179020539
-0.0157607179
-0.2616981566
-1.4034078121
-0.1648111641
-0.0660091639
0.0595285147
-0.0792813003
-0.0009794859
0.3019624054
-0.1366888583
-0.0043210322
0.0089922287
-0.5912709832
0.1363660842
-0.0335168652
-0.0250898488
0.0840143189
0.0174811762
-0.0912411585
-0.0036283114
-0.0739056170
-0.0110905133
-0.0378098898
0.0354267322
0.0108812749
-0.0054622325
0.2108041793
-0.1153232083
0.1696703583
0.0054679951
0.1441466510
0.0224343836
0.0506972112
0.0620730966
-0.0286348052
-0.0079684211
0.0192979369
0.0397602245
-0.3677152991
0.0088950945
0.1869350821
0.0295252074
0.0243330318
0.0097178081
-0.0188007187
0.1731536835
0.0222794879
-0.0653987676
0.0730752423
-0.0481806546
0.0056008990
0.1090025157
0.0330993049
-0.0972552523
0.0098743485
0.0097282669
-0.0876495987
0.0796778575
0.0436150394
0.0327337086
0.0507793091
0.0917748958
0.0494543277
0.0564334877
-0.0271709841
-0.0066701192
-0.1133934632
-0.0706545934
-0.0220077336
0.0458097756
0.0176436063
0.0455761813
0.0510936230
-0.0357711762
-0.0023233723
-0.0547887199
-0.1833053827
0.0397114828
0.0151670659
-0.0278454833
0.0723209679
0.0264481809
-0.1052233353
0.1991607249
-0.0611554459
-0.0022960533
-0.0274624992
-0.0081202621
0.0024665697
-0.0013614133
0.0509151220
-0.0122055374
0.1786763072
0.0056187725
0.1155761480
0.0286270007
0.0214255508
0.0566691905
-0.0278244317
-0.0040802206
0.0310373195
0.0424699821
-0.0911826640
-0.0072096065
0.2044827044
-0.0066038980
-0.0279497467
0.0754876584
-0.0220205709
0.1300571412
0.0265828855
-0.0128671965
0.0405950211
-0.1151050627
-0.0715181082
0.0914531872
0.0346282087
-0.0550617017
0.0440987162
0.0142200021
-0.0735497326
0.0702954680
0.0162482802
0.0406437069
-0.0085914163
0.1223217696
0.0309355818
0.0450048484
-0.0285587665
0.0131479679
-0.2169865072
-0.0114822201
-0.0097657740
0.0454226620
-0.0017083478
-0.0236118585
0.0341835655
-0.0071520829
-0.0063508516
-0.0393812694
-0.2572065592
0.0268368721
0.0088654375
-0.0173471812
0.0638760701
0.0318057463
0.0180326402
-0.1060239300
-0.0569507778
0.0056714742
-0.0211142916
0.0172482040
0.0072287270
-0.0160497036
0.1495344192
-0.0385162979
0.0844375715
-0.0042019733
0.0996143371
0.0169576854
0.0283817295
0.0639038980
-0.0327565521
0.0096678743
0.0143383937
0.0270447526
-0.3735676408
0.0048162919
0.1897754371
-0.0103960717
0.0111167692
0.0048908512
0.0327748284
0.1347043067
-0.0216341559
-0.0621701516
-0.0125023583
-0.0716580898
0.0246414561
0.0560733080
0.0134021612
-0.0352940522
0.0489072129
0.0113570541
-0.0507381931
0.0612938292
0.0162664670
0.0261003599
0.0568696409
0.0664673522
0.0481205508
0.0472637489
-0.0415457040
-0.0172841828
-0.0290718451
-0.0256706886
-0.0205202289
0.0267073791
-0.0113512417
-0.0717159882
0.0272335503
0.0125625674
-0.0034779476
-0.0324920304
-0.1213969290
0.0476938188
0.0067697014
-0.0065537179
0.0785358921
0.0360211208
0.2865359783
-0.7031418085
-0.0112050716
0.0451392345
-0.0019594645
-0.0516186170
0.0563144349
-0.0096208965
0.0757190958
-0.2572362423
-0.2633332014
-0.0259336680
-0.0172261428
-0.0097318627
-0.0526111610
0.0793404654
-0.0239279829
0.0704269484
0.0261619631
0.0070005823
-0.6034482718
-0.0009202984
0.0332604311
-0.1062702239
0.2081929147
-0.0081323488
0.1403890997
-0.1369141042
-0.0926688388
0.2736221254
-0.0293808747
0.1214902923
0.0977178887
-0.0299159456
-0.0009716034
0.0704025701
0.0693313479
0.0253979303
-0.0562901385
0.0069175186
-0.0711936951
0.0377965122
-0.0339297540
0.0426311754
0.0560438074
0.0074665728
-0.0726034418
-0.0672748387
0.3732075095
-0.0725472197
-0.0166215617
0.0598135889
-0.0444301926
-0.1899376512
0.0453567319
0.0449883230
0.0562892072
-0.0207490679
0.4329723418
0.0440990180
0.0018029944
-0.0164217129
0.0651043728
0.0058441921
0.0323378555
-0.0143057704
-0.0464400090
0.0103692785
-0.0173154604
0.0084465686
0.0192844812
-0.0096948827
0.0698619559
0.0172219593
0.0871047005
0.0021661601
0.0387704000
0.0256765336
0.0162165388
0.0542694330
-0.0326930247
0.0173457693
0.0291109867
0.0265518837
-0.2868311703
-0.0125191845
0.1594298333
-0.0134320278
-0.0127858771
0.1461464465
0.0510833114
0.0520321466
0.0018431033
0.0307842214
0.0164421294
-0.1269209236
-0.1010740772
0.0690593645
0.0371959433
0.0915602371
0.0885366499
0.0095551414
-0.0701983050
0.0520817675
-0.0146599635
0.0326261967
0.0514069498
0.0937213749
0.0335312188
0.0400368050
-0.0354833193
-0.0103249103
-0.1050296053
0.0324313492
0.0043183528
0.0278510991
-0.0107461279
-0.1641261429
0.0408770032
0.0171189997
0.0087190038
-0.0406624041
-0.1551862359
0.0221271832
0.0120345261
-0.0094649494
0.0037503936
0.0117939319
0.1804656386
-0.0353293866
-0.0427333377
0.0212686770
-0.0146146370
0.0106784832
0.0214249417
-0.0224850494
0.0929294229
0.1545181423
0.0113030924
0.0028871798
-0.0708291233
0.0176483355
0.0034874843
0.0361044370
-0.0284652133
0.0462816991
0.0243577305
0.0203158613
-0.0676921159
-0.0292958077
0.1425315291
-0.0989101306
-0.0592033342
0.0970131159
0.0901709870
-0.0859357342
-0.0412789993
0.0723045990
-0.0544046387
-0.1056630686
-0.0497390069
0.0267627109
0.0259792525
0.1749282777
0.1038737223
0.0121470494
-0.0329534449
0.0280572418
-0.0121707693
0.0280615985
0.0915846601
0.1163013503
0.0325561874
0.0218260642
-0.0432371870
-0.0267915372
-0.0473973677
0.1634078920
-0.0033581620
0.0189080164
-0.0269855391
-0.1144804209
0.0106549328
0.0682723895
-0.0003986171
-0.0260985587
-0.0866825804
0.0123942979
-0.0055343928
-0.0210726690
0.0415334105
0.0194426384
0.1865954846
-0.0957425609
-0.0441748016
0.0134378914
0.0030900766
0.0126591399
0.0070378305
-0.0172634237
0.0841539502
0.1497962475
-0.0090520419
0.0045895954
-0.0362648666
0.0195263289
0.0055374075
0.0425655656
-0.0257752258
0.0316178612
0.0341725983
0.0183435753
-0.2034437656
-0.0408116393
0.2022670656
-0.0976531133
-0.1371761113
0.0799359232
0.0626328737
-0.1093757227
-0.0354550816
0.0714562312
-0.0648199841
-0.1355103999
-0.0648806170
0.0488324426
0.0301172193
0.2507352233
0.0685070902
0.0126732001
-0.0723299086
0.0501364395
0.0000822097
0.0217149649
0.0402338281
0.1179114804
0.0366584584
0.0266274642
-0.0234773830
0.0007746353
-0.1457534581
0.0773727149
0.0023574871
0.0176048279
-0.0097248796
-0.1048552170
0.0279650073
0.0532214195
-0.0094633466
-0.0280540716
-0.1653899252
0.0198867097
0.0031722556
-0.0186543465
0.2320951968
0.0828998089
-0.1967200935
-0.1987396479
-0.0763366073
0.0383660160
-0.0124766706
0.3248836398
0.1350849122
-0.0541009679
0.3208526969
-0.1178436652
0.7362243533
-0.1370585263
0.0910863429
0.0830623135
0.0513358451
0.0944237113
0.0621473789
0.0074899667
0.0113305366
0.1590562761
-0.7973054051
-0.1197159812
-0.4062937498
-0.1472508460
0.1744807959
-0.8609348536
1.1062105894
-1.4769353867
-0.1052796245
0.4732583463
0.0970818326
-0.5486872196
0.3210352957
0.1454955637
-0.0535206683
0.0078709358
-1.5668097734
0.1431082040
-0.6239301562
0.0166811645
-0.0476573445
-0.0071366266
0.9289007783
0.3679130673
-0.0219019074
0.0398904830
-0.0959367827
-0.1626755893
0.4949623048
0.9571652412
0.0002530788
0.0673080906
0.0009354606
-0.4041594863
0.1098940670
0.0615150146
0.1449002475
0.0048157601
0.8580597043
0.0739827380
-0.0030695507
0.0149645610
-0.1442771405
-0.0429736003
-0.7527016997
-0.0240857024
0.0613698699
-0.0024816366
-0.1869101077
0.0348550528
-0.0078284172
-0.0907572210
1.7595105171
0.0158396736
0.8718134165
0.0644028708
-0.0325955935
-0.0655708015
0.0740295872
-0.0265155323
-0.0627338141
0.0130813755
0.0201922506
-0.0403440185
0.1502086818
-0.1670767218
-0.1370749921
-0.0707357600
0.3953562379
0.2329287380
-0.2178064138
0.3697095215
0.1508961916
-0.3518188000
0.6361641884
-0.6710427403
0.0087565379
-0.0528361835
0.0991601944
0.1467872858
-0.1541869491
0.0140169710
-0.1649773866
0.0429185964
0.1908347905
-0.0163517538
-0.2758156955
-0.3636776507
-0.0236949380
0.0574834943
-0.0048358152
-0.1446944624
0.5207092166
1.1846703291
0.0379889719
-0.0181079060
-0.0007901815
-0.3386574090
0.1989664882
0.0177692510
0.1194963381
-0.1327260584
0.2779242098
-0.0496653579
-0.0393081382
0.0826308876
0.2303113043
0.1011929661
-0.2413305044
-1.0992876291
0.1022612378
-0.1537499279
-0.0968730599
-0.2180315107
0.0124415858
-0.0392109007
0.7723052502
-0.6109139919
-0.2311364412
-0.0986891389
-0.3418291211
-0.0945173353
0.1393641979
-0.0617087893
-0.0624341890
0.0136906123
-0.2725424170
0.0229100864
-0.1694785058
-0.1038905829
-0.8122756481
0.2330561727
0.7046868801
-0.3384323418
0.2052943707
-0.3050162196
-0.1343552023
-0.3554422259
0.1628831327
0.6758612990
1.1825335026
0.1759422123
-0.0712966695
-0.4586126208
-0.1479026526
0.0649638325
0.4070835412
0.3567258418
-0.5636123419
-0.1045031026
0.2832818627
0.4226537347
-0.0184269287
0.0953436866
0.0409637541
0.1915149540
-0.3308098316
0.7583451867
-0.0137913702
0.0206469912
0.0821909159
-0.3716295362
0.0476255193
0.0138078518
0.0040077241
-0.1150583103
-0.1651679873
0.0726304725
0.0547187850
0.0909802169
-0.1970274150
0.1018510982
-0.0283219554
0.5459160805
-0.0536765158
-0.0619513318
-0.0865430683
0.1775743067
-0.0306381658
-0.0784220994
1.0050359964
-0.0985122174
0.3091408312
0.0097356411
0.2284751236
0.0090198349
0.1618203968
-0.0908011198
-0.0872335061
-0.0247938484
-0.1575779319
0.1115281656
0.3974983394
-0.1007710546
-0.0145994993
0.2453308851
0.6762310266
0.1288618296
-0.2697960436
0.4725173414
0.0897472724
-0.1069205701
-0.1031385958
-0.4180011153
-0.2028557807
0.0076453392
0.0192358159
-0.1624435484
0.1930929571
-0.0110194236
0.0853801966
0.1727958769
0.1072364002
-0.0939557254
-0.1069087312
-0.3135071099
-0.0165910404
0.1099348366
-0.0003694858
0.1982194036
0.4828584492
0.9611523747
0.0055792956
-0.0210131202
0.0128099034
-0.5670217872
0.0094319759
0.0633883923
0.0475745425
-0.0292576514
-0.1102842912
-0.0713965520
0.0329233818
0.0275461730
0.1161077842
0.0976376832
-0.0062008994
-0.1062060967
0.0348503627
-0.0407965891
0.0726390406
0.0953872874
-0.0385268889
-0.0926248208
0.1018683314
0.0122142676
0.0501389913
0.0651655868
0.1442346126
0.0445476137
0.0704349130
-0.0316586457
-0.0512576811
-0.0563610978
-0.0374526866
-0.0019081754
-0.1202591062
-0.0292143170
-0.0251541603
-0.0558227561
-0.0931835175
0.0368412510
-0.0487335511
0.1000728831
-0.0355097502
0.0683850646
-0.0510678366
0.0393860489
0.1325697303
0.1422509551
-0.0360031873
-0.1705627441
0.0196056981
-0.0229542907
-0.0475189462
-0.0003214342
0.0222179182
-0.0814011320
0.1229278147
-0.0530089252
-0.0763282627
0.1107976288
0.0885762349
0.0155720161
0.0598033853
-0.0068380963
0.0514034703
-0.0389097892
0.0015049463
-0.0351005197
-0.0421603620
-0.0632007420
0.0138295880
-0.0469153486
0.1855853647
0.1229534820
-0.0038691219
0.0241017174
0.1091611832
0.0874544382
0.0225601066
-0.1141236797
0.0309720021
-0.0349623971
0.0669553876
0.0897595361
-0.0334764570
-0.0829129592
0.0989013240
0.0349232443
0.0311668348
0.0605026707
0.1256853193
0.0433590822
0.0623935089
-0.0262403414
-0.0470505320
-0.0483284630
-0.0274939127
-0.0017542695
-0.1238746494
-0.0321783088
0.0103673963
-0.0716368109
-0.1148103178
0.0393901393
-0.0369865783
0.0674350485
-0.0382169709
0.0634416863
-0.0616652742
0.0294225980
0.1073921248
0.1336664408
-0.0273411404
-0.1031581610
0.0271959808
-0.0208999664
-0.0471061766
0.0035503064
0.0197667163
-0.0704891831
0.1047281474
-0.0322329625
-0.0667177141
0.1005441174
0.0819945186
0.0197872892
0.0246947762
-0.0005834958
0.0481066778
-0.0347136892
-0.0006925639
-0.0438313186
-0.0392756611
-0.0496050306
0.0108456900
-0.0412626751
0.1266078353
0.1108821630
-0.0037585916
-0.1666767150
-0.2099653631
-0.0307850260
-1.3069489002
1.3780277967
0.0949810445
0.0159426797
-0.0528060608
-0.2539644241
0.0292295869
0.1095139980
-1.0470057726
0.5088574290
0.9759114385
-0.1841897517
0.1683255285
-0.0181807410
0.0190412588
0.2427680343
0.0259930212
-0.3145283759
-0.0183970891
0.0198970120
1.2009234428
-0.0073036728
-0.0786611661
0.3675980568
-0.3085947633
-0.2897855043
0.1109827608
0.1106160134
0.0505409837
-1.0770668983
0.2019896358
-0.0757036209
0.0028241815
-0.1748122722
0.0743713304
-0.3523745835
-0.2417607903
-0.0172445718
-0.1116142720
0.2145666331
0.1375867873
0.2027163059
-0.0096283946
0.2941650748
0.0302628037
-0.0245134532
-0.0444357507
-0.2638204098
-1.3706909418
-0.1321290135
-0.0876313522
0.0602460988
-0.0659259260
0.0383684598
0.2930521369
-0.0737183616
-0.0057811867
0.0154089788
-0.6359691024
0.1073244065
-0.0408731662
-0.0242772754
0.0782251358
0.0291074067
0.0282390174
-0.0357920788
-0.0599653758
-0.0047058268
-0.0198061392
0.0614458285
0.0132384114
-0.0088376459
0.0958551913
-0.1243190840
0.0184494462
0.0012943821
0.0526556782
0.0081597343
0.0251910668
0.0524721406
-0.0347872227
0.0248827748
0.0121746827
0.0425628610
-0.2902400792
-0.0081291310
0.1410221010
-0.0010504003
0.0549946539
0.0893442035
-0.0354459621
0.1125955358
-0.0063798516
0.0532606654
0.0344793387
-0.0139369182
-0.0293423608
0.0663783550
0.0256206319
-0.0623464547
0.0237136409
0.0131695522
-0.1027990431
0.0794527009
0.0370092057
0.0387337245
0.0845445395
0.0343828611
0.0535492748
0.0487514175
-0.0420688279
0.0128083788
-0.0321662575
0.0481259115
-0.0204471629
0.0469640903
0.0146281021
-0.0510356873
0.0693376064
0.0047558416
-0.0094500743
-0.0586767234
-0.0258937962
0.0384613760
0.0080365064
-0.0204394870
0.0816471949
0.0216835625
0.1029845849
-0.0834860578
-0.0570616163
0.0137413722
-0.0196395963
0.0345487781
0.0143026924
-0.0125769190
0.1605563164
-0.2201936692
-0.0393346399
-0.0018174592
0.0654357001
0.0077784108
0.0245376471
0.0565717071
-0.0218225382
0.0337116346
0.0186949689
0.0273326468
-0.3590008020
-0.0008875148
0.2383847088
-0.0491815284
0.0528716780
0.0765066445
-0.0171980448
0.1604780108
-0.0320968628
-0.0124890590
-0.0208185241
0.0681511164
-0.0352645963
0.0530005880
0.0257454813
0.0166237075
-0.0356145352
0.0122434217
-0.1128912419
0.0645727739
0.0547770560
0.0336064957
0.0463811196
0.0738590583
0.0506263524
0.0334258378
-0.0372758992
-0.0232508462
-0.1228305176
0.0056152749
-0.0328436643
0.0401073731
0.0128311608
-0.0111360811
0.0542986542
0.0025184341
-0.0008483926
-0.0428449810
-0.0573863611
0.0265541431
0.0027063047
-0.0139634619
0.0697145984
0.0186160617
0.1915328056
-0.1645736396
-0.0438757092
0.0187759455
-0.0160518978
0.0580335222
0.0217708088
-0.0166838486
0.0896827802
-0.0926055461
-0.0835699365
-0.0021265163
0.0031429287
0.0050956598
0.0075365198
0.0533934943
-0.0247602053
0.0443965383
0.0201143175
0.0231670383
-0.2716187537
-0.0104299970
0.1662966758
-0.0511774421
0.0393269658
0.0515824482
0.0173310023
0.0447761305
-0.0432418995
0.0308652949
-0.0480184145
-0.0425360724
-0.0232263431
0.0390232317
0.0257044490
0.0901233479
0.0729300752
0.0121546676
-0.0784206912
0.0514122806
0.0018761466
0.0280137323
0.0788986981
0.0600113496
0.0444850959
0.0343144536
-0.0425433293
-0.0092692934
-0.0144312335
0.0236408319
-0.0123230442
0.0345893167
-0.0050074807
-0.1402278394
0.0461094305
0.0323394164
0.0090950802
-0.0348689184
0.0427143611
0.0322983600
0.0025512425
-0.0205639191
0.0457339771
0.0185472611
0.0763182789
0.0023467417
-0.0510766543
0.0043593924
-0.0148076378
0.0346129760
0.0088436222
-0.0118173333
0.0768453404
0.0232135486
0.0244421195
-0.0006415906
0.0143863214
0.0114326887
0.0157251842
0.0518916510
-0.0306790285
0.0241423063
0.0216067508
0.0270271860
-0.1509915143
-0.0277308971
0.1634459645
-0.0641272143
-0.0485406779
0.0897042230
0.0307591800
0.0204736758
-0.0202422496
0.0224369708
-0.0111543331
-0.0985585824
-0.0656899512
0.0503440946
0.0340637714
0.0764650106
0.0914674401
0.0082984222
-0.0744281858
0.0611724295
0.0102044605
0.0252846405
0.0565591492
0.0951246470
0.0421246625
0.0391119048
-0.0323495306
0.0056813094
-0.0957759097
0.0573492907
-0.0067428313
0.0296424460
-0.0019545252
-0.1387128085
0.0397503786
0.0270085782
-0.0083402805
-0.0424588285
-0.1231395230
0.0330270082
0.0047037718
-0.0197525416
-0.0536999889
0.0597463548
-0.0330029093
0.0150088165
-0.0501964465
-0.0137507757
0.0102359848
0.1011869982
0.0181738026
-0.0046552727
-0.4270941019
0.1072059572
0.0377908386
-0.0185860060
-0.0856778547
0.0343625396
-0.0388064496
0.0749942958
-0.0436184108
-0.0314804278
-0.0043575745
0.0482650474
0.3545407951
-0.1155398339
-0.0685701072
-0.1424747109
0.0197631977
0.0730248541
0.1561411321
-0.2636774182
-0.0109409606
0.1872791052
-0.2052811235
-0.2808091640
-0.0103707314
0.0061528739
0.0154231554
-0.1019897386
0.1061001197
0.0166601036
-0.0440117344
0.0785495937
-0.0855196416
0.0419379957
0.0110821454
0.1736386418
0.0305961706
0.0162908249
-0.0695567802
-0.0090835271
0.2126677483
0.0417894535
-0.0057254513
0.0375845209
-0.0361531302
-0.3168994784
-0.0175994877
0.0669955462
-0.0057775574
-0.0427577533
-0.0071171410
0.0435866974
0.0120322015
-0.0421953127
0.0474171415
0.0304739214
0.1097879112
-0.1154735535
-0.0673261136
-0.0113891242
0.0077742157
0.0972358882
0.0004104326
-0.0073280274
-0.0096113198
0.1802932918
0.0699182972
0.0239220057
0.0537799038
0.0271543656
0.0105895223
0.0668104663
-0.0296269897
-0.0295833237
0.0424660854
0.0327393413
-0.3247679174
-0.0933134928
0.0521955714
0.0391240865
-0.0409404747
-0.0013916999
0.0119281029
-0.1617386490
-0.0084338840
0.1901325434
-0.0935736746
-0.3623722196
-0.0010659546
0.1025043502
0.0448079146
0.1023363620
0.0855746269
0.0036310137
-0.0838624388
0.0824583694
-0.0684284419
0.0233766716
-0.0438866094
0.1100953743
0.0429038703
0.0308269467
-0.0056205904
-0.0013321463
0.0310817976
-0.0914366618
0.0066571399
0.0455082133
0.0325201266
-0.1689384878
0.0255131889
-0.0184585359
-0.0102375858
-0.0559261404
-0.1490704119
0.0197725538
0.0361907594
-0.0328571461
0.0575346947
0.0061432431
0.1483043730
0.1749044359
-0.0254102759
0.0246278755
-0.0235113297
0.0457275175
0.0102967406
0.0093512638
-0.0112744281
-0.0565246679
-0.0310398079
-0.0093240114
0.0136001194
0.0042981934
0.0010051777
0.0700728968
-0.0364266820
0.0168373231
0.0215434711
0.0163275134
-0.0215609521
-0.0167353619
0.1626232415
-0.1052563190
-0.1017617211
0.0175619144
0.0698333830
0.0399790518
-0.0234126896
-0.1184120178
-0.0982853174
-0.0769256875
-0.1506784707
0.0186749604
0.0416724943
0.2247454822
0.0294994190
0.0105243986
-0.0773726553
0.0506702065
0.0178896859
0.0332145728
0.0764610469
0.1504693925
0.0334849618
0.0167145208
-0.0282753520
-0.0306717381
-0.3273659647
0.0372650810
-0.0192261320
0.0259543341
-0.0030179441
-0.3103447855
0.0801314116
0.0419165194
0.0094429282
-0.0307821576
-0.1472865790
0.0241592024
-0.0090020187
-0.0098837400
-0.1457151920
0.0676800236
-0.0500948392
-0.0812594518
0.0220959485
0.0104212826
0.0138945477
0.3487995863
-0.0492818765
0.0458689630
0.2469200194
-0.2281762213
0.3207145631
-0.0059081917
0.2585102618
-0.0155843077
0.0498486087
0.0125282845
-0.0009551193
-0.0255694278
-0.0506672449
0.0266956445
-0.3675755262
-0.0908595324
0.1137168780
-0.1249947101
0.0965914056
0.1346659958
-0.1326591671
0.3455801606
0.0848777220
-0.1089026928
0.1977915019
0.3855825961
-0.2659840882
0.0335184783
0.0144901117
0.0325523056
-0.1961158961
-0.0140932761
-0.1351899505
0.1540770084
0.1686285138
0.0682098344
-0.0650211871
0.0114764180
0.0904186815
0.0482676327
-0.0589343309
-0.0614708290
-0.3030630648
-0.0931843817
0.0047173742
-0.0108578941
-0.0120461015
0.5459784865
0.0003406274
0.0511568189
-0.0108019635
-0.0420414656
-0.1172835603
0.0210814755
-0.0250962414
-0.0204333439
0.0244804751
0.0408213884
0.1471548975
-0.1998007149
-0.0580860786
0.0019082106
0.0001455039
0.0491455197
0.0096035050
-0.0355655365
0.0938028172
0.0300342124
-0.0641328394
-0.0078959344
-0.0285097398
0.0078730788
0.0167439897
0.0550644472
-0.0454886220
0.0081354938
0.0125158373
0.0254151504
-0.2291341871
-0.0393681414
0.0688673332
-0.0578307547
-0.0568398051
0.0035086740
0.0654136464
-0.0671422407
-0.0488441251
0.1434823573
-0.0132445768
-0.1798460186
0.0117313750
0.0277322195
0.0172159988
0.0022103989
0.0939363465
0.0067897746
-0.0500975884
0.0708836764
-0.0120431539
0.0200308952
0.0437103026
0.0105327964
0.0553203598
0.0519261695
-0.0391395837
0.0464037284
0.0788282454
0.0343760550
-0.0037632615
0.0200416818
-0.0186358970
-0.1419256628
0.0512050837
0.0389822572
-0.0157989915
-0.0529106185
0.0504243746
0.0589097925
0.0113490047
0.0053673633
-0.0326853767
0.0000160179
0.2284924537
-0.9481473565
0.0778066367
0.0200487450
-0.0838716403
0.1597610414
0.0508779213
0.0036180809
0.6568236351
-0.9089423418
-0.1753519028
0.0359503999
0.0615794286
0.0060060467
0.0643320605
0.1043125466
-0.0598341636
-0.0005198875
0.0084579755
-0.0770004615
-1.3629529476
0.1394154876
0.2733526230
0.0358049199
0.1148333102
-0.2212936878
0.1688344032
0.4566848874
0.0740630701
-0.0305808261
0.2550872564
0.6345918775
0.0740716308
-0.0165978037
-0.0346578732
-0.1063869968
-0.1778126806
-0.0286601223
0.0021605343
0.0475198440
-0.0179835930
0.0016440750
0.3441231549
-0.0086805262
0.0374577306
0.0599910282
-0.0567046702
-0.0696374699
0.1614016294
0.2714238763
0.0093957456
-0.0104726050
-0.0262880363
0.1634537578
0.0316004381
-0.0095471172
0.0567708686
-0.0846863613
-0.0165810082
0.0912121013
0.0217180401
0.0522383340
0.0751301274
-0.0364491269
0.2701977491
-0.2116303295
-0.0412149169
0.0421579480
-0.0804020241
0.1560326666
0.0322218761
-0.0434844717
0.3928464055
-0.0119966045
-0.0644133911
-0.0093461620
0.1659523547
-0.0122686122
0.0168246552
-0.0136512825
0.0126523795
0.1223615706
0.0314441621
-0.0161438677
-0.0106927278
-0.0389839076
-0.0133439172
-0.1008880883
0.0656147227
-0.1997566670
0.0660385862
-0.0881322697
-0.0076712286
-0.1021009907
-0.1068476662
-0.0284346156
0.1023957059
0.1335469931
0.0658963695
0.3407790363
0.1603530794
0.0446534604
-0.0301509984
0.0401969701
-0.1099731997
0.0268995017
-0.0384224020
0.1258820146
-0.0145775871
0.0046265423
-0.0158962645
0.0369818956
-0.0350950249
0.2292472124
0.0199863948
-0.0152451964
-0.0490258336
-0.2807940543
-0.0155560542
0.0742782429
0.0329535678
-0.0158408079
-0.0044295848
-0.0089263106
0.0044038184
0.0636349916
-0.1543120444
0.0859765261
-0.1346462071
0.3647478819
-0.0234749541
-0.0641694218
-0.0967468172
0.0600077249
-0.0232292321
-0.0603294931
1.0998139381
-0.1198846400
0.3768366575
0.0070579476
0.1311736852
-0.0181136392
0.1256827563
-0.0762440115
-0.0845745578
-0.0225445423
-0.1235954240
0.0793714374
0.3710119128
-0.0731951669
-0.0284519419
0.1495928615
0.5535911918
0.1252905726
-0.2953512967
0.4260865450
0.0905712321
-0.0893892348
0.1364999861
-0.5093179941
-0.1010564491
-0.0097574256
0.0303160399
-0.1082206815
0.0198994894
-0.0105894217
0.0049749054
0.1726787388
0.1184016317
-0.0739896297
-0.1579034925
-0.3303087354
-0.0204216111
0.1013650224
0.0074391691
0.1392692626
0.4605266452
1.0598077774
0.0299979039
-0.0086622639
0.0098229637
-0.4841258824
-0.0372957140
0.0402322188
0.0471090078
-0.0517765507
-0.0902116448
-0.0590855926
0.0239605606
0.0208646785
0.1005107537
0.0847521275
0.0344403125
-0.1054066941
0.0276529640
-0.0309385732
0.0649650395
0.0897345245
-0.0324638560
-0.0786997378
0.1048190966
0.0435322635
0.0286795776
0.0545214936
0.1186291054
0.0402428620
0.0592492893
-0.0212560222
-0.0453540608
-0.0425686277
-0.0258433353
-0.0011492549
-0.1201104149
-0.0341682471
0.0234412476
-0.0736880749
-0.1119652316
0.0394071154
-0.0339939669
0.0589979105
-0.0412736721
0.0595793836
-0.0698459819
0.0215404592
0.0925173014
0.1254747659
-0.0261786059
-0.0702733397
0.0320154950
-0.0199737269
-0.0450278148
0.0074079814
0.0186974183
-0.0658187941
0.0957292318
-0.0238611326
-0.0580779314
0.0964395553
0.0754124522
0.0212403741
0.0104807494
0.0038799359
0.0434159189
-0.0329210721
-0.0005584668
-0.0517369285
-0.0355035737
-0.0424990393
0.0073986794
-0.0385624915
0.1004925072
0.1066449508
-0.0037299704
-0.1804866195
-0.2024860978
-0.0249564052
-1.7394528389
1.3300545216
0.1102682203
0.0944068208
-0.0322356671
-0.6024973392
0.0317377038
0.1258341819
-1.2049547434
0.5025894642
1.0594626665
-0.1662206650
0.0366333425
0.0078928620
-0.1512469053
0.2819654644
0.0460621566
-0.3936911523
0.0020477639
-0.0049653146
1.7271709442
0.1062303632
-0.1300296783
0.4071740806
-0.7074186206
-0.7298549414
0.1865505427
-0.0005371918
0.0372318402
-1.2340979576
0.1833609790
0.1621272266
0.3968873620
-0.3114514649
0.0727796927
-0.3647722006
-0.4991207123
0.0236232560
-0.2843967974
0.1604890823
0.1660511643
0.2006316036
-0.1832087636
0.3896494210
-0.0496381447
-0.1147110164
-0.0139682433
-0.4477174878
-1.5992430449
-0.2653611302
-0.0455163829
0.0888329223
-0.1540452093
0.4403148293
0.2855767012
-0.1333692223
0.0056955963
0.0683062524
-0.7870800495
0.1629601419
-0.0780267939
-0.0313026793
0.0390064791
0.0360187441
0.1308479160
-0.1391324550
-0.0800166205
0.0017530075
-0.0072346656
0.1297344118
0.0071319155
-0.0085276170
-0.1418356150
0.1734787226
-0.0187494718
0.0089845723
-0.0673075244
-0.0016208055
-0.0048677553
0.0316622555
-0.0318405628
0.0561834536
0.0228439942
0.0653146431
-0.1396185160
-0.0355079100
0.0393622145
0.0886110216
0.0945654139
0.1415624619
-0.0611677356
0.0020425385
-0.0418492034
0.1363513917
-0.0014399907
-0.2084084898
0.0070584761
0.0293705706
0.0215119701
-0.0721791610
0.1371009499
0.0217232518
-0.1057450399
0.0689676180
0.0204647817
0.0585908853
0.1915408522
-0.0209463406
0.0633770078
0.0406036563
-0.0567084216
0.0374206603
0.1349899024
0.1205813810
-0.0264056399
0.0583615452
0.0109744882
-0.1489423066
0.0548109189
0.0299401786
-0.0184943024
-0.0761596486
0.1729387194
0.0202519931
0.0077795112
-0.0053900904
-0.0363744423
0.1130107492
0.7753083706
0.6064277887
-0.1362673193
0.0586614050
-0.0823517963
0.1531914175
-0.0446846150
-0.0841217265
-0.2687765360
1.1001700163
0.3207266629
0.1650222242
-0.0439426452
-0.0260309260
-0.0681533888
-0.0970420688
0.0035853533
0.1578844041
0.0566372462
0.1085691378
0.6278054118
-0.1652996540
0.1643829495
0.5180013776
0.2900069356
0.7055491805
-0.5477740169
0.1594920456
-0.0209798813
-0.2778009474
0.2632816732
-0.8180803657
0.1248312294
0.1018811837
0.0104889525
-0.3059887886
0.6604771018
0.0695353746
0.1059931219
-0.0277685132
-0.1951824725
0.0779146254
0.0461840853
-0.0919023901
-0.0188588332
0.0285944827
-0.0712777600
0.0060057747
0.3132045567
0.5681377649
-0.0183234066
0.1654950529
0.0089525850
-0.0534271151
-0.1110043079
0.0998025760
0.0201877095
-0.0261925273
0.4897319674
-0.1358257085
-0.0575948879
-0.0256397948
0.0639918521
0.0257922001
0.1094558239
-0.1367193311
-0.0615934171
0.0015397416
-0.0118624931
0.0687436014
0.0097775357
-0.0144575480
0.0702544227
-0.0015549634
0.0010058081
0.0023717140
0.0238000844
0.0104587628
0.0156162484
0.0557597354
-0.0320147760
0.0290192645
0.0233263597
0.0321796238
-0.2774466574
-0.0139766810
0.1001671031
-0.0396744758
-0.0167752970
0.0249844510
0.0133081218
0.0062701278
-0.0247835442
0.0916146412
-0.0210541431
-0.1372678876
-0.0208224636
0.0536493436
0.0300501864
0.0325832069
0.0703373849
0.0098400479
-0.0853802934
0.0639060214
0.0163299367
0.0303622298
0.0675788373
0.0440243632
0.0536634475
0.0414550118
-0.0366752185
0.0134861805
0.0259226579
0.0062135877
-0.0129342154
0.0353480875
0.0050287968
-0.0946502164
0.0565241054
0.0210851748
-0.0112047894
-0.0522772484
-0.0217390470
0.0400243998
0.0078703975
-0.0491462126
0.0660579279
0.0272632837
-0.1112854555
-0.1460700184
-0.0564143620
-0.0178425871
-0.0186052769
-0.0527940318
0.0121783772
0.0034581865
0.2693877816
-0.0596606210
0.1639887542
0.0037476802
0.1290681809
0.0231126584
0.0318338238
0.1024254262
-0.0327438973
-0.0462762937
0.0190359764
0.0242223460
-0.5086778998
0.0013903799
0.1532921046
-0.0020264247
-0.0354178473
-0.0203198139
0.0262366664
-0.0104233781
0.0273601282
0.0783521906
0.0787629560
-0.0440755710
0.0658994392
0.0856415704
0.0375010930
-0.0517245792
-0.0675323531
-0.0046838406
-0.0770744532
0.0981980562
0.0514136516
0.0373235531
-0.0207571741
0.1347466558
0.0631745756
0.0488106646
-0.0205599200
-0.0295090806
-0.0276617166
-0.1216059327
-0.0165989920
0.0497085415
0.0285261348
0.1101021245
0.0198205877
-0.0558749437
-0.0090207625
-0.0546300970
-0.2106576115
0.0604404584
0.0162017625
-0.0549670011
0.0240998939
0.0274023730
0.3744301200
-0.5615676641
-0.0236375965
-0.0046745916
0.0133180646
0.2142775357
0.0174134243
-0.0023996248
0.1246993691
-0.3205511868
-0.3681188226
-0.0205027610
-0.0076827253
-0.0321958624
-0.0279408004
0.1293032765
-0.0515841879
0.0326732732
0.0210776366
0.0022689151
-0.6749407053
0.0030146134
0.1027796119
0.0284621324
0.1073255762
-0.0419865809
-0.0227396488
-0.0220272224
-0.0811769143
0.3410281837
-0.0158795156
-0.0233700220
-0.0141030736
-0.0349167772
0.0135414572
0.0136253452
0.0031678095
-0.0152457543
-0.1075576097
0.0950970650
-0.0570962839
0.0370425880
-0.0046307030
-0.1243257299
0.0939972624
-0.0013367467
-0.0633687451
-0.0419613458
0.2787242234
-0.0024191756
-0.0618975870
0.0750456154
0.0298983902
-0.1104870588
0.1095219329
0.0251682159
-0.0142442649
-0.0688580498
0.3772984147
0.0452005900
0.0229839198
-0.0169423092
-0.2285812199
0.0040313331
-0.0727637038
-0.0306188930
0.0168564226
0.0467479713
-0.0284095090
0.0410503820
0.0059145950
0.0052433214
0.3622907996
-0.0706448555
0.1959361434
0.0189122967
-0.0872787535
0.0187883731
0.0321808048
0.0518115610
-0.0044501587
0.0207674950
-0.0222029667
-0.0124517595
0.0248785093
-0.0039139888
0.0137223946
-0.0515527837
0.1915993840
0.0717202052
0.0068025072
0.1359697729
0.0094553977
-0.1136482358
0.0995413810
0.8034148812
0.0168535020
-0.0586111061
-0.0375622921
-0.0035657824
-0.2131258398
-0.0095590819
0.0400203019
0.0122389067
0.1793501973
0.0467028245
-0.0489436388
-0.1006387174
0.0433825850
-0.0024568953
-0.0999855027
-0.1495244354
-0.2433342487
0.4841823280
-0.0663257763
0.0087060994
-0.0709472522
0.7608648539
-0.0191733707
0.0239984915
0.0081374384
0.0079338336
0.2957708240
0.0353945233
-0.0636073723
-0.0495655388
-0.1704576164
-0.0319368728
0.3114622235
-0.1481271237
0.0162660982
0.0165920444
-0.0605460666
-0.2167128623
0.0568700284
-0.0446116403
-0.1238297448
0.2365528345
0.2401135564
-0.0173836295
-0.1304318905
-0.0050326106
0.0032374735
0.1543875933
0.0209113769
0.0334660001
0.0514395647
-0.0031027095
0.2084594220
0.1304447651
-0.1126064360
0.0636366606
0.1600305438
-0.1547238529
0.1363229305
-0.0556069277
0.0053544892
0.0492107719
-0.1396831572
-0.0618073642
-0.0364355668
0.0069638868
-0.0003233596
0.1272893101
0.2289766222
-0.0112794628
0.0469049364
-0.0693793744
0.0935882479
0.0184004139
-0.1788270921
-0.0022681109
0.0575153604
0.0109329401
-0.1015200242
-0.0647247359
-0.3709346950
0.3799358308
-0.0775886700
0.0238674115
-0.0550798215
0.3359244466
0.0749850646
0.0837395191
0.0295176245
0.0531407967
0.5036764741
0.0389466174
-0.0878925249
0.0173275173
-0.1455818564
-0.0311582386
0.3632829487
-0.8393676281
0.0742445663
0.0297386702
-0.0327345245
-0.5325582027
0.1385997087
-0.1307067722
-0.2800447047
-0.5764995217
0.1782935560
-0.0062876050
-0.1015869305
0.0767907500
0.0302530434
0.1640243083
0.0141299572
-0.0683451965
-0.0210926291
-0.0877923518
-1.6378277540
-0.0576482750
-0.3430133164
0.0124089764
0.5656604171
-0.4369083643
0.2453462780
0.5237665176
-0.0521368273
0.0928188115
-0.7212289572
0.1740716696
0.7766219974
0.0262214597
-0.0889558941
-0.7668994665
0.5167000294
0.1273852438
0.2884555757
-0.0317813344
0.0580201522
0.0494509675
-0.3551578522
-0.1540784091
0.0083570434
0.0670920610
-0.1048948243
0.1424248368
0.6247317195
0.7405120730
-0.0802888051
-0.0328237563
-0.0972607806
-0.1130537391
-0.1997203082
0.0045168842
0.1384074241
0.0235543847
-0.6562449336
0.1709541231
0.0064445124
-0.0441085175
0.0041499496
0.0033346741
0.1980741322
0.0108678415
-0.0490751117
0.1036479697
0.0211027693
0.2688949406
0.0030458688
-0.0436652005
-0.2667783797
0.0704122186
0.0315416083
0.0451101772
0.1253556907
0.0726445690
-0.0314789526
0.1056048051
-0.0022317234
0.0046424773
0.0886346698
-0.0170880910
-0.1421324313
-0.0199982543
0.1288828850
-0.2509728670
-0.1332572550
0.0321494639
0.0048552086
0.0592620336
-0.0066506751
0.1906077564
-0.2918969095
-0.1280999780
-0.3671404123
0.0209691580
0.0413765013
0.3179594874
-0.0149384281
0.0003329173
-0.1846122742
-0.0422257558
0.1733366400
0.0076541896
-0.0174536668
0.0478367060
0.0056383424
0.0001568044
-0.0131475274
-0.0639396757
-0.0694398880
-0.2007896155
-0.0037361071
0.0016056712
-0.0111197187
-0.1138983294
0.0328776203
-0.0197092835
0.0287969317
-0.0155329024
-0.0907228366
0.0605743602
-0.0134965740
-0.0220369026
0.0118165379
0.0376303196
0.3906464875
-0.6147556305
-0.0160876419
0.1969769001
0.0381022729
0.0761758387
0.0310194455
-0.0436206535
-0.5352189541
0.0881581083
-0.0691485554
0.0896581560
0.1595721245
0.1043277532
-0.0241206642
0.1055033877
0.0189004000
0.0148125170
0.0993300602
-0.0102990894
-0.5959018469
-0.0333537608
0.0122893872
0.0487458296
0.2654836476
0.0127878683
-0.2613870203
0.5019018650
-0.0381654836
-0.1016430035
-0.5951942801
0.0413407721
0.0664697140
0.0540172271
-0.0022052918
0.0740661696
0.0265545584
0.0092889033
0.1872186959
-0.1229784265
0.2571210265
-0.0034294277
0.0470410883
-0.0624277443
-0.0166614540
-0.0185989980
-0.0506513380
-0.1205423698
0.0083936434
-0.8356768489
0.0094243335
0.0264009982
0.0133438408
-0.0499279238
-0.2910095751
-0.0847310573
0.0969884694
0.0308783427
-0.2812935412
0.0824888274
-0.0157680362
-0.0427759439
0.0451126210
-0.0249520894
0.1750339419
-0.0938625112
-0.0370371789
0.0460550152
0.0081093907
0.1679256409
0.0036414075
-0.0173975825
-0.2915027440
0.0646425039
-0.0438663960
0.0354289040
-0.1219969764
0.0381194428
-0.0347711854
0.0695297495
0.0034985340
-0.0129402075
0.0833501667
-0.0156209208
-0.0765373930
-0.0187758896
0.1505795866
-0.1023895591
-0.3175599277
-0.0127096605
0.0738334358
-0.2600727975
0.0070157377
0.1183669046
-0.1058337241
-0.1787519306
-0.1645086408
0.0737310573
0.0865575150
0.2484855354
0.0232060552
0.0106345965
-0.1361181289
0.0300083831
0.0446659997
0.0708368942
0.0132815428
0.1107057780
0.0147024151
-0.0070475498
-0.0047449046
-0.0465323590
-0.3284979463
-0.1687008291
0.0209110156
0.0120955538
-0.0150579810
0.0015526188
0.1355799735
0.0053567411
0.0053339652
-0.0554621890
-0.1757451296
0.0322638862
0.0091339890
-0.0601563342
-0.0116137052
-0.0087045711
-0.4593945742
0.0587671995
-0.0319954120
0.0392015576
-0.0131592685
-0.0259779282
-0.0319194235
0.0043517537
-0.1582776457
0.2087348402
0.1701157689
0.0511997119
0.1213064790
0.0614181757
-0.0513159037
0.0999371558
-0.0255432799
-0.0564381965
0.0977047831
0.0090929875
0.4859752059
-0.0066838418
0.3608746529
-0.0776645467
-0.2275589108
-0.0409500971
-0.0480790250
0.0034684183
0.0638436154
-0.2495932430
0.0886745304
0.0642391741
0.0196044743
0.0552874692
0.1044255123
0.2415918857
-0.2303690314
0.0234882962
-0.1942969859
0.0362496786
0.0984130204
0.0745493621
-0.0014819342
0.1884590387
-0.0057677832
-0.0305464901
-0.0118345367
-0.0912401080
-0.5720986128
0.1083417386
-0.0196334925
0.0369034223
-0.0159805082
-0.0234215558
0.0301801488
-0.0380603783
-0.0277166553
-0.0488490537
-0.3099324107
0.0158869736
-0.0205969904
0.0021131837
-0.1408984214
-0.0517496802
-0.8637099266
-0.2221550792
0.0720745698
-0.0076526045
-0.2249183059
-0.0143348295
-0.0036923168
-0.0944623202
1.9190640450
0.0589647442
0.9227986932
0.0471754074
-0.0573307574
-0.0972316116
0.0255877990
-0.0130866859
-0.0644808337
0.0554288253
0.0394297913
-0.0829267055
0.1821190864
-0.0983161330
-0.1981109381
-0.0473522879
0.3554589450
0.1078262180
-0.2554282844
0.3675689101
0.1092177778
-0.3611236811
0.7785407305
-0.8431878686
0.0903971195
-0.1169774681
0.0895287767
0.1499782205
-0.2220924050
0.0187110342
-0.2202436924
0.0365633145
0.1857134253
0.0078090681
-0.2994249165
-0.3203287423
-0.0733235106
0.0403114296
0.0005068356
-0.1803838462
0.6860989332
1.4373489618
0.0415946022
-0.0149591537
-0.0250749830
-0.3980576694
0.2245000154
0.0210396554
0.1231993139
-0.1217170283
0.3488397002
-0.0563030057
-0.0424255244
0.0239536259
0.5976728797
0.0462420732
-0.0838353336
0.1050204039
-0.0317361020
0.0546102673
-0.0647696778
-0.1708018184
-0.0831054300
0.0843134895
-1.9914065599
0.7478316426
1.0041383505
0.1100665405
0.0673932657
0.0416493937
0.0090821460
-0.2362543195
0.1007951126
0.1887036562
0.0122540100
0.0570371710
0.4628488719
0.0813244730
-0.0191244669
0.8765424490
0.1070701331
-0.3389441669
-0.2441399693
0.9822645783
0.0814966783
-1.8236558437
-0.1010744721
-0.9964354634
0.5383536220
0.1586667597
-0.1128633916
-0.6658521295
0.6968554258
-0.0256533828
0.7805621624
-0.0558412448
-0.7941534519
0.0014319778
0.3485962451
0.0776821449
-0.1064869612
0.0629274994
-0.0502748974
0.2414630651
-1.5769158602
-2.2049083710
0.0713076591
0.1333568394
-0.0529763661
0.3744193912
-0.7266793847
0.1448215395
0.0701991618
-0.0123907113
-0.7100685835
-0.1544095427
-0.0049188822
-0.1187930256
-0.1567160040
0.0142470989
-0.6786593795
0.5513277054
-0.0763755590
-0.0273823775
-0.0305015109
0.4759709835
-0.0480951481
0.0589481480
-1.3648306131
0.3886197507
0.5543405414
0.0689546466
0.0914418474
0.0912572592
-0.0954419225
0.0957367122
0.0745408013
-0.0193658322
0.1029601544
0.1212827340
1.0677224398
-0.3634891510
-0.6209957600
-0.0641146749
-0.1057487577
-0.5853655934
0.2235201150
-0.2544742227
0.2064688802
0.1683242023
-0.8173994422
-1.0693871975
0.1617138088
0.1379133463
0.1753457040
-0.2711621821
-0.0756198317
0.1018946320
-0.0396567918
0.0956138074
0.0925042108
0.1040476039
-0.0912484229
0.1574782729
0.0601136424
-0.0569255985
-0.0550688878
0.1066074073
-0.1040977091
-0.9589482546
0.0366764478
0.1284600645
0.0487973690
-0.1772605628
0.0704776347
-0.0056555630
0.1216111854
-0.1126740128
-0.2126451582
0.0617488660
0.0409693159
-0.0876849368
-0.2678353190
0.0816570893
-0.3412940502
0.4225106835
-0.1179199219
-0.1395453215
0.0174723603
0.8010141253
-0.0948406458
0.0214831848
-1.2339837551
-0.2714689970
0.1070698202
-0.0405564643
-0.1348255575
0.0149167599
-0.0754806101
0.0691023171
0.0233081672
-0.1039435267
-0.0016038083
0.1170357466
0.8034102917
-0.2048884630
-0.3950357437
-0.1046122387
-0.0141900945
-0.1850661635
0.3987939954
-0.5023956299
0.1877820641
0.6381047964
-0.4206329584
-0.7580786347
-0.3357564807
0.1034951732
0.1005479544
-0.5678410530
0.0275751799
0.0501462705
-0.3611499667
0.2617062628
-0.0216521248
0.1389532685
-0.1253845692
-0.1023214385
0.0960650891
0.0664581284
-0.0366440043
0.2185367793
0.0951984003
-0.3613325059
-0.0308456868
0.0326118469
-0.0084563466
-0.4088591337
0.0823871642
0.0918593779
0.0112717766
-0.1313490421
0.0916618779
0.0718550012
0.0568707548
-0.0585502833
0.0706084296
0.0474984348
0.0371509157
-0.2534962296
-0.0558118038
-0.0066270758
0.0039763320
0.0772252604
0.0029191065
-0.0071301037
0.0753952414
-0.0663091913
0.0026075228
-0.0106902597
-0.0009750228
-0.0030482996
0.0081608994
0.0969742760
-0.0349095687
0.0033260384
0.0172751825
0.0335542783
-0.4179437160
-0.0161072183
0.0211511608
0.0046778894
0.0094161695
-0.0382541418
0.0058836429
-0.1051166430
-0.0408682227
0.1741900146
0.0020681671
-0.0855098888
0.0214999467
0.0209625345
0.0222514719
0.0186884236
-0.0295954272
0.0050257617
-0.1219371632
0.0903541893
0.0350688584
0.0379018709
0.0764732584
0.0039045578
0.0716400594
0.0405274220
-0.0329585597
0.0054417690
0.0697505176
-0.0192783047
-0.0304681063
0.0497196317
0.0335907526
-0.0401751511
0.0840928629
-0.0124408053
-0.0135469297
-0.0629551411
0.0412410274
0.0572998859
0.0135971401
-0.0306756441
0.0893409401
-0.0046446663
0.1841109693
-0.4982094765
-0.0690050423
-0.0090036616
-0.0363971628
0.2992582321
0.0028670016
0.0079031140
0.1477923393
-0.7696501613
-0.3348997831
-0.0179468449
0.0615192391
-0.0314414948
0.0455703624
0.0971617550
-0.0481047668
0.0220011398
-0.0304435845
0.0042450870
-0.7390024066
0.0522864982
0.3743897974
0.0885455161
0.1123977005
0.1044551879
-0.1522573382
0.4751960635
-0.0228686165
-0.1235663667
0.2277681381
0.0604067892
-0.2650632858
0.0065809567
0.0316899158
-0.0969537646
0.0032209780
0.0071122842
-0.1351514459
0.1399919838
0.0397327095
0.0128751080
0.1298665106
-0.1720581204
0.0514806882
0.0467325822
-0.0162754674
0.0430711955
0.0125043355
-0.1961171925
-0.0445668027
0.0681903437
0.0847520605
-0.2578734756
0.3211561441
-0.0540932156
0.0202525258
-0.0677618906
0.1231697723
0.0356389061
0.0486995950
0.0717365891
0.0656249076
-0.0552519895
1.0329954624
-0.4081594050
-0.1499392390
0.1094921529
-0.0915239304
0.3891843259
0.0171468500
-0.0658112615
0.2513733208
-0.0346067548
-0.1423162073
0.0876326710
-0.5600014329
-0.0135889398
-0.1314083636
-0.2061377168
0.0908522159
0.3700182438
0.0657715350
0.0379308984
-0.0212452598
0.0965402350
-0.6641352773
0.1276403368
0.2179859877
-0.3174003065
0.0304890759
-0.0983581245
-0.0268167723
0.2741795182
-0.2409119308
-0.4181007743
0.3879591525
0.1427850723
0.0055108359
0.2958094180
0.2219937742
0.0835683867
-0.0542012043
-0.1189266518
-0.0070902272
0.0818724632
0.5474898815
-0.3936643600
-0.0484914221
-0.0790911019
-0.1083319709
-0.1106883362
0.3331442773
0.1458356380
0.0480813459
0.1276874840
-0.0536366329
0.1368259192
-0.1582986116
0.1713963002
0.1040541008
-0.0305318683
0.5375775695
-0.1363902241
0.0285220947
0.0028841330
-0.0500062816
-0.0088346880
0.1790108532
-0.0006994267
-0.0124338726
-0.0048053977
-0.0272739399
0.1517347544
0.0387428440
-0.0070012510
0.2552474737
-0.0773773342
0.0087281344
-0.0474162959
0.0781196505
-0.0301106796
0.0917677432
0.0439068414
-0.0180440601
0.0125780636
-0.0140365884
0.0076932651
-0.3468469977
0.0035432803
0.1372280866
-0.0908048823
0.1523447186
0.0986120179
0.1435328126
0.2552308142
-0.0367801487
-0.2657369077
0.0796622112
-0.0363386013
-0.1161828265
0.0164002664
0.0140239997
-0.0415111035
-0.0119809313
-0.0241371598
-0.0375904255
0.0655544326
0.0334724300
0.0389429256
0.0512086302
0.0309756286
0.0834479704
0.0619175844
-0.0475588441
-0.0191854499
0.0388431586
-0.1698722690
-0.0322979093
-0.0324856043
0.0160170123
-0.1531617939
0.0919645503
0.0523751155
0.0006863085
-0.0275225136
0.1158615053
0.0251101088
-0.0092769768
-0.1526315212
0.1241387948
-0.0300255548
-1.0948776007
0.8012654185
-0.0178634003
0.0360124782
0.0287403781
0.4781437218
0.0338333920
-0.0272692516
0.2321746498
-0.2557124197
0.8664141297
0.0236775298
-0.1911639273
0.1100392938
-0.1045600399
0.2396141291
-0.0600481108
-0.1425546706
0.2270056754
0.0478070565
0.5391559005
0.0278897621
-0.5432099700
-0.0667932555
-0.1834450513
0.5632094145
0.3335418999
-0.0449930802
0.2361996919
-0.5036913157
0.3404064775
-0.0572892688
-0.6218113303
0.2741478980
0.1657031178
0.1391532272
-0.2851890922
0.0219915677
0.0787453577
-0.0537388958
0.1816993654
0.0224395152
-0.3715096116
-0.2243609428
0.1204018667
0.0052046827
-0.1193449870
-0.1489900202
-0.3868579566
0.2837769985
0.0720651895
0.0293043889
-0.0603616200
-0.4847224057
0.0025551429
-0.0924026445
0.0392495915
-0.0802520514
-0.1717111468
0.0823370144
-0.0949787870
-0.0095949909
-0.0983521044
0.1086703539
0.3037013113
0.3635153472
0.0437483005
-0.1508404464
0.0994164422
0.0523002148
-0.0025843671
0.0591065064
0.3899227083
-1.2405754328
0.6178201437
0.0025277517
0.4117230475
0.1082913354
0.2332023382
0.1652597040
-0.0523984320
-0.0620838925
0.0954647958
-0.0136719262
-1.6050032377
0.1028034091
0.8277924061
-0.4539542198
0.6887112260
1.1079771519
0.0963607579
0.3901791871
0.1820127964
-1.2678114176
-0.0640094504
-0.2885949910
-0.6128593087
0.2431429625
0.0023046620
1.1991877556
-0.5420376658
-0.0580741391
-0.2860955000
0.0205192044
-0.3188810349
-0.1747111976
0.0019263313
-0.6136218905
0.1991371959
0.2321548760
-0.0549420677
0.2483226359
1.8196083307
-0.2197661847
0.0148929488
-0.0874268711
0.1400062442
0.5673207045
0.1390275061
-0.0778871775
0.0570457540
-0.1059872434
1.7727118731
-0.0331474096
-0.1054699793
0.0107130501
0.0398528241
0.0345338173
0.0049379226
-0.2451402843
-0.0046172603
0.0381918177
0.0101597309
-0.0519741997
-0.0054028854
-0.0396742970
0.2231470048
0.1750237346
0.1592019051
0.0118422545
0.0955929980
0.0276242495
0.0143073061
-0.0134149604
-0.0000737921
0.0644668117
0.0157458745
-0.0298454575
-0.1426174939
-0.0233617052
0.1104634479
-0.0964382216
-0.0416750573
0.0271657668
-0.0235717725
-0.0662151948
-0.0261704009
0.0262349863
0.0493992046
0.0885407552
0.0662161410
0.0851030350
0.0059598861
0.4296396077
-0.0485526919
0.0070943264
-0.0791689083
0.0114732040
-0.0620665662
-0.0044768685
0.0657761991
0.0547129475
-0.0069557494
0.0411373749
-0.0117503917
0.0094408384
-0.1789280027
0.0935016200
0.0486096218
-0.0167313684
-0.0262681823
0.1789972484
-0.0637817755
0.0221431628
-0.0020426936
-0.0164620746
-0.0624487810
0.0276499167
-0.0065170573
0.0020582608
0.0330906697
0.0276478063
0.2007679343
-0.1823504120
-0.0179170128
0.0360237658
0.0249062870
0.0497688092
0.0000778764
-0.0396721140
0.1165088862
0.1504355818
-0.0255580600
0.0228505768
0.0273099281
0.0252552275
0.0079923626
0.0115877567
-0.0158720743
0.0254753008
0.0256508961
-0.0018704202
-0.1688391417
-0.0434066094
0.2062593549
-0.1231866330
-0.1558050066
0.0633369610
-0.0064636422
-0.0856814831
-0.0328409784
0.0229327939
-0.0357577093
0.0021442762
-0.0529263951
0.0678782985
0.0132547971
0.3342935145
0.0772392899
0.0060167355
-0.0601215139
0.0278511215
-0.0020855858
0.0061048265
0.0111920135
0.1046694741
0.0096529620
0.0342309661
-0.0019175457
0.0097753871
-0.1616307795
0.1024701223
0.0227152817
-0.0092628067
-0.0201935712
-0.0742374212
-0.0028885391
0.0403764769
-0.0056324857
-0.0082157645
-0.1896713376
0.0292977802
-0.0017135778
-0.0116786370
0.0429645777
0.0147327641
0.2483414263
-0.1311690062
-0.0287254304
0.0268427487
0.0249742866
0.0525655448
0.0010304130
-0.0226857401
0.0666682944
0.2155556083
-0.0531873107
0.0127051277
-0.0205692034
0.0249426924
-0.0039112600
0.0368187502
-0.0146273393
0.0219983719
0.0455502979
-0.0023207397
-0.1071041301
-0.0540372878
0.2412808836
-0.1774233133
-0.2537319362
0.0247718599
0.0416271128
-0.1974737644
-0.0366867371
0.0828834102
-0.1403690577
-0.1258790195
-0.1124987304
0.0631520227
0.0371923968
0.4524655342
0.0836498812
0.0050703809
-0.0459560417
0.0376686528
-0.0092328740
0.0084017245
-0.0240024105
0.1241323948
0.0216756538
0.0181216616
0.0056273597
0.0431898870
-0.2448908687
0.0801232383
0.0255413763
-0.0032492836
-0.0152789280
-0.1556929648
-0.0175150745
0.0537229516
-0.0193721056
-0.0063829948
-0.3574090898
0.0268633645
0.0063963952
-0.0792634636
0.2691510618
-0.0148207583
0.2553211153
-0.3355455101
0.0022940256
0.0258387290
0.0117699355
-0.0997721106
-0.0031847230
-0.0028692319
-0.6764801741
-0.2173195928
-0.2821741998
0.0273793973
-0.3508244753
0.0122751892
-0.0436336510
0.1168285385
-0.0483904853
-0.0320542380
0.0840246454
-0.0100226253
-0.1084214672
0.0413378216
-0.0548368953
0.0617283583
-0.2210813016
0.0380560271
-0.0267732944
-0.1794969887
-0.0095202420
-0.0301829390
0.1456886828
0.0114775291
0.1916172653
0.0539490059
0.0838972256
-0.0262038093
-0.0643718168
-0.0013793072
0.0010851299
0.0464071259
-0.0330562480
0.0626693666
0.1245442554
0.0284486078
0.0312740207
-0.0065206736
-0.0143006444
0.0595158264
-0.3024626374
-0.2211482227
0.0345214270
0.0570682697
0.0305809285
-0.0944444835
-0.0219854340
-0.0657184571
0.0192200281
-0.0839177445
-0.1787686497
0.0401410758
0.0049805818
-0.0318613648
0.0184912700
-0.0012967271
0.2379785031
-0.2442327589
-0.0435963236
0.0351501666
-0.0084546413
0.1212275773
-0.0000525123
-0.0090186754
-0.1282255054
-0.0803001896
-0.1756989211
-0.0061659692
-0.1247795299
-0.0063576801
-0.0187589712
0.0502161346
-0.0159785748
0.0621794723
0.0397922806
0.0190340653
-0.2267855406
-0.0826444775
0.0320219919
-0.1019254997
-0.0594005771
0.0769529715
0.0519815423
-0.1148500070
-0.0865200981
0.2080222219
-0.0929240882
-0.1493986100
-0.1258280724
-0.0121935997
0.0673357621
0.1816103905
0.0709930733
0.0131442519
-0.0360942855
0.0470437780
-0.0089663705
0.0521399044
0.0922358185
0.0067248596
0.0394763350
-0.0022138145
-0.0298963785
0.0403827429
-0.0537942946
-0.0778343156
-0.0055907192
0.0423415303
0.0218816921
-0.1863705963
0.0064577102
0.0475430265
-0.0009956541
-0.0557049736
-0.0463863425
0.0114436941
0.0081682904
-0.0053688986
-0.2799245417
0.0005978906
-0.7145910263
0.2341882437
-0.0175605491
0.0301790088
-0.0371956453
-0.1694598943
-0.0459887162
-0.0549934953
1.2397170067
-0.1647468060
-0.1277606040
0.0011111737
-0.0711084232
-0.0124371583
-0.0291208345
0.0787213966
-0.0963606313
-0.0021845347
0.0428316370
-0.1052322686
0.5103427172
-0.0333999842
0.2879382968
0.2065054625
-0.0362721942
0.2952982485
-0.2740079761
-0.0807997957
-0.0456388034
-0.2676468194
0.4416847825
1.7435160875
0.4924601912
-0.0664777830
0.0551566966
0.0410899222
0.0332953632
-0.0516613647
0.1956767142
0.0523797795
0.0078343051
0.0751332566
-0.4667258859
-0.2015476227
0.0203011688
-0.0139494454
-0.0784759745
-0.0297817104
0.0372296385
1.3431988955
-0.0422120318
0.0074911625
-0.0676596314
1.0290075541
-0.0028887116
-0.1243479773
-0.0908940732
-0.0479924753
0.2200954258
0.0254875645
-0.0393317938
-0.0105522182
-0.2806864083
0.0059172106
-0.4988824725
0.2649222612
0.0008703214
0.0515107438
-0.0305243619
-0.2758311927
-0.0436681062
-0.0615943857
1.0195325613
0.0210202020
0.0263438113
0.0217090435
-0.0464810170
0.0198487882
-0.0531839915
0.1167220250
-0.0934866071
0.0176066924
0.0681106970
-0.1094560027
0.1792008281
0.0232260954
0.2753248215
0.1856075823
0.0688253492
0.3398351967
-0.0840665698
0.0044000428
-0.0482000150
-0.2380986661
0.3992493451
1.6078121662
0.3779042959
-0.0907879695
0.0392442867
-0.0486517437
-0.0022816274
-0.0500865206
0.1820948869
-0.0166440848
-0.0332884565
0.0598554723
-0.3111577928
-0.0907130465
0.0078790588
-0.0260611735
-0.0935611129
-0.1086968258
0.0099998014
1.1112176180
-0.0356140137
0.0073919324
-0.0957063064
1.0622935295
-0.0307660270
-0.0922637358
-0.0518482625
-0.0180159621
0.2762859762
0.0058563286
-0.0389272794
-0.0078608198
-0.2843847573
-0.0059826975
-0.4362535179
0.2656994462
0.0031102244
0.0622547902
-0.0389398038
-0.2136909366
-0.0354373939
-0.0731863827
0.9694566131
-0.0434952267
-0.0089041153
0.0193871036
-0.0847153589
0.0164367184
-0.0443115830
0.1131088585
-0.0845460221
0.0178468917
0.0623992085
-0.1122688502
0.0875824243
-0.0029554118
0.2772608697
0.1835565567
0.0416647978
0.2998219132
-0.0597869232
-0.0351397768
-0.0580446869
-0.2104969174
0.3801106513
1.5362019539
0.3567645550
-0.0960125998
0.0436366834
-0.0439894162
-0.0341788903
-0.0367342383
0.1764560938
-0.0165111776
-0.0400130525
0.0687551275
-0.2542490363
-0.1014660075
0.0021573689
-0.0270226263
-0.0928289294
-0.1211935282
0.0085758446
1.0546069145
-0.0427522436
0.0026074478
-0.0939059630
1.0107384920
-0.0200041384
-0.0850755647
-0.0377457030
-0.0157051012
0.2799721360
0.0161528401
-0.0310829021
-0.0118610468
-0.1175274998
-0.0010094002
-0.2957315743
0.2482956797
-0.0066538523
0.0823709592
-0.0342864096
-0.1662075073
-0.0201469548
-0.0698852316
0.4800139964
0.1723485738
0.2150925696
0.0312972665
-0.0348869488
0.0387534201
-0.0294271447
0.0826829672
-0.0488805994
0.0488654189
0.0605543852
-0.0673255920
-0.0115174642
-0.0028624667
0.0750010684
0.1136610582
0.0521608330
0.1991389096
0.0009108054
-0.0260510389
-0.0243786462
-0.1846330017
0.1847568005
0.9124351740
0.1928012669
-0.0478562489
0.0378401913
0.0170663279
-0.0133317402
-0.0070869913
0.1212277859
-0.0494746976
-0.0277351122
0.0524788015
-0.0928790718
-0.0114471596
-0.0119178565
-0.0120212538
-0.0837955102
-0.1212975904
-0.1591543108
0.5992774963
-0.0167084616
0.0108575150
-0.0833293349
0.6805527210
-0.0259006675
-0.0359752476
-0.0031583537
-0.0112599814
0.1706234962
0.0172817912
-0.0300196204
-0.0054481947
-0.0830012709
-0.0056008408
-0.2364595681
0.2050886154
-0.0268331934
0.0724011585
-0.0283980761
-0.1290240586
-0.0160166230
-0.0704794377
0.3679500520
0.0601482689
0.1693062782
0.0336356610
-0.0592114180
0.0363988988
-0.0124605782
0.0587730408
-0.0423628762
0.0561924987
0.0535186976
-0.0606393069
-0.1149145737
-0.0013793680
0.0668022111
0.1217067018
0.0589734316
0.1736314297
-0.0004130053
-0.0916242078
-0.0073957774
-0.1165911779
0.1545394063
0.8659804463
0.1701418906
-0.0156763177
0.0455141030
0.0388891734
-0.0344143547
-0.0008874650
0.1094293520
-0.0327927917
-0.0278497804
0.0666610450
-0.0691931546
0.0022054678
-0.0052904976
-0.0045194761
-0.0836267024
-0.1240257248
-0.1718752831
0.5518772602
-0.0101881716
0.0069257016
-0.0714930817
0.6890776753
-0.0325468332
-0.0407720171
-0.0055407388
-0.0322082825
0.2161426395
0.0162503961
-0.0121683432
0.0068628867
-0.0638061836
-0.0086767459
-0.3884971738
0.2526411116
-0.0404302254
0.0901660621
0.0051555294
-0.0933341905
-0.0020186251
-0.0781975836
0.1138935313
0.1035708487
0.2403257340
0.0392859466
-0.0220039319
0.0621676035
-0.0162539016
0.0282097459
-0.0284056775
0.0547630750
0.0598478168
-0.0388567746
-0.1230602041
-0.0700645596
0.0079003358
0.1162155718
0.0866752937
0.2839491367
-0.0128578702
-0.1358148158
0.0335469581
-0.0325859711
0.1090699434
0.8441393971
0.1219655648
0.0235430151
0.0641554445
0.0879769698
-0.1046750396
0.0253318921
0.0065590367
-0.0388683900
0.0027429461
0.0858952478
-0.0876878649
0.0095637571
-0.0085094720
-0.0068317819
-0.0957303569
-0.1192204729
-0.1643970162
0.5640526414
0.0093239639
0.0009613812
-0.0741740018
0.6246443391
-0.0169140119
-0.0522076637
0.0013378364
-0.0494935997
0.2070128024
0.0085479924
-0.0020874273
0.0588567108
-0.4891141653
0.0970305800
-0.0875396207
-1.1206079721
0.0265728086
-0.0568516590
0.0398240387
-0.2631301284
0.1127828583
0.0108129829
-0.1137791425
0.7501107454
0.4005336761
-0.0692025870
-0.1725681722
0.0458909459
0.0093395114
0.0688193440
-0.0253991056
-0.1166467220
-0.1362892985
0.0323629119
-0.7038854361
0.2241799533
-0.2916793227
-0.0387130082
0.6138588786
0.5551335216
0.4256562591
-0.1657911092
0.1357874274
0.0936811417
0.0322480425
0.4858825803
0.3441905379
0.0530447066
-0.0332091600
-0.3323617876
-0.2276397794
-0.0032550164
-0.0975781158
0.1439400315
0.0969285816
0.1042398214
0.0558630191
-0.3214242458
0.0248931684
0.0975768566
-0.1656979620
-0.2643551826
0.2729985416
0.2334962338
-0.0079676164
-0.0832651109
-0.2310751975
0.1657006443
-0.1785174161
0.1032894030
0.1073005572
0.1188571155
0.4506563842
0.0863754600
-0.0752543136
0.0133212544
0.0281100478
0.0190703124
-0.1850802153
1.1543233395
-0.0130192470
0.0967583731
-0.0067009493
0.3192449808
-0.0091913007
-0.1013418585
0.1266335994
-0.0196549129
0.1378966719
-0.0461383983
-0.4004515111
0.0381331295
0.0265318658
0.0024992113
-0.0222942177
0.0339134932
-0.0194706377
0.0410060212
0.2279590964
-0.0695837960
-0.2416452020
0.0235947128
0.2272685468
0.3673367202
-0.0432760119
0.4612418115
-0.0992876664
-0.0052035302
-0.2739998698
0.0662358403
-0.3004134893
-0.0404045284
-0.0204552226
-0.0512683392
0.1565032005
0.0133998124
0.0766487047
0.0014671667
0.1518545002
0.0023735121
0.3106943369
-0.2915087342
0.0537331402
0.0345157981
-0.1210185513
-0.0766969919
-0.3216862381
0.1946747452
0.0124335662
-0.0197750051
0.0184027366
-0.3205413520
0.1812310666
0.0788939819
0.0352767855
-0.0158431847
-0.5996111035
0.0072879079
0.0422023386
0.0413894132
0.0775084198
0.1274980605
-1.3999047279
0.2818786204
-0.0658396631
-0.0305773225
-0.1157229319
0.3988651335
-0.2573454380
-0.0425109640
1.0800781250
0.6216827035
0.1823343784
-0.1184147075
0.3335458636
-0.1625372916
0.0891667753
-0.0343429968
0.1003594249
0.1346893311
-0.0411961935
-0.0532598011
1.0453907251
-0.2256869823
0.7027963996
0.9183076024
1.0364764929
-0.2220188230
0.2439546436
0.0215390157
-0.1582362354
-1.4388017654
-0.8145249486
0.4414253533
0.2961348593
-0.2755033970
-0.0333718397
0.5837056041
0.3092479706
0.0115759373
-0.3810990751
0.0644563064
-0.0801538974
-0.1416849941
0.3494738936
0.2602486908
0.1378729343
-0.0900151730
0.0532267727
0.0453231670
-0.2957916856
-1.4170774221
-0.1245973110
-0.0482048728
0.0692165792
0.3579916656
0.7789984345
0.1683057994
-0.0986362174
-0.1387202591
0.9077295065
-0.1372559220
-0.0695657581
-0.0068336893
0.2184326202
0.0201030783
-0.2034443319
0.4369044304
-0.0382215045
0.0294730812
-0.0403122678
-0.1649248600
-0.0064775785
-0.0486284867
0.5625497699
0.1163226590
-0.0691493750
0.0292914826
-0.0303565897
-0.0116299717
0.0161424186
0.0186452195
-0.0538630113
0.0053923703
-0.0111160241
0.0051352018
-0.1292412877
-0.0774312988
0.1676139385
0.0248714648
0.0219244622
0.2192684263
-0.0166695956
-0.2437692434
-0.0390194841
-0.0208417252
0.2735706270
0.2188079059
0.2171791643
0.0384044759
0.0668696240
-0.0672432557
0.0713482648
0.0273231305
0.0512411408
0.0801353976
-0.0966002420
0.0002514923
0.0761735737
0.0994842574
-0.0107065784
0.0484303199
0.0005613430
0.0773926228
0.2345147580
0.2268346399
0.0446080230
0.0423536450
0.0184138566
-0.1414130032
0.1835901588
-0.0751161650
-0.0030286899
-0.1124086678
0.0922620744
0.0201815870
-0.0054111346
0.0382038616
0.0790577307
0.0165524073
-0.3465234041
0.2587134838
-0.0288229696
0.0258871727
-0.0397877134
-0.2427659929
0.0163687598
-0.0151242875
0.5210825801
0.3675424159
0.2241783440
0.0803641230
0.2625975609
0.0487985685
0.0202532224
-0.0283075348
0.0031753974
0.1242044196
0.0284278076
0.0073972545
0.0980583653
0.0619619489
0.1057356596
0.0706654489
0.2969110608
0.1410551816
-0.0784836337
-0.1154375523
0.0894794241
-0.1778301597
0.0757842883
0.5020684600
0.3215853572
0.1769478917
0.0456779711
0.4386066198
-0.2589118481
0.0240765810
-0.0907718763
-0.0406174548
0.0062714540
0.0047653788
0.0517471880
0.2053276598
-0.0419242680
0.0387146696
-0.0264477786
-0.0612740964
0.1511980146
0.7143934965
0.0553304516
0.0260784179
-0.0060735736
-0.0383017994
-0.0698989704
-0.0605702400
0.0292566046
-0.0660820603
0.2354508191
-0.0271904189
-0.0450578220
0.0634759292
0.0396583118
0.1100647673
-0.2936701179
0.6555136442
-0.0123350751
-0.0002687481
0.0011233758
-0.4234319031
-0.0161768533
-0.0272060614
1.2094475031
0.0850996375
-0.0144173224
0.0407047532
0.0742531419
0.0182752423
-0.0215629525
-0.0508425236
-0.0789549053
0.1082477570
0.0188352522
0.0123138167
0.6873582006
0.0732195377
0.0473242700
-0.1351452172
0.2946569622
0.3974588215
-0.2772877514
-0.1010030955
0.0936862081
0.1761774123
0.4002149105
1.3572055101
0.4706847370
0.1449777782
0.0071734218
0.1810694337
-0.2070277035
-0.0706742331
0.3327900767
0.0347117335
0.0199321136
-0.0294425581
-0.3062668145
-0.1452367753
0.0202871468
0.0105950311
-0.0932692736
0.0216067731
0.4348762929
1.6504437923
0.1393343806
0.0541587509
-0.0286471900
0.6381525397
-0.1863963306
-0.0359086767
-0.0511444286
-0.0417465158
0.1984305531
-0.0955437645
-0.0699788406
0.0018330110
-0.0399084948
0.0942224711
-0.5299831033
0.0054733069
-0.0143473875
-0.0384304263
0.0385426320
-0.3469352424
-0.0448053367
0.0104214111
0.7531855106
0.3430934548
0.2786200643
0.0011236178
0.0224698205
0.0512395538
-0.0675482824
0.0572672114
-0.0592048913
0.0434093587
0.0647120550
-0.0112569928
0.5115267634
0.2041497827
0.0472803190
0.0014772037
0.1102858111
0.4764344692
-0.1144846454
0.1793203503
0.0047262418
-0.2948376238
0.2907617688
1.1764519215
0.2491384447
0.0638156161
-0.0129965376
0.0173670482
0.1485502273
-0.0715168267
0.0545307696
-0.0133670010
0.0523281433
-0.0096262321
-0.4768189490
-0.0296887234
0.0536351055
0.0266915616
-0.0797830373
-0.1138596609
-0.1381906867
0.8059397340
0.0379697904
0.0021522206
-0.1136345863
0.7772477269
-0.1421865374
-0.0008709057
-0.0948763341
-0.0045972345
0.0493021086
-0.0176506471
-0.0758630037
-0.0095175058
-0.0470694005
0.0565927178
-0.3201009333
0.0216314662
-0.0120027279
-0.0153677100
0.0193424970
-0.2322311699
-0.0401057750
0.0084040025
0.5544705391
0.2802685797
0.2204261720
-0.0042006634
0.0275475513
0.0320761986
-0.0420727879
0.0673040152
-0.0438364185
0.0346120559
0.0527277663
-0.0246837214
0.2456516176
0.1271013916
0.1103675142
-0.0221744515
0.0409059413
0.3259817064
-0.0147382794
0.0844571665
-0.0205685087
-0.2278572768
0.1786743551
0.8655021787
0.1361304671
0.0269723516
0.0052430518
0.0614375509
0.1061836705
-0.0506048240
0.0147255883
0.0069440971
0.0222679377
0.0056051053
-0.3255176544
0.0318620466
0.0396567248
0.0119953072
-0.0562267639
-0.1020867452
-0.1504404694
0.5387350917
0.0138019575
0.0017904271
-0.0883408263
0.6287963986
-0.0878928602
0.0067495215
-0.0734349862
-0.0077796956
-0.0027666870
-0.0027443625
-0.0572081581
-0.0270917416
0.0096241552
0.0469289832
-0.0638598949
0.1282414645
-0.0745934099
-0.0025231426
-0.0072308863
0.0103728129
0.0107039968
-0.0308669042
0.1284454018
0.0667786375
0.0450510420
-0.0064443937
0.0385595337
0.0027269521
0.0479457714
0.0517021120
-0.0533774681
-0.0203790832
-0.0026303502
0.0515098162
-0.0821469873
-0.0776518881
0.0686117336
0.0171499420
-0.0088105444
0.0207394194
-0.0272861831
-0.0193988960
-0.0245297402
0.0234363526
0.0629852489
-0.2437581718
0.0757245496
0.0549687743
0.0460097603
-0.1310169697
0.0167968366
0.0157046057
-0.0696091726
0.0790931508
0.0429710299
0.0399325937
0.1136747375
0.0405168943
0.0525935143
0.0708165541
-0.0456997827
0.0299752709
0.0705475882
0.0706433952
-0.0214500744
0.0152304983
0.0127673429
-0.2751492262
0.0610452108
-0.0033772055
-0.0285924431
-0.0678077936
-0.0249582566
0.0674223378
0.0039407103
-0.0228638630
0.0157906003
0.0536288098
-0.0349756815
0.0634553954
-0.0798510835
-0.0094396910
-0.0046536787
0.0417715237
0.0023099368
-0.0364304781
0.1246940345
0.0331373364
0.0262746625
-0.0043014791
0.0277649779
0.0021849840
0.0505384244
0.0495149717
-0.0592248216
-0.0227091406
-0.0066078831
0.0496119075
-0.1229751632
-0.0794319808
0.0539546162
0.0049578543
-0.0210800525
0.0118202837
-0.0153874345
-0.0267729796
-0.0255946219
0.0567115843
0.0558626093
-0.2631618679
0.0636504218
0.0625750721
0.0445003770
-0.1369714439
0.0392784812
0.0156017439
-0.0647578761
0.0863549337
0.0224673953
0.0344457328
0.1111605912
0.0369313136
0.0578883886
0.0767873451
-0.0405478068
0.0503180474
0.0740731359
0.0335906148
-0.0180215016
0.0106052691
0.0114843035
-0.2544835210
0.0674093217
-0.0014260606
-0.0332549438
-0.0751182809
-0.0112615740
0.0717434958
0.0105362367
-0.0213457793
0.0136122117
0.0572626181
-0.0355699472
0.0506931394
-0.0823744163
-0.0132338516
-0.0060116551
0.0452114455
0.0002842059
-0.0417945087
0.1439127028
0.0182206221
0.0238985494
-0.0037536235
0.0233322978
0.0010839787
0.0562050603
0.0491611436
-0.0635734573
-0.0281188767
-0.0121244900
0.0491024442
-0.1400110126
-0.0868517682
0.0480874479
0.0128578190
-0.0134607786
0.0129920589
-0.0163352489
-0.0361732282
-0.0266688745
0.0692832693
0.0700687021
-0.2800467312
0.0730093569
0.0653480887
0.0457512550
-0.1649119705
0.0428636521
0.0172974132
-0.0590083189
0.0908632949
0.0117763821
0.0330647752
0.1132322401
0.0348194353
0.0580113754
0.0825544149
-0.0389188938
0.0546149090
0.0888301134
0.0297110099
-0.0184196625
0.0079618571
0.0132764382
-0.2572217286
0.0698507950
-0.0060060062
-0.0342849754
-0.0808577389
0.0064346441
0.0759898275
0.0129579250
-0.0190444831
0.0090140551
0.0574619621
-0.0485176146
0.0641142651
-0.0765500218
-0.0166166630
-0.0062561901
0.0341261365
-0.0008548759
-0.0446118414
0.1819043159
0.0307934377
0.0308870915
-0.0037589308
0.0158578344
-0.0012433069
0.0592959225
0.0473587885
-0.0651535019
-0.0287110768
-0.0160198025
0.0447356589
-0.1148674116
-0.0899502411
0.0615799911
0.0041379207
-0.0226187557
0.0160571709
-0.0111110257
-0.0501803048
-0.0256292298
0.0537358820
0.0822362080
-0.2628174722
0.0874956474
0.0640256405
0.0445265509
-0.1490046978
0.0437146649
0.0155336140
-0.0567856207
0.0926473737
0.0061889929
0.0262461137
0.1115340963
0.0338482112
0.0561968610
0.0845948160
-0.0360633284
0.0530956164
0.0806567222
0.0657882243
-0.0167576987
0.0056445575
0.0125509594
-0.2526274323
0.0701555088
-0.0050964458
-0.0341353714
-0.0811600089
0.0096830148
0.0770118833
0.0107248314
-0.0186631307
0.0058149518
0.0605662614
-0.0535421893
0.0364915505
-0.0800685734
-0.0167792290
-0.0024335305
0.0459079966
-0.0053215986
-0.0451095589
0.1553637534
0.0322290920
0.0239728149
-0.0036299184
0.0186121911
-0.0011062535
0.0571674891
0.0486856215
-0.0671553537
-0.0305537879
-0.0162559040
0.0430379026
-0.1101216674
-0.0892059654
0.0549292229
0.0037402308
-0.0279065613
0.0209996272
-0.0061516929
-0.0378898345
-0.0269246027
0.0527220666
0.0709377006
-0.2640286088
0.0848355964
0.0622702353
0.0431087352
-0.1527622491
0.0495792702
0.0130978292
-0.0597985499
0.0933298245
0.0062773628
0.0242496468
0.1073992997
0.0299378056
0.0580379330
0.0848022699
-0.0357679501
0.0613239259
0.0788420215
0.0371452719
-0.0157982726
0.0038676849
0.0114343399
-0.2497200072
0.0714769363
-0.0068216329
-0.0376139805
-0.0830232650
0.0179402996
0.0802827254
0.0114049343
-0.0170149431
0.0076654893
0.0637446940
-0.0602446981
0.0434754640
-0.0805812553
-0.0205583088
-0.0036922533
0.0379324630
-0.0042966851
-0.0471359864
0.1785715967
0.0247449297
0.0238224305
-0.0033478718
0.0189894959
-0.0018297094
0.0603647269
0.0460112505
-0.0706792846
-0.0323943645
-0.0205935258
0.0442457609
-0.1123079285
-0.0882248804
0.0522288419
0.0100762853
-0.0197393373
0.0149026448
-0.0115554137
-0.0408638082
-0.0260947105
0.0631456301
0.0907240361
-0.2591710985
0.1001138687
0.0639745444
0.0410977714
-0.1779552251
0.0508350469
0.0135721527
-0.0610936806
0.0960649848
0.0023127834
0.0229110960
0.1108861119
0.0291246362
0.0573291667
0.0889115781
-0.0366000347
0.0584085472
0.1027559340
0.0617023632
-0.0150537537
0.0038992667
0.0110343629
-0.2479924411
0.0723470002
-0.0081030363
-0.0381130539
-0.0858121887
0.0354005545
0.0817563683
0.0122810742
-0.0365145840
-0.0988751203
-0.0242023505
0.1095485762
-0.7301334143
-0.0107704215
-0.0691981167
0.0820397362
0.0733096749
0.0779371560
0.0608382784
0.0424621291
-0.0344883613
-0.4146462083
0.0518362634
0.0294386689
0.0880722255
0.0415061042
0.1364860833
-0.1212139577
-0.1513984948
0.0343928970
0.0512472987
-0.3543303907
0.0195174553
-0.1284673512
-0.1752094328
0.0144291483
-0.1184649691
0.1911870539
0.2856139541
0.0958458483
0.1118409559
0.2991922498
0.5309630036
0.3218830824
0.2189726382
0.0186665058
-0.2936388850
0.0971124470
-0.0391697474
0.0281356853
0.0845265016
-0.0916222259
0.0016590811
-0.0787619874
0.2146353424
0.0979121923
0.0931270570
-0.0586421415
-0.0888844505
0.0368053019
-0.1575288177
-0.0066839573
-0.0258852877
-0.0579408519
-0.0857478306
-0.0476406328
-0.0607159622
-0.0470766425
-0.0152600463
0.1004443616
0.1219964623
0.0246517863
-0.0779462457
0.0339791290
0.0580298118
-0.0713639855
1.0411307812
-0.0303655788
-0.0211181864
0.0336370096
0.0255971961
-0.0059908177
-0.0597721711
0.1304506809
-0.2208636105
0.7626668215
-0.0654956475
-0.0905885249
0.0362957381
0.0249250606
0.1537504345
-0.0537990108
0.0003537458
0.0377750248
0.0261337385
-0.3651948273
-0.0592095330
-0.1313459575
0.0756348297
0.1930845529
0.4344353676
0.2044544965
0.2408955842
-0.0923488364
-0.1845626831
-0.0685606971
-0.3764214814
-0.5794386268
-0.0065393467
0.0225848928
-0.1214143485
0.2097082436
0.0101692770
-0.0122940736
0.0288547706
0.0434174873
-0.0409720130
0.0560535602
-0.0360402800
0.0809997246
0.0655635446
-0.0689058825
-0.0223743096
0.0588499717
0.7317341566
-0.0192727055
0.0007993546
0.0347276181
-0.2194026113
0.0135118915
0.0228072871
0.0086868033
-0.0477718115
-0.1807259172
0.0156183029
-0.0361855850
-0.1357629746
0.1052599624
0.1081876829
-0.4669359326
0.9210330248
-0.0647404045
0.0029668151
0.0669024661
-0.1145120561
-0.0613201261
-0.0111149419
-0.3514042795
-0.3739250898
1.1284420490
-0.0352802388
-0.2214924544
0.0106351944
0.0317909122
0.1148231104
-0.0245245807
-0.1489732713
0.1263102293
0.0267647915
-0.2677197754
-0.2390333712
0.0665480494
-0.2212004066
-0.1207531914
0.2088695318
0.1592961997
0.6884480715
-0.0148876309
-1.4535356760
-0.3355591595
-0.9534717202
0.0262956601
0.1882042289
0.0254034866
-0.0937051773
0.0422164164
0.0410227403
0.0261331480
0.0081539582
-0.1502687037
0.0123496410
-0.1871293932
-0.0977715030
0.0386857949
0.0573980920
-0.0736718103
-0.1001152098
-0.1212933511
0.3265165389
0.0067700106
0.0042125727
0.0505486540
-0.1652523428
-0.0683464855
-0.0784712508
-0.0491652191
-0.0539358109
-0.2026263028
0.0649969205
-0.0686476380
-0.0183542725
0.0059609567
0.0655026585
0.0019492822
-0.0922981277
-0.0973023176
0.0007846454
0.0139257731
0.1195975691
-0.0186734423
-0.0429028161
-0.0203404650
0.0152019337
-0.0057422211
0.0029540074
0.0315009058
0.0119426558
0.0352950729
0.0464924872
-0.0636567101
-0.0348842032
0.0031344877
0.0430982783
-0.1509475261
-0.0846826136
-0.0089690341
-0.0359685831
-0.0476202182
0.0063165552
-0.0007709568
0.0014232723
-0.0303568672
0.1001628786
-0.0300825574
-0.3293527663
0.0060927519
0.0645988658
0.0445379652
-0.1311944425
0.0738753602
0.0115333414
-0.0615555197
0.0804574415
0.0120439539
0.0363522433
0.0679301694
0.0230589304
0.0566562638
0.0702579394
-0.0327173844
0.0830636993
0.0729165971
-0.1289908737
-0.0041190735
-0.0022444990
0.0012243844
-0.2644017935
0.0632953867
-0.0010860912
-0.0443305559
-0.0820260420
-0.0291014500
0.0772921741
0.0200075861
-0.0179769509
0.0107865473
0.0684092939
-0.0030765738
-0.1198492497
-0.1006203219
0.0052336613
0.0171668325
0.1225264519
-0.0188120864
-0.0389541909
-0.0597691722
0.0220520105
-0.0032681692
0.0052253967
0.0545294955
0.0153364604
0.0304872133
0.0450423881
-0.0626293421
-0.0343647785
0.0073653907
0.0467856899
-0.1621130258
-0.0774028525
-0.0306429639
-0.0399676785
-0.0331160314
-0.0054304353
-0.0102197193
0.0323619656
-0.0290177800
0.1014942974
-0.0535455532
-0.3278604150
0.0066391681
0.0664348006
0.0419082791
-0.1369689703
0.0720516816
0.0109297279
-0.0632450506
0.0750279203
0.0233871806
0.0390939415
0.0663586333
0.0188180115
0.0570655428
0.0666696131
-0.0335059278
0.0841047913
0.0895957500
-0.1699962169
-0.0017877320
-0.0004968544
-0.0007812982
-0.2626641989
0.0573344231
-0.0022364468
-0.0447781757
-0.0801357254
-0.0333754160
0.0752522424
0.0210242718
-0.0202649087
0.0068057571
0.0650828779
0.0168920942
-0.1451616436
-0.1038759798
0.0141156595
0.0194509272
0.1381903887
-0.0192992557
-0.0353088751
-0.1152911559
0.0139675019
-0.0163796265
0.0057237698
0.0575098693
0.0179905854
0.0229554530
0.0474970303
-0.0598593317
-0.0358739235
0.0151746087
0.0470003895
-0.1718894392
-0.0787717178
-0.0458464324
-0.0535696261
-0.0280149877
-0.0175563078
-0.0121388733
0.0346798114
-0.0313139819
0.1157249883
-0.0827010199
-0.3524032533
-0.0169997383
0.0631586090
0.0478982776
-0.1255584359
0.0666157305
0.0115687912
-0.0642411709
0.0690256357
0.0282481555
0.0478517264
0.0564459376
0.0174808949
0.0576307587
0.0589473248
-0.0340035968
0.0802001730
0.0882115141
-0.2257886529
-0.0006174473
-0.0012935118
-0.0009215149
-0.2825165391
0.0537867136
-0.0024943608
-0.0438377298
-0.0790859833
-0.0507196561
0.0710974634
0.0229777284
-0.0236500893
0.0077194730
0.0622781180
0.0265739765
-0.1522239894
-0.1028720066
0.0123972166
0.0169944260
0.1385881901
-0.0146169346
-0.0308412369
-0.1148182526
0.0171119645
-0.0285697542
0.0063640247
0.0487081744
0.0189373121
0.0231749974
0.0520707332
-0.0589094646
-0.0385114811
0.0179245677
0.0491891466
-0.1804642677
-0.0806258842
-0.0371447094
-0.0457654968
-0.0325808190
-0.0239438489
-0.0162354466
0.0246110074
-0.0302884448
0.1257506460
-0.0759985968
-0.3511505127
-0.0116294203
0.0650719330
0.0490376130
-0.1202109307
0.0737209246
0.0136430860
-0.0633855537
0.0709982738
0.0246944297
0.0512549803
0.0630840436
0.0276972111
0.0582327396
0.0589583479
-0.0344872214
0.0827716440
0.0937363207
-0.2226341516
-0.0012913563
0.0026527026
0.0005549606
-0.2730013430
0.0521526486
-0.0018417089
-0.0421891995
-0.0762995407
-0.0658381730
0.0708315074
0.0230491348
-0.0258790106
0.0165634528
0.0473550148
0.0750904083
-0.1397746801
-0.0875649080
0.0200175904
0.0152492719
0.1249574944
-0.0081211617
-0.0233663283
-0.1099723205
0.0621550679
-0.0327126607
0.0087566003
0.0402487107
0.0213850252
0.0140987979
0.0536094159
-0.0473939925
-0.0233694091
0.0286081992
0.0416023284
-0.1670534611
-0.0745343938
0.0159328002
-0.0661163777
-0.0598865151
-0.0141713666
-0.0094066113
-0.0075194831
-0.0299833342
0.1110100821
-0.1013438478
-0.3047544062
-0.0348729417
0.0615365803
0.0493011326
-0.0152656045
0.0744272247
0.0127554489
-0.0598302633
0.0607069246
0.0252648164
0.0481759086
0.0416040756
0.0521722212
0.0520641841
0.0457952619
-0.0298876893
0.0660004690
0.0325096697
-0.1828045547
0.0004411385
0.0069627594
-0.0004956089
-0.2471063286
0.0380393527
0.0081181908
-0.0336026289
-0.0597693250
-0.1251911372
0.0586734004
0.0176872239
-0.0210095663
0.0411314331
0.0366803147
-0.0081213750
0.0689989701
-0.0642143339
-0.0080237193
-0.0111500630
0.0215090234
0.0047288486
-0.0171828195
0.0808839872
0.0616961569
0.0694139004
-0.0040188949
0.0406245403
0.0076251170
0.0276882611
0.0390819497
-0.0365039557
0.0278742015
0.0125210350
0.0453215465
-0.0699568316
-0.0231814589
0.1110789105
-0.0436958075
-0.0436376445
0.0490928739
0.0107673937
0.0158640537
-0.0161762554
0.0282223858
0.0096386606
-0.0769976005
-0.0026688857
0.0526049249
0.0230945274
-0.0207351930
0.0581990182
0.0084321657
-0.0785267949
0.0730361119
0.0363764875
0.0272853039
0.0604790449
0.0575028174
0.0587254576
0.0540090650
-0.0412949026
0.0229995083
-0.0522550605
0.1038387641
-0.0144029800
0.0289673451
-0.0024868408
-0.0661743954
0.0512211397
0.0299764257
-0.0277719107
-0.0514002740
-0.0682180300
0.0450706519
-0.0013799859
-0.0202600434
0.0373684503
0.0435933955
-0.0017435636
0.0281683039
-0.0676537305
-0.0127576264
-0.0058981576
0.0368223637
0.0012826464
-0.0201009493
0.0725124180
0.0586719140
0.0487982146
-0.0038445627
0.0337917656
0.0062020612
0.0280562043
0.0401405469
-0.0429532453
0.0222308282
0.0084628602
0.0453410856
-0.0836832300
-0.0268194340
0.0988063514
-0.0445412919
-0.0539949499
0.0467564240
0.0162775759
0.0120944595
-0.0198695827
0.0571123399
0.0113523398
-0.1062382236
-0.0003512362
0.0533305854
0.0222020913
-0.0325721242
0.0674488842
0.0077711302
-0.0828804746
0.0781556740
0.0304128733
0.0236997958
0.0639823750
0.0434012450
0.0631005913
0.0596851707
-0.0401714407
0.0370579176
-0.0210205931
0.0872834548
-0.0125464806
0.0252073985
-0.0032143097
-0.0841946080
0.0569331758
0.0301175434
-0.0319301821
-0.0567474365
-0.0480257049
0.0518001281
0.0011799142
-0.0198766608
0.0453916974
0.0469853170
-0.0131748021
0.0387415774
-0.0699212700
-0.0152310776
-0.0057637845
0.0421506800
-0.0004689315
-0.0213185027
0.0765838474
0.0456302725
0.0607971624
-0.0047003077
0.0449174121
0.0066517498
0.0309580937
0.0422360860
-0.0459453724
0.0193663612
0.0060260589
0.0465993285
-0.0850051269
-0.0226919297
0.0905975625
-0.0505682565
-0.0495425835
0.0424725786
0.0167318564
0.0270147752
-0.0177841093
0.0602408908
0.0146343447
-0.1127271503
-0.0063899932
0.0566633344
0.0219271667
-0.0525288358
0.0659559518
0.0069917375
-0.0858378336
0.0788538381
0.0320551619
0.0211518072
0.0636586249
0.0424569771
0.0649940148
0.0637361407
-0.0401034020
0.0383517444
-0.0155485254
0.0805182606
-0.0129188383
0.0235986859
-0.0030970385
-0.0895958990
0.0592677556
0.0273941029
-0.0330141671
-0.0584559888
-0.0496635959
0.0546847321
0.0008624057
-0.0189790595
0.0414702483
0.0474010557
-0.0180069096
0.0236049592
-0.0680534318
-0.0181369223
-0.0042583873
0.0364700034
-0.0006964197
-0.0219613574
0.0964824781
0.0537675582
0.0559471734
-0.0051244926
0.0422626883
0.0052588307
0.0323341824
0.0444782972
-0.0476390757
0.0183623768
0.0036288488
0.0434508026
-0.0755970553
-0.0195128378
0.0959058851
-0.0529298559
-0.0496673509
0.0470145382
0.0208129045
0.0276583433
-0.0191104542
0.0535478629
0.0191703346
-0.0894104391
0.0082678832
0.0567623526
0.0205137581
-0.0488039367
0.0701770112
0.0043697320
-0.0821891651
0.0797501355
0.0312046930
0.0163352918
0.0596157908
0.0411460623
0.0663509741
0.0653136671
-0.0394313596
0.0354561210
-0.0078742197
0.0946292877
-0.0127632832
0.0221042801
-0.0045805485
-0.0752158910
0.0585924946
0.0257257763
-0.0347777605
-0.0586981811
-0.0318693556
0.0574233867
-0.0010026651
-0.0166991875
0.0368661880
0.0512406789
-0.0659945831
0.0385241210
-0.0687460452
-0.0259690788
-0.0072977361
0.0226120837
-0.0007302298
-0.0248826500
0.1616725922
0.0400669202
0.0651923791
-0.0073048417
0.0458620600
0.0014809752
0.0403901190
0.0481106788
-0.0542274266
0.0139209414
-0.0040573888
0.0421387479
-0.0656029880
-0.0194844306
0.0864634812
-0.0423972681
-0.0316989683
0.0521480218
0.0227603149
0.0397028960
-0.0186335519
0.0395033471
0.0536450185
-0.0532521233
0.0463589467
0.0589708202
0.0203281287
-0.0830350071
0.0645589679
0.0030183676
-0.0752735361
0.0844245106
0.0254766885
0.0105087729
0.0632256716
0.0341046080
0.0706613585
0.0721947998
-0.0427812524
0.0293615460
0.0285695586
0.1325017065
-0.0146773942
0.0205227528
-0.0042874450
-0.0659724846
0.0618172884
0.0189643968
-0.0371927507
-0.0659805909
0.0055814697
0.0623313487
-0.0031174463
-0.0146880606
0.0377075039
0.0531842299
-0.0703860745
0.0258737076
-0.0694888309
-0.0293830894
-0.0082295984
0.0183048770
0.0001360252
-0.0259225518
0.1706880033
0.0225221273
0.0560402162
-0.0070753056
0.0477389805
0.0008365404
0.0419325009
0.0433291309
-0.0553431027
0.0159978140
-0.0066915574
0.0434442125
-0.0847165734
-0.0208248496
0.0822974443
-0.0302419662
-0.0217578337
0.0416661277
0.0266689900
0.0329160988
-0.0167591032
0.0443458147
0.0680586100
-0.0295468699
0.0650885105
0.0631519929
0.0168594755
-0.1022113711
0.0626157448
0.0046137939
-0.0747811049
0.0883794129
0.0153120607
0.0122200223
0.0668157488
0.0311248768
0.0716777369
0.0741286278
-0.0448745377
0.0329158530
0.0382071100
0.1359215677
-0.0138278529
0.0223418083
-0.0044638179
-0.0454213880
0.0651658848
0.0213220548
-0.0378284790
-0.0701807514
0.0331245847
0.0627145246
-0.0010973044
0.0303658787
-0.2861614525
0.1254712641
0.7540147305
-0.6945306063
-0.0456052274
-0.0908938050
0.1679033190
0.2332788557
0.1427641660
0.0251570325
-0.6470351815
1.4188942909
-1.1474004984
-0.0895357653
0.0839290470
0.0472915322
0.1108871326
0.0894785896
-0.0742753372
-0.0771043599
-0.0418385528
0.1236478910
-0.7611197233
-0.0868975520
-0.0295154247
0.9560277462
0.4441233277
-0.2132164091
0.0925959423
0.1229576468
-0.2816327810
0.5774179697
-0.3606116772
0.6064727902
1.3018883467
0.1577031314
-0.1171697676
-0.4685532451
-0.1886825413
-0.1041549146
-0.1491489708
0.1649430245
-0.2565223575
0.0233955476
-0.2335518450
-0.3728524446
0.2399796844
0.1931283027
-0.0299186204
0.0438571945
-0.0584068261
-0.2993606627
-0.0028018362
-0.0069960570
-0.0169289261
0.4739747941
-0.3312743604
-0.1939162761
0.0240981486
0.0368097723
1.7695609331
0.1542119831
0.0770259425
0.0423351079
0.0117045771
0.0861392245
-0.1062183753
-0.2455431074
-0.0549772829
0.1225335896
0.0029264200
0.2230235189
-0.0164078139
-0.0641907677
0.1683369577
0.0772750825
0.1701803505
-0.0191605352
0.0405274443
0.0565061159
-0.0675667524
0.0142936148
-0.0610328168
0.1027096733
0.0090983864
0.0171960276
-0.4047711194
-0.0180116873
-0.1546891332
0.1039995402
-0.1373490691
-0.1141135693
0.2600674927
-0.0657397211
-0.1008816138
-0.2827650607
0.1425583214
0.2186162323
-0.2399307936
-0.0840020329
-0.0396894440
0.0397690497
0.0230136011
0.0612948611
-0.0699918866
-0.0375104435
-0.1202601120
0.0301645249
0.2196437716
0.0511303209
-0.0674910769
-0.0053629214
-0.0945610255
-0.0926592350
0.0417138599
-0.1026282534
-0.0157294050
-0.0466363356
-0.1601147056
-0.3335965574
0.1124481037
0.1890058815
0.0348043330
0.0659207329
-0.1183094457
0.0117553519
0.0073894700
-0.0160007086
-0.1274072379
0.0523344651
-0.2721193433
0.5210236311
-0.0645771548
-0.0094383657
0.0163828935
0.0221135467
-0.0601720773
-0.0083275214
0.0427567177
-0.0393099561
0.5911175013
0.0004982601
0.0539832860
-0.0140998624
0.0622644722
0.0114883222
-0.0199965965
-0.0052864132
0.0496555232
0.0399284251
-0.0841365159
-0.2305248231
0.1564387828
-0.1859698296
-0.0742031485
0.3452844322
0.0971618667
0.4056406021
0.0321822017
-0.9172423482
-0.0694926903
-0.4024934769
-0.0802074894
0.1128052548
0.0740696937
0.2097553313
-0.0956445038
0.0268829502
-0.0888827294
0.0572131462
0.0057935235
0.0002474663
-0.1490953863
-0.1081985757
0.1013484225
0.0126436939
-0.0665516034
-0.0582877211
-0.1057270914
-0.0071051093
-0.0197337437
-0.0074029728
0.0337757692
-0.0248686187
0.0582741760
0.0644458085
-0.0299871080
-0.0780840665
-0.0671578720
-0.0097551458
-0.0575819537
-0.0131986691
0.0166586619
0.0496986881
-0.0291040950
-0.0173643082
-0.0650193840
-0.0308014825
0.0002072142
0.0247466005
-0.0043091429
-0.0291086249
0.1562059075
0.0231303368
0.0048780972
-0.0034368502
0.0062628863
0.0036638556
0.0359635912
0.0335082710
-0.0537392534
0.0091585796
-0.0014346254
0.0380816497
-0.1140045226
-0.0533329546
0.1022715718
-0.0515425317
-0.0695418119
0.0400592014
0.0528839417
-0.0384832546
-0.0174457449
0.0796801746
0.0585294999
-0.0604102463
0.0426438153
0.0706564263
0.0200454388
-0.0332895145
0.0932957157
0.0082858633
-0.0719731003
0.0956876799
-0.0196495801
0.0141719487
0.0536906607
0.0480544418
0.0642228276
0.0695087761
-0.0359268077
0.0542755611
0.0098380372
0.1168400943
-0.0021978263
0.0171412993
-0.0074625597
-0.0698088855
0.0607682243
0.0371673629
-0.0386046916
-0.0735234544
-0.0017328793
0.0593830012
0.0067045866
-0.0138399769
0.0233455990
0.0489337593
-0.0015898000
-0.0483573824
-0.0690977052
-0.0224936306
0.0023533443
0.0401123278
-0.0026616240
-0.0283373315
0.1061096489
0.0175056607
-0.0043798331
-0.0017802229
0.0106562553
0.0070185307
0.0326542370
0.0347935185
-0.0521012470
0.0072495425
0.0024126659
0.0389716588
-0.1322970539
-0.0520307794
0.0918001011
-0.0556263961
-0.0649191365
0.0339246504
0.0458850861
-0.0302240066
-0.0216231924
0.0861050114
0.0318744294
-0.0963483080
0.0232724287
0.0700416341
0.0220203679
-0.0362150930
0.0897329003
0.0092701623
-0.0736405924
0.0896285996
-0.0114275850
0.0193817485
0.0560006537
0.0538286492
0.0609938800
0.0662934631
-0.0345502347
0.0563900359
0.0052809939
0.0693110153
-0.0024539102
0.0159555059
-0.0061229002
-0.1015051007
0.0526801832
0.0331996605
-0.0379767716
-0.0702300444
-0.0220447443
0.0596128292
0.0095357839
-0.0145605672
0.0132463044
0.0486196913
-0.0100128977
-0.0523069613
-0.0660982206
-0.0254719127
0.0009385001
0.0269504823
-0.0005515388
-0.0264729764
0.1228299141
0.0356604084
-0.0098051447
-0.0025179386
0.0032423055
0.0063837208
0.0331619568
0.0344869830
-0.0523074418
0.0077997418
0.0014683836
0.0392426141
-0.1235476881
-0.0527169257
0.1094826534
-0.0487995520
-0.0672568455
0.0374337994
0.0428561419
-0.0392153002
-0.0229664389
0.0793291405
0.0467003584
-0.0744871870
0.0404244214
0.0669516772
0.0204128884
-0.0336243175
0.0929235592
0.0095679192
-0.0751935765
0.0914312005
-0.0116516622
0.0192881431
0.0620726980
0.0500335582
0.0607255884
0.0660336837
-0.0348923951
0.0537024811
0.0114606069
0.0953387395
-0.0036268025
0.0182554852
-0.0073610260
-0.0905324370
0.0484080873
0.0350878127
-0.0379322805
-0.0686173961
-0.0185874645
0.0593528748
0.0091461167
-0.0159998033
0.0109166605
0.0457097776
0.0160174016
-0.0729919150
-0.0633989125
-0.0242632758
0.0021978265
0.0318044685
0.0003220930
-0.0256746132
0.1201400086
0.0295962896
-0.0268639643
-0.0028712815
-0.0002930174
0.0073370873
0.0291109309
0.0368720703
-0.0510580912
0.0090197241
0.0046753865
0.0362462439
-0.1458489001
-0.0524761453
0.1148611680
-0.0623910464
-0.0783406794
0.0328295752
0.0511911549
-0.0526163839
-0.0239036996
0.1027736589
0.0302486196
-0.0730487481
0.0226032399
0.0632546470
0.0206960086
-0.0063890666
0.0996974707
0.0088073295
-0.0734097064
0.0916047171
-0.0152902035
0.0201574527
0.0458940566
0.0459645130
0.0612853877
0.0623586327
-0.0333283022
0.0578555055
0.0092131812
0.0942829922
-0.0024624888
0.0188068058
-0.0091657545
-0.0836121514
0.0513756797
0.0403870679
-0.0363744833
-0.0661558211
-0.0209130701
0.0581565611
0.0099416235
-0.0153164053
0.0195954125
0.0367039926
0.0628344491
-0.0758629367
-0.0551237911
-0.0118047884
0.0029990708
0.0247398671
0.0037788369
-0.0218174234
0.1245324910
0.0559003241
-0.0379791483
-0.0001810846
-0.0065660672
0.0108696418
0.0211186055
0.0354035124
-0.0419795103
0.0167231355
0.0148008857
0.0291777290
-0.1531928480
-0.0506679155
0.1533259898
-0.0853935406
-0.1100765094
0.0406295732
0.0472847298
-0.0864635631
-0.0287919603
0.0887546465
0.0096467771
-0.0571562275
-0.0041565574
0.0603570007
0.0247705281
0.0854848847
0.0889179707
0.0102797560
-0.0736284330
0.0787679181
-0.0125240115
0.0228337161
0.0236190204
0.0767752901
0.0526908711
0.0498051494
-0.0275112633
0.0424399935
-0.0451702327
0.0983319879
-0.0002294063
0.0166332331
-0.0100056250
-0.0942738131
0.0352862142
0.0450599827
-0.0313003771
-0.0513753444
-0.1006352082
0.0478342548
0.0089698099
-0.0290453900
0.0314550549
0.0322838761
-0.0439414904
0.0743844509
-0.0671081841
-0.0028022735
-0.0133125009
0.0351320580
0.0053844373
-0.0127225854
0.0494470857
0.0699445978
0.0913530067
-0.0029083933
0.0563058928
0.0074567129
0.0253040213
0.0496013500
-0.0372929089
0.0172780175
0.0173780527
0.0472612567
-0.0589671768
-0.0286333039
0.0969029292
-0.0244807694
-0.0299352687
0.0528507642
-0.0037879734
0.0528525226
-0.0127796242
0.0026124476
0.0061001973
-0.1241964176
-0.0060905246
0.0475448780
0.0299366955
-0.0448418893
0.0590212457
0.0062904246
-0.0885327309
0.0740926936
0.0550892763
0.0319416672
0.0669204220
0.0408227816
0.0579515807
0.0510556847
-0.0412156954
0.0276941583
-0.0335023962
0.0748626068
-0.0186339170
0.0339049175
0.0019481042
-0.0985409245
0.0623734929
0.0156687908
-0.0253032297
-0.0536271669
-0.0606184527
0.0484360382
-0.0024828531
-0.0223846138
0.0465500727
0.0443836935
-0.0252153724
0.0375910774
-0.0733107924
-0.0170688443
-0.0137146832
0.0387375839
0.0059789713
-0.0201188810
0.0825370252
-0.0007752231
0.0529478043
-0.0047910446
0.0363995694
0.0041548447
0.0347782485
0.0430527739
-0.0466108993
0.0163453054
0.0038461979
0.0525990725
-0.1149051264
-0.0274986401
0.0640872493
-0.0144612296
-0.0083550718
0.0361164212
0.0038653016
0.0322755277
-0.0163913351
0.0574917383
0.0488614142
-0.1249106973
0.0174993239
0.0595846549
0.0255779978
-0.1183535233
0.0632827803
0.0109379413
-0.0920913443
0.0835552663
0.0295251533
0.0302843358
0.0935403258
0.0435343944
0.0639561564
0.0656675920
-0.0442642532
0.0337405466
0.0237066243
0.0681387484
-0.0164718349
0.0303780828
0.0045916960
-0.1062910035
0.0671182498
0.0183481853
-0.0302286241
-0.0673481598
-0.0010287284
0.0564533658
0.0049646930
-0.0225356612
0.0367280617
0.0455972515
-0.0281242859
0.0379400142
-0.0739287287
-0.0171745457
-0.0119064469
0.0361745171
0.0033291548
-0.0227152519
0.1114954874
0.0148148872
0.0519365110
-0.0045616156
0.0416752398
0.0047968398
0.0354067385
0.0442143455
-0.0495093614
0.0112576038
0.0034553907
0.0489098504
-0.1219588220
-0.0332660563
0.0810241699
-0.0200784672
-0.0258502364
0.0373456404
0.0055518262
0.0262704752
-0.0172541682
0.0749039128
0.0498458296
-0.1441129446
0.0118405465
0.0564253815
0.0283201095
-0.1037035137
0.0609495863
0.0097466195
-0.0943567902
0.0842631906
0.0309362598
0.0277525466
0.0754368454
0.0311148334
0.0641556382
0.0662982613
-0.0417516939
0.0386891179
0.0333279110
0.0799135715
-0.0157184973
0.0265026819
0.0029550593
-0.1147766709
0.0687968284
0.0171491224
-0.0310292933
-0.0671235546
-0.0130632613
0.0576171391
0.0050220271
-0.0218572225
0.0405951254
0.0478070043
-0.0192586910
0.0279875286
-0.0758354813
-0.0143474815
-0.0075863963
0.0479779318
0.0004738279
-0.0233769175
0.0856376514
0.0254733954
0.0455040634
-0.0036909631
0.0355103537
0.0046707517
0.0345029794
0.0467379242
-0.0496993177
0.0072442605
0.0038603707
0.0482171141
-0.1060789749
-0.0364679284
0.0679914504
-0.0207845122
-0.0377446897
0.0462275445
0.0037199669
0.0266804453
-0.0207954813
0.0559315048
0.0357760750
-0.1572150290
0.0112011610
0.0589564927
0.0288633667
-0.0884691477
0.0667477772
0.0091770291
-0.0855432525
0.0834772065
0.0291204154
0.0252281446
0.0770847127
0.0493681729
0.0638378635
0.0666699558
-0.0404265858
0.0415363982
0.0162140876
0.0505510829
-0.0144251185
0.0230720788
0.0031808105
-0.1318954378
0.0645374134
0.0143912658
-0.0337354317
-0.0657385886
-0.0333550349
0.0596502982
0.0052608452
-0.0214102678
0.0340854041
0.0482842326
-0.0250389520
0.0176116917
-0.0763036981
-0.0152870482
-0.0069105504
0.0332605168
0.0026686315
-0.0251535643
0.0884695426
0.0328480601
0.0419367813
-0.0047634686
0.0428366698
0.0038074285
0.0353993997
0.0455632880
-0.0515379272
0.0071979524
0.0003938961
0.0460181087
-0.1066877171
-0.0364839099
0.0782306567
-0.0204837006
-0.0183722787
0.0368223041
0.0125698326
0.0172691662
-0.0210337434
0.0663490072
0.0356601402
-0.1513950378
0.0279354826
0.0556219965
0.0283193905
-0.1105449870
0.0620220080
0.0080789998
-0.0902725756
0.0829742700
0.0301083252
0.0252996739
0.0713993832
0.0350520313
0.0645434707
0.0680250004
-0.0426005833
0.0393948071
0.0448568240
0.0608424060
-0.0148263974
0.0222604759
0.0022572570
-0.1286225170
0.0633171648
0.0131789381
-0.0340905264
-0.0686039105
0.0189397912
0.0628910959
0.0041149259
-0.0227300171
0.0370218232
0.0516768806
-0.0466969572
0.0000689987
-0.0790202245
-0.0230156332
-0.0089055905
0.0390614867
0.0032048589
-0.0232158732
0.0896283165
0.0140171144
0.0515889823
-0.0053032245
0.0482860208
0.0029540542
0.0365129858
0.0480364822
-0.0547670349
0.0093632257
-0.0020482314
0.0495138280
-0.1123402119
-0.0262082629
0.0573798828
-0.0091181574
-0.0075965784
0.0380368456
0.0151956584
0.0427495912
-0.0180580541
0.0765149295
0.0547497049
-0.1388947815
0.0374523811
0.0588021055
0.0241742209
-0.1491044313
0.0585581511
0.0073355138
-0.0977035165
0.0874776989
0.0309035853
0.0237577111
0.0772274882
0.0288591050
0.0706507638
0.0722536221
-0.0461628027
0.0378763787
0.0689788610
0.0628539696
-0.0163670089
0.0258597061
0.0026201580
-0.1018432453
0.0709762797
0.0120507265
-0.0364402905
-0.0733396336
0.0445015170
0.0663566366
0.0032684167
0.0722927004
0.0640916005
0.0163962804
-1.0350127220
0.3683252037
-0.0436771102
-0.0477533527
-0.0109735094
0.5193232298
-0.0882151350
-0.1579426676
1.2617138624
0.2341982424
0.2805129588
0.0753626004
0.5224460959
0.0353826731
0.0879956558
0.0273914821
-0.1312995404
0.0872157440
0.0672297776
-0.0173993483
-0.3362390995
-0.1551267952
-0.5551527143
-0.5862832665
0.2148915082
-1.0242724419
0.0247919690
0.3529149294
0.0646357238
0.8064972162
-0.1155612916
-0.1336923391
0.0814351812
0.1109851599
-0.0292635020
0.6126624346
-0.1309605241
-0.0031300008
-0.1763142943
-0.0066624018
-0.3939844966
-0.1279842257
-0.0788263306
-0.2467959821
0.1320146620
0.0070611220
-0.1058769003
-0.2064158171
1.1130180359
0.7808299661
-0.0543761402
-0.0757988468
-0.0830039456
-0.5801347494
0.3375155628
0.2214536369
-0.0775649101
-0.0771544874
0.5254144669
-0.0388344415
0.0261145905
0.0038869407
0.0079818508
0.0280623455
0.2557980418
-0.1544840783
-0.0603626445
-0.0003748112
0.0140286507
-0.1449186802
0.0228909068
-0.0187034290
0.1032590345
0.0550142974
-0.1452087015
-0.0000441314
-0.0145194409
0.0113521265
0.0257131737
-0.0048949043
-0.0460152924
-0.0031288485
0.0316230170
0.0357985049
0.1428880990
-0.0600251518
0.1805272400
0.0493963696
-0.0076429420
0.0991804972
0.0618799180
-0.0705575496
-0.0326722674
0.0419470593
-0.0695824996
-0.0062775053
0.0739466324
0.1101403013
0.0247932449
0.0724084601
0.1197800115
-0.0374145694
-0.0468992293
0.0579158589
0.0396679230
-0.0300857313
-0.1677989811
0.2829336226
0.0433666334
0.0624566600
-0.0177727211
-0.0050018127
-0.1692929268
0.4062048793
-0.0007754433
0.0046967119
-0.0418340899
-0.1832433194
-0.1205581129
0.0153191760
-0.0394286439
-0.0111777885
-0.0682589635
0.0157199167
0.0130449310
-0.1088357717
0.0933896229
-0.0114553161
-0.7133579850
0.6777628660
0.0896408632
-0.0693325773
-0.0151734101
-0.3357829154
-0.0465581939
0.0662445426
-0.4447318614
0.4570252001
0.9182061553
-0.0490761809
-0.0708726496
-0.0117790075
-0.0158806629
0.2230266780
-0.0692935809
-0.1404831558
0.1855576634
-0.0390444286
0.3918771148
-0.1305535436
0.0131424647
-0.1512358040
-0.1955889612
-0.0298726596
0.3868650794
0.3331730664
0.0896082222
-1.1131030321
0.1043774933
-0.2739323378
0.2320149094
0.1956112832
0.0976824537
-0.0599464700
0.3782311678
-0.0161896273
0.0660461560
-0.0147220399
-0.3229651451
-0.0127447294
-0.2767892778
0.0887074471
0.0889501274
0.0215745084
-0.0425687730
-0.2258033305
-0.4136101305
-0.2502721250
0.0391633026
0.0044354484
-0.0523534603
0.0022291949
-0.2457333803
0.0433422402
-0.0307630021
-0.0509740561
-0.0365589969
0.0907586515
-0.1220638230
-0.0252319276
0.0369330011
0.0488249362
-0.0057227206
-0.0910755470
-0.0839020982
-0.0060106544
0.0039565419
0.0875615329
-0.0049307970
-0.0219238717
-0.0278114527
0.0369106568
0.0292792264
-0.0000179244
0.0623079427
0.0106345825
0.0205820631
0.0499941893
-0.0502296016
0.0046447557
0.0131286699
0.0426549800
-0.1408684999
-0.0373780951
0.0479369089
-0.0507920980
-0.0340514891
0.0223446116
0.0281452369
0.0497533008
-0.0206856672
0.0977344215
-0.0402133390
-0.1909985095
-0.0128405225
0.0624372810
0.0269037317
-0.0770023242
0.0640728548
0.0048288242
-0.0877250135
0.0788426995
0.0278680455
0.0281683244
0.0419175960
0.0210263692
0.0680845603
0.0585340038
-0.0386369266
0.0644412860
0.0308896899
-0.0555799529
-0.0072393185
0.0208251160
0.0002152389
-0.1180705428
0.0617112480
0.0141452886
-0.0382878631
-0.0685688779
-0.0166646764
0.0646181181
0.0060683102
-0.0240780469
0.0301582776
0.0504458919
-0.0036694349
-0.1119654402
-0.0871690437
-0.0023586464
0.0070582801
0.0958748385
-0.0067648473
-0.0224514212
-0.0534365922
0.0276407003
0.0159057807
0.0005108155
0.0555076115
0.0120207919
0.0168174282
0.0490922816
-0.0507951006
-0.0004350261
0.0155550446
0.0442303568
-0.1460595429
-0.0418262780
0.0340004601
-0.0567522384
-0.0427808724
0.0193265770
0.0260243509
0.0502635278
-0.0238398295
0.1064237729
-0.0500375181
-0.2047931850
-0.0217624046
0.0608753785
0.0272867735
-0.0741610751
0.0790005997
0.0062984913
-0.0866706446
0.0805702135
0.0243100673
0.0320034362
0.0446184985
0.0216389969
0.0661240593
0.0562036596
-0.0366101861
0.0750996470
0.0309615973
-0.0824336633
-0.0060655070
0.0202022996
-0.0027404393
-0.1284692138
0.0688060522
0.0146804675
-0.0394854769
-0.0684960932
-0.0310162175
0.0639881045
0.0104075242
-0.0239807926
0.0346614979
0.0471183844
0.0011446241
-0.0912951156
-0.0849668607
-0.0012897812
0.0005653334
0.0943158716
-0.0024984188
-0.0219531525
-0.0365546048
0.0192192923
0.0202163178
0.0017747371
0.0582103692
0.0120452568
0.0182399601
0.0479419976
-0.0511182286
0.0038845171
0.0149413794
0.0468610972
-0.1458820105
-0.0400680937
0.0329144262
-0.0381683633
-0.0227988455
0.0196735021
0.0193372332
0.0387879536
-0.0223455597
0.0952924788
-0.0252299737
-0.1764519960
-0.0168757308
0.0576588959
0.0274373386
-0.0951421484
0.0791286156
0.0082538538
-0.0878652707
0.0786947235
0.0214258544
0.0349137671
0.0617223457
0.0236828402
0.0620433539
0.0564151295
-0.0386420116
0.0678429529
0.0363221504
-0.0394665077
-0.0074200141
0.0257423706
-0.0004435963
-0.1286178380
0.0655114055
0.0135311894
-0.0353573412
-0.0695521310
-0.0078289285
0.0598185398
0.0112153105
-0.0203306656
0.0357299559
0.0410481133
0.0631255507
-0.1137378737
-0.0730590895
0.0010934472
0.0058929780
0.0799503475
-0.0007093531
-0.0214583520
-0.0087750768
0.0340711139
-0.0230610576
0.0018351577
0.0188562181
0.0137461033
0.0136430971
0.0426973887
-0.0446757413
0.0092587126
0.0202994216
0.0377470851
-0.1573242545
-0.0470991470
0.0768030211
-0.0712601840
-0.0739476234
0.0270338580
0.0295208432
-0.0257976688
-0.0321360566
0.1154147536
-0.0387905017
-0.1518323570
-0.0351633988
0.0561124831
0.0285101738
0.0139930360
0.0865222886
0.0094646225
-0.0790890008
0.0760774389
0.0044289455
0.0320137218
0.0392168798
0.0534812436
0.0557944998
0.0484669656
-0.0308515951
0.0610766523
-0.0130748786
-0.0101849632
-0.0012335873
0.0207563210
-0.0044263559
-0.1248654202
0.0467609912
0.0282812212
-0.0336079523
-0.0592547320
-0.0728044882
0.0510024764
0.0123418486
-0.0212336872
0.0369994640
0.0311572012
0.1057618931
-0.1153829619
-0.0598499961
0.0052937740
0.0077783782
0.0646420047
0.0028880006
-0.0177563410
0.0134695107
0.0698884800
-0.0348017365
0.0022856665
0.0033325420
0.0153037179
0.0092956955
0.0431112722
-0.0373391211
0.0160480496
0.0262018591
0.0292033590
-0.1571526080
-0.0427745245
0.1356860697
-0.0990340561
-0.1057082191
0.0279806983
0.0335601792
-0.0618943684
-0.0329460278
0.1055040210
-0.0527394265
-0.1241810843
-0.0534904599
0.0534395501
0.0295619685
0.1023380086
0.0908569321
0.0081798648
-0.0814062580
0.0693477541
0.0049085533
0.0292259399
0.0246500019
0.0659274831
0.0501273349
0.0402908996
-0.0248208866
0.0485398434
-0.0633990690
0.0212811101
0.0008498509
0.0191887673
-0.0080104452
-0.1151556298
0.0383742936
0.0369855240
-0.0291562676
-0.0455702916
-0.1182700545
0.0458924137
0.0090214247
-0.0312339291
0.0390077159
0.0309989452
-0.0240292288
0.0478385389
-0.0702996701
0.0001515436
-0.0175415464
0.0449099913
0.0070761619
-0.0117670260
0.0050131166
0.0430868305
0.0800922662
-0.0019005288
0.0412290394
0.0067022396
0.0170366410
0.0475195386
-0.0346063897
0.0254147910
0.0194512270
0.0493058376
-0.0757731199
-0.0284666512
0.0859889537
-0.0134782828
-0.0003636205
0.0821666941
-0.0144577399
0.0725095719
-0.0180802997
0.0310766753
-0.0022182863
-0.1230472326
-0.0136442715
0.0424566679
0.0287297461
-0.0855115950
0.0679453015
0.0102055483
-0.0908565521
0.0747266635
0.0524170883
0.0363473780
0.0705867782
0.0449535511
0.0544224679
0.0471720807
-0.0438965708
0.0212638751
-0.0200505517
0.0604320765
-0.0186062157
0.0412208736
0.0067755599
-0.0811769441
0.0503166281
0.0116117112
-0.0215772353
-0.0560138002
-0.0526724234
0.0442645513
-0.0007380992
-0.0317897350
0.0417811908
0.0390943736
-0.0165152736
0.0004785449
-0.0757465586
-0.0086339563
-0.0126117207
0.0713164434
0.0049779732
-0.0110991653
-0.0352559499
0.0241019260
0.0597067326
-0.0023856501
0.0496443659
0.0045697689
0.0181892868
0.0468203053
-0.0406259075
0.0231333859
0.0137590701
0.0547551140
-0.1026478484
-0.0263005458
0.0477196425
-0.0068790615
0.0136036789
0.0478357449
-0.0090099433
0.0552437082
-0.0148954755
0.0837162659
-0.0008841054
-0.1466303766
-0.0149051333
0.0460281558
0.0254725106
-0.1253317446
0.0720274746
0.0095105898
-0.1059472263
0.0834249407
0.0464511886
0.0394302160
0.0845626965
0.0184977464
0.0625302717
0.0536327660
-0.0449962765
0.0446682423
0.0259619933
0.0346090309
-0.0175471455
0.0424279012
0.0083245570
-0.0872102976
0.0696633309
0.0151010193
-0.0274434313
-0.0656736270
0.0098510114
0.0520478301
0.0044641267
-0.0280022472
0.0592335798
0.0347738378
0.0194111858
0.0026645639
-0.0726428553
-0.0010648677
-0.0125956982
0.0597183481
0.0065149604
-0.0117741432
-0.0505789556
0.0432112105
0.0786076486
0.0016858187
0.0643917471
0.0099625774
0.0182961002
0.0433907881
-0.0340229459
0.0348292254
0.0188703965
0.0495813563
-0.1129909828
-0.0170672890
0.0802384391
-0.0265276879
0.0215976387
0.0585675873
-0.0073175994
0.0710106269
-0.0128868409
0.0529672466
-0.0296008214
-0.1361858398
-0.0353666395
0.0531398803
0.0248384085
-0.0903478339
0.0603032149
0.0112978835
-0.0961923227
0.0683242604
0.0461708494
0.0370514579
0.0644681081
0.0436447971
0.0592357107
0.0499569997
-0.0443352386
0.0219590105
-0.0294361953
0.0028300330
-0.0151944887
0.0370764509
0.0067746812
-0.0733831003
0.0526345633
0.0194350332
-0.0244403332
-0.0569404736
-0.0271377396
0.0459330790
-0.0004360474
-0.0280488115
0.0494359136
0.0371371396
-0.0277586579
0.0199129358
-0.0734716207
-0.0058727101
-0.0143017936
0.0532947592
0.0063909302
-0.0148253795
-0.0158537552
0.0419959426
0.0810257941
-0.0017512697
0.0517449826
0.0072422246
0.0217965264
0.0483721942
-0.0394408070
0.0294594280
0.0147442343
0.0500124693
-0.0858251527
-0.0163456965
0.0682849661
-0.0165836290
0.0145690665
0.0636358634
0.0048696967
0.0782787055
-0.0160040241
0.0423571244
-0.0114308149
-0.1058665365
-0.0057558040
0.0492519885
0.0238502026
-0.1128978804
0.0620292127
0.0095077762
-0.0906366482
0.0718296543
0.0511909649
0.0316410996
0.0795495585
0.0353729576
0.0638214275
0.0547301359
-0.0478122234
0.0212467555
-0.0113395592
0.0393110178
-0.0180477779
0.0365454406
0.0047642537
-0.0690899193
0.0548767447
0.0146030309
-0.0264415927
-0.0612172112
-0.0076657734
0.0520651191
-0.0026960978
-0.0281299725
0.0557286292
0.0408936329
-0.0303391684
0.0101198694
-0.0755562484
-0.0167693980
-0.0163255706
0.0577395074
0.0120110903
-0.0150099350
-0.0218045339
0.0202858318
0.0866885930
0.0004638116
0.0694070384
0.0065935478
0.0316902958
0.0482898429
-0.0432008244
0.0293652769
0.0064462642
0.0565910153
-0.1206477657
-0.0099028405
0.0372883193
0.0168033205
0.0744491518
0.0386451818
0.0050091594
0.0798064098
-0.0025477402
0.0563635454
0.0193476081
-0.1219510660
0.0103196250
0.0619403310
0.0212101284
-0.1865848154
0.0522700325
0.0108252168
-0.1070075706
0.0752189532
0.0450053737
0.0362435319
0.1115175262
0.0366699398
0.0678643510
0.0642054975
-0.0526074357
0.0159083903
0.0348633118
0.0231089350
-0.0181213748
0.0388019644
0.0113522261
-0.0784637555
0.0773805901
0.0123360837
-0.0270408783
-0.0720291734
0.0884618610
0.0590968654
0.0000916890
-0.0248902515
0.0531335659
0.0362857431
0.0001750879
-0.0002519361
-0.0727246553
-0.0094166500
-0.0168018360
0.0366997048
0.0150824189
-0.0171602927
0.0060110046
0.0198285840
0.0685409456
0.0028377485
0.0544606484
0.0089321937
0.0289117228
0.0429530554
-0.0391477831
0.0319579728
0.0108816000
0.0512525178
-0.1356940567
-0.0190860275
0.0646302775
0.0040170243
0.0663500801
0.0505134314
0.0008387716
0.0569662750
-0.0096787158
0.0557983443
0.0158987492
-0.1131975651
0.0125178387
0.0624599978
0.0247194469
-0.1451977193
0.0496701226
0.0139323371
-0.1032651961
0.0675309077
0.0387459807
0.0372197330
0.0887406096
0.0506396405
0.0612903573
0.0587284267
-0.0503697656
0.0009622062
0.0270302147
0.0349673592
-0.0155002186
0.0358705819
0.0096010361
-0.0843848586
0.0566874631
0.0136906188
-0.0229351148
-0.0675285235
0.0691146329
0.0533805378
-0.0000727684
-0.0236524642
0.0600525141
0.0382964052
-0.0098216804
-0.0256267060
-0.0714900792
-0.0129806921
-0.0169488247
0.0293282568
0.0181898084
-0.0169522800
0.0011902601
0.0119514056
0.0652778149
0.0042626285
0.0616858378
0.0095208157
0.0307386070
0.0410857126
-0.0396312438
0.0355902165
0.0091112228
0.0516970977
-0.1670734286
-0.0120462859
0.0564830825
0.0194407571
0.0811169595
0.0409814268
0.0045815664
0.0524360500
-0.0042203935
0.0622057840
0.0233591665
-0.0835940093
0.0365350619
0.0695992038
0.0193662122
-0.1525934041
0.0300038829
0.0153716234
-0.0985808820
0.0684835091
0.0340201072
0.0376971588
0.0945150852
0.0461772084
0.0620916896
0.0598732382
-0.0526793003
0.0072594397
0.0306350198
0.0382019021
-0.0140822157
0.0376957394
0.0106403204
-0.0699358135
0.0542415306
0.0140322223
-0.0212971084
-0.0684866309
0.0773465410
0.0545043536
0.0006876406
0.0045532328
-0.0419263653
0.0393099189
-0.1255987436
0.1189601496
-0.0486969985
0.0005663028
-0.0135952774
-0.0616114326
0.0246924404
-0.0263115186
0.3560629189
0.1274629980
0.0046977634
0.0081606358
0.0171196945
0.0143543053
0.0303733181
0.0302771293
-0.0363075174
0.0139761223
0.0183811579
0.0330727659
-0.0656107441
-0.1042150110
0.1288684160
0.0321669579
0.0277772620
0.0845182091
0.0307333153
-0.0653814897
-0.0257453397
-0.1375899464
0.0549689718
0.1439742297
0.2031842768
0.0859495774
0.0340234637
0.0810966417
0.0108029358
0.0277571175
-0.0533964261
0.0501409732
-0.0253148135
0.0338365845
0.0157771949
0.1289719641
0.0426030979
0.0416657850
-0.0539392345
-0.0926836208
0.0237669051
0.2474389821
-0.0041928538
0.0100496225
-0.0105167646
-0.1222539842
0.0105024399
0.0234310050
-0.0206776559
-0.0538185239
0.0765977055
0.0408441760
-0.0000332950
-0.0112726232
-0.0357840955
0.0266276244
-0.0561302267
0.0820265487
-0.0454770215
0.0013577712
-0.0123237930
-0.0514029488
0.0170218796
-0.0273501389
0.2855972946
0.1251151562
0.0438157208
0.0091371452
0.0076646488
0.0167599432
0.0324846394
0.0371142477
-0.0329425931
0.0157320630
0.0216195714
0.0284183864
-0.1107669100
-0.0916141719
0.1403304636
0.0059093633
-0.0032991888
0.1207856610
0.0162615497
-0.0524198189
-0.0163733698
-0.0828505009
0.0605198629
0.0714631453
0.0999866873
0.0728231296
0.0341139361
0.1040843278
0.0222361870
0.0229809619
-0.0887286887
0.0493250601
-0.0115250722
0.0276023671
0.0051768115
0.1405821145
0.0410783440
0.0416998304
-0.0417626314
-0.0848551765
-0.0423889160
0.2042801082
-0.0042323358
0.0109402835
-0.0071868403
-0.0598860458
0.0336015858
0.0194137096
-0.0172942765
-0.0544688143
0.0268348344
0.0388187319
-0.0020691701
-0.0200891513
0.0326372646
0.0352837294
-0.0458485894
0.0370189436
-0.0622016937
-0.0154428277
-0.0189381223
-0.0244559254
0.0224176478
-0.0196669102
0.0739898309
0.0441319793
0.0654356405
0.0094564017
0.0434856527
0.0145633956
0.0337806121
0.0335280634
-0.0365818925
0.0285124183
0.0103860404
0.0485379025
-0.1258371919
-0.0283829384
0.0944290608
0.0127876177
0.0564560443
0.0531528555
0.0060968632
-0.0098811965
0.0051008216
0.0451284125
0.0693658963
-0.0199752115
0.0639488250
0.0816899240
0.0207793396
-0.0946471244
0.0202892665
0.0191554725
-0.0945476815
0.0663355067
0.0145022348
0.0390049703
0.0847567916
0.0836078972
0.0508723669
0.0569073334
-0.0482880324
-0.0028527796
0.0001631525
0.1183136925
-0.0070943190
0.0361229144
0.0062736007
-0.0409054384
0.0451395810
0.0175689980
-0.0191343464
-0.0659611747
0.0639116913
0.0525649153
0.0012959323
-0.0193833020
0.0212133620
0.0328104608
-0.0171842724
0.0019356533
-0.0570657812
-0.0144193154
-0.0123168649
-0.0119910408
0.0153166233
-0.0194111578
0.0968424082
0.0265125390
0.0323824584
0.0064908029
0.0087882625
0.0114998147
0.0300301593
0.0333893336
-0.0369459279
0.0212746523
0.0129425721
0.0429588184
-0.1397596300
-0.0459984578
0.1030631587
-0.0152833452
-0.0078077419
0.0477831140
0.0174185205
-0.0481604449
-0.0069306181
0.0471929312
0.0719858855
-0.0280602407
0.0442318991
0.0752663389
0.0250706915
-0.0347865671
0.0489151105
0.0174094979
-0.0922941715
0.0733924359
0.0001838925
0.0362500995
0.0722326636
0.0911841020
0.0506001338
0.0537506454
-0.0402720273
0.0050936127
-0.0257253908
0.1139894053
-0.0044991747
0.0311487969
0.0026593970
-0.0555690154
0.0441747643
0.0255996771
-0.0236997902
-0.0649119318
0.0104341777
0.0511059240
0.0064045433
-0.0169485975
0.0079014590
0.0345649049
-0.0225082394
-0.0218823478
-0.0592682213
-0.0175855588
-0.0143095693
-0.0018759731
0.0135263344
-0.0212340578
0.1624119580
0.0017162503
0.0096310470
0.0062008379
0.0135230944
0.0098052183
0.0316073336
0.0337192416
-0.0404053926
0.0210214108
0.0118172830
0.0407402031
-0.1780341715
-0.0510733128
0.1020665690
-0.0086140651
-0.0181449875
0.0536860079
0.0255974941
-0.0360410511
-0.0110085271
0.0465741120
0.0803931430
-0.0057938853
0.0566932298
0.0738846138
0.0248167254
-0.0270937178
0.0535815768
0.0165601894
-0.0857957751
0.0774211884
-0.0044654985
0.0336400941
0.0663309172
0.0851017013
0.0548448190
0.0552268364
-0.0403481051
0.0089898659
0.0026959525
0.1137311235
-0.0052904896
0.0300965831
0.0028127281
-0.0536216497
0.0492868498
0.0260834061
-0.0241463352
-0.0669969171
0.0051253028
0.0504536852
0.0090061156
-0.0223805439
0.0234000646
0.0330808200
0.0421470776
-0.0565472133
-0.0585907213
-0.0071895714
-0.0072031529
0.0280152261
0.0096418411
-0.0180638898
0.0940810889
0.0423443094
-0.0110554947
0.0069222068
0.0157682914
0.0112629943
0.0174393021
0.0384366885
-0.0378895365
0.0236665588
0.0207509883
0.0354845002
-0.1565738618
-0.0428613313
0.1190076843
-0.0371416621
-0.0656769499
0.0551373437
0.0223311689
-0.0407514982
-0.0198277570
0.0792834461
0.0250572804
-0.0683980063
0.0084040202
0.0607452132
0.0275944043
0.0350018181
0.0609667487
0.0114809349
-0.0912967101
0.0729057118
0.0063506807
0.0321710110
0.0341900624
0.0739103034
0.0543498136
0.0466407947
-0.0337745100
0.0271784980
-0.0219650865
0.0796963722
-0.0023340974
0.0297884215
0.0011492952
-0.0690728426
0.0500265174
0.0292963777
-0.0242484715
-0.0570423976
-0.0447240546
0.0455348156
0.0068733254
-0.0208844505
0.0230160449
0.0264212694
0.0854045525
-0.0789512247
-0.0483594723
0.0005229281
-0.0005929420
0.0208603442
0.0089518214
-0.0155573972
0.0859318972
0.0787775740
-0.0425908752
0.0061991448
-0.0155467987
0.0136199091
0.0098966332
0.0394706279
-0.0332983211
0.0252456684
0.0273781084
0.0257515870
-0.1580662280
-0.0427927151
0.1602472067
-0.0826190338
-0.1096848324
0.0614697337
0.0306074284
-0.0857827216
-0.0281460453
0.0921315029
-0.0141812349
-0.0532496981
-0.0197260343
0.0559155345
0.0297503676
0.1429014951
0.0698664486
0.0094011202
-0.0692792460
0.0666385219
0.0007098397
0.0297277253
0.0239529181
0.0864914060
0.0461764298
0.0368637294
-0.0252395663
0.0298528690
-0.0705704615
0.0909429267
0.0034478873
0.0250680335
-0.0031060698
-0.0903871283
0.0332737118
0.0386391617
-0.0224818829
-0.0437076651
-0.1355771124
0.0382561274
0.0065844096
-0.0283287652
0.0343088135
0.0271702930
0.0276890639
0.0282320734
-0.0717885494
0.0036573843
-0.0155414715
0.0175744034
0.0116769085
-0.0086733680
-0.0519515574
0.0811260641
0.0738902315
-0.0017016242
0.0494236164
0.0060699121
0.0141710639
0.0317550935
-0.0249496736
0.0371369980
0.0211853348
0.0494000800
-0.0686399415
-0.0229104683
0.1206750125
-0.0098586595
0.0214155205
0.0563308112
-0.0174755547
0.0136957858
-0.0215917975
0.0262070112
-0.0016811405
-0.1243236437
-0.0134539166
0.0422226265
0.0257663634
-0.0888438448
0.0736679956
0.0128339613
-0.1060718372
0.0699598715
0.0480222814
0.0480985902
0.0622487776
0.0445906706
0.0468323082
0.0410846695
-0.0443681665
0.0094691198
-0.0299826823
0.0682719573
-0.0183832161
0.0407585502
0.0036906064
-0.0735347420
0.0356682278
0.0198148321
-0.0239527188
-0.0529562235
0.0035668483
0.0395563468
-0.0005981259
-0.0268595256
0.0526447110
0.0278060101
0.0245179404
0.0010805334
-0.0687242299
-0.0002734053
-0.0140661607
0.0536882207
0.0087044956
-0.0119598666
-0.0233569220
0.0173262712
0.0501862839
-0.0004465455
0.0422616787
0.0091073317
0.0179220065
0.0437810943
-0.0317657329
0.0331196748
0.0201700833
0.0460424125
-0.1131173894
-0.0193909146
0.0801985785
-0.0343667902
0.0018534650
0.0460502096
0.0104490444
0.0455203652
-0.0152380792
0.0576789267
-0.0308775753
-0.1117752939
-0.0277297385
0.0515455902
0.0291552451
-0.0569950119
0.0589208566
0.0096515380
-0.0882061794
0.0689623430
0.0433818996
0.0373172648
0.0683810711
0.0450157486
0.0583898015
0.0460096113
-0.0428797640
0.0237079207
-0.0381821729
0.0209755674
-0.0132903215
0.0371895023
0.0060411333
-0.0709863305
0.0509633310
0.0210666731
-0.0212036967
-0.0577747971
-0.0237468146
0.0435540006
0.0011736993
-0.0276810899
0.0424308144
0.0317497626
0.0218619630
-0.0138169806
-0.0717538595
0.0049795634
-0.0109021896
0.0420169942
0.0059799557
-0.0139772817
-0.0168622304
0.0638623312
0.0584083945
-0.0000126686
0.0632672682
0.0095655704
0.0162660386
0.0425478034
-0.0312779732
0.0293521974
0.0202610660
0.0437861569
-0.1063644364
-0.0307709593
0.1049998403
-0.0445056632
-0.0110045830
0.0442319624
0.0074571623
0.0291561875
-0.0219699964
0.0419312157
-0.0436783656
-0.1157026440
-0.0173210707
0.0472395793
0.0286503006
-0.0494698212
0.0597416759
0.0096480250
-0.0853367448
0.0681761503
0.0458556265
0.0358322673
0.0377813131
0.0503966697
0.0562193431
0.0440624170
-0.0401853099
0.0241148658
-0.0396151207
0.0102297049
-0.0153826121
0.0337660834
0.0040406799
-0.0727328658
0.0389170833
0.0185775813
-0.0245214086
-0.0523922145
-0.0510382615
0.0460328050
-0.0012389713
-0.0247347653
0.0486750528
0.0323876180
0.0421181470
0.0050349850
-0.0680113956
-0.0036158655
-0.0089939181
0.0544747300
0.0070976042
-0.0165286884
-0.0023645235
0.0459889993
0.0530285239
0.0003906159
0.0409248881
0.0099000335
0.0220596697
0.0432492122
-0.0346977524
0.0275417529
0.0165772773
0.0452338830
-0.1051440760
-0.0246076435
0.0828751177
-0.0506769978
-0.0070392792
0.0347585380
0.0182442833
0.0154628772
-0.0150001962
0.0606797449
-0.0259867162
-0.1379864067
-0.0321416482
0.0563461110
0.0291598011
-0.0505181327
0.0693547800
0.0089645050
-0.0960656852
0.0685049444
0.0378553309
0.0332678966
0.0680269077
0.0605821460
0.0578186102
0.0518799648
-0.0396597162
0.0195738953
-0.0250777155
0.0293386672
-0.0114987539
0.0301107690
0.0043036505
-0.0926790237
0.0572547205
0.0244801808
-0.0253166780
-0.0572219938
-0.0079166749
0.0487250686
0.0015423184
-0.0281105284
0.0542466976
0.0366888419
-0.0018772330
-0.0124354158
-0.0753906518
-0.0071001872
-0.0093706204
0.0660650954
0.0069716028
-0.0140224136
-0.0354061872
0.0290733241
0.0623639785
-0.0017127263
0.0687292963
0.0093972636
0.0215348378
0.0505787283
-0.0410775878
0.0264025349
0.0136018516
0.0478548594
-0.1013083905
-0.0094575910
0.0583092161
-0.0330011919
0.0153496470
0.0297786314
0.0167533699
0.0692608356
-0.0127884382
0.0740329996
-0.0255542584
-0.1433465034
-0.0229858756
0.0558263212
0.0262222942
-0.1104733646
0.0569182076
0.0055462546
-0.0981456116
0.0713514313
0.0493858941
0.0331723206
0.0680879205
0.0331952572
0.0661984682
0.0556827374
-0.0453558601
0.0306795873
0.0104707340
-0.0020952006
-0.0146605903
0.0319049060
0.0045606936
-0.0918909758
0.0648976117
0.0160161182
-0.0288681071
-0.0619212911
0.0127214873
0.0565392114
-0.0003135014
-0.0264527220
0.0475469492
0.0356507972
-0.0230435282
-0.0247181077
-0.0765257478
-0.0042400477
-0.0105504300
0.0552321300
0.0073253443
-0.0170246214
-0.0023762556
0.0377123505
0.0539491437
-0.0006613805
0.0637450367
0.0087349955
0.0214571375
0.0516701192
-0.0412964188
0.0250643864
0.0141928885
0.0422704406
-0.1141024977
-0.0178726893
0.0665170625
-0.0170643050
-0.0001854609
0.0508112833
0.0243301131
0.0658505782
-0.0177099817
0.0600473359
-0.0221479572
-0.1181334704
0.0026037872
0.0545670465
0.0276528057
-0.0876063779
0.0427252240
0.0063457969
-0.0869446024
0.0692359880
0.0471217670
0.0293928329
0.0561554581
0.0375574678
0.0663940385
0.0534207262
-0.0465966985
0.0307816267
0.0086600063
0.0057802843
-0.0148888845
0.0289639439
0.0059966301
-0.0875385404
0.0499494448
0.0105978819
-0.0280293990
-0.0633011833
-0.0074789654
0.0558625981
-0.0023154968
-0.0278324094
0.0491394438
0.0357440040
0.0158576891
-0.0512003973
-0.0751276985
-0.0035009847
-0.0064848927
0.0561987720
0.0080580823
-0.0168497432
-0.0144732753
0.0398123749
0.0379622653
0.0000457091
0.0534431860
0.0096064368
0.0193812028
0.0474563688
-0.0427899845
0.0226996243
0.0152093163
0.0422985330
-0.1212760061
-0.0176639687
0.0824453458
-0.0284864437
-0.0051661283
0.0301551856
0.0164061859
0.0310218316
-0.0189132746
0.0880093351
-0.0067184712
-0.1475229710
-0.0120410984
0.0527207367
0.0286341608
-0.0920932367
0.0541086197
0.0069057290
-0.1076922268
0.0702220649
0.0447113998
0.0337262489
0.0569909066
0.0308611635
0.0622473247
0.0544599630
-0.0430578850
0.0316100642
0.0216344669
0.0132786939
-0.0120492745
0.0284246113
0.0032374561
-0.1000046507
0.0535867289
0.0131104486
-0.0299358573
-0.0628399625
0.0216585230
0.0573925711
0.0009724469
-0.0278901551
0.0614961088
0.0406011008
0.0052498947
-0.0460252054
-0.0779492185
-0.0062978044
-0.0058777207
0.0750613064
0.0047624530
-0.0152435498
-0.0143920174
0.0373114906
0.0671871006
0.0019974890
0.0873576850
0.0116327675
0.0234065205
0.0485418923
-0.0427869484
0.0225169379
0.0152260857
0.0456249006
-0.1420762241
-0.0152519261
0.0616684146
-0.0349391215
0.0032584048
0.0148949707
0.0119565642
0.0606332459
-0.0117110824
0.0705355257
-0.0203796271
-0.1553751677
-0.0143742831
0.0669432282
0.0265701190
-0.0929445252
0.0406387858
0.0062895147
-0.1040260792
0.0697993934
0.0407742150
0.0327440873
0.0500249974
0.0383248590
0.0670271590
0.0565154776
-0.0428681448
0.0314249173
0.0121669183
-0.0249674954
-0.0119790165
0.0280573610
0.0059952009
-0.0886831954
0.0605164804
0.0139248539
-0.0317817815
-0.0623671934
-0.0082480814
0.0577692315
0.0007367636
-0.0236271117
0.0488676503
0.0365879387
0.0109028276
-0.0934841931
-0.0754332915
-0.0039192005
-0.0049208528
0.0743619204
0.0017357101
-0.0190695729
0.0348949842
0.0146266436
0.0311771762
0.0030054981
0.0492037423
0.0105690733
0.0225821175
0.0506451428
-0.0435968600
0.0168936066
0.0167072043
0.0372903422
-0.1564190537
-0.0250601266
0.0786795244
-0.0421905294
-0.0350563079
0.0445770584
0.0223434046
0.0449845456
-0.0199678913
0.0524067879
0.0064034546
-0.1156714335
-0.0153470729
0.0646172091
0.0275521837
-0.0464545600
0.0651640594
0.0073526548
-0.0948282629
0.0724482387
0.0261462498
0.0260416009
0.0511886701
0.0626560375
0.0610894859
0.0546303913
-0.0381020978
0.0349468067
-0.0136324940
-0.0113863247
-0.0090913223
0.0230374895
0.0018372326
-0.0969953537
0.0541301481
0.0132017517
-0.0308446288
-0.0615831353
-0.0535763912
0.0565426238
0.0022699672
-0.0287446287
0.0515422821
0.0347042568
0.0411005206
-0.1066225320
-0.0816241801
0.0101028802
-0.0006874144
0.1011126861
0.0007805824
-0.0160634927
-0.0647940859
0.0492323935
0.0433153883
0.0057415352
0.1020412520
0.0166342203
0.0109377867
0.0495190993
-0.0399074517
0.0215574037
0.0260959975
0.0398650952
-0.1383183151
-0.0271981750
0.0539512597
-0.0723488480
-0.0017977390
-0.0022699786
0.0325766951
0.0406984091
-0.0191179849
0.1002287343
-0.0829507858
-0.1883497983
-0.0378745496
0.0579289608
0.0327786431
-0.0599877164
0.0344013199
0.0021830974
-0.0994255245
0.0600471161
0.0387055874
0.0360254161
0.0121022053
0.0222831536
0.0661829636
0.0451144688
-0.0411251150
0.0394009240
0.0301715750
-0.0760253370
-0.0061465320
0.0260692853
0.0040373798
-0.0978512168
0.0555023812
0.0127832070
-0.0303990878
-0.0634920374
0.0012373485
0.0526164062
0.0007429981
-0.0263855681
0.0375030264
0.0380459428
0.0223037489
-0.1089635491
-0.0795065090
-0.0027068225
-0.0048151645
0.0849394277
0.0038228296
-0.0182474423
-0.0370683409
0.0158170108
0.0130170966
0.0032251875
0.0480393134
0.0104228314
0.0180955399
0.0466771983
-0.0449245013
0.0159471855
0.0173432510
0.0471203774
-0.1680451930
-0.0361673422
0.0416521803
-0.0237357225
0.0069476636
0.0258240551
0.0171885248
0.0259399302
-0.0202533919
0.1077946424
-0.0172915570
-0.1476791799
-0.0156909693
0.0551480837
0.0273214635
-0.0910728574
0.0800304711
0.0090633826
-0.0926686823
0.0771548524
0.0218382403
0.0378741510
0.0759939849
0.0233273990
0.0619582012
0.0531397574
-0.0397906154
0.0566584580
0.0340472013
-0.0182805248
-0.0068841102
0.0343885049
0.0057861437
-0.0979814082
0.0649513975
0.0141215092
-0.0300106648
-0.0716012567
0.0364372991
0.0552846082
0.0095995059
-0.0260432716
0.0426684506
0.0358111076
0.0281352550
-0.1354446113
-0.0798460990
0.0014896120
-0.0028180403
0.0925685018
0.0038817315
-0.0162044968
-0.0483977534
-0.0169324074
0.0022032817
0.0017857417
0.0468964688
0.0130394446
0.0133729475
0.0480542108
-0.0446738973
0.0161977671
0.0197937544
0.0433539078
-0.1822992414
-0.0321805589
0.0471264124
-0.0505308136
-0.0057204375
0.0223375726
0.0213161632
0.0379891396
-0.0267721694
0.1220947877
-0.0278242994
-0.1498250663
-0.0356697887
0.0547607429
0.0294436794
-0.0814275742
0.0755257085
0.0089674005
-0.0911274031
0.0752210096
0.0148444064
0.0396869257
0.0576636009
0.0198013373
0.0608808957
0.0490308329
-0.0381346755
0.0550453141
0.0293101836
-0.0496193059
-0.0056815231
0.0313389711
0.0032114324
-0.1047635451
0.0600243546
0.0154803693
-0.0300129279
-0.0677094012
-0.0094960621
0.0544037148
0.0095612044
-0.0247835871
0.0438224450
0.0314157121
0.0784059539
-0.1275749654
-0.0715835840
0.0055005616
-0.0012696834
0.0703307167
0.0055683348
-0.0152009614
-0.0511472337
0.0203205682
0.0100104380
-0.0000974141
0.0532836206
0.0146748433
0.0146033671
0.0423620194
-0.0351064652
0.0189767722
0.0213619415
0.0418499000
-0.1487101912
-0.0409313291
0.0769742653
-0.0961070880
-0.0176021941
0.0002765834
0.0452514328
-0.0322841592
-0.0318821557
0.1148266569
-0.0608858764
-0.1313480586
-0.0465955138
0.0514252707
0.0325983353
-0.0346250609
0.0630212501
0.0086607952
-0.0931536853
0.0696724057
0.0215990916
0.0388855785
0.0285950135
0.0522784814
0.0582472384
0.0432039984
-0.0335471816
0.0380815454
-0.0163886286
-0.0318898447
-0.0063511231
0.0305905137
0.0036396976
-0.0804474652
0.0302510690
0.0257420950
-0.0264953636
-0.0610383078
-0.0145395016
0.0479722768
0.0020299663
-0.0290443301
0.0646165237
0.0226043556
0.1059199274
-0.1364941895
-0.0578200817
0.0066476818
0.0028221961
0.0992714912
0.0057390388
-0.0077925455
-0.0774744526
0.0191262159
-0.0280081723
0.0068557551
-0.0184975453
0.0156842396
0.0036122096
0.0482486263
-0.0311631747
0.0308362823
0.0364674143
0.0303893145
-0.1915837526
-0.0260338224
0.1078630611
-0.0795191675
-0.0625351518
0.0507524796
-0.0093603889
-0.0166017190
-0.0275348220
0.1343083531
-0.0477985591
-0.1278844178
-0.0917539299
0.0540739484
0.0300565809
0.0886708051
0.0961264595
0.0123757664
-0.1049907431
0.0687408522
0.0093696387
0.0383127220
0.0614819340
0.0529886223
0.0470316373
0.0340878218
-0.0239140149
0.0419372842
-0.0756459162
-0.0210674386
0.0053139701
0.0329190530
0.0069583771
-0.0945673510
0.0538121611
0.0270823538
-0.0216262098
-0.0494275466
-0.1389135569
0.0390655547
0.0090211332
-0.0303717162
0.0663123950
0.0221556406
0.0171228033
0.0239515286
-0.0575967841
0.0019841706
-0.0116860587
0.0678848624
0.0086752661
-0.0103664752
0.0427898727
0.0147077609
0.0447833091
0.0012763618
0.0273090061
0.0111923050
0.0155569110
0.0505261347
-0.0358903110
0.0312677808
0.0284146015
0.0417735688
-0.1197450608
-0.0147965606
0.0932646468
-0.0500156581
-0.0527927503
0.0496541038
-0.0160086565
0.0463628247
-0.0099220723
0.0503372587
0.0114753563
-0.0757853389
-0.0543739498
0.0524182469
0.0277663637
0.0185900256
0.0804475173
0.0060715498
-0.1096847579
0.0701463893
0.0438257009
0.0335625075
0.0744941384
0.0493332893
0.0518642664
0.0425067432
-0.0349144377
0.0286445692
-0.0564493537
0.0884877294
-0.0085760085
0.0376296304
0.0029965288
-0.0816864893
0.0735597983
0.0219018497
-0.0215894878
-0.0502280444
-0.0948750675
0.0400204249
0.0017087472
-0.0222270843
0.0358280987
0.0329760760
0.0045567746
0.0379167832
-0.0640449151
-0.0039863465
-0.0142036593
0.0183865521
0.0065361196
-0.0162030123
0.0871760026
0.0496647842
0.0569673590
-0.0011322132
0.0373724401
0.0090534994
0.0219064802
0.0379416905
-0.0351385772
0.0309706703
0.0171995200
0.0430010520
-0.1031302735
-0.0259693731
0.1203899980
-0.0419810824
-0.0495569371
0.0710123777
0.0033902577
0.0171171110
-0.0194332805
0.0516308397
0.0177605953
-0.0788429156
-0.0179487951
0.0478955917
0.0250793733
-0.0074603688
0.0550705455
0.0097373789
-0.0861714706
0.0717064515
0.0360501036
0.0301944893
0.0447441712
0.0592043884
0.0546372421
0.0480843857
-0.0392103717
0.0230254792
-0.0443486236
0.1047301814
-0.0125199920
0.0318893045
0.0002215162
-0.0635852441
0.0460669659
0.0276091360
-0.0245690159
-0.0506737083
-0.0944888368
0.0407585762
0.0008997501
-0.0289299879
0.0373447947
0.0299454331
0.0438004658
-0.0323179998
-0.0622162707
0.0031266070
-0.0004745781
0.0799302608
0.0008872994
-0.0129056647
-0.0045352159
0.0731783584
0.0300485063
0.0011499588
0.0248357318
0.0103438012
0.0105814720
0.0496857315
-0.0381592065
0.0203316044
0.0240524318
0.0377767757
-0.1092503965
-0.0299505275
0.1101513952
-0.0600039996
-0.0748832673
0.0471392572
0.0112521388
0.0136122722
-0.0185333136
0.0646516383
-0.0270335805
-0.1459473073
-0.0621569157
0.0461496226
0.0301236622
0.0268047769
0.0928751528
0.0066990904
-0.1092079058
0.0713756904
0.0385494754
0.0313437581
0.0607937165
0.0418057963
0.0542416722
0.0449050255
-0.0325575098
0.0482860208
-0.0542885028
0.0360089764
-0.0081042890
0.0262335595
-0.0047920621
-0.1158609763
0.0664006397
0.0275522768
-0.0274579972
-0.0481928214
-0.0925391540
0.0501613133
0.0033516514
-0.0265656747
0.0487181917
0.0366911739
0.0211070143
-0.0154238073
-0.0679974407
-0.0085715828
-0.0054058009
0.0490740500
0.0073127858
-0.0145562282
-0.0063123368
0.0397563316
0.0239130501
-0.0037568642
0.0180079266
0.0060320813
0.0212922227
0.0452972725
-0.0388387442
0.0208797250
0.0132487100
0.0473471060
-0.1041951701
-0.0262862947
0.0896254107
-0.0379455239
-0.0095697846
0.0474581718
0.0063425233
0.0137731098
-0.0215710811
0.0690787956
-0.0138657056
-0.1168175638
-0.0076331771
0.0541341417
0.0249564573
-0.0568004511
0.0792502761
0.0083287302
-0.0865979195
0.0790565461
0.0353340507
0.0324272290
0.0839912742
0.0495222732
0.0579419285
0.0551502518
-0.0390534028
0.0362205394
-0.0156002240
0.0482088290
-0.0113835679
0.0327424221
0.0039193030
-0.1017148197
0.0503852218
0.0197684411
-0.0287133977
-0.0582625978
-0.0145669207
0.0536748283
0.0042214477
-0.0242144354
0.0468102731
0.0310886800
0.0146958204
-0.0081217457
-0.0691213459
0.0006946433
-0.0082698632
0.0540739559
0.0046089580
-0.0166623965
0.0361877382
0.0494309478
0.0480852462
-0.0004649902
0.0522431917
0.0100028384
0.0185998790
0.0489695482
-0.0373331793
0.0271714106
0.0194537789
0.0384622887
-0.1035749242
-0.0169406980
0.0973094106
-0.0505390503
-0.0460789427
0.0605409071
0.0233563092
0.0376500562
-0.0204154756
0.0499533117
-0.0226076394
-0.0994960442
-0.0328369997
0.0496627614
0.0282424781
-0.0045706262
0.0561650433
0.0041595842
-0.0892790407
0.0672709942
0.0433303937
0.0258482732
0.0390574113
0.0521747768
0.0617939532
0.0480917059
-0.0396706574
0.0269464944
-0.0346618965
0.0454338305
-0.0120293740
0.0271769594
0.0003626185
-0.0738069490
0.0558587499
0.0201049969
-0.0275319945
-0.0541022979
-0.0553471781
0.0471109562
-0.0017176702
-0.0261752568
0.0447169282
0.0374893397
0.0101760626
-0.0083302567
-0.0705407634
-0.0081945611
-0.0054373881
0.0528432615
0.0053091203
-0.0148742758
-0.0296279453
0.0717223883
0.0646595806
0.0013372259
0.0496661551
0.0087109571
0.0219985228
0.0453532338
-0.0384504944
0.0255599562
0.0143836485
0.0466130339
-0.0990626439
-0.0202572849
0.0787309781
-0.0269271377
-0.0019323691
0.0499952137
0.0145181958
0.0390456170
-0.0099269710
0.0504088774
-0.0227602813
-0.1328717619
-0.0195267759
0.0582290925
0.0230385829
-0.0709870681
0.0754075944
0.0081965979
-0.0927658230
0.0730397478
0.0413034335
0.0309122745
0.0708640665
0.0540856682
0.0613372102
0.0555512011
-0.0409276262
0.0303334408
-0.0321709290
0.0151731735
-0.0110129332
0.0307007674
0.0034403433
-0.0811305642
0.0670651495
0.0206184573
-0.0303124916
-0.0588626936
-0.0031631941
0.0545323752
0.0013142037
-0.0271658804
0.0547354035
0.0321635269
0.0207702834
-0.0558487661
-0.0716933608
-0.0042303470
-0.0040659592
0.0639810860
0.0066404329
-0.0135305999
-0.0179958045
0.0206011273
0.0229394939
-0.0010091707
0.0400071032
0.0091213444
0.0165682230
0.0508086085
-0.0427508317
0.0198976751
0.0185721125
0.0402866825
-0.1208327487
-0.0182964783
0.0783636048
-0.0430003293
-0.0173367597
0.0519803800
0.0203783140
0.0397077985
-0.0195496213
0.0895247534
-0.0217466149
-0.1295017898
-0.0331336558
0.0549551472
0.0288692806
-0.0527014956
0.0752343163
0.0042502848
-0.0969979018
0.0734865144
0.0307520516
0.0307725016
0.0491019376
0.0390247330
0.0623836555
0.0529249348
-0.0387320220
0.0368489064
-0.0028988114
0.0065790382
-0.0073281955
0.0296176244
0.0015603864
-0.0854688361
0.0558629297
0.0148076471
-0.0320450142
-0.0629726648
0.0057568946
0.0548166409
0.0030299327
-0.0271990504
0.0726647228
0.0393862873
-0.0157071631
-0.0516132563
-0.0730298832
-0.0022170057
-0.0093787462
0.0835633725
0.0079281759
-0.0148030864
-0.0097967088
0.0571192317
0.0947819650
0.0061264108
0.0929814428
0.0163939763
0.0222025812
0.0496185832
-0.0426752418
0.0287934951
0.0176921636
0.0452578515
-0.1365405619
0.0051078824
0.0686558858
-0.0190206133
-0.0194703788
0.0250566080
0.0134304781
0.0665625185
-0.0060222591
0.0275027305
0.0146020828
-0.0952690914
-0.0137037477
0.0689689368
0.0181225836
-0.0645313859
0.0349474587
0.0075510433
-0.1130003333
0.0619670339
0.0336740911
0.0293113571
0.0713297650
0.0510732122
0.0622643270
0.0552344657
-0.0451902747
0.0280001089
-0.0265197642
0.0062627061
-0.0121395011
0.0293022748
0.0008284767
-0.0574252196
0.0597143136
0.0165152103
-0.0270651449
-0.0554019213
-0.0493899547
0.0543548316
-0.0037959721
-0.0230775140
0.0430387445
0.0327252001
-0.0042362120
-0.0203159098
-0.0648505762
-0.0076046642
-0.0030557327
0.0485483781
0.0020323135
-0.0160672870
0.0440085158
0.0541906282
0.0437054485
0.0001099286
0.0297349561
0.0111616962
0.0210738759
0.0487618335
-0.0405263193
0.0204167441
0.0199522078
0.0356977656
-0.0986848027
-0.0205350164
0.1160940155
-0.0711720586
-0.0652194321
0.0475216545
0.0360118710
0.0198839400
-0.0150431646
0.0458496921
-0.0098995762
-0.0670633838
-0.0295665655
0.0631622821
0.0243383478
0.0167775899
0.0844334438
0.0044742227
-0.0811339617
0.0717628598
0.0257949866
0.0217587557
0.0505496487
0.0630837008
0.0602170192
0.0521551035
-0.0346939415
0.0355867147
-0.0732654408
0.0508771390
-0.0044219173
0.0242904462
-0.0047441237
-0.0636868179
0.0517128929
0.0245195311
-0.0303725358
-0.0552573875
-0.0811720937
0.0525430329
-0.0003583028
-0.0224569850
0.0317433998
0.0342409797
0.0077175419
-0.0443833545
-0.0636817515
-0.0140531147
-0.0053810431
0.0290808715
0.0075513846
-0.0182570778
0.0548246354
0.0360730290
0.0186894350
-0.0004426611
0.0235501584
0.0106436880
0.0225112457
0.0443858951
-0.0430386961
0.0225932486
0.0150385406
0.0379929170
-0.1129737198
-0.0256843809
0.1109804511
-0.0523047261
-0.0379736908
0.0479199179
0.0401310101
-0.0043595294
-0.0185465720
0.0792357773
0.0121729560
-0.0533590503
-0.0029618349
0.0617059693
0.0225409884
-0.0219202824
0.0753103420
0.0060885656
-0.0788253322
0.0762660801
0.0122709321
0.0251027253
0.0475025773
0.0581144616
0.0609434992
0.0543385707
-0.0378336497
0.0261170790
-0.0263840705
0.0828428864
-0.0044195973
0.0281626694
-0.0034516060
-0.0518286861
0.0466455966
0.0275631212
-0.0306712408
-0.0613937974
-0.0149778547
0.0527849123
0.0012687590
-0.0202868935
0.0234197918
0.0309781227
-0.0093003083
-0.0401881300
-0.0671420246
-0.0176130198
-0.0075396979
0.0304131042
0.0087269703
-0.0218646098
0.0185484029
0.0597476847
0.0135443592
-0.0001838549
0.0301519483
0.0113591747
0.0302829556
0.0408029370
-0.0422054715
0.0168139730
0.0126767736
0.0419343784
-0.1125100404
-0.0360731520
0.1049891636
-0.0516667254
0.0082395012
0.0233143568
0.0446750373
-0.0375636891
-0.0082927663
0.0869723260
-0.0154606244
-0.0228717159
0.0163533874
0.0707116351
0.0209734440
-0.0357148536
0.0953405574
0.0050915838
-0.0626421124
0.0807580948
0.0163098462
0.0252277050
0.0834783837
0.0381579697
0.0565223396
0.0556126609
-0.0352268256
0.0557185188
-0.0152355153
0.1059731618
-0.0013704285
0.0342651978
0.0022400331
-0.0613982603
0.0336867869
0.0215272401
-0.0268017817
-0.0672113821
0.0258021373
0.0543592386
0.0031760866
-0.0235437434
0.0374065079
0.0293335542
0.0792910904
-0.0946529955
-0.0583833195
-0.0050835647
0.0006114263
0.0569788292
0.0069854655
-0.0166404583
0.0338550210
0.0250961091
-0.0246029329
0.0042343661
-0.0146175306
0.0119641302
0.0143059855
0.0421864055
-0.0374499522
0.0186420381
0.0240283366
0.0356668420
-0.1615357250
-0.0408603996
0.1067094505
-0.0707841814
-0.0798113942
0.0379754342
0.0276924390
-0.0655867085
-0.0228151344
0.1132692546
-0.0031738977
-0.0970066041
-0.0319088921
0.0562748946
0.0299812220
0.0453479551
0.0890135542
0.0092412587
-0.0872346982
0.0762120038
0.0098075718
0.0300863627
0.0479707718
0.0556503162
0.0541351400
0.0476326160
-0.0277570132
0.0432181656
-0.0346873812
0.0646487921
0.0031715145
0.0286710840
0.0006559424
-0.0821814463
0.0403636433
0.0296871420
-0.0267897993
-0.0609580576
-0.0415665768
0.0472627394
0.0098709241
-0.0230459347
0.0357548110
0.0251821317
0.0714577809
-0.0971283615
-0.0564060137
0.0027733941
-0.0037839795
0.0112730814
0.0127124935
-0.0120451702
-0.0200148914
0.0510545447
-0.0099874418
0.0043364521
0.0163396150
0.0149319898
0.0118126748
0.0410571285
-0.0309025869
0.0280220360
0.0264956728
0.0339732505
-0.1561284065
-0.0396307707
0.1325526237
-0.0689939559
-0.0312370379
0.0482083894
0.0250930171
-0.0629711375
-0.0257677045
0.0950364918
-0.0244410653
-0.0593264140
-0.0224744976
0.0550404787
0.0284035187
0.0379323326
0.0660190508
0.0133238612
-0.0724000633
0.0639194250
0.0029626363
0.0366594754
0.0299210250
0.0778329298
0.0481374823
0.0365741104
-0.0315788984
0.0248377547
-0.0660451353
0.0374758877
-0.0013217039
0.0328456275
0.0025844674
-0.0775359645
0.0186636001
0.0293991379
-0.0223899372
-0.0513231568
-0.0822723582
0.0418229811
0.0035184936
-0.0246318076
0.0389683507
0.0187620763
0.1380253434
-0.1014256403
-0.0481479615
0.0109013952
0.0036437956
0.0451488867
0.0079890341
-0.0124861253
0.0049438355
0.1024368182
-0.0281527936
0.0077243326
-0.0104034627
0.0160066038
0.0040863156
0.0416140035
-0.0268716179
0.0276431907
0.0347542539
0.0247546900
-0.1454779506
-0.0401014350
0.1667587161
-0.0984113961
-0.1105099097
0.0413334072
0.0230672937
-0.0879222751
-0.0285606794
0.0840572938
-0.0532578826
-0.0960953310
-0.0597425960
0.0510467254
0.0322587900
0.1518829018
0.0941584259
0.0086581241
-0.0831495300
0.0610434264
0.0102629550
0.0308667719
0.0191421099
0.0806406066
0.0439153612
0.0308331251
-0.0213294066
0.0286366977
-0.1090624630
0.0468983911
0.0040240027
0.0262859296
-0.0042956378
-0.0857153460
0.0326827355
0.0378304310
-0.0215907041
-0.0386671387
-0.1320991665
0.0376684591
0.0048762201
