0.2116717100
-0.1024204120
0.0142489923
-0.0442660972
0.0198874921
0.0595138185
0.1524451971
-0.0281950925
0.0105664385
-0.0709299594
-0.0141654415
-0.0005932691
-0.0395202152
0.0009254149
-0.0311093088
-0.0333582237
-0.0029228544
-0.0832369849
-0.0392914452
0.0653532669
0.0066480176
-0.1834266037
-0.0159764923
0.0098841237
-0.0001342257
-0.0199826658
0.0432318598
-0.0004343652
-0.0122580538
0.0774473399
0.0093943225
-0.0079806689
0.0080170138
0.0027375226
-0.0006516411
-0.0361698121
0.1204546988
-0.0291232187
-0.1563015580
-0.0022586484
-0.0071374914
-0.0209329147
0.0887921378
0.0364859328
-0.0122062489
-0.0120458547
0.0245747007
-0.0243989788
-0.0842548534
0.0486840680
-0.0249403045
0.0170967281
0.0155936293
0.0999330878
0.1399371624
-0.0009648230
0.0071035242
-0.0234638117
0.0055189389
-0.0320787020
0.0151129244
0.0037971355
0.0008680493
-0.0429141000
0.1315986663
-0.0904872939
0.0317888446
0.0119271595
-0.0730334669
-0.0560580529
0.1110770106
-0.0453936979
0.0319406278
-0.0361612402
-0.0301899593
0.0339262970
-0.0642379969
-0.0099488879
-0.0307768062
0.0049753329
0.0447941199
-0.0262932628
0.0284776855
-0.0090357037
-0.0503653809
-0.0931984112
-0.0216453671
0.0053025479
-0.0231789351
0.0353976265
-0.0095072910
-0.0898032486
-0.0204374623
0.0354534350
0.0263908356
-0.0624117963
0.0818782672
-0.0347276479
-0.0140055949
-0.0474155545
0.1138020977
-0.0793848634
-0.0433867201
-0.0270180646
0.0230674967
-0.0521321520
0.0475947075
0.0796723962
-0.0562813990
-0.0436343290
0.0342886038
0.0189269017
-0.0704797283
0.0672483370
-0.0664079338
-0.0085175466
-0.0294258278
-0.0149971917
0.0888057500
-0.0304113664
0.0507333130
0.0054443874
0.0407832228
0.0213970058
0.0490507148
-0.0027477802
0.0397858284
-0.0518921725
0.2438446134
-0.0604226105
0.0518158488
-0.0499722995
0.0146393590
0.0396823511
0.1819700003
-0.0233882293
0.0218605399
-0.0965173617
0.0025445845
0.0080244597
-0.0269859657
-0.0122890472
-0.0374198928
-0.0317772664
0.0130145429
-0.0715208054
-0.0098961722
0.0469418690
-0.0091693504
-0.1951935738
-0.0017549315
0.0008289805
-0.0073658861
-0.0052348142
0.0243559852
-0.0144368056
-0.0110592535
0.1821940690
-0.0003730756
-0.0059943101
0.0333573297
0.0003901152
-0.0013719818
-0.0403171293
0.1568994224
-0.0394622497
-0.1874280572
-0.0075339284
0.0002391943
-0.0842248574
0.1001878157
0.0596679077
-0.0098757837
-0.0627152175
0.0275472756
-0.0199238695
-0.1131277159
0.0566214994
-0.0283729751
0.0121969040
0.0066648433
0.2022190988
0.1432351917
-0.0277871024
0.0153092993
-0.0211955700
-0.0080891624
-0.0331700593
0.0203778911
0.0098740887
-0.0026422630
-0.0582178012
0.1288204640
0.2617811561
-0.0393088534
-0.0592857748
0.0181398597
0.0269129463
0.1249806359
-0.0490341932
-0.0538400300
-0.0473262742
-0.0483530909
-0.0657488629
-0.0924986005
0.0817962810
0.0992322117
-0.0342594720
0.0891482756
-0.2011869848
0.1286195070
0.1282156557
0.0350931212
-0.1014862433
-0.0814477727
-0.0010897762
0.0031214543
-0.0265328046
-0.0409315415
0.0193915255
-0.0208397154
0.6373459101
-0.1601332277
-0.0244332347
0.0147906570
0.0384420007
0.0113607766
-0.0142446971
-0.0604261048
-0.0269854274
0.1015074477
0.0017050297
-0.1033845469
-0.1578138322
0.0441964492
-0.0008754212
-0.0377626829
0.0031595817
0.0347439349
-0.0187281575
-0.1039474085
0.0319743492
-0.0268967357
0.0192558877
0.0148163652
-0.0747274384
0.1841366738
-0.0099531924
0.0817264766
-0.0143354116
-0.0050712312
-0.0403150097
0.0051654526
-0.0021468319
0.0089038471
-0.0246786717
-0.4280825853
1.3075933456
0.2878003716
-0.0612911955
0.0848112255
-0.2418480814
-0.0696398988
0.0006139267
-0.6791104078
-0.5990915895
0.0650699958
0.3287698030
-0.3649881780
0.8230432868
-0.0516446307
-0.0694507807
-0.3412836492
-0.0635653213
0.4519332349
-0.0546682663
0.0908033997
0.6861202121
0.3402320743
-0.0034580897
-0.0497192703
0.0128481407
-0.5296956897
-0.0636010394
-0.0026608787
2.0659756660
-0.6916130185
0.0052070539
0.4818722904
0.1375845820
-0.0408001393
-0.0536866672
-0.3087258339
-0.0123731894
0.5165134668
-0.0469635800
0.5952577591
-1.0488065481
0.4442835450
0.1339583099
-0.3434236646
0.3866059184
0.0660105050
0.0027095543
0.0672418550
0.1962932944
-0.1031793058
0.0062356135
-0.0148773314
0.9698547721
0.1933782697
0.1934345812
0.3104060888
-0.0361835547
0.2778218389
-0.1849031150
0.0958603770
0.0317891650
0.1291259825
0.0899740830
0.0835048929
-0.0609765947
0.0230229571
0.0189717691
-0.0834375918
-0.0765866563
0.0867394581
-0.0472284257
0.0215270258
-0.0203721300
-0.0393567458
0.0389486924
-0.0586305074
0.0073603461
-0.0228117686
0.0075412900
0.0484179035
-0.0230401698
0.0542145856
-0.0288240984
-0.0485428944
-0.0570905954
-0.0096026203
0.0066008498
-0.0232178103
0.0378076136
-0.0265211184
-0.0949639007
-0.0240253415
0.0585186966
0.0289871767
-0.0665012375
0.0813098922
-0.0332171544
-0.0142508484
-0.0484619662
0.0923853070
-0.0819262266
-0.0095499149
-0.0332236513
0.0161921233
-0.0666668490
0.0336042009
0.0714906305
-0.0610701367
-0.0391077809
0.0367687419
0.0229085553
-0.0589183159
0.0485870056
-0.0725074410
-0.0075494507
-0.0350946225
-0.0347202905
0.0712908134
-0.0378284156
0.0506653301
0.0097203450
0.0384563990
0.0286719911
0.0521258973
-0.0053349817
0.0422299355
-0.0515619703
0.1979788989
-0.0499569140
0.0331897400
-0.0236789081
-0.0225346889
0.0052397251
0.1569488794
-0.0308419187
0.0107444758
-0.0307326745
-0.0117497575
-0.0048870957
-0.0226431694
-0.0066140210
-0.0329302885
-0.0205179993
0.0390325971
-0.0669347569
0.0376611575
0.0179098248
-0.0235402305
-0.1625509411
-0.0219736621
-0.0002678742
-0.0139933676
0.0133479843
0.0234740917
-0.0420334749
-0.0160154440
0.1562303454
0.0149653638
-0.0269424617
0.0350227691
-0.0331066549
-0.0038354776
-0.0423253924
0.1537795216
-0.0590231977
-0.1436945051
-0.0173662715
-0.0126502868
-0.0738739818
0.0625323653
0.0610657521
-0.0183148105
-0.0546226948
0.0305668358
-0.0082176561
-0.1064160839
0.0459121279
-0.0444147997
0.0041497704
-0.0106437355
0.1206837147
0.1328248829
-0.0377352312
0.0187002234
-0.0140669830
-0.0131869083
-0.0079588285
0.0299011581
0.0072876215
0.0083797006
-0.0740967318
0.1525828540
-0.1192197725
0.0343371890
0.0019547276
-0.0011610042
-0.0161295887
0.1985183060
-0.0379280075
-0.0063386071
-0.1198447868
-0.0119809797
0.0809290409
-0.0189929958
0.0409733057
-0.0396938212
-0.0218308885
0.0511835292
-0.0692699477
0.0795095637
-0.0086675808
-0.0044758911
-0.1257735491
-0.0122731067
0.0211580247
-0.0014696806
-0.0044993605
0.0337440968
-0.0280101933
-0.0104407417
0.1095444858
0.0834184811
-0.0065124799
0.0280544665
0.0375428572
-0.0103290230
-0.0498933755
0.1202451885
-0.0436855555
-0.0766153485
-0.0217359923
0.0496944077
-0.2271647453
0.1744494289
0.0568299890
-0.0244184006
-0.0561410300
0.0390033498
-0.0026093507
-0.0529943705
0.0229755100
-0.0330969542
0.0073591145
-0.0187778398
0.0881349668
0.0894184113
-0.0211471599
-0.0007194574
0.0071957740
-0.0083786091
-0.0134535832
0.0252918676
-0.0107972752
0.0357341655
-0.0484941155
0.0983371809
0.0045406832
0.0817022100
-0.0988582894
-0.0238061324
-0.0568110645
0.0878760591
-0.0324503481
0.0460413881
-0.2064720094
-0.0604590438
0.1374399364
-0.0011957266
-0.0397959687
0.0151212448
-0.0069664465
0.0724647343
-0.0623004101
0.0338938273
-0.0004082272
-0.0110880248
-0.0071679205
0.0691765919
0.0210156552
0.0044645383
0.0067470255
-0.1074309722
-0.0424878635
-0.0054912339
0.3024684489
0.0665397570
-0.0008251805
0.1268607825
0.1084440127
-0.0158738419
-0.0411400497
-0.0611077026
-0.0439093858
-0.0317400806
-0.0101749199
0.0516604818
-0.0830465481
0.2247779220
0.0710370615
-0.0492049120
-0.0202748328
0.0310237724
0.0207072459
-0.0188164227
0.1312196106
-0.0507112183
0.0073078279
-0.0214472581
0.2400132418
0.0913951322
-0.0301053505
0.0144545352
0.0182994641
0.0993649960
-0.0446850881
0.0347809233
-0.0077323359
0.0462644063
0.0378559642
0.0101304064
-0.0359048024
0.0245537832
0.0313383937
-0.1203217506
-0.1212418750
0.0426488519
-0.0556540415
0.0293623637
0.0099831773
-0.0473757610
0.0377125479
-0.0593726225
0.0097157955
-0.0081786010
0.0185865983
0.0661944523
0.0007030526
0.0737481043
-0.0673569068
-0.0615938082
0.0043900185
0.0026652424
0.0044331942
-0.0311674792
0.0562707968
-0.0671742409
-0.1225530058
-0.0290894974
0.0518863983
0.0344797336
-0.0862726718
0.0954501405
-0.0545893982
-0.0160571262
-0.0489437096
0.0561223812
-0.0941890106
0.0610480122
-0.0403283611
0.0318326987
-0.0511045381
0.0030550826
0.0720120147
-0.0778693259
-0.0333439149
0.0356801562
0.0361046717
-0.0308736749
0.0426224582
-0.0843555257
-0.0185275432
-0.0497960299
-0.0919313431
0.0405809432
-0.0474137105
0.0623846017
0.0228634253
0.0611210987
0.0513344407
0.0631940961
-0.0112051452
0.0546402298
-0.0471638069
0.0008613490
-0.0322311819
0.0244599674
0.0331287235
-0.1241461784
-0.1264428198
0.0371075533
-0.0566228591
0.0297377482
0.0136963381
-0.0484950542
0.0374153294
-0.0590488352
0.0109116407
-0.0063771671
0.0200471338
0.0680970252
0.0032476706
0.0772794336
-0.0721966624
-0.0629065260
0.0118513377
0.0048822598
0.0045474800
-0.0319700651
0.0579774044
-0.0715094656
-0.1253920645
-0.0297420900
0.0524709858
0.0357608087
-0.0882224813
0.0965079516
-0.0566879623
-0.0159810092
-0.0489142202
0.0518998653
-0.0953686610
0.0693550855
-0.0413140617
0.0329947621
-0.0508613661
-0.0008320195
0.0716049224
-0.0794104189
-0.0325302631
0.0356642380
0.0375507176
-0.0278992280
0.0410785452
-0.0857825428
-0.0193405785
-0.0514174961
-0.0992418081
0.0366590135
-0.0488217808
0.0636832491
0.0242070630
0.0629959777
0.0537518263
0.0644813478
-0.0119778896
0.0556114577
-0.0470152795
0.0066087898
-0.0352221541
0.0248885714
0.0320134535
-0.1217476726
-0.1233138740
0.0402762927
-0.0561429635
0.0295417272
0.0108828265
-0.0477702841
0.0372656025
-0.0593699515
0.0097387712
-0.0072064614
0.0196701866
0.0671307445
0.0020573668
0.0752970427
-0.0693778545
-0.0624520928
0.0071566501
0.0041158646
0.0048409388
-0.0315623991
0.0566835105
-0.0686729923
-0.1236729994
-0.0293731745
0.0518260002
0.0362456143
-0.0867433026
0.0960509926
-0.0553911440
-0.0157712381
-0.0487306453
0.0543732196
-0.0943124741
0.0643302202
-0.0406420715
0.0321168974
-0.0517286323
0.0014378901
0.0717721134
-0.0781742036
-0.0324878246
0.0355933756
0.0368099026
-0.0296843462
0.0420512259
-0.0848573595
-0.0184898823
-0.0503300689
-0.0966763943
0.0390429795
-0.0480855331
0.0634655729
0.0232813694
0.0621866956
0.0521050617
0.0637909621
-0.0117210476
0.0546275005
-0.0470461957
0.0400396697
-0.0494924523
0.0266833976
0.0268869996
-0.1088854596
-0.1053145528
0.0591916144
-0.0532241203
0.0297502205
-0.0009946167
-0.0427983738
0.0353280827
-0.0606778301
0.0049669575
-0.0135227544
0.0160720870
0.0612055995
-0.0054454259
0.0635840967
-0.0535122491
-0.0593150593
-0.0199119002
-0.0024113695
0.0048668883
-0.0295240097
0.0510792285
-0.0524732731
-0.1148067266
-0.0271196980
0.0461681411
0.0335160643
-0.0802014023
0.0922119692
-0.0505530760
-0.0153317936
-0.0483429879
0.0712411180
-0.0903814659
0.0351765044
-0.0370367244
0.0296971239
-0.0515192524
0.0133175747
0.0739250556
-0.0722513795
-0.0352208428
0.0352089107
0.0319716632
-0.0411171317
0.0489471741
-0.0800718740
-0.0157169942
-0.0447608568
-0.0754387826
0.0525420681
-0.0434890613
0.0602399074
0.0183726568
0.0560202971
0.0439729840
0.0599346496
-0.0093663316
0.0502497330
-0.0489302278
0.0476401746
-0.0510318205
0.0268710088
0.0254600346
-0.1056456715
-0.1010295376
0.0639000461
-0.0524286181
0.0289724413
-0.0037111249
-0.0416735075
0.0346034467
-0.0606385581
0.0041564140
-0.0149355177
0.0153705245
0.0599571057
-0.0073721884
0.0618903339
-0.0498938523
-0.0581318028
-0.0262431279
-0.0038534151
0.0049581989
-0.0290767122
0.0496766232
-0.0485674627
-0.1124872342
-0.0265610348
0.0458133295
0.0321420431
-0.0786500946
0.0913902149
-0.0494078659
-0.0151797347
-0.0482823253
0.0749830902
-0.0895535424
0.0282830428
-0.0364488512
0.0279777274
-0.0530835651
0.0163622294
0.0746107697
-0.0709080622
-0.0351385847
0.0351712592
0.0306686442
-0.0439997241
0.0505159907
-0.0790465921
-0.0149447825
-0.0434552766
-0.0696430728
0.0558413602
-0.0420987234
0.0595108271
0.0171817131
0.0541533232
0.0419352464
0.0589612611
-0.0087213116
0.0491304956
-0.0495221727
0.0652529076
-0.0596252233
0.0286068451
0.0234254878
-0.0992139578
-0.0921894908
0.0730466172
-0.0511232689
0.0301543511
-0.0102585880
-0.0389309563
0.0328779556
-0.0616507642
0.0009287962
-0.0179168470
0.0143846329
0.0573007874
-0.0105708530
0.0558657609
-0.0423444249
-0.0575250909
-0.0403087065
-0.0064001074
0.0053240573
-0.0283234287
0.0467918068
-0.0401562415
-0.1084239632
-0.0255514197
0.0426094905
0.0323952250
-0.0753997266
0.0893851966
-0.0475004464
-0.0145964371
-0.0478609689
0.0843660980
-0.0875737891
0.0134519571
-0.0343289971
0.0276010949
-0.0531679206
0.0215624254
0.0759842917
-0.0675953478
-0.0366634987
0.0348693840
0.0286101196
-0.0498090386
0.0539193638
-0.0765781552
-0.0134770954
-0.0407066457
-0.0620772205
0.0622527525
-0.0399270654
0.0587039776
0.0146823768
0.0514985733
0.0379851907
0.0573453605
-0.0078410637
0.0464634970
-0.0508045144
0.2185042650
-0.0994382724
0.0325771645
-0.0165099483
0.0146293314
0.0202146582
0.1777380854
-0.0297075026
-0.0077194697
-0.1151449531
-0.0269666146
0.0598690398
-0.0313342251
0.0243139397
-0.0556188263
-0.0321623273
0.0009619443
-0.0887876675
0.0255676880
0.0438994430
-0.0094156172
-0.1709994525
-0.0298390295
0.0131414309
0.0002137323
-0.0080709755
0.0640004724
-0.0210021343
-0.0090477997
0.1465688795
0.0222853255
-0.0159060452
0.0357833989
0.0417434797
-0.0019656299
-0.0437225178
0.1444675028
-0.0471262299
-0.1543267667
-0.0141330045
-0.0197513551
-0.1680486947
0.0844684094
0.0722066090
-0.0242990162
-0.0740239099
0.0394341350
-0.0139531605
-0.0973309129
0.0374992117
-0.0377813578
0.0173182357
0.0034511932
0.1240982935
0.1270598322
-0.0126109486
0.0222445428
-0.0177443326
-0.0109691443
-0.0291489642
0.0211113952
0.0081633423
0.0220159180
-0.0487525724
-0.0461938828
0.5127610564
-0.2484345138
0.1848134249
-0.0151911359
-0.0009218168
0.0228607301
-0.0359444879
-0.2033108771
-0.0625943691
0.1088478863
-0.1170906276
-0.2503786385
0.4595772326
-0.2893651426
-0.0504661202
0.0404359959
-0.3153505921
0.4507102370
-0.1853764504
-0.0612535551
-0.1116755754
-0.0318336040
-0.0376934446
-0.0478772186
-0.0009050546
0.0377986990
0.0136046764
0.0117614083
0.5200068355
-0.0139899822
-0.0101713873
-0.0080788499
-0.0626397878
-0.0446528010
0.0250330251
0.1434097439
-0.0119440053
-0.0298624076
0.0672507584
0.4329362810
0.1817160994
0.4241946340
-0.1893244982
-0.0277928449
0.1415396482
-0.0105807791
-0.0020442039
-0.1750884354
-0.1107768640
0.0092164874
-0.0211269222
0.0286013708
-0.1405294836
-0.0637881532
0.1270435303
0.1991851926
-0.0500357598
-0.0109109357
-0.0310152322
0.0475790910
-0.0313883424
0.0192840714
-0.0983357206
0.1954677552
-0.0349430367
0.0014194481
-0.0646688268
0.0345233753
0.0453010760
0.1842987239
-0.0242120624
0.0368160829
-0.0593531281
-0.0043776403
0.0034262850
-0.0466318093
0.0227603894
-0.0253772680
-0.0375869386
0.0008800923
-0.0767806843
-0.0495930985
0.0625227168
0.0189127009
-0.1633472890
0.0193237234
0.0039231549
0.0011934732
-0.0334971845
0.0446105786
0.0151217226
-0.0097518489
-0.0543528944
-0.0263925195
-0.0010977947
0.0500265136
0.0037983549
0.0010278035
-0.0311040375
0.1472227424
-0.0156871621
-0.1605631560
0.0098994626
-0.0544291213
0.0015216004
0.0540414415
0.0466430373
-0.0201270301
-0.0149910953
0.0214697663
-0.0280137062
-0.1021103412
0.0648013279
-0.0176582132
0.0181882232
0.0243602525
0.1858382374
0.1412999779
0.0181697886
0.0146741346
-0.0277026556
0.0246342104
-0.0242814422
0.0058134403
0.0046931785
-0.0090536531
-0.0225457549
0.1563224792
-0.0897762552
-0.0200527292
-0.0599941686
0.0236370694
0.0604293495
0.1101610810
-0.0227552112
0.0044417838
-0.0516115576
-0.0316993296
-0.0311447419
-0.0298597366
0.0078547886
-0.0251415279
-0.0402467065
-0.0060702157
-0.0970305130
-0.0153808193
0.0570016764
0.0282059629
-0.1462117434
0.0077514746
0.0152889360
0.0033753049
-0.0325971656
0.0144311339
0.0149605190
-0.0110698314
0.0428297594
0.0544409193
0.0017093499
-0.0277700443
0.0325938836
0.0022836812
-0.0267601199
0.1069453433
-0.0089782700
-0.1129991338
0.0026586584
-0.0141866719
-0.0005663950
0.1203967482
0.0190965906
-0.0307227895
0.0176897645
0.0199061595
-0.0289314929
-0.0364939906
0.0388233736
-0.0318009071
0.0277347155
0.0212079342
0.1081292182
0.0976724178
0.0028861829
0.0062382738
-0.0247233305
0.0150949042
-0.0378999747
0.0162657332
0.0004529053
0.0007314224
-0.0408661552
-0.1612319648
0.5693227053
0.0568151921
-0.1713288426
-0.0049207639
-0.0651847348
0.0509864949
-0.0410057008
-0.0416692197
-0.2747040987
-0.0050996584
0.1624708325
0.0910329148
-0.0005088520
0.0428155363
-0.0090726390
0.1046772897
-0.2031992823
0.3109016418
-0.0760166571
0.0437730774
0.1097785681
0.0557399839
0.0443087704
0.0038698236
-0.0292047467
-0.2845668793
0.0019427584
0.0177041981
1.0667290688
0.1901955903
0.0532310642
0.1146706566
0.1430980712
-0.0180977322
-0.0365324281
-0.1842458099
-0.0331116505
0.0181133915
-0.0182283521
0.1241535693
-0.0369182043
0.2178837210
0.0370453224
-0.0605978630
0.1371123493
0.0309048705
0.0266333837
0.0020369040
0.1360105276
-0.0528743193
0.0175909065
-0.0522411913
0.4931449294
0.2012862414
-0.0079362933
0.0162335057
0.0493123047
0.0730235055
-0.0419551954
0.0321654528
-0.0043048570
0.0617135614
0.0159171205
-0.2600280643
0.6958535910
0.1817743331
-0.0130903181
-0.0190156959
-0.1678653657
-0.1584289819
0.0224168748
-0.2362264544
-0.7699477077
0.1099001691
0.4105223119
-0.3269794881
0.1937473714
0.1616877615
0.0220040921
-0.1936897188
-0.0070271110
-0.1458335370
-0.0934912488
0.0682912767
0.6223705411
0.7913406491
0.0584525876
-0.0480325669
0.0040070387
-0.4225914478
-0.0323377065
-0.0057212170
1.3131797314
-0.0638792515
0.0877999887
0.1425965130
0.4001423120
-0.0202754047
-0.0305817872
0.0779210180
-0.0112492936
0.2315585166
-0.0050578630
0.1806353927
-0.3432580233
0.2891110778
0.0386503562
-0.2731544971
0.2468528301
0.0616081990
0.0436042696
0.1077606902
0.1419451535
-0.0412516147
0.0487007461
-0.0615403429
0.4889295995
-0.0512517393
-0.0259522591
0.2654066384
0.0649215728
0.1873452961
-0.2191666663
0.0982001349
-0.0375258289
-0.0188876633
0.1555384099
0.2963844836
-0.1070019901
-0.0546191633
-0.1572458148
0.0162211955
-0.1451725066
-0.0639359578
-0.0706110671
-0.0480796099
0.4402939379
-0.0563887209
0.1745501757
-0.0520315655
-0.4852914512
0.1578803062
-0.0375288762
0.1719590873
0.0553331859
0.3205749989
-0.1063438207
0.0145491064
-0.0573169254
0.0669475868
0.0302866772
0.0506171435
-0.0413181484
-0.1264283657
-0.0096366163
-0.0354921930
0.0103436364
0.2740961015
0.0011139704
-0.3357785642
0.1255369633
0.0206091404
-0.0501382090
-0.1182122603
-0.0496004485
-0.0137506425
0.0001786319
-0.2028473467
0.0274833683
0.0663255453
-0.0704061687
0.1268864423
-0.2232307047
0.0263967197
0.0192304011
-0.0901124775
0.2190751135
0.0010522759
0.0248935446
-0.0084541030
0.2288427055
0.1515938491
-0.2472726554
-0.0940614194
0.0620272383
-0.1301627606
0.0160886589
-0.0264730845
-0.0305094738
0.0137015209
-0.0294538960
-0.7789621949
0.3566812277
-0.0212001931
-0.3237431049
0.0718241334
0.2048087269
-0.0762197599
-0.0918243900
0.0680868104
-1.0880160332
-0.1871216744
0.2171653062
-0.0490237437
0.6461378932
0.1610144377
-0.0828234553
-0.3316574097
-0.4899541140
-0.2457778305
0.3138350546
0.0384231620
0.4835922718
-0.2340262085
-0.0774335861
0.0296846405
-0.0237317961
-0.3465556502
0.0459922627
-0.0230608322
0.4677866995
-0.0694485828
-0.0884340480
-0.0465875491
0.3559165597
-0.0896237567
0.0715104789
-0.3548508584
-0.1438466012
0.4580255747
0.0105730370
0.4066014886
1.9937500954
-0.1738808602
0.6943308711
-0.3572070599
0.3362059891
0.1031757742
0.0240164641
-0.1616882086
-0.0573599599
-0.1040323079
0.0317375436
-0.0286255982
-1.0754071474
0.8604833484
0.2497765273
0.3648187816
-0.0267501827
-0.0215700697
-0.0475667119
0.1318345368
0.0210605990
0.2108887136
0.1653820127
-0.0248263851
-0.0226929430
0.0219817162
0.0351445116
-0.1344915777
-0.1406601816
0.0235553700
-0.0591334514
0.0299042854
0.0213051010
-0.0527495071
0.0389745496
-0.0589307286
0.0140346093
-0.0008056307
0.0207287576
0.0715488195
0.0056271972
0.0830162019
-0.0823773220
-0.0675690994
0.0325727090
0.0061967322
0.0036218974
-0.0326601118
0.0606054366
-0.0840969905
-0.1310395896
-0.0326032266
0.0652044117
0.0396060348
-0.0903946832
0.0979214534
-0.0604118332
-0.0167879704
-0.0486031808
0.0399895646
-0.0958567336
0.0908656046
-0.0409865864
0.0357819907
-0.0494069681
-0.0104091503
0.0658316985
-0.0819820538
-0.0330574736
0.0365123414
0.0424789861
-0.0180032905
0.0274844002
-0.0879778713
-0.0203727372
-0.0550416447
-0.1137032956
0.0273424592
-0.0537337624
0.0653823391
0.0275119673
0.0686759129
0.0595012903
0.0665195286
-0.0149232307
0.0568428896
-0.0440254882
-0.0358405523
-0.0204019397
0.0222067982
0.0377727263
-0.1393207610
-0.1471003294
0.0167154949
-0.0603683814
0.0316100158
0.0254595336
-0.0538477860
0.0386829488
-0.0584815890
0.0147724263
0.0012987053
0.0225787275
0.0738462582
0.0093194712
0.0864110142
-0.0886118338
-0.0696784332
0.0412228554
0.0086430181
0.0037233110
-0.0336786211
0.0627784505
-0.0889254287
-0.1347804219
-0.0333177857
0.0653357580
0.0421018675
-0.0928255469
0.0991436467
-0.0630175099
-0.0165464412
-0.0485384986
0.0349952355
-0.0972787365
0.1007724553
-0.0419467092
0.0370435417
-0.0492662564
-0.0157987010
0.0652612373
-0.0836583376
-0.0329657160
0.0363930464
0.0443585366
-0.0145599460
0.0257684905
-0.0895863920
-0.0214735363
-0.0570333712
-0.1241172701
0.0223759506
-0.0556573793
0.0673284456
0.0291727949
0.0712284967
0.0625770837
0.0681086034
-0.0159800947
0.0580051802
-0.0437840708
-0.0277197883
-0.0247626975
0.0231475998
0.0367842168
-0.1360764951
-0.1424827874
0.0210058093
-0.0597689189
0.0322354995
0.0218382534
-0.0525622666
0.0380686857
-0.0587182045
0.0132222278
-0.0001670111
0.0220426098
0.0723892972
0.0076485374
0.0833355263
-0.0849323347
-0.0691346228
0.0345021337
0.0073030246
0.0039825127
-0.0332464390
0.0613354407
-0.0847889632
-0.1327128410
-0.0326997600
0.0639604628
0.0420048758
-0.0913322419
0.0982464254
-0.0619067959
-0.0161854476
-0.0482789315
0.0389334522
-0.0962857902
0.0937740952
-0.0410476476
0.0367572308
-0.0496322364
-0.0131111518
0.0660067052
-0.0821757838
-0.0332185104
0.0362038910
0.0431381576
-0.0172150154
0.0279093925
-0.0883980691
-0.0207861364
-0.0556231365
-0.1207627282
0.0256630704
-0.0542171225
0.0670822263
0.0279411580
0.0702246651
0.0605013296
0.0672882721
-0.0154740317
0.0568467379
-0.0441492237
-0.0097143073
-0.0317835473
0.0240094829
0.0340362787
-0.1290392429
-0.1328313053
0.0312687270
-0.0581815168
0.0323994532
0.0154114459
-0.0500216261
0.0365266763
-0.0588840991
0.0099346330
-0.0034074797
0.0203850400
0.0693993121
0.0039606430
0.0773917139
-0.0768312886
-0.0672608539
0.0196080413
0.0035638486
0.0041850484
-0.0322569795
0.0582616553
-0.0758728012
-0.1278752387
-0.0314357951
0.0631843135
0.0405724049
-0.0880708322
0.0958326533
-0.0596352816
-0.0156344157
-0.0480750687
0.0475389175
-0.0943141580
0.0780960619
-0.0394140929
0.0333532281
-0.0521200486
-0.0073465728
0.0671961457
-0.0788355991
-0.0342925824
0.0359936692
0.0403891504
-0.0234254412
0.0310332440
-0.0858718604
-0.0192380436
-0.0526419841
-0.1107157916
0.0327176526
-0.0515395291
0.0657631084
0.0252860300
0.0665966198
0.0561694987
0.0652010217
-0.0142136430
0.0542983674
-0.0453933515
0.0147858495
-0.0418448746
0.0252165291
0.0299276002
-0.1193748713
-0.1200720519
0.0452903397
-0.0561225452
0.0325494148
0.0044450779
-0.0471707135
0.0336710438
-0.0594134815
0.0037838698
-0.0067807413
0.0186183937
0.0651659369
-0.0017812146
0.0686095059
-0.0658476651
-0.0659225658
-0.0005959110
-0.0026284496
0.0048235590
-0.0309226103
0.0529984087
-0.0636945963
-0.1209007278
-0.0303924493
0.0677952021
0.0404437818
-0.0829130784
0.0918121189
-0.0569002852
-0.0145997601
-0.0474519506
0.0595209152
-0.0906894356
0.0569284409
-0.0362036489
0.0269227196
-0.0598684885
-0.0004676190
0.0675056577
-0.0735487342
-0.0350899771
0.0360470116
0.0374005474
-0.0303010214
0.0298442412
-0.0820159763
-0.0162658934
-0.0483802818
-0.1018800214
0.0419734083
-0.0475807488
0.0649585426
0.0215480216
0.0623717681
0.0500947796
0.0623203330
-0.0132720005
0.0493933707
-0.0467696860
0.0265538469
-0.0442645252
0.0254967716
0.0285107587
-0.1147045568
-0.1142582819
0.0517974608
-0.0550948419
0.0311189629
0.0000617791
-0.0456301793
0.0324244723
-0.0600104742
0.0023263949
-0.0090775350
0.0184307266
0.0633371770
-0.0038628899
0.0674099624
-0.0607580431
-0.0648334548
-0.0103588775
-0.0037583974
0.0054010865
-0.0305464454
0.0509094074
-0.0574929044
-0.1178608909
-0.0296111144
0.0643523410
0.0394456610
-0.0807041749
0.0911939144
-0.0551135093
-0.0141078932
-0.0473105386
0.0657081529
-0.0895033628
0.0466217510
-0.0354499668
0.0241527725
-0.0627007633
0.0036870148
0.0690968707
-0.0714044720
-0.0348079316
0.0360060968
0.0359162055
-0.0350893475
0.0331314765
-0.0805922002
-0.0148067344
-0.0465137921
-0.0958338156
0.0463804342
-0.0456163138
0.0650897622
0.0197270066
0.0596334301
0.0473613329
0.0611785501
-0.0124364691
0.0475002751
-0.0477937460
0.0134868985
0.6495314837
-0.0638080612
-0.1270832866
0.0100101307
0.0286481436
-0.3779904842
-0.0807659999
0.1780995429
-0.0074772583
0.1839537770
0.1230994686
0.0630872548
0.0187231321
-0.2533851564
-0.0606973357
-0.1168988720
0.1655351371
0.3751471341
-0.3073899150
0.0120475991
-0.3439249396
0.0118315248
0.0235808250
0.0373847373
-0.0042315596
-0.0570751168
0.0562326312
-0.0345172063
0.2174891233
0.1759475619
-0.0166808553
-0.0456326976
0.0842640921
-0.0083973836
-0.0178432427
-0.6711024046
-0.0914099440
-0.1596212983
0.0017654090
0.5242464542
0.6401619911
0.0803339556
0.0431741886
0.0510188714
-0.5570967793
-0.0205666982
0.0511262529
-0.3778716922
0.1286713034
0.0385091342
-0.0085785016
0.0294569805
0.7685604692
-0.2336758375
-0.1098009646
-0.0258276816
0.0833680481
-0.0308925454
0.1182915121
-0.0078342613
0.0554214865
0.0057350593
0.0963408798
0.0343046226
-0.0446338579
-0.0112090213
-0.0355656594
0.0245706420
0.0525496639
0.1376203895
-0.0229024887
0.0224073566
-0.0686114803
-0.0551746748
-0.0654679164
-0.0711653382
0.0260328930
0.0547550954
-0.0480043329
0.0472368486
-0.1703608185
-0.0131295901
0.0492126681
0.0427529216
-0.0705121905
0.0058393367
0.0158773214
0.0028644684
-0.0407788008
-0.0638169795
0.0161445439
-0.0206329189
0.3573570549
0.1197622269
-0.0030042122
-0.0855236501
0.0528342426
0.0142576369
-0.0221325010
0.1174711511
-0.0057145180
0.0135168759
0.0010176718
-0.0286608376
0.0147327073
0.0901644230
-0.0314147137
-0.0308830515
0.0532084219
0.0142867882
-0.0310265254
0.0174664054
0.0006129306
-0.0258674901
0.0251918752
0.0234806612
-0.0340009220
0.0767973438
-0.0075327726
0.0062388545
-0.0188765395
-0.0503750704
-0.0345793739
0.0173189994
-0.0157644935
0.0100175403
-0.0838667750
0.1131729484
-0.0126633048
-0.0968231559
-0.0810996890
0.0252875742
0.0250254460
0.0513811670
-0.0193490293
0.0150415748
-0.0983309820
-0.0545887016
-0.0404516794
-0.0245139264
0.0450636856
0.0077023753
-0.0254502129
-0.0009699064
-0.0972420871
-0.0155881476
0.0027753364
0.0367849395
-0.0496331118
0.0749201104
0.0199992415
0.0037413361
-0.0524766333
-0.0337729342
0.0317720659
-0.0028470631
0.1465750784
0.0253503639
0.0239346325
-0.0323707871
0.0715867728
0.0068091890
-0.0089231804
0.1183763146
-0.0073748408
-0.0832177624
0.0076430524
0.0576146990
0.0041515841
0.0647547990
0.0425112173
-0.0252721421
0.0406521186
0.0302164052
-0.0363260657
-0.0389590785
-0.0319287069
-0.0325920582
0.0444805212
0.0124323545
0.0177603047
0.0910290182
0.0200638473
0.0287847314
-0.0206099059
0.0340797417
-0.0515362471
0.0165555645
-0.0034101217
-0.0086314501
-0.0411985852
0.1423373371
-0.0289239194
-0.0082837483
-0.0580626875
0.0153291551
0.0533830374
0.1316763908
-0.0322413780
-0.0047377255
-0.0688529238
-0.0374067575
-0.0097543756
-0.0239539221
0.0074392115
-0.0193253551
-0.0432587676
-0.0122161005
-0.0885536596
-0.0372969694
0.0834360644
0.0313468948
-0.1559133232
-0.0107460972
0.0202047639
0.0033383456
-0.0286486149
0.0166036170
0.0156516582
-0.0180711858
0.2398545593
-0.0135824159
-0.0124994274
-0.0009054557
-0.0097332615
0.0122597273
-0.0317027830
0.0461863056
-0.0175288841
-0.1089967489
-0.0120993266
-0.0786449537
-0.1471809447
0.0578956790
-0.0167690683
-0.0227002427
0.0109614776
0.0252883416
-0.0304620825
-0.0256063808
-0.0200681612
-0.0224684682
0.0237183738
0.0217030831
0.0585274175
0.1059048474
0.0056903111
0.0156114427
-0.0208471660
0.0315494984
-0.0287944302
0.0082865721
-0.0004707327
0.0001172405
-0.0107871620
0.0966532305
0.0760732964
-0.0216971766
-0.0979749262
0.0200871062
0.0423995517
0.0596667081
-0.0191453770
-0.0323837101
-0.0185288880
-0.0331642106
-0.0514108315
-0.0009521429
0.0201090053
0.0287588947
-0.0365107432
-0.0011549534
-0.0958862528
-0.0032442317
0.0174290836
0.0353238955
-0.0965458378
-0.0054537449
0.0067883609
-0.0020162719
-0.0461601391
-0.0414638780
0.0161657371
-0.0129375439
0.4262934327
0.0352603309
0.0106962305
-0.0252254996
0.0142102987
-0.0008806539
-0.0203667711
0.0703744665
-0.0147675946
-0.0828149319
-0.0068502701
-0.0335018747
0.0404787138
-0.0221686251
0.0348665603
-0.0305871163
0.0734554753
0.0247159638
-0.0334329270
-0.0757498145
-0.0640408695
-0.0466763340
0.0316075757
0.0053481539
0.0685657263
0.1577381641
-0.0220139120
0.0237567164
-0.0308532193
0.0052075270
-0.0774585456
0.0121954912
0.0051258695
-0.0213539470
-0.0555010326
0.1788230091
-0.0280763023
-0.0400863588
-0.0471893214
0.0226178225
0.0571754873
0.1316359490
-0.0303153340
-0.0182806123
-0.1032453254
-0.0264501460
0.0152630107
-0.0829501599
-0.0078185797
-0.0244642105
-0.0336036421
-0.0219851900
-0.1056222022
-0.0342581756
0.0884349048
0.0226935558
-0.1286111772
0.0149443652
0.0199893415
0.0015579129
-0.0370517820
0.0182011127
0.0205301773
-0.0022900661
0.2966397703
0.0565466769
0.0028385292
-0.0232480690
0.0428585298
0.0048148176
-0.0268554930
0.1448012143
-0.0179373324
-0.1151789799
0.0015862822
-0.0212096758
-0.0517280065
0.0870126337
0.0023934760
-0.0325691737
0.0285796635
0.0252390262
-0.0228500217
-0.0381781384
-0.0002468808
-0.0192462876
0.0316270553
0.0213369690
0.0720833912
0.0921105072
0.0225416292
0.0613353513
-0.0150190759
0.0076417062
-0.0351633392
0.0105207041
-0.0001611236
-0.0018408684
-0.0163220037
-0.1914597750
0.4648317695
0.0881232694
-0.1472288370
0.0048231427
-0.1354030669
-0.2973760366
0.0204818565
0.0441290736
-0.5937610269
0.0852166265
0.2361951023
-0.1752036065
0.0101177013
0.2124050558
0.0502814353
-0.1324904114
-0.0042019580
-0.2305349261
0.0226543322
0.0735739022
0.4596476257
0.5851668119
0.0511353202
-0.0299756937
-0.0212196782
-0.3375923932
0.0159698967
-0.0082360525
1.1698638201
-0.0120024066
0.0842724144
0.2168808132
0.2930638492
-0.0301195104
-0.0255824812
-0.0899255499
-0.0167680867
0.1503210664
-0.0139759490
0.0165298786
-0.2718437314
0.0986736268
0.0102507630
-0.1981952339
0.0292380601
0.0630330369
0.0579561181
0.1063422859
0.0587869994
-0.0832605287
0.0666285977
-0.0565217361
0.5403897166
-0.0588552319
-0.1036388353
0.1755882502
0.0318283625
0.2330802232
-0.1731801927
0.0803000256
-0.0391392671
-0.0186852776
0.1667297482
-0.6920560002
1.3159911633
-0.1302904487
-0.1900676787
-0.0410967171
-0.2011731267
0.1522774398
-0.1070004255
-0.3251920342
-0.5942018032
0.1185692251
0.2864213288
-0.0157014579
-0.0199327581
0.0093426956
0.0309058726
0.2326142639
-0.5816253424
1.1748470068
0.0027403121
0.0389747471
0.2983312905
-0.5303104520
0.1154479906
-0.0212866962
-0.0723487139
-0.2603768408
0.0061442326
0.0977496058
2.5869300365
0.6792481542
0.1133624464
0.0650821105
0.2695013881
-0.0712985769
-0.0606100261
-0.2765464485
-0.0340240449
0.2095437199
0.0078381989
0.2823281884
-0.1671979725
0.2935737073
0.0530128442
-0.1154789925
0.3983733058
0.0416021384
0.1328881234
0.0383570567
0.4120401144
-0.0450626127
0.0163980350
-0.0919268578
0.7667046189
0.3871960044
0.1972039640
0.0563890226
0.1181839481
-0.0497729033
0.0373920947
-0.0089249164
-0.0195345208
0.2191112936
0.0310399327
-0.1650890112
0.2417723387
0.1108506024
-0.0297566485
0.0182955228
-0.1716340035
0.1254326701
-0.0774886981
-0.0545933694
-0.3617475033
-0.0835146010
0.3280286491
0.0844454467
0.2844710648
-0.0625201166
-0.0571347997
0.0535154082
-0.0233168788
0.3538137972
-0.0875235945
0.0236160941
0.2206197679
0.1274994314
0.0388285741
0.0366237648
-0.0114784418
-0.1532353759
-0.0249866638
0.0184301492
0.8558225036
0.1151934788
0.0093964338
0.0770005137
0.2713786960
0.0003281701
-0.0482194088
-0.2187110186
0.0093558813
0.2621855736
-0.0418701619
0.2156047672
-0.9458923936
0.0791697428
0.0886716172
-0.1062854752
-0.2249426693
0.0375092886
0.0288437493
0.2442115098
-0.1187044978
-0.0168436300
0.0000597072
-0.0270355493
0.3899391294
-0.1320709586
-0.0123317409
0.0566061102
0.0513370112
0.1513700187
0.0300512128
0.0166930985
-0.0260029621
0.1218674108
0.1076492146
-0.0421333238
-0.0152351810
0.0204203352
0.0378765017
-0.1413545609
-0.1505397856
0.0128626470
-0.0604723729
0.0271080136
0.0277945772
-0.0554255582
0.0386637077
-0.0595002174
0.0177947450
0.0027351256
0.0240047518
0.0742742643
0.0106311953
0.0938292742
-0.0899461359
-0.0699464604
0.0444073230
0.0126689114
0.0046818606
-0.0338524915
0.0634725243
-0.0900687873
-0.1356641501
-0.0342656262
0.0611064471
0.0415330678
-0.0924755633
0.1010308713
-0.0625471696
-0.0162061490
-0.0483945869
0.0320549868
-0.0974438936
0.1044694483
-0.0438606776
0.0347967260
-0.0519929603
-0.0181548763
0.0658048019
-0.0843065530
-0.0306296255
0.0365943685
0.0448956937
-0.0149929198
0.0278971158
-0.0900854021
-0.0203676894
-0.0580354258
-0.1283178180
0.0210676547
-0.0574163646
0.0700173005
0.0289260279
0.0706130490
0.0636093020
0.0685304478
-0.0159540270
0.0574226119
-0.0429580957
-0.0305161774
-0.0198774729
0.0212260038
0.0357210301
-0.1362883151
-0.1439891309
0.0195141174
-0.0593933128
0.0270425882
0.0229104385
-0.0539527498
0.0382002965
-0.0593680330
0.0161589384
0.0005727911
0.0226314049
0.0721229762
0.0077519980
0.0899107382
-0.0843513161
-0.0684846789
0.0350469351
0.0107176676
0.0049156947
-0.0329388157
0.0611999296
-0.0844095498
-0.1321294159
-0.0334194638
0.0606932789
0.0407362655
-0.0899342149
0.0993473828
-0.0602989681
-0.0158739425
-0.0481754653
0.0373229049
-0.0958573371
0.0942244008
-0.0426534452
0.0335905515
-0.0532850139
-0.0133855604
0.0663603097
-0.0820664689
-0.0312423985
0.0364319794
0.0429202020
-0.0186312869
0.0300093498
-0.0882599056
-0.0192666780
-0.0560024530
-0.1205064133
0.0256391875
-0.0555471145
0.0687816069
0.0271516833
0.0683881342
0.0604107603
0.0670621693
-0.0151145728
0.0557117127
-0.0433511548
-0.0198192541
-0.0251317322
0.0221208613
0.0346494615
-0.1322885901
-0.1383046061
0.0251855422
-0.0584965311
0.0277960766
0.0194859579
-0.0519937687
0.0367387757
-0.0600370914
0.0138511891
-0.0012545231
0.0221495852
0.0704134032
0.0060105636
0.0857361630
-0.0798739269
-0.0679000020
0.0262323972
0.0087271379
0.0051019513
-0.0325964019
0.0594075657
-0.0793200284
-0.1295902282
-0.0327834971
0.0583279058
0.0408316851
-0.0882948115
0.0980914831
-0.0596727766
-0.0155398017
-0.0480660275
0.0432470031
-0.0947658792
0.0851074457
-0.0415018015
0.0326700807
-0.0531041659
-0.0107176723
0.0671651661
-0.0801796392
-0.0317927040
0.0362889059
0.0416579433
-0.0221629962
0.0316263847
-0.0869261995
-0.0183931515
-0.0542046577
-0.1164406762
0.0296129156
-0.0541450940
0.0680868700
0.0255983025
0.0666244924
0.0581247695
0.0661112070
-0.0145209199
0.0541730113
-0.0445496663
0.0169737805
-0.0397062898
0.0245825313
0.0290087368
-0.1181729734
-0.1190321073
0.0457205214
-0.0552491546
0.0276702344
0.0056065540
-0.0464679971
0.0341660529
-0.0617471226
0.0078015123
-0.0078379912
0.0191689376
0.0644033998
-0.0017839897
0.0740891844
-0.0629547089
-0.0649976581
-0.0035581407
0.0024111513
0.0055299248
-0.0306418706
0.0531797893
-0.0619988777
-0.1201109216
-0.0304629970
0.0524512529
0.0387316644
-0.0811325014
0.0944488794
-0.0544166341
-0.0147049939
-0.0475632362
0.0617356785
-0.0905346721
0.0532110073
-0.0375830159
0.0294195134
-0.0549383424
0.0021063506
0.0700900257
-0.0736333877
-0.0338812694
0.0358252227
0.0367094427
-0.0346003845
0.0391756892
-0.0816924646
-0.0151324002
-0.0482169762
-0.0952540785
0.0442380942
-0.0490713380
0.0656781420
0.0202420149
0.0601813421
0.0493694097
0.0620980151
-0.0121658091
0.0490575619
-0.0466720462
0.0214382168
-0.0388017185
0.0254463572
0.0286501665
-0.1156572774
-0.1167232320
0.0477826111
-0.0545137338
0.0267839432
0.0043783537
-0.0453176238
0.0329397433
-0.0620260090
0.0083791325
-0.0088982694
0.0198770110
0.0637841895
-0.0022338154
0.0749837235
-0.0614268146
-0.0644036457
-0.0069990717
0.0041318890
0.0060255160
-0.0306012444
0.0524180494
-0.0604666658
-0.1190011874
-0.0302710645
0.0483712889
0.0381396562
-0.0804636851
0.0944115520
-0.0537699498
-0.0143388920
-0.0475719199
0.0648092479
-0.0904482082
0.0493088067
-0.0375200994
0.0302086603
-0.0551632456
0.0043021808
0.0714252442
-0.0731953979
-0.0328214839
0.0356450267
0.0360054411
-0.0365735218
0.0415156782
-0.0813478157
-0.0146771325
-0.0475489981
-0.0922985971
0.0454795733
-0.0482764654
0.0656613261
0.0195004474
0.0591478609
0.0482679568
0.0619717874
-0.0118549131
0.0481262170
-0.0476545468
0.1363678873
-0.1144808084
-0.0980991498
-0.0641253442
0.0310819745
0.0502934642
0.0360776149
-0.0300705973
0.0861955136
-0.0953062326
-0.0443930067
0.0075130444
-0.0027758582
0.0806051046
-0.0676403642
-0.0345748961
-0.0613842830
-0.0205956623
-0.0906398073
0.0392221399
0.0132641150
-0.1506413817
0.0339817479
0.0244257879
0.0102819363
-0.0319225788
0.0277242083
0.0378378667
0.0073328950
0.1819862872
0.0153276091
-0.0027210200
-0.0144354180
0.0173422322
0.0161254872
-0.0222992077
0.0102089690
-0.0336782038
-0.1590421796
0.0121447695
0.0885378048
0.1764191389
0.0178036075
0.0622199140
0.0061131129
-0.0363621563
0.0185183622
-0.0175191611
-0.0862762928
-0.0376689620
0.0106221577
0.0264678337
0.0314311050
0.0615951084
0.0292404443
0.0489218086
0.0277967341
-0.0105030723
0.0342966244
-0.0004235134
0.0077614216
0.0095287515
0.0038559840
0.0053177797
0.0917736962
-0.0563999377
-0.0647640154
-0.0762335807
0.0256238375
0.0400990099
0.0383760147
-0.0232838895
0.0284022149
-0.0641494393
-0.0551684983
-0.0477315597
-0.0097139766
0.0495049432
0.0002893243
-0.0336088985
-0.0202693027
-0.0954694673
-0.0465508215
0.0026802558
0.0423835069
-0.0656648949
0.0646409318
0.0181887262
0.0051115952
-0.0477546528
-0.0418464653
0.0275089238
-0.0099665178
0.1558354348
0.0307631213
0.0087826466
-0.0484881289
0.0472942553
0.0094170077
-0.0150365913
0.0843694881
-0.0046460116
-0.0722197965
0.0031334427
0.0682604536
0.0238805432
0.0619507395
0.0300071370
-0.0165501628
0.0490774065
0.0223776624
-0.0395568162
-0.0258231610
-0.0434239246
-0.0321286395
0.0351605117
0.0180574581
0.0088702869
0.0738516524
0.0178155024
0.0201287810
-0.0243117884
0.0235777255
-0.0451143980
0.0171981808
-0.0037814926
-0.0102210706
-0.0447177999
0.1473540813
-0.0872790143
-0.0523019247
-0.0586885847
0.0298225041
0.0744046345
0.0570780151
-0.0325119272
0.0302109364
-0.0627804175
-0.0430341139
-0.0194093380
-0.0542224310
0.0115165403
-0.0303839371
-0.0397987328
-0.0705626681
-0.1017034128
-0.0923528224
0.0567299426
0.0340745784
-0.1492923945
0.0434835106
0.0208209250
0.0029082056
-0.0371696018
0.0214817226
0.0283248425
-0.0114495903
0.1303167939
0.0128647387
-0.0049293851
-0.0462681465
0.0338470228
0.0117362682
-0.0224040039
0.0798927546
-0.0131358607
-0.1092213690
0.0096011180
0.0249876622
0.0099866018
0.0828722492
-0.0018231366
-0.0074050673
0.0192307495
0.0211299360
-0.0302286968
-0.0378064178
-0.0020609924
-0.0187523030
0.0291798376
0.0262109656
0.0498181805
0.0523210391
0.0280408096
0.0354287662
-0.0238288306
0.0006248176
-0.0300394837
0.0132660503
-0.0024203204
-0.0106137758
-0.0197009631
0.1195347309
-0.1131252423
0.0163057987
-0.0426838659
0.0222987831
0.0722673759
0.0842649341
-0.0217130817
0.0236434583
0.0577917695
-0.0049756379
-0.0313300453
-0.0068459907
-0.0275340080
-0.0540238731
-0.0387708284
-0.0223770346
-0.0839510038
-0.0586401559
0.0519671701
0.0307194386
-0.1545908749
-0.0203564707
0.0169323608
0.0042153839
-0.0303941350
0.0284857545
0.0168480165
-0.0032097490
0.0561245382
0.0769649148
0.0054992205
-0.0158948060
0.0094390064
0.0051177978
-0.0303671975
0.1155285835
-0.0082323747
-0.1355943680
-0.0010002255
-0.0727384761
-0.0259600319
0.0233582351
-0.0060467478
-0.0254215095
0.0218044538
0.0135753136
-0.0353880227
-0.0391019508
0.0279193893
-0.0395370312
0.0308968779
0.0247602649
0.1518475115
0.0967765749
-0.0048953146
0.0200948976
-0.0307618808
-0.0048965286
-0.0425338931
0.0104294447
0.0106373345
-0.0015063006
-0.0529006459
0.2013848126
-0.0873810500
0.0553074032
-0.0486673862
0.0265677068
0.0909736827
0.1615487337
-0.0154665979
-0.0584971942
0.0106932204
0.0375919417
-0.0514711477
-0.0434587076
-0.0374598950
-0.0002961533
-0.0364425853
0.0208723154
-0.0893807784
-0.0272945352
0.1008153260
0.0226789489
-0.2110079527
-0.0422024205
0.0165456031
-0.0071084625
-0.0277767982
0.0690262094
0.0142900841
-0.0093981484
0.1557585299
0.1054867953
-0.0018686872
0.0120375082
-0.0575471111
0.0078217248
-0.0433534123
0.0889198110
-0.0160200018
-0.1505139470
-0.0001742723
-0.0798647776
-0.0221809670
0.0771623924
-0.0629123449
-0.0199831706
0.0259456206
0.0121563049
-0.0271435399
-0.0473135784
0.0417100228
-0.0359552540
0.0224437770
0.0237286203
0.0793127418
0.1610538512
-0.0488490872
-0.0365000181
-0.0340326540
0.0030035314
-0.0419966839
0.0018385526
0.0103542721
-0.0209943708
-0.0650799125
0.1662759632
-0.1060443744
-0.0004536449
-0.0833942369
0.0333932117
0.0755915716
0.1386789232
-0.0185266603
0.0574745424
-0.0707064718
-0.0189592447
-0.0304783415
-0.0247981530
0.0030489734
-0.0038690218
-0.0366347060
-0.0087910825
-0.1038241535
-0.1045958325
0.0817910582
0.0274474956
-0.1442372948
-0.0121510392
0.0134325624
-0.0004943687
-0.0401198901
0.0135999899
0.0215637255
-0.0019711598
0.2377078086
0.0297280755
0.0006500258
0.0098881200
-0.0081521664
0.0076905033
-0.0339116976
0.1272447556
-0.0143370414
-0.1388489306
0.0050377515
-0.0033871029
-0.0109527456
0.0406426154
0.0114043504
-0.0107590873
0.0263200253
0.0139831258
-0.0295217913
-0.0429604501
-0.0082489857
-0.0248204097
0.0249946024
0.0285015963
0.0735844523
0.1346505880
0.0139839137
0.0070784744
-0.0291441754
0.0306600928
-0.0336973257
0.0074942508
0.0077577373
-0.0157555100
-0.0428930931
0.2125742137
-0.0808964074
0.0549188666
-0.0866097063
0.0446408391
0.0815289542
0.2056437433
-0.0222955402
0.0360812694
-0.0103679756
-0.0021958484
-0.0169812199
-0.0556212403
-0.0356224775
-0.0448232070
-0.0504998118
-0.0126215257
-0.0912646875
-0.0833105668
0.0805824548
0.0192837622
-0.1890956312
-0.0322548114
-0.0006251996
0.0052327388
-0.0269505829
-0.0056760875
0.0125867873
-0.0070564384
0.0185715929
0.0540417805
-0.0058980342
-0.0062205521
0.0095480131
0.0018548296
-0.0403464437
0.1813761592
-0.0205990989
-0.1727626026
0.0032909329
-0.0497500934
0.1279036999
0.0779786706
0.0419545211
-0.0189865734
-0.0206827503
0.0095513277
-0.0269254427
-0.1079784632
0.0957966894
-0.0207503177
0.0176861472
0.0364104286
0.2716596127
0.1611618698
-0.0030654140
-0.0034036105
-0.0290660001
-0.0197512954
-0.0172405057
0.0031091298
0.0101663750
-0.0097299404
-0.0493904315
0.1566462368
-0.0170938876
0.0350320227
-0.0899664313
0.0404146798
0.0899843052
0.2133700103
-0.0075857346
0.0580483116
-0.0010643541
-0.0432250500
-0.0541610718
-0.0234635007
-0.0072673825
0.0305818934
-0.0391779691
-0.0344774276
-0.1075349823
-0.1073041335
0.1505274028
0.0336870179
-0.1869385988
-0.0082594957
0.0053936974
-0.0103417030
-0.0443117879
-0.0127584282
0.0187497698
-0.0032007380
0.1833735853
0.0341205373
0.0028722447
0.0281360596
-0.0319730565
0.0017070827
-0.0380305797
0.2314218432
-0.0213803779
-0.1925867498
0.0033770443
-0.0859982520
0.1169365495
-0.0420038439
0.0382805318
-0.0182617344
0.0353986919
0.0107346065
-0.0249909554
-0.0790740624
0.0875321329
-0.0228409078
0.0228737760
0.0300763827
0.2236995846
0.1805712879
0.0140710594
-0.0041753189
-0.0366211869
-0.0237518512
-0.0381534770
0.0041625565
0.0092132539
-0.0223532300
-0.0615626052
0.5549557209
0.8261087537
0.1775390059
-0.4636346996
-0.0235469975
-0.1578938514
-0.5095068216
-0.0301020481
0.0046262294
0.7370501161
0.3230823874
-0.1960217804
0.2336518615
-0.0749618635
0.3660734296
-0.0861128420
0.2520496845
0.2517802715
0.7089884877
0.1435542852
0.0702160895
-0.4000230134
-0.1733569354
-0.0541918240
-0.0415757820
0.0115491077
-0.2680734694
0.0678104907
-0.0204688422
1.9544755220
0.1262442917
0.0870330930
0.0889797583
-0.0357322618
0.0145090455
0.0331183858
-0.7966235280
-0.1223159358
0.2738514245
-0.0678202584
0.0560623743
1.1281934977
-1.3627614975
0.2783252895
-0.1435639113
-0.3634668589
0.0255324841
0.0701313242
-0.5186369419
-0.0014369647
-0.1615284234
0.0441863686
-0.0629780069
0.2341187596
0.9010959268
-0.7408933640
-0.1425023526
-0.0380861089
0.1393603235
-0.0981184170
0.0135257700
0.1084393784
-0.0106582530
-0.1150515378
-0.6554583907
0.8069435358
0.4471196532
-0.4062791765
0.0191300847
-0.4147494137
0.1766359359
-0.0053804098
0.0488377586
-0.9564688802
0.0272890460
0.3425641954
0.0284823459
0.4078043103
0.1990471035
-0.0104918368
0.1181690320
0.1057410911
0.4628301859
-0.3166036308
0.0702888519
0.7273733020
0.7948195934
0.0228108130
0.0223943107
0.0466319546
-0.9281936884
-0.0853353888
-0.0103042591
1.6670398712
-0.1904775798
0.0868660212
0.2894655168
0.3747169673
-0.0090910932
-0.0887739807
-0.4093534052
0.0511253513
0.6694974899
-0.0710744783
0.5418208241
-0.5353975892
0.6640466452
0.1522516906
-0.2076686770
-0.1136255339
0.0280924588
0.0391423404
0.1054013148
0.2911187708
-0.1294846088
0.0427272506
-0.0623604655
1.3767004013
-0.1783932298
-0.2331362665
-0.0303090606
0.0904199481
0.1970972717
-0.1661973149
0.1224327758
0.0008967736
-0.0078182174
0.0817525312
-0.0808648616
1.5584970713
-0.4385214150
0.3154450953
-0.1210079491
-0.2739921808
0.2769519091
-0.1311573982
-1.1486408710
1.3186959028
0.0396392532
-0.1922509521
-0.0094977468
0.6795526743
-0.4648060203
0.0280360077
0.2171132267
-0.1306516826
1.6865745783
-0.1542835832
-0.0059073037
0.3600546122
-0.4492261112
-0.0879864395
0.0237560868
-0.0928926393
-0.2219690531
-0.0328148752
0.1032496616
2.6102869511
0.2391536236
0.0696746558
0.0463023596
-0.0947285816
-0.1417250186
0.0306534320
0.2104696035
-0.0695599541
0.1973089129
-0.0302020200
0.7494149804
-0.4624096751
0.1058894843
-0.1739231795
0.0726476014
0.6595689058
-0.0410073325
-0.0203987993
0.0459800996
0.3375231922
-0.1127425730
0.0188565850
-0.0473690368
1.0496428013
0.2534826994
0.1363274455
0.1083654612
0.0728517249
-0.1235083565
0.0726497248
-0.0069118999
0.0725023374
0.0409020744
-0.1635044813
-0.2365340590
0.2789275944
0.1258136481
-0.0044876398
0.0375605598
-0.2258490473
0.1049821898
-0.1045040265
-0.0622433126
-0.4559558630
-0.1308166981
0.4417596459
0.1459711790
0.4088425040
-0.1054686978
-0.0811615139
0.0526961349
0.0202716012
0.4687849879
-0.1146396622
0.0299160313
0.3406850696
0.1707086712
0.0488866679
0.0544367284
-0.0157909822
-0.1472981572
-0.0230221618
0.0406227633
1.0726969242
0.1573787332
0.0099808527
0.0684966967
0.3820051253
0.0115818409
-0.0479821749
-0.3363390267
0.0383827277
0.4108680487
-0.0516202599
0.3034982383
-1.4544086456
-0.0271312129
0.1098540574
-0.1298184246
-0.3737001717
0.0327855647
0.0351449028
0.4383923709
-0.2362167239
0.0081961686
-0.0059943846
-0.0255674124
0.4152879119
-0.2770497501
-0.0010774279
0.0857082903
0.0643890500
0.2280890048
0.0706262663
0.0093925251
-0.0408225320
0.1721965373
0.1679293066
0.0107938591
-0.0338026546
0.0233738758
0.0315769874
-0.1178873330
-0.1211425215
0.0416319072
-0.0545750186
0.0244135279
0.0097405557
-0.0475745127
0.0355831832
-0.0609479658
0.0128214527
-0.0075996607
0.0212889649
0.0650791079
0.0010127509
0.0817493945
-0.0661547780
-0.0620243922
0.0014432797
0.0087987306
0.0068682069
-0.0309115052
0.0543315411
-0.0637947991
-0.1211165935
-0.0300504304
0.0453390107
0.0374531634
-0.0835513696
0.0959655195
-0.0522676222
-0.0146958362
-0.0486881807
0.0589617155
-0.0928684399
0.0576948859
-0.0414987691
0.0278503411
-0.0569713414
0.0018142489
0.0721029937
-0.0759362429
-0.0309311524
0.0359674580
0.0362235755
-0.0353347138
0.0443931296
-0.0840763450
-0.0151352603
-0.0491942242
-0.0968408436
0.0411035269
-0.0495826341
0.0650155917
0.0208313670
0.0576471426
0.0503139310
0.0633284152
-0.0113099292
0.0508916564
-0.0485621355
0.0254726727
-0.0389760248
0.0256024413
0.0293003786
-0.1124713570
-0.1136646941
0.0496219061
-0.0535257272
0.0252958313
0.0051004360
-0.0444298200
0.0332644247
-0.0616456196
0.0099913599
-0.0104800165
0.0203586090
0.0631869584
-0.0016804840
0.0767046809
-0.0602051429
-0.0616608374
-0.0100448029
0.0067842947
0.0068934318
-0.0304224323
0.0520403460
-0.0582269840
-0.1177258119
-0.0291398112
0.0420101695
0.0373804644
-0.0806889907
0.0944616422
-0.0514700450
-0.0141595732
-0.0481570475
0.0671907067
-0.0910872146
0.0454704911
-0.0393483937
0.0296178516
-0.0549637377
0.0069589973
0.0734494254
-0.0732852444
-0.0315870419
0.0353895053
0.0344097205
-0.0398412310
0.0473723523
-0.0818538368
-0.0143263415
-0.0468254648
-0.0875395685
0.0466960967
-0.0476306379
0.0643117800
0.0188113414
0.0559905656
0.0469799638
0.0619299747
-0.0106271179
0.0487299226
-0.0496921837
0.2113069296
-0.1179055721
-0.0677141994
-0.0472801849
0.0416507684
0.0725272223
0.0817637965
-0.0315769799
0.0564213321
-0.0759154037
-0.0551541820
0.0201183297
-0.0129972072
0.0393037349
-0.0489645228
-0.0408628769
-0.0671326444
-0.0653451979
-0.0845337436
0.0857372358
0.0142409028
-0.1687331647
-0.0114312582
0.0214316901
0.0026524691
-0.0308805760
0.0559088886
0.0282213613
0.0035283740
0.1636046469
-0.0307337884
-0.0063078017
-0.0175971724
0.0283248797
0.0139737688
-0.0305977128
0.0710868463
-0.0319632888
-0.1612190604
0.0038207709
0.0335874893
0.0429467224
0.0019054179
0.0814088583
0.0061018420
-0.0205419734
0.0233790390
-0.0267433114
-0.0898621380
0.0009675364
0.0042090230
0.0289078820
0.0297650881
0.0624344796
0.0707557127
0.0377914310
0.0371782370
-0.0184498206
-0.0023926664
-0.0161804073
0.0193061028
0.0124626318
-0.0018075058
-0.0195497647
0.1448224038
-0.0773606524
-0.0324095078
-0.0355488211
0.0299556442
0.0787405819
0.0769049823
-0.0243488755
-0.0496607125
-0.0037462269
-0.0428434871
-0.0366392620
-0.0207401440
0.0335690081
-0.0143674230
-0.0398024283
-0.0245566871
-0.0915151760
-0.0233281460
0.0646935180
0.0395237170
-0.1354561299
0.0336842947
0.0238960963
-0.0017030875
-0.0419537015
0.0262786634
0.0224414617
-0.0108283553
0.2331572175
0.0810610056
-0.0041181315
-0.0442795269
0.0183488596
0.0119762374
-0.0260538552
0.0652265698
-0.0114767151
-0.1033844203
-0.0062526441
0.0011729476
-0.0284044966
0.0496845320
-0.0269503985
-0.0234720502
0.0638501793
0.0212096367
-0.0337075405
-0.0059623192
-0.0402383991
-0.0284430105
0.0272792727
0.0193116218
-0.0331198201
0.1064285859
0.0025459048
0.0023218410
-0.0250911564
0.0127679054
-0.0501607619
0.0163007025
-0.0092350654
0.0009893707
-0.0430229828
0.1595098376
-0.1162638813
-0.0192578994
-0.0488655828
0.0310920309
0.0763486922
0.0930375680
-0.0172398221
-0.0300766267
0.0214459132
-0.0147447130
-0.0400743932
-0.0256422982
0.0101925321
-0.0225925352
-0.0350431427
-0.0034247837
-0.0816091001
-0.0370558426
0.0689676031
0.0330757610
-0.1475957185
0.0232257545
0.0231063087
-0.0020358099
-0.0405008420
0.0277155079
0.0227862895
-0.0077442303
0.1342035830
0.1072128788
0.0041672438
-0.0214853939
0.0213659145
0.0062720361
-0.0270155277
0.0961971357
-0.0107089784
-0.1306923777
0.0022642349
0.0093174567
0.0161742866
0.0876066238
-0.0333067551
-0.0329617150
0.0468027145
0.0180474594
-0.0314879119
-0.0373821296
-0.0098196696
-0.0338633321
0.0289747845
0.0193438437
0.0248742960
0.1329837292
-0.0070529161
-0.0109529654
-0.0279957224
0.0165614188
-0.0464027151
0.0148825767
-0.0062749078
0.0025651942
-0.0535525568
0.1358996034
-0.0854419321
0.0143109299
-0.0675195232
0.0212305840
0.0709531307
0.0925421417
-0.0159930028
-0.0288757030
0.0598651357
0.0214398019
-0.0497986823
-0.0087931128
-0.0291765593
-0.0145615088
-0.0382050015
0.0458739363
-0.0756224841
0.0071455813
0.1162422970
0.0364849456
-0.1357807666
-0.0128482953
0.0375985280
-0.0050091008
-0.0354940519
0.0138261858
0.0265803020
-0.0019373834
0.2526666522
0.1984647065
0.0033175715
0.0153800165
-0.0292638857
0.0165123548
-0.0335639790
0.0574619286
-0.0043814750
-0.1078124121
0.0027510126
-0.0324043445
-0.0117336288
0.1079375520
-0.0897935554
-0.0438215658
0.0423684604
0.0056702415
-0.0213948283
0.0249468181
-0.0123853330
-0.0385772176
0.0259765889
0.0209823288
0.0780644119
0.1001743376
-0.0332168676
-0.0278033465
-0.0252639260
0.0420137383
-0.0309944339
0.0045877662
0.0027193916
0.0126757054
-0.0540695079
0.1215257570
-0.0441703461
-0.0231222473
-0.0693795532
0.0306237713
0.0617802739
0.1027445048
-0.0183217302
-0.0036256437
-0.0344713219
-0.0406716876
-0.0464139245
-0.0181507207
0.0199212003
-0.0032516306
-0.0408093855
-0.0046253703
-0.0961381644
-0.0220763404
0.0654088110
0.0416458324
-0.1103384942
0.0329351090
0.0189952627
-0.0013360830
-0.0436924174
-0.0223636795
0.0237392876
-0.0027514561
0.1813966781
0.0854555964
0.0044436888
-0.0292811915
0.0266791284
0.0118701905
-0.0249324031
0.0917087719
-0.0061718645
-0.0943868235
0.0001136994
-0.0260498282
0.0201944187
0.0810820609
-0.0011542820
-0.0311788749
0.0521499328
0.0123353023
-0.0309535433
-0.0101432148
-0.0183560550
-0.0262390971
0.0262563471
0.0210837014
0.0844531357
0.0894883424
0.0038547756
0.0034746642
-0.0222765803
0.0148133868
-0.0355249681
0.0114715146
-0.0050711641
-0.0003679034
-0.0411228314
0.1877180934
-0.0960747451
0.0407173038
-0.0416632332
0.0289362594
0.0804037377
0.1560522020
-0.0308410134
-0.0340032056
0.0013136087
-0.0056666145
-0.0223793741
-0.0361669362
-0.0078154309
0.0003779588
-0.0446341671
0.0011396564
-0.0709764957
-0.0673467591
0.1336829960
0.0265795290
-0.2038422227
-0.0427774824
0.0143502224
-0.0050858092
-0.0292578544
0.1001246497
0.0218635984
-0.0104738744
0.2541300058
0.0169411134
-0.0219083391
0.0120869149
-0.0506645739
0.0140928244
-0.0439899191
0.0464801416
-0.0234548505
-0.1372738928
-0.0030488549
-0.1138658598
-0.1141573712
0.0041725156
-0.0612593293
-0.0029688436
0.0064385445
0.0143836020
-0.0275079682
-0.0430513658
-0.0019065657
-0.0120666418
0.0144134769
0.0275888070
0.0068177120
0.1445356607
-0.0069629676
-0.0141827287
-0.0254636332
0.0003423252
-0.0244936310
-0.0010723659
0.0019983004
-0.0128775146
-0.0310590360
0.1294514984
-0.0269113481
-0.0108732553
-0.0170237664
0.0527142622
0.0315878317
0.1075302064
-0.0245012287
0.0499578565
-0.1715317816
-0.0325391702
-0.0442111827
-0.0479636304
0.0276803877
0.1079173759
-0.0231146533
-0.0132421432
-0.0686535165
-0.1336291432
0.0862004012
0.0350324102
-0.0736018494
-0.0483918451
0.0246169511
-0.0024254089
-0.0667473897
0.1381554008
0.0270729698
-0.0058469800
0.5738813877
-0.0730762035
0.0087494673
-0.0087676086
-0.0525425710
0.0111763589
-0.0394393429
0.1121145412
-0.0222060103
-0.0747189894
0.0010020067
-0.0977738127
-0.1630617529
-0.1895070374
-0.0215559807
0.0426964648
0.0125959553
0.0213444438
-0.0302424356
-0.0571322255
-0.0584229827
-0.0129493019
0.0252303332
0.0095464671
-0.2179725766
0.1549299210
0.0479482748
0.0102083934
-0.0309420824
0.0262318626
-0.1256398112
-0.0075604226
0.0055686142
-0.0560674667
-0.0722378567
0.3127468824
-0.1825255901
-0.0026737843
-0.0395151302
0.0412570089
0.0852097571
0.1992276609
-0.0201676954
0.0078452053
-0.0958466977
-0.0209541991
-0.0004183849
-0.0845512375
-0.0344027765
-0.0393286161
-0.0355948508
0.0023506130
-0.0844040811
-0.0508184880
0.1088426262
0.0056118872
-0.2408356518
-0.0442510396
0.0159564931
-0.0006864775
-0.0343990363
0.0823799595
0.0148459636
0.0023867341
0.2093647420
0.1016573161
0.0063846717
-0.0248551909
0.0478017777
0.0052415375
-0.0325870849
0.1721157432
-0.0233467855
-0.1939133704
0.0031250480
-0.0337954611
-0.0292527135
0.0814296305
0.0354952030
-0.0069966773
-0.0281683970
0.0212829001
-0.0175599027
-0.0827407241
0.0397108048
-0.0123238359
0.0292091705
0.0281708483
0.0750494599
0.1455493867
-0.0032574288
0.0079372032
-0.0239985753
-0.0077366354
-0.0506383665
0.0061630961
-0.0003818525
0.0069427514
-0.0461292751
0.0850457624
-0.3096301854
-0.0338755921
-0.1120436490
0.0395712554
0.0109897656
-0.1014686078
-0.0205670353
-0.1869328618
0.0168522447
-0.0959678739
0.0644491389
0.0846224502
0.1760748625
-0.0289379936
-0.0412992425
-0.0753166229
-0.1479073912
0.0963047147
0.0792538598
0.0535536893
0.1861970872
0.1206783876
0.0368114710
0.0265413243
-0.0233088881
-0.0027336497
0.0023445345
-0.0042080865
-0.6092180610
0.0668520704
0.0509642400
-0.0688298941
0.1729266644
-0.0278093703
-0.0340064093
0.1251993626
-0.0299499538
-0.0429853685
-0.0268768743
0.3349811137
0.3713896573
0.0990673453
0.1730468720
-0.0649769977
0.1067645177
0.0492884181
-0.0453584976
0.0717097670
0.1710628569
-0.0580308177
0.0774946883
-0.0109562855
-0.0413540453
0.1654500365
0.0605828092
-0.0832899883
-0.0190177467
0.0109739285
-0.1341144294
0.1051537544
0.0357284397
0.0299686473
-0.1034781039
0.1186932325
0.0038969275
0.0372121967
-0.0655597821
0.0136354426
0.0671927854
0.1309730560
-0.0259231571
-0.0390730947
-0.0267230328
-0.0023769648
-0.0578151271
0.0165478867
0.0136739444
-0.0351738594
-0.0451080948
0.0373370647
-0.0796354264
0.0265056789
0.0603304431
0.0297084674
-0.1683579534
-0.0363518447
0.0144094490
-0.0045821504
-0.0179007314
0.0522102267
0.0026851967
-0.0065413220
0.0568756536
0.0228752811
-0.0108094933
0.0368803293
-0.0575390123
0.0079817148
-0.0390103534
0.0309211351
-0.0148221534
-0.1418146491
-0.0122856572
-0.1406007409
-0.0729632527
0.0762235597
-0.0154094975
-0.0189459529
0.0149369724
0.0120080337
-0.0300315414
-0.0449823290
0.0467305407
-0.0395522974
0.0187148005
0.0201957505
0.1638268530
0.1222530380
-0.0183179583
-0.0274802800
-0.0343323201
0.0364469774
-0.0453028977
0.0031223209
0.0085131405
0.0000277643
-0.0440189317
0.1146560088
-0.0576257929
0.0191705152
-0.1059507504
0.0200749766
0.0419275127
0.1472553909
-0.0092956349
-0.1074392647
0.0341122001
-0.0124943731
-0.0598946176
-0.0217709374
0.0688642561
-0.0271079950
-0.0277632866
0.0820748508
-0.0862092897
0.1299026310
-0.0084414324
0.0196012836
-0.1065021604
0.0218880381
0.0064759986
0.0094023626
-0.0288245920
-0.0256066862
-0.0003488019
0.0034884922
-0.1796123385
0.1484073997
0.0235178005
-0.0190535691
0.0373956077
-0.0127967261
-0.0211156756
0.1356146932
-0.0052299807
-0.0760345832
-0.0067306682
0.0123896413
0.1194336712
0.1525494605
0.0338844098
-0.0475145876
0.0650421903
0.0093907975
-0.0362251066
-0.0422075093
0.0868081376
-0.0683454946
0.0402137190
0.0190619025
0.1869558096
0.1448931247
-0.0738806799
-0.0379224904
-0.0355943367
0.0491048358
-0.0548468754
0.0281472430
0.0051674144
-0.0127044376
-0.0933777615
0.2460403442
-0.0614728890
0.1303868294
-0.1743838191
0.0181350484
-0.1915723383
-0.4374970794
-0.0734704807
0.0262160040
0.3126353025
0.1790332198
-0.1632578522
-0.1159131899
-0.4022578895
0.1725248843
0.0383623466
0.0168193765
-0.0486327894
0.5195450187
-0.2027357817
-0.0594076365
-0.2275213450
-0.2885849774
0.0433309264
-0.0286063980
-0.0226031747
-0.4018875957
-0.0372317955
0.0197418276
0.8117374182
0.1904636770
0.0714396387
0.1504698843
0.0332023166
0.0391753279
-0.0524835289
-0.2972393036
0.0482687876
0.3881942332
0.0294240192
0.7094054222
-0.6967414021
0.6912915707
-0.1390352249
0.1434947252
-0.2895438969
-0.0778527707
0.0398027413
-0.0144935362
0.1750722080
0.0254996102
-0.0387605354
-0.0166922361
0.5608367920
-0.1775572449
-0.2338097990
-0.0071394444
0.0326971151
0.0819834247
0.1749675721
-0.0623487867
-0.0454417914
-0.0969127491
0.0638796687
-0.2240524739
0.3266901076
0.1414308399
0.0164404567
0.0508939065
-0.2345027328
0.0472278967
-0.1004520878
-0.0801496655
-0.4574726820
-0.1343175322
0.4323330522
0.1659191251
0.4652439952
-0.1421137303
-0.0895462558
0.0327639021
0.0421858579
0.4914363027
-0.1447881162
0.0262965932
0.3649044633
0.2042705715
0.0478676409
0.0512386858
-0.0163061786
-0.1404220760
-0.0275404025
0.0444432385
1.1133486032
0.1198000163
0.0129709262
0.0829763636
0.3812631667
0.0170245450
-0.0448803268
-0.3404476643
0.0450407155
0.3900930882
-0.0501771085
0.3516939878
-1.5774326324
-0.0765005499
0.1096739769
-0.1263425499
-0.4243163764
0.0288841408
0.0275358688
0.4349807501
-0.2751340866
0.0132166771
-0.0078218197
-0.0230785925
0.4861963093
-0.3321095109
-0.0031429683
0.0847791359
0.0496415980
0.2374772578
0.0463760234
0.0154407816
-0.0376365483
0.1810602099
0.1520244181
0.0751240551
-0.0569228828
0.0234854314
0.0226550922
-0.0868522376
-0.0827490538
0.0797482878
-0.0476201326
0.0210977439
-0.0137957558
-0.0392959937
0.0345123708
-0.0603671893
0.0082407324
-0.0200356580
0.0132632963
0.0516949035
-0.0174206328
0.0626952127
-0.0348489471
-0.0514447242
-0.0506043248
-0.0025253326
0.0085782837
-0.0252259895
0.0393467508
-0.0297309402
-0.0992604792
-0.0250426959
0.0487136357
0.0348998010
-0.0687963143
0.0840407535
-0.0372461192
-0.0133694457
-0.0487999134
0.0917402804
-0.0836252123
-0.0017879523
-0.0350826532
0.0164591148
-0.0662284195
0.0277697984
0.0716802254
-0.0618505664
-0.0357566141
0.0364269987
0.0255042631
-0.0585687906
0.0492203869
-0.0749569908
-0.0070599946
-0.0367454365
-0.0503523126
0.0660306737
-0.0406905562
0.0534645356
0.0104005244
0.0393165685
0.0317676328
0.0549148880
-0.0068213786
0.0409569852
-0.0545268469
0.1940615624
-0.0585340075
-0.0539634340
-0.0447471589
0.0334646553
0.0632105768
0.0785039738
-0.0357978791
0.0555125289
-0.0420897491
-0.0089168735
0.0218237732
-0.0233111940
0.0445377268
-0.0971748158
-0.0404201709
-0.0719141960
-0.0297279842
-0.0722956434
0.0442206599
0.0052548605
-0.1893941313
0.0169608518
0.0149965109
0.0045690052
-0.0165083017
0.0356687047
0.0296971966
-0.0018535129
-0.1116923317
-0.0415311940
-0.0091134654
-0.0057950201
0.0090435864
0.0070675393
-0.0291636288
0.0494336002
-0.0366855636
-0.1725859195
0.0145782139
0.0823296532
0.1921256036
0.0666757300
0.0622667074
0.0107395034
-0.0425078608
0.0201131999
-0.0242418014
-0.1233099401
0.0551068895
0.0031630360
0.0221188515
0.0273046568
0.1746929884
0.0596113130
0.0270177536
0.0192538593
-0.0151131433
-0.0052185790
0.0045534652
0.0172708146
0.0158848073
-0.0037575436
-0.0149129322
0.1265186965
-0.0983459726
0.0028370845
-0.0436423644
0.0287676137
0.0680010095
0.0999188572
-0.0252656545
-0.0193876717
-0.0308846943
-0.0308951344
-0.0488767289
-0.0270738769
-0.0004268320
0.0229436457
-0.0416524820
-0.0120125497
-0.0914494991
-0.0676891878
0.0573571883
0.0358911306
-0.1606381834
-0.0117776217
0.0124877794
-0.0027850489
-0.0337629616
0.0575433187
0.0144160120
-0.0201920457
0.2402048707
0.0091683371
-0.0159017704
-0.0339884274
-0.0236297473
0.0135409385
-0.0367386304
0.0520717390
-0.0173336212
-0.1093141809
-0.0089943083
-0.0906105563
-0.0995222032
0.0033319115
-0.0292243734
0.0004248863
0.0329238288
0.0191275850
-0.0337999836
-0.0380385555
-0.0035303871
-0.0228350144
0.0196386501
0.0230944734
-0.0189800076
0.1295440495
-0.0091107674
-0.0168015808
-0.0271305740
-0.0034987312
-0.0419247486
0.0081830285
-0.0061747353
-0.0122946296
-0.0456563421
0.1659531742
-0.0910631046
-0.0222722087
-0.0473938882
0.0377991423
0.0833046511
0.0997797549
-0.0316443257
0.0598571077
-0.0841115341
-0.0261741746
-0.0189316217
-0.0732618794
-0.0237417184
-0.0319413282
-0.0460648090
-0.0529603958
-0.1069652885
-0.1233493835
0.0646031350
0.0258727912
-0.1511458606
0.0027829914
0.0164999310
0.0004420123
-0.0327530801
0.0183493719
0.0209734570
-0.0093151350
0.2132962346
0.0168762598
-0.0105907805
-0.0330627784
0.0080237044
0.0114644729
-0.0324923173
0.1210588291
-0.0177795906
-0.1227539331
0.0060222247
-0.0132283177
-0.0062675099
0.0885735303
-0.0045342697
-0.0008724353
0.0104092797
0.0170114338
-0.0278491620
-0.0425780565
0.0225839093
-0.0101521527
0.0197159462
0.0290813334
0.0991899446
0.0734239891
0.0382062569
0.0405071378
-0.0222037714
-0.0156317018
-0.0225402918
0.0101761697
-0.0015769544
-0.0008268212
-0.0344194658
0.1180657893
-0.1256068945
0.0008914766
-0.0697760731
0.0267661642
0.0603305362
0.1003290415
-0.0208366849
0.0233766194
-0.0279881749
-0.0323818624
-0.0510220528
-0.0135400817
0.0057967925
0.0143545261
-0.0386064015
-0.0015894775
-0.0881769285
-0.0732081681
0.0520635433
0.0345670208
-0.1295386553
0.0065391394
0.0116042737
0.0000093625
-0.0382338054
0.0055434946
0.0162105206
-0.0149329007
0.1722110212
0.0315490477
-0.0055808034
-0.0305555016
0.0059861848
0.0091574201
-0.0304080341
0.0761384666
-0.0097502386
-0.0989288092
0.0000224877
-0.0420869254
-0.0461758040
0.0477803349
-0.0049155303
-0.0135860434
0.0336544812
0.0159193706
-0.0361170545
-0.0388088748
-0.0119681833
-0.0267050229
0.0213928353
0.0209987108
0.0231596362
0.1218759492
-0.0016335979
-0.0066798851
-0.0263129883
0.0033948820
-0.0351570956
0.0109917941
-0.0045502889
-0.0075388523
-0.0488484502
0.1521907300
-0.0602787435
-0.0217726007
-0.0420958921
0.0324174613
0.0605157390
0.1068495885
-0.0200862009
-0.0036877836
-0.0433407649
-0.0328150466
-0.0315669291
-0.0108261369
0.0468435362
-0.0159379002
-0.0340213142
-0.0377626494
-0.0797020495
-0.0478650033
0.0470872372
0.0289929416
-0.1346835345
0.0259176921
0.0103536798
-0.0005296615
-0.0416882299
0.0188557636
0.0174284056
-0.0083790105
0.0569143258
0.0001642213
0.0050865817
-0.0181102045
0.0179666728
0.0025242579
-0.0251451991
0.1256427616
-0.0148266610
-0.1393208355
0.0036651897
0.0167237874
0.0428016186
0.0191959143
0.0378846936
-0.0125223175
0.0423022173
0.0220956746
-0.0394841433
-0.0728641972
-0.0045342534
-0.0298641548
0.0276121795
0.0171436146
0.0460250191
0.1260927022
0.0136451535
0.0093080634
-0.0308416821
0.0022537746
-0.0556185842
0.0167419557
0.0044207335
-0.0186031591
-0.0563684478
0.1652186662
-0.1087960154
0.0387240946
-0.0226928424
0.0449206382
0.0825180337
0.1578700095
0.0004791280
-0.1473305970
0.0197743680
-0.0077284463
-0.0782566369
-0.0295008067
0.0031345261
0.0367494188
-0.0289260130
0.0276807807
-0.0780458003
0.0152705219
0.1039945781
0.0318219811
-0.1938758492
-0.0207462646
0.0174499489
-0.0044593583
-0.0386432447
0.1070088521
0.0215078983
-0.0083426414
0.0745144486
0.0989116952
0.0119051225
-0.0006055096
-0.0076371231
0.0070019616
-0.0382138491
0.0910480544
-0.0101266783
-0.1427997053
0.0013750409
-0.1612458080
-0.1022101790
0.0495716259
-0.0512358658
-0.0190954302
0.0406531915
0.0130221229
-0.0292869303
-0.0427437164
0.0378177650
-0.0429551974
0.0318818465
0.0185812023
-0.0036559489
0.1728181243
-0.0528997108
-0.0570909418
-0.0395872258
0.0028642414
-0.0883776918
0.0037556179
-0.0054954439
-0.0266819540
-0.0786502287
-0.6656788588
-0.1448959857
0.0598630011
-0.0612892918
0.0425056703
-0.0276459642
-0.0179302823
-0.0685888603
-0.5176843405
0.0580697879
-0.2447836250
0.0847846717
0.1094582602
0.5736509562
-0.1368956864
-0.1763960868
0.5284683108
0.3842673600
0.7724370956
-0.5026336312
0.1045540646
0.0977547392
0.6102128029
-0.1093488410
0.1192037389
0.0106161898
-0.0076034050
0.0445759781
-0.0528120399
-2.0169897079
0.3876027167
-0.1459856331
-0.5956021547
0.2388206422
-0.0743079036
-0.0246894080
-0.1631589830
0.0072834101
0.4991809428
0.0290946476
0.1610382497
1.8339685202
0.1151977479
0.1397002339
-0.0552418157
-0.1197318584
-0.0090765571
0.0414065346
0.3619580865
0.3705869615
0.0434326380
0.0296666715
0.1271756589
0.6125140786
0.4654189944
-0.1695703268
-0.6931744814
0.0659056976
-0.0919672549
0.3164507151
0.1694837362
0.0186566338
0.2026988864
-0.2199871987
-1.6471759081
-0.0972994491
-0.4856105447
-0.1177141517
0.0720401406
-0.1422741860
0.3620996475
-0.1395127922
-0.1513500959
0.5464441776
0.2031297982
-0.1557752490
-0.2211946696
0.2377752066
0.3307160437
0.0174373463
0.0574511811
0.3139137626
0.7066364884
0.0651192889
0.0521347485
0.0241632909
0.6508806944
-0.0163662434
-0.0769057795
0.1036237106
0.6400806904
0.1152373478
0.0486335531
-1.0585416555
-0.4542769492
-0.2083348483
0.0451021306
-0.1543760896
0.0357377119
-0.1072762012
-0.3669362366
-0.0270540584
0.3455283642
0.1977586597
-0.8858677149
2.4150936604
0.3240684569
0.0671979934
0.0483443849
-0.6543080211
-0.1227107868
0.1285553277
-0.0130303148
0.5263897181
0.1194408312
-0.1362420470
0.1301405877
1.0729112625
-0.3197108805
-0.5230910182
-0.7163042426
0.0147148911
0.0106830504
0.3490647078
-0.1070359051
0.0005941106
0.2394433469
-0.1664200127
0.0291232113
-0.0646436810
0.0443997756
0.0648893714
0.0162067357
0.1071390212
-0.0143343471
-0.0233172923
-0.0900466219
0.0501948334
0.0625990108
-0.0523986667
0.0745353028
0.1451037079
-0.1921101511
-0.0308700483
-0.0233604424
-0.0993772820
0.0612234510
-0.0304454137
0.0016862124
-0.2046418190
-0.1741608679
0.0076942812
0.0070756851
-0.0266094040
0.2120710313
-0.0021112689
0.0117549663
0.1799636781
0.0859548301
0.0045259804
0.0925699398
-0.1440667957
-0.0629058927
-0.0388208516
-0.1131730154
-0.0277577192
-0.1835743487
-0.0200104415
0.0410539694
-0.0347788818
0.1570339352
-0.0814456269
-0.0516144633
0.1312867105
0.0008282526
-0.0289414693
-0.0641950816
0.0929281563
-0.0784597397
0.0075570596
0.0057350406
0.1776436865
0.1421680450
0.0413718559
-0.0167667102
-0.0559369475
0.1397005320
-0.1014046445
-0.0003289675
0.0334265344
0.0254937988
-0.0691028535
-0.0611824244
-2.1121222973
0.3014356494
-0.0200491920
-0.0770684704
-0.1103113145
-0.4312158525
0.0453010462
0.7206544280
-0.3053160310
-0.0714967549
0.1650267988
0.0642851889
-0.1335309148
0.5028814673
-0.0132163735
0.0049085603
0.4903836548
-0.7915886045
0.0382096283
-0.0418081060
-0.1103448048
0.3783800304
0.0719387308
0.0377349965
0.0375262909
0.3861395419
-0.0442597494
-0.1183486506
-1.0967575312
0.5919712782
-0.0262782704
-0.1365317106
0.1031814367
0.0425171480
-0.0422733054
-0.6367142200
0.0264893584
0.1270347089
-0.0414185487
-0.1523384452
0.5426452160
-0.5242555737
-0.2521997690
-0.0574616939
-0.6368586421
-0.0245552361
0.0442822911
0.0895856842
0.0109407352
-0.0156702939
0.0602369085
-0.0093298778
-1.6769795418
-0.0620660894
-0.4945985675
-0.4097799957
0.0347464457
0.3000074029
-0.1182158515
0.0507234074
-0.0883716345
-0.0670642704
0.1760665476
-0.1201890334
-1.7590088844
0.1387278140
0.0931829736
-0.0512839705
-0.0798019543
-0.1309133023
0.0032625007
0.5793650746
0.1819500178
0.0123854335
-0.0922311693
0.0680078939
-0.0505569726
0.0350081809
-0.0173871443
0.1267255992
0.2832663953
-0.5673199892
-0.2179122865
-0.0466081165
-0.0220571570
-0.0164446291
0.0235958528
0.0453022681
-0.0232895613
0.3686431646
-0.0779316723
-0.0042341496
-0.3735367656
0.9745001793
0.0113636469
-0.1477984786
-0.1419565529
-0.0502281375
-0.0432058796
0.0996492580
0.0302955285
0.0721617565
-0.0066120825
0.0247040540
0.4895735085
-0.3510928154
-0.2635707557
0.0889186934
-0.3162645400
-0.0456788763
-0.0314261951
0.1108432263
-0.1941165477
-0.0817682594
0.0209119171
-0.0077304379
-0.9121811986
-0.3039591610
-0.2943658233
-0.3460382521
-0.0606673025
0.0293226540
-0.0853548720
0.0468419380
-0.0426087342
-0.0306843501
-0.2454991341
0.3673866391
-0.2682426572
-0.0100304289
-0.1150005683
0.0285918303
0.0931109637
0.1964000314
-0.0281450171
0.0638166666
-0.0846572146
-0.0500683449
-0.0608806536
-0.0499207005
-0.0475529730
0.0634837523
-0.0226845518
0.0576347597
-0.0913609341
-0.1368930638
0.1742825508
-0.0067694900
-0.2062982023
-0.0627555996
0.0058969581
-0.0153217120
-0.0233169813
0.0967295840
0.0058818995
-0.0057936516
-0.0244295597
-0.0777989030
-0.0152390227
0.0397393852
-0.0694869533
0.0031269160
-0.0422012992
0.1094351709
-0.0322075263
-0.1798667759
0.0162937548
-0.0256004762
0.0826123208
0.0762321576
0.0646792427
0.0381078832
0.0297580864
0.0149999177
-0.0259066466
-0.1146720871
0.1300356239
0.0008877318
0.0182026848
0.0261087175
-0.0986227766
0.2332838029
0.0141389547
-0.0345473997
-0.0360656567
0.0250472836
-0.0424919091
0.0266469251
0.0011367898
-0.0273458175
-0.0668940395
0.3220532537
-0.1942742467
0.0181223731
-0.0258211587
0.0394102745
0.0861757249
0.1684915572
-0.0239342805
0.0264565796
-0.0517401248
-0.0108425338
0.0159453917
-0.0790110007
-0.0138177527
-0.0730085969
-0.0319132060
-0.0421089344
-0.0827537179
-0.0938812569
0.0943574905
-0.0055240626
-0.2543113828
0.0201514810
0.0049608741
-0.0039810683
-0.0235548653
0.0818145126
0.0095454920
-0.0090444442
0.0551905110
-0.0075285505
0.0050629298
-0.0081199054
0.0616443045
0.0021362780
-0.0257269647
0.2136313468
-0.0277164504
-0.2302776426
0.0152262291
0.0568826050
-0.0034810423
0.0916090906
0.0567319989
0.0050812168
-0.0562462136
0.0209178086
-0.0249418616
-0.1404610276
0.0459108613
-0.0125279175
0.0212436356
0.0215794276
0.1141840070
0.1419392973
0.0105091566
0.0315162912
-0.0318964757
-0.0252593681
-0.0610857122
0.0154659003
0.0020411478
-0.0072733168
-0.0502617471
-0.5228923559
0.9838413000
0.4830566943
-0.3286403418
0.0730380490
-0.4463058412
-0.2931240499
0.0740350336
0.0853626132
-0.6024286747
0.0632737502
0.1533656269
0.1054411680
0.2010723501
0.2566369176
0.0631869063
-0.0435534008
0.4285028875
0.2901563942
-0.4549839199
0.0560104661
0.5864170194
0.9131971598
0.0136704268
-0.0391326360
0.0285373051
-0.8662448525
-0.0679554045
-0.0388218574
1.8749175072
-0.2878000140
0.1133904159
0.5850903988
0.2138143331
-0.0107288109
-0.0927562043
-0.8152017593
0.0211942419
0.3967002034
-0.0477369279
0.2264457345
-0.8722633123
0.6768222451
-0.0548786707
-0.0639115274
-0.2131509185
0.0100493915
0.0645003542
-0.0327099636
0.4338427186
-0.1229310632
0.0462114885
-0.0834197626
1.8151675463
-0.4925829768
-0.3340740800
-0.0245484263
0.0699787959
0.3035028875
-0.2905229628
0.1035436243
-0.0355377123
-0.0640203357
0.0818472952
-0.1705419868
-0.3575420082
-0.3821652830
0.0891822875
0.0277867746
0.2355362028
-0.1548710763
-0.0930881724
0.6504693627
-0.1806697845
-0.0356814228
-0.1845181137
-0.0988904685
-0.1723120809
-0.1550872177
-0.0709345713
0.0978845805
-0.2787966728
-0.5080968142
-0.0764879659
-0.0130401300
0.0931843072
-0.3350457549
0.0723434165
0.0378572047
-0.0382142290
0.2712362409
0.0576748587
0.0411837772
0.3983426988
-0.0077641094
-0.0319410115
-0.2924476862
-0.2462795228
0.0100803711
-0.0334957391
0.1770871878
-0.0445902906
0.0083168531
0.0769295990
0.0543882474
0.2616233528
0.1514421552
-0.1461283565
0.1615808904
0.1218217835
-0.0153472004
-0.0436293408
0.1147068515
0.1396439970
0.0400626548
0.0125019429
0.0405065045
-0.1066150144
-0.2449776679
0.2887308300
0.0491504259
-0.0269706156
-0.2916424274
0.0615575276
0.0108209196
0.0670017526
0.1222077236
-0.3108101785
0.2002741396
-0.3018694520
-0.0537196100
-0.0423338860
0.0364675187
0.0534541458
-0.1007215828
-0.0794321224
0.0691892654
-0.1593897939
-0.1199792773
-0.0351937301
-0.0799193680
-0.0658230409
0.1784123182
-0.0358288586
-0.0563266315
-0.0541374423
-0.1443803757
0.1721127629
0.0402871668
-0.1897985637
-0.1426726431
0.0379158594
0.0051216581
-0.0308992099
0.2546181977
0.0411827825
-0.0447416976
0.5252608061
-0.0813627318
-0.0425205790
-0.1568700969
-0.1001726761
0.0355967805
-0.0434364155
-0.2735643089
-0.0255856570
0.0292471442
0.0126834018
-0.0733118579
-0.1233101264
-0.2121026814
0.0250073411
0.1356066316
-0.0346216001
0.0182344168
-0.0092937760
0.0529217422
0.0555418283
0.0448893830
0.0047728140
0.0118504781
-0.4610632062
0.0641531125
0.0426580943
-0.0312364642
-0.0065040071
-0.0468627624
-0.0679760873
0.0064157099
-0.0169386361
-0.0246871430
-0.0003890546
0.3015351295
-0.1426324844
-0.2764130235
-0.1255787611
0.0331613868
0.1209912226
-0.3840769231
-0.1430116892
-0.4722665250
-0.0547699034
-0.1557663232
0.0511230230
-0.1878342032
-0.1034432426
0.4261981845
-0.0492208153
-0.1249707937
-0.1650876403
0.0930747837
0.3371668160
0.0884542763
-0.2309285104
-0.3175714612
0.0618026294
-0.0056454744
-0.0113196718
0.6500213146
0.0848525390
-0.0866889209
0.6017503738
-0.5080650449
-0.1195122004
-0.2047939748
-0.1422653496
0.0565603040
-0.0611509867
-0.8304634094
-0.0420246869
0.2917911708
-0.0095404498
-0.2886938751
-0.8263645172
-0.3446698785
-0.0017890817
0.1075159013
0.1411624700
0.0354338773
0.0031754693
0.2372199297
0.0617234744
0.0860143825
0.0159397479
0.0117696524
-1.0120824575
0.2249843180
0.0832241848
-0.0177387986
0.0293769576
0.0574617945
-0.0195420813
0.0579460636
-0.0293375626
-0.0288517866
0.1741729230
0.1460404098
-0.0587920509
0.0106719416
-0.0261858087
0.0301968548
0.0646758229
0.1298139691
-0.0169654470
-0.0696263164
-0.0240717921
-0.0206369217
-0.0465974621
-0.0242089555
0.0229925755
0.0302292164
-0.0343539007
-0.0085267751
-0.0806410462
-0.0244697593
0.0744236782
0.0318268873
-0.1862804592
-0.0103237433
0.0140182422
-0.0052728141
-0.0363697782
0.0773146451
0.0136860190
-0.0185559206
0.1402590126
0.0085541848
-0.0014544653
-0.0166491754
-0.0190389883
0.0044392939
-0.0352959968
0.0673551410
-0.0191186871
-0.1301140189
-0.0056188973
-0.1035423204
-0.0535347275
-0.0089769112
-0.0160702728
-0.0009141981
0.0328027196
0.0240546931
-0.0321856700
-0.0738417208
0.0204897616
-0.0305074602
0.0266101267
0.0162040684
-0.0064294715
0.1529867351
-0.0332691222
-0.0325756036
-0.0301961098
-0.0169499516
-0.0664606839
0.0119319716
-0.0015152638
-0.0234403219
-0.0610716939
0.0606862828
-0.1635268033
-0.0632397383
-0.0617130436
0.0331927538
0.0936676785
0.0531921089
0.0090798847
-0.2331510633
-0.1039105579
-0.0902111903
-0.1136753187
-0.0041235574
0.0021313650
0.0627708063
-0.0249010734
0.0738499016
-0.1305817515
0.1088538393
-0.0039443816
0.0457783155
-0.0619969666
0.0424173959
0.0216781367
0.0017161996
-0.0503068380
0.0553389788
0.0345540568
0.0147348633
0.2334463596
0.2460973710
0.0454000682
-0.1132125929
0.0783181861
0.0131459972
-0.0156071018
0.0854702815
0.0123813795
-0.1153331250
-0.0102382703
-0.1081992537
-0.4393711686
0.0390056409
-0.0419818349
-0.0495017171
0.1378848404
0.0180516392
-0.0262560099
0.2197863013
-0.0085535226
-0.0356277004
0.0489653684
0.0098955613
-0.1560344249
0.1048288420
-0.0117300740
-0.0352914594
-0.0163436960
0.0820125192
-0.0784887373
0.0297983997
-0.0305995550
0.0209702682
-0.0957487822
0.2710677385
-0.0868797451
0.1074392349
-0.0511577129
0.0577128083
0.1223988831
0.1851835698
-0.0278532691
0.0827023685
0.0336557589
0.0278370921
-0.0469333529
-0.1265315711
-0.1148678362
0.0286884420
-0.0715254322
0.0714717507
-0.1533645093
-0.0813384131
0.0884223804
0.0157455485
-0.1961027682
-0.1563244015
0.0029794008
-0.0006679577
-0.0249463227
0.0328334905
0.0109248087
-0.0244863164
0.0246591605
-0.0271639638
-0.0115368906
-0.0837738365
-0.0284121316
0.0111216707
-0.0501052439
0.1111169308
-0.0179730915
-0.0049745245
0.0188660417
-0.0537579656
-0.0369009301
0.1875530928
-0.0465841554
0.0275497735
0.0078161089
-0.0127927205
-0.0288000889
-0.0355074294
0.1815512180
-0.0040666074
-0.0074705579
0.0218870267
0.2056593299
0.1710523516
-0.0293326154
-0.0932829306
-0.0335096754
-0.0797401667
-0.0363362692
0.0052943560
0.0060856682
0.0057539404
-0.1150437668
-0.0200955961
-0.1934775114
-0.0624675788
-0.1761546433
0.0640935227
0.0528115034
-0.0392349623
-0.0076690759
-0.0651438013
-0.0724815950
-0.0191710833
0.0327709913
0.0833727941
-0.0501465574
-0.0353276990
-0.0482654907
0.0078298934
-0.0994226113
0.2008266151
-0.1283436269
0.0250842050
0.0003137637
-0.0839197785
0.0198163539
0.0124401357
-0.0088463472
0.0612419695
0.0155023681
0.0296600144
0.1382068992
0.2671440840
0.0125897964
-0.0892113820
0.1030108258
0.0071208118
-0.0536713637
0.0657534078
-0.0091205640
-0.0360980853
-0.0322993770
-0.1676131338
0.1826215982
0.0575092472
0.0713101551
-0.1610911638
0.1014307365
0.0339154899
-0.0135936728
-0.0518796109
-0.0303354636
-0.0691915527
0.0473833196
0.0125081679
0.1125851944
0.1647234410
-0.0074594365
0.0251874700
-0.0115855047
0.0301160645
-0.0441267788
0.0311555360
0.0241658222
0.0604017712
-0.0842398852
0.1731336564
-0.1218181029
-0.0042725410
-0.0659949109
0.0164151825
0.0380879007
0.1093993634
-0.0362320058
0.0315877534
-0.1148879305
-0.0072087385
0.0552749112
-0.0796532631
0.0089052003
-0.0182945468
-0.0245755780
-0.0140883354
-0.0493249185
-0.0492243543
0.0784547552
0.0050735837
-0.1567387730
0.0441479683
0.0205536205
0.0056304191
-0.0169308055
0.0429428071
0.0072076921
-0.0157161541
0.0480169319
-0.0458891690
-0.0033129025
0.0065630293
0.0590334572
-0.0044392622
-0.0329684690
0.0968506560
-0.0256384127
-0.1299144328
0.0050621699
0.0000295725
-0.0104361549
0.0770956874
0.0810909942
-0.0195824429
-0.0611265600
0.0240616184
-0.0156805664
-0.1041274965
0.0396902375
-0.0154159106
0.0209570825
0.0199410077
0.0868619010
0.1065139920
-0.0277670473
0.0428428575
-0.0153832631
0.0086993128
-0.0466235951
0.0154602062
0.0068040374
-0.0057207188
0.0033376508
-0.0943268985
-0.1860503256
0.1388979554
-0.2082883865
0.0121099493
0.1402787268
0.0488946140
0.0164895598
0.0485790186
-0.3012923300
0.0876663700
0.1100382134
-0.0704417750
0.0255694594
0.2234956622
-0.0066929585
0.1459894180
-0.1528868824
-0.1581055671
0.0096589504
0.0366853438
0.0984631181
0.2118054926
0.0713771060
0.0332991555
-0.0108727627
-0.2459829897
0.0475507528
0.0015072310
0.0301099364
0.3568399847
0.0482652411
0.1199784279
0.1543453783
-0.0048004156
-0.0011469398
-0.0247016419
-0.0253221579
-0.0750213340
0.0066798013
-0.0941827446
0.1868797392
-0.0652317703
0.1182991117
-0.1473004222
0.0879108682
0.0573062897
-0.0019279218
0.0333447158
-0.1418568641
-0.0854087472
0.0653588697
-0.0353741199
-0.2228578180
0.2917298079
-0.1298453808
0.0213726647
0.0002161199
0.0630225390
-0.0338983051
0.0324408747
-0.0450779572
0.0855474323
-0.0602922961
0.2499771863
-0.0997968316
0.0744596645
-0.0480672345
0.0200921223
0.0650149062
0.1803743988
-0.0255836342
0.0492017157
-0.0234800763
0.0211786013
-0.0007135143
-0.0471852832
0.0303352568
-0.0724101588
-0.0355003066
-0.0242955126
-0.0767612532
-0.1173715368
0.0603604726
-0.0118171480
-0.1612595916
-0.0024143220
0.0017335461
0.0057835355
-0.0109249735
-0.0459390767
-0.0201681163
-0.0122462614
-0.0963611081
-0.0191664957
0.0102971820
0.0295709316
-0.0202337615
-0.0191143882
-0.0362510569
0.2016772926
-0.0364937596
-0.1652834266
0.0057996563
0.2027249187
0.2095252573
0.1649749726
0.0428604074
-0.0124091739
-0.0114584872
0.0223446023
-0.0272217579
-0.1189271733
0.0723245218
-0.0350020528
0.0053207846
0.0018945073
0.2493787557
0.1771288216
-0.0249060635
-0.0380190387
-0.0250929557
-0.0081908749
-0.0411244594
0.0307475720
0.0129109621
-0.0015227116
-0.0845505521
0.3508127928
-0.1972579062
0.0557556003
-0.0404742770
0.0295378566
0.0874424651
0.2301466018
-0.0214449298
0.0403807089
-0.1138450429
0.0090758670
0.0114524802
-0.0660327300
-0.0350477397
-0.0715672970
-0.0313391201
-0.0081462990
-0.0935363099
-0.0894896686
0.1021016762
-0.0186784938
-0.2578638494
-0.0467739515
0.0032915929
-0.0015112782
-0.0162981655
0.0659060851
-0.0147368861
-0.0067754313
0.0524400175
0.0276596285
-0.0018109981
0.0318126716
0.0011456334
-0.0124013694
-0.0407439470
0.2322640419
-0.0353648402
-0.2451621592
0.0021873254
0.0622776747
-0.0048652142
0.1487097889
0.0613804460
-0.0082130888
-0.0478494503
0.0272072628
-0.0251894202
-0.1247187257
0.0765481591
-0.0284966789
0.0149784386
0.0147686228
0.1575314552
0.1860093623
-0.0061470540
0.0088214092
-0.0307168663
0.0013040703
-0.0457932912
0.0212691836
0.0115258964
-0.0010152052
-0.0696529746
0.4250437617
-0.2078769803
0.0530223586
-0.0328035802
0.0388846509
0.1011851355
0.2653855681
-0.0249092542
0.0482345372
-0.1596092433
0.0071881139
0.0191363152
-0.0771320835
-0.0277874302
-0.0735697821
-0.0338858403
-0.0064578517
-0.0942938402
-0.0824745595
0.1383849680
-0.0230293758
-0.3327057958
-0.0724294260
0.0068489532
-0.0020671994
-0.0190666001
0.1560982913
-0.0059078685
-0.0016912757
0.0525902808
-0.0257588774
0.0031048898
0.0216612183
0.0059375134
-0.0051827477
-0.0378151983
0.2254034132
-0.0384539850
-0.2865631282
0.0081214560
-0.0152596142
-0.0865899473
0.1324786991
0.0966311097
0.0077959290
-0.0863363370
0.0294269975
-0.0208785813
-0.1616553962
0.0890829265
-0.0143205151
0.0158958007
0.0187763534
0.1649678200
0.1842633784
0.0095384372
0.0085020065
-0.0358264036
-0.0039584856
-0.0619216748
0.0101234894
0.0140192769
-0.0005615309
-0.0652453005
0.2407399565
-0.1287307739
-0.0103048403
-0.0213204101
0.0277233571
0.1115533486
0.1771516353
-0.0266223568
-0.0290121324
-0.0409903526
0.0177820586
-0.0630000606
-0.0905839950
0.0111214286
-0.0460924283
-0.0354405791
-0.0002056219
-0.1226921976
-0.0560458526
0.1063321829
0.0001483055
-0.2503896058
-0.1028475836
0.0062043238
-0.0117095960
-0.0238270257
0.1318596005
0.0147204762
-0.0074324254
0.1774187833
0.0064059612
-0.0149878496
0.0063956133
-0.0592674650
-0.0051653483
-0.0355931669
0.1450693309
-0.0254114456
-0.1884815693
0.0127817364
-0.0270018484
-0.0280775316
0.0867098942
-0.0173510276
0.0000058029
0.0372777097
0.0195495002
-0.0201637875
-0.0925861076
0.0179289281
-0.0171052497
0.0179282315
0.0303219538
-0.0084684715
0.1649142951
0.0262084845
0.0051241582
-0.0399631225
-0.0211104658
-0.0337257013
0.0152113196
0.0009414472
-0.0055547087
-0.0814917013
0.2032147795
-0.1138551161
0.0107832635
-0.0418382809
0.0418024808
0.0931048021
0.1620080620
-0.0220178086
-0.0767424107
-0.0253550932
-0.0110320644
-0.0597673506
-0.0758941099
-0.0425244235
0.0415789858
-0.0350236446
0.0269136913
-0.0986530185
-0.0613235608
0.1197056845
0.0319771282
-0.1921743155
-0.0655106679
0.0168785006
-0.0046193809
-0.0334663093
0.1038622111
0.0180125311
-0.0175388772
0.2222514451
0.0387170427
-0.0056308773
-0.0298103224
-0.0281607602
0.0114445146
-0.0423449464
0.0605242476
-0.0212461408
-0.0947739929
-0.0022144082
-0.1323404461
-0.1168900505
0.0559277758
-0.0509225689
-0.0005944236
0.0431638397
0.0168855563
-0.0208058637
-0.0207120106
0.0360657386
-0.0164295826
0.0225436129
0.0195348933
-0.0273557752
0.1712883264
-0.0276964493
-0.0663057864
-0.0254679602
-0.0090393145
-0.0461580008
0.0102423057
-0.0136106918
-0.0100671668
-0.0623221770
-0.1995446235
1.0635029078
-0.0732326657
0.0384824686
0.0422172770
-0.2894095778
0.0897774622
-0.0682488829
-0.8290034533
0.3846991360
0.0483904518
0.0977611467
-0.1702519953
0.5961247087
-0.3575367332
0.0010946543
-0.2427773923
0.5208113790
0.6792941689
-0.3042231500
0.0434057526
0.1534837782
0.6072123051
0.0421927497
0.0472716130
0.0155985961
-0.7642368078
0.0534301065
-0.0573466532
-2.6712031364
-0.4406786859
0.0140212616
0.1672030389
0.0274682082
-0.0345050022
-0.0050695799
0.0229360797
0.0364797898
0.1418171376
-0.0214347579
0.5805820823
0.4016577601
0.7830352783
0.0335487351
-0.1243748069
0.3529564142
0.0291777570
0.0033160981
0.0424804948
-0.1409453303
0.0104005067
-0.0413113497
-0.0503926165
1.0903530121
-0.3938226700
0.0549128652
0.1569572687
0.0280027110
0.1097975150
-0.0243519526
0.0236817189
-0.0834606513
-0.0023293942
0.1331307292
-0.3292810023
0.8194661736
-0.0796135589
0.0225787256
0.0334726833
-0.2184578776
-0.0316394717
-0.0477474257
-0.3541331589
0.6411404610
0.1123278588
0.0287278891
-0.0600476637
0.5589566827
-0.3517048359
-0.0088589638
-0.2143691778
0.4191474020
0.3596406579
-0.3839706182
0.0432316102
0.1826273352
0.6042320132
0.0206530578
0.0494722463
0.0198410824
-0.5467226505
0.0831946507
-0.0423516333
-2.9424946308
-0.2462781519
0.0233048405
0.2412374467
-0.0664964542
-0.0407097042
0.0089370385
-0.0769221038
0.0517856777
0.1450903416
0.0160601027
0.2403078675
1.1457061768
0.5588309169
-0.0518751405
-0.1877488792
0.3115652502
0.0256835427
0.0075694826
-0.0009499700
-0.0144261625
-0.0261697676
-0.0116707282
-0.0290325601
1.0972726345
-0.2729529738
0.1007380486
0.1168019176
-0.0005089550
0.2042671144
0.0568931922
0.0302775484
-0.0691459626
-0.0517639369
0.1281606406
-0.2608082592
0.9021685123
-0.0737999231
-0.0633730367
0.0339786597
-0.1843561530
0.0027385929
-0.0448545665
-0.4636694789
0.7227464318
0.1138788387
-0.0161491204
-0.0520645864
0.4695733190
-0.3411730826
-0.0165690072
-0.1852038503
0.4256032705
0.3912678361
-0.2840421200
0.0517409630
0.1768108904
0.4675531685
0.0235471725
0.0526117794
0.0212724973
-0.6507813334
0.0886487067
-0.0390504226
-2.8893184662
-0.2186337113
0.0325136185
0.2816702127
-0.0762857422
-0.0517756864
0.0109855989
-0.1753170788
0.0500974506
0.2056769729
0.0086420244
0.2451913357
1.2484048605
0.6764763594
-0.0329308994
-0.2222629935
0.4049470723
0.0272054337
0.0107773552
0.0489073470
-0.0423171483
-0.0359109007
-0.0013923177
-0.0214001257
1.1326472759
-0.1762746274
0.0948996246
0.1055555195
-0.0032359683
0.2541484237
0.0501377545
0.0316462964
-0.0721450746
-0.0420636125
0.1240479127
-0.4258695543
0.5611683130
-0.0837538540
-0.0882341340
0.0009946029
-0.0953805447
-0.0134184491
-0.0533614345
0.0015662384
0.7189719677
0.1659028828
-0.0346074551
-0.0242220983
0.3624730110
-0.3780448437
-0.0457939319
-0.2089019716
0.4749270380
-0.1363498271
-0.3027226329
0.0444511138
0.0654510036
0.4047279060
0.0071131629
0.0693934485
0.0287637617
-0.5806127191
0.0661455467
-0.0359423384
-2.2636988163
-0.1256874353
0.0346501805
0.1399744749
-0.0746289417
-0.0667112470
0.0111164209
-0.3259012401
0.0251303874
0.2942253649
0.0340618864
0.2493182123
1.6967850924
0.6660981178
-0.0752571523
-0.1697174907
0.2415031344
-0.0109943803
0.0196899269
-0.0489791892
0.1019211337
-0.0226531234
-0.0005858708
-0.0119026406
1.0876842737
-0.1824369133
0.0071912874
0.0446030721
0.0101214871
0.1734352857
0.0928054228
0.0317876823
-0.0485668369
-0.0706842616
0.1085126698
-0.1865988374
0.4805575907
-0.0864291415
-0.1103187129
0.0067957030
-0.0432228297
0.0377287380
-0.0537638254
-0.2118096948
0.6019425392
0.0730766952
0.0212671384
-0.0628622174
0.3664627373
-0.1675272435
-0.0291680098
-0.0291695185
0.1179619208
-0.1568114609
-0.1586054265
0.0236702450
0.1255780458
0.1872401983
0.0033195848
0.0316973925
-0.0101936311
-0.5934560895
0.0496492572
-0.0242293160
-1.5931916237
-0.3873444498
0.0178004000
0.0949847177
-0.1094755158
-0.0566654168
-0.0192535613
-0.0880428776
0.0043642488
0.1608752906
0.0373674929
0.5310312510
1.0863171816
0.4525741637
-0.0486203432
-0.0800954327
0.4367670417
-0.0080152648
-0.0197392181
-0.0942965522
-0.0321889073
0.0032289515
-0.0186798703
0.0012330732
0.4833850861
0.1727612466
0.0309331417
-0.0052562100
-0.0038390481
0.0960095376
0.0566664897
0.0337435007
-0.0279630460
-0.0078256149
0.0378040597
-0.0048960652
0.1610241830
0.0095995311
-0.1009989977
0.0092080822
0.0488546342
-0.0212389324
-0.0445117317
-0.0996027961
0.3071544766
0.0561431795
0.0459982865
0.0297644362
0.2868520021
-0.0905256271
-0.0370582864
-0.0866566673
0.0461902916
-0.3142773807
-0.0240400117
0.0281634778
-0.0036680831
0.1963013262
0.0060274852
0.0118434587
-0.0196778625
-0.4333964884
0.0402232409
-0.0342325196
-0.7599682212
-0.3304938078
-0.0087920334
0.0486948602
-0.1419013143
-0.0384909473
-0.0431558900
-0.1250403225
-0.0196052399
0.0002662527
0.0055639041
0.6041706204
0.7788727283
0.2356679142
-0.1401296556
-0.0643018037
0.3413548768
0.0027006974
-0.0267483853
-0.0616763346
-0.1071620435
-0.0020417115
-0.0343774743
0.0040964023
0.0416359194
0.3140475750
-0.0532982945
-0.0569978207
-0.0094401566
0.1306167096
0.0347492434
0.0456985980
-0.0232098550
-0.0204934739
0.0574929528
-0.3393093944
-0.1053875983
0.3927691281
-0.1818921864
-0.0306740459
0.0251278505
0.0358653218
0.0733442977
0.2873595059
1.1506990194
0.4171090722
-0.2846400142
1.1134053469
0.8271909356
0.1571402103
-0.0633127168
0.1365863830
0.2192447931
0.3306693435
-0.3458870947
0.0874341950
0.0429490097
-0.0791124031
-0.0294580031
-0.0004062574
0.0029074051
0.3178549707
0.1258930117
0.0241001472
-0.4773626924
0.2471962869
-0.0471579544
1.0958899260
-0.8444853425
-0.0586615056
-0.1277478039
-0.9998874068
-0.0244486611
0.1216311008
-0.0824727640
-0.2344578803
0.6750054359
-0.9403395653
-0.2935282588
0.0551685318
0.0479544401
0.0575961322
-0.1084660962
0.0047950922
0.3587305546
-0.0044845743
-0.0713540465
0.0275139622
0.5366205573
0.6210065484
0.0612161607
-0.6003777981
-0.0071493913
0.4627851844
0.6564767361
0.1336374581
0.1368844807
-0.3292532861
0.0384802520
0.2670757473
-0.1342844069
0.0111950506
-0.0416933969
0.0313991345
0.0703489110
0.1900728792
-0.0294987541
0.0230970792
-0.0928754508
-0.0258630142
0.0327539407
-0.0376902111
-0.0204967391
-0.0664486066
-0.0436419956
-0.0038281141
-0.0911416337
-0.0464897454
0.1041149125
0.0091088088
-0.2051007450
-0.0638638288
0.0146955950
0.0073451758
-0.0213639643
0.0518890060
0.0093762539
-0.0065461104
0.0469573773
0.0255038515
-0.0010803411
0.0252670944
0.0250423923
-0.0012369206
-0.0380332693
0.1312134415
-0.0275212545
-0.1809996068
-0.0012155488
-0.0159741435
-0.0484099686
0.1337191164
0.0388604105
-0.0156629402
-0.0338728838
0.0256710984
-0.0227891710
-0.0831799880
0.0747908801
-0.0199436694
0.0196668897
0.0223497711
0.1392875612
0.1326126903
0.0167804584
0.0114519848
-0.0224190094
0.0240374282
-0.0355522782
0.0159527846
0.0064048991
0.0158903655
-0.0255534425
0.1892158538
-0.0472339317
0.0055833734
-0.0510186441
0.0196584724
0.0320650376
0.1329954416
-0.0329992734
0.0110858576
-0.0221450031
-0.0144632971
0.0399389155
-0.0248617157
-0.0718150213
-0.0165758189
-0.0338422097
0.0272065680
-0.0802590102
0.0259135328
0.0243127104
0.0116925919
-0.1599442065
0.0096476534
0.0169381350
0.0088251717
-0.0201241281
-0.0064492458
0.0006450175
-0.0089338953
0.0143483905
0.0554342754
0.0078927306
-0.0236921422
0.0384444818
0.0034536142
-0.0352221020
0.1170985922
-0.0280002169
-0.1519439965
-0.0003098305
-0.0364609174
0.0160515253
0.1118060872
0.0297160279
0.0062262584
-0.0237953085
0.0247954894
-0.0169909745
-0.0784417838
0.0759794116
-0.0170895513
0.0159651265
0.0046658181
0.1912503093
0.1242900044
-0.0264940094
-0.0008359108
-0.0050955527
-0.0235625897
-0.0358533449
0.0131036993
-0.0028166552
0.0143809039
-0.0416376963
-0.0432518795
1.2248674631
0.0865039453
-0.0212129783
-0.0534374043
0.0842626467
0.2819051743
-0.0737903863
0.0593499765
-0.2258873880
0.0694600791
0.1973202080
0.1078598350
-0.0990235209
-0.1805771738
-0.0215293430
-0.0459321477
-0.2760275900
0.3479178250
-0.0074521769
0.0372053906
-0.1019001156
0.1327878535
0.0324560516
-0.0001686616
-0.0285089742
-0.7054896355
-0.0162146427
-0.0106945895
0.6639708281
0.1297721863
-0.0174579695
0.0974528864
-0.0870346576
-0.0153863467
-0.0132841747
-0.0973512456
0.0240576118
-0.0864245817
-0.0323981047
0.0677022561
0.0096597383
0.4065209329
-0.1906703115
-0.0795241073
0.3763912618
-0.0056130490
0.0025301846
0.2193875015
-0.1204297096
-0.0050152298
-0.0048403288
-0.0266027525
0.1551825255
0.1199094653
0.2109156400
0.3956627250
0.0486261584
0.1236135736
0.0533985943
0.0406499952
-0.0340884849
0.0094874706
0.0391231626
0.1892185658
0.2338016182
0.1263371557
-0.0010722012
0.0174874738
-0.0338864774
-0.0032618653
-0.0213292409
0.2893221974
-0.0857131705
0.1353482306
0.1972569078
-0.0852606073
0.1274905205
-0.1335672587
-0.0130001707
-0.0677558035
0.0074009411
0.1261208355
-0.3709670603
-0.0401399396
-0.2079060227
0.3147576749
-0.0035256587
0.0025689739
-0.0150814923
-0.4000938237
-0.0223457534
-0.0593652092
0.5565562844
0.2440648228
0.0203921814
0.0572574697
0.0272418782
-0.0051593124
-0.0124254636
-0.0321530961
-0.0052469219
-0.0606676042
-0.0108894994
0.5501989722
0.5215629935
0.1191728339
-0.0191539023
0.0289740935
-0.0632871315
-0.0016841764
0.0088724131
-0.1249838769
-0.2712550461
0.0005838008
-0.0256176479
-0.0290434454
0.2238854915
0.0246083606
-0.1362676919
0.0771402568
0.0161230601
0.0713267848
-0.0156446546
0.0351803787
-0.0206486620
0.0121465223
-0.0227922257
-0.0019202862
0.5348663330
0.0643848106
0.0556734130
0.0252008252
-0.0670126230
0.1634399146
-0.0711436868
-0.2322826385
0.1894512922
0.0657964945
0.1441592127
-0.1284251809
0.3666945100
-0.2645064592
-0.0460528955
-0.1758389920
0.1649659723
0.3898445070
-0.1226833314
0.0049239402
-0.0505967401
0.3548133671
0.0156444293
0.0328341052
0.0056890850
-0.4215793014
0.0146241887
-0.0435745902
-1.2103501558
-0.0861010328
-0.0113652833
0.1312246174
0.0332829207
-0.0188792869
-0.0127536273
0.1520694345
0.0261685103
0.0289623048
0.0096752690
0.4570160508
0.3032532334
0.2951620221
0.0358648524
-0.0884951428
-0.0027223711
0.0168437120
0.0039147977
0.0142527865
-0.0796785355
0.0039156582
-0.0344288237
-0.0114862090
0.6159697771
-0.1410015076
0.0504391529
0.1358740628
0.0071324483
0.0525357760
0.0419067703
0.0257128756
-0.0357070453
0.0179713052
0.0818606019
-0.3387945592
0.4849342406
-0.0605366975
0.1348959506
0.0028539167
-0.2452027053
-0.1013136804
-0.0595815703
-0.1227968186
0.3881101012
0.1287264079
0.1248151362
-0.0422748066
0.5699509978
-0.2828875184
-0.0110424701
-0.1865471601
0.3360639811
0.2420910150
-0.3982474804
0.0213460829
0.1403805166
0.6728065610
0.0237498768
0.0169816837
0.0233610272
-0.2251743078
0.0541159958
-0.0470912196
-2.4750757217
-0.2974202037
-0.0108685168
0.1798708886
-0.0625311211
-0.0270828865
-0.0089763114
0.1175515652
0.0230584219
0.0018238754
0.0384660214
0.2090466470
0.7018453479
0.3402282596
-0.0441483967
-0.0810103714
0.0746892467
0.0269433018
0.0082047218
-0.1197677180
0.0945250615
0.0020465143
-0.0241013933
-0.0347765870
0.8623841405
-0.3518885970
0.1051145196
0.0828874931
0.0171559751
0.0386866704
0.0769887045
0.0371162146
-0.0292462055
-0.0270497035
0.1308733225
-0.4678794146
0.5355744362
-0.0824908465
0.1529103070
0.0159717500
-0.2454310656
-0.2241055518
-0.0482014902
-0.0670448393
0.5076819062
0.1560451090
0.1433427185
0.0033953201
0.5474079251
-0.2394076884
0.0006310242
-0.2155465186
0.2683078349
0.2857261598
-0.5265238285
0.0292071737
0.1885818392
0.6811429858
0.0068882760
0.0246941783
0.0212783087
-0.1696375906
0.0599259362
-0.0371219628
-3.0087201595
-0.2619906664
-0.0005980632
0.1565573215
-0.0273669045
-0.0262675751
-0.0016159082
0.0474562421
0.0236971006
0.0399223492
0.0586153492
0.0647802204
0.9804118872
0.1863744259
-0.0241632387
-0.0686461926
0.1258506477
0.0258103237
-0.0043556993
-0.1360020339
0.2478380054
0.0163780004
-0.0262693055
-0.0397359617
0.8659302592
-0.2976427674
0.1562429070
0.0757271796
0.0191418119
0.0085769668
0.1259763986
0.0480744988
-0.0382657126
-0.0470167659
0.1426678449
0.0885527208
-0.0013107042
-0.0133299651
-0.0994637087
-0.0048899837
-0.0076084849
0.1397160143
-0.0392152965
-0.0184013769
-0.0337587819
-0.0815660730
-0.0062383851
-0.0009687723
0.0072929380
0.0008940927
-0.0443725623
0.0039896816
-0.0532817543
-0.0633636862
0.0422332473
0.0309926569
-0.1011671573
-0.0340567604
0.0164023768
0.0113346782
-0.0301129520
-0.1014453173
0.0077057346
-0.0420665108
0.7282109857
0.0039927629
-0.0255767889
-0.0360637084
-0.0107288351
0.0066176872
-0.0280227102
0.0032006290
-0.0184712224
-0.0189767387
-0.0343952999
-0.1023854017
-0.2145759910
0.0386476591
-0.0115705626
-0.0286576692
0.0411047712
0.0421378128
-0.0355648771
-0.0229152497
-0.2228413671
-0.0247566737
0.0200960841
0.0145008285
-0.0087367333
0.0926538482
-0.0094636995
0.0442301817
-0.0143443327
0.0269077513
-0.0252283048
0.0107155610
-0.0164617188
-0.0116271293
0.0003173360
0.0501444526
0.0887963399
-0.0404487401
-0.1165194437
-0.0163857453
-0.0174605493
0.1283759624
-0.0465841889
-0.0691523179
-0.0246025175
-0.1068075299
-0.0205781516
0.0067355107
0.0118663860
0.0177812949
-0.0467238612
0.0138236182
-0.0763407946
-0.0372814313
0.0377092771
0.0410934798
-0.0556547567
-0.0426583737
0.0156078329
0.0107954731
-0.0314857215
-0.1287730336
0.0079667475
-0.0462032929
0.8085187674
-0.0398524776
-0.0279769152
-0.0393590927
-0.0237246286
0.0073514930
-0.0239584465
-0.0291958172
-0.0176159088
0.0179426018
-0.0416131504
-0.1258904338
-0.2517057657
0.0465018898
-0.0186869409
-0.0347947925
0.0994507372
0.0467349142
-0.0398184806
-0.0020275367
-0.2413968742
-0.0283378437
0.0228364300
0.0100817131
-0.0124297114
0.1080828086
0.0001455808
0.0472869314
-0.0108198896
0.0295246504
-0.0244205054
0.0100070145
-0.0199859366
-0.0106280921
0.0084076012
0.0297490992
0.1723904610
-0.0529502183
-0.1310040951
-0.0245431419
-0.0315391794
0.1359556764
-0.0512106307
-0.0998016968
-0.0222631171
-0.1210131422
-0.0189857725
0.0124757197
0.0166195240
0.0195132401
-0.0480673909
0.0209691599
-0.0854407772
-0.0163571890
0.0342336930
0.0445035286
-0.0243911482
-0.0496741161
0.0143626397
0.0113349771
-0.0319702402
-0.1721869558
0.0078187948
-0.0484462120
0.9337706566
-0.0548370667
-0.0290355626
-0.0302241240
-0.0281128995
0.0052782572
-0.0213484131
-0.0499276854
-0.0179894418
0.0476501845
-0.0475711226
-0.1263862848
-0.2794190645
0.0589792095
-0.0272363834
-0.0426869690
0.1342791170
0.0506712310
-0.0403598510
0.0085093770
-0.2657541931
-0.0307006203
0.0234611575
0.0057958178
0.0031636076
0.1164062023
0.0054666498
0.0597705245
-0.0058705797
0.0371850431
-0.0207674578
0.0098681180
-0.0230575781
-0.0105456114
0.0180925485
0.0140944319
0.2597284317
-0.0547041222
-0.1409227848
-0.0285789520
-0.0416992567
0.1510398835
-0.0529384464
-0.1256826222
-0.0301462412
-0.1278388500
-0.0124746859
0.0187135283
0.0321138874
0.0134315770
-0.0488187373
0.0256124176
-0.0919921696
0.0193452556
0.0323485248
0.0457653813
0.0044604838
-0.0432735756
0.0116557591
0.0105425669
-0.0317897871
-0.2243222743
0.0067029609
-0.0478663594
0.9847261310
-0.0682562962
-0.0273922738
-0.0118919434
-0.0244276300
0.0027107792
-0.0192712825
-0.0563607253
-0.0178630650
0.0645927712
-0.0502119437
-0.1032150686
-0.2746564150
0.0909447744
-0.0214410834
-0.0505541749
0.1577372551
0.0513000414
-0.0406868421
0.0087971520
-0.2676950693
-0.0321875401
0.0222386271
0.0016105104
0.0569528453
0.1201952323
0.0121939136
0.0724800080
-0.0018007724
0.0407329574
-0.0175449550
0.0098890718
-0.0229940303
-0.0091148512
0.0269379504
0.0073333802
0.2455864996
-0.0602948591
-0.1365050524
-0.0348827206
-0.0499758609
0.1495370865
-0.0554787070
-0.1391264349
-0.0275470521
-0.1324781626
-0.0161219127
0.0140026109
0.0343732312
0.0174755603
-0.0497222319
0.0269214157
-0.0851377174
0.0173703395
0.0242826324
0.0462889858
0.0067750164
-0.0536493622
0.0106605599
0.0112201227
-0.0277097058
-0.2046307176
0.0039360854
-0.0512031168
0.9915426373
-0.0910699815
-0.0285534654
-0.0128492219
-0.0318107866
0.0030023397
-0.0192163251
-0.0637064949
-0.0197223034
0.0764947683
-0.0547329858
-0.1241843626
-0.3333473504
0.0791043267
-0.0242260322
-0.0500108935
0.1628847271
0.0535822175
-0.0407560356
0.0120145893
-0.2635901570
-0.0326848887
0.0231976602
-0.0012021477
0.0387569368
0.1193805933
0.0102964602
0.0718282908
-0.0018679280
0.0426495858
-0.0201888178
0.0090282112
-0.0241972245
-0.0090125147
0.0262543410
0.0214563627
0.2009330392
-0.0477105342
-0.1232270971
-0.0299096219
-0.0405779891
0.1433245689
-0.0525061339
-0.1131991223
-0.0329363346
-0.1186932176
-0.0110520851
0.0111655472
0.0298299305
0.0113854231
-0.0482825898
0.0212419610
-0.0806632116
0.0086638490
0.0244251620
0.0424065366
-0.0147873713
-0.0420522355
0.0117112333
0.0105192373
-0.0262723360
-0.1821660399
0.0029802078
-0.0489872023
0.8889401555
-0.0739236623
-0.0286101941
-0.0142636560
-0.0268708374
0.0040209102
-0.0214726459
-0.0471941046
-0.0196235385
0.0534754582
-0.0501189977
-0.1145847589
-0.3026701510
0.0729459152
-0.0194515828
-0.0461608246
0.1339159906
0.0505122468
-0.0391113199
0.0054290164
-0.2410458177
-0.0314011537
0.0215504877
0.0012366344
0.0368785970
0.1104601473
0.0067402581
0.0660749748
-0.0040465673
0.0393308960
-0.0197049268
0.0099153537
-0.0216783900
-0.0074110758
0.0211993288
0.2124035209
-0.1063392907
0.0217108615
-0.0263412669
0.0234387945
0.0728545561
0.1921353340
-0.0163941327
-0.0596107692
-0.0597638190
0.0051358426
-0.0368419141
-0.0176472235
0.0502525717
-0.0430203676
-0.0335870422
0.0125741363
-0.0957895219
0.0256477576
0.0488597788
0.0001249955
-0.2091807276
-0.0402286947
-0.0019872496
0.0028704631
-0.0196272973
0.1198455542
0.0055882507
-0.0097526060
0.0032996775
0.0377884731
-0.0073646130
-0.0187742393
-0.0209381450
-0.0072166007
-0.0357169993
0.1760554910
-0.0226945914
-0.1974357367
-0.0022459240
-0.0318437368
-0.0353929438
0.0916917846
0.0155134695
-0.0309245270
-0.0057031289
0.0265903603
-0.0341017246
-0.0915763602
0.0297516435
-0.0364468396
0.0198593028
0.0265135020
0.0454007164
0.1750023663
0.0074052587
-0.0015832311
-0.0356486216
0.0061349948
-0.0383994021
0.0052184556
0.0148883136
-0.0220374633
-0.0591854118
0.2122793943
-0.0933623016
0.0078116357
-0.0486937575
0.0296033639
0.0654805079
0.1602963954
-0.0276573319
0.0323765911
-0.0998846591
-0.0031204142
0.0274001528
-0.0463982001
0.0053211786
-0.0429540053
-0.0363420323
-0.0247829631
-0.0870654657
-0.0592986383
0.0902990401
0.0097214235
-0.1949538141
-0.0123195220
0.0120451422
0.0045340918
-0.0227765255
0.0574933141
0.0097135575
-0.0086468840
-0.0178862996
-0.0088909389
-0.0044516847
0.0334205776
0.0132581424
-0.0052968590
-0.0366920903
0.1236569881
-0.0265306588
-0.1844940335
0.0022237955
-0.0422252640
0.0178345479
0.0764911547
0.0595492497
-0.0224643536
-0.0331452973
0.0281599592
-0.0214505009
-0.1012076139
0.0810292810
-0.0211010687
0.0205412339
0.0238939729
0.1664867103
0.1380935013
0.0117450878
0.0216596723
-0.0241282433
0.0164421871
-0.0268049929
0.0108772581
0.0081885969
0.0056557329
-0.0149886869
0.0721583962
-0.0092679486
-0.0616152622
-0.0367550105
-0.0004772719
0.0294550881
0.0444168560
-0.0367966816
0.0642579496
-0.1678709835
-0.0247060880
0.0714226514
-0.1310368180
-0.0041400329
-0.0044467580
-0.0226451866
-0.0079775071
-0.0815956146
-0.1458008140
0.0696483925
0.0187857002
-0.0215437282
0.0873817950
0.0362342559
0.0130266212
-0.0259148162
-0.0391252302
0.0085711107
-0.0032464727
0.4603325725
-0.0353504755
0.0205028616
-0.0293342732
0.0897643641
-0.0074270358
-0.0127833439
0.1095318049
-0.0367767438
-0.0459076874
-0.0027015668
-0.0678200647
-0.0814011171
0.0286038481
0.0372543000
-0.0490017049
0.0490277484
0.0314353071
-0.0232350919
-0.0501496196
0.0293562673
-0.0133844456
0.0292471983
0.0072052274
0.0801536590
0.0983645394
0.0126649151
0.1278146654
-0.0086120274
-0.0017323479
-0.0581408292
0.0150146587
-0.0097956676
0.0363426879
-0.0015266492
0.0066358056
-0.0515932776
-0.0666619986
-0.1245996580
-0.0485304371
-0.0586648993
0.1146404222
-0.0593200997
-0.0739702582
0.0143884318
-0.1335536838
-0.0288770106
-0.0151304882
0.0072640739
0.0604324378
-0.0441421531
0.0339531563
-0.0370826200
-0.1120846793
0.0149322953
0.0423363857
-0.0287859347
-0.0838100389
0.0180823021
0.0160353277
-0.0175672211
-0.0564129539
-0.0058108615
-0.0592942946
0.9241709709
-0.1447149366
-0.0294112749
-0.0577185899
-0.0609685555
0.0075898240
-0.0241013840
-0.0695958212
-0.0243385602
0.0828969255
-0.0569097102
-0.2142976373
-0.4710989892
0.0034226016
-0.0312783867
-0.0282614511
0.1447588652
0.0567356870
-0.0379842520
0.0275887903
-0.2806095183
-0.0285683461
0.0293130782
-0.0026540966
-0.1396263093
0.1278717518
-0.0033441070
0.0412395634
-0.0078179864
0.0461952426
-0.0401165374
0.0125689032
-0.0283534490
-0.0084014637
0.0071886736
0.0002715311
-0.2029941827
-0.0483358465
-0.1028942391
-0.0470337719
-0.0550901070
0.0878987536
-0.0570849814
-0.0106263272
0.0255295653
-0.1176735833
-0.0277105216
-0.0241247937
-0.0012519512
0.0725649446
-0.0390205421
0.0306200795
-0.0128777036
-0.1630114019
-0.0005013831
0.0370118693
-0.0568068027
-0.0761127621
0.0220602769
0.0174386278
-0.0149593642
0.0048276531
-0.0101719657
-0.0610909536
0.8442103267
-0.1176800951
-0.0301567819
-0.0818162784
-0.0620344989
0.0096193217
-0.0278429482
-0.0616244189
-0.0234813355
0.0735596120
-0.0526853167
-0.2199745178
-0.4713994265
-0.0400987528
-0.0336828046
-0.0155540174
0.0980851203
0.0532451533
-0.0352040567
0.0288677197
-0.2781634927
-0.0269475225
0.0290304534
-0.0007492862
-0.2179718316
0.1078728884
-0.0172472857
0.0254334416
-0.0116391527
0.0420436263
-0.0471627228
0.0159666780
-0.0281010028
-0.0102250408
-0.0079920292
-0.0069316109
-0.3002860844
-0.0545021407
-0.1078498811
-0.0500041470
-0.0599493571
0.0787133276
-0.0595440008
-0.0037560202
0.0497658513
-0.1259909421
-0.0359333046
-0.0374739282
-0.0148240607
0.1007895842
-0.0359726176
0.0364979394
0.0062598903
-0.2170277536
-0.0048780506
0.0392413549
-0.0609647483
-0.1004104614
0.0266715251
0.0201856848
-0.0159262959
0.0531124510
-0.0091136210
-0.0674156323
0.9215282798
-0.1352992505
-0.0285752118
-0.1035449430
-0.0757503733
0.0123755336
-0.0283965860
-0.0727988258
-0.0233498253
0.0906565711
-0.0571164042
-0.2641563714
-0.5514333248
-0.0760444328
-0.0497784652
-0.0051205577
0.1052353084
0.0568971410
-0.0357173532
0.0407301411
-0.3179920018
-0.0242046416
0.0348906294
-0.0015422661
-0.3085208535
0.1141254753
-0.0209384859
0.0125786979
-0.0131665263
0.0465767793
-0.0634911358
0.0165056344
-0.0325831398
-0.0168914180
-0.0137943346
0.0057932427
-0.2520512938
-0.0461734906
-0.1061526760
-0.0357621871
-0.0382520594
0.0768185332
-0.0550738685
-0.0073504592
0.0309946015
-0.1185837686
-0.0402155109
-0.0298188981
-0.0136406980
0.0885150880
-0.0369357169
0.0263735112
-0.0151825109
-0.1887538731
0.0027329251
0.0402663201
-0.0693590343
-0.0858439803
0.0246255249
0.0179887637
-0.0230281986
0.0373168439
-0.0028288071
-0.0631738678
0.8744091988
-0.0983301029
-0.0286693480
-0.1060437635
-0.0618582703
0.0121786911
-0.0279132035
-0.0613080710
-0.0212755315
0.0600727536
-0.0504057072
-0.2386803925
-0.4728216827
-0.0631097630
-0.0453957506
-0.0060459133
0.0880058780
0.0531862266
-0.0372240543
0.0320078582
-0.3042377532
-0.0241575837
0.0329792611
0.0036582099
-0.2752763331
0.1084538922
-0.0151257124
0.0131589109
-0.0151724527
0.0376884602
-0.0573561750
0.0149884652
-0.0305464175
-0.0192707684
-0.0164907966
-0.0136321755
-0.3765560985
-0.0162372105
-0.1037872732
-0.0225442965
-0.0321533643
0.0614610575
-0.0453954190
0.0664237440
0.0074053258
-0.1010217518
-0.0439883247
-0.0442002118
-0.0189775638
0.1031709909
-0.0279469527
0.0178315416
0.0005664277
-0.2125828564
-0.0142159266
0.0338510200
-0.0914863050
-0.0645341650
0.0217862036
0.0191954616
-0.0276665930
0.0589952320
-0.0047571114
-0.0661723390
0.8270376921
-0.0253351424
-0.0253863074
-0.1308243424
-0.0448115021
0.0099274889
-0.0308037922
-0.0434302986
-0.0199567154
0.0322191007
-0.0423911400
-0.2268561870
-0.3920499086
-0.0841437429
-0.0448172726
0.0041013039
0.0246281140
0.0449501202
-0.0347704031
0.0187565703
-0.3141810894
-0.0228894949
0.0308373235
0.0066404771
-0.3324284852
0.0720073059
-0.0320931301
0.0053396565
-0.0191928595
0.0248418394
-0.0649703965
0.0157137755
-0.0343083628
-0.0302131735
-0.0366848931
0.1405588537
0.0262996927
-0.0159045383
-0.0457072631
0.0169166345
0.0661607161
0.1140945181
-0.0362296030
-0.0411777645
-0.0555997565
-0.0357368663
-0.0158283226
-0.0168945398
0.0220524389
-0.0316576846
-0.0439388789
-0.0188202076
-0.1148515940
0.0158085302
0.0604235679
0.0334749371
-0.1538568586
0.0066941874
0.0146790165
0.0021269333
-0.0277752168
-0.0003922361
0.0105947573
-0.0250838213
0.0554963909
-0.0297032613
-0.0178891476
-0.0173292812
-0.0067075901
0.0099930931
-0.0306859165
0.0697854757
-0.0179863814
-0.1321302801
-0.0093766935
-0.0379040204
-0.0223097391
0.0979840904
0.0230239891
-0.0120534543
0.0426621437
0.0252635963
-0.0370261744
-0.0478034578
0.0086756302
-0.0222299602
0.0175090712
0.0214071032
0.1157811880
0.1070031524
0.0200068224
0.0116155799
-0.0233507920
0.0005578543
-0.0247987714
0.0081107281
0.0014675607
0.0029849194
-0.0189906247
0.0974848792
0.1154278442
-0.0281623881
-0.0563517436
0.0069178883
0.0588615350
0.0951118991
-0.0419661701
-0.0828522891
-0.0411197655
-0.0545807183
-0.0231859870
-0.0047416817
0.0276771355
-0.0158843119
-0.0448203571
-0.0130667994
-0.1397285908
0.0523805246
0.0537961088
0.0432331972
-0.1134104729
0.0070943311
0.0177690573
0.0013800139
-0.0280820876
-0.0300766975
0.0095672728
-0.0305660442
0.1022633836
-0.0557072051
-0.0218732357
-0.0173758138
-0.0207557660
0.0129934372
-0.0290535502
0.0329883695
-0.0172151569
-0.0963568389
-0.0168170668
-0.0625057667
-0.0479997210
0.0984965488
0.0128313154
-0.0165681764
0.0824808255
0.0271453131
-0.0398678221
-0.0230949949
-0.0149553241
-0.0245670881
0.0177230127
0.0171939824
0.1108675897
0.1027770787
0.0222114120
0.0116436277
-0.0189605020
0.0021810269
-0.0204490777
0.0084560830
-0.0007397707
0.0023163315
-0.0093963752
0.0902302489
0.0041501904
-0.0149828875
-0.0398329869
0.0053325263
0.0541712902
0.0866055712
-0.0379199535
-0.0270898510
-0.0518012084
-0.0432010256
-0.0161129721
-0.0050063161
0.0309558529
-0.0137218516
-0.0446088798
-0.0141510321
-0.1064824238
0.0070980513
0.0360995010
0.0360943601
-0.1361252517
0.0199131239
0.0145009486
0.0030693517
-0.0241378471
0.0070093414
0.0079707634
-0.0323316194
0.0785307288
-0.0345410928
-0.0215109047
-0.0263621248
-0.0094493395
0.0119716777
-0.0294684265
0.0369356722
-0.0168979615
-0.1055038720
-0.0146252802
-0.0577431805
-0.0735996962
0.0659849197
0.0126584508
-0.0143164415
0.0267096572
0.0269490983
-0.0378319360
-0.0410170518
0.0077212523
-0.0230410546
0.0183913652
0.0187227558
0.0579403564
0.0946575180
0.0092321141
0.0102447532
-0.0216124728
0.0018521970
-0.0207097959
0.0080653364
-0.0000241826
0.0022158450
-0.0128237419
0.0853453353
0.0219585150
-0.0195893571
-0.0383036993
0.0034572363
0.0537689291
0.0825896487
-0.0380608328
-0.0386042520
-0.0407668129
-0.0435876213
-0.0167337991
-0.0009746808
0.0395447686
-0.0172457360
-0.0441951044
-0.0116499476
-0.1114334911
0.0252006166
0.0312970988
0.0361939594
-0.1235429943
0.0256524552
0.0142724914
0.0021187272
-0.0239141043
0.0022205920
0.0072701019
-0.0316529237
0.0534930080
-0.0390122421
-0.0211391654
-0.0212712660
-0.0110768657
0.0103099803
-0.0285058953
0.0378300287
-0.0168154314
-0.1060427278
-0.0144267157
-0.0548391789
-0.0567595810
0.0735249817
0.0164370723
-0.0183914825
0.0355938859
0.0273356177
-0.0379783064
-0.0402484052
0.0027089547
-0.0245988797
0.0180441774
0.0170108303
0.0674939230
0.0970567912
0.0131141637
0.0110462764
-0.0210727174
0.0028126698
-0.0187405720
0.0095669581
0.0005647496
0.0041248901
-0.0134390658
0.0357104428
0.0726621151
-0.0088586211
-0.0381687582
-0.0009104910
0.0284399763
0.0679089800
-0.0378511995
-0.0521428213
-0.0206454210
-0.0395737924
-0.0087840911
0.0063582705
0.0622934327
-0.0291690212
-0.0436793603
-0.0181261227
-0.0886894390
0.0593209006
0.0062426385
0.0379511975
-0.0979349688
0.0492783412
0.0135121644
0.0044987598
-0.0222904775
-0.0523889288
0.0067865332
-0.0333239026
0.0033356352
-0.0272013396
-0.0186364800
-0.0151778916
-0.0015765870
0.0077666440
-0.0259811468
0.0327757858
-0.0127436621
-0.0782431662
-0.0183865633
-0.0342593081
-0.0285374653
0.0836694166
0.0096991193
-0.0289768539
0.0425584614
0.0262684654
-0.0365160443
-0.0363606960
-0.0021605934
-0.0264121667
0.0159206577
0.0121073201
0.1167801321
0.0679586083
0.0061282916
0.0210430268
-0.0176601037
0.0057528326
-0.0169342570
0.0107006775
-0.0023619642
0.0043231407
-0.0052037947
0.0250127539
0.0968928784
-0.0144495545
-0.0351902768
-0.0026716818
0.0312368106
0.0646892861
-0.0397702530
-0.0543907993
-0.0305443052
-0.0415317081
-0.0142864222
0.0073847449
0.0650850832
-0.0217061732
-0.0447062366
-0.0126151023
-0.0990795195
0.0712170377
0.0021725411
0.0419762768
-0.0903749838
0.0541037135
0.0134128323
0.0043132002
-0.0226434655
-0.0559161752
0.0077016558
-0.0356748104
0.0138616757
-0.0308090653
-0.0214321557
-0.0194312893
-0.0068981042
0.0106295580
-0.0257327370
0.0211150385
-0.0118422573
-0.0689128935
-0.0192650948
-0.0347128995
-0.0394807830
0.0792798996
0.0039538448
-0.0259324927
0.0443252809
0.0251124408
-0.0376377366
-0.0257123020
0.0008283561
-0.0262445547
0.0157360844
0.0132626230
0.0978526399
0.0627927110
0.0066970959
0.0175634902
-0.0169454236
0.0082421014
-0.0137989903
0.0092922440
-0.0031103038
0.0043082158
-0.0054924064
0.1348665357
-0.1144301370
0.0421129353
-0.0254036933
0.0351008363
0.0766960755
0.1534806788
-0.0026775175
0.0020627195
0.0961015970
0.0707281679
-0.1164737642
0.1230630055
0.1300760359
-0.0001725632
-0.0395018905
-0.0195274688
-0.0252502654
0.0588918999
-0.0020342511
0.0133943325
-0.2395793945
-0.1176833659
0.0134941787
-0.0004382183
-0.0048445733
0.1323197782
0.0151131423
-0.0160539281
-0.1066721156
0.0521777235
-0.0186259132
0.1040763855
-0.2477193177
0.0038072090
-0.0681617260
0.0081984634
-0.0174883418
-0.1503328830
-0.0192185193
-0.0326322280
0.1104580835
-0.0202638879
-0.0401185565
-0.0067396509
0.0080605224
0.0255386382
-0.0327550620
-0.0771128163
0.0344778039
-0.0320632532
0.0044814050
0.0265213456
0.0330739170
0.2438703328
0.0015325672
-0.0977806374
-0.0532037430
0.0512603074
0.0463086329
0.0054813591
0.0183062200
-0.0469214991
-0.0943758786
-0.0384480506
-0.0577642992
0.0885200202
-0.2969442904
-0.1876425296
0.1992137283
-0.6657053232
-0.0298949983
0.1624084860
1.3791117668
0.0990168601
0.0616898052
0.3204951584
-0.8781463504
0.3165531754
0.0066809114
-0.2667247057
0.2922285199
-0.3140730262
0.1084476188
-0.0091369618
-0.1856467128
-0.4813567102
0.1015688106
0.0276371744
0.0083005214
-0.0122631434
-0.0078421328
-0.0271362737
-0.9919744730
0.2209566981
0.0335508287
-0.0391372591
-0.1226422936
-0.0513793305
-0.0657985955
-0.6429496408
-0.0157581680
0.2412348837
-0.0041858675
-0.7454503179
-0.0748595893
-0.2230556309
-0.1854038984
-0.3012809455
0.0207838826
-0.1297747791
-0.0080721686
0.4265230298
-0.0236908775
-0.0815755576
0.0876852572
0.1927956194
1.0079348087
-0.3803826571
-0.5196948647
0.1731319577
0.0907543823
0.0871793851
0.5480183959
0.0146285901
0.1640977561
-0.3502143919
0.0613818169
0.1647186428
-0.0860782340
-0.0089073963
-0.0603698157
0.0226261746
0.0472328477
0.1285007745
-0.0276919175
0.0365659408
-0.1434806138
-0.0326367319
0.0402099416
-0.0551108457
-0.0072654323
-0.0170354676
-0.0341523364
-0.0125413276
-0.0949639827
-0.0823370889
0.0674233660
0.0182238724
-0.0988612100
0.0248405822
0.0252393521
0.0101238368
-0.0240657572
-0.0268897135
0.0094650723
-0.0027417499
0.2213085443
0.0312682763
0.0179230198
-0.0009521193
0.0820594504
-0.0019555821
-0.0270854291
0.1336736083
-0.0268547051
-0.1083068103
-0.0034075507
-0.0080492161
-0.0494720489
0.0803714991
0.0712250695
-0.0375194475
0.0024632565
0.0325389691
-0.0258182827
-0.0490725264
0.0321126133
-0.0191664658
0.0295475684
0.0113031548
0.1071874201
0.1351512671
0.0107554169
0.0532543659
-0.0108285081
0.0035860874
-0.0370105654
0.0182104278
-0.0016847092
0.0241572373
-0.0242453218
0.0098637063
0.4885697365
-0.0708462968
-0.0807244182
-0.0170710217
0.0581913367
0.0802367553
-0.0606934205
-0.2198846042
-0.0300379004
-0.0868429095
-0.0349613503
0.0189019162
0.0466424227
0.0037351437
-0.0410283245
0.0055585536
-0.2427024543
0.2354426980
0.0554768406
0.0673950836
-0.0131962495
0.0186231155
0.0251116306
-0.0004934957
-0.0306114946
-0.1462950557
0.0061428593
-0.0382806063
0.1299132258
-0.1559071392
-0.0294052735
0.0225522928
-0.0686842427
0.0175779406
-0.0261563417
-0.0488343425
-0.0169084985
-0.0334117375
-0.0272646472
-0.0720780343
-0.0513484478
0.1560572684
-0.0233936962
-0.0302020423
0.2254142165
0.0233036671
-0.0434154794
0.0641482621
-0.0680888593
-0.0332140997
0.0126950527
0.0033253036
0.1775921732
0.0988393947
0.0587298237
0.0163132232
-0.0016871663
0.0264234990
-0.0090940371
0.0062591610
-0.0057276036
0.0064009679
0.0127303256
0.0363806710
0.3272697031
-0.0586595871
-0.0651353672
-0.0117500257
0.0622670837
0.0756762475
-0.0537843965
-0.1547006071
-0.0524799041
-0.0703376755
-0.0346142016
0.0064267972
0.0267935414
0.0056447424
-0.0431909189
0.0076524317
-0.2138089538
0.1704894751
0.0488843359
0.0576188415
-0.0613955818
0.0096300468
0.0222306214
-0.0017455796
-0.0277571306
-0.0707263872
0.0053462922
-0.0342905410
0.1428581923
-0.1054263487
-0.0295168981
0.0002882152
-0.0572308749
0.0169372018
-0.0288517047
-0.0290392078
-0.0178971402
-0.0536020733
-0.0227715038
-0.0852500722
-0.0598341450
0.1150702313
-0.0216295607
-0.0225025453
0.1636015773
0.0237294957
-0.0404821560
0.0383994915
-0.0302140564
-0.0318630375
0.0144395819
0.0098688947
0.1235504001
0.1008474678
0.0338647775
0.0055174553
-0.0085756751
0.0173881352
-0.0127163352
0.0062454208
-0.0028623338
0.0065081837
0.0003922447
0.0341678001
0.3253008723
-0.0424345769
-0.0774947032
-0.0087151276
0.0490550138
0.0977038294
-0.0500080176
-0.1603723466
-0.0240945388
-0.0774317831
-0.0391054787
0.0181503650
0.0419630073
-0.0008741267
-0.0435569882
0.0028475504
-0.1837088317
0.1272417456
0.0509934425
0.0576058514
-0.0445525460
0.0112947328
0.0187953543
-0.0001636003
-0.0313772224
-0.1079293117
0.0090940353
-0.0360945277
0.2040938884
-0.1005935147
-0.0273707975
0.0054143765
-0.0507578105
0.0175549723
-0.0270246770
-0.0199669171
-0.0169274732
-0.0462371781
-0.0271857399
-0.0761178508
-0.0910671130
0.1151832789
-0.0316202231
-0.0272964612
0.1617702842
0.0269035716
-0.0448653288
0.0213273354
-0.0714962929
-0.0288977958
0.0158325508
0.0105033107
0.1235792711
0.1050100178
0.0358470641
0.0120587954
-0.0098819826
0.0144854635
-0.0128705120
0.0049711545
-0.0072262418
-0.0023585376
0.0071964683
0.0471628085
0.3408407271
-0.0417248122
-0.0831644237
-0.0054967608
0.0539396293
0.1061154380
-0.0494422019
-0.1863179952
-0.0209843852
-0.0838794112
-0.0478127152
0.0149160260
0.0492579155
0.0002976475
-0.0413407721
-0.0020407243
-0.1812618375
0.1208656877
0.0547738597
0.0586583726
-0.0420347787
0.0141443796
0.0189444944
-0.0007617573
-0.0337977819
-0.1105460227
0.0105469776
-0.0369717665
0.1803007275
-0.1094697937
-0.0267317872
0.0031396132
-0.0521382950
0.0185298529
-0.0267672949
-0.0240113176
-0.0178845320
-0.0509941950
-0.0278162211
-0.0735427514
-0.0855617672
0.1291789562
-0.0337376185
-0.0277533289
0.1785822064
0.0277592950
-0.0465826541
0.0169827864
-0.0800414532
-0.0290586129
0.0168096852
0.0106951809
0.1299741864
0.1095854789
0.0360702574
0.0077500450
-0.0103361625
0.0142244818
-0.0181701258
0.0040757330
-0.0088914800
-0.0077609131
0.0097643547
0.0902104899
0.2688177228
-0.0275806412
-0.0907854885
0.0011845675
0.0474697724
0.1269819736
-0.0433151275
-0.1624136865
0.0109450007
-0.0726604015
-0.0442786962
0.0105577800
0.0407591611
-0.0062483437
-0.0382121131
-0.0014086192
-0.1502078325
0.0594927780
0.0709609166
0.0514242016
-0.0570672378
0.0063096518
0.0163001139
-0.0006306655
-0.0368904471
-0.1076687872
0.0116539076
-0.0354766659
0.2495943904
-0.1034262851
-0.0234574787
0.0022945676
-0.0410280973
0.0167402793
-0.0280577820
0.0016003151
-0.0207883772
-0.0648522228
-0.0261066277
-0.0634772703
-0.1157629192
0.1301037818
-0.0437160283
-0.0280969888
0.1555974483
0.0305445939
-0.0476210453
-0.0139713278
-0.1148581132
-0.0251316614
0.0184007771
0.0123992069
0.1055296212
0.1270493120
0.0330353007
0.0128542371
-0.0125469817
0.0118888142
-0.0211995356
0.0041103321
-0.0112702837
-0.0118960207
0.0070587820
0.1006755978
-0.0822277591
-0.0012289189
-0.0384023078
0.0143629750
0.0479481667
0.0900456458
-0.0302885361
0.0171892941
-0.0795692280
-0.0345491581
-0.0213962588
-0.0129472204
0.0254193861
-0.0085185077
-0.0426369198
-0.0158540476
-0.0749473944
-0.0402368568
0.0281074960
0.0321191996
-0.1523410380
0.0295924600
0.0121328831
0.0041218470
-0.0269513819
0.0208873488
0.0108402055
-0.0280641858
0.1104101464
0.0084967716
-0.0174388289
-0.0367016234
0.0054440731
0.0128346728
-0.0315196402
0.0491615050
-0.0148416078
-0.1108674854
-0.0111043584
-0.0433110408
-0.0733472556
0.0402394198
0.0131811444
-0.0085635576
-0.0156784877
0.0230771713
-0.0364668854
-0.0488132276
0.0116305463
-0.0215186328
0.0193943325
0.0233810879
0.0271424260
0.0853326768
-0.0003367046
0.0033310584
-0.0242560171
0.0041103819
-0.0250100829
0.0056896941
-0.0022232505
-0.0042485977
-0.0208000690
0.0506280847
0.0729273558
-0.0383939967
-0.0585478283
0.0069239349
0.0557625815
0.0595962219
-0.0393483788
-0.0644777566
-0.0043765185
-0.0632014349
-0.0365221165
0.0048604133
0.0394936725
0.0020656462
-0.0455892384
-0.0103711290
-0.1063958332
0.0171161871
0.0339042135
0.0503680110
-0.0800548047
0.0315497518
0.0155889159
0.0005952673
-0.0336784087
-0.0411101952
0.0156397000
-0.0307768937
0.2150082737
-0.0324035026
-0.0262499917
-0.0432429127
-0.0189495068
0.0172761772
-0.0275757927
-0.0016666563
-0.0126893912
-0.0610698052
-0.0183339790
-0.0686827600
-0.0442038625
0.0669744983
-0.0073278192
-0.0184228960
0.0784573555
0.0256187823
-0.0421661437
-0.0127583724
-0.0713215843
-0.0244713109
0.0180488545
0.0203091521
0.0438265391
0.0851700157
0.0171475299
0.0062526558
-0.0191834271
0.0048264265
-0.0157432780
0.0081427395
-0.0074432334
0.0008045589
-0.0071147103
0.0261347797
0.0736441538
-0.0363801345
-0.0676563680
0.0013057515
0.0366150923
0.0638165250
-0.0384679139
-0.0575859211
-0.0086441999
-0.0828461796
-0.0424471498
0.0164757632
0.0537846461
0.0139457230
-0.0451670401
-0.0070723393
-0.0961991772
0.0049092388
0.0254569985
0.0519634411
-0.0497510359
0.0379733853
0.0149996886
0.0029334908
-0.0351743549
-0.0718897656
0.0147138191
-0.0346711166
0.2917289436
-0.0405052789
-0.0251943916
-0.0463028587
-0.0157029852
0.0177709181
-0.0251389742
-0.0118556386
-0.0097925030
-0.0379561670
-0.0236110222
-0.0710732713
-0.0929102674
0.0516649038
-0.0027953533
-0.0246356856
0.0831225216
0.0288712289
-0.0453687087
0.0034309980
-0.1190574989
-0.0261391327
0.0197415575
0.0184795801
0.0225440059
0.0829469264
0.0194681305
0.0129147777
-0.0188770574
0.0141717996
-0.0180484019
0.0091975732
-0.0103152953
-0.0036758415
-0.0018050061
0.0335977450
0.0549256690
-0.0324802063
-0.0652123764
-0.0013320788
0.0335015208
0.0639819875
-0.0401028134
-0.0547547303
-0.0114843994
-0.0706816390
-0.0353362150
0.0081934156
0.0351611115
0.0110756643
-0.0452545695
-0.0099049779
-0.1013693139
0.0044240318
0.0312694386
0.0489496104
-0.0725889727
0.0227370877
0.0152502041
0.0024087143
-0.0308035202
-0.0460893698
0.0109640826
-0.0341788381
0.2775722146
-0.0409790874
-0.0266825892
-0.0442732908
-0.0227610841
0.0161710326
-0.0280235186
-0.0055673034
-0.0132884067
-0.0443898737
-0.0230768174
-0.0889618024
-0.1036013961
0.0466628075
-0.0164127816
-0.0216812659
0.0796665847
0.0278901290
-0.0421124846
-0.0030536333
-0.0883447826
-0.0253222287
0.0182605572
0.0177530348
0.0230682176
0.0845958889
0.0104160821
0.0111165885
-0.0182764418
0.0072226506
-0.0162434094
0.0082300743
-0.0089144548
-0.0020444188
-0.0054515074
0.0181901939
0.0527668856
-0.0240386780
-0.0530186333
-0.0047669406
0.0276566558
0.0578999743
-0.0402259417
-0.0452877060
-0.0232421961
-0.0622270368
-0.0300589986
0.0132505791
0.0375338979
0.0096381735
-0.0466817021
-0.0131736239
-0.1016715765
0.0201190654
0.0274513755
0.0488182902
-0.0817773044
0.0278119128
0.0157841314
0.0026579469
-0.0272933617
-0.0367060304
0.0077457651
-0.0349054523
0.2455720603
-0.0348703675
-0.0281139500
-0.0408265330
-0.0260711107
0.0176905524
-0.0296765473
-0.0130242249
-0.0132929906
-0.0431760363
-0.0248195231
-0.0966832638
-0.1152491719
0.0244886186
-0.0286408812
-0.0229416732
0.0698282570
0.0264952350
-0.0413529202
0.0061285165
-0.0731866881
-0.0252599679
0.0157779790
0.0166656226
0.0157139227
0.0748772323
0.0049556210
0.0090553602
-0.0185294580
0.0087436792
-0.0147213237
0.0069917352
-0.0079769762
0.0007132869
-0.0059948345
-0.0040845405
0.0368903354
-0.0246527493
-0.0415677652
-0.0028044302
0.0344832279
0.0284743030
-0.0373348147
-0.0347428918
-0.0266073011
-0.0608466789
-0.0371568091
0.0202666130
0.0471587069
0.0178863425
-0.0472774468
-0.0156734977
-0.1005562544
0.0309200641
0.0088088345
0.0519652702
-0.0727577582
0.0496419705
0.0144341113
0.0012713784
-0.0284331590
-0.0275468249
0.0094470959
-0.0353663154
0.1778384596
-0.0098356288
-0.0274992045
-0.0488317236
-0.0200972334
0.0175120812
-0.0287684780
-0.0184238981
-0.0106669525
-0.0431638323
-0.0221368633
-0.0851706341
-0.0640731826
0.0098047918
-0.0166855380
-0.0209423136
0.0531079099
0.0236735698
-0.0408829823
0.0060800454
-0.0430267826
-0.0264039729
0.0159271341
0.0178312156
0.0060474803
0.0625561327
0.0004582983
0.0028204476
-0.0191065669
0.0061843181
-0.0133851664
0.0083079962
-0.0068593742
-0.0000897088
-0.0095736617
0.0775308609
0.0328311622
0.1319767088
0.0631612837
0.0085909721
0.0050546192
0.1091840044
-0.0346844122
-0.0051155309
-0.1055869982
-0.0563544519
0.0576187782
0.0038653214
-0.0093948711
0.0276608355
-0.0163260121
-0.0156847890
0.0250147842
0.0026122155
0.0408782735
0.0102225579
-0.1512138098
0.0510091968
0.0298601016
0.0305890832
-0.0140300589
-0.0930711925
-0.0099579124
-0.0469058044
0.2079635113
-0.0646008030
-0.0047874260
-0.0576016642
0.1642187983
0.0062445952
-0.0326340199
-0.0039778897
-0.0168878548
-0.0355231687
-0.0249988772
-0.0661031976
-0.2172235847
0.0566459708
-0.0103834327
-0.0197336003
-0.0668985546
0.0151807405
-0.0181192812
0.0208182931
-0.0045303060
-0.0287556052
0.0195870027
-0.0030602906
0.1482055187
0.0846906751
-0.0553070419
0.0029112895
-0.0022133316
0.0331368148
-0.1255736351
0.0077999760
0.0082704071
0.0040009418
0.0119647626
0.1747544855
0.0659416914
-0.0204201266
0.0232917909
0.0116519062
-0.0626790747
0.1641408503
-0.0496949814
-0.1170667857
-0.0928880200
0.0898704156
-0.0024068968
-0.1236082986
0.0888008922
-0.1080315411
-0.0458957031
0.0298939664
0.0143779758
0.0859778151
-0.0012486626
-0.0216286797
-0.1116988212
-0.0661401674
-0.0140599748
0.0148741798
-0.0166302733
0.1563698053
-0.0079635773
0.0145397242
0.2590529025
-0.0326528028
-0.0378807038
0.0374585502
-0.0994696096
-0.0156968124
-0.0497490726
0.2551661134
-0.0163644496
-0.1971640736
0.0083406949
0.1552645117
-0.2430282235
-0.0378716625
-0.0649164394
-0.0794690028
-0.1513871700
0.0287431423
-0.0245996304
-0.1007467583
-0.0534667708
0.0000002854
-0.0153357582
0.0685206428
0.1362350434
0.1612370312
0.0144136203
-0.0122892829
-0.0304167755
0.0663212761
0.0247158762
-0.0271135569
-0.0169609860
0.0462962389
-0.0234608855
0.0767631680
0.0286537558
-0.0501751117
0.0094065163
0.0010976887
0.0789109394
0.0760201961
-0.0457487144
0.1138035953
-0.1630136520
0.0262518413
0.0466155782
-0.0986038521
-0.0073882011
-0.0085805599
-0.0231206380
-0.0489722043
-0.1170184463
-0.0651625395
0.0562051311
-0.0035979222
-0.0996334404
0.0823719576
0.0305742547
0.0042324387
-0.0069435132
0.0150156859
0.0067722439
0.0098766778
-0.0830240697
-0.0200364850
0.0035603421
-0.0254706591
0.0400134884
-0.0030098541
-0.0340686738
0.1524227411
-0.0262775570
-0.0654444247
0.0202948451
-0.0823283419
0.2345781326
0.0434971750
0.0556840785
-0.0294642262
-0.0232722536
0.0120219057
-0.0170602929
-0.0755569860
0.1172148734
0.0001321030
0.0224411748
0.0192563850
0.1914604753
0.0131583987
0.0393478833
0.1005643979
-0.0068067452
-0.0755669400
0.0336013213
0.0042338036
0.0162062086
-0.0070227757
-0.0047880677
0.0384837948
-0.0321796499
-0.0178571865
-0.0164681301
-0.0030947626
0.0596253052
0.0449145697
-0.0384824164
-0.0240028109
-0.0450823158
-0.0565872006
-0.0344496854
0.0103257699
0.0264852457
0.0165583137
-0.0459052622
-0.0140868267
-0.1001139656
0.0025580875
0.0196762215
0.0445296615
-0.1141752079
0.0248776991
0.0182013009
0.0002618714
-0.0220241174
0.0550033301
0.0032310870
-0.0316838697
0.1198940650
-0.0186310429
-0.0239839945
-0.0394407809
-0.0288915001
0.0175299421
-0.0323690251
-0.0118685560
-0.0158297606
-0.0706126317
-0.0210666340
-0.1104818434
-0.1303081959
-0.0076420349
-0.0140043627
-0.0088543147
0.0208746661
0.0249463972
-0.0393773168
0.0000864593
0.0142552871
-0.0257651042
0.0191359390
0.0178519282
-0.0345097147
0.0804592669
-0.0055815433
-0.0092718666
-0.0233710725
0.0050191120
-0.0244522188
0.0080743870
-0.0027669917
-0.0005032163
-0.0198853388
0.0439360663
-0.0464047194
-0.0186696034
-0.0243918896
-0.0039867554
0.0549617335
0.0531949811
-0.0405835323
-0.0224017426
-0.0487494059
-0.0593265444
-0.0381618142
0.0021291818
0.0199737325
0.0255797710
-0.0442607217
-0.0135798175
-0.0919556245
-0.0304617062
0.0184633601
0.0450953096
-0.1155859530
0.0181473922
0.0174854528
0.0016722137
-0.0223098397
0.0549867935
0.0039880490
-0.0341578536
0.1644614786
-0.0344053246
-0.0252867490
-0.0464943163
-0.0306540374
0.0201717950
-0.0326653868
-0.0144249704
-0.0173091069
-0.0630160421
-0.0237664562
-0.1120404601
-0.1835318059
-0.0152904717
-0.0304381680
-0.0022055754
0.0232886914
0.0260482654
-0.0411595665
-0.0007780076
0.0096915681
-0.0240780152
0.0204948485
0.0177797917
-0.0650298595
0.0841730163
-0.0081656734
-0.0116875721
-0.0230557211
0.0094772289
-0.0253843609
0.0061168666
-0.0059878640
-0.0062875440
-0.0178676601
0.0514586940
-0.1167355776
-0.0128668807
-0.0233731847
-0.0034407512
0.0569990054
0.0546361543
-0.0413633026
0.0090686223
-0.0194211397
-0.0617982782
-0.0360039771
0.0017510648
0.0197516773
0.0317564085
-0.0433188044
-0.0199189037
-0.0548126176
-0.0839669257
0.0108531509
0.0434945337
-0.1282131374
0.0146460216
0.0182137061
0.0063765827
-0.0242409520
0.0641010329
0.0042474503
-0.0374012552
0.2081931084
-0.0395712778
-0.0246182848
-0.0599640682
-0.0208019875
0.0224956833
-0.0314037427
-0.0147760203
-0.0166561976
-0.0453793406
-0.0288938433
-0.1108497381
-0.2629062235
-0.0468471721
-0.0596017689
0.0000414717
0.0048639891
0.0272615552
-0.0449948944
-0.0100709861
-0.0059995223
-0.0196015630
0.0244473591
0.0178966783
-0.1262304783
0.0781250894
-0.0214926898
-0.0085436776
-0.0251714066
0.0054844231
-0.0314640552
0.0037662720
-0.0108991852
-0.0137904426
-0.0195444617
0.0858739763
-0.0435535870
-0.0146798380
-0.0441538133
0.0030055647
0.0530639403
0.0835379735
-0.0401078649
-0.0381838791
-0.0130671766
-0.0579766296
-0.0399764441
-0.0071897008
0.0120656658
0.0190445408
-0.0433020107
-0.0183075853
-0.0848545134
-0.0623921603
0.0425097197
0.0416921377
-0.1315702945
-0.0038845052
0.0170958992
0.0041395584
-0.0274819490
0.0439267755
0.0069354679
-0.0330960043
0.2310549915
-0.0613250583
-0.0248439815
-0.0480475724
-0.0337587781
0.0207442045
-0.0321879350
0.0035610702
-0.0199042782
-0.0729442760
-0.0237678736
-0.1082511172
-0.2291402072
-0.0018701258
-0.0593079180
-0.0049751936
0.0514121577
0.0290957317
-0.0442697853
-0.0154844578
-0.0288789794
-0.0214814562
0.0223275200
0.0197228789
-0.0585111864
0.1070686877
-0.0047219326
-0.0083050132
-0.0245537907
0.0074479016
-0.0299901031
0.0024626751
-0.0092435433
-0.0113586374
-0.0179538149
0.1293126941
-0.0697598830
-0.0055204243
-0.0506946221
0.0120566981
0.0569346100
0.1109899506
-0.0344259925
-0.0310455970
-0.0278960615
-0.0469150543
-0.0348596610
-0.0147639401
0.0066791214
0.0050449106
-0.0409922116
-0.0135576697
-0.0903381184
-0.0645191222
0.0592305213
0.0330785140
-0.1530606151
-0.0082109720
0.0140828835
0.0027752151
-0.0292323045
0.0447764136
0.0072440356
-0.0278625991
0.2021504939
-0.0444749966
-0.0200295467
-0.0424474962
-0.0203432329
0.0153510217
-0.0328997411
0.0451851487
-0.0213258509
-0.1102551818
-0.0153680295
-0.0865723491
-0.1638388485
0.0331195742
-0.0295604039
-0.0080109499
0.0410331115
0.0286665764
-0.0419065729
-0.0416545607
-0.0269800499
-0.0213411842
0.0208726488
0.0216822047
-0.0132982293
0.1297980547
0.0033926112
-0.0046190210
-0.0265929550
0.0019479675
-0.0329843983
0.0043022619
-0.0066787889
-0.0090425769
-0.0243987516
0.1297549307
-0.0641592965
-0.0003013297
-0.0176781937
0.0242621284
0.0517265312
0.0874484703
-0.0303547867
-0.0129579213
-0.0724855140
-0.0315530673
-0.0329428501
-0.0254059285
0.0028990549
-0.0103952736
-0.0437035896
-0.0314924270
-0.0892911181
-0.0394766144
0.0415910706
0.0376078747
-0.1438103169
0.0088072577
0.0106871333
0.0020885607
-0.0285703447
0.0232589915
0.0114415903
-0.0228994433
0.1018434465
0.0186205078
-0.0192190707
-0.0357153304
0.0060109645
0.0153618231
-0.0343344025
0.0721926913
-0.0171170197
-0.1177235171
-0.0111403922
-0.0532638468
-0.0806517154
0.0257951282
-0.0147617543
0.0059346678
0.0113871749
0.0207990911
-0.0393910930
-0.0348129310
0.0590448081
-0.0217230711
0.0180255435
0.0260346327
0.0403527282
0.0864118934
0.0051390426
-0.0004634470
-0.0256897639
0.0048951511
-0.0214003976
0.0063368804
-0.0064678565
-0.0063355374
-0.0303288810
0.0417767093
-0.0116702439
-0.0179832280
-0.0206686780
0.0122918785
0.0642247275
0.0398263372
-0.0365370251
-0.0363594629
-0.0443796404
-0.0563041903
-0.0489596203
0.0093596280
0.0340004191
0.0232332293
-0.0469739437
-0.0239113364
-0.1025296822
-0.0086002965
0.0358870476
0.0527789630
-0.1041571274
0.0346225835
0.0173345059
-0.0000539023
-0.0303700399
0.0251797121
0.0142448889
-0.0291936584
0.1481157541
0.0064704753
-0.0274840444
-0.0629366934
-0.0187003724
0.0231152326
-0.0327780619
-0.0266306810
-0.0129220085
-0.0662042275
-0.0172837861
-0.0867415443
-0.0864701942
0.0028605403
-0.0345914066
-0.0015684930
0.0410904400
0.0203744322
-0.0413950048
0.0107583245
0.0133487014
-0.0221805517
0.0172897205
0.0241888501
-0.0280003957
0.0654953420
0.0018717326
-0.0162660982
-0.0211456884
0.0040208534
-0.0184007473
0.0069290828
-0.0090279300
-0.0042384006
-0.0172073059
0.0357325599
-0.1021760926
-0.0340495594
-0.0248633232
0.0165038370
0.0762574747
0.0152983097
-0.0320128910
-0.0028360367
-0.0175308250
-0.0538099706
-0.0383650139
-0.0015080292
0.0252345558
0.0211636666
-0.0464157350
-0.0406377055
-0.0997333601
-0.0230362304
0.0339168347
0.0485076532
-0.1135944054
0.0398178920
0.0154628130
-0.0021672044
-0.0343186557
0.0424135067
0.0137927905
-0.0270396508
0.1676807404
0.0138049498
-0.0277553536
-0.0660117567
-0.0080355639
0.0136747882
-0.0327054039
0.0085335691
-0.0137987593
-0.0836940706
-0.0079643019
-0.0643921271
0.0134666786
0.0106949033
-0.0153443068
-0.0122434488
0.0512353145
0.0198766105
-0.0367810465
-0.0071293297
-0.0128735313
-0.0236806702
0.0158159472
0.0276821014
-0.0259544346
0.0777372792
0.0081069255
-0.0054819416
-0.0217342190
-0.0092240982
-0.0221832544
0.0117680477
-0.0070267962
0.0037958340
-0.0253329184
0.0402701311
-0.0667153373
-0.0168895684
-0.0484343432
0.0105781518
0.0488270782
0.0491960794
-0.0321133025
0.0020783127
-0.0030083854
-0.0444383100
-0.0354680456
0.0004304667
0.0333416648
0.0136687318
-0.0433953032
-0.0194711015
-0.0779260099
-0.0376725495
0.0232866425
0.0449991897
-0.1049501449
0.0382386111
0.0102017336
0.0032821847
-0.0311424099
-0.0052684275
0.0139300302
-0.0324811526
0.1465782970
0.0081834160
-0.0244998187
-0.0609249994
-0.0030056720
0.0137806777
-0.0303579215
0.0151061537
-0.0108569646
-0.0611416437
-0.0103642428
-0.0454035960
-0.0438041575
0.0253327098
-0.0203965567
-0.0171530433
0.0359959155
0.0201178100
-0.0395507179
-0.0261998847
-0.0188263990
-0.0252510905
0.0181943625
0.0237368997
-0.0008369620
0.0819021091
0.0002006983
-0.0004898216
-0.0229776166
-0.0039043208
-0.0131341731
0.0083569828
-0.0083396398
-0.0036312898
-0.0230715238
-0.0265405402
0.0204562508
-0.0417932309
-0.0598560460
0.0093506742
0.0409873724
-0.0024036588
-0.0323105007
-0.0314065553
0.0310653858
-0.0584346019
-0.0570146069
0.0295047853
0.0590956062
0.0408480093
-0.0480131321
-0.0022545457
-0.1202568337
0.0054202061
0.0240606721
0.0592532791
-0.0485139899
0.0581561327
0.0122214472
-0.0010837220
-0.0400009416
-0.0450644605
0.0152190803
-0.0288684964
0.2755749524
0.0392944403
-0.0319558457
-0.0764032677
-0.0231917258
0.0157184042
-0.0293154288
-0.0333708525
-0.0116262119
-0.0246749073
-0.0104960650
-0.0460607037
0.1029788107
0.0115466276
-0.0378462821
-0.0193799715
0.1001214758
0.0156641230
-0.0389611237
0.0106095551
-0.0770133883
-0.0272811353
0.0117817363
0.0227281433
-0.0209689606
0.0856361762
0.0028831016
-0.0134835010
-0.0166817065
0.0011179526
-0.0100969989
0.0123925740
-0.0129360687
0.0003348554
-0.0174584184
-0.0175387990
0.0116590587
-0.0331204794
-0.0761589482
0.0089659123
0.0330262221
0.0265422240
-0.0306200404
-0.0171553884
0.0128573766
-0.0571167730
-0.0557469875
0.0184834823
0.0595730692
0.0412340835
-0.0453408360
0.0095874630
-0.1089690551
-0.0244335532
0.0216015615
0.0553474538
-0.0422818810
0.0653812736
0.0087975645
-0.0005219194
-0.0415450297
-0.0751851201
0.0157246701
-0.0285244063
0.3302944303
0.0483567789
-0.0314503498
-0.0654611439
-0.0189496372
0.0150459753
-0.0303703044
-0.0129805319
-0.0115947900
-0.0234470218
-0.0094963042
-0.0238839481
0.1074901968
0.0341063999
-0.0414749719
-0.0186874233
0.0876109973
0.0155015951
-0.0384416059
0.0013029255
-0.0961825922
-0.0243963040
0.0113859344
0.0240641274
-0.0203752592
0.0924992710
0.0101046357
-0.0122528756
-0.0147745768
0.0069041224
-0.0045463839
0.0111719212
-0.0150674535
-0.0043517356
-0.0142068053
-0.0068005482
-0.0127941640
-0.0303056408
-0.0742789581
0.0094958423
0.0339660905
0.0087849405
-0.0336762033
-0.0069519239
0.0463196076
-0.0496308021
-0.0515899882
0.0243269429
0.0589197204
0.0355638601
-0.0463892110
0.0026087360
-0.1069347039
-0.0192605145
0.0293055158
0.0540413335
-0.0585159250
0.0562181287
0.0101155303
0.0023500975
-0.0420310013
-0.0786094740
0.0172110312
-0.0319272205
0.3758027256
0.0721923187
-0.0339765176
-0.0913930237
-0.0251600090
0.0119037963
-0.0302408077
-0.0287829787
-0.0103945388
-0.0175338015
-0.0052304980
-0.0051887040
0.1371608973
0.0355960727
-0.0330531374
-0.0182171278
0.0767933726
0.0130248284
-0.0353010111
-0.0037659120
-0.1126354188
-0.0275044180
0.0112734372
0.0254878104
-0.0222761873
0.0808270723
-0.0020204668
-0.0051818565
-0.0155548668
-0.0030159389
0.0018227402
0.0115909157
-0.0140093043
-0.0037338536
-0.0196541175
0.0393381715
0.6005313993
0.0455783270
-0.1556557864
-0.0114067700
-0.0084745130
0.3528193235
-0.0143219912
-0.0338670872
0.3618867695
-0.0512085296
0.0610381663
0.1552698463
0.0595874637
0.0709944293
0.0000469500
0.0929301232
0.0090032620
0.1043048501
0.2665114999
0.0344597735
0.2896732390
0.1395757943
0.0343547314
-0.0437421650
-0.0725251734
-0.6943547130
0.0325516611
0.0096690990
0.8435624838
0.0683421865
0.0249219183
0.1370245665
-0.0461198725
0.0114809191
-0.0442389138
0.1432579607
-0.0187155642
0.0972069353
-0.0303944666
0.1307367235
0.1973775774
0.2253931761
-0.1446420401
-0.1080303192
0.2196676135
0.0163987819
-0.0358175151
0.0288998894
-0.5866599083
-0.0017272612
-0.0176101383
-0.0244279373
0.2402607203
0.1707672328
0.0050406544
0.0691192970
0.0341508761
-0.0114580030
0.0796817094
-0.0076263007
-0.0327499658
-0.0026283227
0.0578187108
-0.1115569845
0.5151898861
-0.0268517807
-0.2898930013
0.0120750507
0.0058288798
0.3480866849
-0.0013517514
-0.0457762852
0.1573295295
-0.1810511202
-0.0948482603
0.0695368871
0.2226590812
0.1483456790
0.0051844651
0.1043612808
0.0149181029
-0.0217185766
0.0401735976
0.0546679236
0.3142487407
0.2132582664
-0.0080619259
-0.0460299961
-0.0995038673
-0.6528570652
0.0278388169
0.0180924647
0.9014034867
0.0267872754
0.0012315126
0.2995886803
-0.0157271717
0.0102093481
-0.0477611683
0.1406428963
-0.0217919294
0.0162767265
-0.0460502505
0.2048094422
0.5818555355
0.2504644692
-0.1584025025
-0.0812646747
0.2961296737
0.0131617617
-0.0505719446
0.0078154178
-0.5298606157
0.0052540926
-0.0307035390
-0.0165725406
0.2010974586
0.3303194940
0.1054227874
-0.0424569882
0.0223779827
0.0893298909
0.0845335722
0.0108173713
-0.0353402160
-0.0709095374
0.0534382574
-0.0459091179
0.0757872388
0.0044985940
-0.1434535086
0.0060780235
0.0425018035
0.0689425766
-0.0323590636
0.0044728802
0.1742722988
-0.0869554505
-0.0454314612
0.0921389088
0.1645800173
0.0240882244
-0.0407847874
0.0230463166
-0.0828040913
-0.0718459785
0.0474060141
0.0495818965
-0.0077183447
0.0967763066
0.0031940618
0.0155650610
-0.0545906462
-0.3376621902
0.0244069826
-0.0229099020
0.6023532152
0.0659290254
-0.0285431482
-0.0348475426
-0.0223230850
0.0101235919
-0.0223613176
0.0281874016
-0.0138912844
-0.0265062004
-0.0021469907
0.1422270834
0.3582445681
0.1268625855
-0.0562530793
-0.0098054074
0.1068513393
0.0028929964
-0.0488556512
-0.0283429753
-0.3114623427
-0.0187008772
0.0012874545
0.0236510392
0.0473401658
0.0980841443
0.0378017388
0.0026799222
-0.0050794692
0.0306712911
0.0296870116
0.0126425857
-0.0223132614
-0.0157444086
0.0043732231
-0.0603349395
0.2614100575
-0.0329800621
-0.1603989005
0.0037748525
0.0332709737
0.1116914526
-0.0372066163
-0.0928370878
0.1225945652
-0.1209566370
-0.0724735260
0.0531814098
0.1420174688
0.0391426384
-0.0326426290
0.0328488313
-0.0975240245
-0.0416377373
0.0569330342
0.0575172603
0.0623004064
0.0914428383
0.0022716122
0.0027677962
-0.0615286678
-0.3461444676
0.0181054659
-0.0144236824
0.6163644195
0.0137823122
-0.0255747661
-0.0083121378
-0.0404202379
0.0098781781
-0.0252826717
0.0232792012
-0.0163411703
0.0107908500
-0.0159611125
0.1228316203
0.3203321993
0.1694661379
-0.0561706088
-0.0273833945
0.2006656229
0.0090231551
-0.0549600348
0.0069288258
-0.3203342557
-0.0197239444
0.0028937063
0.0169793852
0.0756768137
0.1272381246
0.0408740006
-0.0045947679
-0.0012550619
0.0215807352
-0.0007726451
0.0158132464
-0.0281453207
-0.0180132296
0.0094858846
0.0160664339
0.2775117457
-0.0462028012
-0.1221960932
0.0081763798
0.0404996499
0.1050113663
-0.0417593531
-0.1254405081
0.0474930108
-0.0974213555
-0.0608727112
0.0038315079
0.0766406208
0.0235733371
-0.0338265114
0.0076311468
-0.1122047007
0.0172310844
0.0461917482
0.0592944100
0.0240342524
0.0484561212
0.0111024817
-0.0014280290
-0.0522732139
-0.2357237637
0.0174247678
-0.0208897330
0.4758033454
-0.0115638291
-0.0198588930
-0.0292506646
-0.0273554064
0.0166457612
-0.0260180607
0.0159647930
-0.0145635707
-0.0023820216
-0.0227651298
0.0481337234
0.1288841069
0.1427703202
-0.0324278474
-0.0271912254
0.1795073897
0.0191047043
-0.0481226780
0.0075659035
-0.2247014791
-0.0286316425
0.0137202200
0.0144606018
0.0844329074
0.1045234874
0.0229580048
0.0089556249
-0.0081114294
0.0193029698
-0.0193619914
0.0130517315
-0.0213189945
-0.0143456049
-0.0065519530
0.0570255928
0.1054834872
-0.0302772336
-0.0704120547
0.0144179342
0.0511804707
0.0779459625
-0.0359605514
-0.0748721808
-0.0191841684
-0.0582972877
-0.0527781881
-0.0170821846
0.0396790132
0.0107235108
-0.0392313376
-0.0204534661
-0.1055051312
-0.0037200758
0.0411525182
0.0507831611
-0.0659176186
0.0419147946
0.0120965466
-0.0026048892
-0.0385835245
-0.0814556032
0.0168537647
-0.0297465771
0.2500790358
-0.0098183313
-0.0238251090
-0.0446534380
-0.0206907969
0.0200452991
-0.0296162814
0.0156828146
-0.0142780431
-0.0554793440
-0.0142399585
-0.0142510654
0.0054071806
0.0813624486
-0.0277017504
-0.0119217401
0.0941844732
0.0205479432
-0.0407594778
-0.0122583937
-0.0775938332
-0.0269187540
0.0169655271
0.0209939592
0.0343623497
0.0851094425
0.0111169517
0.0035762354
-0.0178798921
0.0087812068
-0.0225672703
0.0085724834
-0.0131461332
-0.0121633904
-0.0134124681
0.0949591324
0.1005906984
-0.0152215641
-0.0662344024
0.0174838901
0.0572871193
0.1218164861
-0.0323366821
-0.0626615137
-0.0143312439
-0.0567314625
-0.0501728430
-0.0106795151
0.0504425280
0.0030886070
-0.0367880091
-0.0060467115
-0.0965928733
0.0064787949
0.0571197979
0.0447669998
-0.0852831677
0.0381242409
0.0104209902
-0.0041468441
-0.0377945751
-0.0762678012
0.0165672619
-0.0250247624
0.2323816717
0.0030291115
-0.0186023377
-0.0207421500
-0.0256248470
0.0186652802
-0.0300608054
0.0237135161
-0.0134953931
-0.0683602318
-0.0150973788
-0.0309563279
-0.0184655041
0.0807196721
-0.0200929027
-0.0131852441
0.0862469971
0.0197702777
-0.0406048894
-0.0123152174
-0.0795071498
-0.0256287791
0.0155587802
0.0173407942
0.0626884550
0.0903923661
0.0109916758
0.0060599442
-0.0216800421
0.0118092615
-0.0215859357
0.0080818981
-0.0119958706
-0.0139238955
-0.0153562902
0.1000926122
-0.0833393484
-0.0107970741
-0.0574968196
0.0208279286
0.0668744370
0.0749452040
-0.0314847752
-0.0053201606
-0.0002846862
-0.0449555255
-0.0390466079
-0.0083080065
0.0219775625
0.0119670285
-0.0415115096
-0.0162297562
-0.0840671882
-0.0843813866
0.0470832177
0.0388776995
-0.1420879811
0.0190143865
0.0070739286
0.0010907457
-0.0322995558
0.0103446823
0.0174749754
-0.0274871998
0.1914177388
-0.0183244105
-0.0273168460
-0.0487491824
-0.0100385733
0.0163636282
-0.0341764353
0.0263377689
-0.0179397650
-0.0919730514
-0.0071344203
-0.0436191261
-0.0753489062
0.0440247245
-0.0319971927
-0.0063821217
0.0401390903
0.0213222466
-0.0400330313
-0.0421849005
-0.0347744375
-0.0195562635
0.0153047321
0.0270748753
-0.0061532008
0.1091852188
0.0092445323
-0.0065369061
-0.0244220141
-0.0018789228
-0.0120486291
0.0078331409
-0.0104934378
-0.0060363142
-0.0213464871
0.0380698107
-0.0659090653
-0.0314751901
-0.0805862769
0.0173506048
0.0406209789
0.0387666076
-0.0413756929
-0.0170130543
0.0522571430
-0.0452252775
-0.0411830284
0.0080254180
0.0475594513
0.0131221926
-0.0400992483
0.0122445729
-0.1049088985
-0.0638554394
0.0570720173
0.0480649583
-0.0833788514
0.0238802806
0.0134512745
0.0018834493
-0.0368990377
-0.0383359268
0.0199123956
-0.0271563940
0.2727258503
-0.0222091824
-0.0287397746
-0.0970268548
0.0086037135
0.0154517898
-0.0321229249
-0.0102827260
-0.0137539320
-0.0484178178
-0.0048507438
-0.0307059642
0.0072777891
0.0843605921
-0.0170074534
-0.0117678968
0.0851549134
0.0214893650
-0.0399306342
-0.0291277859
-0.1156954318
-0.0220670737
0.0149749285
0.0257807802
-0.0233541932
0.1239706874
0.0164604783
-0.0047655315
-0.0222913548
-0.0083241006
-0.0047446922
0.0137508502
-0.0178800579
0.0081099058
-0.0178574342
0.0626889914
-0.0823438913
-0.0153598534
-0.0359962694
0.0126387766
0.0550909229
0.0698190406
-0.0341066420
0.0054366561
-0.0456722341
-0.0415265560
-0.0431924202
-0.0131041501
0.0252498277
0.0220960341
-0.0421082750
-0.0124496231
-0.0755885318
-0.0622077584
0.0182675477
0.0435784683
-0.1192840785
0.0369520076
0.0072173709
0.0034661414
-0.0302225426
0.0170284901
0.0132584255
-0.0340013355
0.1544146836
0.0031720216
-0.0287174620
-0.0639286265
-0.0009435115
0.0175200664
-0.0326099917
0.0132863820
-0.0150554422
-0.0756903142
-0.0116308853
-0.0509492569
-0.0944225267
0.0099328030
-0.0358541235
-0.0008477105
0.0134361777
0.0201201104
-0.0415825434
-0.0276896879
0.0072937920
-0.0211943462
0.0163380466
0.0263509676
-0.0489055701
0.0906989798
0.0045610373
-0.0129256779
-0.0223344490
0.0025759218
-0.0103600202
0.0056668902
-0.0127741266
-0.0074055884
-0.0261217374
0.0601089932
-0.0495405681
-0.0356269293
-0.0539091900
0.0111873886
0.0608443394
0.0331963934
-0.0341120660
-0.0063444632
0.0264685657
-0.0438026302
-0.0440032184
0.0184538998
0.0302505028
0.0335586369
-0.0426681787
0.0065951967
-0.0953429788
-0.0719676390
0.0331491418
0.0467535928
-0.0825719461
0.0380128771
0.0080829021
0.0013060652
-0.0322459787
0.0046115378
0.0182941407
-0.0309427530
0.2018261999
-0.0104082907
-0.0310389083
-0.0614649132
-0.0157602094
0.0195592437
-0.0288321134
-0.0356568433
-0.0158517417
-0.0603138916
-0.0076061245
-0.0649515092
-0.0409096070
0.0380258746
-0.0307309274
-0.0139061473
0.0582982451
0.0219501927
-0.0427478626
-0.0224502776
-0.0351110548
-0.0242211111
0.0151311634
0.0218274500
-0.0392955914
0.1122691408
0.0139144631
-0.0178996380
-0.0220208783
0.0145024275
0.0043222327
0.0084932558
-0.0148065947
-0.0000710361
-0.0120462906
0.0113639003
-0.1686406136
-0.0124205630
-0.0396756046
0.0058050165
0.0348890945
-0.0008848776
-0.0309253875
0.0329526551
0.0137449801
-0.0455385223
-0.0457091182
0.0202054735
0.0320754200
0.0371973589
-0.0434584655
-0.0110423025
-0.0785427615
-0.0662878230
0.0198058039
0.0454017557
-0.0958206505
0.0440087132
0.0096438704
0.0032695390
-0.0302431900
0.0277348366
0.0121821035
-0.0371369049
0.1616309732
0.0278804582
-0.0296453852
-0.0871226788
-0.0034146430
0.0155646605
-0.0322331674
-0.0277474858
-0.0113689424
-0.0549090356
-0.0069316258
-0.0683931410
-0.0317699835
-0.0084967781
-0.0297881458
-0.0142397517
0.0186760742
0.0176463146
-0.0385370292
-0.0156783536
-0.0357603543
-0.0260285046
0.0141401952
0.0244089607
-0.0796620175
0.0800209939
-0.0114058461
-0.0152996341
-0.0235292222
-0.0041451198
-0.0050266599
0.0102736838
-0.0114460485
-0.0030132337
-0.0232757181
0.0137785189
-0.0688934252
-0.0219756700
-0.0337240212
0.0057708258
0.0313598476
0.0076799328
-0.0351852253
-0.0028817074
-0.0102221379
-0.0566042438
-0.0417112820
0.0125955548
0.0377982073
0.0287510604
-0.0459690616
-0.0241053421
-0.0893189982
-0.0167289209
0.0128843281
0.0504933819
-0.0916902721
0.0411258191
0.0098355049
0.0027231555
-0.0300193019
-0.0013866230
0.0108426800
-0.0370817855
0.2061680555
0.0147306947
-0.0316273123
-0.0774832293
-0.0103178835
0.0157865211
-0.0322386511
-0.0178847238
-0.0114266817
-0.0448805355
-0.0150439506
-0.0667661577
-0.0433066674
-0.0034264023
-0.0262591038
-0.0156850684
0.0464585051
0.0201608725
-0.0387518331
-0.0000064273
-0.0430626422
-0.0258775111
0.0122430222
0.0234720800
-0.0409831181
0.0604029037
-0.0077979364
-0.0029515396
-0.0212563202
0.0013670211
-0.0100307679
0.0097056786
-0.0123865269
0.0011806784
-0.0232398864
0.0030912533
-0.1577377915
-0.0031054697
-0.0307786837
0.0021353946
0.0196204241
0.0074149501
-0.0309806280
0.0399534889
-0.0301347654
-0.0533441715
-0.0464444011
0.0052496800
0.0285726637
0.0478699431
-0.0436925292
-0.0180551261
-0.0679796487
-0.0634026900
0.0003765290
0.0461204574
-0.0976293683
0.0491202474
0.0074581923
0.0052796300
-0.0273846220
0.0123550156
0.0077302060
-0.0441449098
0.1972845495
0.0181156863
-0.0313799046
-0.0827107430
-0.0000459823
0.0156458430
-0.0330918692
-0.0104196826
-0.0117627615
-0.0422469713
-0.0135454778
-0.0654343292
-0.0821183845
-0.0248977579
-0.0276639387
-0.0135988090
0.0015849128
0.0187334176
-0.0389612168
-0.0128837992
-0.0293636583
-0.0258537643
0.0142668309
0.0265275296
-0.0968247727
0.0640953779
-0.0223590173
-0.0072324043
-0.0230805688
-0.0005119035
-0.0130046718
0.0087309862
-0.0133550763
-0.0065384707
-0.0285396576
0.0277969968
-0.1616092175
-0.0228984747
-0.0376037508
0.0065406975
0.0396774113
-0.0053029014
-0.0321169980
0.0187520999
0.0134015270
-0.0663163587
-0.0433406681
0.0190523434
0.0314591341
0.0431343429
-0.0433885790
-0.0180016700
-0.0842186883
-0.0735977441
0.0217730366
0.0439800099
-0.0982508063
0.0302168671
0.0110076070
0.0036822110
-0.0329545476
0.0329399258
0.0102750137
-0.0383919924
0.2665420473
0.0061826101
-0.0291296765
-0.0860932097
-0.0067722276
0.0125356512
-0.0318587385
-0.0076730116
-0.0161786582
-0.0621569641
-0.0108747846
-0.0620704070
-0.0584381670
-0.0086308494
-0.0142400367
-0.0126542766
0.0314854831
0.0246291719
-0.0388579555
-0.0181229971
-0.0730541721
-0.0243013464
0.0166882984
0.0232221261
-0.1004208624
0.0882185251
0.0020811637
-0.0022855706
-0.0228736680
-0.0012650293
-0.0179565176
0.0124073979
-0.0119067198
-0.0006340881
-0.0296999607
0.0688783452
-0.0889624953
-0.0165407062
-0.0443255343
0.0077044382
0.0318952538
0.0527024195
-0.0310691241
0.0008708517
-0.0453646854
-0.0412895344
-0.0453209616
-0.0127459997
0.0143704424
0.0251422692
-0.0405447483
-0.0039738878
-0.0904075131
-0.0433892459
0.0162607320
0.0414558947
-0.1056654304
0.0374373123
0.0049403124
0.0002056009
-0.0292567983
0.0093566626
0.0101094423
-0.0329562090
0.1865756065
0.0131113473
-0.0250951871
-0.0574533753
-0.0006187952
0.0114421602
-0.0323804505
0.0299336649
-0.0147566348
-0.0729386881
-0.0104920901
-0.0578564554
-0.0607520007
0.0263339728
-0.0198529176
-0.0062641553
0.0180700161
0.0199833084
-0.0362678729
-0.0301356800
0.0010434459
-0.0260369163
0.0160112772
0.0223277900
-0.0286344495
0.0917615220
-0.0109533416
-0.0076594478
-0.0216581672
0.0022037509
-0.0148124471
0.0096446732
-0.0107115619
-0.0073107677
-0.0265267547
0.0398713425
-0.2558676898
0.0039209882
-0.0344872586
0.0042438731
0.0221884716
0.0182953104
-0.0290453490
0.0715533793
-0.0315807238
-0.0476599559
-0.0422471687
0.0016842280
0.0308440216
0.0510014482
-0.0400904752
-0.0050330348
-0.0566162579
-0.0831111223
0.0025669679
0.0387358665
-0.1180919334
0.0399995930
0.0090383552
0.0067175836
-0.0257016197
0.0576756708
0.0034320487
-0.0407515280
0.1778074205
0.0379434302
-0.0247218087
-0.0810735449
0.0057532112
0.0129420375
-0.0339102037
-0.0077762268
-0.0123287253
-0.0538256355
-0.0101912580
-0.0607769080
-0.0851181597
-0.0422767065
-0.0137430634
-0.0152743896
-0.0173712615
0.0196456574
-0.0363598913
-0.0240598414
-0.0299269967
-0.0279585086
0.0159700811
0.0213499181
-0.1338497251
0.0843748972
-0.0267231725
-0.0124637438
-0.0263470970
0.0034881665
-0.0249674451
0.0119155869
-0.0126378741
-0.0051032994
-0.0423249193
0.0496455394
-0.0827635676
-0.0213930104
-0.0454498194
0.0075316625
0.0411283299
0.0475060008
-0.0363025144
-0.0107133267
-0.0166137181
-0.0578725524
-0.0497880019
-0.0027049682
0.0317111090
0.0350056291
-0.0425239429
-0.0065571778
-0.0847154111
-0.0627249926
0.0174760912
0.0460206866
-0.1075913012
0.0208256785
0.0092297886
0.0031033959
-0.0297346804
0.0151557047
0.0116940634
-0.0355662778
0.2672330737
-0.0184460841
-0.0291119274
-0.0683392510
-0.0148503650
0.0181404334
-0.0324648805
-0.0091992030
-0.0159474686
-0.0562428087
-0.0169851650
-0.0729177669
-0.1245291755
0.0012779763
-0.0314587727
-0.0037464404
0.0435211547
0.0238889866
-0.0402736329
-0.0119109349
-0.0515097976
-0.0238333810
0.0164835677
0.0226389226
-0.0683840141
0.0938816816
0.0000463702
-0.0113015808
-0.0222112108
0.0106707532
-0.0184529051
0.0081300437
-0.0143540855
-0.0053649694
-0.0259734318
0.0621221885
-0.0783987120
-0.0282465648
-0.0392679460
0.0095797824
0.0627469048
0.0425073877
-0.0366096646
-0.0254979506
-0.0134478137
-0.0526306592
-0.0553195439
0.0011175282
0.0252163857
0.0338558853
-0.0418194346
-0.0040657790
-0.0931126475
-0.0483412631
0.0254145376
0.0483295284
-0.1080593318
0.0224059690
0.0108149014
0.0006012186
-0.0303224046
0.0491555966
0.0142343845
-0.0312153772
0.2098168284
-0.0006461925
-0.0290808789
-0.0664441139
-0.0216094982
0.0200529750
-0.0331438594
-0.0282684490
-0.0146052325
-0.0615366884
-0.0140504157
-0.0820013955
-0.1321697980
-0.0063092182
-0.0426998660
-0.0045802766
0.0474703088
0.0226068366
-0.0405370854
0.0039861556
-0.0194498990
-0.0255260002
0.0161843318
0.0207159817
-0.0764316171
0.0973544791
0.0056873937
-0.0225062072
-0.0230338089
0.0144704720
-0.0131394360
0.0079869898
-0.0140058119
-0.0038593691
-0.0274529234
0.0762909278
-0.1138649806
-0.0162402391
-0.0460465699
0.0142763648
0.0619734228
0.0698010102
-0.0341997929
-0.0133341393
-0.0169348754
-0.0317282937
-0.0624227598
-0.0066627772
0.0253603570
0.0387297347
-0.0399897210
0.0109262066
-0.0989890248
-0.0665442869
0.0322305262
0.0421295315
-0.1230237931
0.0153858587
0.0056352299
-0.0004496244
-0.0307414625
0.0553420559
0.0155813405
-0.0322178081
0.1648361236
-0.0006403445
-0.0311334468
-0.0702300221
-0.0173336957
0.0186798684
-0.0336492769
-0.0179740824
-0.0174599402
-0.0870910585
-0.0060560722
-0.0602330342
-0.0898597986
-0.0034550102
-0.0299945157
0.0043611526
0.0247812532
0.0222946703
-0.0400273241
-0.0300837383
-0.0016179999
-0.0248214081
0.0164500047
0.0235113595
-0.0746556446
0.1357130706
0.0090920227
-0.0359489284
-0.0251709819
0.0052189594
-0.0063585467
0.0077000367
-0.0126667991
-0.0101141753
-0.0322663374
0.1307559311
-0.1297326684
-0.0259212349
-0.0376654938
0.0245188121
0.0953705758
0.0606951639
-0.0322498009
-0.0272044148
-0.0324879549
-0.0422315039
-0.0525162518
-0.0257850010
0.0018558986
0.0334602408
-0.0370753072
-0.0220030546
-0.1068315357
-0.0785807967
0.0650956705
0.0375862680
-0.1415993422
-0.0048196418
0.0121644391
-0.0050511612
-0.0339628831
0.0928401947
0.0146385841
-0.0262050461
0.1904086173
-0.0080484729
-0.0264169630
-0.0562322922
-0.0241453853
0.0142578101
-0.0363282897
0.0152984336
-0.0214859322
-0.1108764634
-0.0026019358
-0.0523723215
-0.0861169249
0.0209477525
-0.0241660289
0.0036025599
0.0498354658
0.0224802755
-0.0360603854
-0.0204999857
0.0047941101
-0.0220157523
0.0163959879
0.0232096892
-0.0722047612
0.1287319213
0.0220560879
-0.0219046455
-0.0259812698
0.0049454113
-0.0229336377
0.0112688681
-0.0093201827
-0.0080579706
-0.0374273770
0.1003950909
-0.0963082984
0.0101853069
-0.0212318674
0.0205257181
0.0489869304
0.0799880773
-0.0243222434
0.0096830130
-0.1029529124
-0.0333290882
-0.0520775765
-0.0257468279
0.0102947010
0.0030202055
-0.0402601734
-0.0229868758
-0.0919400007
-0.0572435372
0.0437668636
0.0304449834
-0.1642770320
0.0187210515
0.0080713788
-0.0008177586
-0.0270939115
0.0227167923
0.0117499121
-0.0304609369
0.0474993028
0.0031433017
-0.0210731924
-0.0324720964
0.0067760455
0.0151115488
-0.0369198956
0.0562544912
-0.0205398016
-0.1467468292
-0.0040366589
-0.0151299071
-0.0462847315
0.0521114804
-0.0037802898
0.0033973218
-0.0038426658
0.0168112852
-0.0358190909
-0.0375906117
0.0453237519
-0.0239386559
0.0145938993
0.0323623940
0.0257987250
0.0951942503
0.0024448680
-0.0102654882
-0.0227588303
0.0112669589
-0.0272269398
0.0051640174
-0.0021760897
-0.0077710897
-0.0225419365
0.0706992447
-0.0333004333
0.0096419007
-0.0443659462
0.0179316290
0.0255145077
0.0976637825
-0.0307777040
0.0071820407
-0.0426988974
-0.0396171883
-0.0312575474
0.0037861778
0.0550101548
-0.0062164282
-0.0422272906
-0.0084407944
-0.0706744418
-0.0468743891
0.0544493496
0.0394033343
-0.0965871587
0.0421374589
0.0008450510
0.0057874951
-0.0315976031
-0.0740669891
0.0145568075
-0.0318648741
0.1125495955
-0.0212684646
-0.0271160956
-0.0383858196
0.0151398666
0.0103148008
-0.0289346017
0.0636874437
-0.0149805499
-0.1047579795
-0.0072928746
-0.0040779943
0.0123187359
0.0923722610
0.0057615731
-0.0048636557
0.0227039624
0.0194981899
-0.0422436967
-0.0472429767
-0.0335831791
-0.0233906265
0.0135091227
0.0321811810
0.0787665471
0.0911769718
0.0170621742
0.0033675192
-0.0232270043
0.0134579064
-0.0131484754
0.0075100325
-0.0079699820
-0.0000084538
-0.0123937810
0.1001450047
-0.0993471071
-0.0016258882
-0.0347081386
0.0129984058
0.0618413016
0.0582426861
-0.0298040584
0.0025432853
-0.0711168647
-0.0510439165
-0.0432585143
-0.0049736216
0.0044765840
0.0170548614
-0.0445291065
-0.0306505617
-0.1061581820
-0.0812272280
0.0440897197
0.0366910174
-0.1515233070
0.0271678232
0.0106417947
0.0020660199
-0.0233576037
0.0594097599
0.0114543745
-0.0294926334
0.0866564214
-0.0084221717
-0.0252870135
-0.0740225390
-0.0103166690
0.0183873493
-0.0353629328
0.0126283159
-0.0191697869
-0.1201037019
-0.0101234261
-0.0782246366
-0.0771495551
0.0376272537
-0.0045989053
-0.0058443611
0.0103284596
0.0185204912
-0.0399753116
-0.0326223187
0.0527611449
-0.0256260168
0.0167551562
0.0331139266
0.0047389762
0.0913266167
-0.0150369769
-0.0096489107
-0.0259937532
-0.0021904707
-0.0213620495
0.0060099661
-0.0011782992
-0.0140004270
-0.0107867606
0.0802230984
-0.0346995853
-0.0212347470
-0.0359095037
0.0098891538
0.0613279678
0.0637379959
-0.0346257165
-0.0319190286
-0.0189127829
-0.0395242460
-0.0456734598
-0.0116451168
0.0210792385
0.0146786720
-0.0436345302
-0.0025905899
-0.1107454747
-0.0292851161
0.0234138481
0.0414122082
-0.1358108222
0.0207908042
0.0049282294
-0.0009806890
-0.0254338142
0.0380236730
0.0137007134
-0.0298397094
0.1632017940
-0.0177381448
-0.0308344923
-0.0395486616
-0.0304584503
0.0187083092
-0.0342899263
-0.0006591823
-0.0191368666
-0.0952660516
-0.0120686973
-0.0760156214
-0.0894295722
0.0210782737
-0.0369692482
-0.0008439945
0.0394677222
0.0209994111
-0.0382953286
-0.0294661317
-0.0003115276
-0.0242917221
0.0135943862
0.0254624635
-0.0203849506
0.1045646816
-0.0014288222
-0.0159193128
-0.0235171057
0.0082912873
-0.0090393526
0.0058154906
-0.0087228939
-0.0022147156
-0.0221370328
0.0129572283
-0.1276024282
0.0146597810
-0.0393800698
0.0052151354
0.0160403699
0.0685595796
-0.0338144302
0.0343496092
-0.0343792848
-0.0385226645
-0.0183459911
-0.0186235867
0.0351428688
0.0252442379
-0.0418064147
-0.0008969530
-0.0562133826
-0.0540225841
-0.0022883429
0.0401978493
-0.1190037206
0.0415444262
0.0004564878
0.0083177416
-0.0185922775
-0.0040656500
0.0082632350
-0.0435433909
0.0780795217
-0.0348893031
-0.0289512966
-0.0349295028
0.0152792307
0.0183502622
-0.0334543772
0.0347293727
-0.0140274568
-0.0521011762
-0.0133321444
-0.0523976684
-0.1357859075
-0.0021295771
-0.0250393283
-0.0055804239
-0.0118243471
0.0198619273
-0.0407502875
-0.0459024236
0.0097635416
-0.0219554696
0.0160381049
0.0230935905
-0.0530889109
0.0924393013
-0.0251743440
-0.0036105788
-0.0226444062
0.0086430274
-0.0159256104
0.0063780756
-0.0103015704
-0.0037786660
-0.0207467303
0.0374465622
-0.0206439774
-0.0325759612
-0.0485254489
0.0076305773
0.0639443472
0.0337115712
-0.0366005152
-0.0253294520
-0.0272279121
-0.0626115426
-0.0427663550
0.0061628991
0.0309607480
0.0303021763
-0.0446906798
-0.0209717229
-0.1200064942
-0.0398604013
0.0319707170
0.0477714390
-0.1128817648
0.0335978158
0.0074608373
-0.0012547192
-0.0284223706
0.0255737267
0.0136941969
-0.0314521231
0.1711619049
-0.0209700782
-0.0333817303
-0.0665756986
-0.0325514078
0.0185999274
-0.0346724242
-0.0095041431
-0.0203826129
-0.0823607370
-0.0125090741
-0.0640383139
-0.0282669123
0.0166053195
-0.0312839188
-0.0056999261
0.0759466290
0.0214459468
-0.0393550098
-0.0089600226
-0.0083819963
-0.0233192146
0.0126956385
0.0248071328
-0.0185766220
0.0930423513
0.0086464304
-0.0120214252
-0.0189907067
-0.0001123779
-0.0124993790
0.0073977378
-0.0082554268
-0.0005253382
-0.0113040162
0.0159444418
-0.0238889512
-0.0181243159
-0.0266171508
0.0039131986
0.0519113466
0.0380137041
-0.0367948897
-0.0285259709
-0.0487387776
-0.0503214374
-0.0477420129
-0.0035143420
0.0270240773
0.0353133902
-0.0442167632
-0.0154020721
-0.1061039120
-0.0369063839
0.0161031634
0.0489991568
-0.1002696976
0.0387839302
0.0080076428
-0.0001308134
-0.0248498414
0.0253385007
0.0108784530
-0.0366439968
0.1258912086
-0.0217067804
-0.0342091881
-0.0605320707
-0.0243965704
0.0212547556
-0.0354173928
-0.0098770522
-0.0182061549
-0.0715270564
-0.0149830841
-0.0725669935
-0.0955645368
-0.0004903719
-0.0498020761
-0.0034811175
0.0508223884
0.0201726370
-0.0408526622
-0.0011928481
0.0164179299
-0.0231706575
0.0142335752
0.0263966005
-0.0516676567
0.0845715925
0.0004478233
-0.0195809677
-0.0198879279
0.0097764572
-0.0113982912
0.0047164168
-0.0111228209
-0.0023554848
-0.0157498438
0.0408336222
-0.2466625869
0.0081697321
-0.0351398103
0.0076725986
0.0211419221
-0.0210223477
-0.0237082820
0.0988520607
0.0076274378
-0.0456272773
-0.0522315651
0.0227702633
0.0499615148
0.0468945839
-0.0412447937
-0.0226035994
-0.0798450634
-0.0955937430
0.0009208141
0.0351973400
-0.1136999056
0.0458591059
0.0021262241
0.0083733974
-0.0297439732
0.0140530104
0.0131650195
-0.0458465628
0.1303720176
0.0278474223
-0.0257133394
-0.0751088634
0.0057323109
0.0061250711
-0.0304416046
0.0194091760
-0.0172178634
-0.1031806245
-0.0034376069
0.0006953625
0.0258629303
0.0003062296
0.0172544960
-0.0138275195
-0.0303829350
0.0169603415
-0.0400940329
-0.0670716017
-0.0224124473
-0.0296264272
0.0155689856
0.0332197845
-0.0802214295
0.0729741752
-0.0164718386
0.0069874697
-0.0252968930
0.0027242175
-0.0046407590
0.0103780124
-0.0030481000
-0.0102804154
-0.0487566665
0.0543143600
-0.0305654500
-0.0195703767
-0.0481591597
0.0067630154
0.0438906029
0.0732153058
-0.0359061882
-0.0025499577
-0.0571584329
-0.0407063887
-0.0318449028
-0.0091298167
0.0481542796
0.0104850028
-0.0400604047
0.0003693014
-0.0929444209
-0.0277778301
0.0174492765
0.0405644290
-0.1046288386
0.0550792627
0.0054020449
0.0026121009
-0.0262914002
-0.0118622510
0.0129996203
-0.0342647918
0.0434204526
-0.0297340341
-0.0264744423
-0.0569249094
-0.0016501347
0.0126601597
-0.0305436160
0.0299932100
-0.0159229022
-0.0919496790
-0.0097847516
-0.0306700692
-0.0062414440
0.0621323921
0.0039712754
-0.0090502296
0.0298270248
0.0194411650
-0.0379434936
-0.0437394902
0.0056167827
-0.0217526350
0.0162096471
0.0272301380
0.0279333554
0.0879227519
0.0033614789
-0.0052169557
-0.0204036366
0.0077787191
-0.0126154358
0.0065818834
-0.0050804499
-0.0003200435
-0.0135293789
0.0889768749
0.0211175550
-0.0174455196
-0.0383435190
0.0098284688
0.0541838221
0.0723604858
-0.0349430181
-0.0413141921
-0.0256150272
-0.0353434794
-0.0470114276
-0.0052612280
0.0549657568
-0.0003517075
-0.0416198000
-0.0053835176
-0.1107281968
-0.0147997420
0.0099129546
0.0390427969
-0.1168682054
0.0435472727
0.0003947654
-0.0011667456
-0.0239337087
0.0099961022
0.0122856041
-0.0296489708
0.0292889401
-0.0021927301
-0.0279838331
-0.0306845959
-0.0294044726
0.0155673847
-0.0348150730
0.0045021852
-0.0160942059
-0.1075494662
-0.0093629509
-0.0294132847
-0.0103070140
0.0226809829
-0.0169136580
-0.0071689743
0.0537906997
0.0201922525
-0.0386806093
-0.0281496532
0.0158588979
-0.0259647053
0.0108581213
0.0229083821
0.0484887213
0.0999282673
0.0150251435
-0.0148857059
-0.0225527361
0.0246948265
0.0027979303
0.0045651682
-0.0082801012
-0.0041342415
-0.0190339833
0.0869271234
-0.0148946373
-0.0246630646
-0.0418441445
0.0092391334
0.0513483360
0.0815163702
-0.0369652547
-0.0160139780
-0.0239722971
-0.0202148445
-0.0484035723
-0.0028272921
0.0687835440
0.0037211024
-0.0408889689
0.0108372970
-0.0967344120
-0.0014265823
-0.0089011276
0.0349205732
-0.1554098576
0.0361105092
-0.0025739986
0.0027881260
-0.0217103958
0.0242502894
0.0145030105
-0.0327064879
0.0698928460
-0.0050699175
-0.0288211312
-0.0330479741
-0.0346932672
0.0187518299
-0.0315146409
-0.0339574963
-0.0153917409
-0.0824933052
-0.0107775126
-0.0066400892
-0.0445932746
0.0164803211
-0.0007974242
-0.0033061490
0.0183388516
0.0173533224
-0.0349346511
-0.0378894992
-0.0182786603
-0.0285915807
0.0080563808
0.0183348618
0.0028650295
0.0930876434
-0.0003940162
-0.0238911565
-0.0229079723
0.0266135391
-0.0000958913
0.0019034946
-0.0110582523
-0.0023223073
-0.0181865208
0.0543390848
0.0684342682
-0.0139100291
-0.0618530959
0.0079063121
0.0416797437
0.0969110876
-0.0376444608
-0.0626640394
-0.0790685043
-0.0337987766
-0.0554615594
-0.0231680069
0.0274543036
0.0377958156
-0.0396130681
0.0035828254
-0.1244619489
0.0105358986
0.0618303455
0.0477080531
-0.0972965658
0.0219271183
0.0080556590
-0.0048929574
-0.0275956094
-0.0455895886
0.0117509738
-0.0360736139
0.1520342827
-0.0492839925
-0.0325045437
-0.0309510343
-0.0380041711
0.0210077725
-0.0342425928
0.0031477141
-0.0185144749
-0.0603529178
-0.0116121136
-0.0409381352
-0.0372291468
0.0771546736
-0.0171136353
0.0021011091
0.0820066929
0.0207929444
-0.0373970605
-0.0141908629
-0.0080815433
-0.0250931196
0.0141254142
0.0248365514
0.0223466624
0.1008728370
-0.0024027533
-0.0142185399
-0.0191689879
0.0138108535
-0.0192868281
0.0063036582
-0.0090554589
-0.0082728676
-0.0119396998
0.1106564105
-0.0274491068
-0.0173469372
-0.0520475805
0.0208103899
0.0614307821
0.0926457569
-0.0326038189
-0.0384331979
-0.0363139734
-0.0216922611
-0.0533832237
-0.0284656696
0.0243255571
0.0071505564
-0.0390707441
-0.0188850481
-0.1223500744
-0.0353907272
0.0494902954
0.0347311236
-0.1541002542
0.0117708724
0.0013351107
-0.0050770501
-0.0314085148
0.0301309768
0.0139608970
-0.0274828393
0.1653936207
0.0168816354
-0.0305150431
-0.0448140092
-0.0417694226
0.0121066403
-0.0365522467
0.0367690139
-0.0222929455
-0.1229830831
-0.0014495921
-0.0123889651
0.0510535389
0.0378986001
-0.0257335436
-0.0042964458
0.0698769540
0.0192013364
-0.0352366157
-0.0430805162
-0.0259550605
-0.0264832228
0.0105653880
0.0289396383
0.0255217925
0.1249446571
0.0150071345
-0.0163916629
-0.0226264205
0.0005198613
-0.0154972430
0.0053162221
-0.0092523787
-0.0075999834
-0.0279655959
0.1162794530
0.0531315170
0.0137000848
0.0004543858
0.0271201078
0.0277014133
0.1023540646
-0.0305942129
-0.0394095518
-0.1925630867
-0.0204490088
-0.1038215086
-0.0223424025
-0.0047672940
0.0148018776
-0.0427149124
-0.0297330208
-0.1591459364
-0.0305812452
0.0437035151
0.0405006185
-0.1273814887
0.0053673526
0.0014615192
-0.0088649485
-0.0263853595
0.0017176036
0.0049883067
-0.0187598914
0.0554902256
0.0526036918
-0.0232159514
-0.0772267282
-0.0386447832
0.0319768861
-0.0429614410
0.0465627983
-0.0309951622
-0.1505154520
-0.0074636694
-0.0289496891
0.0507554188
-0.0153742554
-0.0361467041
0.0226548444
0.0842695311
0.0172784496
-0.0433154143
0.0100725321
0.1052867472
-0.0216300599
0.0001144047
0.0269112736
0.0497915000
0.0946458653
0.0183525383
-0.0266333632
-0.0175347719
0.0102476748
-0.0229930449
0.0027662588
-0.0171301328
-0.0063692019
-0.0327737071
