-0.0264943764
-0.1686141789
0.0978812352
0.0091163376
0.0246058311
-0.0031413268
0.0363634117
-0.0157593321
0.0293692648
-0.0016093621
-0.0295734480
-0.2348483056
0.1238359287
-0.0213470012
0.1132697538
0.0223437380
-0.0056963698
0.0159566235
-0.0289701037
0.1306156367
-0.0360249840
0.0292493012
0.0088341814
0.0541436784
0.0195526928
-0.1419240534
0.0421027355
0.2634630203
0.0340182558
-0.1222489923
-0.0316873118
-0.0064908909
-0.0490303934
0.0470527783
-0.0059554004
-0.1241302267
0.0330738686
-0.0087778820
0.0019046956
-0.0069778129
-0.0391475596
0.0092214420
0.0245370977
-0.0053604534
0.0479945056
-0.1289441586
0.1560855061
-0.0868059173
-0.0286070388
0.0288411155
0.0105160046
0.0030453750
0.0188131034
-0.0037255746
0.0073492178
-0.0133988578
-0.0352064110
0.0122756986
0.0303486940
-0.0727906451
-0.0193020888
-0.0074462011
0.0188418701
0.2267193496
-0.0256995857
-0.1264373064
0.1055441126
0.0109764207
0.0304007549
0.0096625704
0.0636426955
-0.0154148750
0.1526953727
0.0021534842
-0.0295427032
-0.3160881698
0.0744164735
-0.0319588222
-0.0945485085
0.0290038195
-0.0332142487
-0.0164549146
-0.0358003266
0.0521712415
-0.0294315945
0.0160024241
0.0254894588
0.0375738889
0.0065339371
-0.1889193207
0.0351772793
-0.0066366787
0.0317879915
-0.1116860732
-0.0392006189
-0.0001267766
-0.0430847481
0.0397897959
-0.0049833790
-0.1002889648
-0.0903243423
-0.0121188192
-0.0031205520
-0.0128608299
-0.0498264842
0.0065082600
-0.0214201119
0.0060951002
0.0354143344
-0.0794930682
0.1304668635
0.0356459431
-0.0008754336
0.0277608577
0.0071306862
0.0074917353
0.0129365111
-0.0045871600
0.0061781895
-0.0166534316
-0.0362924151
0.0115775848
0.0454190597
-0.0747139230
-0.1141101792
-0.0187978391
0.0142724952
0.1814604104
-0.2551338375
-0.4672212899
-0.4478786886
-0.0073564118
-0.2946811616
-0.2177088857
-0.3959619105
0.3925486207
0.0315454789
-0.0625670627
0.0359485745
0.7070961595
-1.2792943716
-0.2779640555
-0.1466216594
-0.2556571066
0.2077936679
0.2351344973
0.3628034592
0.1017793044
0.0432553366
-0.0884574354
-0.1913623065
-0.1412036270
0.3271758258
-0.1301345825
-0.2555493414
0.6283857822
0.4042817056
-0.0402713530
-0.4638753831
-0.0098040188
-0.2286765277
0.3861342669
-0.1960020214
0.3911734819
0.1045651063
0.1663589925
0.1533835381
-0.2847888768
0.0562625118
-0.0104223527
-0.6278418899
-0.0481839515
-0.5351995826
-0.1960969716
-0.2672797441
0.0928444490
-0.4547331035
-0.1966232061
0.4584968984
-0.1287602633
0.1830676496
-0.0420636237
0.0979135931
-0.1490289867
-0.1261301190
-0.2017666250
0.6782442927
0.5192322135
-0.1691974252
-0.0245583411
0.0537221208
0.4119209945
-0.1804238111
-0.3373345137
0.2562744319
-0.1380444914
-0.0709865913
0.0555760637
-0.0828742236
-0.0667608306
-0.1450248808
0.0184819233
0.0162117165
-0.1346692145
0.3116891384
-0.0129136955
0.3324566483
-0.1472463459
-0.0663127378
-0.2493748218
-0.2068571299
0.4270772934
0.2075400352
0.0655295178
0.0883414671
0.3730841875
0.0399457626
0.1923567355
0.2795850337
0.8505275846
0.1273755431
-0.3648968637
0.0027313500
0.1058704406
-0.1613352448
0.0410657488
-0.0322770625
-0.0942019150
0.4071487188
0.0400964729
-0.0424699709
-0.0334467515
-0.2412890345
-0.0043155383
0.1510035992
-0.0377810374
-0.0052431780
-0.0284944046
0.1874660254
-0.1660896242
0.0383513458
0.0267223604
0.1989150494
-0.0164829046
0.0344740041
-0.2598063648
-0.0060359766
0.0008589855
0.0255639981
0.1383321434
-0.2858240008
0.1727776825
-0.0988139659
-0.0529767573
0.0047647478
0.1329090148
-0.0698397830
0.0082914578
0.1754653603
-0.0273392443
0.1008519605
-0.0436590575
-0.0754200667
-0.0078888359
0.0468412004
-0.0498718955
-0.0303464830
0.0865172148
0.0644833893
-0.0306226443
0.0378613807
-0.1518118382
-0.1963573843
-0.1211572140
0.1927421093
0.0053867884
0.0788424835
0.0171815045
0.0121699944
0.1235644594
0.1178862602
-0.1582833081
0.2364349812
0.1466816813
0.0783657804
-0.2693238556
0.0060212482
-0.0408290923
0.0596083477
0.0499638095
0.0325589292
-0.2385384142
0.0118179079
-0.0006035652
0.1336667389
-0.0705510080
0.0438857041
-0.0681822151
0.1794941276
0.0020064567
0.0120617757
-0.3367793858
0.0669181421
-0.1898178011
0.0951530933
0.0383776575
0.0445377901
-0.0270053968
0.0971004069
-0.0952137187
0.0306575801
0.0229898207
-0.0401981622
0.0367886834
0.0031514671
0.0898790285
-0.2735226750
-0.0049528135
-0.0415989943
0.2106272131
-0.0346807837
-0.0887515545
0.0094771590
0.0340878479
0.0706389546
-0.0378279388
-0.0256454758
0.0228075664
0.0786419213
-0.0189893655
-0.0513374619
-0.2242138982
0.0115214232
-0.0815750510
0.0506844893
0.0307392925
-0.0448910892
-0.0590560772
-0.0708854571
-0.0002245212
-0.0087951003
-0.0378002226
-0.0025682778
0.0870989636
0.0391355902
-0.2664873004
0.0443499610
-0.1054421440
0.0456655622
-0.0060910042
-0.0008585600
0.0022720131
-0.0011353916
0.0763708726
-0.0105466712
-0.1158351749
-0.0780634061
-0.0072108074
0.0019284015
-0.0975265875
-0.0349892490
0.0290937480
-0.1798860729
-0.0286840107
0.0677197874
-0.1684017628
-0.0827008635
-0.0471793190
-0.1779575050
0.0617417321
0.0019570692
0.0635000318
0.0055563953
-0.0361655429
0.0358727090
-0.0218793526
-0.0191888679
0.0055552749
-0.0615566187
-0.0763275698
-0.1738047004
-0.0395476520
0.0761208013
0.1085190400
-0.2604407072
-0.4220110476
-0.2804021835
-0.0549671613
-0.1563508362
-0.0570148490
-0.3855536878
0.2460960001
0.3390749097
-0.0581823662
0.0865869448
0.2458885461
-0.7973296642
-0.1421222538
0.1030979753
-0.3008178174
0.1118067950
0.2504162192
-0.0786876380
0.1869574487
-0.0273142550
0.0001349106
-0.2000295222
0.1695736349
0.2217219472
-0.2768191993
-0.0536945909
0.0741892159
0.1474613398
0.4849279821
-0.2135943919
0.1744056642
-0.1540158093
0.3478037119
-0.0380052365
0.2559322417
0.2933184505
-0.0212084800
0.1752476543
-0.1122492999
-0.0166721698
0.3181779087
-0.3155688345
-0.1953702271
-0.0456596985
-0.2416426390
-0.3151140809
-0.1271238178
-0.6781613827
0.0215935167
0.1877728403
0.0091567310
-0.2584599853
0.0207043923
0.2209742665
-0.1125402004
-0.2864405513
-0.0818338767
0.2526211739
0.1255904287
-0.1379626840
-0.2175116390
0.3074020743
0.0908283219
-0.0442528911
0.1824736893
-0.6316331029
-0.5333215594
0.0949611142
0.0476678088
-0.4940911233
0.1588069797
-0.3234589398
-0.0689047724
-0.1285401285
0.7193393707
-0.3394626081
-0.0692700818
0.2572463453
-0.1327760518
-0.0639856011
-0.1829198748
-0.2264420986
-0.0638065711
0.0356153920
-0.1067383885
-0.5587635636
-0.2474819422
-0.1744207144
-1.0909956694
0.1357676983
0.0216297861
0.0016753103
0.3615803421
0.7079751492
-0.2103901058
0.2573141754
0.4852136374
0.2720155418
0.6316933036
-0.1094680056
0.1287647188
0.0254834890
-0.8291844726
-0.4061132669
0.4361074567
-0.0495710261
0.0612840466
-0.0958793834
-0.4011957049
-0.0522734486
-0.8213185072
-0.7274957895
-0.0733359978
0.0618336685
0.4005137980
-0.2640849352
-0.2343071252
0.4244411886
-0.2386101931
-0.0678475201
0.1282841414
0.1778819263
-0.4897851050
-0.1470052451
0.0581765212
0.3288943172
0.1527437270
-0.0708801672
0.4513020515
-0.0981699824
-0.4612590075
-0.0472951457
0.4434318244
-0.2905575931
0.1085364074
-0.3296416998
-0.0270707961
0.0891073495
0.0519890971
0.1669621766
-0.0013321912
0.2665726542
-0.1193007007
-0.4032828510
-0.4005932212
0.0754031017
0.5986397862
-0.0530452169
0.0263035800
-0.0379937217
-0.1525330991
-0.1070685685
-0.1591545939
0.3624694347
-0.3901644349
0.1677717716
-0.1493552625
0.0031266361
-0.1158131585
-0.0335079916
0.3831926286
0.0843868107
-0.0859435722
0.2106391191
-0.0211757272
-0.0348083787
0.0539869741
-0.1848247945
0.1426726580
0.2067431808
-0.0151162166
-0.2036567777
-0.1742543280
-0.0611547753
-0.6767001748
-0.5767545700
0.0141210249
0.0721796229
0.0692680478
-0.0827568993
-0.0437764190
0.1236251742
0.1124948710
0.1665787995
0.0814218074
-0.1461858451
0.0466442555
-0.4285053015
-0.0952577889
-0.0442910492
0.2692228556
-0.0258294195
-0.1262686253
0.1001187041
0.0289805885
0.0306016803
0.0019099792
0.0591352060
-0.0189188216
0.1615137756
0.0026742325
-0.0275940113
-0.3222503960
0.0859424397
-0.0338802077
-0.0992371142
0.0265110228
-0.0386337787
-0.0165692996
-0.0385754034
0.0440753028
-0.0339139290
0.0147767598
0.0326035656
0.0454609469
0.0108360620
-0.2020567358
0.0320456102
-0.0411107168
0.0299071316
-0.1052095816
-0.0364613049
0.0010672995
-0.0431183279
0.0440222658
-0.0058407718
-0.1221545264
-0.0960369855
-0.0144336727
0.0078511378
-0.0077720806
-0.0468353443
0.0027312669
-0.0292233936
0.0098453946
0.0272692759
-0.0615457930
0.1360224783
0.0472709946
-0.0137457512
0.0268666092
0.0092416340
0.0038795923
0.0112623665
-0.0064118993
0.0065267598
-0.0198953059
-0.0357643254
0.0158626866
0.0271280985
-0.0789008960
-0.1129452661
-0.0156213138
0.0113898255
0.1824534982
-0.0251917932
-0.1289963275
0.0984718204
0.0291815251
0.0292399395
0.0000917393
0.0598850884
-0.0192133076
0.1651159376
0.0027541155
-0.0261946097
-0.3199805021
0.0868366063
-0.0343648195
-0.0951569080
0.0288358498
-0.0413924120
-0.0153336292
-0.0428716168
0.0450770520
-0.0339555442
0.0145321134
0.0340100899
0.0466814041
0.0123279719
-0.2032410800
0.0292088185
-0.0417244099
0.0289764740
-0.1062515751
-0.0355370343
-0.0001093474
-0.0421863832
0.0430844985
-0.0050834962
-0.1273438185
-0.0938777551
-0.0157516785
0.0083803236
-0.0088122338
-0.0449478664
0.0037427130
-0.0368728638
0.0113124549
0.0298681557
-0.0585357994
0.1327807605
0.0428298637
-0.0159951989
0.0267995764
0.0108722840
0.0037109763
0.0089644492
-0.0022289183
0.0059775147
-0.0217243917
-0.0377773084
0.0171435997
0.0231148601
-0.0785697326
-0.1117476299
-0.0152475229
0.0119555164
0.1812913865
-0.0252274591
-0.1312067956
0.0968063399
0.0233396608
0.0274963789
-0.0017335410
0.0608744137
-0.0189143959
0.1635155380
0.0032334474
-0.0254983846
-0.3216119409
0.0829684213
-0.0342589840
-0.0959119275
0.0313335732
-0.0424754210
-0.0151197538
-0.0445046760
0.0458209328
-0.0357872993
0.0154288299
0.0346785299
0.0442104638
0.0127930148
-0.1990669966
0.0275563877
-0.0363078006
0.0281704068
-0.1085532382
-0.0347552560
-0.0010802645
-0.0411365777
0.0435154587
-0.0032912069
-0.1218151227
-0.0976679921
-0.0162545592
0.0089745503
-0.0087683434
-0.0429102294
0.0049870233
-0.0376056321
0.0132274861
0.0295194909
-0.0609441362
0.1319312304
0.0402657092
-0.0138634890
0.0266653225
0.0117800310
0.0037504015
0.0064623225
0.0021064007
0.0057310052
-0.0235935580
-0.0418592393
0.0181655549
0.0221499614
-0.0768531784
-0.1082160473
-0.0152867725
0.0129466159
0.1811407357
-0.0248158500
-0.1331691146
0.0991860479
0.0174424369
0.0261759944
-0.0020694861
0.0666139424
-0.0189922787
0.1665462554
0.0042488803
-0.0259867273
-0.3315605223
0.0796364620
-0.0346145555
-0.1093100756
0.0315776691
-0.0401991941
-0.0160741806
-0.0409834608
0.0421904214
-0.0377744101
0.0164807905
0.0358153097
0.0398674570
0.0102272797
-0.1937406212
0.0274376050
-0.0373271108
0.0279626306
-0.1109529957
-0.0367718302
-0.0004482160
-0.0408484191
0.0441551544
-0.0024170887
-0.1108680218
-0.1091022715
-0.0150910653
0.0105368700
-0.0062632994
-0.0437722169
0.0034283509
-0.0297520068
0.0138920359
0.0250399020
-0.0605082326
0.1376914233
0.0495196879
-0.0054802308
0.0248589311
0.0113646556
0.0032602514
0.0074430914
0.0018950416
0.0057685561
-0.0237646196
-0.0435121879
0.0175130423
0.0248315334
-0.0738322511
-0.1073176190
-0.0146585386
0.0118941460
0.1813916713
-0.0241172910
-0.1344285905
0.0961193964
0.0165621359
0.0283337943
-0.0011542846
0.0608163923
-0.0205721594
0.1611629725
0.0037829992
-0.0267030150
-0.3327777088
0.0797933713
-0.0341449790
-0.1048677415
0.0295185819
-0.0407542251
-0.0190486759
-0.0390634388
0.0411931984
-0.0372501239
0.0157173518
0.0359868407
0.0390119441
0.0093857963
-0.1952737123
0.0296322592
-0.0439349078
0.0284705255
-0.1087887511
-0.0373961478
0.0006573030
-0.0417121388
0.0468973406
-0.0035548129
-0.1138336509
-0.1093011647
-0.0146813150
0.0137813911
-0.0051552807
-0.0443292335
0.0024410826
-0.0310196690
0.0127820726
0.0198648851
-0.0592947938
0.1386565566
0.0478080176
-0.0123483725
0.0250773802
0.0103855906
0.0041332711
0.0093037114
-0.0015746034
0.0052321809
-0.0226422977
-0.0405194461
0.0178179536
0.0174437352
-0.0722887293
-0.1054805145
-0.0141500458
0.0114591941
0.1830721945
-0.0247520711
-0.1323956549
0.0892602727
0.0171580929
0.0315623395
0.0012752452
0.0510142818
-0.0196121186
0.1541612297
0.0023090970
-0.0280162282
-0.3250501752
0.0767543539
-0.0333865359
-0.0941831172
0.0248518288
-0.0399531126
-0.0220444277
-0.0366402976
0.0432111956
-0.0350897424
0.0151536465
0.0334199071
0.0406811945
0.0096504511
-0.1977425963
0.0321717300
-0.0485069416
0.0302329548
-0.1005241126
-0.0394873805
0.0016613004
-0.0443687923
0.0485590361
-0.0053648246
-0.1147647202
-0.1042772681
-0.0134452125
0.0162410475
-0.0064943908
-0.0444471762
0.0041526663
-0.0388939679
0.0121642286
0.0147610772
-0.0617845431
0.1323584020
0.0402377248
-0.0239267014
0.0271749403
0.0083190547
0.0066134445
0.0099198744
-0.0046750172
0.0049381824
-0.0215274133
-0.0390362032
0.0157901011
0.0126377530
-0.0706636012
-0.1085300595
-0.0171837695
0.0120014576
0.1828318238
-0.2392095923
0.2524727881
-0.4813684523
-0.0959115699
0.2190407813
-0.3182324469
-0.4328487515
0.4649061561
-0.2862705886
-0.0424323305
-0.0342500620
0.2580768466
-0.6615062952
-0.0330943726
0.2696731687
-0.2042189837
0.1343410909
0.0875073373
0.0096870176
-0.4624430835
0.0422514640
-0.0413582809
-0.2010658085
-0.1229783371
0.0803850517
-0.3661205769
0.3228788972
0.0070219515
0.2376586646
0.1347200125
0.4645262063
-0.2456004173
0.1276133358
0.1542353779
-0.2574743927
0.0695458725
-0.3632035255
-0.0573790632
-0.0488112569
-0.4332661331
0.0018538970
0.2262393385
-0.5584288239
-0.0351953171
0.1950380057
-0.7735906243
-0.2538027167
-0.3447241783
-0.3378854394
0.0919307396
-0.0343296453
0.1415747851
0.1011664048
-0.2852672040
0.1124716699
-0.0600899644
0.2898831069
-0.1226961389
-0.2936592698
-0.1421661377
-0.3471177518
-0.1194999143
0.2921860814
-0.4928812385
-0.0814005733
-0.2228121907
0.1688194126
-0.0285560917
0.0101970127
-0.0069455197
0.0504764952
-0.1000766158
0.1583635062
-0.0123355323
0.0024471937
-0.2047629058
0.0432072952
-0.0487635285
0.0071669221
0.0345099904
0.0390023179
0.0134433489
0.0386623070
0.0766135976
0.0072994689
0.0629634336
0.1098365113
0.1416923255
0.0306956097
-0.1467492729
0.0255152807
0.2118910998
-0.0294038337
-0.1043856293
-0.1029992402
-0.0146702696
-0.0634158328
0.0153793273
0.0171832535
0.0061980751
0.0393962488
-0.0068083238
0.0930348486
0.0522115752
-0.0316832103
0.0082260370
-0.0286006983
0.0491133034
-0.0584555306
-0.1123771220
0.1713636070
0.0716555566
0.1116218194
-0.0292265005
-0.0089029893
-0.0161151141
-0.0038529465
-0.0288775600
0.0164197590
-0.0154963145
-0.1089815572
0.0227394439
0.0699449554
-0.0575652011
-0.1841616184
-0.0114931576
-0.0485755876
0.1063098460
0.3157240450
-0.1960434467
0.2835433781
-0.1935884207
0.0261080749
0.5531778932
-0.4293012321
0.4046039879
-0.7950229645
-0.0965636298
0.0091450913
0.3077028096
0.2115449607
-0.0198726449
0.3669526577
-0.2496068031
-0.1753735989
-0.4486048818
0.3638762236
0.4899423122
-0.0459679514
-0.3662242293
-0.0858700350
0.1367095709
-0.3764198124
0.2600010931
-0.0347345993
1.6409046650
0.1477046311
-0.4002330601
0.0447378084
0.0560681000
0.1403042823
0.2327156663
-0.0144167477
-0.5979759693
0.5137036443
-0.0926185995
0.2279414088
-0.2617305219
-0.1040194333
-0.0377578810
-0.1690338701
-0.3668492138
0.7522047758
-0.5985559821
0.7104408741
-1.2975604534
0.0708034486
0.0202307422
0.0377548076
0.0347425900
0.1857967228
-0.5689796209
0.2794396281
0.0134991826
0.3046370447
0.1044735983
0.1553141177
0.0444519222
0.1895059943
0.2904226184
0.2050812691
0.5333791971
-0.0288525093
-0.1258264929
0.1765708476
0.0233909655
0.0631141961
0.0535140932
-0.0419866145
-0.0488082655
0.1327558905
-0.0105725368
-0.0197397266
-0.1516461074
0.2131536305
-0.0316543728
0.1062489077
0.0532727018
-0.0472303703
0.0275575947
-0.0783498883
0.1278289706
-0.0121320412
0.0089298505
0.0398189239
0.0819262788
0.0295456536
-0.1602769494
0.0425215214
0.2825410664
0.0012367902
-0.2287686318
-0.0559666678
0.0248996634
-0.0557699688
0.0365786515
-0.0268842503
-0.1417596340
0.1228132844
-0.0075368178
-0.0565228052
0.0221483037
-0.0767906681
-0.0181924440
-0.0340015329
-0.0295163952
0.0953392535
-0.1318367422
0.2550208569
-0.1453107446
-0.0052631488
0.0181779023
0.0030507017
0.0198536478
0.0464616902
-0.0329557732
-0.0042848014
0.0054391949
-0.0056059156
0.0461737663
0.0284779537
-0.1161727458
-0.0878764987
0.0116494605
-0.0031877339
0.1723411530
-0.1263824254
0.1740888208
0.1303054839
0.0308341999
-0.0799865499
0.0408920199
-0.1180646196
0.3420999348
0.0962550715
0.0363297649
0.0287752692
0.1659386307
-0.1856172234
-0.1221806332
0.1099983528
-0.1125125736
-0.0375927538
-0.1562507004
0.0976526290
0.2324220836
-0.2084535062
0.0583630390
-0.2055698782
0.0013513899
0.0974364504
-0.1054243967
0.4282312691
0.0754771456
0.1950962991
-0.1416107416
0.1329423338
0.0012426985
-0.1204144880
0.3268917203
-0.0022179289
-0.1198950857
0.2043488324
0.0143777234
0.1208999455
-0.1027570888
-0.1145815924
0.1641269773
0.1486061811
-0.0509995334
0.3000780642
-0.1890144050
0.0429330803
-0.4442806840
-0.1860085130
0.0371512324
-0.0125926631
0.0606533661
-0.0424731448
-0.0122015318
0.1218553185
0.0074581495
-0.0056208135
-0.0590057336
0.0757567212
-0.4404886961
-0.2435690165
-0.1086423472
0.1155476198
0.3178504407
-0.0644390732
0.4274103343
-0.2110525370
-0.0712699294
0.1088068634
-0.0967547819
-0.3443222940
-0.1607019305
-0.6176755428
-0.2250122130
-0.0810118318
0.8370274305
0.0615610965
-0.1608790904
0.2736851275
-0.1241439953
-0.4672046006
-0.0134648383
0.6661580205
0.2989739180
-0.0439098142
-0.0337916203
-0.4635661840
0.1466969401
0.5296939611
0.3767668009
0.4968494475
0.3889909685
0.0484620370
-0.3968369961
-0.1770851016
-0.1002198607
0.1645543128
0.4374387562
0.0520379953
-0.2384201586
0.5489207506
0.0931556672
0.1643161327
0.0836064070
0.0994618312
-0.2352813184
0.3811548650
0.1419042796
0.5551006198
-1.0625159740
0.3848319054
-1.0335717201
-0.2643902302
-0.1741811186
0.0098465830
-0.0372324921
0.0590509586
0.3668526411
0.0393920876
0.0129762795
-0.3992578089
-0.0320287682
0.3727353215
-0.1963024437
-0.6396103501
-0.1345423907
-0.2470772862
0.5581232905
0.0598761067
0.7707484365
-0.2983285487
-0.1196752861
-0.4785876274
0.2791860104
-0.0110327033
1.3577029705
-0.8175736666
0.0238516293
-0.1654350907
-0.0248549469
-0.4982476234
-0.0065047867
0.0954496562
-0.1592231393
0.0691583082
-0.2248858809
-0.8369805813
0.5806791186
-0.4412292540
-0.3618431389
-0.1953498870
0.2051618695
-0.4312382638
-1.0545728207
-0.2487499416
0.2282457948
0.4782550931
0.0305471905
0.2897621095
-0.1972937435
-0.1732462794
0.2775395513
0.0366775244
0.6776571274
0.1866738498
-0.1466141641
-0.0429307669
0.2857532203
-0.5695924163
0.3605365753
-0.1004349887
-0.0826134458
0.6750335097
0.0256580282
-0.1031704843
-1.0909786224
-0.6865488291
0.4708094001
0.1895697266
-0.0143585987
-0.1614210606
0.1272401065
0.2758446336
-0.3073513508
0.5192723870
-0.0710174963
-0.5978727937
-0.1197265312
0.3161128461
0.0403900146
0.4028777778
0.2154909521
-0.4018186629
-0.0241400972
-0.4550261199
0.4880684614
0.3649649620
-0.1601746678
-0.2043993026
0.0744976848
-0.6132232547
0.0252815839
0.2147226483
-0.2549055219
0.4063858390
-0.1662629545
0.9536712170
-0.4525655508
-0.4708848894
-0.7718804479
-0.0700495243
0.0539508946
0.1434614658
-0.0702904761
0.1393883079
0.1046759710
0.3871584535
1.1626987457
0.4050833583
-0.0177312065
-0.1175493598
0.5910748839
-0.0908266753
0.1548274159
0.0234371722
0.5271700621
-0.3112790287
-0.4496399760
-0.1661733836
-0.0750510395
-0.2823816240
-0.1047620997
0.1261060834
-0.2572464943
-0.0061682248
0.1049225256
-0.5090149045
-0.3371143341
-0.1620118767
-0.3991989493
0.1577416658
0.1207186282
-0.0740135163
-0.0464664660
-0.0065561230
-0.3421073258
0.0733812600
-0.0675562471
-0.0036689625
0.0580074340
-0.2791166306
-0.1218023524
-0.7902198434
-0.1133787781
-0.2617926598
-0.7436702251
-0.0255046040
-0.1195437536
0.1043264940
0.0372028500
0.0311884284
0.0010004708
0.0575033799
-0.0186480340
0.1630337536
0.0030607814
-0.0275349393
-0.3256867528
0.0785698369
-0.0329666808
-0.1003513262
0.0276795309
-0.0380719937
-0.0224868860
-0.0369773917
0.0426135063
-0.0369627401
0.0148097100
0.0329224057
0.0475018620
0.0128522329
-0.2061484307
0.0337383598
-0.0497737192
0.0288190003
-0.1078251749
-0.0337286256
0.0008400972
-0.0428693481
0.0458821096
-0.0050462657
-0.1231316626
-0.0917703956
-0.0159290954
0.0106339194
-0.0077101626
-0.0457521677
0.0029720271
-0.0332262889
0.0109002553
0.0274902303
-0.0641994849
0.1449378580
0.0454650931
-0.0118602505
0.0268357396
0.0088183777
0.0023554522
0.0106398975
-0.0074522793
0.0062930235
-0.0211432297
-0.0358827673
0.0193941053
0.0267598461
-0.0781627521
-0.1143001318
-0.0123798782
0.0111348052
0.1796484888
-0.0256069899
-0.1218777671
0.1079971865
0.0386637487
0.0288424436
-0.0013361563
0.0637951642
-0.0193082690
0.1702911109
0.0038053805
-0.0259898156
-0.3264886141
0.0798927173
-0.0333341174
-0.1017619967
0.0302785952
-0.0393788517
-0.0193490833
-0.0405344851
0.0426062159
-0.0376675837
0.0157374442
0.0343799554
0.0484249629
0.0146150803
-0.2066442221
0.0315835066
-0.0481632836
0.0280122869
-0.1132433042
-0.0323997028
-0.0005000728
-0.0419352762
0.0435221381
-0.0036590663
-0.1277559251
-0.0914222449
-0.0171095207
0.0094768861
-0.0083768098
-0.0438207127
0.0040399977
-0.0347090401
0.0128752692
0.0319177881
-0.0619790554
0.1470739394
0.0470713042
-0.0069196266
0.0261838809
0.0107062384
0.0009273385
0.0084374025
-0.0029579208
0.0060939887
-0.0229313578
-0.0392447300
0.0205443557
0.0283646435
-0.0793515518
-0.1116068140
-0.0120759169
0.0116950851
0.1803111434
-0.0261701532
-0.1232238114
0.1075668335
0.0331574604
0.0273097642
-0.0036028819
0.0667409673
-0.0189490523
0.1706682295
0.0046308399
-0.0252251364
-0.3295836747
0.0757014081
-0.0336007625
-0.1066048145
0.0329928547
-0.0398598686
-0.0189585518
-0.0415689908
0.0418772660
-0.0395959951
0.0167822745
0.0355929397
0.0461141951
0.0146504128
-0.2022428066
0.0300447010
-0.0451596417
0.0274399016
-0.1160795912
-0.0315052979
-0.0017316417
-0.0408572257
0.0434492901
-0.0021815365
-0.1220502928
-0.0984240472
-0.0173085984
0.0098730037
-0.0082806805
-0.0419383161
0.0049994830
-0.0335833095
0.0151791703
0.0311715510
-0.0642273352
0.1474968195
0.0476210341
-0.0023133443
0.0257774312
0.0112639042
0.0006602849
0.0061923168
0.0007261509
0.0060604634
-0.0246828590
-0.0432197638
0.0209334306
0.0289028361
-0.0779855549
-0.1092863157
-0.0125055360
0.0125555648
0.1807961613
-0.0252436828
-0.1276703179
0.1037084833
0.0251760967
0.0269317031
-0.0040334961
0.0649059564
-0.0193383582
0.1625461727
0.0050171693
-0.0260482710
-0.3352253139
0.0716988593
-0.0331923477
-0.1046068370
0.0334787704
-0.0389576666
-0.0204055700
-0.0412672013
0.0444787145
-0.0414665826
0.0172325689
0.0352174155
0.0417685881
0.0129325893
-0.1961814761
0.0299057756
-0.0378465839
0.0273423158
-0.1144224852
-0.0325648561
-0.0017624751
-0.0400905535
0.0468414202
-0.0010316873
-0.1133074313
-0.1023437604
-0.0167790726
0.0120812729
-0.0058892565
-0.0418356620
0.0048372978
-0.0308656413
0.0150716361
0.0263269413
-0.0661611706
0.1497088373
0.0441964231
-0.0042218883
0.0254252665
0.0113126859
0.0012582975
0.0060018823
0.0019458703
0.0062437090
-0.0252263304
-0.0442955904
0.0213296581
0.0250275042
-0.0725243315
-0.1025904566
-0.0116224652
0.0132461032
0.1813408881
-0.0232751109
-0.1300126910
0.1018455029
0.0239013992
0.0283055194
-0.0029325776
0.0655010864
-0.0226250589
0.1614499986
0.0048054927
-0.0274883714
-0.3411271870
0.0759771317
-0.0321177170
-0.1081021428
0.0334680788
-0.0385582112
-0.0213459823
-0.0398670398
0.0420126915
-0.0401774421
0.0171923302
0.0354190208
0.0396048985
0.0111872982
-0.1975668073
0.0311116502
-0.0460022911
0.0274577569
-0.1145525575
-0.0333845951
-0.0012285699
-0.0405519046
0.0479819253
-0.0017056552
-0.1165351868
-0.1059547439
-0.0162855703
0.0119691594
-0.0037242845
-0.0435854569
0.0030229287
-0.0289436784
0.0140462117
0.0225956440
-0.0610183738
0.1553251445
0.0486211665
-0.0054636421
0.0248373393
0.0110131167
0.0023707137
0.0094151851
0.0001706788
0.0053140591
-0.0242513772
-0.0399412103
0.0213330835
0.0218782611
-0.0727785826
-0.1014175862
-0.0099811004
0.0124687096
0.1791557521
-0.0232109465
-0.1288083047
0.0967813730
0.0262417458
0.0319112800
-0.0002892164
0.0555774458
-0.0239636749
0.1522032470
0.0035314055
-0.0295617618
-0.3359586596
0.0744636357
-0.0306490939
-0.0961113945
0.0291252136
-0.0373240933
-0.0236477479
-0.0389149860
0.0451888964
-0.0385940447
0.0163866244
0.0325196162
0.0412487388
0.0113978656
-0.2006345689
0.0340019017
-0.0495619327
0.0292411987
-0.1074309573
-0.0352072231
-0.0004422152
-0.0431062244
0.0496599041
-0.0034617730
-0.1198336482
-0.0985086635
-0.0155025618
0.0127048800
-0.0040307972
-0.0438766666
0.0044539897
-0.0367367193
0.0135545451
0.0190579593
-0.0622862540
0.1523762345
0.0418051742
-0.0168431941
0.0273675900
0.0088259354
0.0045941509
0.0108079817
-0.0023038229
0.0041840011
-0.0228976775
-0.0379859954
0.0201238301
0.0163878500
-0.0708245412
-0.1015388891
-0.0120421667
0.0131919561
0.1783390939
0.0754463971
0.4127433002
0.5109744668
0.0397894233
-0.2867288589
0.0799105540
-0.3926717639
0.4734513462
-0.0487604327
0.0569511652
-0.1934843659
0.5849391818
-0.7935099006
0.0670636892
0.8303812146
0.1294509619
0.6702043414
0.0614296421
0.4697293639
0.5109026432
-0.1069980338
0.3055829108
-0.4853810072
0.0492375307
-0.2270860821
0.1976258308
0.1454939544
1.1292310953
0.0886031315
0.1933080405
0.0228220169
0.2116992176
-0.5052357316
0.1274752468
-0.0974478126
0.7611441612
0.2554448843
0.1906967163
0.5220320821
-0.4724052846
-0.2073373199
0.3763952851
-0.4209315777
-0.2508312166
0.0972979143
-0.4393010139
0.0187575389
-0.2035222948
0.6605281234
-0.0742557198
-0.0909100324
0.0670219958
-0.1026229560
-0.0468494967
0.0004497912
-0.1066542044
-0.1889799535
-0.2917203605
0.3319874704
0.3023257256
-0.6301217079
-0.0443548188
0.1381946057
0.7501885295
-0.0656799302
-0.2594134510
0.0927206799
-0.0545145907
0.0711170509
-0.0043254294
-0.0154771740
0.0524341762
-0.0487078689
0.0065628979
-0.0161165968
-0.1667672843
0.1350116134
-0.0369735509
0.2451693416
0.1218510568
-0.0180089045
-0.0201250706
-0.1850181073
0.1949224025
-0.0291145276
0.0595587604
0.0832353309
0.1418109983
0.0859971046
-0.1311887652
0.0822180286
0.5599806905
-0.0414203517
-0.2877874076
-0.0338016115
-0.0062746536
-0.0458996296
0.0638884827
-0.0116639594
0.0126317060
0.0590433106
-0.0059835608
-0.0853887871
-0.0241546724
-0.0178211499
-0.0421112143
0.0380591638
0.0032056037
0.1482380629
-0.1248354018
0.2948642373
-0.0758734569
-0.0017531121
0.0340129323
0.0015406822
0.0023056753
-0.0003528779
-0.0518619679
-0.0190914832
0.0161273330
-0.0556510091
0.0482451580
0.0638035089
-0.1150802597
0.0727725402
0.0177136194
-0.0126035130
0.1993398219
-0.0352559201
-0.0633067712
-0.1434533745
-0.3422177732
-0.1194536313
-0.0091805011
-0.2136386037
-0.0912562907
-0.1020682454
-0.0490992814
-0.1184228063
0.1185622439
0.1954785883
0.0058760112
1.0578044653
-0.1007884815
0.1936218739
0.0183375124
0.1976384968
0.2793215215
-0.1933172643
-0.3864829838
-0.0535893142
0.3290379643
0.0173826180
0.3716669083
-0.3376460969
1.2842950821
0.4769946933
-0.5033536553
-0.2630678713
-0.1712793112
-0.0536436178
0.0823299959
-0.0447297953
0.1709886044
0.5655195713
-0.1716472656
0.1219412535
0.1142894775
-0.1242592558
-0.1013170704
0.1048322096
-0.1798212081
0.2700767815
-0.5025637746
0.5633095503
-0.2456334084
-0.0226566680
0.2794201672
0.0118584065
-0.0656959191
0.2744379640
-0.2102167010
-0.0791346654
-0.1091620550
0.4829843342
0.0036553470
0.2244306058
-0.9116487503
-0.0618157312
0.3019868731
0.1562213004
0.2711691260
-0.1347614974
-0.1729724258
0.3180472255
-0.0341653600
0.0751503333
0.0369138308
-0.2134618908
-0.1607403904
-0.1577297747
-0.0467215143
-0.0462301113
-0.0836886913
0.3439979851
-0.0423300155
0.7374815345
-0.0182503965
0.0600355342
0.0321762748
-0.0969586670
0.2683002353
0.0683944523
-0.0008865702
-0.0177297629
-0.0014969091
0.0154647548
-0.0702634007
0.0252903551
0.7189381719
0.0599258095
-0.2163255662
-0.2566955388
0.0032853179
-0.0677576512
0.1221614406
-0.1547309905
-0.3676199019
0.6446857452
-0.0083649196
0.1588529348
-0.0172345378
-0.0720237866
-0.0916435122
-0.0590515472
-0.0591237098
0.4856680632
-0.2869515121
0.3544451594
-0.3484832048
0.2878363729
-0.0107463868
0.0898737609
-0.1678401530
0.1710885614
-0.1445764750
0.0090745147
0.0406994484
0.0465888940
0.0212781709
0.2199275792
0.0806348994
-0.0809501633
0.1348967254
0.0270001050
0.1650592983
-0.0658911392
0.0099402005
0.2462502420
0.2706795335
-0.0368083306
-0.0116311042
-0.3596162796
-0.0238574706
-0.2094758898
-0.0119619872
-0.0854428709
0.1526288092
0.0553698614
-0.0173787214
0.9070260525
0.0297669973
-0.2716556787
-0.0028639259
-0.0600937419
0.1825603247
-0.0941395834
0.1510187387
0.0551246107
0.7164259553
0.1913917959
0.1637384593
0.0725006610
1.2271780968
0.1349525005
-0.2967031598
0.0776566416
-0.1089780480
-0.2120882422
0.1965270936
-0.0255856123
-0.4052553773
0.6229432821
-0.0164826438
-0.4364700913
0.0608615018
0.0140165649
0.0548398420
0.1095767394
0.0488696955
0.6600924134
-0.2981972694
0.3734914660
-0.4420121014
-0.2196477652
0.1920032352
0.0666947886
0.0949718654
0.1667753011
0.0177520216
-0.0819114447
-0.0632977113
0.1576008797
0.0634874925
-0.0918912366
-0.5299304128
0.1097753048
0.0447152928
-0.0009539421
0.4552271366
-0.1651290357
0.2683006227
0.3526980877
0.0037004310
-0.2747846842
0.3142028451
-0.1859612912
-0.5098214746
-1.4114687443
-0.2197126448
-0.1727542430
0.3670371473
0.6939684153
0.4293334484
1.0028315783
0.0349240601
0.3374293447
-0.1542590410
0.2359521091
0.7204895616
0.0156482924
-0.0386446826
-0.2616181970
0.4159498513
0.1678947061
0.0537794232
-0.2711519897
1.4738124609
-0.0107684061
-0.4666979611
-0.4747603536
-0.0484532081
-0.1399634033
0.2894588411
0.3228383958
0.3233204782
0.8966947198
-0.1134129241
-0.0227084644
-0.0918997601
0.2226584703
0.3338939548
-0.5009161234
-0.0524125472
1.1000771523
-0.8466175795
0.3932058215
-0.3964223862
0.1107948124
0.2233934402
0.3107714355
-0.0438199826
-0.4100097418
-0.0226280726
0.0547665358
-0.3414600790
-0.3096947968
0.3300845623
0.3472435772
-0.0722334534
0.1116576865
-0.0385865979
0.3033623099
0.1839773208
-0.1053651720
0.6060014963
-0.4048691690
-0.1492123306
0.0622578114
-0.3639311194
-0.4661121368
-0.2977440953
-1.0706720352
-0.0423754826
0.0019985691
0.7411794066
0.0638521239
-0.2675789893
0.2528038919
0.0315303914
-0.7717995048
-0.0813792124
0.4481150508
0.3364835382
-0.2118805796
-0.0128518483
-0.3194134235
-0.0865415111
0.5300443769
0.8525353670
0.2024250031
0.0753670186
0.3613064587
-0.4025170505
-0.0393862613
-0.0989050493
-0.0433382504
0.5656723976
-0.3665521741
-0.2500895858
0.4312763214
-0.0486317277
0.2028012127
-0.1382055879
0.1442685872
-0.2922641933
0.6669045091
-0.0912620947
0.6687417030
-1.1547259092
0.4486899078
-0.6569030881
-0.3217892647
0.0855523497
0.0108348830
-0.0761929676
0.1794260889
0.1990546882
-0.1090963036
-0.0331387073
0.0619903132
-0.1513731629
0.2669572830
-0.1704912782
-0.5338655114
-0.0300186872
-0.2050155699
0.6022753716
-0.0834002718
0.0282998104
0.2731874883
-0.1506149620
-0.0023171196
0.0344323777
-0.3279190660
0.0245664269
-0.1353605837
0.0842056572
-0.1664809436
0.1310546994
0.1023385152
0.0051926048
0.3185500801
-0.1474967748
-0.0248938333
-0.2953341603
0.0662618205
0.2393456250
-0.1693274826
0.1643137485
-0.1120441034
0.0958470628
0.0171561036
-0.1578144580
0.5283296108
0.3094818890
0.0118351215
-0.1714058518
0.1055882350
-0.0224514641
-0.0598500185
0.3832184970
0.1414947361
0.1396106631
0.3455855548
-0.0363473520
0.2071569264
0.0210647061
-0.0428427123
-0.0080979085
0.2793617845
-0.0131724402
0.0761801675
-0.1867465526
0.2723353207
-0.1583713889
-0.2003810257
0.0381348804
-0.0947832465
-0.0332100876
-0.0895927921
-0.2147446275
0.1595933437
0.0666120797
-0.0601419210
0.0617751665
-0.0019271420
-0.1430874765
-0.0752701685
-0.0428489707
-0.0981108770
0.2031919807
-0.0742952004
0.7322793603
-0.0695011169
-0.7404454947
0.0980629325
0.0532051474
-0.4338373244
0.1352494508
-0.5517454743
0.0695769563
-0.0708639398
0.7658426166
-0.1095041558
0.1516450644
0.2806238234
-0.2736652493
-0.1110497117
-0.4980086386
0.1695511192
0.1903539598
-0.0764602870
0.0187895112
-0.0861626118
-0.5240348577
0.0275723692
-0.6820439100
0.2941654027
-0.1786479652
0.0961028263
-0.2697950304
0.7479910851
-0.3032963276
-0.0081614237
0.2767632306
0.0017854981
-0.3809059262
0.0192764234
-0.0301442184
0.0915178731
-0.4170813262
-0.1311346591
0.1736051291
-0.0097068157
0.1069541350
-0.1351943463
-0.4976996183
0.0961543992
-0.4004281759
-0.0261079185
0.1320492327
0.1726427227
0.0178517550
-0.0549662635
-0.1296204776
0.1181454957
-0.0144117204
0.1647649854
0.2183165997
-0.1481489539
0.0978584811
-0.2326038182
0.1082509160
0.0737938061
0.2198653370
-0.0273810662
-0.1252432317
0.1086574718
0.0372870415
0.0302741118
-0.0040724943
0.0522966608
-0.0205683056
0.1536636353
0.0033897772
-0.0273453947
-0.3222171664
0.0809575468
-0.0327200815
-0.0655984208
0.0261927266
-0.0361189991
-0.0175218228
-0.0409073867
0.0502072126
-0.0409657843
0.0165639129
0.0316198394
0.0524154045
0.0162258483
-0.2062605023
0.0344887488
-0.0311105903
0.0295099169
-0.1146719977
-0.0321589671
-0.0010655887
-0.0436689779
0.0482781529
-0.0047531407
-0.1311689317
-0.0776311085
-0.0171875339
0.0078613311
-0.0081894267
-0.0414290130
0.0041691097
-0.0338695645
0.0128813395
0.0376015566
-0.0717077926
0.1475971639
0.0431434251
-0.0123414751
0.0273926370
0.0104423743
-0.0020260357
0.0092300978
-0.0064645060
0.0055343457
-0.0238037836
-0.0407813750
0.0237866733
0.0238730907
-0.0769994631
-0.0978060588
-0.0108401831
0.0135449907
0.1922838092
-0.0279607773
-0.1273165047
0.1079139188
0.0297928620
0.0290059838
-0.0074042003
0.0517576672
-0.0208802558
0.1496371925
0.0042611342
-0.0269421786
-0.3252881765
0.0754152089
-0.0325427949
-0.0603811257
0.0280338321
-0.0369989648
-0.0190362353
-0.0415556356
0.0517522283
-0.0445434414
0.0172532834
0.0327502005
0.0500738099
0.0173545294
-0.2018232793
0.0333088450
-0.0248413309
0.0292863622
-0.1184274927
-0.0311742984
-0.0028934726
-0.0427192263
0.0504469089
-0.0023734989
-0.1253207326
-0.0817453265
-0.0175332539
0.0076070498
-0.0086843465
-0.0382578410
0.0056331460
-0.0354073569
0.0162196010
0.0357638076
-0.0784952268
0.1488528848
0.0392504185
-0.0105153071
0.0271067489
0.0113236113
-0.0025852018
0.0060246927
-0.0026719689
0.0055329730
-0.0264161136
-0.0464300998
0.0263231378
0.0216322355
-0.0735666975
-0.0918546170
-0.0106273182
0.0150687257
0.1937062889
-0.0268827286
-0.1283887029
0.1054814532
0.0215580594
0.0279582143
-0.0067405561
0.0535342954
-0.0203947220
0.1498176157
0.0047723791
-0.0268547982
-0.3345302343
0.0710298046
-0.0325989723
-0.0770369619
0.0298415832
-0.0370393321
-0.0206036810
-0.0409287587
0.0471041538
-0.0457337387
0.0170284137
0.0344140120
0.0443316624
0.0146252438
-0.1965582371
0.0318352096
-0.0298777446
0.0282873046
-0.1173032001
-0.0327797160
-0.0015983146
-0.0416697673
0.0523768514
-0.0018903052
-0.1132168025
-0.0970061123
-0.0173091199
0.0094503118
-0.0054458524
-0.0392153077
0.0038532231
-0.0283238385
0.0161531940
0.0294495560
-0.0757883713
0.1505532116
0.0466609076
-0.0061732605
0.0260554440
0.0107658161
-0.0021094729
0.0060557281
-0.0023150437
0.0050937887
-0.0264926683
-0.0460605584
0.0258668941
0.0203345194
-0.0712319613
-0.0911453217
-0.0096888300
0.0140425134
0.1945323050
-0.0254354738
-0.1270586997
0.1081395894
0.0222182013
0.0285008401
-0.0046490985
0.0591553748
-0.0210803393
0.1585253179
0.0051403781
-0.0270749517
-0.3413125575
0.0739546865
-0.0323580056
-0.0951202288
0.0291406140
-0.0363817066
-0.0206079483
-0.0381724983
0.0400122888
-0.0441250466
0.0167489126
0.0356940776
0.0418808348
0.0115880966
-0.1995996535
0.0325282663
-0.0455225185
0.0281805564
-0.1175236553
-0.0338483900
-0.0001090029
-0.0425179489
0.0507284403
-0.0035719622
-0.1146946996
-0.1067675576
-0.0166296419
0.0106140412
-0.0034404320
-0.0423170179
0.0014759349
-0.0231993068
0.0153529365
0.0262323450
-0.0671716928
0.1553101242
0.0592556708
-0.0008747115
0.0248012021
0.0097318711
-0.0018956048
0.0094917277
-0.0051569119
0.0043088747
-0.0249173548
-0.0418312550
0.0240545478
0.0212231595
-0.0727813914
-0.0951225609
-0.0091412151
0.0120522184
0.1932899654
-0.0253587365
-0.1266412586
0.1009559110
0.0216003973
0.0328061916
-0.0029340356
0.0465875417
-0.0221507605
0.1484715492
0.0032472929
-0.0284789372
-0.3321118057
0.0722608119
-0.0307004526
-0.0776948407
0.0245172195
-0.0354549922
-0.0239907932
-0.0354617350
0.0436429717
-0.0426471718
0.0165650286
0.0328650586
0.0447279736
0.0120081035
-0.1999856234
0.0348212384
-0.0467477553
0.0296249948
-0.1092985049
-0.0359859578
0.0007223884
-0.0455352552
0.0530791618
-0.0060359784
-0.1177298129
-0.0982933715
-0.0160536971
0.0136269331
-0.0034911036
-0.0414548144
0.0030412402
-0.0324350782
0.0154577531
0.0226913523
-0.0689734519
0.1491725147
0.0492819212
-0.0141635891
0.0274169445
0.0073174336
0.0002496212
0.0113544380
-0.0074234144
0.0023858342
-0.0242901929
-0.0404886045
0.0228055641
0.0135903321
-0.0703893900
-0.0956307799
-0.0110981287
0.0126162032
0.1947830915
0.3097232878
-0.2811678946
-0.2620214820
-0.5246106386
-0.0854380131
0.3784572482
0.0919643939
-0.3513364196
-0.2204536647
-0.2873823345
-0.2317515910
-0.0370526612
0.1722406298
0.2675243318
1.0973210335
-0.0844692290
0.4898650646
0.4801753461
0.2660298049
0.7347618341
0.2373582721
0.0069663362
-0.4788906574
-0.1761382073
-0.1527235359
0.7404086590
-0.4310984015
1.1727721691
-0.1776921004
0.1383805126
-0.4261876643
0.0772128776
-0.1428171694
0.1702959538
0.0419982821
0.5653845668
0.6670015454
-0.0587758869
0.1316451579
-0.1471904069
-0.0221888740
0.2082453817
-0.3479521275
0.0678149760
0.1953799129
-0.1626049578
-0.0020456964
0.0886425525
0.7922437191
0.1911307424
0.0896186084
0.1401669681
0.2384160310
0.2100347131
-0.1239303127
-0.1848773956
0.0420127846
-0.1518779993
0.7571332455
-0.2600776553
-0.4213774800
0.3950048983
0.1961509436
0.3591310978
-0.0028637766
-0.1878357232
0.0085928282
-0.2227656096
0.0099269738
-0.0043548625
-0.1356011629
-0.0562562346
-0.0263684578
0.0015263640
-0.0379153937
-0.0486096069
0.1877671927
-0.0480046161
0.6003290415
0.0927780941
-0.0031462605
0.0249448940
0.0232268125
0.2473616153
-0.0737567022
-0.0269604195
0.0640834272
0.1444502175
0.0988992155
0.1453741640
-0.1285195500
0.8848412037
0.0683247223
-0.3599350452
-0.0914672092
-0.0375561714
-0.0367796794
0.1421298534
0.0278034527
0.0108957523
0.0768160149
-0.0468262397
-0.1508135349
0.0125491796
-0.0638970882
0.0222212914
0.2215428501
-0.0462934300
0.2082414627
-0.3009200990
0.2264403403
-0.1730163842
0.0340969041
0.1262516528
0.0028974880
0.0372410305
0.0728826001
-0.0233830772
-0.0513027906
-0.0185374208
0.0813497528
0.0758414045
0.1030945703
-0.3694585562
-0.0034141031
0.0575081930
0.0842943564
0.4167352915
0.0227444358
-0.2430622876
0.0742002949
-0.2249577194
-0.0136799142
-0.0217926651
-0.0681441128
-0.0798913464
-0.0964033529
0.0298358034
-0.0327739827
-0.1084969118
0.3749868572
-0.0459941961
0.6261870861
0.0868393406
0.1163282543
0.1288305074
0.1427372247
0.2185288221
-0.0151758343
-0.0082942154
0.0582230911
0.1631762534
0.0239512827
0.1385959536
-0.1356290877
0.7326876521
0.0203546677
-0.2531094253
-0.2044686824
-0.0556014031
-0.0818823501
0.1663594246
-0.0638241693
-0.0571777485
0.1544908285
0.0204118788
0.0000133977
-0.0482936874
-0.1236248612
-0.0218619518
0.1574600637
-0.0796082243
0.2638205886
-0.2504256368
0.2409798801
-0.1579712778
0.1705036461
0.0202807467
-0.0130504845
0.0294544902
0.0590601377
-0.1680135578
-0.0196486954
-0.0477246717
0.1147558540
0.0583990216
0.1286657602
-0.1068302616
-0.0818468183
0.0445355959
0.0237644184
0.2983788252
-0.0236481167
-0.1522905678
0.1512328982
-0.0043111076
0.0131243821
0.0110411867
-0.0504096746
-0.0331525542
0.0607130416
0.0001656032
-0.0396106318
-0.2266472280
0.1142210513
-0.0094823586
0.1278441846
0.0571654961
0.0090155937
0.0769897029
-0.0413531959
0.1316859424
-0.0140045490
0.0205734018
0.0375077836
0.1032958850
0.0186559409
-0.1674557626
0.0022064755
0.2751829922
0.0322193764
-0.1832909584
-0.0666419715
-0.0176111683
-0.0600278564
0.0433922261
-0.0032774510
-0.1686568409
0.0350614302
-0.0273703989
-0.0173745137
-0.0209919959
-0.0715245083
0.0014695679
0.0181880686
-0.0100242458
0.1502229869
-0.0809847414
0.1381682754
0.0060701193
0.0119382292
0.0452262871
0.0058013364
-0.0096648149
0.0385539420
-0.0696880221
-0.0183333829
-0.0178883336
0.0081862370
0.0526200235
0.0654723793
-0.1967673898
-0.0511117168
0.0209044106
0.0152978888
0.2675016224
-0.1362432986
-0.2516017258
0.2372593731
0.0635281578
0.0223207977
0.0346070789
-0.1639975905
-0.0793808401
-0.2391567677
-0.0192916039
-0.0247577690
0.2927529812
0.1418999135
0.0700517818
0.4460374713
0.1121037900
-0.2412538379
0.1374508739
-0.3321500719
0.2386388034
0.1499299705
0.0958216041
0.0073862560
0.3638947904
0.0844866484
-0.3156009316
0.0686967745
0.7836205959
0.0036214676
-0.0476855934
-0.1563271880
0.0394167155
-0.0670104995
0.1267342865
-0.0645947754
-0.2820974588
0.3818839788
-0.0023517713
-0.2189968675
-0.0324833281
0.0151858022
0.0280390512
0.2337734550
-0.0283445828
0.7988496423
-0.0355828330
0.0831861198
-0.2122196704
-0.0290759895
0.0640767440
0.0377413817
-0.0378154740
-0.0381605439
-0.0218886770
-0.0361439772
-0.0126208775
-0.0169815440
0.0557410829
-0.2230738699
-0.0068365331
0.4689056575
-0.0684033260
-0.0349673256
0.5243709087
-0.2259513289
-0.0741987601
0.1211560369
-0.1831150055
0.0525579527
0.0179832391
-0.2894737422
-0.2450374365
-0.5131475329
-0.0376635008
-0.0028783658
0.4849833548
0.5334489942
0.0353264511
0.7826201320
0.2649916112
-0.3175214827
-0.0273309369
-0.2231723070
0.6215222478
0.0266506467
0.1062087119
0.0813919008
0.1684690863
0.3019630611
0.4488432705
-0.1410690546
1.2459694147
0.0509617850
-0.1241330653
-0.2524262667
-0.0830851868
-0.0728746355
0.3196186423
0.1127044261
-0.1450490952
0.3582865894
-0.1104300022
-0.3315483630
-0.1173499748
0.0562562793
0.2887561023
0.1719519347
0.1756021678
0.7693450451
-0.3838433623
0.1148336530
-0.1359907836
-0.0092725176
0.2875823081
0.0370435007
-0.0056536291
-0.0982483551
-0.0685871616
-0.0501192287
-0.0823245794
-0.1237935349
0.1472512186
0.3701665103
-0.1647329181
0.3382364213
-0.0453406908
0.1105943769
0.6801216006
-0.0146250566
0.2246375978
0.2860879302
-0.1526574641
-0.1296894103
0.4553979337
-0.9756299257
0.7153806090
-1.1324427128
0.0101428777
0.0223806072
0.3608818650
0.2866976261
0.1732397825
0.7719199061
0.0214437451
-0.3153133094
-0.1049842387
-0.3027959168
0.2509458065
-0.0019840493
0.1595240086
-0.0211797599
-0.0291171521
0.4921959937
-0.0514230542
0.0986194313
1.9690213203
-0.4733378887
-0.1210435107
-0.2771869898
0.3316527009
-0.1365371048
0.3333782256
0.0616168492
0.3655373156
0.0021220371
-0.2668046057
-0.2489541173
-0.0383468084
0.1077657938
-0.0925782472
0.2178178728
-0.1447912604
0.6444719434
-0.3244943023
0.0541193262
-0.2167173624
-0.3034308553
0.2712998986
-0.0928809419
-0.1396082640
-0.4443356097
-0.0851736665
-0.2409040034
0.3378191590
-0.2206845433
0.0959652439
0.3559580445
0.6856324673
0.6889505386
-0.0689389259
-0.1544816345
1.0052241087
-0.1384934783
-0.4214958549
0.0238710120
-0.1092039049
0.0498039573
0.0565802455
-0.6472166777
0.1935234815
-0.4788515568
-0.0320067629
-0.1023613736
-0.0902314410
0.4893957078
-0.0429211818
0.7992775440
-0.1360146403
-0.2355922610
0.0665002465
0.0250298064
0.2158185840
-0.1668766290
0.0832333416
0.0936084613
0.2616581023
0.1521756649
0.1981053054
0.0545674786
1.1229683161
0.0842805207
0.2005112767
-0.1942984611
0.0609038696
-0.2159142494
0.3813479543
-0.1048665792
-0.0181452520
0.2382804751
0.0298915952
0.0694273710
0.1826698631
-0.0483436696
-0.1431897283
0.3661858737
-0.0572647750
0.5437059402
-0.1005713865
0.2275214493
-0.1010169014
-0.2812191248
0.0946880355
0.0159489531
-0.1296650469
0.0258614030
-0.2366509587
0.0601935759
0.0650326461
0.1943371743
-0.0198295768
0.3591843545
0.0296706539
0.3887251019
0.1405594349
-0.0979096293
0.7484606504
-0.3532734811
0.1120633110
0.2590137124
0.0410552025
-0.1239788756
-0.1486353427
-0.6699115038
0.6326767802
-0.2768550515
0.0377657749
0.0888030380
0.2099883109
0.0760175064
-0.1235255674
0.9151917100
-0.3922425508
-0.5125674009
0.0916203409
-0.0858085975
0.5321786404
0.1731083244
0.0969120339
-0.0605541579
0.4074970186
0.4888435006
0.3554466069
0.0165291335
0.8408200145
0.2326435149
0.9470672011
0.1598413736
0.3099344671
-0.4313525558
0.2037623227
-0.5850409269
-0.6456744671
0.5403450727
-0.1241123974
0.0463237762
0.2808048129
-0.2387943268
-0.0261220783
0.3404018581
-0.2119257003
0.5682333708
0.1910094321
0.0170450192
-0.0961538479
0.0833093151
0.2082957029
0.3725747764
-0.2561818361
0.3100783527
-0.0807212964
0.0028279771
0.0434434079
0.4204683602
-0.0295643341
-0.7043090463
0.0770500526
0.2531179786
-0.1304332465
-0.1489510089
1.0083539486
-0.1310089231
0.4259908795
0.0496941507
-0.0006973412
0.0004300878
0.2395423651
-0.4200059175
0.2858290672
-0.0065278411
-0.1218198687
0.0300990213
0.8395823240
-0.1141990796
0.0606909133
0.3182743192
-0.0943260044
-0.1827146560
-0.1256223470
0.2250250578
-0.0185630843
0.0515879206
0.1120899171
-0.2111870348
-0.0318542458
0.2119979262
-0.1412330717
0.3016709089
0.1437990367
0.0127634145
-0.6258684993
0.2380711883
0.0668801069
-0.0359165110
0.1710114181
0.0583319589
-0.2006924748
0.1092360839
-0.0274950918
0.2097778767
-0.0060130358
-0.0517723188
0.0536941104
0.2267200053
-0.0040407088
-0.1716491133
-0.4365749061
0.0206588004
-0.3071049452
-0.2167972028
-0.1118223146
0.1746600270
-0.1134953573
0.0617691614
0.0681015998
-0.1240550280
0.1444511116
-0.1330193132
0.1400940567
0.0585267432
0.1412604749
-0.4795139730
0.0076591396
-0.0485963896
0.7946137190
-0.0736130476
-0.0980046764
0.4602617025
-0.0744230002
-0.0933027789
-0.0674534142
-0.2559391856
0.1282936633
0.1401211321
0.0278811213
-0.2228495330
0.3968504369
-0.2052395046
0.1073848233
0.2469228357
-0.2838678062
0.0494545214
-0.1037959158
0.1815905273
0.0901754349
-0.1186393574
0.0947923362
0.0714899823
0.2626995742
0.1557797939
-0.4758089483
0.2593664229
0.3826078176
0.0692791641
-0.1664764136
0.0119592808
-0.0303394459
-0.1024139971
0.0977922902
0.1111325100
0.2429715395
0.3256386518
0.0170364417
0.4033093452
-0.1178514659
0.1222157478
0.2186884582
0.1126255542
-0.0212585144
-0.0484018624
-0.2292859107
-0.1998017728
0.0080291796
0.1003497913
0.2612754107
0.1036384404
0.0002200219
-0.0654009283
-0.0832997933
0.1606093794
-0.0695558414
-0.2115308046
0.1788928509
-0.4586488307
-0.0294830501
-0.0018650517
0.0965562761
0.0239229854
0.3114753962
-0.0288472194
0.7874624133
-0.1911439598
-1.1750252247
0.0106676873
-0.0813017637
-0.4831078351
0.0909996554
-0.6478050351
0.0674190596
-0.1296759993
0.8782268167
-0.1862527728
0.1589702666
0.3166053891
-0.3752266467
-0.1564124674
-0.5480391979
0.1829509735
0.1922651678
-0.1081018895
0.0275453776
-0.1148370579
-0.7428048253
0.0861399472
-0.6598994732
0.1824108809
-0.1958656609
0.1720763892
-0.3914098442
0.7633150220
-0.3998375535
-0.0158904176
0.2513944805
0.0463441610
-0.3900265396
-0.0819936246
-0.0287776049
0.0881625041
-0.4879383147
-0.0751740262
0.1643480659
-0.0099660810
0.1708316803
-0.2137871981
-0.5319259763
-0.0152746318
-0.3529807627
0.0607975498
0.1538639516
0.2571581304
0.0145812286
-0.0895292312
0.0227545127
0.0929448903
-0.0793534368
0.1066663042
0.1822408587
-0.1251529455
0.1839978248
-0.1904456615
0.1356387734
0.0740469173
0.1058038101
-0.0253844131
-0.1364958733
0.0905576423
0.0028121725
0.0319888406
-0.0097494256
0.0387760326
-0.0213557091
0.1354794651
0.0010417248
-0.0279372279
-0.3294668496
0.0803661644
-0.0338189937
-0.0550441742
0.0252475552
-0.0344782993
-0.0215101186
-0.0385860018
0.0387540124
-0.0448283926
0.0154795814
0.0343093462
0.0411803089
0.0098209148
-0.1962922812
0.0294262581
-0.0381848514
0.0280066524
-0.1071809381
-0.0356404372
-0.0001693748
-0.0431314409
0.0595750622
-0.0080106426
-0.1132785082
-0.1054287255
-0.0155114792
0.0142773837
-0.0031233830
-0.0376730524
0.0022060778
-0.0296560079
0.0145901255
0.0227908064
-0.0717164278
0.1260540783
0.0492955633
-0.0261340383
0.0261880532
0.0094562806
-0.0006094241
0.0113236569
-0.0077611436
0.0026522244
-0.0282601081
-0.0421656966
0.0255983341
-0.0011066921
-0.0681270882
-0.0870680958
-0.0083693853
0.0145372227
0.2077879608
-0.0263832044
-0.1308350563
0.1002109423
0.0118685421
0.0313734971
-0.0036603785
0.0448990166
-0.0203201640
0.1447684318
0.0025620679
-0.0276285354
-0.3260616660
0.0825992227
-0.0306197964
-0.0700529963
0.0227060691
-0.0336788818
-0.0162517875
-0.0366365016
0.0440829806
-0.0417902879
0.0179869942
0.0325084403
0.0437749699
0.0107564991
-0.1974532902
0.0328126363
-0.0308021419
0.0295291618
-0.1097439528
-0.0373182818
0.0014357670
-0.0465665162
0.0524663702
-0.0079609361
-0.1179051399
-0.1000826508
-0.0154091977
0.0112918150
-0.0028314269
-0.0411599316
0.0026087405
-0.0206497125
0.0145713091
0.0270596258
-0.0674684271
0.1398364753
0.0546606518
-0.0132962763
0.0273351762
0.0080999583
-0.0014313787
0.0123743182
-0.0080212643
0.0023999580
-0.0238104053
-0.0402894318
0.0208176821
0.0137954215
-0.0726151466
-0.0893496647
-0.0110211987
0.0127372732
0.2067715377
0.0122291129
-0.3849878907
-0.1627053916
-0.2218860984
-0.1767659634
0.2002625167
-0.0519953556
0.0012906921
-0.0456606895
-0.1392607391
-0.2140546888
-0.0446877927
0.3230522275
0.2090953887
0.7594469190
0.0636883974
0.4476024806
0.3637372255
0.4378082752
0.1869548559
0.0773443282
0.2439763397
-0.2943344712
-0.2640121877
-0.0976227820
0.5577168465
-0.1523277164
1.1661031246
0.1404193640
-0.0036168778
-0.2851983309
-0.0968869478
-0.2697830200
0.0041757720
0.0673672631
0.3524737656
0.3194720745
0.0500757806
-0.1271064430
0.2628660202
-0.1198372468
0.2049120069
-0.3313871026
0.0300598033
0.0292204656
-0.0302812401
-0.2135713547
0.2663530111
0.3872919679
-0.1040444374
0.1487371176
0.0487665646
0.2563825250
0.1527581513
-0.0766408890
-0.1235847995
-0.1372605711
0.0914835185
0.5562834740
-0.1602021158
-0.4607952237
0.0693892539
0.0726018474
-0.0595018379
-0.0643534735
-0.2442664355
0.1004798934
-0.2389543653
0.0069380603
-0.0493294485
-0.0380978994
-0.0249379370
0.0106717525
-0.0069336547
0.0378265344
-0.1224950701
0.3359920979
-0.0192489941
0.3482599556
0.0338847153
0.0065118540
0.1026420221
-0.0047904518
0.1157027781
-0.0371103659
0.0553366095
0.0895549208
0.0320003182
0.0660899729
-0.0532062575
-0.0030019647
0.7157102227
0.0361699574
-0.1409487128
-0.0577975512
-0.0310568921
-0.0761376768
0.0809820518
-0.0322757810
-0.0644589588
0.0316975974
-0.0071494160
-0.1669466645
0.0547125824
-0.0081738811
-0.0212267712
0.1350076646
-0.0047743805
0.2059968114
-0.2511431277
0.0850813165
-0.2129896879
0.1091217846
0.0243209451
0.0441331267
0.0180618409
0.0662104413
-0.0124334265
0.0098302606
-0.0309547633
0.0304367300
0.0470124483
-0.0243084226
-0.2335308343
0.0067062024
0.0078695975
0.0151091954
0.2520218194
-0.0641298294
-0.3303025365
0.1285498738
-0.2881346047
-0.0122765442
-0.0150319180
-0.0448017493
-0.0173667334
0.0263852663
-0.0146313719
0.0329570360
-0.0860910937
0.3514797986
-0.0384996347
0.3977042437
0.0153322266
-0.0242136773
0.1452127993
-0.0131817628
0.0650677830
0.0101231765
0.0305535793
0.0871089250
0.0893097222
-0.0134916715
-0.1359139532
-0.0716571733
0.6895289421
0.0201116316
-0.1099105403
-0.1474120170
-0.0190632418
-0.0593462586
0.0341432914
-0.1272873282
-0.0580132268
0.1608458906
-0.0345730409
-0.0071394960
0.0666847154
-0.0614360459
-0.1375106573
0.2011097074
-0.0531743206
0.2546239197
-0.1390073150
0.1276227236
-0.2420654148
0.0511672832
-0.0154607380
0.0015005190
-0.0505726226
0.1059130356
-0.0743317679
-0.0150143411
0.0208740402
0.1184223741
-0.0454821400
0.0237437543
-0.3571974337
0.0377866738
0.0790526792
-0.0607329123
0.2869827151
-0.0761198327
-0.4245002866
0.1814144403
-0.4873445630
0.1184824258
-0.0175449029
-0.0739786923
-0.1045859233
-0.2014502585
-0.0550434217
0.1158444881
0.3786033988
0.4882808030
0.0368626714
0.6744782329
0.1534245610
0.0248035546
0.1692668796
-0.0862449035
0.3836292326
0.1360291243
0.1068000197
0.0506009348
0.2089189440
0.0275419168
-0.4167855084
-0.0715168491
1.1823987961
-0.0639854744
-0.2573479116
-0.1092628539
0.0027515243
-0.1356517673
0.0806297958
-0.2405261099
-0.2687003911
0.5870798230
-0.0446860641
-0.0312292390
-0.1241295859
0.0341269709
-0.0493449531
0.1758531630
-0.1682023257
0.6073129177
0.0303721130
-0.0414361060
-0.3184005022
-0.1050108373
0.0024339897
0.0224958025
-0.0664273202
0.1339448839
-0.2199394107
0.0389730521
0.0464528725
0.2313937545
-0.0638237596
0.0042814724
-0.3072825968
0.3275227547
0.0369858369
-0.0143158650
0.4651829302
-0.0293874145
-0.1210648939
0.1310691088
-0.0391467661
0.0291126668
0.0183284264
0.0599169210
-0.0282789338
0.1165431961
-0.0048626973
-0.0204792414
-0.2126270831
0.1547759473
-0.0176820774
0.0350651294
0.0223090779
-0.0234815385
0.0245651212
-0.0288169403
0.1058509424
-0.0389082171
0.0181799438
0.0027989005
0.0377706997
0.0184377450
-0.1753116995
0.0312791392
0.1979631633
0.0316089578
-0.1480270922
-0.0356159434
-0.0029193880
-0.0550783612
0.0509659499
-0.0142638078
-0.1455214471
0.0061870785
-0.0212353971
-0.0263726544
-0.0241371207
-0.0392694436
0.0075870245
0.0298481602
0.0019837623
0.1192795560
-0.0783122629
0.1307278872
-0.0040344363
0.0017462457
0.0374001265
0.0114858076
-0.0117376298
0.0168227926
-0.0115460530
0.0053587025
-0.0156007716
-0.0339923128
0.0075621116
0.0911231712
-0.1106408313
-0.0748619288
0.0007260313
0.0168520715
0.2408262640
0.0316732936
-0.5023549199
0.2264369875
-0.4034806490
-0.0790456161
-0.0186008587
-0.0334836021
0.0672959462
-0.9248652458
0.0132034989
-0.1418353021
0.1710269153
0.5921625495
0.1596996188
0.5355734825
0.0029795277
-0.0359661169
0.2044444084
0.0309817959
0.8317524791
0.0429019630
0.0355534330
-0.3522092402
0.0669206232
0.0674071610
-0.1425652206
-0.1207681969
1.4736109972
-0.1987813711
0.3980973959
-0.0467940308
0.0595565327
-0.0513846315
0.2732126415
0.0650160462
-0.3364300728
0.3089388311
0.0212507471
-0.2335537076
-0.1602193266
0.0395103060
0.1871984750
0.2145888507
0.0768907145
1.1937671900
0.1467344463
-0.4048523903
-0.3589850366
0.2596811056
0.0166757125
0.0337881595
-0.0400369950
-0.2880599201
0.1350730807
0.0074414643
-0.1871478707
-0.4497078657
0.2455616146
0.1580850780
0.5753371716
0.4251235127
-0.1925292015
0.1674832404
0.2824179530
-0.0325447880
-0.3293372393
-0.6010357738
-0.5756475925
-0.0456905141
-0.1401707232
-0.3674008250
-0.1812553704
-0.8888496161
0.0525909923
-0.2766181529
0.0740762055
0.6821635962
0.1592081934
0.2398637980
-0.0189383477
-0.2420592308
-0.0088183628
-0.1197233796
0.1471213996
-0.4723244607
-0.0267113745
-0.0737429559
0.4903929830
-0.0965736210
0.8766940236
-0.1400654465
1.2017501593
0.4451171458
0.4108321667
0.2404738665
-0.4205285013
0.1207422093
0.4743266106
0.1919316649
-0.3846265376
-0.0552157611
0.0379160456
-0.5961085558
0.1566340625
-0.1080047488
0.2127838731
0.7167747021
0.0783384144
0.8817310929
0.1318558753
-0.0472939499
-0.3736831248
-0.2877751291
0.3515118957
0.1365267485
0.0595094040
0.0802504718
0.1907790005
0.1717719436
-0.2600817084
0.1850956380
0.1079469249
0.1387280971
-0.0102109779
0.3044993579
0.3107222915
0.2276240140
0.3680232167
-0.0475670137
0.1074403077
-0.1090674773
-0.7918794155
-0.0494015664
0.1189224124
-0.1785054207
-0.0568327010
-0.5759809613
-0.0939356163
-0.0315911807
-0.0028245312
1.0350093842
0.0524820015
0.5893828869
0.1287773848
0.2908288836
0.2723798752
-0.1456743032
0.4221824110
0.0285421107
0.1777149737
-0.0386998989
-0.1780473888
0.1179444864
-0.0939316228
-0.2097766548
1.1706188917
-0.0821286067
0.3945968151
-0.3448908627
-0.0209222138
-0.0368330888
0.1138687730
-0.0576591007
0.4105934799
0.3454853296
-0.0652875453
-0.0567520037
0.1762130857
0.2374567240
-0.2518461347
-0.1281374693
-0.1515304744
0.2692271173
0.2310256064
-0.0175885577
0.0467817821
-0.3288076818
0.1172446832
0.0683731958
-0.2281344980
0.0576592088
-0.1178457811
0.1671494693
0.0450528003
0.2553921640
-0.1319762915
0.1290417314
-0.1162764505
0.1587315202
0.2004178315
-0.0748509169
0.3709257245
-0.0406888090
0.0532876328
-0.6966458559
0.3523219526
-0.0745042637
-0.1465255916
-0.8148992658
0.5169048309
0.5037921667
-0.2051604241
0.1393055618
1.1707822084
1.2549259663
0.2693169117
1.0823000669
-0.4742260277
-0.1697335392
0.5148010254
-0.1048888639
0.0412529781
0.1102558747
0.2591843009
0.0706414729
0.1423367560
-0.1741168499
0.1897543967
0.0890559331
0.5268353820
0.2013064623
-0.0291768126
-0.0943281725
0.2589696050
-0.2379618883
0.1907716244
-0.0939040408
0.0400381573
-0.2859627008
0.2321403027
-0.8520231843
0.1126019657
-0.0517361909
-0.1859106869
0.0973462462
0.0536994487
-0.4360714853
-0.6599313617
-0.1514353305
-0.3933888078
0.0398760736
-0.1734793335
0.2691021562
-0.0140714748
0.3352003992
-0.1968613565
0.1879980117
-0.3015023470
0.0584524609
0.3201892078
-0.4743379951
-0.9941404462
-0.0592644140
0.0842745230
-0.0218521263
-0.3839560449
-0.0314348079
-0.3308803439
0.1490056068
-0.0147618279
0.0871314928
-0.0226040501
-0.3443911970
-0.0943770036
-0.0319788568
-0.0319515988
0.0057332693
0.0230948105
0.3408468366
0.0288189258
0.4198687375
-0.0866314918
-0.1610528082
0.2004080862
-0.1468703449
0.1575645953
0.0237902924
-0.0151371509
-0.0146254543
0.0894551277
0.0702339560
-0.2675685585
0.1025898457
0.8166782856
-0.0413028076
-0.2263949364
0.1023682579
0.0132380826
-0.0619898029
0.1182686090
-0.0599478669
-0.4417095780
0.3941128850
-0.0993369222
0.0396306776
-0.0121413674
0.0266521815
0.0524987578
0.0545803085
0.0196080375
0.3087125123
0.1069360226
-0.0020999117
-0.1438153386
-0.2381634265
0.0333173983
0.0446929857
-0.0546954870
0.0233292636
-0.0061099743
-0.0822875351
0.0086208368
-0.0400389135
0.0841443092
-0.1477296352
0.0511712544
0.1563411057
0.0348527804
-0.0304180905
0.4390071332
-0.0765205398
-0.0157683827
0.1317903250
-0.0760923102
0.0168729313
0.0740590170
-0.4039263725
-0.0071631270
0.1064848229
-0.1401617676
0.1136722416
0.1731824875
0.2375995964
0.0825305656
0.4200832248
-0.0912519991
-0.2973893583
0.1052796021
-0.3538032770
0.1920774132
0.0047532492
0.0250526033
0.0605172180
0.1590709835
0.0220123623
-0.2896625996
-0.0425734781
0.8871354461
0.0089323418
-0.4348104894
-0.0464813337
0.0988655165
-0.1188372076
-0.0904376060
0.0048564076
-0.1732269973
0.2073886693
-0.1452127546
0.0420632288
0.0196766723
0.1117527112
-0.0060043968
0.0554597303
0.1008495092
0.1394104213
-0.1646885127
-0.1858058125
-0.2383943051
-0.1976232976
0.1476704180
0.1035981551
-0.0981705189
-0.0171672199
0.0818291008
-0.1383496225
-0.0583113953
-0.1465215236
0.1174416095
-0.4294735193
-0.4060781300
0.1943887621
0.1644414216
0.0165227372
0.4371884465
-0.0969286785
0.6954010129
0.2003217489
-1.2992067337
-0.2786820829
-0.2056850195
-0.2935195267
-0.1281224936
-0.2555123568
-0.0652667508
0.0551770516
1.3627580404
-0.1170528829
0.2702676058
0.2252751738
0.4919496775
-0.0647692606
-0.3473046422
-0.3695775867
0.7145038247
-0.1967485249
0.3823032975
-0.1596774161
0.2276052982
0.0131517760
-0.3147086501
-0.0323800966
0.6281513572
-0.0285558049
-0.7382388711
0.1939881146
0.1394250691
0.0219091363
0.2413380593
0.1541411877
0.5011605620
-0.2564741373
-0.1322606504
0.4384455085
-0.2515037358
0.1502523124
0.4955964088
0.2710844576
-0.1515427679
-0.1674974859
0.2677538693
-0.3824819326
-0.6236832738
-0.3546813428
0.1838820577
0.0626790673
0.0734798163
-0.3046249449
0.2140084505
0.1819865853
-0.2530556321
-0.0940004587
-0.0786266401
-0.6548499465
0.4649554789
0.2957503498
0.0217995048
0.2661885023
1.1559460163
-0.0748621002
0.5820538402
-0.1658652723
-1.0762356520
0.0177760292
-0.1307784766
-0.4592185020
0.0497111455
-0.2985102832
0.0481030233
-0.0520187803
0.8458940983
-0.2019943148
0.1439881176
0.2394440323
-0.3142027855
-0.0529888235
-0.2594936192
0.3513534963
0.1251122952
-0.0342534482
0.0963132679
0.0599870868
-0.6574044228
0.0824735835
-0.5413117409
0.1754959971
-0.0400520936
0.1084798723
-0.2385073751
0.5873501897
-0.3566426337
-0.0074624359
0.1604862958
-0.0113348244
-0.3904947340
-0.1158307791
-0.0694793090
0.2523598969
-0.2771819532
0.0386336967
0.1245483235
0.0753776953
0.0676719919
-0.2876769900
-0.5214779377
-0.0235296562
-0.2883003950
0.0179110765
0.0388177969
0.1971807182
-0.0918818191
-0.0491769649
-0.0869953930
0.0944738090
-0.0003299090
0.1249769777
0.0708583593
-0.1221090853
0.2067422569
-0.3229516447
0.0766884610
0.0111375470
0.1436695755
-0.0328855626
-0.1582665592
-0.0918772742
-0.0990227982
0.1176339611
-0.0748483017
-0.0906478837
-0.0023362606
0.0042099534
-0.0522094741
-0.0539765731
-0.2458688170
0.0564352162
-0.0622831248
0.1385197490
0.0007248791
0.0168966539
-0.0872312784
-0.0403764211
-0.0953514427
-0.0484415628
-0.0066454802
-0.0065396517
0.0332185663
-0.0420386456
-0.2367698550
0.0031909987
-0.2151093632
0.0206885282
0.0439625159
-0.0221208800
-0.0114987455
-0.0363289155
0.1370081156
-0.0841902196
-0.0962744728
-0.1579839289
0.0022025034
0.0999811441
-0.0209742393
0.0172477942
0.0386784151
-0.1664240509
0.0192253850
-0.0095890220
-0.0942211449
-0.1716809869
-0.0104545578
-0.2950032949
0.0438577756
-0.0296723135
0.0334871672
0.0523693338
-0.0458328873
-0.0250753947
-0.0760148168
-0.0463013202
0.0096985018
-0.2463037968
-0.0286894813
-0.1222293526
-0.0154977608
0.0531473979
0.2284605205
0.1257784218
-0.4581852555
-0.3248408139
-0.0527427383
-0.1085510030
0.0378472954
0.2651253641
0.1007319391
0.1663017720
-0.0815294087
-0.3912938237
-0.0273607317
-0.2187530249
0.1164778620
0.8329640031
-0.0990819633
0.8110603094
0.4990667105
0.6063203812
0.5194409490
0.1604597569
0.2233286351
-0.4777190685
-0.1709580272
-0.2042115331
0.6977387071
-0.5969929695
1.4093238115
0.0493349805
0.3006362915
-0.8652634621
-0.2353497893
0.0264079776
-0.1735049337
-0.0083725592
0.7404073477
0.4374344349
0.1877703220
0.6007438302
0.0624980181
-0.1774163246
0.0306945127
-0.3896764219
0.0740727410
-0.1148344949
0.1150704622
-0.4651547074
0.2476585507
0.4503535032
-0.0268585421
-0.0248914957
-0.0501732640
0.3489867151
0.2499616593
-0.0743943453
-0.1757280529
-0.2917552888
-0.1718857586
0.7285719514
-0.0374530330
-0.8644028902
0.1581371874
-0.0959734842
-0.1911799163
-0.0708798394
-0.7437459230
-0.0230918378
-0.2093856335
-0.0443633385
-0.0417612754
0.0617275052
0.1572746038
-0.4766543508
0.0583159663
0.0759383142
0.0510307923
0.3614133000
-0.1149563491
0.2790636122
0.1958386451
-0.0750128925
0.1773003787
-0.2006019354
0.1596264392
-0.1787832230
0.1851529032
0.1261355579
-0.0142781883
0.0621711947
0.0619481094
0.1705873460
1.6056281328
0.1175523996
-0.1954432875
0.0664563626
-0.0652423128
-0.0813535154
0.1491432339
-0.0685354024
-0.1214899570
0.1291546226
0.0367491134
-0.3122657835
0.0015562657
0.0477180295
-0.0271029789
0.0774879828
-0.1398240477
0.4442815781
-0.0675707310
0.0257089045
-0.5997796059
-0.0672584325
-0.0149964998
0.0318605229
0.0148138674
0.0991376862
-0.0089644566
0.0808608159
0.0389842466
0.1199831218
-0.0485663973
0.0918946937
0.1343240142
0.2254800946
0.0300670974
0.0158651378
0.3504360020
0.1409464329
-0.8066957593
-0.1518848091
-0.5753918290
0.0329726152
-0.0861703083
-0.0066897897
0.3146364093
-1.3135417700
0.1796703041
0.1792211831
0.5251989365
0.6306762099
0.1084116176
0.5255367160
0.5448458195
0.3548865020
0.1019716412
0.6068614721
-0.1793986559
-0.1386833340
0.4099484980
0.1134713739
0.1283866316
0.2968060970
0.0803598017
0.2539714873
2.1867072582
-0.1564890146
-0.6672891378
0.2050469816
0.0057345959
-0.1403751224
0.2604523599
-0.0356011204
-0.4244281948
0.1852767318
0.1571688503
-0.1769668758
-0.1410613060
-0.0337456800
0.0639995337
-0.1648299843
-0.6720334888
0.1946759075
0.1324441582
0.0299677756
-0.8084200025
-0.0927997530
-0.0518222712
-0.1825357974
0.3014789820
-0.0208793599
-0.3700486720
0.0810993165
0.0668774620
0.3549656272
0.1256420761
0.8235895038
0.4309456646
-0.0682838112
0.1260057092
0.0983825177
0.3108520806
-0.0303768907
-0.1604152620
0.1083444655
-0.0031233758
0.0347329639
0.0031091371
0.0775585473
-0.0155312056
0.1276264489
0.0018275877
-0.0128280539
-0.2211812884
0.1575115174
-0.0344259739
0.0037622978
0.0481999330
-0.0368323550
0.0128460983
-0.0524808317
0.1076914743
-0.0344532318
0.0138992388
0.0287400968
0.0571168773
0.0141427638
-0.1557714641
0.0307922494
0.2088846862
0.0375857279
-0.1585578322
-0.0230194740
-0.0062150708
-0.0497531742
0.0396851376
-0.0261614434
-0.1825542003
-0.0104211969
-0.0242224615
-0.0304247681
-0.0154135879
-0.0442794710
-0.0094383406
0.0519308299
-0.0094212824
0.1087341681
-0.0314531177
0.1360464990
-0.0690204874
-0.0377370715
0.0353842825
-0.0032885822
-0.0027494342
0.0299368203
-0.0291031022
0.0027625100
-0.0060295421
0.0048710122
0.0016421399
0.0455687009
-0.1413736343
-0.0752433911
-0.0075643100
0.0133965695
0.2324404120
0.0019233602
-0.1602074951
0.1162234843
0.0661798641
0.0187088512
0.0104164174
0.0436976589
-0.0809650198
0.2162304372
-0.0414358713
-0.1152434498
0.1947457492
0.3259598017
0.0174797252
0.5385660529
-0.0926850885
0.0230018906
0.1234406754
0.0763887241
0.0288025234
0.0024480505
0.0291673336
0.0184890460
0.3175561726
-0.0054778480
0.2249978483
-0.1803438514
1.1658600569
0.0660448521
0.0503494143
-0.1718505025
-0.1226606965
-0.0180897545
0.0012928374
0.0492211245
-0.4525772035
0.2346875072
-0.0152444132
-0.1564870775
0.0794168487
-0.0700078160
-0.0042128521
0.1674030572
0.0639223382
0.4437421262
-0.1860493124
-0.0732707381
-0.4346039593
-0.2474343479
0.1197461858
0.0019408580
-0.0053987736
0.0838690624
0.0807341859
-0.0422967821
-0.0443192571
-0.0389701128
0.0291727260
-0.0002727673
-0.4264616966
-0.1745816916
-0.0059497799
0.0389460921
0.2679145038
-0.0335163288
-0.1556131691
0.1226071268
-0.0936210006
-0.0213432815
0.0076822531
0.0362269282
-0.0857360810
0.0487253144
-0.0396281965
0.0065878429
-0.0635080189
0.2394081503
0.0038254946
0.0179119371
-0.0695820972
-0.2388424426
0.1326798201
-0.2356633693
0.0274647642
-0.0732951835
0.0563031435
0.0016970308
0.1450177729
-0.0133095328
-0.1642729342
0.0768223107
0.6046609879
0.1150200590
-0.0151405735
0.0635839328
-0.0405384377
-0.0505229309
-0.0229163133
-0.0597327091
-0.1246736795
0.0853980854
-0.0103000365
-0.1558784992
-0.0176796746
-0.0216992218
-0.0423851125
0.1655431390
0.0547252186
0.3863849044
-0.0113722794
0.0505564399
-0.2562158406
-0.1672083735
0.0646376386
0.0378227755
-0.0294522941
0.0073569329
0.0818716213
-0.0648489669
-0.0402608588
-0.0428476296
-0.0271022394
-0.0739307627
-0.0935430303
0.1104572266
0.0330897979
-0.0427327007
0.1253369749
-0.1381633878
-0.1063916385
-0.3450546563
0.3021070957
-0.0697229505
0.4255218208
-0.5300952196
1.1548267603
0.2970379889
-0.0813101158
0.0908266529
0.9619148970
-0.0063722255
0.1075546443
0.2410014123
-0.4552047849
-0.3396372795
0.5274658203
-0.2778428197
0.1731029153
-0.0772300139
-0.3487886488
-0.0499450192
-0.3677419126
0.1590717137
-0.2452588826
0.0312499534
0.9298355579
-0.2339374721
0.3236311972
0.2168638259
0.2193480730
-0.1016608253
-0.4244565368
-0.1401928663
0.6645134687
-0.1369531304
-0.2282878160
-0.2558888197
0.4693309069
0.1621479839
-0.3091943264
0.0012258430
-0.2174546719
-0.4292076230
-0.4851351380
-0.3343728483
-0.2007456422
0.3333351314
0.0995597839
-0.2316778600
-0.1666100174
-0.2607039809
0.0733584762
-0.3227942288
0.2175806761
-0.2487657219
-0.0359188803
-0.4683709741
-0.1705228090
-0.1005966291
-0.1426256895
-0.0753001720
-0.2455168366
-0.0930603296
-0.8044716120
-0.8631231785
0.4531693757
0.1637689769
0.2948259711
-0.2716612220
0.8469920754
-0.3101227880
0.0018602398
0.0372560583
0.8229839206
0.1836948246
0.1076008603
-0.2911774814
-0.1949679255
-0.2817030847
0.6563430429
-0.3189572096
0.8215935230
-0.4072327018
-0.0483932346
-0.3682027757
0.4045614004
-0.0884274095
0.1707224101
0.0903226137
0.9016504288
-0.2946311831
0.0028884108
0.4578845799
0.3250749111
0.0318335854
-0.0787534788
-0.1074937209
0.7862064242
0.3966746926
-0.1632621437
0.4254742265
-0.2677057981
0.1979225129
-0.2417745441
-0.1313977242
-0.3920425177
-0.0693250671
-0.3181180656
-0.4846119285
0.3196156919
-0.0310396310
0.0659284741
-0.3590126932
-0.0278579928
-0.3276992142
-0.3665160537
-0.3209533691
0.5148116350
0.2583438754
-0.3220335841
-0.3252457976
0.7421335578
0.0072547602
0.0721118748
-0.4387315512
-0.0188948624
-0.1839854270
-0.2844639421
0.2399003953
0.3072321713
0.3570559919
-0.1051481068
-0.9078236222
-0.2004023641
-0.4202045798
0.1653690040
-0.2067958266
0.1035874560
0.3838654160
0.1485119462
0.0577551313
0.1717875153
-0.3911212683
0.3085347414
-0.0908288211
0.5895544887
-0.0051537808
0.1221361160
0.0723868236
0.4111688435
-0.2586216033
-0.3908412755
0.3603233993
0.7463661432
-0.1425640881
-0.0728905573
0.2919458449
-0.0084368214
0.2613059878
-0.0013973077
0.1299884915
-0.4399077892
0.2320595682
-0.1131652147
0.3619102836
0.0981718972
-0.3377143741
-0.0258575212
0.2887450457
0.0679986030
-0.1637998074
0.2424911708
-0.5167342424
-0.4925637245
0.3059074581
0.2900642753
-0.0388333648
-0.0453022234
0.4153486788
-0.0821782351
-0.0720502585
0.2040228248
0.0290685482
0.1191564351
-0.4207107723
-0.5496534109
-0.1828425676
0.5501506925
-0.0088062342
-0.1710842550
-0.0094136540
-0.1473581344
0.0435188599
0.0314519219
0.0203116033
0.0048082201
0.0707708076
-0.0167813394
0.1553825438
-0.0004752468
-0.0055939155
-0.3084862530
0.1872994602
-0.0306204706
-0.0857175216
0.0580415167
-0.0579170287
0.0311604664
-0.1007042006
0.0837200359
-0.0263859332
0.0092099765
0.0269402750
0.0312924720
-0.0053306627
-0.1651902348
-0.0187575500
-0.0236940291
0.0249958895
-0.0848578811
-0.0335105397
-0.0151559133
-0.0333071947
0.0185035691
-0.0292733498
-0.1751549095
-0.0886589959
-0.0291707069
-0.0319777913
0.0065481481
-0.0453885496
-0.0101592131
-0.0538392961
0.0146004148
0.0636514276
0.0003452438
0.1198007166
-0.0037934128
-0.0013474728
0.0158368610
0.0143412929
0.0004880124
0.0128349885
0.0468221679
-0.0104735894
-0.0290477388
-0.0099532474
0.0004553279
0.0209946334
-0.1000439450
-0.0948329717
-0.0125935096
0.0074619222
0.1656239927
-0.0053571379
-0.1646671444
0.0476127900
0.0126320664
0.0296545625
-0.0028248520
0.0493336953
-0.0201300327
0.1560340822
0.0033767547
-0.0178851541
-0.2926678658
0.1280825883
-0.0126992157
-0.0847006962
0.0810379535
-0.0562857054
0.0366565995
-0.0905042291
0.0635785758
-0.0304187182
0.0324194841
0.0506193824
0.0442677848
0.0031407003
-0.1885375530
-0.0246003065
0.0217527077
-0.0008196427
-0.0986155644
-0.0230990816
-0.0129223112
-0.0343440808
0.0183655135
-0.0061686346
-0.1486295164
-0.0914342850
-0.0284572095
-0.0089174705
0.0026033607
-0.0267234538
0.0153517118
-0.0471352488
0.0159960538
0.0476128496
-0.0181539170
0.1013398468
-0.0008897668
-0.0130863832
0.0338664018
0.0067151305
0.0153914494
-0.0040569450
0.0394784063
-0.0052884039
-0.0349325761
-0.0325189978
0.0194061324
0.0124892425
-0.1264765263
-0.0743706822
0.0003335445
0.0134281386
0.1576621979
0.1267209798
-0.8058256507
-0.5585644841
-0.1106620058
-0.1518382579
-0.1316095442
0.1594385356
-0.0332304500
0.0703149736
-0.1353955269
-0.0567320473
-0.3998003900
0.7200011015
-0.1418941021
0.3319924772
0.0002711635
-0.2879360020
-0.0995119065
-0.1493427157
0.4385809600
-0.1486824900
0.1069263890
-0.1022941843
0.0010680985
0.0123085054
0.5722476840
-0.2896280885
0.7119500637
0.0409728922
-0.1171273291
-0.3307967186
0.0259920750
-0.0077334121
0.1119471788
0.1105816662
0.2737239003
0.1090698019
0.0049507148
-0.1215631440
0.3567524850
0.0300424229
-0.0994128808
-0.1614818573
0.1694915742
0.1077914163
0.5857555866
-0.2393711209
-0.2468481958
-0.2786203027
-0.0647744313
0.1285199374
0.0621071532
0.1191278845
0.5092312098
-0.1030571982
-0.1709429771
-0.3147809803
-0.0547727160
-0.1505603492
0.1011607125
0.2424434572
0.0726594552
-0.0681619421
-0.1212496087
0.3462240696
-0.3073448241
-0.3439626694
-0.8227361441
-0.5042921305
-0.2597188950
0.0620272532
0.3209555447
0.1298070699
0.0265345778
0.0754165202
0.3135486841
0.6998650432
-0.1124458164
0.6813233495
-0.0475523211
0.4970141053
0.5145486593
0.6803898215
0.5423674583
-0.1473562121
0.3119417429
0.1278331727
0.1411174536
-0.0781908557
0.3818784058
-0.4707374573
1.4002374411
0.0713855252
0.3385476470
-0.5732598901
-0.1831689477
-0.2777875960
0.0771562308
-0.1426052600
0.2575460374
-0.0976510718
0.1431698650
0.8478233814
-0.2138197124
0.0412644818
-0.4928752184
-0.3561815023
0.1881639659
-0.2584920526
-0.0310179759
-0.0320366882
-0.7254064083
-0.0585563369
-0.2790253162
0.1730665267
-0.0644753054
0.1327511072
0.2225090265
-0.0567961074
-0.1007789299
-0.0353393964
-0.3173315525
0.1677652448
-0.0981904343
-0.2572298944
0.1945710629
-0.3070404530
0.5071326494
-0.0166184437
0.5523338318
0.0864464045
-0.2348756939
-0.0857736543
0.0706662536
-0.3011884391
0.2626301348
-0.3003058732
-0.1428415030
0.0737709180
1.0090638399
-0.4734711647
-0.0046654642
-0.0135088367
-0.1099452898
-0.2273505032
0.0896496475
0.4079062045
0.0051612277
-0.0042304755
0.1061883047
-0.3322581947
-0.0344738215
0.0752544254
-0.0286884420
0.2646801472
0.2865075171
0.2445113808
-0.7578154206
0.2947385013
-0.1044113189
-0.0815999061
0.0761153772
-0.0504993647
-0.1216703132
0.0511904322
-0.0091314949
0.5995274186
-0.1508357972
0.1620018482
0.0135688558
0.5563775301
-0.0047785076
-0.0882245675
-0.2885534763
-0.0488299876
-0.6878251433
-0.3635834157
-0.0015897603
0.0529594235
-0.0763770267
0.2416181862
0.0639217421
-0.1991501302
0.1476630718
0.0701641589
-0.1561959386
-0.1081786677
0.4320247769
-0.7331623435
0.0414019078
0.0447475910
1.0598983765
0.0192752443
-0.3847492635
-0.0569350161
0.0202092994
0.0790897757
-0.0718428046
0.1219972819
-0.0267698094
0.0745895877
0.0566557422
-0.0911059007
-0.2449483126
0.1352146268
0.0477559678
-0.0220611654
0.1718115807
0.1477959454
0.0791028887
-0.0220922027
0.1905706227
-0.0458196700
0.1371266693
0.0623716712
0.0618079342
-0.0326942503
0.0440740585
-0.0287555326
0.2051169574
-0.0192086808
-0.1910973936
-0.0673710033
-0.0304701384
-0.0754068717
-0.0199859291
0.0754547566
0.0929842368
-0.0321542285
0.0396521315
-0.0153616844
-0.0565670356
0.0363834798
0.0945524424
-0.1054709926
-0.0491047427
0.0066670123
0.0800243616
0.0964433700
0.1353771836
-0.0258221366
0.0902506858
-0.0707133710
0.0835709870
-0.0121210814
-0.1043146700
0.0149164880
-0.0815354213
-0.0390690975
0.0402300209
0.2140007615
-0.1957764179
-0.1193249002
-0.0010214593
0.0852522403
-0.0904956013
0.3038680255
-0.8673363924
-0.5254324675
-0.3013259470
0.0084662139
-0.1404920369
0.6615804434
0.0869489163
-0.2647107542
0.1714159250
-0.4116413891
-0.2286199629
0.6033697724
0.0258876607
0.5689706802
0.3062271476
0.2703057528
0.2672526836
-0.3215515018
1.1401604414
-0.2845886052
0.1456989497
-0.4714756608
0.0498759225
-0.2816103399
0.9406991005
-0.2111902237
1.1236302853
-0.0573082939
0.1073314399
0.0100567434
-0.0649355277
0.2690605521
0.1746643931
0.0732062981
0.0890009701
0.0367612801
0.1613559723
-0.5378354192
0.1045240015
-0.2094929516
-0.0882158279
0.0527461618
-0.2620391548
0.4327416420
0.5758852959
0.2781974375
-0.8002978563
0.2310752869
-0.0595743880
0.0558377653
0.1499803513
0.1955880821
0.3710548282
0.1930485219
-0.2585592568
-0.0399008989
0.0256813280
0.1057962701
0.1736256629
0.0781800523
0.1659569293
0.2163197547
-0.5765805244
0.0162969492
-0.8532580137
-0.2277579904
-0.0587809831
-0.1724188626
-0.1978566498
0.4686588943
-0.0190393887
-0.3715398610
-0.0428341813
-0.1828473955
-0.0992254540
1.1251538992
-0.1119074076
0.5070215464
-0.2491378337
0.0781250000
0.0235279389
-0.0162755828
0.8943337202
-0.3072153926
-0.0693882182
-0.5481978059
-0.0803764388
-0.1882783324
0.3555833995
0.2328334004
0.8808481693
0.4390565455
-0.0503846593
-0.0222780127
0.0321939550
0.0730250850
0.1933192462
-0.0010479193
-0.0506489649
0.3381602466
0.1222813576
-0.6960563064
0.0936728641
-0.2519488335
-0.0461372994
0.1197845414
-0.3782745600
0.4201073349
0.3557043076
0.3081657887
-0.4483886063
0.2393068671
-0.2820642292
0.2874470949
-0.0930159017
0.4203407764
0.0589850806
0.1083834991
-0.2448037118
0.0001257194
0.0421537310
-0.5429364443
0.3675071001
0.2763451338
0.1260467321
0.2147040665
-0.8850955367
0.1082753614
-0.8122532964
-0.0774191022
0.5627598166
-0.0974311382
0.0625940859
0.3270599544
0.0724387616
0.2609016001
-0.1608250141
-0.0248983130
0.2426047623
0.3788533807
0.0492652915
0.9305853844
-0.0215721522
-0.0135284346
0.2156342268
-0.0810209289
-0.0429352783
-0.1110361814
-0.0319127627
-0.0165515598
0.3087129295
-0.2765398026
0.2703163624
0.1229086518
1.8253694773
0.3792159557
0.2699359655
0.1103764400
-0.4835127294
-0.0898448303
-0.2273582071
-0.2599906027
-0.3466731012
0.8947919607
-0.0279480051
-0.0968992412
0.2981573939
-0.1155198514
-0.2703680694
0.3160391152
-0.1246664003
1.0196607113
0.1310822368
0.1548983753
-0.9089843035
-0.4482370615
-0.1450516135
0.1522676051
-0.0513694510
0.3539887369
0.2410380095
-0.2137438357
0.0493749939
0.6381051540
-0.1609934121
-0.6180191636
-0.3660933375
0.0472801775
0.3427578509
-0.3118006885
-0.0563015975
-0.0944540352
-0.1418345273
0.0138096279
-0.1905057579
-0.0002556098
-0.0964864269
0.2654944956
-0.3841032684
0.0738310367
-0.1224010587
0.1234864816
0.5018331409
0.5001823306
-0.0053178309
0.3688700199
-0.1138606593
0.0055217720
0.1156316176
-0.1980898231
0.3653304875
-0.0119358385
-0.0357340910
0.0387733765
-0.1789737344
0.1955486387
-0.3422195613
0.0925364345
1.1138892174
0.2042933106
-0.3549816012
0.0355933122
-0.0965364948
-0.1874871254
-0.2460050583
-0.0171834212
-0.1278392673
0.5438942909
-0.1159674153
-0.3569336534
0.1108921692
0.1030560285
-0.1287743002
0.0080430433
0.1596899480
0.5326318741
0.0539553910
0.2087613642
-0.4939894080
-0.4810151458
0.2042873800
0.1438592672
-0.0417068675
0.1540102661
0.1709533483
-0.1555900276
-0.0406982601
0.2149332911
-0.0139104957
-0.0090564936
-0.5833261609
0.2547091246
0.1052367985
-0.0088752368
-0.3514156342
-0.4096718132
-0.0804221258
0.1629700065
0.0877899602
0.5250242352
-0.4310291708
0.0074296128
0.8975996375
-0.1511196494
0.1449734718
-0.0236859135
1.0462572575
0.2608064413
-0.1951593906
-0.1346964985
0.5471470356
-0.2327589393
-0.2766043246
-0.5518989563
0.5369454026
-0.2974308431
0.2325978130
0.0543670021
0.3746995926
0.2731378078
-0.0011515642
0.3614925444
1.5000920296
0.0195021387
-0.3461002707
0.3080893457
-0.0562504940
0.3014238179
-0.3839060366
-0.0341299586
0.2572554350
0.0515320972
0.0714392588
-0.2028319389
-0.1386180222
0.2471093386
0.1161629409
0.1566129625
-0.1798475087
0.5528791547
0.3699658513
0.0017953843
-0.6193329096
-0.7138528228
0.2879828811
-0.3432261646
0.0360044762
0.0089442041
-0.0606416203
0.1139480695
0.0929522663
-0.5248314738
-0.1255326122
-0.0514186472
0.4555385113
0.5636854768
-0.1583206356
-0.0285815392
-0.4717885554
-0.3442192078
0.3268785179
-0.0688410476
0.1007781178
-0.2309206873
0.4461570382
-0.7693127394
-0.0980563983
-0.8192840815
-0.2448891401
0.1869536936
0.3367249966
0.2336810976
0.4696754813
-0.3122662306
0.0194567535
0.1750433296
0.6588192582
-0.6869142056
-0.5365083814
0.0391924679
-0.4320144951
-0.2474113256
-0.4225697219
0.2422074527
0.0161387213
0.0874745175
0.7873681188
-0.0232057888
-0.5536081195
0.4157504439
0.4125920832
-0.3865687251
0.2977972925
0.2029458433
0.2784743011
0.5290290713
-0.6870708466
-1.0303250551
-0.0477036573
0.1216406673
0.0840696543
-0.3380190730
-0.0212470349
-0.6457545757
0.0365938507
0.1752881706
-0.3852749169
-0.2978042364
0.0499481373
0.1083849370
-0.1993905902
-0.0788987502
-0.0999038219
-0.0469121896
0.1645547450
-0.1626666188
0.1718440503
-0.2638544142
-0.8295300007
-0.0647412986
-0.1074915230
-0.0697458982
-0.6949981451
0.4900404811
0.4077249169
-0.5588074923
0.4935139120
0.1091684029
-0.0650305599
-0.6976796985
-0.2672729790
-0.3503542840
0.1595260352
-0.0740295723
0.3340207040
1.0703679323
0.0489526168
-0.1655292511
0.1358189881
0.2990200520
0.0646915808
0.5256789327
1.0885558128
-0.3209144175
-0.1632101685
-0.3114804924
-0.4123631716
0.1684569716
0.8190285563
0.0226572454
0.5598744750
-0.2294077128
0.0325669535
0.0213559661
-0.1578490287
0.0752559900
0.0491137169
-0.4283984303
0.3464165330
1.1805433035
-0.0361657590
0.0667013675
0.2669596970
0.0813668147
-0.4555624127
-0.0181114860
-0.3484835625
-0.0505542532
-0.3571791351
0.0545056388
-0.8428976536
0.3252014518
-0.3917752802
-0.1342404634
0.2919368744
-0.0604664087
0.3249775469
0.1610886753
-0.0266419165
-0.0858599022
0.0660610199
-0.2940957844
0.0783967525
-0.9023879170
-0.6046148539
-0.4078211784
0.1175234094
-0.2067901641
0.3187792003
-1.1287869215
0.2624369860
0.1334254593
-0.0554913245
-0.4696585536
0.0936357006
-0.6726422310
-0.3222546279
0.7176131606
-0.0988115221
-0.0292307325
-0.1018427014
-0.0744883418
0.2054300308
-0.2250108123
-0.4261372387
0.0195992701
0.3960500360
0.2764839828
-0.0535549484
-0.2106513083
-0.0916492119
0.3742838502
0.0193805974
0.3432810903
0.2254106998
-0.0029038526
-0.0667732283
0.5560762882
0.4142594934
-0.2196907550
0.0905827582
-0.5353735685
-0.7631080151
0.5425310731
-0.3343279064
0.3033836186
-0.1353974640
0.2869184017
-0.1050555184
0.6278353930
-0.2845125496
0.3867665827
0.2937862873
-0.2444085181
-0.9682793021
-0.3412814736
-0.1519276649
0.0089551229
-0.0532714985
-0.2000052035
0.0581780151
-0.2350831330
-0.0290811174
0.5592857599
0.1241711080
-0.1121168882
-1.5784184933
-0.0668650493
-0.3585848808
0.0029176271
-0.0720544085
-0.1068658531
0.0264911167
-0.3510584533
0.5634391904
0.1220206395
-0.2638509274
-0.3122691810
0.4673996568
0.7706499100
-0.0848688707
0.1606869549
0.5555931330
0.0425534733
0.1360884309
0.1178643405
0.1835888624
0.0132370917
-0.1431179643
0.0590524375
0.1581526101
0.0787977204
0.0734186396
0.0178257972
0.2857584655
0.2065627277
0.0667481497
-0.0393414386
0.1346695721
-0.2226948291
0.1002036259
-0.0018307990
0.1625447571
-0.0485146046
-0.0618157424
-0.0725163147
-0.2621127963
0.1210422888
-0.1630463153
0.5395861268
-0.2906637490
0.2461748570
0.1724105775
-0.1093237549
-0.0595345087
-0.1167922840
-0.1594040841
-0.3229723573
-0.7683435082
-0.2731923461
0.0608555563
-0.0548581891
-0.0309736300
-0.0886275172
-0.1849335134
0.0211854894
-0.0933132470
-0.0070582493
-0.0883864164
-0.1778337657
-0.1185366586
-0.1717343777
0.1433273554
0.0716065988
0.2233689278
-0.2969062030
0.1954611391
-0.5878465176
0.7137430310
0.0983799919
-0.5971648693
-0.6183134913
0.3811761439
0.1204591766
-0.0607779920
0.1102757901
0.8968782425
0.2257455438
0.2992984951
-0.1130896881
1.0090751648
-0.2370692343
-0.3169692457
0.1613252908
-0.2625816762
-0.0705732331
0.2466793358
0.2092812657
0.2870212793
0.4706379473
-0.3233066797
-0.0514465310
0.5390747190
0.0256582815
-0.3698506653
0.1936165690
0.0909985080
-0.4310238957
-0.2221668214
-0.1724883914
-0.3377183676
-0.1651004553
-0.2287516296
0.4046327472
-0.1114825457
0.4107403457
0.2154721618
-1.0199408531
0.1043876857
-0.2876630127
-0.2760031819
-0.8796133995
-1.4268516302
-0.4603024125
0.1197671741
0.1618850678
-0.0785618797
-0.0690055713
0.3281038404
-0.2018377036
-0.2780385017
-0.1973363459
0.1151665375
-0.2729244828
-0.0577396639
0.1826143563
0.1641628593
0.1843234599
-0.0320735946
-0.0208945516
-0.0035128309
-0.3013211191
-0.2065687478
0.1653017551
-0.2458941340
-0.1679846197
0.0285398830
0.3373744190
0.0323357694
0.1242499277
-0.2513777316
0.1215172559
0.0467566699
-0.1990090758
0.1964205354
-0.0213485081
-0.1474236846
0.0587611794
0.3854710460
-0.1727620661
0.1083079427
-0.0532066561
-0.1765806228
-0.0625046417
0.2884849906
-0.0314175338
0.2268469632
-0.1180148944
0.1225166023
0.2490564287
-0.1687801331
0.1349008828
0.0058879168
0.0656106696
-0.0591735654
-0.2028441429
-0.1545600295
0.4479131401
0.0223401953
0.1268053800
0.0804554597
-0.4425504804
0.1056479886
0.0845429972
-0.0512703396
-0.2321661562
-0.6858395934
-0.3113587797
0.0957948193
0.0770739540
0.0295597333
-0.0731608346
0.2562541068
0.0650970787
-0.2098915875
-0.1417250335
0.0558456518
-0.2697743177
0.3610539436
0.0417812057
0.1028951332
0.1766724437
-0.1333447695
-0.0042174747
-0.3184499741
0.0728608370
0.0309481714
0.0270958152
-0.0374516957
0.1223118156
-0.1006649733
0.1126583219
-0.0171960760
-0.0118011693
-0.3111225963
0.1665243059
-0.0303309932
-0.0329380631
0.0695959106
0.0093535259
0.0078489166
0.0002303170
0.0965320319
0.0122461291
0.0818204880
0.0769083276
0.0521643609
0.0195343383
-0.1019903347
0.0022671116
0.2277232111
-0.0614470877
-0.0801063627
-0.0959276259
0.0186991580
-0.0320763066
0.0179733913
0.0099756001
-0.0383375324
0.0057734856
-0.0077248593
0.0889211074
0.0617031306
-0.0186746139
-0.0287662800
-0.0110443840
0.0337226652
-0.0072517293
0.0511757322
0.1665805280
0.0713603497
0.0101870671
-0.0202719755
0.0183908306
0.0145683214
0.0255883988
0.0383911580
-0.0193771068
-0.0315782949
-0.0680296496
0.0373434015
-0.0165884588
-0.0427660011
-0.0364793912
0.0142440647
-0.0494082756
0.0334668383
0.0418793149
-0.2528015971
0.0771532357
-0.0049478868
0.0457146615
0.0182409249
0.1604161710
-0.0091527123
0.0937102363
-0.0264462586
-0.0437997989
-0.2337416410
0.2943096161
0.0426614694
-0.0179935396
0.0394546725
-0.0591581240
0.0295821652
-0.0908547640
0.0783734992
-0.0121426163
0.0781691968
-0.0439559743
-0.0279014371
-0.0617061034
-0.1263967603
0.0969814956
0.2900819778
0.0069934693
-0.0924123973
-0.0531278811
0.0428808965
-0.0562009029
0.0161108021
-0.0043478212
-0.1221988797
0.0244660545
0.0033420958
0.0315217525
0.0441929735
0.0133263078
-0.0038513832
0.0697789639
-0.0241810493
0.1325502992
0.0417908728
0.2751529217
-0.0658251569
-0.0648469552
0.0191513076
0.0298839658
0.0458828621
0.0814998671
0.0741746277
-0.0305358171
-0.0389866792
-0.0242757406
-0.0107067050
-0.0951279923
-0.0294633638
0.0793114305
0.0431877300
-0.0075762989
0.0524095334
-0.0054234872
-0.0484412052
0.1553223729
0.0639628693
0.0301019866
0.0261393711
0.0579182729
-0.0024490345
0.1858941466
-0.0112325652
-0.0068433960
-0.2598722279
0.0112973340
-0.0215929151
-0.0953197181
-0.0052036173
0.0087286606
-0.0332404822
0.0333569609
0.0040653669
-0.0396151803
0.0103620514
0.0194894318
0.0414121300
0.0029853564
-0.2213613987
0.0333665125
0.0966922790
0.0138039850
-0.1423119158
-0.0269179642
0.0250525530
-0.0387581177
-0.0026033560
-0.0109365173
-0.0665716380
-0.0488999262
-0.0154377790
0.0565883256
-0.0233408585
-0.0375268646
-0.0038916583
0.0255934149
-0.0014140246
0.0121451179
-0.1360045373
0.1472889781
-0.0298542287
0.0479543991
0.0059836367
-0.0055335644
-0.0002555502
0.0094071329
0.0064357370
-0.0088977348
-0.0086790984
-0.0579032749
0.0183472019
0.0400376655
-0.0715070069
-0.1414085627
-0.0057672434
-0.0056525948
0.2239229083
0.0060034581
-0.0390700214
0.1676651686
0.1014196724
0.0214359798
0.0448245145
0.0215493795
0.0351972356
0.1488312632
-0.0120608546
0.0265216734
-0.2062704116
-0.0367203504
-0.0220852382
-0.0932942033
-0.0307619311
0.0148049016
-0.0281960871
0.0485137366
-0.0204123631
-0.0405553728
0.0021726410
0.0250926018
0.0448570400
-0.0028955801
-0.1849988550
0.0076335436
0.1488981694
-0.0059202500
-0.1323844641
-0.0248989705
0.0419739075
-0.0299658366
-0.0096411398
-0.0181345977
-0.0626729280
-0.0187414698
-0.0251535829
0.1003484502
-0.0386296734
-0.0356295034
-0.0173140317
0.0195159446
-0.0112051805
-0.0155729745
-0.1676711738
0.1393316686
-0.0835420862
0.0535661168
-0.0036586467
-0.0275919437
-0.0035204308
-0.0094064977
-0.0099813361
-0.0195496194
-0.0018851282
-0.0583124161
0.0193497427
0.0269905683
-0.0852885097
-0.1514190435
0.0080160545
-0.0185280200
0.2322728634
0.0325914435
-0.0180271622
0.1976886690
0.1122996509
0.0204674024
0.0609522797
0.0187688824
0.0433298983
0.1434596926
-0.0265757181
0.0349955857
-0.1850422472
-0.0617093854
-0.0105925668
-0.0630286112
-0.0425714366
0.0023847541
-0.0449594185
0.0607808828
-0.0387169607
-0.0323905014
-0.0097483490
0.0009341125
0.0424091555
0.0021615252
-0.1961411536
0.0131384106
0.1981641203
-0.0149498023
-0.1298155189
-0.0320674255
0.0679315999
-0.0292397849
-0.0079814577
-0.0181788169
-0.0614117980
0.0309198536
-0.0354333259
0.1060860157
-0.0448546857
-0.0525342226
-0.0330180265
0.0463089906
-0.0290172137
-0.0342309959
-0.1612385213
0.1319954395
-0.1068948731
0.0505666547
-0.0100549487
-0.0250656884
0.0011454056
0.0032486413
-0.0025997625
-0.0447971486
0.0041188798
-0.0566177331
0.0320514180
0.0124382284
-0.0841543898
-0.1521732658
0.0363062210
-0.0352524146
0.2220135778
0.1258446425
-0.0169009306
0.2435406297
0.2167256027
0.0244620312
0.1103969738
0.0244596153
0.1013435647
0.0940168872
-0.0377081372
0.0551998764
-0.0629804805
-0.1092266813
0.0467956103
0.0754748359
0.0017197154
0.0301030315
-0.0376890264
0.0713812485
-0.0327912979
-0.0002489595
-0.0011362360
-0.0145529462
0.0703140423
0.0197885502
-0.1162971556
-0.0269007273
0.3479284644
-0.0962106884
-0.1035095230
-0.0249508806
0.0919974819
-0.0518373884
-0.0391628556
-0.0254864302
-0.0467536636
0.1961026639
-0.0458199307
0.1565771550
-0.1076383591
-0.0662808344
-0.0273579322
0.0318311378
-0.0607700385
-0.0844236687
-0.1678663343
0.1058958620
-0.2152092457
0.0442858078
-0.0109183630
-0.0572890379
0.0480189100
-0.0085374936
0.0254335981
-0.1176710427
0.0162442010
-0.0312857851
0.0303552486
0.0508952290
-0.0728655905
-0.2238927782
0.1067085117
-0.0837400854
0.2659327090
0.0168480389
-0.0880921409
0.1595866382
0.1679430157
0.0114408331
0.0046630125
0.1132402942
0.0684671849
0.1488431692
-0.0195430052
-0.0063329721
-0.1649768203
0.0370817967
0.0069736480
0.0172951929
0.0214787964
-0.0334899761
-0.0811806545
0.0252876338
0.0458319895
-0.0371882506
0.0358655117
0.0281021893
0.1013059095
0.0344639979
-0.1406612843
0.0309295133
0.2335720658
0.0037536507
-0.0783295631
-0.0380507670
0.0465231091
-0.0685914755
-0.0038119431
0.0115905274
-0.0672173798
0.0680016279
-0.0222554188
0.0559824295
-0.0364587381
-0.0286182966
-0.0011992872
0.0442857631
0.0112684183
0.0009660174
-0.1314247251
0.1173400953
-0.1077983826
0.0497625694
0.0067098914
-0.0325415172
0.0129133202
0.0033319241
-0.0024810759
-0.0423014127
-0.0147538297
-0.0740891770
0.0117675783
0.0554255880
-0.1152730286
-0.1282339245
0.0152107012
-0.0405380763
0.2137183547
-0.0175787359
-0.0789029673
0.1586647630
0.4253967702
-0.0337284617
-0.0723658055
0.2269347906
0.2016048729
-0.0718157366
-0.0644918755
0.0096735051
0.1528868228
0.0450020395
0.0619862750
0.3501152098
0.0621090010
-0.1635913849
-0.2085851282
0.1134139746
0.1944956034
-0.0666177124
0.1204114184
-0.0288687441
0.1527450085
0.1377459019
0.0582590736
0.0748789608
0.6981416345
-0.0096771177
0.2738391757
-0.0748397931
0.1977662146
-0.1653506458
0.0219584238
0.0120190037
-0.0549605489
0.2923700809
-0.0054172208
0.0514417402
0.0487021208
-0.0695394054
0.0442419648
0.1862911433
0.0888592452
0.0077398145
-0.3665095866
0.0681356490
-0.6162864566
0.2472280711
-0.1044614986
-0.0431747250
0.0090296511
0.0256967600
0.1384674162
-0.0966862291
-0.0556792244
-0.2024888545
-0.0097694136
0.1040769145
-0.1136675328
-0.1344760507
0.0342224054
-0.1282506585
0.2664194703
0.0255907308
-0.7144576311
0.4535749555
0.6657680273
0.0511338189
0.1365137696
-0.8822627068
0.6643800735
-0.4696997106
-0.0606040433
0.2378238142
0.9431693554
-0.8276609182
0.1416315436
-0.6922186017
-0.5460724235
-0.5707045197
0.2808319926
-0.1218021140
0.4782612026
-0.3133908212
0.1690799147
-0.5730504394
-0.4312509000
0.1488966495
0.3340689242
-0.1523232758
0.2706452906
0.3283725977
0.7658878565
0.3032356501
-0.0251355283
0.2122426033
0.2012829185
0.2561687529
-0.3759101927
-0.0987299010
-0.2232771069
-0.0715129748
0.1978523433
0.1695635617
0.1446635425
0.3718011677
-0.1941657811
-0.1705846339
-0.2409314066
-0.0041889218
-0.7443127036
0.4683731198
-0.0689319149
-0.1885184497
0.0909921080
-0.1993586868
-0.0507164188
-0.0552908294
0.1565368176
-0.0752026141
0.0018944403
-0.1898409128
-0.0074920994
0.4069100022
-0.0996365026
0.0012426545
-0.2051560283
-0.1638535559
0.3399743140
0.1244522482
0.1153674275
0.3134414554
0.2820037007
-0.6227140427
0.1547345072
-0.3111872375
-0.0584940538
-0.0147130154
-0.1471535712
0.7386677861
-0.1336987466
0.2435096055
0.2271469384
0.2912814915
0.1207924038
-0.0172013808
0.1537811756
-0.0608593076
-0.1581007093
0.1081360057
-0.7390534878
-0.0677448884
-0.1326435953
0.1381921172
0.4230590165
-0.4403373003
0.0262148716
0.1711309701
-0.0978835151
0.2685785890
0.0314743891
-0.1485333592
0.0653387383
0.8830174804
-0.1398180127
0.1834910065
0.0833759606
-0.2602010667
0.2680457532
0.1166999042
0.0292672794
-0.3113842905
-0.1273447722
0.4117889702
-0.9204610586
0.4474881589
-0.0178793389
-0.0451969691
-0.1479886323
0.2586494982
-0.0166881979
0.2080536187
0.1739571691
-0.2463808507
0.3302721083
0.2916126251
0.0658424646
-0.2109410763
0.0790735260
-0.1831148863
-0.7596400976
-0.1713760793
0.0774895921
-0.4577348530
0.2093358040
-0.4834732711
0.2279832065
-0.0806980059
0.5678814054
0.0916465148
-0.0844165981
0.0753293410
-0.0649338886
-0.1691632867
-0.1551849693
0.0394036435
-0.1202974766
0.6116709113
0.0465416424
0.0967614427
0.1613948494
0.0124387853
0.1355580091
-0.1304609179
-0.0209926311
-0.2314434797
-0.3575307131
0.0044476138
0.2347080261
-0.0967458710
-0.1949461699
0.1070642248
-0.0302189086
-0.2817991078
0.0931196585
-0.0301631745
0.3102886379
0.7390323281
0.0446763635
0.2555984855
-0.0685428903
-0.3803425431
0.4767290950
0.0372332409
0.2783971429
0.1578934789
0.1649404764
0.1991806179
-0.5704600811
-0.3017657995
-0.2801002860
0.2395435125
-0.1231613308
-0.1421112865
-0.0792728812
0.2935332060
-0.2176865637
0.1545741409
-0.1840310097
0.2638106942
-0.4749043882
-0.0650488585
0.0175257884
0.0886730626
0.2363971025
-0.0249507260
-0.1262518018
0.1343370378
0.0423252210
0.0211244021
-0.0035817139
0.0961358547
-0.0229329821
0.1718105227
0.0069021783
-0.0260832701
-0.3325250745
0.1021068916
-0.0325201117
-0.1172853857
0.0348392650
-0.0236724000
-0.0063422406
-0.0362068526
0.0450673103
-0.0367701277
0.0225181803
0.0351391472
0.0458422787
0.0099536832
-0.1911740452
0.0348304510
0.0161063336
0.0263601206
-0.1387286037
-0.0333061181
-0.0027950215
-0.0434483662
0.0325791091
-0.0014935475
-0.1267006397
-0.0840717256
-0.0134085752
0.0069394805
-0.0026925080
-0.0478067920
0.0017174636
0.0129679656
0.0136237051
0.0422181040
-0.0585477799
0.1754485369
0.0568979681
0.0325762071
0.0218786746
0.0106585929
-0.0004331508
0.0136617813
0.0009396698
0.0053512771
-0.0196910370
-0.0409848914
0.0134189446
0.0557733513
-0.0873345658
-0.0945188999
-0.0128275547
0.0082531879
0.1904824823
-0.0683833882
0.1234269962
0.1156014949
0.0525063612
-0.0034726057
-0.1027580500
0.0821986496
0.1109139174
0.0701619685
0.0632952005
0.0606557354
-0.1300369799
-0.1238859072
-0.1006179154
-0.0893219039
0.1204832643
0.0384223275
-0.0808741599
0.0075554727
0.0258670896
-0.0957245678
0.0888821334
0.0824281946
0.1235542074
0.0589280836
-0.1791166216
-0.0294846557
0.0939757973
0.0742266849
-0.0500454083
0.0221038051
-0.1093702838
-0.0417569652
0.0201444123
-0.0297724083
-0.1951999515
-0.0368821323
-0.0058242246
0.1861663014
-0.1251528710
0.1012332737
0.0149678001
-0.0603806600
0.0460911952
-0.0192697961
-0.1444617659
0.1095772013
-0.2531665266
0.1270747185
0.0794638246
-0.0721602887
-0.0021906488
-0.0592472777
-0.0498247668
0.0706888810
-0.0260163527
-0.0169230681
-0.1250507385
0.0510022156
-0.1303318590
-0.1906854212
-0.0734547824
0.0293540452
0.4035499990
-0.0430087671
0.0045513553
0.1764677614
0.0273064841
0.0378921032
0.0003915231
0.0246618036
0.0184567682
0.1724434346
0.0080166617
0.0189586300
-0.2254656702
-0.0066905483
-0.0305307433
-0.1259020567
0.0044429656
0.0191335548
-0.0544293858
0.0320991203
-0.0100455061
-0.0352356657
0.0338861272
0.0817763135
0.0332074203
0.0272092167
-0.2251276523
0.0358599909
0.0697569698
-0.0290293843
-0.1128612012
0.0030827350
0.0175244454
-0.0372627340
-0.0032883792
-0.0155668603
-0.1296944618
-0.0831686407
-0.0158206113
0.1053412631
-0.0001636903
-0.0080890097
0.0083064483
0.0073490501
0.0155389309
-0.0140696606
-0.1744851470
0.1535050571
-0.0863646045
0.0885650739
0.0017230867
-0.0137539320
-0.0069015655
-0.0515118763
-0.0235894602
0.0262087453
-0.0107738934
-0.0906390697
0.0370629765
0.0194411762
-0.0265278034
-0.1468251795
-0.0684773177
-0.0064856005
0.2441352457
-0.0508960821
-0.0561593361
0.1055589169
0.1562676430
0.0555300750
0.0203873497
-0.0611766130
0.0650418103
0.1209881082
0.0106782839
0.0412046686
-0.1350478828
-0.0431722440
-0.0601728335
-0.1191714481
-0.0554067083
0.0858213827
0.0373534299
0.0996212140
0.0195084680
-0.0638790503
0.0066712205
0.0678343177
0.0220810678
-0.0196684953
-0.1344744116
-0.0284375064
0.0991814733
-0.0197747033
-0.1256086379
-0.0135526182
0.0043231496
-0.0015526962
-0.0248293225
-0.0492610075
-0.0433132611
-0.0554157831
-0.0009985708
0.1909402758
-0.0395722836
0.0157015659
0.0162456613
-0.0506341010
-0.0014035306
-0.0439851023
-0.2237585038
0.1481444389
-0.1566883475
0.0623661131
-0.0215735510
-0.0691564158
-0.0145566687
-0.0456746519
-0.0841581374
0.0551588573
-0.0126503892
-0.0830538347
0.0089336764
0.0080377469
-0.0800554082
-0.1816884577
-0.0731465369
-0.0062640887
0.2704289854
-0.1358654052
-0.0397689305
0.0419679843
0.3779375255
0.0337380730
0.0784560442
-0.3185166717
0.2557469904
-0.0166903324
0.0120648351
0.1493396163
0.1608378887
-0.2059483826
-0.0990276188
-0.0491675809
-0.2964227200
0.3006872833
0.1408613920
0.2032946944
0.0433618538
-0.0753763095
0.0170978010
0.1009322181
0.0183730554
-0.1529302299
0.0560965426
-0.0931546912
0.3006437123
-0.0187124405
-0.1439108402
-0.0299647618
-0.0633314326
-0.0006433002
-0.1428481340
-0.1004818827
0.0093598403
0.0216220599
0.0422703736
0.3790504634
-0.0550033227
0.0745473653
0.1069204584
-0.1466621906
0.0706600696
-0.0949957222
-0.3808241487
0.1392719448
-0.4625217021
0.0927755982
-0.0611689799
-0.2331594527
-0.0174183361
-0.1262803674
-0.2319534123
0.1168126240
-0.0343683623
-0.1376311630
-0.0888729468
-0.0727054775
-0.1916906685
-0.2478836626
-0.2326889932
-0.0172671732
0.3398501277
-0.0202261489
-0.1392284185
0.1380339265
0.0389067531
0.0275453068
0.0012623430
0.0728219599
-0.0325352438
0.0841454864
-0.0008407581
-0.0363957323
-0.3242820799
0.0916579440
-0.0207853504
0.0198312551
0.0435772873
-0.0066262921
-0.0006924650
-0.0308319721
0.0979789719
-0.0336802527
0.0293775965
0.0071268128
0.0499550253
0.0190465339
-0.1713845134
0.0426759012
0.1712703258
0.0335183255
-0.1464440376
-0.0267368723
-0.0105910329
-0.0433479957
0.0407179408
-0.0025982591
-0.1308868229
0.0133538563
-0.0138531104
-0.0176330078
-0.0046158261
-0.0438420251
0.0053190016
0.0294345003
-0.0032682840
0.0541262031
-0.1247205064
0.2021731883
-0.0381543376
0.0166830309
0.0271651279
0.0133434124
0.0035473621
0.0275609158
0.0074672350
0.0022941369
-0.0099772001
-0.0282548387
0.0164130796
0.0719081238
-0.0746279433
-0.0420340300
0.0023805019
0.0211882852
0.2022930235
-0.0182172041
-0.1512270123
0.1345524937
0.0408873633
0.0254361983
-0.0027877262
0.0756521598
-0.0339338705
0.0830770284
0.0007141662
-0.0350715145
-0.3355218172
0.0974902138
-0.0230856240
0.0309722610
0.0484358408
-0.0091380198
-0.0010241640
-0.0371152759
0.1012771353
-0.0374744311
0.0276538376
0.0114081251
0.0513897948
0.0215506759
-0.1681521386
0.0439801104
0.1818675995
0.0330948159
-0.1552831978
-0.0251189377
-0.0098758517
-0.0402425379
0.0439658575
0.0001323238
-0.1322309226
0.0165997874
-0.0153009323
-0.0223540440
-0.0011863729
-0.0436144844
0.0015847216
0.0309209619
-0.0066100522
0.0505971089
-0.1250461191
0.2120947093
-0.0447092019
0.0094498685
0.0248669926
0.0165354069
0.0033630002
0.0273961239
0.0071492065
0.0040984731
-0.0107923420
-0.0252333768
0.0219148919
0.0612675734
-0.0777441412
-0.0260568168
0.0071053426
0.0226668846
0.1987129003
-0.0141879441
-0.1504379958
0.1363376379
0.0496326275
0.0239840578
-0.0033005862
0.0741545707
-0.0337227024
0.0904572159
0.0000453862
-0.0349869095
-0.3342791498
0.1050425619
-0.0202999767
0.0247483589
0.0441675521
-0.0117221344
-0.0054412591
-0.0300752316
0.0930503830
-0.0378694609
0.0260470733
0.0122047570
0.0543994457
0.0239255745
-0.1764520705
0.0450143144
0.1621968895
0.0338552371
-0.1569843441
-0.0248358063
-0.0089524779
-0.0408291444
0.0462285541
0.0012028165
-0.1438774019
0.0183423702
-0.0175528470
-0.0176068842
0.0003435907
-0.0445984714
-0.0012207769
0.0286834836
-0.0089682965
0.0474461950
-0.1153236553
0.2133968920
-0.0377774164
0.0076082996
0.0249943826
0.0180245880
0.0043110196
0.0309744161
0.0048399405
0.0019368436
-0.0107335616
-0.0190638900
0.0250318442
0.0560855083
-0.0807934478
-0.0300369821
0.0119693168
0.0206180383
0.1955197304
-0.0134150637
-0.1464311332
0.1452289969
0.0663045123
0.0248201936
-0.0017642383
0.0694206133
-0.0338586606
0.0841792077
-0.0035003133
-0.0343505479
-0.3163622320
0.1079478264
-0.0197755359
0.0589309596
0.0379675366
-0.0098358262
-0.0097539993
-0.0250732899
0.1014025584
-0.0356620960
0.0275064409
0.0064465725
0.0657995492
0.0300078932
-0.1829210520
0.0505476221
0.1859909743
0.0359860137
-0.1634123325
-0.0225497931
-0.0099486960
-0.0416669324
0.0450314023
0.0011619971
-0.1572888494
0.0529099219
-0.0172126200
-0.0190221015
-0.0038494172
-0.0432095081
0.0002514467
0.0255060811
-0.0127840964
0.0528604537
-0.1232172251
0.2113946676
-0.0567712486
-0.0043803002
0.0267958771
0.0207719933
0.0050868257
0.0344240889
0.0057095345
0.0008611580
-0.0083315661
-0.0177429747
0.0260617658
0.0606457740
-0.0802606419
-0.0278770700
0.0137413461
0.0217530951
0.2027766705
-0.0152250556
-0.1457994282
0.1432254314
0.0744248033
0.0241759550
-0.0024703369
0.0689134896
-0.0369293168
0.0786201432
-0.0055270540
-0.0340005048
-0.3158069551
0.1043552160
-0.0195546262
0.0665459186
0.0339926854
-0.0114589594
-0.0065677678
-0.0320839845
0.1086369604
-0.0353172533
0.0288059674
0.0012184766
0.0689262077
0.0330052897
-0.1896104217
0.0487950966
0.1911613792
0.0378989168
-0.1560248882
-0.0191133656
-0.0120942015
-0.0404458977
0.0416069888
0.0043394142
-0.1578813493
0.0624786355
-0.0167051256
-0.0223728064
-0.0092228195
-0.0388363302
0.0076349708
0.0210382976
-0.0076254467
0.0611646101
-0.1281841546
0.2079675794
-0.0631871596
-0.0127925379
0.0312680416
0.0234014709
0.0050559044
0.0289242044
0.0161646977
0.0011910853
-0.0117035368
-0.0262674857
0.0257919542
0.0675883293
-0.0781975687
-0.0231185798
0.0114972647
0.0265080910
0.2023065835
-0.0213702954
-0.1410825104
0.1394168884
0.0644748360
0.0243771207
-0.0036140832
0.0670178160
-0.0342174210
0.0721739233
-0.0038906711
-0.0344973989
-0.3178722858
0.0933859870
-0.0192038957
0.0507116504
0.0363710709
-0.0118656680
-0.0042614792
-0.0340054408
0.1054919362
-0.0368782878
0.0293973722
0.0034265821
0.0659472048
0.0315100662
-0.1858292520
0.0446357019
0.1942675114
0.0382732488
-0.1516473293
-0.0197512377
-0.0136011578
-0.0415505990
0.0406539105
0.0037811112
-0.1426288038
0.0418922193
-0.0149597544
-0.0228500497
-0.0099955844
-0.0367701203
0.0107411714
0.0247021802
-0.0007768249
0.0563852191
-0.1354480684
0.2059485018
-0.0595481656
-0.0084362496
0.0328461267
0.0217371620
0.0031502869
0.0240018088
0.0168495625
0.0005158046
-0.0133533683
-0.0343980901
0.0229291804
0.0724589005
-0.0706277788
-0.0240010824
0.0051402287
0.0264806859
0.2061409354
-0.0309638064
0.1448026299
0.3361959457
0.6862689853
0.1888315976
-0.0170895848
-1.3151401281
-0.3750399351
-0.4854739010
0.2299051583
-0.4340364635
0.3385461271
-0.0332803838
0.3980598450
-0.4208215475
-0.1911573559
0.2652843893
0.4191303849
-0.6107563972
0.4647044837
-0.4915239513
-0.5664631724
-0.1233490631
0.4930858314
0.1322721243
-0.1889036149
0.0134946955
1.0454708338
0.2369580418
0.0639702305
-0.1286598444
0.1279287040
0.0949661955
0.2031212300
-0.0368562676
0.1753654182
0.6777394414
-0.2226830274
-0.6074311137
-0.0170229245
0.1739619672
-0.3068875074
-0.2280614823
0.0860264525
-0.7530984282
-0.5529453754
0.4186713099
-0.7689379454
0.4110975564
0.0843603238
-0.0503182113
-0.0612247214
-0.2501438558
0.1432596296
-0.0578510687
0.2340364754
-0.4038892090
0.3011048436
-0.3292292655
-0.0914236903
0.8789959550
0.1741598696
0.1007772759
-0.3475173116
-0.1792840213
0.4279150665
-0.2800246477
0.8504183292
0.2407341748
0.0160191860
-0.7833672762
-0.1153637543
-1.2434463501
0.1020802334
0.0066215140
-0.4708724618
0.5463535190
0.0497284532
0.1485126019
-0.0553675741
-0.4905692935
-0.2297363877
-0.0188415293
0.6409307122
-0.0771642700
-0.0067214151
-0.0563091747
-0.3487865031
-0.1099717319
0.6241919994
0.3682103753
0.3723188043
-0.1913138777
-0.1121686026
0.6455884576
-0.0020969855
0.1164857894
0.0006131306
-0.1929598153
-0.2545436621
0.8920327425
0.0647692010
0.5554026365
0.0698859468
-0.2348260283
-0.2888137102
0.1149917766
-0.2202819884
0.1751545668
-0.7441998720
0.0541105643
-0.7186074853
0.5623433590
0.1610184014
-0.2611650527
-0.0038361526
0.1406459212
-0.2151966095
-0.0550131761
0.2603961229
0.4313094914
0.0573145114
0.2251404524
-0.1896048933
-0.1001471579
0.0960643440
-0.1725066006
-0.1860917807
-0.0063073216
-0.3550901115
-0.5757724643
0.5661745667
0.1442452818
-0.0217311140
-0.4638757706
0.0849647895
-1.2189164162
0.0058130883
-0.1802732646
-0.4918286204
0.2835296988
0.2930188775
0.7349475622
0.3027096093
0.3860352337
0.3225379586
0.5884401798
1.2467185259
-0.1325499713
0.0286163911
-0.1808925420
0.3332686424
0.3765219748
0.4285741746
0.4632936120
0.4521110952
0.0173846018
-0.4780845940
0.2761419117
0.0431709476
-0.0540259443
-0.4917127490
0.1643130183
-0.0932812691
0.9459189177
-0.0978015959
0.7515191436
0.4273835123
-0.0436730459
-0.0828518420
-0.0235407855
-0.5046303272
-0.0688987747
0.0757834166
0.0565365292
-0.2057190090
0.1178165153
0.1291715652
0.0149176735
0.0733538419
0.2042643726
0.1436545700
0.0514766090
0.1320048124
0.0608589463
0.2851724625
0.7554977536
-1.1828223467
-0.5316150188
0.1287939101
0.0662249699
-0.3233233988
-0.0006173436
-0.1715730578
0.1118005440
0.0891276449
0.0247117095
-0.0061683110
0.0629539192
-0.0465287715
0.0517309643
-0.0049910257
-0.0382596739
-0.3372382820
0.1416513622
-0.0100264847
0.0943321511
0.0405353457
-0.0121102203
0.0046238466
-0.0425854474
0.1285521239
-0.0365792550
0.0326343887
-0.0036319806
0.0608124398
0.0339010842
-0.1855096817
0.0420119204
0.1836117655
0.0342256576
-0.1610496342
-0.0137546612
-0.0129784327
-0.0357961804
0.0437460691
0.0106492899
-0.1789297760
0.0742226616
-0.0198741779
-0.0180417839
-0.0003788247
-0.0314497054
0.0091133220
0.0081317704
-0.0104823736
0.0486059487
-0.1057341397
0.2411760837
-0.0762251243
-0.0246650372
0.0327850804
0.0292378552
0.0121018058
0.0339649469
0.0333820209
-0.0022655863
-0.0193660576
-0.0185206514
0.0369894765
0.0350374877
-0.0770231038
0.0109360907
0.0259819832
0.0348224342
0.1832383126
-0.0060804407
-0.1819174588
0.1033346578
0.0740241185
0.0227243192
-0.0124385823
0.0639850423
-0.0467637889
0.0471781343
-0.0021833447
-0.0367094502
-0.3385455906
0.1351112425
-0.0125623690
0.0994202122
0.0481934696
-0.0163193922
0.0101375347
-0.0567152053
0.1379946023
-0.0392413773
0.0358962975
0.0023352173
0.0553538240
0.0328567140
-0.1732067019
0.0355527513
0.1929758489
0.0318899825
-0.1594187021
-0.0109972330
-0.0179825444
-0.0325919613
0.0444715396
0.0137311677
-0.1722277105
0.0610777177
-0.0177618805
-0.0192491598
-0.0014780528
-0.0249660425
0.0152281383
0.0052989949
-0.0034006254
0.0488455929
-0.1137690395
0.2402842343
-0.0868001580
-0.0243914668
0.0308899842
0.0309721828
0.0097428216
0.0245604329
0.0398756377
0.0016472678
-0.0255128928
-0.0296120252
0.0382440537
0.0275384374
-0.0716599673
0.0206129737
0.0205878522
0.0379751325
0.1881459206
-0.0030390674
-0.1875861287
0.0941677019
0.0539859012
0.0196612738
-0.0119960308
0.0715903193
-0.0464336574
0.0547448434
-0.0004498871
-0.0366973765
-0.3610713184
0.1383770108
-0.0104634343
0.0555864684
0.0575756356
-0.0176833440
0.0159771200
-0.0632797331
0.1269721836
-0.0396489091
0.0347256511
0.0085876370
0.0460087247
0.0220359750
-0.1634842157
0.0266602915
0.1706168354
0.0295219943
-0.1516009867
-0.0175179336
-0.0159225129
-0.0297865905
0.0453875847
0.0139323417
-0.1537851691
0.0209937524
-0.0185858272
-0.0218363460
0.0067588971
-0.0267067775
0.0095998421
0.0167436600
-0.0008100685
0.0429387800
-0.1010896116
0.2462708056
-0.0627283677
-0.0100440281
0.0271714088
0.0297465306
0.0103066554
0.0247233231
0.0426443703
0.0000039179
-0.0275123529
-0.0273591578
0.0353402421
0.0208554491
-0.0716026500
0.0190755185
0.0226729531
0.0347525440
0.1784816235
0.0028247852
-0.1897810847
0.0852426142
0.0544641241
0.0207395628
-0.0103100939
0.0648962334
-0.0476268083
0.0433250219
0.0004300716
-0.0405868553
-0.3683966100
0.1397832781
-0.0067773336
0.0656034425
0.0600097366
-0.0118191037
0.0135445716
-0.0563364178
0.1246997789
-0.0400673077
0.0324872620
0.0068932674
0.0447458662
0.0204925090
-0.1647372395
0.0283204373
0.1746576130
0.0282930117
-0.1500275135
-0.0179942790
-0.0153416889
-0.0342117473
0.0523731820
0.0109796943
-0.1619876623
0.0224015489
-0.0203999784
-0.0188196115
0.0118129672
-0.0339619331
0.0053236680
0.0184310470
-0.0039188708
0.0310993735
-0.0959720984
0.2596042752
-0.0678559020
-0.0131484475
0.0268029738
0.0278639998
0.0120219393
0.0305257719
0.0364097357
-0.0034382623
-0.0234523118
-0.0142659144
0.0360743552
0.0128976246
-0.0715548918
0.0285741836
0.0282645542
0.0329219811
0.1727696657
0.0305751134
-0.1884060502
0.0688449815
0.0681364387
0.0268701818
0.0072323140
0.0659248307
-0.0580923036
0.0131333377
-0.0025735912
-0.0470182672
-0.3657332063
0.1505070925
0.0090748379
0.0761853009
0.0834800676
0.0011177881
0.0258459058
-0.0682888702
0.1293321103
-0.0260515772
0.0439546481
-0.0013566045
0.0572316982
0.0054764133
-0.1615568697
0.0184167717
0.1878931373
0.0166012645
-0.1487364620
-0.0184404105
-0.0171295274
-0.0448980816
0.0438819304
-0.0014075979
-0.1819134653
0.0275594089
-0.0186867807
-0.0235033333
0.0207582098
-0.0382112302
0.0120444754
0.0084831398
0.0009137239
0.0254552942
-0.0753419846
0.2855624557
-0.0728320107
-0.0146555044
0.0315494351
0.0197270419
0.0357489809
0.0385270603
0.0620824061
-0.0267088246
-0.0223175641
0.0053440798
0.0223469194
0.0157736819
-0.0780548677
0.0327497758
0.0323703289
0.0351728126
0.1710967720
-0.0341645516
-0.1398523748
0.1444026381
0.0317313820
0.0321970582
0.0007514994
0.0660711974
-0.0173219293
0.1030146033
0.0061612786
-0.0309016462
-0.3081606328
0.0945813581
-0.0321232975
0.0350636914
0.0317107886
0.0109600928
0.0160729121
-0.0305383541
0.0988913327
-0.0377471782
0.0287961494
0.0163234770
0.0544152670
0.0076332530
-0.1602137983
0.0454173945
0.1779182851
0.0313449167
-0.1483673900
-0.0361313187
-0.0022397856
-0.0496746376
0.0239304528
-0.0112894466
-0.1048670858
-0.0211858805
-0.0046635801
-0.0200774763
-0.0099977115
-0.0427819565
0.0065143015
0.0373313576
0.0000911014
0.0591224246
-0.1394134015
0.1852456182
-0.0011932336
0.0339846201
0.0250952803
0.0009241542
-0.0030977246
0.0199300051
-0.0120420912
0.0069547258
-0.0121547012
-0.0438600257
0.0131724132
0.0726024657
-0.0813985169
-0.0421260558
-0.0178090055
0.0211417545
0.2375288159
-0.0327422507
-0.1473879069
0.1402536333
0.0306168441
0.0268318187
-0.0042917239
0.0801009312
-0.0167084150
0.1245138124
0.0075935358
-0.0268093329
-0.3273997605
0.0960153192
-0.0360721461
-0.0073136981
0.0347146504
-0.0036812348
0.0134799862
-0.0344348550
0.0816561133
-0.0412455611
0.0230395254
0.0241352804
0.0482374355
0.0086066378
-0.1667872071
0.0397470407
0.1321444660
0.0312754288
-0.1492699236
-0.0347450823
-0.0030411640
-0.0434292182
0.0315256119
-0.0074981698
-0.1064364240
-0.0510670245
-0.0085734176
-0.0192062426
-0.0073955799
-0.0448558964
0.0009836359
0.0347474255
-0.0002202261
0.0537447669
-0.1177596226
0.1836196333
0.0211246889
0.0331608877
0.0202194657
0.0066754250
-0.0071385815
0.0169216786
-0.0140737873
0.0110051353
-0.0153704844
-0.0395666175
0.0164435729
0.0654994696
-0.0807673335
-0.0499531589
-0.0126528656
0.0184799638
0.2213038355
-0.0298158154
-0.1494837403
0.1428801119
0.0356123149
0.0278440956
-0.0029591573
0.0745779946
-0.0226291884
0.1184901074
0.0070385411
-0.0252329484
-0.3210085332
0.1072790772
-0.0364128351
0.0117614996
0.0320411138
-0.0023886205
0.0120446486
-0.0320026465
0.0877713338
-0.0381144136
0.0208029430
0.0267609786
0.0506214015
0.0091481805
-0.1690383255
0.0410462245
0.1345365345
0.0305884499
-0.1517623216
-0.0350290537
-0.0031568641
-0.0436243564
0.0320438445
-0.0099126650
-0.1210437194
-0.0349987298
-0.0085007474
-0.0155270742
-0.0069674393
-0.0480015650
-0.0030511552
0.0315293744
-0.0031136468
0.0529821739
-0.1191858873
0.1905374080
0.0140612600
0.0295905694
0.0195936039
0.0066855839
-0.0061630392
0.0214340575
-0.0168727934
0.0097847451
-0.0117479749
-0.0318403579
0.0169729553
0.0603239834
-0.0826037154
-0.0470149331
-0.0113058956
0.0173196141
0.2271760702
-0.0323970690
-0.1409146637
0.1407553405
0.0471932627
0.0281700026
-0.0037046243
0.0744682923
-0.0183529984
0.1344573796
0.0070133116
-0.0232255254
-0.3140954375
0.1035700887
-0.0364143960
-0.0154397059
0.0248378757
-0.0083837165
0.0117854020
-0.0346102044
0.0752144158
-0.0396000966
0.0197663717
0.0277662612
0.0557434298
0.0126886191
-0.1858115941
0.0404940397
0.0974803790
0.0321133696
-0.1450633109
-0.0294858869
-0.0034188461
-0.0432054400
0.0315332860
-0.0092507880
-0.1318149120
-0.0422133990
-0.0111926310
-0.0154393166
-0.0092290752
-0.0449265912
-0.0013137090
0.0193610117
0.0019711647
0.0524934568
-0.1086428761
0.1802650243
0.0273348037
0.0239590779
0.0220096856
0.0065141683
-0.0071947165
0.0175121780
-0.0168353450
0.0107537266
-0.0128144175
-0.0353706405
0.0163247511
0.0607787520
-0.0912812501
-0.0597094633
-0.0153453164
0.0153377904
0.2189166099
-0.0297677293
-0.1264724433
0.1476170123
0.0533904284
0.0256519951
0.0020019927
0.0700982884
-0.0186219607
0.1324388832
0.0046727997
-0.0226379465
-0.3065415621
0.0940919593
-0.0337694883
-0.0214326959
0.0230796933
-0.0079719424
0.0105152531
-0.0360427611
0.0786912218
-0.0390808880
0.0217994172
0.0233825203
0.0593763180
0.0127145322
-0.1892722398
0.0407885201
0.0999587998
0.0295163207
-0.1438913196
-0.0297397561
-0.0023786365
-0.0438377708
0.0292476900
-0.0068188473
-0.1274599731
-0.0364603624
-0.0123547884
-0.0117641129
-0.0110968100
-0.0439497270
0.0019591888
0.0204498693
0.0065422896
0.0557456985
-0.1131000966
0.1766564697
0.0230513606
0.0251765959
0.0226005167
0.0059622829
-0.0070935702
0.0110874726
-0.0089206314
0.0080721499
-0.0127701145
-0.0425680317
0.0156012513
0.0691459849
-0.0884574428
-0.0661127642
-0.0155877806
0.0141932722
0.2265659571
-0.0329513699
-0.1250337809
0.1447897851
0.0457651466
0.0262751114
-0.0009275182
0.0622450374
-0.0200501699
0.1199801639
0.0056315302
-0.0249725785
-0.3070592582
0.0915357620
-0.0323159546
-0.0108243600
0.0254308786
-0.0062926211
0.0092402315
-0.0428204089
0.0851064697
-0.0415312648
0.0240052044
0.0223772451
0.0607358739
0.0136346156
-0.1848836690
0.0436255150
0.1196413338
0.0312578641
-0.1438570321
-0.0296493284
-0.0030038799
-0.0440775603
0.0297514517
-0.0049109715
-0.1199065596
-0.0360024087
-0.0110767065
-0.0148433680
-0.0099939620
-0.0414996967
0.0048855506
0.0280523300
0.0098211402
0.0542744771
-0.1225107759
0.1794103831
0.0146100782
0.0213941950
0.0250159968
0.0075489534
-0.0060179862
0.0093684364
-0.0031541700
0.0075364332
-0.0144596398
-0.0495039336
0.0178409535
0.0639378056
-0.0815840662
-0.0536726564
-0.0173448529
0.0174815990
0.2342327237
0.1067434102
-0.6580886841
-0.3249535561
0.3468874991
0.1473302245
-0.3580562472
-0.7383795977
0.0210238863
-0.4985206723
0.0749102086
-0.0624579750
0.2291044295
-0.7855791450
0.1167654693
-0.0881606340
-0.3530040979
-0.1428248286
0.3286270797
-1.1283736229
-0.6323197484
-0.6992797852
-0.0083574085
-0.3205501139
0.3973145187
0.1787693202
-0.1747832149
-0.1890653223
0.5388094187
0.6109510064
0.8193042874
0.4719593525
0.0038029319
0.3669531643
0.3318131864
0.2072326392
-0.0135369468
0.4699626565
-0.1725655943
-0.3678655326
-0.3577613831
-0.0265241358
-0.0801350400
0.2133945823
-0.2621322274
-0.3916947544
0.1750227511
0.0996093228
-0.4460964799
0.6380963326
0.4282849133
-0.4369216561
-0.0046659126
0.0090618962
0.0012497770
-0.0076804818
-0.0685928538
0.2376682311
-0.1770664006
0.1066293940
0.2805507481
0.7138609290
0.2268250734
0.0538464114
-0.1127709672
0.2062283903
0.5824223757
0.0135410810
0.7033484578
-0.1770468205
-0.0859243274
-0.6163235903
-0.0368260369
-0.9206672311
0.0584805794
0.0810107067
0.0822096244
-0.5594849586
0.1396878064
-0.1004056036
0.2962263823
0.1056122854
0.0942587480
-0.5057258606
0.6503471732
-0.2591808438
0.1763059795
0.0300787110
-0.9363490343
0.1028543115
-0.0513390750
-0.2260123491
0.0542385392
0.3332489133
-0.1025838628
-0.3618379533
-0.2003526539
-0.2903409600
0.1702901274
-0.1159012467
0.0831865594
0.8799256086
0.2845993638
-0.2134714872
-0.2794978917
-0.1930137128
-0.1486944407
0.2683536112
-0.1681029350
-0.0154247377
0.2071666121
0.0101337275
0.0072935838
-0.2533798516
0.1165092438
-0.0844839215
0.1343778223
-0.1796201766
-0.2154740393
0.0685630813
-0.1390483230
0.1154901013
0.0390374027
-0.5666038990
-0.0207574852
0.3530990779
0.0775150359
-0.1709162444
0.2000667453
0.1259868443
0.2078274637
-0.6848738194
-0.0364260115
0.0079323808
0.1533791423
-0.6942194700
0.2528233528
-0.5513312817
-0.0812161341
-0.2301442325
-0.0073231845
-0.0343852788
0.3932384551
0.9624276757
-0.0847065896
0.3317094743
0.5641446710
0.4190897644
0.6227436662
-0.0805568993
0.8023574948
-0.6342719197
-0.5696733594
0.5391800404
0.2104009241
0.7049904466
0.0975575224
0.0815731511
-0.1611249596
0.0086956890
0.6695615649
-0.2117163539
-0.1552093774
0.1755226851
-0.3063035011
0.6605011821
0.1669157147
0.1068698689
0.2242508084
-0.0995702147
-0.1822525561
0.0832363367
-0.4101287425
-0.4499921203
0.0267409161
0.2466075569
-0.2574391365
0.1779107302
-0.2412774265
-0.0332687348
-0.2212791443
-0.2238036245
0.0648366138
0.2900588512
-0.0224075671
-0.3005568683
0.2667852938
1.0838663578
-1.3344833851
-0.2163423896
0.2117375731
-0.1024052799
-0.2726343572
-0.0318722241
-0.1343891025
0.1365894228
0.0501514375
0.0234795269
-0.0083867935
0.0770776868
-0.0200161748
0.1502539515
0.0082588131
-0.0293702576
-0.3226135671
0.1075920910
-0.0330244936
-0.0440989695
0.0224738885
-0.0173525121
0.0043998957
-0.0372470468
0.0648786649
-0.0461599901
0.0235643871
0.0276739951
0.0580680631
0.0127816387
-0.1934308559
0.0474483408
0.0597989857
0.0354275629
-0.1439545453
-0.0303496961
-0.0000004848
-0.0483717211
0.0354544409
-0.0024828643
-0.1355535835
-0.0568205155
-0.0102540785
0.0011972546
-0.0069530983
-0.0448964201
0.0029036896
0.0180791002
0.0108863767
0.0457350537
-0.0870078579
0.1804689169
0.0461127050
0.0209255014
0.0224965122
0.0105653806
-0.0076844878
0.0142721254
-0.0092886435
0.0087346258
-0.0183983166
-0.0484659001
0.0180528779
0.0448419675
-0.0858459324
-0.0623263307
-0.0143828467
0.0139606213
0.2130673528
-0.0365694277
-0.1443688273
0.1397756189
0.0494242832
0.0221866127
-0.0162333101
0.0706715807
-0.0209500454
0.1211339310
0.0104442416
-0.0311732721
-0.3150261045
0.1088799760
-0.0345569625
0.0077948081
0.0235943273
-0.0143646542
0.0071047046
-0.0431267209
0.0877663568
-0.0529952534
0.0230667312
0.0242010970
0.0638411492
0.0168617591
-0.1866864115
0.0534889661
0.1142006442
0.0388019606
-0.1522043645
-0.0274964888
-0.0024242296
-0.0494043641
0.0369283557
0.0025198536
-0.1330195367
-0.0293801315
-0.0082067233
0.0036402135
-0.0099601084
-0.0386761837
0.0092211533
0.0176870245
0.0116388770
0.0502904505
-0.1094258800
0.1854462475
0.0227658600
0.0145288222
0.0240675192
0.0108147524
-0.0083187809
0.0082648192
-0.0071367738
0.0104680248
-0.0192126054
-0.0611919016
0.0214598402
0.0361076035
-0.0781695023
-0.0324536338
-0.0189873092
0.0206088591
0.2256092280
-0.0303858705
-0.1457187086
0.1303904206
0.0356541835
0.0228347238
-0.0111972373
0.0721481666
-0.0187348220
0.1231449172
0.0076644705
-0.0295715779
-0.3278544545
0.0983296782
-0.0312348194
-0.0250821430
0.0245552585
-0.0199346673
0.0037153028
-0.0394891538
0.0711373016
-0.0492683798
0.0218383409
0.0245481078
0.0491813645
0.0153011903
-0.1851352453
0.0436577126
0.0956452042
0.0376200043
-0.1414122730
-0.0304510836
-0.0015979150
-0.0438117050
0.0430553593
0.0010358093
-0.1243880913
-0.0574178807
-0.0108034341
0.0026009073
-0.0055950200
-0.0404438637
0.0045939502
0.0270288568
0.0098697189
0.0395039804
-0.1008448303
0.1855509877
0.0285035875
0.0162284207
0.0237010513
0.0111097265
-0.0065543205
0.0123305339
-0.0023325058
0.0075420765
-0.0190908425
-0.0517810397
0.0207291842
0.0411197804
-0.0743644908
-0.0351232663
-0.0088990498
0.0187018607
0.2218063623
-0.0314573459
-0.1475096494
0.1326428801
0.0378705487
0.0229421277
-0.0096550342
0.0663476512
-0.0184238777
0.1047004685
0.0079497090
-0.0326418467
-0.3283849955
0.1078296453
-0.0289765932
0.0125239380
0.0192270651
-0.0152169205
0.0048264917
-0.0338582955
0.0776875541
-0.0508009084
0.0211826563
0.0183192808
0.0492387973
0.0138785113
-0.1809296608
0.0538653396
0.1293194294
0.0412837416
-0.1454806328
-0.0327286534
0.0015071344
-0.0480708815
0.0474197231
-0.0019198980
-0.1303298324
-0.0418844558
-0.0087671736
0.0084580295
-0.0030900666
-0.0430609770
0.0022088089
0.0404981673
0.0059089507
0.0352704637
-0.1074912176
0.1989617646
0.0123131480
0.0103242761
0.0221852548
0.0097991591
-0.0078270594
0.0194530468
-0.0091631990
0.0062143677
-0.0157280825
-0.0480687320
0.0207092781
0.0274806935
-0.0726492032
-0.0123157725
-0.0044836625
0.0199530553
0.2345240414
-0.0348848440
-0.1345514804
0.1403651386
0.0451120622
0.0249555036
-0.0091179805
0.0669054389
-0.0174780078
0.1063792482
0.0068219840
-0.0362003930
-0.3261215091
0.1094473302
-0.0221767128
0.0033020191
0.0179156512
-0.0108085349
0.0050189365
-0.0199535973
0.0701591671
-0.0500111654
0.0217604395
0.0087933084
0.0530319102
0.0119221918
-0.1856233776
0.0515886731
0.1228561774
0.0503316596
-0.1408762187
-0.0407998599
0.0031139769
-0.0552919507
0.0484020114
-0.0077046952
-0.1379074752
-0.0377456062
-0.0088836811
0.0188580453
-0.0025925175
-0.0428000800
0.0056390162
0.0485694967
0.0081376629
0.0365658700
-0.1011853144
0.2069584280
0.0133649725
0.0165129732
0.0252190940
0.0042497325
-0.0071948441
0.0250612609
-0.0135392593
0.0006667061
-0.0174009539
-0.0481622256
0.0166585948
0.0248762220
-0.0757847950
-0.0158762336
-0.0073878001
0.0206523165
0.2360088676
-0.0203086380
-0.1495000869
0.1281052232
-0.0329546891
0.0407526605
0.0234969221
0.0299283750
-0.0415261127
0.0121710626
0.0027793283
-0.0291044917
-0.2650972009
0.1118670106
-0.0165154617
0.1893226057
0.0314741842
0.0432740599
0.0477014333
-0.0499581620
0.1653310806
-0.0218616705
0.0493156090
-0.0222998746
0.0396497883
-0.0084699858
-0.1189678609
0.0452905260
0.3550933897
0.0248058233
-0.1656740606
-0.0274611861
-0.0214664377
-0.0469921008
0.0120827965
-0.0173555352
-0.1279112250
0.0483359694
0.0009110581
-0.0637765303
-0.0072498755
-0.0321911350
0.0096286414
0.0872920379
-0.0103406925
0.0916578397
-0.2058655322
0.1790725291
-0.0621524528
0.0203758962
0.0301957242
0.0027880452
0.0066533573
0.0360167027
0.0358700417
-0.0101449927
-0.0058933734
-0.0202427395
0.0044037336
0.1145437509
-0.0816020817
0.0120854918
-0.0149612026
0.0320200175
0.3336552680
-0.0480724350
-0.1691818982
0.1444719285
-0.0021439418
0.0256273057
-0.0081082573
0.0700696558
-0.0214154348
0.0681283548
0.0061440980
-0.0219239686
-0.3123363554
0.1250888854
-0.0419417433
0.0876046270
0.0353901722
0.0130363125
0.0327879824
-0.0295205712
0.1076276600
-0.0488092490
0.0191122778
0.0228796862
0.0507069156
0.0185595527
-0.1477486789
0.0329817571
0.2614425719
0.0370406099
-0.1667296737
-0.0387718603
-0.0078972839
-0.0453614481
0.0405624658
-0.0064643817
-0.1004492044
-0.0002172472
-0.0039224038
-0.0505605265
-0.0102391588
-0.0317889675
0.0003710562
0.0652363524
-0.0119421110
0.0656968132
-0.1559674591
0.1695452482
-0.0002548167
0.0212093703
0.0242388677
0.0089129535
-0.0152491387
0.0176399481
-0.0221090280
0.0186797045
-0.0130204093
-0.0371171273
0.0223479569
0.0532964580
-0.0849477649
-0.0010665064
-0.0161171332
0.0221743491
0.2551012039
-0.0444065295
-0.1642145365
0.1386269778
0.0018679992
0.0298644621
-0.0032385343
0.0587393008
-0.0256495383
0.0790985599
0.0049759843
-0.0159509927
-0.2993506193
0.1342029423
-0.0376234390
0.1035227627
0.0206649061
0.0071574314
0.0199000034
-0.0232146960
0.0978691056
-0.0400168747
0.0180745348
0.0271453541
0.0372413322
0.0214227345
-0.1537029594
0.0339201912
0.2403404713
0.0330047198
-0.1683264226
-0.0408890881
-0.0072756046
-0.0391085893
0.0460810140
-0.0129046664
-0.1459758431
0.0014806676
-0.0105293756
-0.0480524041
-0.0036286868
-0.0502343886
-0.0088569624
0.0736462176
-0.0214753114
0.0546288453
-0.1481437087
0.1911026686
-0.0202949960
0.0166406799
0.0248029549
0.0087167248
-0.0184856523
0.0353564806
-0.0336307958
0.0161633492
0.0001906438
-0.0197001081
0.0237776004
0.0599732846
-0.0815074891
-0.0010206485
-0.0058599096
0.0210386589
0.2742571533
-0.0302246641
-0.1667394191
0.1387626678
0.0283730347
0.0293648019
-0.0051207142
0.0821118802
-0.0289749708
0.1036566943
0.0040034312
-0.0266767330
-0.2999500036
0.1321907341
-0.0355954804
0.0475085638
0.0282124951
0.0008743275
0.0282178875
-0.0312004760
0.0941631421
-0.0348433256
0.0219419841
0.0256865807
0.0556799136
0.0115320617
-0.1727366745
0.0339684933
0.1723611355
0.0341547467
-0.1526076049
-0.0404715687
-0.0086339815
-0.0458693504
0.0360432789
-0.0131191676
-0.1456640661
-0.0061778589
-0.0066801915
-0.0251416098
-0.0058938870
-0.0468560867
-0.0011713632
0.0416565575
-0.0066114045
0.0688759387
-0.1153165698
0.1738293469
0.0124380570
0.0174702257
0.0238054004
0.0091719534
-0.0089728255
0.0233438369
-0.0187705010
0.0147004751
-0.0131068919
-0.0286126025
0.0163934007
0.0669370145
-0.0887739509
-0.0335487053
-0.0118651846
0.0189509038
0.2394072115
-0.0354467034
-0.1600898802
0.1404808611
0.0346536674
0.0289801992
-0.0097303176
0.0747539327
-0.0299479384
0.1016551182
0.0047708959
-0.0265727118
-0.2993561029
0.1276723593
-0.0325531773
0.0435022973
0.0229074545
-0.0045200805
0.0296254698
-0.0459440723
0.0972940549
-0.0388768353
0.0278263390
0.0223878771
0.0638420060
0.0172969755
-0.1840122938
0.0362698920
0.1733623743
0.0365875699
-0.1438496411
-0.0304487050
-0.0109844645
-0.0453284457
0.0341080539
-0.0075729876
-0.1566552669
-0.0036124103
-0.0099844914
-0.0334872678
-0.0089403931
-0.0414515771
0.0069739195
0.0413509719
0.0082045328
0.0792567357
-0.1179569736
0.1691434830
0.0138923144
0.0129458774
0.0254788846
0.0108811166
-0.0119333100
0.0153425345
-0.0067228116
0.0105486382
-0.0138753513
-0.0408937223
0.0127672963
0.0725583211
-0.0869218856
-0.0255094822
-0.0158063024
0.0220591947
0.2440592349
-0.0335646830
-0.1492321044
0.1341757923
0.0318963267
0.0261938777
-0.0031976663
0.0747094750
-0.0214810278
0.1138027906
0.0049201059
-0.0260554422
-0.3045915365
0.1102454439
-0.0317200013
-0.0107786078
0.0240461081
-0.0122776572
0.0221562609
-0.0440547541
0.0837172642
-0.0401703306
0.0240637865
0.0202499125
0.0542065986
0.0141706606
-0.1751748919
0.0317903608
0.1356293857
0.0341208205
-0.1376470327
-0.0320594087
-0.0065012369
-0.0437093526
0.0342208482
-0.0058098775
-0.1301832050
-0.0429860540
-0.0110045355
-0.0262621529
-0.0042321710
-0.0423273109
0.0052891914
0.0378204063
0.0079321414
0.0621325187
-0.1095862612
0.1685046852
0.0278806649
0.0198195223
0.0267870259
0.0093553290
-0.0065835677
0.0141768865
-0.0002976006
0.0072456864
-0.0157735534
-0.0439543501
0.0125181153
0.0723736510
-0.0835371166
-0.0458840244
-0.0170313362
0.0172794666
0.2331949770
-0.5001348257
1.4960637093
0.3139417171
-0.3629064858
-0.0461220555
0.1674609780
-0.9260765314
0.5758938789
-0.7677561045
0.2030005753
0.1877983510
0.2754964530
-0.1954059005
-0.1903890967
0.2477032393
0.0290049482
0.2415480465
0.3185080290
-1.0292910337
0.4619703293
-0.3778817356
0.0921477824
-0.2207285911
0.3252658248
-0.1468177289
0.1202736199
0.7926488519
0.2493813783
0.4744086564
0.0323020779
0.2121658623
0.0438964143
0.0239504538
0.1465662718
-0.1040701717
-0.7918546796
0.1327110827
0.1340021640
-0.7788755894
-0.1593468189
0.0206324868
0.1599497646
1.0626779795
0.1254651994
-0.0178265795
-0.8380336165
0.1419919580
-1.5368238688
-0.0210467726
-0.0594506003
0.3563603461
-0.3964628875
-0.0976102427
-0.3114320338
0.3905500472
0.0040475479
-0.3745930791
0.2609145343
-0.6524467468
0.6384975910
-0.0121398168
-0.0544936061
0.3549816906
1.3830484152
0.0900237411
-0.0704160482
-0.4971172810
-0.2711553574
0.2726472020
-0.0933256000
-0.7880170345
-0.0606178753
-0.8822068572
-0.0935686007
-0.2232811451
0.6248435378
0.1345371753
0.1766374260
-0.3138846159
-0.3647834063
0.3413405716
-0.1968695968
0.4930378795
0.5522361398
-0.1453214586
0.4671959877
0.1717454344
0.2555118799
0.3716932237
-0.8379051089
-0.1282563806
0.4265239835
-0.0131897619
0.5089274645
0.0501258373
0.2774293721
-0.0504911281
-0.2623329163
0.0849372223
-0.0962285027
0.5880088806
0.0417657718
0.2920204401
-0.0959481075
-0.1282215416
-0.0399249382
-0.2940705121
-0.0740638897
-0.4768076241
-0.9806436896
-0.4106705189
-0.0575976744
0.5374186635
0.1572575569
-0.1434313953
-0.5789857507
-0.2463987917
-0.4457204342
0.3319035470
0.2754921019
0.1818327457
0.1858663708
0.1396680772
0.6513978243
0.9133478999
0.1925176531
-0.0330140106
0.5764181018
-0.1190131605
-0.2134975940
-0.4538959563
0.4889420271
-0.1844189316
0.3621104658
-0.4862633049
-0.0424581841
-1.0788419247
-0.0716660395
-0.2071305513
0.2050483823
-0.0926006213
0.1083990484
0.6239511371
0.1222758815
1.1098842621
0.4784439802
0.3168948889
1.0918381214
-0.3356207609
0.4248561263
-0.4532052279
0.4225862920
0.0496506616
0.7807189226
0.3469472229
0.6141082644
-0.3977865279
-0.3556245267
-0.5820527673
0.4005179107
0.0207893997
0.0169839468
0.2770121992
-0.1833622456
0.8146820664
0.0526483171
0.4288223088
0.2787225842
-0.3407849073
0.2664372921
-0.3088324666
-0.3549951613
-0.5015862584
-0.1236167997
-0.2837916911
0.6099079847
-0.0996743441
-0.3123808205
-0.0419688635
-0.0577090904
-0.3560461104
-0.5000939965
0.2414072752
-0.1643760502
-0.6971164346
0.3181360066
0.5520300865
-0.2456321716
-0.4133514166
-0.3776140809
0.1207242161
0.4641734958
-0.0304274410
-0.2109520435
0.1131357998
0.0512120314
0.0229733679
-0.0318327025
0.0365375578
-0.0265692733
0.0642372072
0.0202524755
-0.0259579103
-0.2840616703
0.1930315793
-0.0362912454
0.1818943024
-0.0030958140
0.0207633656
0.0924416631
-0.0805650651
0.1598911434
-0.0513286591
0.0335651934
0.0115732895
0.0691318661
0.0138049657
-0.1701508313
0.0603352226
0.2307033986
0.0425679460
-0.1451082826
-0.0106542967
-0.0180369243
-0.0464269780
0.0236257482
0.0083342027
-0.2136852443
0.0299712829
-0.0075081266
-0.0314984620
-0.0092972480
-0.0308175441
0.0085315695
0.0511079244
0.0096593862
0.0864482597
-0.1221005768
0.1950414330
-0.0050885761
-0.0071272911
0.0260554496
0.0040429118
-0.0186670832
0.0082952809
0.0002848874
0.0283092652
-0.0158114806
-0.0512585156
0.0268770419
0.0381994396
-0.1007269174
0.0389782861
-0.0192941613
0.0390887707
0.2791458070
-0.0281312745
-0.1897182018
0.1193764582
0.0312215649
0.0175694227
-0.0231093075
0.0671311244
-0.0296889991
0.0793109760
0.0101897018
-0.0297097936
-0.3085306585
0.1542947888
-0.0309457108
0.0974842682
0.0190217420
-0.0028444387
0.0477505103
-0.0647033080
0.1215229183
-0.0481849760
0.0301302578
0.0173244234
0.0579037108
0.0159813296
-0.1664239168
0.0452465639
0.1942471415
0.0405614451
-0.1536753774
-0.0239979867
-0.0133026922
-0.0456423610
0.0310835484
0.0024112172
-0.1648209542
-0.0066436613
-0.0104634296
-0.0189371742
-0.0059907259
-0.0358275175
0.0125426697
0.0473719425
0.0141816735
0.0741225407
-0.1166501120
0.1864881963
-0.0032095159
0.0002763348
0.0243986547
0.0163010713
-0.0115664098
0.0134754945
0.0188891180
0.0152306678
-0.0212711673
-0.0511395708
0.0196805000
0.0344301313
-0.0820788816
0.0169842746
-0.0135312909
0.0337429568
0.2544950247
0.0058698235
-0.2100333720
0.1148244962
-0.0189182498
-0.0083613871
-0.0509095937
0.0425692387
-0.0367676094
-0.0313638300
0.0100498945
-0.0226050019
-0.3118934035
0.1757192463
-0.0209079068
0.1832145303
0.0450863428
0.0081484802
0.0551880710
-0.0875719637
0.1586627662
-0.0625246316
0.0148310028
0.0093305577
0.0371120945
0.0258472040
-0.1397308558
0.0212759208
0.3330911994
0.0548997149
-0.1675272137
-0.0062325569
-0.0338140912
-0.0250870977
0.0350268707
0.0165130794
-0.1465261430
-0.0017212898
-0.0188027658
-0.0315595903
0.0028145886
-0.0299491826
0.0214351509
0.0743415207
0.0134914126
0.0656504557
-0.1521740854
0.2034839690
-0.0387246460
-0.0066634160
0.0357231833
0.0385519154
0.0140486229
0.0184110571
0.0774636865
-0.0101323575
-0.0326760300
-0.0298735090
0.0356161930
0.0229091551
-0.0699046552
0.0855214670
0.0055892649
0.0611789748
0.3134619296
0.0067764111
-0.2519922554
0.1115509272
-0.0225157421
-0.0123695778
-0.0473007485
0.0258620549
-0.0348550789
-0.0663190559
0.0064155622
-0.0449957810
-0.3298916817
0.2310997248
-0.0071931100
0.2736178935
0.0238391571
0.0250109620
0.0554098152
-0.0442272909
0.1574505121
-0.0439314097
0.0411383845
0.0149414279
0.0345822126
0.0109050060
-0.1389027387
0.0504832938
0.3911591172
0.0518303327
-0.1550626606
-0.0334545486
-0.0063579767
-0.0718858168
0.0587340407
0.0084217079
-0.1635655314
0.0471051261
0.0059514572
0.0090764929
0.0231453348
-0.0485238805
-0.0035219756
0.1378465295
-0.0067147673
0.0522954427
-0.1610507369
0.2314903289
-0.0677478909
-0.0055494797
0.0233603027
0.0254740007
-0.0072875270
0.0273802821
0.0145112546
0.0243229792
-0.0278689116
-0.0255417358
0.0510644764
-0.0335204415
-0.0362397321
0.1816278249
0.0351617113
0.0386032946
0.3394359350
-0.0410204343
-0.2204085439
0.1136048660
-0.0147555908
0.0337730683
0.0004473729
0.0112609249
-0.0046979520
-0.0502965972
0.0096616689
-0.0424038917
-0.3167804480
0.2326818407
0.0167812128
0.2727693915
-0.0204437375
0.0665427670
0.0770140812
-0.0515196286
0.1776934862
-0.0367021859
0.0580697656
-0.0313930213
0.0521432832
0.0088829976
-0.1401839405
0.0807522163
0.3871149719
0.0900321379
-0.1537258476
-0.0678281710
0.0135089727
-0.0916630626
0.0386852026
-0.0237056501
-0.2053533643
0.0569335558
0.0110227233
0.0022013234
0.0257156417
-0.0299696177
0.0188863520
0.1401158720
0.0302346684
0.0649189427
-0.1464084089
0.2475242019
-0.0789263323
-0.0121640889
0.0265635233
-0.0051602144
-0.0237933453
0.0453401506
0.0122335153
-0.0081890011
-0.0013687719
-0.0259506945
-0.0080582891
-0.0329622105
-0.0483967438
0.2153399140
0.0143385381
0.0569596365
0.3477898538
0.0071036429
-0.2922093868
0.1604321152
-0.0798806027
0.0436943732
0.0169725846
0.0991413593
-0.0317450687
-0.1080312431
-0.0212379303
-0.0947090536
-0.2299487144
0.2207639366
0.0112324124
0.2761848867
0.0174231865
0.1000976339
0.1177006662
-0.0180978123
0.1634801328
-0.0066098282
0.0329875872
-0.0627415255
0.0248515662
-0.0382855609
-0.0947291479
0.0130691016
0.5900161862
0.0260090120
-0.2176609188
-0.0728478879
-0.0184496231
-0.0324000977
-0.0474764444
-0.0465657488
-0.1395776868
0.0451840274
-0.0201709457
-0.1075046435
0.0360239893
-0.0520409532
0.0216555316
0.1640241593
-0.0129769724
0.1449763179
-0.2155454010
0.1286213398
-0.1386592835
-0.0047279140
0.0555864722
0.0120688714
0.0298861116
0.0706172213
0.1024634764
-0.0248728599
-0.0052481098
-0.0348042473
0.0097394707
0.1353683770
-0.0558483675
0.0777225494
-0.0100630037
0.0328662694
0.3205932081
-0.0225385986
-0.2614014149
0.1355850101
-0.0518186688
-0.0049019093
-0.0140438899
0.1090636402
-0.0381856076
0.0364334546
0.0124561712
-0.0190499835
-0.2837207615
0.1768430322
-0.0302605610
0.1729000360
0.0287150275
0.0237861555
0.0743826553
-0.0607786290
0.1562495679
-0.0519730151
0.0324617997
0.0052408022
0.0058083646
-0.0135632334
-0.1062284335
0.0448894985
0.4126762152
0.0407626703
-0.1577975750
-0.0128205046
-0.0289711282
-0.0354225598
0.0128875570
-0.0071429233
-0.1242560223
-0.0050200121
-0.0133589627
-0.0785706565
0.0105365133
-0.0667666495
-0.0045813620
0.1208344102
0.0146879945
0.0904976055
-0.1625477523
0.1568904966
-0.0630300865
0.0158357359
0.0158658735
0.0207445994
-0.0192540232
0.0256668162
-0.0028001484
-0.0008842598
-0.0054157684
-0.0205332804
0.0102419462
0.0664844066
-0.0557946339
0.0461012535
-0.0057977405
0.0179557782
0.2623626292
-0.0336258449
-0.2448092401
0.1327757388
-0.0031043564
0.0228951853
-0.0145077296
0.1083097607
-0.0188449640
0.0759207755
-0.0005324818
-0.0160231218
-0.3023923337
0.1928036511
-0.0304612964
0.0695047826
0.0428927764
0.0195049401
0.0767824277
-0.0322470292
0.1097775623
-0.0377165265
0.0248910673
0.0507032871
0.0435806997
-0.0156519432
-0.1326755434
0.0389639847
0.2277597189
0.0075658415
-0.1408182979
-0.0245728213
-0.0050802124
-0.0525546484
0.0270992983
-0.0127623379
-0.1270907223
-0.0346143954
0.0002865468
-0.0588878430
0.0072212215
-0.0458219871
-0.0185223818
0.0628689304
-0.0099788010
0.0589440987
-0.1168668866
0.1607808620
0.0045004943
0.0240878165
0.0052545597
0.0086328350
-0.0132783856
0.0167081617
-0.0354480147
0.0182701498
-0.0095848897
-0.0068545514
0.0105244853
0.0594646707
-0.1024044752
-0.0211171433
-0.0156268589
0.0176341422
0.2355027944
-0.0196232162
-0.1634701788
0.1399179697
0.0262791049
0.0237257369
-0.0002716823
0.1054511890
-0.0209929794
0.1357219219
0.0030166232
-0.0244790148
-0.3086058199
0.1320611537
-0.0304152723
-0.0354363210
0.0352475792
-0.0137635283
0.0207013898
-0.0389521234
0.0738729686
-0.0374004133
0.0215637349
0.0269969627
0.0469603203
0.0041990671
-0.1816916764
0.0279122852
0.1099537015
0.0284557585
-0.1417304724
-0.0381456539
-0.0015793988
-0.0398999862
0.0262397025
-0.0100965621
-0.1365524381
-0.0547930859
-0.0112649538
-0.0196706261
-0.0046136109
-0.0536524467
-0.0049522673
0.0374067426
0.0001196748
0.0550870560
-0.0773418844
0.1671016216
0.0368721858
0.0222743060
0.0204078592
0.0091052707
0.0008315870
0.0225588847
-0.0022141670
0.0041475720
-0.0114120720
-0.0361211114
0.0098544741
0.0671924725
-0.0901013836
-0.0610744841
-0.0071024341
0.0111461775
0.2243017405
-0.0389353931
-0.1681079715
0.1363959610
0.0319369175
0.0227809697
-0.0071059046
0.1073973775
-0.0122328438
0.1227032542
0.0065260199
-0.0202653222
-0.2906489372
0.1406487226
-0.0334203318
-0.0092270011
0.0288852304
-0.0144302417
0.0343035720
-0.0536118522
0.0824248791
-0.0389478095
0.0274549481
0.0296144783
0.0640678629
0.0110734859
-0.1724449992
0.0309827123
0.1608175933
0.0332920589
-0.1306514144
-0.0252675023
-0.0065201768
-0.0560738444
0.0319395401
-0.0160135739
-0.1362441480
-0.0352922007
-0.0095032537
-0.0386406146
-0.0080147618
-0.0457126461
0.0088848853
0.0397095270
0.0134401210
0.0653575361
-0.0921829268
0.1596592665
0.0186726730
0.0103730904
0.0222205818
0.0077860123
-0.0132746855
0.0167499725
-0.0142012825
0.0119243376
-0.0154772839
-0.0421220027
0.0027516917
0.0657656863
-0.1044322029
-0.0478010662
-0.0183912199
0.0106551731
0.2219590694
-0.0406831764
-0.1611760557
0.1353497803
0.0276600551
0.0263047088
-0.0037888158
0.1121673808
-0.0057492219
0.1095386297
0.0014504739
-0.0217957739
-0.2975296378
0.1353553981
-0.0314300135
-0.0314725190
0.0319917500
-0.0260082483
0.0275584031
-0.0457740277
0.0747839287
-0.0444520600
0.0241786558
0.0278371088
0.0629713908
0.0166803822
-0.1781940311
0.0244873371
0.1502742618
0.0284958482
-0.1297875643
-0.0284963008
-0.0047701034
-0.0482850969
0.0395284817
-0.0100556994
-0.1328762770
-0.0479080155
-0.0088152522
-0.0358924642
-0.0006830455
-0.0417151228
0.0101753697
0.0526579209
0.0192030743
0.0540177524
-0.0972672701
0.1618713140
0.0276863612
0.0137257045
0.0273776427
0.0072317943
-0.0172648411
0.0105592897
-0.0097238468
0.0110969609
-0.0213074051
-0.0566243492
-0.0020218787
0.0809848681
-0.0957297608
-0.0432923958
-0.0177302454
0.0139876334
0.2352856845
-0.0599259920
-0.2064739615
0.1304802746
0.0040758788
0.0195166189
-0.0275902227
0.1109993681
-0.0228681285
0.0306655150
0.0150576094
-0.0216548834
-0.2703121305
0.1691477448
-0.0260065999
0.0885242522
0.0462388843
-0.0059333923
0.0588055067
-0.0738954395
0.1377320588
-0.0557283834
0.0410340503
0.0382459238
0.0677854791
0.0250002965
-0.1417300403
0.0055006016
0.3209231496
0.0161813386
-0.1052945852
-0.0245259330
-0.0270030238
-0.0748396441
0.0351619758
-0.0216204915
-0.1088437885
-0.0105841728
-0.0078367330
-0.0381477848
0.0162174515
-0.0350965671
0.0130994702
0.1063204259
0.0028394130
0.0448826030
-0.1317963153
0.1640769690
-0.0243482012
-0.0001782596
0.0284142345
-0.0044576363
-0.0181394648
-0.0100500472
-0.0364054926
0.0097916527
-0.0229960531
-0.0549912378
-0.0118891690
0.0672477707
-0.0811784565
-0.0057380879
-0.0417510197
0.0043856888
0.2794500291
0.0327086374
0.2691366971
0.3117712140
-0.2569294572
0.0208220892
0.0023463946
0.0422592796
0.1659320444
-0.4994665682
-0.0481773503
-0.3386215866
-0.0125231426
-0.1423183978
0.1002107635
0.3693574667
0.0685428828
0.1580296755
-0.0076791509
0.2704249620
0.0880541429
-0.3438786268
-0.0211265218
-0.2843808532
0.0766644999
0.0189136565
-0.4504688382
0.1534550041
1.0673271418
0.1503506303
0.1469068378
-0.1375261694
0.0991999507
-0.0374428406
0.3864356875
-0.0360884592
-0.3724733591
0.5901042223
-0.0675215349
0.3257652819
0.1212948188
-0.0595153794
0.0166307949
0.6410852075
-0.1683358401
-0.1907358915
-0.3215601444
0.0168504510
-0.4445257783
-0.1317347288
-0.0736639127
-0.0657787547
-0.0581406578
0.0351662934
-0.2555719614
0.1833047420
0.0281023085
-0.3507416844
-0.0273202676
0.3464837968
-0.1676050872
0.1894910932
0.0447500870
-0.0074123079
0.8141464591
-0.0753009841
0.2678253651
0.1953943521
-0.0656753257
0.1647164077
0.2229823619
0.2037366182
0.6089838743
-0.7426999807
-0.2513653040
-0.1802001446
0.4697687030
0.2085916549
0.1382299662
0.7799451351
-0.2020533830
-0.1283191741
-0.0634399876
0.6049797535
-0.3091927171
-0.3611285090
-0.0796031952
-0.7569552064
0.2914253473
0.1679181159
-0.2118860930
0.1155682355
1.5611453056
0.2774883807
0.2092089653
-0.3105473816
0.3733680546
-0.1090670675
0.6582780480
0.0442807972
-0.8024049997
1.1337341070
0.0604079030
0.2664526999
0.1352899075
-0.1039508507
0.0447278358
0.8293025494
0.0360444337
-0.3264380693
-0.4830082655
-0.1168109700
-0.6896342635
-0.2532616556
-0.1342797428
0.0426687375
-0.2653839886
0.2119042873
-0.1067602187
0.3849659264
0.0155553231
-0.2131471634
-0.0819921270
0.4770508707
-0.3191685677
0.4586722553
0.4523648322
0.0264397953
1.1130228043
-0.0968157798
-0.1864426583
0.2023338825
-0.0176175684
0.0256712064
-0.0719921589
0.1999672204
0.0775073469
-0.0736635476
0.0115436148
-0.0296845045
-0.0940842554
0.2113932222
0.0260149222
0.4256102443
0.0318070240
0.0639385283
0.1085570902
0.0144726122
0.1136028618
-0.0828068182
0.0072619002
0.0300760977
0.1186031327
0.1285586208
-0.1562993079
-0.0572575480
0.6487377882
0.0177500863
-0.0599844977
-0.0044333129
-0.0314125679
-0.1651548445
0.1079694107
-0.0718211904
-0.3133365512
0.1884500533
-0.0705420673
0.0697741583
-0.0181681495
-0.0362479426
0.0539971404
0.1519017369
0.0196770448
-0.0401110947
-0.1668648273
0.1191066653
-0.1617061794
0.0257889461
0.0685520023
-0.0294381008
-0.0388321280
-0.0449401289
-0.0788929611
-0.0278587546
0.0209619850
-0.0369506441
-0.0659924448
0.0819582492
-0.1203004047
0.0935816541
-0.0948665217
0.0124241281
0.4428587258
-0.0612577014
-0.1584414095
0.1289542764
0.0403055847
0.0168120749
-0.0356065631
0.1620240659
0.0353825428
0.0595504381
-0.0127050569
-0.0423535481
-0.2203487158
0.1560230553
-0.0188700929
0.1650499552
0.0424174033
-0.0073719127
0.0200629998
0.0119230328
0.0651928484
-0.0630182475
0.0407084301
0.0271758512
0.0751696676
0.0504411124
-0.1540540159
0.0379355960
0.3878398836
0.0374913067
-0.1470372826
-0.0537242666
0.0230937041
-0.0666680038
0.0710982978
-0.0084701031
-0.1688974947
0.0575606897
-0.0168906152
0.0351042859
-0.0102261025
-0.0038995305
0.0180215426
0.0898463652
0.0123783033
0.0158098545
-0.1354553849
0.1127484888
-0.0419593640
0.0010341943
0.0566418692
0.0116142072
-0.0391681194
0.0099066533
-0.0105760237
-0.0179019291
-0.0185438693
-0.1104052216
-0.0178865530
0.0442882963
-0.1000991017
0.0215849485
0.0046842145
0.0272215921
0.3142909110
-0.0405386910
-0.1447558999
0.1191506162
-0.0166974496
0.0158516560
-0.0234875381
0.1267350465
-0.0022644065
0.0654615983
0.0064213593
-0.0437402949
-0.2688745260
0.1577139050
-0.0244632550
0.0979323834
0.0406114906
-0.0050579747
0.0194582418
-0.0120655792
0.0628288537
-0.0649948269
0.0307254754
-0.0028228457
0.0589232333
0.0378146172
-0.1456238925
0.0367678441
0.3401408792
0.0459107831
-0.1498746574
-0.0459554456
0.0107989246
-0.0551392995
0.0625487864
0.0052888007
-0.1329102665
0.0000215777
-0.0095744226
0.0075142770
0.0008602025
-0.0286475532
0.0140643250
0.1054591089
0.0022670014
0.0242846943
-0.1489394456
0.1536320299
-0.0247201193
-0.0141382311
0.0235673096
0.0116722276
-0.0177689642
0.0156831276
-0.0041309362
0.0115858605
-0.0326149203
-0.0822524801
0.0180330817
0.0303171314
-0.0922149643
0.0224085841
0.0083172312
0.0224873517
0.2848739922
-0.0373171531
-0.1659190953
0.1144208759
-0.0193351246
0.0106944898
-0.0342872925
0.1229435056
-0.0228330679
0.0595823005
-0.0025255368
-0.0358087197
-0.2856736481
0.1680363417
-0.0223726258
0.0847531706
0.0318234414
0.0022798649
0.0443222187
-0.0031689557
0.0517073125
-0.0578840822
0.0187766496
0.0070411921
0.0628604963
0.0169812143
-0.1413921267
0.0291105732
0.2909476757
0.0374148414
-0.1518697888
-0.0387844928
0.0028510401
-0.0593648776
0.0587049052
-0.0126333646
-0.1380369216
-0.0369019210
-0.0103227664
0.0144546293
0.0069430270
-0.0426870435
-0.0109730661
0.1109921485
-0.0057228776
0.0176847707
-0.1104466394
0.1825424582
-0.0204211846
-0.0165295005
0.0085637746
0.0152068287
-0.0200131908
0.0201660581
-0.0001446112
0.0132635990
-0.0247285962
-0.0553591661
-0.0018114481
0.0236437768
-0.0702563152
0.0034364518
0.0096814148
0.0198066141
0.2932098806
0.0074286540
-0.1501851380
0.1646357477
-0.0539253242
0.0445777886
-0.0128079876
0.1308360994
-0.0246979985
-0.0058811144
0.0024953964
-0.0259815753
-0.2488449067
0.1767158955
-0.0169273540
0.2160564959
0.0004303558
0.0582015105
0.0533172749
0.0194734894
0.0382621475
-0.0633200556
0.0340146944
-0.0212244540
0.0450037718
-0.0082712304
-0.1443377435
0.0314215608
0.4679748118
0.0547020286
-0.1301930696
-0.0618807338
-0.0078013628
-0.0757693350
0.0308462866
-0.0305983555
-0.2288308591
0.0247327629
0.0039014760
0.0627776235
-0.0062220315
0.0120733064
0.0255682562
0.1963519603
-0.0174636375
0.0415102541
-0.1127550155
0.2067111433
-0.0925130546
-0.0350531936
0.0485062152
-0.0059394306
-0.0076948456
0.0665133744
-0.0036356458
0.0023668637
-0.0109539805
-0.0880232826
-0.0330051482
-0.0132265519
-0.0353450179
0.0749196559
-0.0176365748
0.0504220501
0.3617200255
-0.0257897805
-0.2507059872
0.1619880944
0.0186313074
0.0382234640
0.0008358055
0.1537126005
0.0040860241
0.0296645053
-0.0238040946
-0.0185949691
-0.2685037255
0.1070165932
0.0205762815
0.0477391444
0.0352191478
0.0127990376
0.0571743771
-0.0044613262
0.1351536661
-0.0284380000
0.0354143791
-0.0055334624
0.0209966321
-0.0067235273
-0.1246956065
0.0100801662
0.3671472371
0.0893747658
-0.1163258925
-0.0203209370
-0.0172494799
-0.0659602955
0.0089691989
-0.0013525644
-0.1253795773
-0.0021312030
-0.0010589663
-0.0380937345
-0.0112309437
-0.0432805568
0.0384133421
0.0901562721
-0.0162149295
0.0531826019
-0.1151465252
0.1567230970
-0.0851419643
0.0122700762
0.0464989394
-0.0065852315
-0.0034579872
0.0497802906
0.0006043824
-0.0124632716
-0.0024466722
-0.0335682891
-0.0442119166
0.1170563698
-0.0815220475
0.0302101206
-0.0245437715
0.0310545694
0.2132148594
-0.0110734757
-0.2133767754
0.1479261667
-0.0131497057
0.0268127155
-0.0106155686
0.1636629850
-0.0223353114
0.0761413500
0.0214526113
-0.0360642895
-0.2863147855
0.1771980524
-0.0395852886
0.0695119575
0.0546073690
0.0076523051
0.0401837938
-0.0454714522
0.1609430313
-0.0261666868
0.0646456778
0.0191905964
0.0403787866
0.0083355950
-0.1099203527
0.0389821269
0.3464837372
0.0056803413
-0.1467792839
-0.0412802435
0.0072407536
-0.0414410345
0.0217326377
0.0016048012
-0.0893690288
0.0096709002
-0.0175942648
-0.0563491769
-0.0049036131
-0.0610658042
-0.0006319325
0.0735324174
0.0038741969
0.0192965996
-0.1302690953
0.1667733341
-0.0641162992
-0.0046474077
-0.0068551339
-0.0068915556
-0.0084772138
0.0061534299
-0.0226213373
0.0228549894
-0.0192241557
-0.0451800525
0.0063479180
0.0590390041
-0.1041123495
0.0118255019
-0.0314168707
-0.0008208948
0.1878560930
-0.0016499966
-0.2099414766
0.1454029083
0.0106969159
0.0133267110
-0.0061041880
0.1341005117
-0.0246812776
0.0851124898
0.0026748294
-0.0358454026
-0.3045867383
0.1564250439
-0.0146038728
0.0246657431
0.0403276645
0.0117936656
0.0363958739
-0.0338056684
0.0977526903
-0.0304457527
0.0181964468
0.0278745499
0.0310265906
-0.0104220109
-0.1561952978
0.0278426502
0.2309610099
0.0187591705
-0.1352793872
-0.0279775169
-0.0004378139
-0.0361134857
0.0147488257
0.0011578096
-0.1454955190
-0.0287817772
-0.0096103661
-0.0287880842
0.0242042970
-0.0638228506
-0.0150721399
0.0645500273
-0.0235225633
0.0472562239
-0.0945424587
0.1927947998
-0.0381635614
-0.0022978594
0.0087224366
0.0182240549
0.0218473766
0.0267178863
0.0088269431
0.0091766147
-0.0037156052
-0.0195564311
-0.0010376164
0.0702231899
-0.1031730026
-0.0197732020
0.0051448643
0.0200297963
0.2250740379
-0.0304760542
-0.2855733633
0.2136042863
0.0059682229
0.0477645807
-0.0316234753
0.2114125788
0.0385480709
0.0109285889
0.0090540675
-0.0082385400
-0.2272061259
0.2597369850
-0.0311290920
0.1773568988
0.0393097587
0.0545467958
0.0750925392
-0.0502484441
0.2100222707
-0.0439942889
0.0114521915
0.0027569795
0.0812151730
-0.0101949954
-0.1232271940
0.0343316011
0.4313419163
0.0979624987
-0.1354360580
-0.0193473529
-0.0015824471
-0.0530732535
0.0291721541
-0.0352552459
-0.2418054044
0.1256715357
0.0057485080
-0.0983897895
-0.0266568717
-0.0483219586
0.0066615925
0.0713730752
-0.0349019542
0.0545981824
-0.1276340038
0.1662957817
-0.1641900390
-0.0676074997
0.0401064716
-0.0044526360
-0.0139757264
0.0554187670
-0.0528394878
0.0330590010
0.0414969549
0.0187197346
-0.0132174250
0.0764633119
-0.1528164595
0.0716089532
-0.0545299985
-0.0008602575
0.2277078182
-0.0273497067
-0.2075687796
0.1413238794
0.0435221121
0.0363986939
-0.0107355537
0.1682752818
-0.0341427810
0.0694807991
0.0096276458
-0.0192047227
-0.2517810166
0.1910711527
-0.0364451222
0.0934092924
0.0358503424
0.0198087450
0.0739994943
-0.0862576291
0.1827603281
-0.0225092787
0.0335074067
0.0310513005
0.0667270198
0.0047360961
-0.1509554237
0.0039814967
0.3011216819
0.0245252717
-0.1242387518
-0.0263558272
-0.0249046981
-0.0471399538
0.0068388404
-0.0218694657
-0.1731854677
0.0344641954
-0.0108130015
-0.0664018095
-0.0178518072
-0.0511677824
0.0102116894
0.0430612713
0.0055553936
0.0694012940
-0.1139072552
0.1626556665
-0.0688372552
-0.0308301467
0.0230123997
0.0000082943
-0.0024189721
0.0089390827
0.0044843769
0.0181567632
-0.0177873746
-0.0376765169
-0.0156091573
0.0782566965
-0.0984823853
-0.0013540732
-0.0556355566
0.0173464548
0.2166803926
-0.0236549713
-0.1719954163
0.1442329437
0.0288253017
0.0327508040
-0.0103113335
0.1514934152
-0.0447223894
0.0569548719
0.0023589197
-0.0388394855
-0.2927888930
0.1659661531
-0.0168138575
0.0548560396
0.0391123705
0.0053439513
0.0597407110
-0.0675295070
0.1572745293
-0.0217673741
0.0477216542
-0.0053197285
0.0462393500
0.0055822730
-0.1693079323
0.0104976278
0.2995168567
0.0170125235
-0.0975330770
-0.0053878245
-0.0060596014
-0.0593720786
0.0109683862
0.0186221916
-0.1460530758
0.0117913848
-0.0222936105
-0.0731163844
0.0005484045
-0.0433450639
0.0123028317
0.0827103481
0.0033881222
0.0528147034
-0.1339043677
0.1670141369
-0.0718484893
-0.0378684290
0.0191722177
0.0117319385
0.0136099523
-0.0288336910
0.0509487838
0.0380016193
-0.0297520775
-0.0723344758
0.0018202747
0.0816437453
-0.0893597677
-0.0273256637
-0.0154218581
0.0222433321
0.2104053199
-0.0266855229
-0.1735157967
0.1178189144
0.0333705433
0.0198954754
-0.0075185536
0.1128373146
-0.0317007378
0.0857955888
-0.0038634478
-0.0255880803
-0.3087076843
0.1434779316
-0.0314458907
-0.0278375801
0.0417473577
-0.0107294004
0.0278186332
-0.0614905767
0.1142721772
-0.0308817681
0.0276699644
0.0282327309
0.0487494729
0.0151762888
-0.1629980952
0.0164800119
0.1831833422
0.0181198474
-0.1255403608
-0.0277008787
-0.0051288870
-0.0442292579
0.0162993986
-0.0031887824
-0.1235266328
-0.0539218485
-0.0121564129
-0.0383361988
0.0070293341
-0.0469931774
-0.0039090249
0.0544985868
0.0101743909
0.0371494852
-0.0990575850
0.1820669174
-0.0009170230
-0.0175213404
0.0192155410
0.0179224443
0.0025140680
0.0064639566
0.0181243718
0.0033062657
-0.0162509531
-0.0440581217
-0.0040792054
0.0784251168
-0.0702051818
-0.0387532339
-0.0146978851
0.0131874727
0.2190766484
-0.0444046222
-0.1604169458
0.1040454060
0.0351622961
0.0262915995
-0.0172405466
0.0970247984
-0.0207698494
0.1155996695
0.0119708087
-0.0187165737
-0.3046882153
0.1572519392
-0.0267415028
-0.0273946486
0.0289343167
-0.0044054850
0.0445604585
-0.0472677387
0.0966358334
-0.0408825874
0.0270224661
0.0345538855
0.0526961237
0.0150789768
-0.1556867063
0.0239684545
0.1309050620
0.0301355720
-0.1091871485
-0.0241406541
-0.0057317768
-0.0433113091
0.0267545991
-0.0138882929
-0.1300973743
-0.0746068954
-0.0089801569
-0.0387799628
0.0088092880
-0.0483986698
-0.0029643737
0.0496397242
0.0097144414
0.0262158196
-0.0932293534
0.1849218160
0.0014995846
-0.0024033641
0.0237619858
0.0085167279
-0.0054218974
0.0136368219
-0.0229125265
0.0194071122
-0.0117983390
-0.0259932876
0.0015670089
0.0599675216
-0.1177659780
-0.0644558817
-0.0235159565
0.0170314871
0.2021906972
-0.0301187467
-0.2324114293
0.1187446937
0.0914563462
0.0007441924
0.0116767883
0.1381380111
-0.0439665243
0.0197351277
-0.0146842841
-0.0338352509
-0.2176747918
0.2595635653
-0.0328407846
0.1026970595
0.0214148238
0.0194591414
0.0962013826
-0.0361688770
0.1784053594
-0.0347177945
0.0286797956
0.0393206142
0.0615754537
0.0048555396
-0.1629785746
-0.0154179698
0.3198031485
0.0077908393
-0.1453679502
-0.0395556800
-0.0100217015
-0.0924169272
-0.0056198742
-0.0327028930
-0.1731056869
0.0307351723
-0.0101810964
-0.0276789125
0.0476983823
-0.0475422144
-0.0073055071
0.0796512142
-0.0397449173
0.0184929781
-0.1204729974
0.2084185034
-0.0603571981
-0.1025731862
0.0073087877
0.0270778872
0.0238810740
0.0388543718
0.0083179008
0.0378739834
-0.0216469169
-0.0099346964
-0.0349368714
0.0581680983
-0.1080128923
0.0119396951
-0.0222294852
0.0014781741
0.2573530972
-0.0215898026
-0.1622598171
0.1196968481
0.0426558778
0.0192278624
-0.0095689548
0.1111400723
-0.0257629678
0.1447140127
0.0043895151
-0.0240044482
-0.3086093068
0.1445323676
-0.0312121864
-0.0566120334
0.0335262567
-0.0183600690
0.0283704046
-0.0570406690
0.0787114203
-0.0250470955
0.0284054466
0.0320386328
0.0540803410
0.0116571719
-0.1781430095
0.0182513315
0.0808105916
0.0176404379
-0.1324500591
-0.0110593718
-0.0005168740
-0.0446709320
0.0133925565
-0.0085764080
-0.1549841911
-0.0794915259
-0.0160417221
-0.0214335993
-0.0026097638
-0.0510377623
0.0036037411
0.0212807674
0.0093597099
0.0436292179
-0.0612861477
0.1856873482
0.0240881145
0.0027122700
0.0180286076
0.0165464059
0.0011148943
0.0150284516
0.0125716748
0.0061934846
-0.0159422606
-0.0386157520
0.0062789991
0.0486496724
-0.1027921662
-0.0652279630
-0.0182033591
0.0139459083
0.2080318481
0.0035156116
-0.2900332510
0.1195559427
0.0282587279
-0.0221819114
-0.0075446800
0.2148242444
-0.0326854326
0.0173715744
-0.0291247722
0.0045918603
-0.1891959012
0.2968646586
0.0094410768
0.2348502427
0.0451377556
0.0010791915
0.0971220285
-0.0939463004
0.1867031008
0.0012825953
0.0755426958
0.0305027701
0.0602586418
0.0297964271
-0.1162511706
0.0489827432
0.5679575801
0.0107359597
-0.1712458283
0.0663560703
-0.0119121140
-0.0593727268
-0.0330778249
0.0216213744
-0.2226608098
0.1157209799
-0.0288588386
-0.0759554952
-0.0169249643
-0.0418383591
0.0728431046
0.0550747663
0.0385291688
0.0416648425
-0.1511342525
0.2277528346
-0.1558064967
-0.1142510846
0.0479556061
0.1033728942
0.0513094030
0.0086071156
0.1404755861
-0.0068209930
-0.0538205840
-0.0391573571
0.0051930058
0.0019499935
-0.0954574272
0.1490783989
0.0062322319
0.0566108674
0.2709546983
-0.0228946004
-0.1823348701
0.1193809882
0.0118547436
0.0177679788
-0.0202023294
0.1144682840
-0.0292513035
0.1084499359
0.0117582493
-0.0260087792
-0.3045977354
0.1665583849
-0.0169935264
-0.0187955834
0.0341178365
-0.0123990374
0.0279463772
-0.0566599891
0.1083353981
-0.0493147857
0.0244241618
0.0312117469
0.0304533467
0.0156114865
-0.1531813890
0.0253774375
0.1742727607
0.0375583433
-0.1446675211
-0.0154020227
-0.0106045529
-0.0410890579
0.0220989622
0.0103414021
-0.1316394508
-0.0619208738
-0.0155050354
-0.0214685444
-0.0031580103
-0.0369520523
0.0045608846
0.0430033989
0.0073838346
0.0420114584
-0.0861777589
0.1851485074
-0.0129834795
-0.0051481933
0.0300661717
0.0250952505
0.0099753374
0.0105891563
0.0291080903
0.0031167157
-0.0259087216
-0.0464519896
0.0158810019
0.0200582612
-0.0835633948
-0.0095223300
-0.0161144380
0.0207972936
0.1911304593
0.0037957532
-0.4989400506
0.0973822996
0.0178549923
-0.0296328347
-0.0390251130
0.1867655367
0.0640861690
-0.1140148267
0.0742448643
-0.0040908400
-0.2068087310
0.3913041949
0.0008813041
0.2977982461
-0.0055273594
-0.0007997518
0.1469734758
-0.0987781882
0.2940486670
-0.0198960677
0.0516419485
0.0458492450
-0.0400981270
-0.0530180298
-0.0243436377
0.0044623814
0.6838876009
0.0053676204
-0.0878090188
0.0382011756
0.0302447304
-0.0587671064
0.0088825403
0.0089958049
-0.1726453751
-0.0040061320
-0.0146540320
-0.0153566021
0.0795551389
-0.0801110268
-0.0104827108
0.1908258349
-0.0537999012
-0.0497127399
-0.1399943382
0.3236221373
-0.2477493435
-0.1149410680
0.0029787011
0.0497402027
-0.0051110219
0.0782759115
0.0225900356
0.0186743867
0.0129541326
-0.0715207607
-0.0024793614
-0.0760126635
-0.1167195886
0.3028788567
-0.0689032003
0.0280394293
0.2575707436
-0.0858280435
-0.3535472155
0.0394512117
0.0294388477
0.0518563129
-0.0374594443
0.2255929410
-0.0311221424
0.0192693919
0.0017117183
-0.0162090175
-0.2420009524
0.3681037724
-0.0442512035
0.1841797233
0.0395609289
0.0317595042
0.0943420976
-0.0400008596
0.2092712522
-0.0310026687
0.0568071492
0.0523774363
0.0527374037
-0.0341683887
-0.0425790735
0.0593144149
0.3948194683
0.0891700238
-0.1403174102
-0.0699598193
-0.0335275531
-0.0929599926
-0.0147217363
-0.0393106490
-0.1696590036
-0.0433009118
0.0274294894
-0.0320612304
0.0199391060
-0.0228848066
0.0194651764
0.1381181926
0.0523249619
0.0536628217
-0.0854683816
0.2359578311
-0.1050205007
-0.0439828262
0.0434844717
-0.0106499474
0.0215681642
0.0578149408
-0.0016235858
0.0223266166
-0.0138136679
-0.0194467045
-0.0530758314
-0.0588558838
-0.0709416494
0.1500870734
-0.0545107201
0.0177973695
0.1455755681
-0.2672351301
-0.3267773092
0.1769066602
-0.0243190490
0.1714015305
0.1252582371
0.3001828790
-0.2807049155
-0.4362407923
-0.0876607746
-0.0352821760
0.0121170925
0.2611325979
-0.2079278827
0.9113237262
0.2279925793
0.1081326455
0.1302264780
-0.2147013247
0.4946926832
0.2635965049
0.1086722463
0.1376978010
0.0920309573
-0.0314933173
0.1927167624
0.2714236677
1.4607586861
0.0232705735
-0.3201816976
-0.2246998101
-0.0249147173
-0.0845883936
-0.3767073750
-0.1915373951
-0.0475334674
0.2904997170
0.2420731634
-0.2760730088
0.0087404018
-0.2128646225
0.0409786552
0.2348954380
0.0327929109
0.1717610359
-0.5559009910
0.4156247079
-0.5814317465
-0.1099468395
0.0753367394
-0.1030309424
0.1534778625
0.1860835850
0.1854809672
0.0301024821
0.1003158167
-0.0403499044
-0.2321382612
0.1750461757
0.0564143024
0.3614261746
-0.2670083940
-0.0491871089
0.6497068405
-0.0121693118
-0.1625358909
0.1573788971
0.0204813518
0.0331039205
0.0150520373
0.1129190177
-0.0232805479
0.0864383355
-0.0023846161
-0.0286920182
-0.3011884689
0.1015241742
-0.0332074873
0.0498487614
0.0412237719
-0.0164311621
0.0191965215
-0.0202579666
0.0950934365
-0.0019775957
0.0087227952
0.0310172830
0.0271513369
0.0126050161
-0.1317952126
0.0377950147
0.2524660826
0.0253512282
-0.1529717743
-0.0456177779
0.0105526811
-0.0321653150
0.0200524442
-0.0013703384
-0.1158185154
-0.0291802175
-0.0025427141
-0.0134954937
-0.0103428215
-0.0546790287
-0.0046521802
0.0635563880
-0.0133069037
0.0316322409
-0.1564988941
0.1924326569
-0.0412696190
0.0175997820
0.0268791988
0.0109794606
0.0013414448
0.0118535748
0.0069282725
0.0168085042
0.0088145230
-0.0232058298
0.0033025499
0.0870948806
-0.0693672299
-0.0229777060
-0.0038804570
0.0216194615
0.2389797568
-0.0169109665
-0.3786871433
0.1114468202
0.0841242224
-0.0722192526
0.0987193733
0.1527445465
-0.0748835057
-0.1074474454
-0.0229364224
-0.0430663154
-0.2494274974
0.2680818141
-0.1150204390
0.4004320204
0.0505075790
0.0369358249
0.1344715208
-0.1212109104
0.3938025534
0.0631328225
0.0341750607
-0.0039566709
-0.0349332504
0.0584836453
0.0349250399
0.1235748008
0.6845881939
0.0701446757
-0.2421452254
-0.1103971601
0.0466442667
-0.0472573005
-0.0178340543
-0.0568888821
-0.1229157075
0.1075634584
0.0730642974
-0.1294872612
0.0185779314
-0.2212571055
-0.0274001770
0.0777966678
-0.1182969511
0.0244844928
-0.2535159290
0.2771200240
-0.1940569133
-0.1099854410
-0.0895680785
0.0297049824
-0.0087378155
0.1365114003
0.0250312369
0.0529788770
0.0818215609
0.1101685688
-0.1381020993
0.0814290047
-0.0239922144
0.2727746367
0.0845107660
0.0173100196
0.2573075593
0.0050224392
-0.3148503900
0.1979514807
0.0617877766
0.0239141863
-0.0072075748
0.1779545546
-0.0427029245
-0.0002280248
0.0004717684
-0.0355024859
-0.2578509748
0.1570730060
-0.0759983286
0.2460096478
0.0183890536
0.0620336346
0.1123524457
-0.0304859597
0.2123848051
0.0244484823
-0.0287560616
0.0686448142
0.1206010804
0.0110765481
-0.1927380115
0.0967061147
0.4667987525
0.0318687297
-0.1219221652
-0.0409695357
-0.0197495781
-0.0645487458
-0.0208911914
-0.0190139767
-0.1678008139
0.1528124511
0.0321623757
-0.0099199200
0.0046934267
-0.0943054259
0.0480023548
0.0273134988
-0.0398147218
0.0766292587
-0.1560524106
0.2022342980
-0.0771193951
-0.0221816599
0.0397170335
0.0128360596
0.0078083472
0.0412126184
-0.0572890267
0.0231380481
0.0631126314
0.0062847645
-0.0049838787
0.0753576458
-0.0874011144
0.1072775498
-0.0791440532
0.0475613773
0.2260377407
-0.0159008503
-0.1486213952
0.1405355930
0.0488176495
0.0204381142
0.0074475184
0.1042055935
-0.0254220441
0.1258528531
-0.0005088132
-0.0224790629
-0.3100052476
0.1172796339
-0.0347937532
-0.0298275687
0.0305485390
-0.0185446050
0.0129689872
-0.0442262962
0.0836537108
-0.0118178241
0.0221932549
0.0273202807
0.0520799160
0.0113407411
-0.1864672601
0.0367001258
0.1119908541
0.0292261746
-0.1368116587
-0.0328136235
-0.0058670505
-0.0391675308
0.0129819848
-0.0065299366
-0.1361667961
-0.0379836895
-0.0104907658
-0.0161262341
-0.0094412537
-0.0544525646
0.0048396410
0.0273820087
0.0075348448
0.0560985804
-0.0972831398
0.1857063025
0.0182155576
0.0073883412
0.0241158009
0.0136543727
0.0028263463
0.0149970856
0.0143117653
0.0083322972
-0.0118661132
-0.0356155448
0.0111071011
0.0722867921
-0.0913304314
-0.0589206293
-0.0150208557
0.0136049772
0.2182479501
-0.0441856869
-0.2186359167
0.1320695877
0.0699446425
0.0259276927
-0.0018728742
0.1305834204
-0.0069721132
0.0482028015
0.0024743967
-0.0366887301
-0.2871899009
0.1440181881
-0.0402089097
0.0911661312
0.0253637172
-0.0069800522
0.0543610565
-0.0616715997
0.1504788548
-0.0372130536
0.0241700597
0.0191260539
0.0792671889
0.0203036293
-0.1422505677
0.0516743809
0.2978040278
0.0567137152
-0.1155515388
-0.0263526682
-0.0209310539
-0.0490652621
0.0227479655
0.0020822731
-0.1102455705
0.0125915781
0.0167320091
-0.0459750518
-0.0114599504
-0.0631109849
0.0353551544
0.0458923541
0.0089593846
0.0558705479
-0.1495214701
0.1788296252
-0.0405607931
-0.0133696562
0.0457772277
0.0110324267
-0.0018446642
0.0154481446
0.0106318891
0.0166442022
-0.0142779434
-0.0476976819
-0.0045216046
0.1045667455
-0.0908832178
0.0204763599
-0.0475894548
0.0370601341
0.2211527526
-0.0236792043
-0.2417849004
0.0863479301
0.0427193753
-0.0063996967
0.0094223861
0.0977134630
-0.0537941940
-0.0533902533
-0.0040594493
-0.0305870175
-0.2852155566
0.2077902257
-0.0273235757
0.1009181067
-0.0111718941
0.0013465167
0.0246762075
-0.0716500580
0.2270058841
-0.0012403614
0.0315812826
0.0307085793
0.0596863553
0.0365354009
-0.1607336700
0.0709538683
0.3665584028
0.0338418186
-0.0856560469
-0.0565224998
-0.0257762633
-0.0387412347
0.0177730396
0.0377200544
-0.0984437466
0.0441343561
0.0083938511
-0.0382419750
-0.0036824362
-0.0524527244
0.0041003749
0.1110670567
0.0051175184
0.0585759170
-0.2152918726
0.2334790975
-0.0742307976
-0.0508470349
0.0461326540
-0.0013517775
-0.0060487078
-0.0215883851
0.0131496303
0.0284138713
0.0149057573
-0.0365689732
-0.0000672991
0.0925207064
-0.0346536040
0.1048965007
-0.0515690744
-0.0089482134
0.2542294860
-0.0132874493
-0.3604265451
0.0351572633
0.2318115681
-0.0424364656
-0.0566881485
0.0505438596
-0.0703873411
-0.2529033422
0.1015822589
0.0498777442
-0.2379723638
0.2937285602
-0.0969515592
0.4744962454
0.1494616866
0.1057647467
0.1650234014
-0.0906260461
0.3815016150
0.0422730260
0.0263498798
0.0852307007
0.1126413643
0.1020067930
-0.0237038359
-0.0937425047
0.7716947198
0.0358439647
0.0336159132
0.0006472777
-0.0840205699
-0.1379929781
-0.0961224288
-0.0896327421
-0.0651803091
-0.0540708527
0.0481154919
-0.0862110034
-0.0689135492
-0.1245641112
-0.0345925614
0.1178317517
-0.1215136945
-0.1452274173
-0.2428392321
0.3279889822
-0.1774914414
-0.1433093399
0.1377990395
-0.0450530350
0.0880741701
-0.0631016046
-0.0326211564
-0.0085192882
0.0237208009
0.1700842828
-0.0634049177
0.1905619353
-0.1991382390
0.1073664650
-0.1116791368
0.0343037322
0.3688682616
-0.0114561263
-0.1407698691
0.0995805338
0.0906096324
0.0210514143
0.0143506378
0.0778588504
-0.0284550879
0.0756291375
0.0076473900
-0.0348279662
-0.2800538540
0.1757592112
-0.0426213853
0.0322584547
0.0142865153
0.0147055192
0.0286461171
-0.0272512231
0.1507400870
-0.0318008326
0.0168831069
0.0169080123
0.0439906083
0.0106542949
-0.1509616077
0.0442835987
0.1892045587
0.0232066344
-0.1302278191
-0.0486507826
0.0015281551
-0.0381695852
0.0129603967
-0.0054029115
-0.1221263558
0.0206887387
-0.0042271819
0.0118969232
0.0010967371
-0.0582717918
-0.0177240092
0.0273814034
-0.0254179947
0.0220974106
-0.1149240360
0.2009020448
-0.0039282981
-0.0177113153
0.0232841913
0.0003174254
0.0102858851
0.0098508401
-0.0096084336
0.0168156885
0.0132307168
-0.0281500202
-0.0012352249
0.0641273856
-0.0915217400
-0.0491802841
-0.0402739644
0.0090677328
0.2364897281
0.0113755157
-0.1888095140
0.1413032711
0.1097335517
-0.0262434855
0.0091399401
0.1254720539
-0.0179926399
0.0443506949
0.0105116637
-0.0511648357
-0.2305129915
0.1963618100
-0.0295524728
0.1605514437
-0.0377928242
-0.0176659599
0.0466971472
-0.0229904000
0.1727686822
0.0022216646
0.0092891539
0.0071229981
0.0912839696
0.0494602211
-0.1908831149
0.0514117181
0.3926573694
0.0581769161
-0.1294192225
-0.0375290513
-0.0156090958
-0.0538622774
-0.0187367368
0.0427552387
-0.2040530592
0.0725414753
0.0111608775
0.0289688297
-0.0137595292
-0.0443191342
-0.0097472370
0.0305967014
-0.0335038863
0.0282652937
-0.1530259252
0.2258360535
-0.0733205080
-0.0359693654
0.0634369105
-0.0057841190
0.0365920290
0.0148786241
-0.0031431234
-0.0168118030
0.0002205345
-0.0546952374
0.0011203228
0.0431001335
-0.0766826421
0.0913991556
-0.0517686605
0.0046504829
0.2854607105
-0.0144591145
-0.2396618128
0.2922146618
-0.0366741195
-0.1134038642
0.0819269568
0.2020883113
-0.0715233386
-0.1331595927
0.0520162769
0.0502134971
-0.1129007563
0.1805777848
0.0129306447
0.7011138201
-0.0113547565
-0.0029986997
0.0557804815
-0.1565516740
0.4109551609
0.0107857119
0.0452450663
-0.0437656939
0.1146714985
0.1054410636
-0.1713189930
0.1023671404
1.1602231264
0.0083189551
-0.0642081797
0.2497217655
0.0037063619
-0.0753828436
-0.1626040041
0.1037944928
-0.3225213289
0.3796878159
0.0154000707
0.0970167890
-0.1525048316
-0.0478114374
0.2582745254
0.0174922831
-0.0908982754
-0.0693629682
-0.3242139518
0.3645660877
-0.3180924356
-0.0175733864
0.1203080118
0.1071165651
0.1119980291
-0.0176209435
0.1759713739
-0.1183487549
0.1062659770
-0.1705352664
0.0280677937
-0.0985056981
-0.0484636649
0.3712237477
-0.2036352754
0.1617352515
0.4868326187
-0.0186482538
-0.3339125216
0.0654584542
0.0860722661
0.1051943526
-0.0523091145
0.2124404162
-0.0885217339
-0.1365018040
0.0078008473
-0.0325648040
-0.2730044425
0.2216161340
-0.1185830832
0.3977423906
0.0187410694
-0.1615953147
0.0326445512
-0.1057239771
0.2704645097
0.0031745115
-0.0456983112
0.0315395482
0.1233057454
0.0341145210
-0.0119941412
0.1411965489
0.7511153817
0.1006548852
-0.2488547415
-0.0223171879
-0.0375845321
0.0505142137
0.0401470624
0.0304900818
-0.0607396998
0.1376805604
0.0859116167
0.0900359899
0.0239944030
0.0301971976
0.0340184085
0.1912264377
-0.0370145962
-0.0041849040
-0.2415586114
0.2801407874
-0.1898440421
-0.1018168554
0.0291965660
0.0394496061
0.0028343275
0.0321421549
0.0946066007
0.0242478214
0.0265851822
-0.1740581095
0.0206446256
-0.0232509691
0.0456889719
0.2846927047
-0.1012501642
0.0681386888
0.3330081403
-0.0100533813
-0.2295803577
0.1111497805
0.0412423722
-0.0258476082
0.0122055821
0.1558211148
-0.0383029580
0.0516145565
0.0382345356
-0.0377567522
-0.3190686107
0.1650549024
-0.0161322262
0.0783292055
0.0314937793
-0.0358766839
0.0331630968
-0.0177527741
0.0984208062
-0.0089630205
0.0415883698
0.0495303422
0.0547870100
-0.0115804132
-0.1338611841
0.0564042218
0.3017268777
0.0105172032
-0.0851782560
-0.0693454891
0.0071492083
-0.0328497440
0.0293159578
0.0210138112
-0.1306864470
-0.0273843464
0.0157162808
0.0691941679
0.0065848166
-0.0560246184
-0.0039752317
0.0744920895
-0.0303431284
0.0080240844
-0.1265518218
0.2477831692
-0.0189715903
0.0116301728
0.0125015834
0.0117985755
0.0259957127
0.0097532440
0.0036201428
-0.0084875422
0.0058568306
-0.0336666591
0.0027897945
-0.0003032432
-0.0595667921
0.0667893216
-0.0156422313
0.0026311351
0.2330983281
-0.0874549076
-0.3376327157
-0.0101505117
0.0682040006
0.0419573635
0.0547409989
0.1980600953
-0.0340327732
-0.1385101080
-0.0051312027
-0.1404484361
-0.2581190765
0.2110810280
-0.0078683281
0.3880362511
-0.1031572148
0.0870939568
0.0768557414
-0.0546039939
0.2398923039
0.0447685085
0.0252169073
-0.0272210743
0.0960740522
0.0621757805
-0.0087894434
0.1959624588
0.7904531956
0.0672530308
-0.2061833888
-0.1125930473
-0.0133052971
-0.1082414836
-0.0449711680
-0.0060651628
-0.1932022125
-0.0059662908
0.0819155201
0.1044893339
0.0578391291
-0.0974365622
0.1112680286
0.0931835994
-0.0304256491
-0.0099452315
-0.1053502113
0.3819447458
-0.1331268400
-0.1056285426
0.0430612899
-0.0096582631
0.0368676372
0.1225535274
0.0224473421
-0.0320119634
0.0693723261
-0.0758248940
-0.1481403410
0.0707273558
-0.0329286642
0.3526310921
-0.0591971725
0.0046644257
0.3296132088
