0.0410678126
-0.0430726223
0.0308816843
0.0449758433
0.0527511127
-0.0035271086
-0.0100772260
0.0097429790
-0.0145221809
-0.0374963395
0.0703230426
-0.0769682750
-0.0084077893
0.0330543891
0.0342469066
0.0320280045
-0.0386474468
0.0211466942
-0.0263042040
0.0515115075
0.0619848557
-0.0412526280
0.0483616740
0.0155989230
-0.0531565547
-0.0239614509
-0.0235915482
-0.0073134154
-0.0327406488
0.0100874659
0.0569011346
-0.0146952523
-0.0351908915
-0.0282521956
0.0372917466
-0.0001676914
-0.0064675864
-0.0218436848
-0.0492370911
0.0012235057
0.0271105152
-0.0245844591
-0.0177877229
0.0252317619
-0.0145137189
0.0042013703
0.0034601318
0.0410605073
-0.0149309728
0.0736659020
-0.0174554959
-0.0168596637
-0.0205579139
-0.0596255548
-0.0421506427
0.0834382176
-0.0240855794
0.0698328614
0.0267865621
0.0167745817
-0.0625276938
-0.0338968411
-0.0009357950
0.0458630919
0.0618245788
0.0833425447
-0.0730084330
0.0696362704
-0.0776862651
0.2407914698
0.4227761924
-0.0746725500
-0.0555577539
0.2820558250
0.3339827061
0.1448523998
0.0634891689
-0.0570502803
-0.3018187582
0.0062188162
0.3491032124
0.2015656382
-0.1893031001
0.3235709369
-0.4794911146
0.0107886521
0.1761045903
0.0313097201
0.0992922708
0.1605289578
-0.1180290356
0.2425435930
0.0012054060
0.1144715101
0.2581787109
0.1231972724
0.0839370117
-0.1046963334
-0.4093790948
0.0481392518
0.2200160921
0.0742434710
0.3186461627
0.0201903693
-0.5676252842
0.1074414477
-0.1269687414
-0.3132432401
0.0503074490
-0.0123358043
-0.0167232249
0.0249377862
0.1390630603
0.7493082881
-0.1494011283
-0.1447574794
0.5883769989
-0.1082635745
0.0266190823
-0.3179682195
-0.1659949720
0.7563439012
0.0233829021
-0.0095804455
0.1705182940
-0.0535576344
-0.2135304362
-0.1715875119
-0.2777462602
0.0690282285
-1.2539559603
0.0477018282
0.5289226770
0.3383066654
0.3731546402
-0.7314628363
0.0438150093
-0.3921481967
-0.3712778687
0.8836599588
-0.7194777727
0.5437281728
0.2629629970
0.2460021973
-0.6397094727
-0.1870624125
-0.3578613698
0.3456335366
1.0744308233
0.2223169953
0.2891689241
-0.8911654949
-0.2503724992
0.5684230328
0.3492676914
-0.7712000012
-0.9944548011
0.0326667726
0.0305877179
0.4169644415
0.1723691374
-0.0730509460
-0.6441610456
1.2370071411
1.3581845760
-0.6511356235
0.0993120819
0.2552960515
-1.0323853493
-0.3787382543
-0.1643377244
-0.0266960710
-0.0472571626
0.3792369664
-0.5776022077
0.6353089213
0.0323967636
-1.1393995285
-1.5774323940
-0.9038402438
0.3212256134
0.1524098516
-0.2642705441
-0.2898488343
-0.2996809483
-0.7413723469
0.1068300456
0.7575571537
0.1320258975
0.5506354570
0.7214229107
0.8878784180
-0.5954939127
-0.3048106432
0.4247419238
0.1748995632
1.2529551983
-0.2276785523
0.3006579876
0.1473148465
0.4313264489
0.3701248467
1.6765612364
-0.5942454338
-0.1122191697
0.0974876881
1.1466135979
-0.0361780040
-0.3535785973
0.2242010087
0.1900916994
0.4253666997
0.4498733878
0.4207389057
-0.7891231775
-0.0430161580
-0.8010901213
-0.0257866196
0.5813533068
0.3437640369
-1.0023767948
-0.2795594037
0.4147827625
-0.7368650436
0.0586132072
0.4768375754
0.5393673182
-0.7395605445
-0.5845026374
-0.3719847202
0.3639928997
-0.5225114822
0.1211562455
0.1045541316
-0.5289415121
0.4537351727
0.3700376153
-0.4429689050
0.5321866274
0.1508966386
-0.8023421764
1.2153366804
-0.7753255367
0.1604691595
-1.1407072544
-0.0861794874
-0.8075558543
-0.0761947408
0.0608343184
-1.3489825726
-0.4343552887
-0.7650816441
-0.1773452014
-0.5441554785
0.6094335914
-0.3207880259
0.2901413441
-0.5860282779
0.5657410622
0.3519195914
0.9739067554
-0.4685901701
0.4011490941
0.0905060545
0.4915585220
0.3014080822
0.9469788074
-0.9982777834
0.2250604928
1.2084066868
0.5056667328
0.0582103208
-0.3892891705
0.6077607274
-0.1689789146
0.1590295136
0.4525200725
-0.4638044238
-0.2337934673
0.5187373757
-0.8010260463
0.5897132754
0.6434844732
-0.3099966645
-0.0068543479
0.5133223534
-0.1457611322
-0.1023466662
-0.6272081733
-0.7396889329
-0.6613203287
0.3818295598
-0.2235911489
-0.8718330860
-0.3340044618
0.5022629499
-0.4951224029
0.8006867170
-1.3626170158
-0.7513356805
-0.6866597533
0.7163953185
-0.3464032412
1.0158951283
-0.1406250894
1.8785774708
0.8629437685
-0.7175873518
-0.4494361281
0.3879559040
-0.0493313074
-0.0552004427
0.1312931627
-1.4215302467
0.4941476285
-0.7241477966
-0.3453351855
-0.7260378003
1.1781066656
0.3875246048
0.2377138883
-0.1496474743
0.3109953403
-0.4166640043
0.1262291968
-0.0073109157
0.3630122840
0.2836221457
0.4513501227
0.2170330882
-0.2534440756
-0.3789116740
-0.0411369577
0.2014221549
-0.6552570462
-0.4685811698
-0.3205245137
0.2645662129
0.6509699821
0.8375406265
-0.4543038309
-0.1955593228
0.1563411802
-0.2043027133
-0.0012152778
0.7995647788
-0.1073116660
0.1445107311
0.6046676636
0.4483733177
0.1477214843
-0.0216620993
0.3078471422
-0.3225038350
-0.1285094023
-0.1086143553
0.8878889084
-0.4557105899
0.2999155223
0.1073534340
-0.2002649158
0.2157580405
-0.0794478357
0.0943244025
-0.0878071487
0.2475270182
-0.5448735356
-0.6009794474
-0.0786201507
1.2133266926
-0.5631032586
0.7142539024
1.0836238861
0.5072405934
-0.6379572749
-0.0890602171
-0.0746923611
0.6375147104
0.3298731446
0.0082819462
0.1648913175
0.2482662201
0.2495783865
0.1630522162
0.1032894179
1.3960586786
-0.8157165647
-0.5074371099
0.4324442148
0.0948954597
0.3236404061
0.0890444741
0.0353984125
-0.1369495243
-0.0238560494
1.0199394226
-0.1494524032
0.3368452787
-0.3946238756
-0.0711734146
-0.2781968713
0.2424427867
-0.1555413306
0.3262155354
0.8352544308
0.0957782194
0.2298255563
-0.8975479603
-0.4478227198
0.1474090666
-0.5592652559
-0.5003553629
-0.4247889817
-0.0556643568
-0.1987543404
0.5463489294
0.4057941735
0.5128421187
0.0820397064
0.7952832580
1.3972569704
-0.6733064651
0.1143801361
-0.2472828776
-1.2097899914
-0.3120630682
0.0418850332
0.9428020120
-0.0959165171
-0.1358617693
-0.6232076883
0.0315336511
0.0388363004
-0.0732127130
-0.9893288016
-0.2736759484
0.8223629594
-0.4270221293
-0.0615540668
0.7734405994
-0.2451498657
-0.4975017309
0.2941423059
0.4346441031
0.3249127269
0.2580682635
0.8850555420
0.2799978554
0.9544252157
-0.0326888785
-0.2371237427
0.3616729081
-0.1655804962
-0.0419408679
-0.1866440624
0.4914297760
1.3221664429
-1.3765985966
-0.9651734829
0.6642065644
0.2388443947
0.4229790568
-0.7305545807
-0.0337598361
-0.3017947674
0.3361258507
-0.7274979353
-0.1545771211
0.0427608192
-1.2908569574
-0.1621384025
0.5770109296
-0.2208022475
-0.3993168473
-0.3770897090
0.5001851916
0.4501257539
0.2478132844
0.3580793738
-0.9358640313
0.3765604496
-0.1722317189
-0.2798487544
1.0044901371
1.9895075560
0.0034474840
-0.1243691146
-0.3774300218
-0.6523490548
-0.3314716518
0.2611388564
0.1774579436
-0.8413037062
-0.0288184956
-0.7035625577
-1.7361611128
0.3213431537
0.8225234747
-0.2998953164
-0.3284740448
0.3108249903
0.3984492421
-0.2461173534
0.2915649414
-0.2671898603
1.0909610987
-0.5146578550
0.4027256072
0.3340574205
-0.0601750053
0.8285068274
-0.1458851695
-0.3389595151
-0.6004581451
0.2719333172
0.6373963952
-0.3614938557
0.0219099671
0.9172988534
-0.2518471181
-0.5800054073
0.0639272928
1.0590358973
0.2413040549
0.4293701053
-0.1636020988
-0.4833630323
0.7358666658
0.6009935141
0.1280543357
-0.8432737589
0.1687272638
-0.9088016748
0.2100964189
-0.2493089437
0.6142089367
0.5769854784
-0.4263179302
0.3820528388
0.5424466729
0.8069297671
-0.3936081231
0.6926522851
-0.2326214612
-0.0244035926
-0.3581008017
0.3790464401
0.7316966057
0.3199743927
0.4875848591
0.0593052246
0.3130821586
-0.6569351554
-0.1261013746
-0.6050269604
-0.4148653448
-0.9545261860
-0.7461274266
-0.9830077887
-0.1627164185
-0.1669827551
1.2640943527
0.5726346374
-0.5699897408
-0.4626507163
-0.4487023950
0.1191576347
-0.2713013887
-0.3738606572
0.5498533845
-0.4250987172
-0.2202247083
-0.2543860972
-0.7490988970
1.1481560469
-0.6903368235
0.0457658693
0.0366396345
-0.0568373427
-0.0254039336
-0.0494851470
0.2104821056
0.2789628804
0.1182035953
0.0232864004
0.3420805037
0.2914333344
0.2752389908
0.0181345176
-0.0665599257
-0.2291352749
-0.0187449194
0.3994326890
0.3063787222
-0.1110965461
0.4073074758
-0.0768907145
-0.0064165192
0.1271328181
-0.1083773598
0.0429273844
0.2372290045
-0.0113657592
0.0657430366
-0.0745676234
0.0872088447
0.2545568347
0.0209851563
-0.0141058797
-0.1720176041
-0.2885931432
0.1996648163
0.1819888055
0.0155412955
0.1704481840
0.0546820499
-0.4111527503
0.0756432638
-0.1915197968
-0.2604995072
0.1857576966
0.0609158985
-0.0355010740
0.0673886761
0.1774962991
0.7554080486
-0.4312755466
-0.0404881649
0.5800020695
-0.0961686298
-0.0473995842
0.0591790490
-0.0505110994
0.7536606193
0.0649832040
-0.0670482889
0.0688394010
-0.0171056800
-0.2360233217
-0.1697601080
0.0277623329
0.0297036450
-0.0655634031
-0.0543096773
-0.0336393639
0.1897566020
0.2401471436
0.1552238017
-0.0041333470
0.3690605462
0.2875291407
0.2911050320
0.0406943411
-0.0663316473
-0.2406328619
0.0034138635
0.4021008313
0.3277927041
-0.1108559370
0.4870536625
-0.0527232848
-0.0158179626
0.0706486478
-0.1176582649
0.0436142944
0.2321005166
-0.0158761684
0.1103385687
-0.1185490936
0.0922467932
0.2280186564
0.0222348068
-0.0210911185
-0.1675974727
-0.2807756662
0.2365134805
0.1911245883
0.0167440977
0.2062960267
-0.0058104843
-0.4142455757
0.0845763981
-0.1923411191
-0.3003115952
0.2212885171
0.0442862138
0.0335659459
0.0774855316
0.1139497608
0.7236255407
-0.4357832372
-0.0597755797
0.5769432187
-0.1084432080
-0.0614101999
0.0881421119
-0.1078306362
0.7419564724
-0.0234108251
-0.0619984418
0.0369655751
-0.0018778470
-0.2749681175
-0.1794209629
0.0253817048
-0.0291158017
-0.0341275334
-0.0607600138
0.0128645385
0.2002992034
0.2730775476
0.1221840903
-0.0503803603
0.3533548415
0.2646073401
0.3584160805
0.0577464588
-0.0783243552
-0.2938789129
0.0473851040
0.3832177818
0.2802591622
-0.0650923401
0.4549061954
-0.0617671646
0.0135205043
0.0901815966
-0.1258391291
0.0148926498
0.2392497063
-0.0476668179
0.1490543187
0.0160261802
0.0409385599
0.2080687732
0.0283309463
-0.0637467355
-0.1599763036
-0.2380935550
0.1681833267
0.1858775467
0.0539870374
0.1120327935
-0.0000806210
-0.4720670283
0.0530200303
-0.2602240145
-0.2740442157
0.1563440859
0.0781235322
0.0335720964
0.0212481059
0.1175313443
0.7226051092
-0.4608066678
-0.0636520088
0.5697054267
-0.1113897413
-0.0195568614
0.0841593966
-0.1006817669
0.7697388530
-0.0156382304
-0.0676382929
0.0510441251
0.0207317621
-0.3057087958
-0.1418040097
0.0083562955
0.0663200542
-0.0511156693
-0.0322416946
0.0225773919
0.1448875368
0.2703957856
0.0890065059
-0.0404726565
0.4048017263
0.2941522598
0.3283073604
0.0828441083
-0.0290930998
-0.3631384075
-0.0074712844
0.3735623956
0.3204439282
-0.1113623604
0.4065776169
-0.0436427481
-0.0060083116
0.1260988265
-0.1140150577
0.0448525697
0.2480908632
-0.0565239154
0.0880737230
-0.1111442298
0.0638693646
0.2473972887
0.0490721986
-0.0073200408
-0.1711865515
-0.3010770977
0.2128962427
0.1644875258
-0.0135767506
0.1316403002
-0.0098272394
-0.4788391292
0.0448116064
-0.2144150585
-0.2495975196
0.2390297204
0.0549158454
0.0336654261
0.0173469037
0.1046413183
0.6836690307
-0.3584049642
-0.0066967760
0.6177323461
-0.1324211210
0.0330380052
0.1184315011
-0.0572442971
0.7246053815
0.0485812053
-0.0990207121
0.1343751997
0.0335081704
-0.3160653412
-0.1849323958
-0.0077190818
-0.0119636171
-0.0563336201
-0.0264294501
-0.0271678027
0.1434608698
0.1934931427
0.2098127902
0.0290389899
0.3346208930
0.2551224828
0.4113844335
0.0892993510
-0.1151935235
-0.3293725252
0.0137243439
0.3829883337
0.3352066576
-0.1283116639
0.3921439648
0.1200755611
0.0148206428
0.1465332508
-0.1248033792
-0.0008368255
0.2037335187
0.0783004761
0.0361835584
-0.0449452363
0.1575217694
0.2395768315
0.0383394808
-0.0595121495
-0.1013710648
-0.1883647740
0.3011901379
0.1606241763
-0.0929744691
0.1035883129
-0.0291263498
-0.5003458261
0.1264735162
-0.2461093813
-0.1927475333
0.2694320083
0.0588663109
0.0884401277
0.0780276656
0.1088753343
0.6896662712
-0.3558751047
0.0260512736
0.5512465239
-0.2645826936
-0.0271571372
0.1263524145
-0.0039009214
0.7609248161
0.0556997508
-0.0685269386
0.0810165480
-0.0007708461
-0.3206271529
-0.1079173237
-0.0034458383
-0.0253411997
-0.0581906959
-0.0345173217
0.0350316390
0.1977950782
0.2357018441
0.1871426255
0.0248658862
0.3219253719
0.1763280034
0.5620586276
0.0819941238
-0.1067842543
-0.4160796702
0.0577492788
0.5077148676
0.3754676878
-0.1912968755
0.4377066195
0.0892341286
-0.0348268151
0.2357522994
-0.1913568676
-0.0176643245
0.2470286191
-0.0495407283
0.0077662342
-0.1587415785
0.1634200811
0.2468647808
-0.0488485545
-0.0575784147
-0.2327236682
-0.2431500703
0.2959763706
0.2107007653
-0.0808651522
0.1017951295
-0.0115765110
-0.4722605050
0.0503769964
-0.1492153257
-0.2254501134
0.3084575534
0.1190545037
0.1338382363
-0.0613793842
0.1084575877
0.5923288465
-0.2862416506
0.0172782466
0.5210947394
-0.2231481820
-0.1147206351
0.0564231239
-0.0623568147
0.5510588288
0.0002561802
-0.0533792116
0.1348073781
0.0072990386
-0.4206369221
-0.2367385626
0.1991270781
0.3039428890
0.4075300097
-0.3806694746
0.3236441314
-0.4974496067
0.5232684612
0.0799785331
0.9429533482
-0.5360512137
-1.2203327417
-0.7745078802
0.0860869810
0.5172132850
-0.0401165709
-0.5007209778
-0.1366756260
0.4348303676
1.2487783432
0.1540966332
-0.3667045236
-0.4613469243
0.3067846298
-0.4334158003
-0.0697142556
0.7476328611
-0.0694145858
-0.0405459553
0.6813274622
0.5416203737
-0.1815048605
-0.3052490950
0.3998820484
-0.6489580274
-0.2222768664
0.1579398066
1.9365704060
-0.4951018095
0.2357153893
-0.1397587657
0.0245535970
0.4352925122
-0.3253781199
0.8624308705
-0.9216328859
0.2031793296
-0.9228008986
-0.2197172344
0.2999053299
1.3861035109
-0.8911312819
0.0725520551
0.9155821800
1.5666494370
-0.6074314117
-0.5472353101
-0.0463871881
0.0432217121
0.0242474116
0.0509828180
0.5732282400
0.1929121763
1.4319096804
0.5846846104
-0.1357423216
0.8697791100
0.1937663555
0.2658173442
0.5328551531
-0.3911660612
-0.3782377839
0.1400647312
-0.5667093396
1.3151000738
1.2040240765
-0.4414068460
0.0374368280
0.9094240665
-0.1893804818
-0.0202624723
-0.0482761487
0.6269672513
-0.5584494472
-0.2011272013
1.2531894445
0.1910047382
-0.2626250386
0.3607545793
-0.7374633551
0.0975504518
0.3663905561
-0.3231496811
-2.2472157478
-0.0353459567
0.1859661937
-0.2617697418
-0.2151426971
0.2087859213
-0.6128847003
0.4039159715
0.3822773993
-0.2956349552
-0.4480971396
0.0678417981
0.5842342377
-0.1539383829
0.5526779890
-0.2588554621
0.6570478678
0.8115249872
0.0004127435
-0.0606031120
-0.3549298644
0.3594223857
-0.2826126218
0.8493432999
-0.8726032972
0.4191951454
0.9451906085
1.2970969677
0.8542988300
-1.2406260967
0.2409383953
0.4718293250
-0.6281002164
-0.4741224349
-0.2825101018
-0.7965066433
-0.1561004072
-1.1135295630
0.0641913861
0.9374687672
-0.3885805011
-0.0953671634
-0.3273481727
0.3814620674
0.0232612640
-0.5111030936
0.4753732979
-0.5665972829
-0.8593189716
-0.4085391760
0.1074030548
0.2141353190
0.0569026172
0.4417025447
0.0449688509
0.8600995541
-0.2164133638
0.0532282889
0.0465864390
0.1117096990
-0.5414563417
-0.5997255445
0.2979660928
0.2833718956
-0.2349611670
0.4089210033
0.6821287274
0.4409912527
0.4942401052
1.2387760878
-0.7026185989
0.6370826960
-1.3419518471
0.3164027333
-0.2936775684
0.1254306138
-0.0439691246
-0.0743722320
-0.5611082315
0.5486422777
-0.7561279535
0.3771627843
-0.7480824590
0.2600967884
0.1218176931
-0.1484037340
-0.1303959638
0.1575964242
-0.1349727809
-0.5919755697
-0.4809941053
-0.9064258337
0.1884302497
-0.1418795884
0.1781518161
-0.0633707121
0.7852105498
-0.4334013760
0.9062223434
-0.3090620935
-0.1185932681
0.0119132027
-0.0173235983
0.3936714232
0.2523527145
-0.3490379453
-0.5313295126
-0.0583150126
0.1362964660
-0.7795305252
0.3982146084
0.2266625762
0.2065523565
0.2043396533
0.3468353152
0.2726373374
-0.6981951594
0.0416227020
-0.1312606484
0.2583385706
-0.6959125996
0.3621030450
-0.1319210827
0.5199313760
0.1457752287
-0.0318701528
0.2479638457
-0.0101911612
-0.5027995706
-0.2960114777
0.3532561660
-0.2502468526
0.1381455511
-0.3495423794
0.3619589806
-0.0779771805
-0.4420485198
0.2695379257
0.0702058747
0.1738924980
0.4567134380
0.3119030297
0.1334057748
-0.2984146476
-1.3097437620
-0.3846040070
-0.3488504291
0.1807728410
-0.6120602489
0.2280862331
-0.4665194452
0.7485352755
-0.7629395723
-0.0212889239
0.2297073305
0.4156417847
-0.1413359940
0.9821793437
-0.1294174194
0.0275302678
-0.3422942460
-0.2840860486
0.0160756446
-1.1128880978
0.0697202086
0.5031059980
-0.3781892657
0.1197980642
-0.0080279894
0.2752190530
0.8797140121
0.0889379978
-0.3713027239
-0.9611338377
0.8664689660
0.8057757020
0.2906861305
-0.2235554457
-0.9565334320
0.6893582344
-0.4682983756
0.4515019655
-0.0444948524
0.4406847358
-0.8964063525
0.1211180165
-0.5961076021
0.1130673066
-0.2004223019
-0.6745172143
0.2216468900
0.0875494331
1.4883023500
0.5937624574
0.5330309272
0.2663440108
-0.1908532530
-0.1979566813
0.1683361381
0.6749204993
1.1509619951
-0.2183030099
0.3059936166
-0.1951583624
-1.0496885777
-0.5010172129
-0.3815608323
-0.0353900790
-1.2167179585
-0.2673109174
-1.5170313120
-0.7138207555
0.2177133858
0.6912016869
0.7415100336
-0.5351297259
-0.5777947903
-0.2441228926
-0.3700441718
0.7361538410
-0.5997612476
-0.2479402423
-0.3671172261
0.1387567520
-0.1086330935
-0.1000943631
1.7952041626
0.9689311981
0.3897279501
-0.6438827515
0.0160008650
0.3981785476
1.5003381968
-0.0456288159
0.0287002418
0.2212012857
-0.5071533322
0.5868260264
1.1204560995
0.1387920827
0.7827754617
0.1212087274
0.0554080345
0.4895820320
-0.3145449460
0.8583794236
-0.6565232873
0.1347742975
0.1509473324
0.3092450798
0.2393051684
-0.2484774888
-0.0878847688
0.0199844167
0.1480946690
-0.5308225155
0.4017148018
0.4430235922
-0.2345140576
0.3051630259
-0.4811613262
-0.0943513811
-0.7122854590
0.2209617198
0.6088072062
0.3257512748
-0.6048920155
1.2855494022
-0.8057160974
0.1781971157
-0.2700526714
-0.7922996283
-1.9313169718
0.5721315145
-0.9639063478
-0.3864492178
0.6839920282
1.1004745960
0.3505177796
-0.7026637197
-1.5902416706
-0.3399326503
-0.0605706312
0.4742561579
0.4231836200
-1.0982531309
0.0475484133
-0.4926160574
-0.1042196676
-0.0921818540
0.8167797923
-0.5283150077
0.0199186802
-0.0275272951
-1.1972464323
-0.1390810013
-0.9651293755
0.0333842635
0.2852478027
-0.3655900955
0.1640350223
-0.9267650843
-0.4186217189
-0.2688808739
0.1284672022
-0.0498023853
-0.4912993014
-0.0579616651
-0.8792140484
-0.3748283386
0.2880159318
0.4832757711
-0.8044346571
0.5309417248
-0.3819366693
-0.2367236614
-0.0255178399
-0.6312962174
-0.6194058657
1.1235888004
0.9773551226
-0.1230160892
-0.4981859326
-0.7264480591
0.3807265759
-0.6310723424
0.4457761049
0.1132640541
-0.0124861412
-0.5423195958
0.3337762654
-0.9426125288
-0.6370052099
-0.6837971807
-0.1043214202
1.2897045612
-0.0309822708
-0.4851030707
-0.2051510662
-1.2775965929
-1.1838240623
0.8211401701
-0.5211622119
-0.4388712645
1.0825500488
0.1788885593
-1.3214319944
0.1670002043
-0.5335696936
1.2675557137
0.2932996154
0.2366168201
0.4349112511
0.4013461173
1.4758648872
-0.8935208321
0.2021502703
-0.2277801633
1.5814907551
-0.4878612757
0.3224282265
-0.1841267049
1.2248852253
-0.3248245716
0.1953738332
0.6179153919
1.1135475636
-0.2562950552
-0.2452245951
-0.1900464594
-0.5227256417
0.0587908030
0.7799160480
1.6111299992
0.9411362410
-0.1025639847
-1.1080186367
-0.1298962235
-0.6693663597
-0.1853572130
0.8436446190
0.6771433949
0.2446520925
-0.6177110672
-0.6802454591
0.0401981771
0.1404235512
-0.4822997451
-0.7192912102
0.1085350290
-0.8886247873
-1.1495397091
-0.5402413011
0.4923863709
0.7101470232
-0.0728805140
1.2011370659
-0.0569013879
-0.0705919117
-0.4735117555
0.7607465386
0.7132360935
-1.2187099457
0.2732124627
0.4941100180
0.7821572423
0.5357528329
-0.3043039441
-0.8064877987
-0.2895045578
0.0399756953
0.3215034604
-0.3200340271
-0.7131636739
-0.0812731609
-0.7724852562
-0.2477748990
-0.4197770953
-0.1871612072
0.5357574821
0.0524910390
0.0010331813
-0.0570409559
-0.0690088868
-0.0757647380
0.0163904224
0.3486396968
0.1431575865
0.0343432762
0.2684704363
0.3174623251
0.3026950359
0.0399145931
-0.1100462973
-0.2441266030
-0.0097425049
0.2987533808
0.2371382415
-0.1077247262
0.4756732881
-0.1090423688
0.0314716846
-0.0609427392
-0.0290084351
0.0308707375
0.3486236632
-0.0020180685
0.1837388873
-0.0816230252
-0.0525002815
0.2561008036
-0.0507377796
-0.0279921107
-0.2158579826
-0.2505102456
0.1513895690
0.2675054967
-0.0168589000
0.1658885479
0.0665927380
-0.4297766984
0.2087322921
-0.0754521936
-0.2037225962
0.2110283524
0.1586633623
-0.0609122254
0.0206358824
0.1026112363
0.7387663126
-0.4023927152
-0.0553609170
0.6266925335
-0.1906465590
-0.0298952144
0.0372048765
0.0115472125
0.7453157902
0.2314019352
-0.1137701944
0.0109595014
0.0586001463
-0.2413093746
-0.1658695191
0.0182184298
-0.0143723255
-0.0735859275
-0.0622550100
-0.1025900692
0.0704220384
0.2780655026
0.1447326988
-0.0096722124
0.3884201348
0.3000407815
0.4166393876
0.0692051202
-0.1347882152
-0.1405697316
0.0081057642
0.3383018374
0.2933668494
-0.1211087778
0.4277097881
-0.0320086926
-0.0112572564
-0.0196315832
-0.0941732451
0.0599807911
0.2162496001
-0.1186099797
0.0970176384
-0.0290064532
0.0172041003
0.1930459589
-0.0233710408
-0.0209122673
-0.2633053660
-0.3327198923
0.1783158481
0.1933336407
0.0055108112
0.1322052777
0.0465932190
-0.4593434632
0.1734364331
-0.1727699786
-0.2914126515
0.2863188684
0.0324181467
-0.0502591617
0.0018310432
0.0979290903
0.7298617363
-0.4095450044
-0.0811942145
0.6448334455
-0.1190337986
-0.1130208820
0.0645142794
-0.0620278157
0.6968789697
0.0139563307
-0.1111885384
0.0628752559
-0.0022299616
-0.2651508451
-0.1999507695
0.0033223135
0.0407836512
-0.0966610014
-0.0286662225
-0.0319193974
0.0702461302
0.2243699729
0.1299149096
-0.1095453426
0.3946304917
0.2865308225
0.4755951166
0.1399727017
-0.0738858879
-0.2323252559
-0.0252169985
0.3277137876
0.3345377743
-0.1055031419
0.4691611528
-0.0509537160
-0.0698690042
0.0455051735
-0.1035601273
0.0707791001
0.2893829346
-0.1136939749
0.0710925460
0.0053952895
0.1392147988
0.2262054831
0.0121576814
-0.0326815061
-0.2242088318
-0.3391241729
0.1785157323
0.1766123623
0.0633300617
0.1906450689
0.0744189844
-0.4147405922
0.1452112198
-0.2228018045
-0.3319173753
0.3025969267
0.0530975387
0.0226983838
0.0274897609
0.1331750304
0.7143212557
-0.4047288299
-0.1247614101
0.6300315261
-0.1067986712
-0.1116006896
0.0318913981
-0.0239640847
0.6019255519
-0.0665871352
-0.0449260995
-0.0002621798
-0.0345943756
-0.2875215113
-0.2233095765
-0.0806881487
0.0523699559
-0.1120496914
-0.1430439800
-0.0680427328
0.1063345075
0.1423313022
0.1241414845
-0.1476053894
0.4630179703
0.2354465276
0.4912034571
0.0773319006
-0.1547616720
-0.2164712697
-0.0243792906
0.2807146013
0.3214392960
-0.1346812844
0.4925306439
0.0453079902
-0.0684312508
-0.0119939595
-0.1312190592
0.0023896501
0.2100704163
-0.0995676219
0.0562850013
-0.0232367422
0.1226443648
0.1941683441
0.0460122637
0.0133319972
-0.2416849583
-0.2839053273
0.2118931264
0.2552754581
-0.0577768795
0.2643802762
0.0087117013
-0.3733391464
0.1667271405
-0.2317041755
-0.3179165423
0.3674077690
0.0326431580
0.0399214514
0.0253905002
0.1120023504
0.7849199176
-0.3833708167
-0.0220908485
0.5952303410
-0.2096438855
-0.0822215080
0.0646067336
-0.0715060383
0.6313728094
-0.0403450541
-0.0508193485
0.0334251486
-0.0350326300
-0.3054857850
-0.1635157466
0.0006358817
-0.1071439162
-0.1122680679
-0.0800000057
-0.0812166706
0.0292955693
0.1738414317
0.1315992773
-0.1073586717
0.4572596252
0.1641000211
0.6457984447
0.0967020988
-0.2236309052
-0.2803395391
-0.0735583380
0.2816433907
0.2840511203
-0.1956790388
0.2661616504
0.2647172213
-0.0882280767
-0.0401274636
-0.0207714159
-0.0610947870
0.1071085036
-0.0982975587
0.1020455360
0.0218641609
0.0877952501
0.1033153161
-0.0384637229
0.0494532473
-0.1649013460
-0.1396048814
0.1542104334
0.4116340280
0.1348530352
0.1599182934
-0.0977784395
-0.3991846740
0.1921893805
-0.2559877038
-0.2615104914
0.3774999380
0.0575577356
0.1681243628
-0.0259357262
0.2107090354
0.8192548752
-0.5121583939
-0.1304908544
0.6158568859
-0.2092879713
-0.1037878320
-0.0429264121
-0.0172391031
0.5297408700
0.0103320703
-0.0914078429
-0.0628982559
0.0749610811
-0.3935261071
-0.0244716462
-0.1014619172
-0.1958615184
-0.0788616687
-0.1054929197
-0.0354563072
0.1179604232
0.0353001580
0.1481889635
-0.0465366542
0.4273127317
0.0309295245
0.7152820230
0.0243366975
-0.1627145261
-0.2331765145
-0.0666617751
0.4334735572
0.2983668745
-0.0845180899
0.2963331342
0.3614378870
-0.0037557457
0.0780634955
-0.0965952277
-0.0259896964
0.0193049181
-0.0043452615
0.0049878298
0.0163312461
0.0346769020
0.0974187106
0.0303236861
-0.0373143107
-0.1193110794
-0.0696960315
0.0550049767
0.4408604503
0.2041736990
0.0613383427
-0.1217724979
-0.3692912161
0.2043368667
-0.3525279760
-0.2306641340
0.2644231617
0.0644504502
0.3311416805
0.0610640496
0.2229772806
0.8972239494
-0.5489256382
-0.0484749302
0.4958073497
-0.1707998663
-0.1291440427
-0.0112923151
-0.0386781879
0.5604110956
0.0255557373
-0.0460991152
0.0163283460
0.0187128447
-0.4185177982
0.0236334745
-0.6005662084
0.7266961336
-0.6043734550
0.2429662645
-0.7002712488
1.0174094439
-0.0599992946
-0.0620931387
0.5460707545
0.3836342692
1.5151126385
-1.2346397638
-0.0895652771
0.5072842836
-0.7287510037
0.6930952668
-0.4946254492
-0.2312088460
-0.2923341393
0.4688721299
-0.9352694154
0.5838224292
-1.0920598507
0.0230212472
-0.2250237763
-0.3396207392
-0.3802932501
-1.0211590528
0.1608412713
0.3727721274
0.2732002139
0.1722082347
0.2758805156
-0.0851611197
-0.4450710416
0.1970443130
0.8176025748
0.0388234034
0.9103706479
0.0163971223
-0.2990643978
-0.7174166441
1.1782120466
-0.1480047405
-0.0322174877
0.2311645746
-0.9255953431
0.2287727296
-0.9013997316
-1.0586614609
0.2207947820
-0.1099793911
0.3325589001
0.9646002054
-0.9467245936
-0.2730388045
-0.3179494143
-0.2847999930
-0.0820979998
0.6625621319
-0.0629414320
-0.2883351743
1.6032849550
0.7638019323
0.3249416947
-0.4478989840
-0.6568008065
-0.1748037636
0.5445665717
-0.5520783663
-0.1467831880
-0.6086044312
-0.1301378012
-0.6334046125
-0.1178618744
0.8981229663
0.3056514859
-0.2317059636
0.6370003819
-0.5595511198
-0.9227809906
0.0807955414
0.3330276608
0.3164941669
-0.1088591665
0.2753554881
-0.4080758989
-0.1332231313
-0.6894443035
0.1231312454
0.8527356386
0.5392276049
-1.0208437443
0.1318675876
-0.0476959944
-0.5909845829
0.1575957984
0.1098686904
0.5330008268
-0.2330292165
-0.4152526557
0.1348623037
0.4452669919
-0.2434149384
0.4691998959
-0.1303319335
0.1347052902
0.1902811974
-0.3873940706
0.0469096862
-0.4858745039
-0.8512474895
-0.4522187710
0.5843082666
-0.7550698519
0.1317650378
-0.7093234062
0.1925297081
0.3446598649
0.3739189804
-0.4505227804
-0.5659656525
-0.4780728221
0.1919549704
-0.8058007360
0.1993181556
0.2282476723
-0.9685605764
-0.3963764906
0.6513810754
-0.1001178622
-0.0990924537
0.7402012348
-0.0146437716
0.3374972343
0.7412753701
-0.2901128232
-0.4539673328
0.0342764705
0.5055317283
-0.2790629268
-0.5218254924
-0.6471740007
0.4735814333
-0.4843873382
0.6517766118
-0.3214343190
0.0604628101
-0.7238658667
-0.3304813802
-0.2140066922
0.3674336076
0.0135547733
-0.2560929656
0.2249390185
0.2791951299
-1.1853318214
0.7915737629
0.2509374321
-0.3986232281
0.5662103295
-0.1231100634
-0.1136037335
-0.8232253790
0.4046703875
0.3981349766
-0.5369939804
0.5005159378
0.1409025192
-0.2138110846
-0.3706358373
0.3284376562
-1.5841948986
-0.2401898950
-0.7935916781
-0.0047314311
0.2548269033
0.5055900812
0.1365405023
0.3651216626
-1.9428724051
0.0706799626
-0.7200385332
0.6717263460
0.7207099795
-0.2013933063
0.4177959859
-0.4124325514
-0.2257318050
-0.0118319988
0.1175414622
-0.7452967167
0.2965081632
0.2679294944
0.0760130882
-0.1453372985
0.4973539412
0.0991705656
-0.1974783838
-0.2121711969
0.0196480155
0.4622290134
1.0087165833
-1.1311571598
-0.2675260901
0.3644028008
0.9467589259
-0.1909959316
-0.3716949821
-0.3855767250
0.1400560141
0.2505886853
-0.5402370095
-0.4041276276
-0.6999533176
1.4527523518
-0.8990671635
-0.2177320868
-0.2647873461
0.1864585429
0.1881541759
-0.2441280335
-0.3549852967
0.6241594553
0.3330004513
0.3132928610
0.0330634117
-0.1723556817
-0.0796573237
0.3476229608
0.0944186524
0.0648351312
0.5947222710
-0.0653031766
-0.8196840286
-0.0375862382
-1.0593538284
0.0138870925
-0.5159403086
1.1332520247
-0.3478997946
0.8662970662
0.0107492888
0.3641933799
-0.3928472102
0.1367564499
-0.1981003731
-0.4731419683
-0.3816426098
0.3212173283
0.2969887257
0.3024795651
0.2115933597
0.1134585142
-0.0739502311
-0.2394465059
-0.7637936473
0.1296923012
0.1432504803
-0.2262003422
0.3543478549
-0.0376647860
-0.0592407957
0.2865299582
0.0144370236
-0.7288937569
0.1428473294
1.3861038685
-0.1719345599
-0.5844147205
0.0301044844
0.4249942899
-0.8018267155
0.6187303662
0.7154176831
0.5715390444
0.3234004974
0.6535013914
-0.0421752892
-0.5743526220
-0.8622443676
0.1969424486
0.2710204422
-0.2127906829
-0.0812479854
0.3184995055
0.3922618330
-0.2800465226
-0.3286901414
-0.3459033370
0.1753562689
-0.5445008874
-0.2159886658
-0.4936488271
-0.1057456359
0.3414756358
0.7175976038
0.4886640310
-0.2362614274
0.1342289001
-0.5815941095
-0.2471238077
-0.5257908702
-0.1284818053
0.2732784748
0.6431866288
-0.8554297686
-0.0466316119
-0.6837599277
-0.1768767834
-0.4639006555
1.2943311930
0.6830980182
-1.0391137600
0.1926297545
-0.3871440887
-0.3186125457
-0.1815902293
0.3831424117
0.4182474017
-0.2307683080
-0.8160415888
-0.5461049080
0.2323721498
0.7412806749
0.0700589940
-0.2755753398
0.1871263385
-0.4370450377
0.4395296574
1.9119896889
-0.6110741496
-0.1408394873
-0.4427744448
0.6604110599
-0.3027645350
-0.1907272637
0.2317759097
0.0409161970
0.0878727585
0.7085751295
0.3893738985
0.5957753658
0.8880442381
-0.4202041328
0.2981087565
-0.5470689535
-0.0510120466
0.3671050370
0.4390155673
-0.8263899684
0.1271365583
0.3458245695
-0.0010439828
-0.5174815655
-1.1727186441
0.0602953434
0.9335615635
-0.4042252600
0.0266412720
0.2633647919
-0.0684548169
0.4291550517
-0.4453231394
-1.2541593313
0.6615324020
-0.4748402834
-0.3304216564
-0.0251356792
0.3507976234
-0.2514035404
0.6097230911
-1.0955201387
0.5679852962
-0.5146695971
-0.5049862862
0.2882952392
-0.0191367567
0.3426585197
0.1077159196
-0.5184265375
0.1995908022
0.1617516875
-0.7690758705
0.0620838068
-0.7271454334
0.4662396908
0.4477632940
1.2803293467
0.1567042023
0.4403441250
0.2821606994
-0.5387307405
0.3005624115
1.1987665892
0.3818416595
0.3096618056
-0.3410513103
0.2111199647
1.3780092001
-1.0472704172
0.1189794317
-0.4889512062
0.4088447690
-0.3697923422
0.2036940455
0.1535710394
0.2215638310
0.3751692772
-0.1167470440
-0.3801670372
-0.6738733649
0.5073143244
0.3620883226
-0.1371805370
0.3186014593
-0.1304595470
-0.2589739263
-0.0150915375
0.1905127764
0.6884229183
-0.0090898294
-0.6075838804
1.3032183647
-0.3092342913
0.4860155880
-0.4446940720
-0.5185812712
-1.5267703533
0.0487139858
-1.5401123762
0.1231055260
0.6541551948
1.5628131628
0.4802034199
-0.3968167901
-1.5251922607
-0.9230168462
-0.6156531572
-0.4683704376
0.4042690992
-0.6088913083
-0.1024095118
-0.4276552200
-0.0406853631
0.3324286044
0.8046311736
0.1623561829
-0.2165058106
0.0643627346
-0.4587182999
-0.3009819984
0.2758177221
-0.3366245329
0.2342622578
-0.0482347123
0.0530788749
-0.8446402550
1.7392637730
0.3108065128
0.5104030967
0.0572589189
0.2717924118
0.0889052451
-0.4193635881
0.4333456755
-0.2952937186
-0.2719483972
0.3138044178
0.3412377536
-0.4497294426
0.7629298568
-0.7101455927
-0.5164657831
0.2316803038
-0.1036039367
0.1467069387
0.8376376629
0.0672114417
-0.0521205589
-0.4990908802
0.0312086418
0.9433062077
-0.7251424193
1.1462569237
0.0211671591
0.2628448009
-0.5975528359
-0.6823173165
-0.2367042303
-0.1048047021
-0.3305248022
-0.9039754868
0.2149099261
-0.7138697505
-0.5149911642
-0.6881738901
2.0117697716
0.8701811433
0.0455349684
-0.2842978835
-0.2246218026
0.4836343527
0.7613160610
-0.2359193116
-0.7596417665
0.0130773559
0.0142429322
-0.3329570889
-0.7318031788
1.6317726374
0.4240077138
0.0658760667
-0.9991243482
0.3420706391
0.7503340244
-0.4743830562
-0.2682758868
0.0044632046
0.3422122002
0.7884063721
-0.9033879042
0.3688916564
-0.4573630691
-0.0644712374
0.2435010225
0.4048780501
-0.2502637506
-0.0158863794
0.2506960034
-0.2403448075
-0.1176095828
-0.1207707897
-0.7616693377
-0.4775161743
1.1652803421
-0.0836548433
-0.2447452098
-0.0416063219
0.7762058377
0.7929927111
0.3997601867
0.4595869482
-0.6623017788
-0.1526047289
-0.5259092450
-0.3973233700
0.9301117659
1.3423150778
0.2759934366
-0.2446724027
0.0516939946
-0.8983958364
0.3079277277
-0.8899863958
-0.4286671579
-1.1787217855
-0.1536837369
-1.0275950432
-0.2685610950
-0.2505171895
1.4882121086
0.1970251054
-0.4420678616
0.3779641986
0.8169595599
-0.5566396117
-1.1084959507
-0.6514154077
0.2180783749
-0.7607522607
0.0195026770
0.0514555909
-0.7600085139
1.6135365963
0.1010425687
0.0930305421
0.1007842124
-0.0588371977
-0.1199020073
0.0112290736
0.1432557106
0.3052641451
0.1222675145
0.0321505331
0.3435030878
0.2294099331
0.2673842311
0.0086926958
-0.0197087266
-0.2536937594
-0.0532458238
0.3237417340
0.3376288414
-0.0280634835
0.4383679628
-0.0477468185
0.0783193484
-0.0155607034
-0.0878575072
0.0100806197
0.3256700635
-0.1542387754
0.0664370582
0.0644235909
-0.0540097319
0.2105883211
-0.0252803601
0.0149403904
-0.1123533696
-0.2088357061
0.1121175215
0.2340882570
0.0983833820
0.1363530755
0.1085465699
-0.4390754700
0.0123359486
-0.2058189660
-0.1274048835
0.2522407770
0.0093487101
0.0477914587
0.0067605427
0.1340009570
0.8529355526
-0.5514699221
-0.0337101668
0.6122475863
-0.2154298574
-0.0926239863
0.0339041241
-0.0400859527
0.7702503800
-0.0081961220
-0.0515027791
0.0720751137
0.0524592549
-0.1743820161
-0.1987147182
-0.1415525824
-0.0107844239
-0.0168571621
-0.0848836228
-0.0075217318
-0.0423405617
0.3731480837
0.0157517679
0.1276431531
0.3613351583
0.1469452232
0.3675537705
0.1496096104
-0.0439437926
-0.1857521087
0.0304733887
0.5040267110
0.3989358842
-0.1614080369
0.3911138475
0.0474121645
0.0309136454
0.0985439569
-0.1825551391
-0.0018913858
0.3461153805
-0.0671952292
0.0128678242
0.0343427472
-0.0189631768
0.1995064914
0.0204500109
0.0177891850
-0.2817919850
-0.3198037148
0.3047166467
0.2269002646
0.1446561813
0.1711507291
-0.0899850354
-0.4195318520
0.1396861076
-0.3373931944
-0.1464404464
0.1215743721
0.0275616646
0.0461942926
0.0228142273
0.1461068541
0.7336969376
-0.5247265100
0.0216267742
0.6403495669
-0.0993898660
-0.1347135305
0.0399182923
-0.0245995391
0.6139943004
0.1143704727
0.0531850271
0.0557117201
-0.0842175856
-0.2648590505
-0.1485730410
-0.0270038880
-0.0094825551
-0.0281438455
-0.1192318350
0.0111498386
0.1416284144
0.2351583987
0.1560351402
-0.0351566561
0.3775442839
0.1717543304
0.4561747015
0.0893925503
-0.1045546904
-0.3061974347
-0.0374812484
0.3506338894
0.2957536280
-0.0862939060
0.4177058935
0.0505863540
0.0349998474
0.0494977422
-0.1103648022
-0.0090496941
0.2888675332
-0.0887161046
0.0716497079
-0.0138704469
0.0656150356
0.1267247051
-0.0118016265
-0.0006915847
-0.2243674546
-0.2265580595
0.1323150098
0.2101220042
-0.0205442496
0.1266060024
0.0265906025
-0.4202037752
0.1010601968
-0.2264533341
-0.2043459862
0.2842230201
0.0389666446
0.0860444903
0.0164927300
0.0757802501
0.7001519799
-0.4996561408
-0.0189210474
0.6308941245
-0.2029880434
-0.0581270419
0.0652969778
-0.0051060724
0.7062336206
0.0498331189
-0.1062350050
0.0603436753
0.0711797997
-0.3253113031
-0.1025305167
0.0239277296
-0.0719084218
-0.1397282481
-0.0904790908
-0.0705041066
0.2532654405
0.2293390632
0.1609107852
0.0014834875
0.3892778754
0.1388647705
0.4695949554
0.0811278746
-0.1548876017
-0.3473191857
0.0372333005
0.4756866395
0.2924960852
-0.1038580090
0.3898504972
0.1795311868
0.0268477388
0.1186638251
-0.1086702794
-0.0684534684
0.1781148463
-0.0158661846
0.0976855606
-0.0670013577
0.0671345964
0.0925194845
-0.1200203598
-0.0445568115
-0.2475491315
-0.1969590783
0.2132705301
0.2192175686
0.0009596617
-0.0115280356
-0.0419050157
-0.5211574435
0.0597373806
-0.1975078881
-0.1830122918
0.3959133029
0.0549577065
0.1197720394
-0.0168265924
0.0879529193
0.6669170856
-0.4013623297
-0.0729978904
0.6174695492
-0.1855351776
-0.0678594783
0.0313896649
-0.0458849445
0.5746063590
0.0086092865
-0.0849849433
0.1094092876
0.0827998966
-0.3588766158
-0.0888354629
-0.0522160754
-0.0248602256
-0.0064880680
0.0232892781
0.0390707292
0.1628093123
0.2020717412
0.1812975854
-0.0503654927
0.3539182544
0.1138702407
0.5294288397
0.0995266885
-0.0903594270
-0.4636942744
0.0148228006
0.4846120179
0.3368766010
-0.0934286416
0.4173212945
0.1694485396
0.0402895883
0.1603985578
-0.3212639689
-0.1328932643
0.2425555289
0.0047249864
0.0193906985
-0.1409248263
0.0102651082
0.2851870358
-0.0383901484
-0.0817639083
-0.2223871350
-0.2079451084
0.1934250295
0.1366046816
0.0502146631
-0.1780138463
0.0063869609
-0.5381269455
0.1322561949
-0.3736394048
-0.2142630666
0.4000574946
0.0418095626
0.3149121404
0.0892752260
0.0687349588
0.7409002781
-0.2809481323
0.0348757431
0.4568027854
-0.2861680984
-0.0079443883
0.0871876851
0.0094528487
0.5732209682
-0.0063206209
-0.0759798363
0.1682631075
-0.0588447675
-0.4114675522
-0.1944011897
-0.5526165366
0.9160201550
0.2512278259
-0.5811395645
-0.6637741327
0.7266302109
0.2225899845
0.2898176908
-0.5141252279
0.7427644134
1.7488048077
-0.5562742352
-0.4167900980
0.2094891667
0.1721612513
-0.0498070717
0.2854675353
0.3363031745
-0.6285972595
0.1819581538
-0.6552262902
-0.0935260653
0.0104964981
1.2675050497
0.1244137064
-0.1077707708
-0.5022295117
0.0789571926
-0.3408548832
0.0110208234
0.5986229181
0.4915111959
0.3881827295
0.5987145901
-0.1991322339
-0.6168121099
0.8571982980
1.0416176319
0.2583673298
0.7289129496
0.8543611765
-1.1101770401
0.7854360342
-0.0417682528
-0.4602286220
-0.1286939383
-1.2707206011
0.7234624624
0.1898928136
-0.6252404451
0.4037572145
-0.2814293206
-1.0940248966
0.2165052593
-0.1186299548
-0.2969006896
0.0564310476
-0.3178088367
0.0843731537
0.0968167856
-0.2584285140
-0.2117099464
0.3497211039
-0.0008857941
-0.2361850590
0.3426484764
-0.2502737641
0.4160282910
0.0834026709
0.0790148452
-0.2139295638
0.3989333212
-0.2915205657
-0.3869049251
-0.3602020741
0.9074542522
0.0600052252
-0.7058752775
-0.5996981859
0.3032771945
-0.5490015149
0.3872100413
-0.2297714055
0.4092867374
-0.3744007349
-0.2795570195
-0.1498457640
0.0027871628
-0.4012851715
0.5194227099
0.7086920738
0.2303791344
-0.3972328305
0.5073007345
0.1753939837
-0.3253857791
0.1789276898
-0.1328179687
0.2338259667
-0.2674608231
-0.2011315078
0.1330034733
-0.0097211711
0.5752547979
0.6422849894
-0.0041791890
-0.2476063520
-0.4651143551
-1.1659717560
-0.2371399254
-1.0263856649
0.1743777245
0.0036648074
-0.1181212589
-0.0562158339
-0.2485620975
-1.5036545992
-0.0019151781
-0.4139326811
0.7875826359
-0.0579784885
-0.3086718619
0.1164075211
-0.4820236564
-0.8889130354
-0.3284608126
-0.4669160247
-0.3831472397
-0.2135698199
0.2090141475
0.3301619589
0.5956557393
0.0746777803
0.2328340113
0.3558954298
0.1216435209
0.1517597586
0.6997001171
0.4424093366
-0.6061377525
0.4621726871
-0.2494899333
-0.3248332739
0.5426728725
-0.5613778234
0.2643238306
-0.3470006585
0.5161238313
-0.2608417869
-0.2907521427
0.1350232959
0.4165242910
-0.4109841287
0.1437183917
0.0011144140
-0.1408574432
-0.3958133757
-0.1624994278
-0.4578358233
0.0652484596
0.3681972623
-0.0332775563
-0.0183039065
-0.0097744204
-0.6493886113
0.6688946486
0.4750340581
0.2367234379
0.7997431159
0.2805946469
0.3162232339
0.1146571934
-1.3687748909
-0.4140811563
-0.8351364732
0.2588570416
0.2312985659
0.1616485566
-0.0460079722
-0.0626142770
-1.2348088026
0.3383977413
-0.3298337758
0.1911312491
0.3271013498
-0.4258823693
0.3262798488
-0.0075371787
-0.4730201364
0.3184392750
-0.4528927505
-0.7008724809
-0.8403639197
0.4913370609
-0.7145429850
-0.2657090425
-0.0466254205
0.4135408998
-0.6170706153
0.8833872676
-0.6799908280
-0.5328006744
-0.4641404450
0.1535623968
0.2422983944
-0.5561067462
0.1720775962
-0.0865906402
-0.7743307948
-0.1021325216
0.1346391737
0.4237767756
-0.1622973830
0.1545623541
0.5584705472
0.0934827477
-0.6012327075
-0.0035846382
-0.5331900716
0.2374682128
0.3682666719
0.3309588432
-0.1943454742
0.4899286330
0.1132480651
-0.3484565616
0.2603368759
-0.0539386421
-0.5975375772
-0.3295617700
-0.2162408084
0.0728970617
0.7397587299
0.8309856057
-0.1992668808
0.0868710428
-1.2415962219
-0.3830550909
-0.5650580525
0.3575872481
0.2090324014
-0.1299197972
-0.7974864841
0.2923772335
-0.4281593859
-0.0040573850
-0.1701925397
0.4910973310
-0.3023460507
0.7927095890
-0.1449409425
0.3130437136
-0.6591730118
0.1803337187
0.1011788845
-0.2085916847
0.2761823535
0.0521076620
-0.3187687993
-0.0899328068
0.2403385937
0.0389677733
-0.2375959456
-0.4277199507
-0.1653139293
-0.4252024889
0.3961946368
0.4230355918
0.0390810184
-0.3345081806
0.8746215701
-0.0241796151
-0.6723407507
-0.3907290101
0.4731729627
0.3853683770
1.1802968979
0.0080778711
-0.5051403046
-0.0781229809
-1.4706109762
-0.1684714556
-0.4344648719
-0.2073252201
1.0600905418
0.0315433256
-0.8658213615
0.2029774189
-0.0360249132
-0.2692932487
1.1043522358
-0.1885608584
-1.0947809219
-0.6794918180
-1.0339624882
-0.4177995622
0.0132352784
0.3570961058
0.4398747087
0.1582379341
0.3977462649
0.0940767899
0.4680752158
-0.1811925024
-0.2676593065
-0.6851428151
-0.5693596601
0.0960949063
0.5166349411
-0.1927105933
0.2976690829
1.1678607464
0.0979875997
0.6058711410
-0.6084826589
0.0364476629
-0.1668582857
0.0645928234
-0.0012385845
-0.0398511812
-0.3834946454
-0.1338354200
-0.1452017128
0.4231123328
0.0306361597
0.0841166824
-0.3393382728
-0.3662597835
-0.9128602743
-0.2215625197
0.9228891730
0.6549983025
-0.2272836566
-1.0842055082
0.6459041834
-0.1336169243
-0.7328506708
-0.4475051165
0.0048630312
0.5254186392
0.3597057462
-0.5345335603
0.2634941638
0.3832962513
-0.7079762816
0.6629524231
0.1542242765
0.2203991711
0.7068450451
0.0624351725
0.3433623910
0.1466311663
0.1841607690
0.2053533792
0.3358838260
-0.5683099627
-0.3244187832
-0.0325500369
-0.2359485775
0.6117184162
0.6598785520
0.5344346762
-0.2774136364
-0.9345182180
-0.4973326623
0.0225550160
-1.0986419916
0.5798252821
-0.0481660701
-0.4817108214
0.4518418014
0.0496525466
-0.8070607185
-0.4256596863
-0.0923969746
-0.2842206657
-0.5962187648
-0.0715682209
-0.1288715303
-0.3272066414
-0.6194533110
-0.4792374372
-0.6668790579
0.3244131505
-0.3990995288
-0.7607424259
-1.1222788095
-0.2639131546
-0.4181795716
-0.4529389739
-0.0373193100
-1.3852508068
-0.2564047575
-0.8416149616
0.0208324846
-0.0583041534
-0.2471693754
-0.2066236734
0.8260459900
-0.0500127524
-0.2716732919
-0.0315662920
0.7512370348
0.2936554849
-0.2818275988
0.8364275098
0.2722595036
-0.7421234250
-0.4925355017
-0.2482067347
0.0870205387
0.0135980248
0.4636440277
-0.0313205719
-0.6146993041
-0.2426251322
0.1254561990
0.1227307171
-0.4011295438
-0.4584857821
-1.3774669170
-0.2537997961
0.9214977026
-0.1835320890
-0.0922725275
-0.0759917572
0.5119618773
-0.0357119739
-0.4630716145
0.3731336892
-0.8663524985
0.1967347562
-0.6408720016
-0.9206151366
0.0366128385
-0.0907214433
0.6229058504
0.1164988577
0.6102162600
-0.5076128840
-1.0542746782
0.6685137749
0.0246665552
-0.0684950203
-0.1766752750
-0.5560340285
1.0973812342
-0.1403320432
-0.1052527875
0.0784922540
-0.2370657027
-0.4071254730
0.1881467402
0.0368113369
0.4229013622
-0.0495425314
0.0989310816
-0.7626471519
0.0821983740
0.5763886571
0.2049219459
-0.2551606297
0.7144210339
-0.0005586594
-0.8476164937
0.0064409822
0.3433949947
0.7716476321
-0.5064107776
0.3429926038
0.1765552461
-0.2839191854
-1.0045539141
-0.0773396045
-0.0135345981
-0.1059899107
-0.5398726463
-0.0531857982
0.0748367161
0.1915873289
0.0623244047
0.6775783300
-0.1238812506
-0.4187515080
-1.1175653934
-0.3669674397
0.2805112004
0.0513378605
0.4867523015
-0.0822053105
0.1879739761
0.3494412899
-0.5124861002
0.0564805679
-0.8236852884
0.1837664545
0.3408447504
0.1515758485
0.0733295903
-0.0187106840
-0.0534226298
-1.0024657249
0.6264438629
0.1087317616
-0.3196671903
-0.5166314840
-0.0101348832
-0.0155481696
0.2403446436
0.6103419065
0.1931154132
0.3899104595
-0.8196604848
1.3256245852
0.1315440536
-0.1293566227
0.0516232140
0.1375144422
0.4806233943
0.1984304339
0.0810819417
-0.2807943821
1.4544484615
0.2850658894
-0.4953318238
-0.3205983937
1.2290014029
0.5573244691
-0.4776151776
0.0740050822
1.0434484482
0.0071088672
-0.6668437123
0.7050139904
-1.1891924143
-0.1017891914
-1.0683207512
-0.1923852116
-0.2782579660
-0.2311998606
0.2500801086
0.2555238605
-0.0048991367
0.0865809917
-0.4054833651
-0.5972116590
0.1806085706
-0.6044917107
-0.5280789137
-0.9255172014
0.0488008335
-0.5829359293
-0.1006749049
0.0485428311
-0.2428703606
0.5172418356
1.0464150906
0.1637474746
-0.2628929615
0.5317024589
-0.7504854202
0.1283111870
0.1485221535
-0.9604252577
0.6139062643
-0.4215239584
-0.9280295372
0.8335921764
-0.4435835481
-1.1999930143
-0.3459434509
-0.3164612651
0.2739756107
0.1435980499
0.6597802043
1.1288869381
0.2739348710
-0.9500635862
-0.6829115748
0.3331208825
0.9136130810
-0.3620908856
0.5874050260
-0.5734340549
0.4382678270
-0.0778582692
0.6341724396
0.4237378240
0.1447125673
0.0905638635
0.2367934436
-0.0793756321
-1.0740298033
0.3784888685
-0.2397877872
0.2216022164
-0.7171159387
-0.0447182506
-0.3320321739
-0.2962661684
-0.0213945489
0.9106991291
0.9600396752
-0.3272437453
0.6160519719
0.6487352252
-0.0147170294
-0.2624410093
-0.0373942629
-0.5011495948
0.1444906741
0.3341065943
0.9841502905
-0.3985611498
0.1762685478
1.0829849243
-1.2758355141
0.2476880699
-0.8507176042
-0.9137962461
-1.3465520144
0.3936853111
-1.2438604832
0.2855007946
-0.6109986305
0.6037679315
0.6840426922
-1.1568151712
-0.7153715491
0.6589875817
-0.2679245174
0.0114768939
-0.5153381824
0.0790830553
-0.3589336574
0.2910467088
-0.3313017488
-1.0092611313
1.7730816603
0.2197196335
-0.6434003115
0.4290816486
-0.7703028321
-0.0975584015
0.3396168649
-0.4185488522
-0.5159032345
1.0202344656
0.0254268907
-0.3703315854
1.3530898094
-0.1167617589
0.4150622487
0.8133597374
0.3836378455
-0.1752823442
-0.7855612040
0.6477832794
-0.2154819220
0.0005620997
1.8432506323
0.5828539133
-0.5499110222
0.6957551241
-1.5072907209
0.3472250402
0.0177253336
0.4108706713
-0.1841776669
0.4136150181
0.1957914233
-0.4401140809
-0.9088453650
-0.8923238516
-0.0898143202
0.3354799449
0.6522146463
-1.3998142481
-0.0524909571
-0.5678579211
-0.6550697684
-0.3129775226
-0.1493620872
-0.0597290546
0.3882114291
0.4471145868
0.1824473590
-0.3026460111
-0.8267583847
0.4966737330
0.7000119090
0.9299506545
0.4518009722
0.1998527050
-0.0706703514
1.2121222019
-0.2447129935
-0.5332626104
0.5543333888
-0.0866962671
-0.5613009930
0.2734937370
0.7753704786
0.4742811918
-0.1493852139
-0.8144621849
0.2645762861
0.7805199027
-0.2632066309
-0.2486654371
0.0588662922
0.3186844587
0.8969332576
-0.8060278296
0.1438335925
-0.4463527501
-0.1270326823
0.1345510483
0.5592513084
-0.3495062292
-0.1911842525
-0.0490233600
-0.5905907750
-0.6370419860
-0.0471913405
-1.0423431396
-0.3615240157
1.6621453762
0.0074220537
0.0585298948
-0.1201172248
0.8979477286
0.2539647818
0.1746509820
0.1950182319
-0.5033714771
-0.1906859279
-0.7410197854
-0.1292055696
0.9758943319
1.3850063086
0.7713426948
-0.0794095770
-0.1353887320
-1.1175796986
0.2387662977
-1.2149162292
-0.4382187724
-1.3013488054
0.2153171748
-0.6871935725
0.0182302259
-0.0745952353
1.5762186050
-0.0470255762
-0.5267626047
0.1413066983
0.8521701097
-0.7645531297
-1.1665248871
-0.8104388714
-0.1505738497
-0.4580433667
0.0513028689
0.0280465186
-0.5623469949
1.2639997005
0.2726249695
-0.0480258390
-0.0764048845
0.0986839458
-0.1388959885
0.1087205783
0.2606176734
0.3374398351
0.2235963047
0.0307494272
0.4153447747
-0.0135239335
0.2536639571
0.0453590080
0.0642824769
-0.4116878808
-0.1699777395
0.1692556292
0.2627011836
-0.0081120338
0.4911828041
-0.0093814619
0.0741935894
0.2314535677
-0.1801690161
-0.0679148436
0.4199927747
0.0341990553
0.0381215625
0.1190974191
0.0861494467
0.1885319799
0.0271992553
0.0759206489
-0.2344330400
-0.0942019075
0.1308390349
0.2394018769
-0.0101803644
-0.0013636937
0.1394628882
-0.4121530056
0.0570426919
-0.2394706160
-0.1551392227
0.3206929564
0.2405507714
0.1567211747
-0.1482792795
-0.0339564346
0.8731947541
-0.5697331429
0.1630344391
0.6709268093
-0.1907180995
-0.1607667357
0.1011343077
-0.0811810642
0.7642533183
0.0158736091
0.0150954556
0.1064116433
0.0315691791
-0.3683980107
-0.1467725933
-0.0552430041
0.0358913131
-0.0634906217
-0.0609155819
0.0672302544
0.2701871693
0.1823454201
0.2160991281
-0.1222287938
0.3348444402
0.0267211460
0.5463084579
0.1306852102
-0.0920476913
-0.5084090233
0.0114769535
0.4721307158
0.2907554209
-0.0554855689
0.3469592631
0.1304847151
0.1114508957
0.1759258807
-0.2879501879
-0.1450356692
0.2077303529
-0.0114169857
0.0424133129
-0.1437851042
0.1005885303
0.1936848909
-0.0308140516
-0.1413228363
-0.1841522753
-0.2530488968
0.2398458272
0.1450592875
-0.0084089115
-0.1897661239
-0.0068921391
-0.6190847754
0.0938634500
-0.2810340226
-0.2055945992
0.4040251970
0.0661214665
0.1782184094
-0.0224086326
0.0820390731
0.7019869685
-0.3121633232
-0.0321427770
0.5007866621
-0.2931954563
0.0049483688
0.0903708935
-0.0398107097
0.5464221835
-0.0867947787
-0.0332031995
0.1070964783
-0.0110869668
-0.4036497772
-0.1997256875
-0.5733352900
0.6863747239
0.2754890323
-0.1112935618
0.2808293104
0.3545061648
-0.1780842096
0.3167988360
0.0616116747
0.1404853463
0.4734653533
-1.0536568165
-0.4611983895
0.4035981297
0.8287674785
-0.0153286727
-0.3554148674
0.0675158352
0.2438104898
-0.2491102368
-1.3193285465
0.0314651616
0.0974442810
0.4413643479
0.0741756931
1.2929967642
-0.2578265369
0.0346200429
-0.5586702824
-0.2135243714
0.0879710391
0.3947099745
0.1897566617
0.1903156042
-0.6766372919
-0.9416863322
1.1680356264
0.4787297547
1.0740492344
0.4243085086
1.1222141981
-0.9299249053
0.4511707127
-0.2360512316
-0.6618689299
0.3154413104
-1.0047270060
0.6426714063
0.4812116027
-0.3293281198
-0.4439836740
-0.2542014122
-0.8779733777
0.9234363437
-0.0634869486
-0.8751534820
0.1372928917
-0.2338020355
0.3991361856
0.0780254677
-0.4162386656
0.3835008144
0.2199952006
0.9002420902
0.1545332372
0.6731954813
0.4701249301
0.5579513311
0.1148971990
-0.0260841250
-0.2610807121
0.4127142727
0.0442621186
-0.5313153267
0.2280735075
0.3232642710
0.2362147123
0.2104949206
0.1411894858
0.0035999992
-0.4492377937
0.1431757361
0.6816022396
-0.1911233515
-0.2266342193
-0.1323305964
-0.2675701976
0.8717295527
-1.0742571354
0.1943256408
0.1691195220
0.3540210128
-0.1144706607
0.2739495039
-0.1256362498
-0.4285513759
-0.3328123689
-0.8796914220
-0.3657000959
-0.1889606416
-0.2332835048
0.0246196706
-0.4568486810
-0.2641386390
0.8320513964
0.0627748966
-0.1140870228
-0.1868363172
-0.7231538892
0.1215954795
-0.6607980132
-0.1169692054
0.3994496465
0.2864034474
-0.3856387436
0.0794883370
-0.6981317997
0.7025746107
0.2148023993
0.6994640827
-0.2890794277
-0.4528269768
-0.1558808088
-0.2198892236
-0.4526291490
0.6810898781
-0.5396010876
-0.5133609176
0.1438839585
1.0890663862
0.0596670806
-0.2443452775
0.0268386267
0.1147068292
0.1817783862
0.1958511919
-0.3214052618
-0.7092821598
-0.2980672419
0.4376752973
0.0547808856
0.3037187457
-0.2201677859
0.4598614872
-0.7533408999
0.2671478391
0.2621299922
-0.4399589300
-0.6469366550
-0.5057469010
-0.5402552485
0.9321518540
-0.9269204140
-0.2585901320
-0.3199191093
0.2439072579
-0.3597951531
-0.1019061655
-0.2231015712
-0.0791721418
0.0030052008
-0.4765591025
-0.3665943742
-0.1099678650
-0.6797934771
-0.0955106914
-0.6339870095
-0.0069027347
0.5863885283
-0.2057061046
0.1191923991
0.6821678877
-0.8308458924
0.0628792122
-0.5223082304
-0.4997037649
0.2914177179
0.4615920186
0.0764380470
0.5731415749
-0.4921750128
0.0499814488
0.4125688970
1.1867486238
0.4478124678
0.3713835478
0.2624821365
0.1142761111
-0.0933805481
0.4226682782
0.0904620960
-1.0021508932
-0.1954685450
0.1189304367
-0.3923865557
-0.0004357044
-0.2356035411
0.0408967510
0.1737543046
-0.2894875407
-0.5044007897
-1.1606578827
0.4524835348
0.5294170380
0.0357940346
-0.3865695298
0.7191785574
-0.0330675021
-0.5528541207
-1.1697682142
-0.2214201987
0.2316209227
0.1147516519
-0.5614348054
-0.2297998965
1.3489360809
-1.1151834726
-0.0452684015
-0.3996021748
0.2931956351
0.2587306499
-0.1729653180
-0.0026488751
0.3597690463
0.1118837669
-0.4750802219
0.3883804977
0.1286452115
-0.4549791515
-0.2944685817
-1.1479293108
-0.7068772912
0.0332049876
0.1227241531
0.3885106444
0.0052208230
-0.5131413937
-0.3101493418
-0.4958502352
0.0151118413
-0.1642959863
0.4051800072
-0.0154386759
0.0816359743
0.1283809692
0.1905202419
0.3616943955
0.8495186567
0.0787952617
0.4792002738
-0.3788583279
0.3792521954
-0.4092173874
0.1345065087
0.2958921194
-0.5399441719
-0.0318644643
-0.1516380310
-0.2051512897
0.1969948411
-0.2333756685
-0.1347576827
-0.1881212592
0.1428877413
-0.1713616550
-0.5919613838
0.5085457563
0.6048035622
-0.0521793477
0.2857376337
0.3474205136
0.4485416412
-0.0985776186
0.1755630374
-0.1225944757
0.2336180806
-0.3483220637
0.2850050926
-0.1637915671
0.5280330181
-0.7918382883
-0.4784963727
0.0669102892
0.1077031791
-0.3176117241
-0.1766230762
-0.0588488504
-0.1299896836
0.2367426306
0.2746289074
0.0770193785
0.0833814666
-0.1943605542
0.7549667954
-0.4627288878
-0.2744470537
0.1379624158
-0.2140974998
0.2046504021
-0.0726286545
-1.2329560518
-0.3639058173
-0.6263993382
0.1475308836
-0.1884286106
-0.0311613493
-0.1849881113
-0.2284660041
-0.7618100643
-0.2840331197
0.3858076930
-0.1460089982
-0.3895158172
-0.1609503031
-0.1658672988
-0.0276265889
-0.0098099336
-0.0929670110
0.4350309372
-0.4368506670
-0.3047402799
-0.5601393580
-0.0721306726
-0.1471361667
-0.2239680737
-0.0583496317
-0.1065678000
-0.0123938313
0.3726647496
0.3163227439
1.1847707033
-0.9079375863
0.1456182003
0.1600607932
1.5296305418
-0.1090423539
0.5564035773
-0.2862582207
0.1781617701
0.0087669343
1.1467387676
-0.3465483487
-0.1606236398
0.8481590748
-1.5448637009
0.1952872872
-0.4865029454
-0.0122623071
1.0062398911
-0.5941533446
-0.4421790540
0.7153697014
0.1828207672
0.4754585624
0.0574495085
0.0895294100
-0.9234999418
0.4381150901
0.2649418116
-0.6511646509
0.4061480761
-0.1947291344
0.2047995329
0.6284078360
0.1018520594
0.5246064067
0.0935072899
0.1332700700
0.1290957779
-0.6543902755
-0.8080855608
-0.2213619798
0.6506779194
0.0945964679
-0.4245449305
-0.6114960909
-0.4534575343
-0.6792765856
-0.0688504726
0.2422626615
0.1505280286
-0.2736784518
-0.0079531595
0.2830065191
-0.0095156059
-0.5187158585
0.3657003045
0.2374934405
0.4296236038
-0.0889548883
-0.1019842178
0.4805359840
0.3589493632
-0.1905228794
0.0663778037
0.5067167282
0.0381058604
-0.9866519570
0.8632423878
-0.5343196392
-0.3871076107
0.3880369067
-0.0778322816
0.4084476829
0.8363413811
-0.4169247150
-0.1783932000
0.0810846835
-0.8624339104
-0.1856320202
0.0900818557
-0.3561989367
0.0043063276
0.2316388041
0.6682730913
0.0042527393
0.0401601046
0.5280596018
0.3919966817
-0.4162347913
0.1102344096
0.0561284646
-0.1318618357
0.2005528063
0.8684324026
0.3995324969
-0.4893344939
0.1769476831
0.0799466372
-0.0700024292
-0.0224250555
-0.2512612641
1.3041360378
0.8299464583
-0.6125407219
-0.9300915003
-0.7378446460
-0.8019813299
-0.8250693083
0.1600140333
0.7075599432
-2.0469689369
0.0757752210
-0.5904970765
0.2516888380
0.0031977356
-0.3123605847
0.7143652439
-0.3619154990
0.3499823809
-0.5438823104
-0.3677706718
-0.0860273689
-0.0401669666
-0.1528168470
-0.3262161613
-0.6868320107
-0.1687074304
0.9178773165
-0.0085836025
0.1371581852
-0.0305388048
1.0328323841
-0.3083279729
-0.5396804214
-0.4217960536
0.5567332506
-0.5060701370
-0.6295464635
0.6076055169
-0.1380524635
0.5569351912
-0.4777842760
-0.1443464309
-0.4832808077
0.9350255728
-0.3608784378
0.1341873258
-0.2443599999
-0.6453054547
0.3691249490
-0.4053624868
0.2262890637
-1.1693460941
0.6931136847
0.9779580832
0.2351122499
-0.0138682909
0.0310029611
-0.4276728034
0.5468981862
0.0628341883
-0.7368781567
0.0036162287
-0.3207331896
-0.5694471598
-0.5896800756
0.6599901915
0.0978020877
0.2346406877
-0.1818766147
0.9115060568
0.1313925087
-0.4561911523
-0.5358949304
-0.3464796841
-0.1708747745
-0.0147091262
-0.1274563521
0.2504292727
0.2219044566
-0.6843099594
0.7113326192
0.5981740952
0.3624482751
0.4033194780
0.1705797315
-0.1462492645
0.3298655748
0.8037067652
0.5633822083
-1.1278641224
-0.8199138641
0.2613213360
-0.2301073223
0.2798968554
-0.8099149466
0.1730606854
0.2177990675
0.6892406940
0.4053397179
-0.8378506899
-1.5879211426
-0.5391307473
-0.4233767390
-0.5003143549
1.1330927610
1.7988356352
-0.0579525121
-0.1790210456
-0.4274203777
0.6572097540
0.8343387842
0.0431289524
-0.7206063271
-1.6819095612
-0.5638521314
-0.5352059007
-0.0437863022
0.0019469708
-0.4280451536
-0.1122559607
0.4598922729
-0.1150005013
0.4640874863
-0.2754571140
-0.8135939837
-0.0748112053
-1.0255185366
0.0526326634
0.6565544605
-0.4934003055
-0.2912722826
0.1249335706
-0.8142225742
0.6197689772
-0.3138785958
0.8489899635
-0.2659861445
1.3416357040
0.4060581326
-0.2288381606
-0.6846851110
0.8530805111
0.0480160490
-0.4543426633
-0.2865511775
-0.1474585235
0.0237493534
-0.2489770055
-0.1525841802
0.0096266717
-0.1333957314
-0.3951394856
0.4389786422
-0.9902577400
-0.0490388125
-0.0147229731
-0.3295623362
0.2154345214
1.1641178131
-0.0883842260
0.0673883855
-0.4843864441
0.3412380219
0.6225935221
0.1156700775
0.1059240550
0.0546706766
0.2408747226
-1.1752874851
-0.3237935603
-0.0357573070
-0.1479588747
0.4316798151
-0.2922683060
0.3176915348
0.4999844730
-0.1051081046
0.3633281589
1.0880249739
0.4257096350
-0.3552733064
-0.5793747902
-0.5985007882
-0.4393035769
0.0673363507
0.5616738200
-0.0908489451
0.0379301682
-0.3031881452
-0.3390407562
0.0722052455
1.0264682770
-0.0972422436
0.1064874977
-1.2960280180
0.2226268202
0.4130240381
-0.0807347670
0.6907359958
0.5962738991
0.1901680827
0.8416866064
-0.1677335799
0.2260788530
0.2672140896
-0.7795655727
0.7259584665
0.4969671071
-0.2801499963
0.2608125806
-0.3668351173
-0.2336508632
0.3189329803
-0.4357915819
-0.4638800025
0.3356377482
-0.2735682726
-1.2760238647
-0.2638727427
0.9044706225
-0.4060615897
-0.3703274727
-0.5116974115
0.1355684698
-0.3007301986
0.3304695487
0.7050666809
0.5121868253
0.0050270855
0.6314172745
-0.1040908545
-0.4938813150
-0.4694581032
0.2614006996
0.3073689640
0.5469337106
-0.1950322241
0.2467278391
-0.0743158385
-0.6933262348
-0.4177044034
-0.9357525110
0.7155529261
0.0276127383
-0.4640605152
-0.6152950525
-1.1579096317
-0.0267407410
0.0783034340
0.4406579435
-0.2385121584
-0.0654205829
-0.4547386169
0.3574662209
-0.0814674944
0.2208456397
-1.0986412764
-0.2586762309
-0.3158802986
0.9025249481
-0.3732520342
-0.1789032221
0.2741034031
1.3365547657
-0.4131074846
1.3371167183
-0.0969450772
0.3154825568
-0.3377663791
-0.2845869064
0.1447356790
-1.0271283388
-0.6622834206
-0.3058330715
-0.6990386248
1.0905082226
-0.0194316283
-0.0168799981
-0.1769617796
-0.0847220048
0.0061851628
-0.2001034170
0.7405091524
0.9506435394
0.6567557454
0.2261531651
-0.5189224482
0.8779297471
-1.0298198462
-1.0465894938
-1.4771052599
0.2354656756
1.1464290619
-0.3638599813
-0.4845356345
0.6010639668
-0.4618505239
-0.3429422975
-0.4072160721
0.7584062815
0.4425014257
0.2655628920
0.3204306066
-0.6157823205
0.3483554125
-0.9782894254
0.9504353404
0.2038066089
-0.1576653570
-0.4890192151
0.2778496742
-0.2720729709
-0.8944883347
0.2833567858
0.4281309843
-0.6161804795
0.0142500848
-0.9190987349
0.4151340723
-0.4807333946
-1.4446030855
0.0597140305
0.4297116101
-0.8224080205
-0.1694438457
0.2003445923
-0.5352733731
-0.4860396385
-0.2238173336
0.1300629526
-0.8541707993
0.0442185178
-1.1096876860
-0.7614883780
0.8891561031
-0.5972281694
0.0446144715
0.0145675624
0.1300082058
0.7827214599
-0.1621533185
-0.2234571725
-0.0746439025
0.6147412062
0.5052757263
-0.2887345850
-0.1809527576
-0.4318167269
-0.0269432142
0.4460140467
0.5558175445
-0.2975299060
-0.1349762082
-0.0371584222
-0.3718315959
-0.7054038048
-0.0077066962
-0.8077560067
-0.5367730856
1.3187198639
-0.2532983422
0.1128283367
-0.1576239765
0.4297608435
0.0437431373
0.4495885372
-0.0951984003
-0.0618944876
-0.2862420082
-0.7040692568
-0.2078223526
1.3186451197
1.6090388298
0.1928917915
-0.3344280720
0.1877973974
-1.2207394838
0.3632206023
-1.2780143023
-0.2640127242
-1.3767826557
0.0256554764
-0.7693493366
0.8063514233
0.0338200517
1.5399229527
0.0045204270
-0.6705552936
0.2714434862
1.0071980953
-0.3868774474
-1.0638145208
-0.3385775089
-0.7259321213
-0.2613719702
0.0573919043
-0.0834170580
-0.8665146828
1.4496577978
0.0796644464
0.2341789454
-0.2026482671
0.4111824930
-0.3701496124
0.3531917036
0.2003102154
0.5056411028
0.3985184133
0.4364282489
0.3002521992
-0.4499222040
-0.1106913835
-0.0803681985
0.1740160286
-0.7592290640
-0.5158546567
-0.7072098851
0.1536733061
0.3513244092
0.7158836722
-0.2122283876
-0.0152417924
0.1102606580
-0.1753270924
-0.1286169142
0.8421474695
-0.1162243262
0.0464817360
0.4022489786
0.1136185825
0.0307010617
0.0145722236
0.2311734855
-0.0752116591
0.1242142916
-0.0315321945
0.6724749804
-0.3846700490
-0.0981413126
0.2626663446
-0.2424337417
0.2885816991
0.1240145713
0.2096381336
0.2590573430
0.4444109797
-0.2208212912
-0.6105397940
-0.1697995961
1.3147039413
-0.5306929350
0.6861696839
1.0407066345
0.1290318519
-0.4949741960
0.2320884764
0.2387655973
0.7065222263
0.2391755581
0.0601129532
0.2062589675
0.4073916674
-0.1532371640
0.1224537194
-0.7024330497
1.3135617971
-0.3234691918
-0.9189648628
0.1679392457
0.6469445825
0.1043370068
0.2559937537
0.1410421729
1.1575391293
0.6402712464
-1.8470723629
-0.2717659175
0.0913821012
-0.2024308145
0.0587954819
0.2763528824
-0.1516219079
-0.6037184596
-0.0922692567
-1.0216181278
0.1193971932
-0.0486328304
0.4994826317
0.2113571763
0.5545969605
-0.5668224692
-0.5778363943
-0.6970030069
-0.2338214219
-0.6331514716
0.6456223726
0.4893787205
0.2698042691
-0.3769252300
-0.8806216717
0.2103490233
0.2055748701
1.1705561876
0.4855488539
0.3594419062
-1.0421065092
1.0162999630
0.0128970472
-0.2942034602
0.2242795825
-0.8295036554
0.7607917786
0.3336114287
-1.5319359303
0.0410915203
-0.3164661825
-0.6894751191
0.6346575618
-0.2102216631
0.1072834656
0.1024563536
0.3116050363
0.5465731025
0.2555426061
-0.4527989030
0.0819771066
-0.0205045994
0.6301323175
0.5798570514
-0.1403970420
-0.1587561965
0.2140129060
-0.0365225859
-0.0156559478
-0.6289632916
-0.7932791114
0.1675666869
-0.8013956547
-0.3288787305
0.2102694064
-0.3433717191
0.6187378168
0.9340275526
0.0221758429
-0.7915523648
-0.4272801876
0.8317795992
0.8696945906
0.5477202535
0.1905279309
0.1315296888
-0.1563059688
-1.2083799839
0.0457411669
0.5648311377
0.1713212430
0.1623452902
0.1491271853
0.0411788113
-0.1778300107
0.1366290897
0.0664406121
0.0458302125
0.0768844634
-0.4497089684
-0.2402963489
0.3492269218
0.0461811610
1.1291102171
-0.1279341727
-0.0590814091
0.2791174948
0.0128798345
0.1204767078
-0.4289789200
-0.4316681623
0.1708089858
0.3442746997
-1.3793488741
-0.5978469253
0.1913468987
-0.0252416991
0.1532743275
-0.4142588079
-0.3796509504
-0.7938394547
-0.1576905400
0.0337971821
0.3052698374
0.4720461667
0.1563380361
0.3951142132
0.2595260143
-1.2350883484
-0.5642293096
0.7494811416
-0.0070965067
-0.2197862864
0.1815570295
-1.0715715885
-0.0402968116
-0.6962876320
-0.1298390925
-0.2382025719
0.2137665302
0.4187171459
0.8621065021
0.4064563513
-0.9887102842
-0.3560498655
-0.3011746407
0.6690871716
0.1159580126
-0.4033011496
0.6883650422
0.2448839992
-0.4359345138
-0.3767093420
0.3263815939
-0.3345399797
-0.5948510170
0.0619767457
-0.3277596831
-0.1653984636
0.5767114162
0.0144602396
-1.1649286747
0.5408976674
-0.8954515457
0.4284274280
1.1501780748
-0.3141098022
0.6893561482
0.3228689432
0.7237523794
-0.4657130241
-0.4564955235
0.1896588355
-0.5947970152
-0.2436213195
1.1313655376
0.5969215631
-0.5654676557
-1.2845489979
-0.4639888406
0.6027005911
0.0926431715
-0.9844995141
-0.0092357248
-0.8547607064
-0.5197097063
-0.1187445074
-0.2919458449
0.5719577074
0.6129384041
0.4165111780
-0.2747861743
-0.3353892267
-0.0262486823
-0.1733789742
0.0427394584
0.1095636487
-0.0611753240
0.1583833098
0.0526442528
-0.5377404094
-0.3372423053
1.1456438303
0.0527368113
-0.0896228850
0.2517843246
0.5944517851
-0.4080735147
0.2631175220
0.0340414345
0.2739142179
0.1549199224
-0.2792869508
-0.4339526892
0.0346994251
-0.8407024145
-0.3621205389
0.2312425673
0.3119907379
0.0303791910
0.0774269179
0.2658109665
-0.3618167043
0.1867365688
0.2071198523
0.3141793907
0.0821592957
-0.9895768166
0.0014325827
0.0758641362
0.0310212895
0.5756270289
0.1130664200
-0.1672444493
0.2305699885
-0.7985323668
-0.8174774051
-0.4544715583
-0.0486741364
0.0825100020
0.0710862726
-0.4392092228
-0.5173251629
-0.6790199876
-0.8330078125
0.0050358064
0.1829859018
-0.2741241753
-0.1248515323
-0.4866242111
-0.1921466738
-0.4034390450
-0.2939894795
-0.0454193093
-0.4835048914
-0.2784958780
0.5455040336
0.3351117074
-0.1965511143
0.5433307886
0.0286020823
-0.2767820060
1.0628343821
0.3082154393
0.1067066193
-0.5434175730
0.4180192649
-0.0776718259
-0.7546824217
-0.2992589474
-0.1959985495
-0.3145590127
0.9755065441
0.4039838910
0.2140910625
-0.0971721113
0.0384832993
-0.1572456062
-0.4782259166
-0.7479169369
0.5382497311
0.0353844576
-0.3827134371
-0.1205826178
0.6500726342
-0.1922022700
0.1084789783
-0.2756789327
0.2205869257
0.0205259211
-0.8885078430
-0.7010017633
-0.1239105165
-0.4203443527
0.4111361802
0.5739385486
0.3024029136
-0.1848632395
-0.0643120855
-0.7922520638
0.0347905643
-0.6127868295
0.5815850496
0.5598593950
-0.7659843564
-0.2914081216
0.1533077210
-0.6823980212
0.0401812382
-0.4445705414
1.3243726492
0.3921446204
-0.3542152047
0.4751914144
-0.3784766197
-0.2284245342
-0.1172661930
-0.5856270790
0.2451088428
0.0126244202
0.3741188347
0.4021082819
-0.1944763660
0.5044845939
-0.3847179115
0.0206051394
0.1321641952
0.4749179780
-1.2874816656
-0.8580101132
0.0968244076
0.1131109446
0.3385013044
0.5807306767
-0.0549486950
-0.2026104182
-0.1350836903
0.6992939711
0.2631552219
0.7020370960
0.4802313745
0.0269877315
-0.1019041240
-1.0993577242
-0.1100212559
-0.0350582488
0.2057899535
0.3707134724
-0.5606720448
-0.0193281695
-0.4614299536
-0.0771374851
-0.0505341142
0.7104505897
-0.1018164307
-0.2639756203
-0.2230972052
-1.2550238371
-0.3093477488
0.6370166540
0.2734196782
-0.1535275280
1.1490514278
-0.1670038998
-0.5144380927
0.5826584101
-0.0949169248
-0.0087687597
0.4429205656
-1.0124487877
0.1461874843
0.0134462602
-0.0103859380
0.3356994987
1.0215877295
0.2002019137
0.0394524336
-0.5036468506
0.0279110372
0.7124792337
0.2026279569
0.2520354986
-0.4548668265
0.6597126126
0.9175583124
-0.5475512147
-0.2228184342
-0.4417488575
-0.6250544190
0.5171354413
-0.1718334854
0.3690554500
-1.4781520367
-0.4530027509
-0.6804408431
-0.0577425286
0.9558186531
-0.3227082491
-0.2379740328
0.5585027337
0.9061972499
1.4827487469
-0.1456943154
-1.5844308138
0.3593504131
-0.3431110680
-0.2399252504
1.0942015648
0.3398114145
0.0340772346
0.2024202645
-0.6070526838
0.2884232700
-0.7685126066
-0.5907594562
-0.3226015568
-0.2064367831
0.1114856750
0.1166727543
-0.5556469560
0.0204678625
-0.1494530588
0.5945165157
-0.6757272482
-0.3479717076
1.0253074169
0.4458265007
0.2555307746
0.9647480249
-0.5877610445
0.0031110086
-0.5159130096
-1.4100177288
0.0208347887
0.0507160649
0.5886680484
0.9405208826
-0.0066276789
1.3295350075
-1.4956775904
1.6155538559
-0.3766811490
0.4689244926
0.1245349273
-0.4862438142
0.6992062330
-0.2783013284
-0.0933122411
-0.3102086186
-0.0196727663
-0.2499918938
-0.7236771584
0.0915567651
0.5077521205
-0.8976225853
0.2482979894
-0.2930744290
1.0435838699
-1.1481084824
0.2966254354
0.0707380474
0.7196261883
-0.2625548542
0.6140868664
-0.0231115706
0.4540668726
1.1862206459
-0.3211612999
-0.0336077511
0.8208147287
0.1110619679
0.7384136319
0.2753847837
0.1658846736
0.1054520905
-0.9578583241
0.0519509688
0.0411814749
-0.6582906246
-0.2630758286
0.9510117769
0.1954671443
-0.0484876111
-0.6567140818
-0.3436519504
0.1665182412
0.2964034081
-0.8660148382
0.5447139740
1.5344926119
1.5295557976
0.7379472852
-0.3317639828
-0.3724387288
0.2453259826
-0.1281378269
-1.7173120975
-0.1497821808
-0.2653104961
0.3398827016
-0.1929582357
0.6735252142
0.9366590977
0.5807285905
1.3435661793
-1.0372338295
1.1833215952
0.9016669989
0.1035081223
2.1179542542
-0.0136564225
-0.1448709071
0.3301779032
0.3642449081
-0.2470014542
-1.4649085999
0.2339058220
-1.3797132969
0.9433058500
-0.4057807028
-0.3069748282
0.8343523145
0.1977541447
-0.5620307922
0.6299414635
-0.1393602639
-0.1572315246
0.2042370737
0.4096260667
0.0805791318
0.8985741138
0.5697040558
-0.4413748384
-0.3257831335
0.9121849537
-0.6325160265
-0.2297178805
-0.0734570920
-0.0454585962
0.7188456655
0.5953490734
0.3092127442
0.3528156579
-0.6039713621
-1.1580121517
0.9735296369
0.5961372852
-0.7115077972
-1.2186108828
-0.3853037059
-0.2721910775
1.1839867830
1.0615675449
-0.4775032997
-0.5311232805
0.7062425613
0.3071433902
0.5563265681
0.3023727536
0.9116776586
0.3057805896
0.0391505994
0.7610406876
0.0955523252
0.0089627504
0.5563758612
0.7920981646
0.7361171246
0.7017101645
-0.2720411122
0.5482978821
-0.9602405429
-0.8748588562
0.8419392109
0.2930741310
0.7059049606
0.2221732438
0.6458926797
-0.0341566876
-0.4849386811
0.3859478831
0.1697850823
-0.5881648064
-0.0531597771
0.3483079970
-0.2416659594
0.5157626867
-0.2964879274
-0.7746441960
0.3148460090
0.1767605692
0.6764642000
-0.3439908624
0.4885497391
0.0785271227
-1.2995632887
-0.5608409047
-0.2853877544
-0.0025624856
0.9130444527
0.2841901779
-0.6900444627
0.0853161588
0.6268953085
-0.2895628214
0.2069486529
0.0291997716
0.4211748242
-0.4168118536
0.5451678038
-0.0672576725
-0.5830523968
1.1385076046
0.0550832227
0.4233840704
0.8911350965
-0.3906920850
0.1158398911
0.3413922191
0.1156729758
-0.3988344073
-0.0922322720
-0.3645408154
0.3380260468
-0.2237476707
-1.0014356375
-0.4303656220
0.4569329023
-0.1965704113
-0.6234260798
-0.3877375722
-0.0680137873
0.7055888176
-0.8848070502
0.1728522778
0.5457751751
-0.0812148452
-0.9111196399
-1.2027329206
0.3664392531
0.4329525530
-0.3667662442
-0.3349705637
-1.0288314819
-0.0203845277
-0.5970711708
0.2948336005
-0.6177794933
0.0554957539
-0.9719399214
1.7631189823
-0.0237841196
-1.1520378590
0.3866479099
-0.1650802493
-0.0524893627
-0.0102582918
0.2519882321
0.1135881096
-0.1388527006
-0.7095605731
0.1009624600
0.0307952352
0.5250626802
0.3258831203
-0.4953944981
0.1254635006
0.0482438654
0.0225400589
-0.2209077179
0.0595299713
0.3099807501
-0.6941213608
0.6275421381
0.5480183959
-0.1537657678
0.3597429991
0.0979129374
0.2417381704
1.1609591246
0.3574975133
0.5722278953
0.3396741748
0.3167047799
0.2279454172
-0.1278000474
-0.8159238100
0.5773743391
-0.1503657997
-0.6149038076
0.0366127864
0.8628005981
-0.4070541859
0.1195470169
0.6533021331
-0.0856001675
0.6684957147
-0.5484046936
0.4415200949
-0.4041026235
0.2225843966
-0.8328531981
-0.9486351013
-0.0681155398
-0.0811861902
0.1771476567
-0.0713343769
0.4546032250
0.3041917980
0.4385916293
-0.4430239499
0.0212318525
-0.0840108097
0.3781309724
0.2843826115
-0.5538499951
-0.3991423547
0.4121870100
0.4363654852
0.1866905540
-0.4737667441
-0.2685665488
0.1051182225
-0.3143960238
0.1164589301
-0.0286177993
-0.0906201228
-0.0296589080
1.1271526814
0.4893712997
0.4004345536
-0.7185848355
-1.0796582699
0.5097492933
-0.2117903233
0.1537024677
0.8034192920
0.7361594439
-0.7291498780
-1.0843564272
0.2572109699
0.7077580094
-0.3481810689
0.5915034413
-1.1447829008
0.3799193501
0.1108122095
1.0030558109
-0.0228130817
0.5533050299
0.1324888915
0.4654234648
-0.7228450775
-0.5382568836
-0.3131079376
-0.9546189308
-0.8897185922
0.2421590239
0.3810368180
0.3653973937
0.1231079996
0.3073058724
-0.4341424704
-0.5080099106
0.2379830778
-1.4382919073
-0.0688040033
-0.5765515566
0.8269429207
-0.5193285942
0.5722112060
0.0331550539
0.7516710758
0.1884467453
0.4666799903
-0.5747240186
1.0659210682
0.2853727937
-0.2949618101
0.4309203327
0.1289411187
-0.6887168884
0.3012349010
-0.2574953735
0.3476020098
-0.3926570714
-0.0105409063
-0.3430531621
0.3118224740
0.2236124575
-0.1573100090
-0.2615677118
0.5690807700
0.0927454010
0.3517103195
-1.0052995682
-0.0832361579
0.4639483392
0.0529514700
0.0330740437
-0.0797816217
-1.4020795822
0.2999257743
-0.0137385577
0.3946335912
0.2307856977
0.5255233645
-0.0246738121
-0.4214150310
0.0801019445
0.7169824839
-0.8668034673
-0.3082740903
-0.6052603126
-0.3858014643
0.1389930695
-0.9973747730
-0.3357005119
-0.5270763636
-0.5845141411
0.4960886836
-0.3271361589
-0.1886364371
-0.1175725907
-1.7282955647
0.6235354543
0.4468865097
-0.3571889997
0.8419271708
-0.5793268681
-1.2332806587
-0.2052999437
-0.9851067662
-0.5011497736
0.3583707809
0.5985221863
0.1811380982
0.4761127830
-0.1691458225
0.2728002965
0.3398357034
0.4947833121
0.2320678234
0.4196113944
0.7165536880
0.0718985572
0.9362911582
-1.2868243456
-0.3956375420
-0.6902351379
0.8274337053
-0.0432131439
0.3015255332
-0.1431163549
-0.0205438435
-0.3613972068
-0.0980287716
0.3931802511
-0.6794764996
0.8508198261
0.2765806019
0.1314324141
0.0256137811
0.1163489446
-0.7883510590
0.4906856418
1.0826789141
0.6674290895
-0.8982583284
0.0806857124
1.1946170330
-1.1428496838
0.1769448221
-1.0125120878
-0.3271516562
-1.1395872831
-0.2897555530
-0.8376504183
0.5395578146
-0.3395421803
0.7950007915
0.3675220907
-1.0435309410
-0.4843745828
0.2373902202
-0.5017084479
-0.2368948311
0.1546019465
-0.5305635929
-0.3673144579
0.3158418238
0.0013131051
-0.5307363868
2.1582231522
0.4933037162
-0.1457871795
0.2227601856
-1.3688447475
-0.5267966986
-0.0995763689
0.4441271424
-0.4244682193
-0.4787324071
-1.0014886856
-0.0625467002
-0.0721495748
0.3668141961
0.0836001337
-0.9332273602
0.4728180468
-0.6869458556
-0.2630037069
-0.6385908127
-0.7999380827
0.1007867306
-0.2124160826
-0.7432874441
0.8303728104
0.3576280773
0.5292330980
0.2349539548
0.2101135850
-0.3087941408
-1.3901857138
0.2623474002
-0.2403270751
0.2928059697
0.5340811610
0.3769991398
0.5447121263
0.1420871019
0.4251634479
0.6619042158
1.5838408470
-0.3285901546
0.8033926487
0.0195408277
0.7062916756
-0.3879124522
0.0307145864
-0.1897489876
-0.5486407876
-0.4211210907
1.1537882090
-0.1590174586
-0.0745394900
-0.1522054225
-1.5342627764
-0.4218025208
-0.1778143942
-0.0529482886
0.5136493444
-0.3749303222
0.4626751244
0.1989229470
-1.3220014572
0.3478342891
-0.7609166503
0.4117782116
0.1322361678
0.0373221673
-0.2072646171
0.0584890619
-0.4857306480
0.5892980099
-0.5624998808
0.1367818564
0.4831034839
0.7238839865
0.8320025206
-0.4483768344
0.2512678206
-0.3358623683
0.5060490370
-0.2686372697
0.0661150366
-0.4198359549
-0.4293614030
0.4876237512
-0.1420087963
-0.3399553001
-0.4606567621
0.1895675957
-0.0102182338
0.5933313370
-0.4139916897
-0.0466563441
-0.2238625586
-0.6260710955
0.5175566673
0.3427760303
0.3278526664
0.3975443840
1.5888941288
-0.5976792574
-0.2298807502
1.3573198318
1.3050101995
-0.2355333269
0.8799285889
-0.7512229085
0.1369234174
0.3107463717
0.2553561628
-0.5804085732
-0.0084174201
-0.3440057635
0.3036630154
0.1483601779
-0.4803819656
-1.2608298063
-0.3205330372
-0.1913493276
-0.8273215890
-0.1332101673
-0.2621876299
-1.7583519220
0.1917571723
-0.2163177133
-0.3490110040
-0.0610880032
-0.2110937834
0.2199131548
0.2931846380
0.1594866067
0.8943821192
0.8885989189
0.3090169430
0.3157598674
-0.7001681924
0.2137394845
1.1151652336
-0.2006879002
1.1831490993
-1.7219362259
-0.4436690807
0.5493610501
0.8365395069
0.3108544946
0.3909597993
-0.6376029253
0.3165277839
-0.1126609892
0.5715291500
-0.2929406762
-0.2852190137
0.7408936024
-0.4058434963
0.9236568809
-0.1357335597
0.3626632988
0.2482503951
-0.7139114141
0.2040310055
0.0985864028
-0.2889046073
0.0255710389
1.1972479820
-0.5796396732
-0.0746345744
1.4327611923
0.7347113490
-0.8227028251
0.4478408992
-0.5703556538
-0.4152497649
0.6266988516
0.3278146088
-0.1281163990
0.9276987314
-0.0593008325
0.3733624518
0.5501970053
-1.4856417179
-0.5004034042
-0.5324013233
0.3134926558
-0.8237351775
-0.4962075055
0.3580436409
-0.7339855433
0.5433061123
-0.2654106021
-0.2737600803
0.2119995654
-0.3531541824
0.2498248518
0.6132329702
0.7666672468
0.5615472198
-0.6998401880
1.0237342119
0.2122888863
-0.3532024026
0.7043630481
1.0047583580
-0.3757825196
-0.6135082841
-0.0689482540
-0.1337852329
0.0524162352
0.4959064722
-0.0218423828
-0.6928718090
0.4746758342
1.0940767527
0.4775159657
-0.2615522444
0.4693607986
-0.7980167866
-0.3411878943
-1.1492624283
0.1897795349
0.2081486583
-0.3536503911
0.0248479284
-0.2505314052
-0.0175820217
-0.2079203874
-0.5095597506
0.1859951615
0.6505633593
-0.3618429005
-0.0333795398
-0.6216025352
-0.5780081153
0.2785435617
0.7463949323
-0.2716852427
0.1604225636
1.0595649481
0.0736756995
-0.3681446314
-0.0422783718
-0.4341464639
0.0538330972
0.3145914078
-1.0292961597
0.1435052752
-0.0755087659
-0.2016731501
-0.0867682546
1.1021069288
0.7477241755
-0.2834259570
-0.0021655411
-0.0358931869
0.3862256408
1.1181657314
0.0856724828
0.3820286691
0.3124524951
0.2935669124
-0.0903347284
-0.0227740705
0.5903671384
0.0844108313
-0.7285985947
0.2140207887
-0.4066287577
-1.6232529879
-0.6867193580
0.8156744242
-0.1357315481
0.2158971876
0.4307452440
0.2255662978
-0.3324063718
-0.1644731462
0.3962590694
-0.5599858165
0.4554518461
-0.1411397755
-0.1274493337
0.9164015055
-0.3261413872
-0.2516351640
0.1525592655
0.8688067198
-0.3538632095
0.2522617579
-0.0016235635
-0.8510024548
-0.5096753836
-0.8919683099
0.9854108095
0.0362692103
0.7934639454
0.7955515385
-1.1220107079
-0.2158661187
-0.1812933683
-0.2501070201
-0.6508664489
-0.0574620105
-1.2714829445
-0.1418785453
0.2189176679
0.1012965292
-0.2150312662
0.8151903152
-0.7561360598
0.3637707829
-1.1349260807
0.3204882145
0.5754406452
0.1445313543
-0.3231908083
-0.0130604003
-0.0835938603
-0.1188108847
-0.4498797357
0.4784515798
-0.1834708303
-0.6524528861
-0.0393291824
-0.7587425709
-0.9375391603
0.7249349356
0.1231284961
-0.8133604527
-0.6252600551
-1.1680123806
0.0767852738
-1.3708732128
-0.7897466421
-0.0096426345
0.2945713401
-0.3063577712
0.5504422188
-0.1416422725
-0.6714756489
-1.3044686317
0.2684718370
0.1757447422
-0.2388439178
-0.0721338689
-0.2302837819
-0.5709601641
-0.6368644238
-0.3068356216
0.5425850153
0.4743248522
-0.5677000284
-0.2129338533
0.1409940869
-0.4595866799
0.2642967105
-0.0456155464
0.5853329897
0.6480529308
-1.4594646692
-0.7598886490
1.2668181658
-0.7550480366
-0.5025347471
0.6848270893
0.1993110180
-0.3363975585
0.6559103131
-0.5645769835
0.2873033881
-0.6960574985
-0.6575222611
-0.2710330486
0.1615405679
-0.5542898178
0.1320167780
-0.1070910692
0.0685313046
-0.0191921797
-0.4433339238
0.0528045595
-0.3117670119
-0.1417725831
-0.7519928217
-0.0926009938
0.1615118831
-0.0295811519
-0.8545575142
-0.1134871095
-0.1080504879
-0.5988008380
0.0090922341
-0.1507686079
-0.6001410484
-0.7730510235
-0.6564209461
-1.6209642887
0.1428120881
0.9732956290
-0.9543683529
0.5223477483
0.5985026360
-0.3138608336
-0.1012921333
0.7994237542
1.4031844139
-1.1252868176
-0.2913378477
-0.3903510273
0.6396080852
0.0283763595
1.5868713856
-0.3238773942
0.0160320997
-0.0131613780
0.5637071729
0.5017807484
0.4754549861
-0.1610561311
0.3516021967
-1.3406985998
-0.1009791791
-1.5905380249
0.8150668144
0.3522182405
-0.4647450447
-0.2954804599
0.2013822198
-0.1982778013
0.3818930387
-0.2547080219
-1.1350432634
0.1358686984
-0.5323255658
-0.4240078926
-0.3139669895
0.4236716628
-1.1666773558
0.2636003792
0.1556708068
0.6105988026
0.7125535011
0.9204394817
0.1459238231
1.6800199747
0.2585784197
0.0956338793
-0.3505887389
-0.5435857177
1.9991614819
0.6250298023
-0.2578571141
-0.1283422559
0.3473995924
0.4913224280
1.5274561644
0.8009933829
-0.8008027077
-0.0228410587
-0.2661815286
1.2169497013
2.3758733273
-1.2043004036
0.0040583834
-1.3162033558
0.0949496180
-0.1660603881
0.6746338010
-0.4610544443
0.0016480833
-0.3840941489
-0.2618080378
0.5768313408
0.3993604779
-0.0210923254
0.5250992775
1.0117356777
-0.4546810091
-0.0089221131
0.2639229894
-0.2825447917
0.5860764384
0.0525024682
-0.3990048468
0.4682215750
-0.7395964265
-0.0268769339
0.8659286499
0.6027883887
-0.2971595526
0.6361883879
0.2955017686
-0.1426884979
-0.1908503920
-0.3042813241
-0.5717892647
-0.6150903106
-0.9846541286
0.1448102295
-0.6386338472
-0.4091142118
0.1496679932
-0.5299712420
-1.1413682699
0.0866800770
-0.6645457745
-0.3675552607
0.6416296959
0.3371226788
0.5298457742
0.2931884527
0.4406844378
-1.0918433666
0.3210901618
-0.8035908937
0.7847571969
-0.2413043976
0.9120911360
-1.1885643005
0.9340047836
-0.2164466381
1.0682808161
-0.0205545127
-0.6125482917
-1.1335697174
0.1339054108
1.0943145752
-0.0192797258
-0.8769969344
-1.1126208305
0.7714396715
-0.0043623820
-0.0279526412
0.4729006290
-0.0831247196
-0.8982942104
-0.6517852545
-0.3471609354
-0.5927976370
0.5364872217
-0.1639369577
-0.2680549324
0.9621458054
0.7711477280
0.7186191678
-0.3295039535
-0.1572228372
0.1158988625
0.2490968704
-0.0409970321
-0.0254737437
-0.2234937698
0.2941925228
-1.1204431057
0.1639473289
-0.2330842614
0.1808030605
-0.0601399392
0.4201575518
-0.8741204739
0.4855711758
-1.1263551712
-0.8064136505
0.4885354936
1.1705207825
-0.1262232512
-0.5184392929
-0.5013035536
-0.7060922980
-0.0395206101
1.0949934721
-0.1925856620
0.0261409655
-1.5034610033
-0.4221798480
-0.1970738322
-0.1688059121
0.3989492059
-0.2254115045
0.4419941306
0.7764911056
-0.4507482350
-0.0539550856
-0.0754085109
-0.2148223519
0.8230172396
-0.1593970060
-0.0615753308
0.0733672902
-0.0603995323
0.8108667731
0.3966608942
-0.7045795918
-1.1044390202
-0.1551868767
-0.2990848720
0.4393541813
-0.3748836815
0.3897708058
-0.6709688306
-0.4895937145
-0.8183193207
-0.7011514306
-0.0660319105
0.3118949533
0.0281468891
-0.2078257650
-0.0187222529
0.6612564921
0.2238512486
-0.0189843103
-0.2671172023
-0.2693261504
-0.6492283940
0.7273179293
-0.8591022491
-1.4590742588
0.3930482864
0.2212239951
-0.3984620273
0.3565954864
0.6271785498
-0.6577358246
0.2606159449
-0.3502629697
-0.8443548679
0.1605304033
0.0918915868
-1.2878717184
0.9642431140
-0.7187572122
0.1675980389
-0.7857547998
0.0883419812
0.5845270157
-0.3066093326
0.2574058175
0.1984841377
-0.4918000698
-0.8587318659
0.3475638330
-0.0273212306
0.0389324278
0.5008082390
-0.7798043489
-0.4994126856
0.3932708800
0.2536780834
-0.3038525581
0.3211436868
-0.8366615176
-0.1935006380
-0.8341351151
-0.3359273672
1.2704797983
-0.1090039313
-0.3273743391
-0.3338331878
0.2143902928
-1.0582191944
-0.0091757588
0.4103497267
0.4877762794
-0.1222201511
-0.6235611439
-0.5249129534
0.0913092941
-0.2185914963
1.1023118496
-0.0148676895
-0.0654730648
0.1705030352
0.5807019472
-0.1104633212
-0.6624221802
0.0045052134
-1.2736647129
-0.8824946284
0.3255368471
-0.2752669156
-1.2442926168
0.3275839686
0.2607381344
-0.0016662069
0.4717005193
0.5925638676
-1.4474220276
0.0669738725
0.9408744574
0.1654128879
-0.1309453994
0.6973893642
-0.6203699708
0.1468647718
-0.4626810253
0.3370331824
0.6801709533
-0.0433923453
-0.1822193712
-0.0781289712
0.5637387633
-0.0739662871
-0.0014953762
-1.0153560638
0.7511627674
-0.4047124386
0.0208485778
0.3191643059
0.0428942591
0.0216448531
0.0472505167
-0.1719204485
-0.0150055308
-0.6541878581
0.4492633343
0.5685268044
0.3960857093
0.7241953611
0.3282564282
-0.0441963971
-0.3873374760
0.1254827082
-0.0636873096
1.0146422386
-0.1481599063
0.2956124842
0.4722498655
-0.1882221997
-0.0967493132
-0.1037488282
0.5945361853
-0.5136440992
-0.4222818613
-0.1302971542
-0.2339776158
-0.4165844619
0.1452784836
0.3823766410
-0.2851799726
0.1536068320
0.1823410392
-0.0216735713
0.8009999394
0.5948917270
-0.1479323357
0.5506575108
-0.3066595793
-0.8154215217
0.6726433635
-0.2288796306
-0.0267524794
-0.1594081968
-0.7885950208
0.6060262918
0.7586941719
-0.0223867074
-0.1071840748
0.1161643788
-0.9457157850
0.1068907157
-0.2202418149
-0.4764858186
-1.0125854015
0.0321426727
-1.2607173920
0.0347116813
-0.3515186608
-0.1006833389
0.0000638738
-0.1633665860
0.0749757364
0.0586528890
0.5747588277
0.0101490505
-0.8653292060
0.7484021187
-0.0583293661
-0.9461729527
-0.1592661142
-0.6297856569
0.5354622602
0.7439395189
-0.1290535778
-0.1898261309
0.2005450875
0.8596408367
0.0000855774
0.0281043462
-0.4230833948
0.0630884394
-0.1971188784
1.4921147823
-0.0168452151
0.1523393393
0.4787108898
-0.7709077597
0.5616045594
0.5544446111
-0.0270369872
-1.3295305967
-0.6062126160
-0.4918080270
0.1034996063
-0.3144628108
0.4089822173
0.3589274585
-0.4152192771
-0.4902354479
-0.1378913671
0.0883747861
-0.3523340821
0.8325816393
-0.1168972030
0.7318753004
0.2005034089
1.1620204449
0.6702216864
0.4644100666
0.1249015480
-0.3049561977
-0.1475954652
-0.6004446149
0.8848993778
-0.3487889469
-0.1377854794
0.8807865381
0.8091747761
0.4563210011
-0.7073650360
0.3615516722
-0.0027030855
-0.9959630966
0.3758725822
-1.3379654884
0.1271437556
0.6366471648
0.1341922730
-0.0795712098
-0.0765379742
0.5873951316
-0.3749394417
-0.7918273211
-0.6591128707
0.2987124622
-0.9292354584
0.1478460133
0.0644027144
-0.3040701151
0.2138346732
1.3535995483
0.3636093736
-0.1582122147
-0.2729643881
0.4780236483
-0.1262823045
0.1875851005
-0.0738248676
-0.6181892157
0.7464649677
-1.0269014835
-0.4861633480
0.0571923777
0.3390773535
-0.0057786852
-0.6472096443
-0.4215781093
-0.1750048101
-0.4016467333
0.0245845281
1.0281126499
-0.3850772679
-0.3420896828
0.3962361515
0.2319393307
-0.5442680120
0.2418947667
-0.1330474168
0.0966428965
0.7549307346
0.1431106776
-0.0972492248
0.4756578505
-0.7133780122
-0.1190427095
0.1423919052
-0.3175105453
0.1026970893
-0.3236817718
-0.6821143031
0.5763494968
0.0432307273
-0.1696209759
0.0242307037
0.3554643393
-0.1845161021
-0.1275249422
0.7893131971
-0.0957171097
0.0566125177
0.3774621785
0.0832703933
-0.1296041906
0.3538190126
0.3248409927
-0.2120563239
-0.2862803340
0.5363217592
0.8306668997
-0.0994049460
-0.2075776756
-1.3641556501
0.3108819127
0.8145304918
-1.8818774223
0.2836052179
0.1639316529
0.1621386111
-0.6921417117
0.2121942788
-0.2061456293
0.3259548843
-0.0414691120
-0.3289094865
-0.4846252501
-0.1880057156
0.3451682031
0.4653638601
-0.1465300918
0.0101878103
0.1224156544
-0.5178282857
-0.3993241191
0.1377090216
-1.2911993265
0.3962398469
-0.5763186812
-0.7733658552
-1.0627506971
0.3017888963
-0.5525051951
-0.3895911574
0.1917299628
-0.5032145381
-0.5797415972
0.1408967972
-0.4139533937
0.3871470392
-0.6545808911
-1.1586443186
-0.0382661261
-0.1599799842
-0.1681564450
0.9133358598
0.5080060959
0.7313603163
0.0910030082
1.4137622118
0.3412247300
0.3451156020
-0.0295909513
-0.3121773601
0.2628801465
-0.5455952883
0.1831459999
0.1100172848
-0.0619043410
0.2145331502
-0.1297430396
-0.3866019249
-0.1006840840
0.4425724149
0.0274728909
-0.1923386604
-0.2297674567
-1.0695173740
-0.1367273182
0.3427340686
-1.8070070744
0.2825992405
-0.0044043614
0.3595996797
-0.2918966711
0.6102580428
-0.5087743402
0.3413658440
0.5240175128
-0.5581770539
0.1917228103
-0.5232471824
0.0622031651
0.0983256623
-0.1943545938
0.1346632242
0.1215137169
-0.2100525796
0.0762471929
0.2375815213
-1.4322781563
0.3706679046
-1.4445388317
-0.7657984495
-1.0374749899
0.1947716027
-0.3586744070
-0.2117357999
0.4202457964
-0.1120425314
-0.2576969862
0.2648234665
-0.9350167513
0.4765359163
-0.1413837224
-1.5982713699
0.0343767814
0.3492428064
-0.0769738778
0.5047152042
0.4619722366
1.0256239176
0.1363777220
1.7459839582
-0.0984098911
0.3430554867
0.3042548001
-0.1780211180
0.2225688249
-0.2283768654
-0.0333032943
0.2404561788
0.1442525685
0.1166717038
-0.0082145697
-0.5576683283
0.0748056993
0.3445411623
0.1163207740
-0.6546879411
-0.0839363858
-1.0279920101
-0.0932205245
0.5689133406
-1.5957078934
0.6859641075
0.0475996844
0.1119681969
-0.4727822244
0.3663008511
-0.5485243201
0.6048132181
0.1530179530
-0.2243213952
0.2508246601
-0.5466618538
0.3404834867
0.1277397424
-0.0454316661
-0.3345290124
-0.0462440252
-0.1133883670
-0.1669203341
0.1103324592
-1.1829335690
0.1692513376
-1.5217058659
-0.7454645038
-0.8718923330
-0.3745913506
-0.3271116912
-0.2484999001
0.4584583640
-0.0598484650
0.0320160873
0.3360571563
-0.6208133101
0.6209301353
-0.3465536535
-1.5350039005
0.1729558408
0.3166967034
-0.0683206990
0.2468493581
0.5391337276
1.3025454283
-0.0853878409
2.2429897785
0.0135648670
0.2021907866
-0.1494373828
-0.0875425637
0.3186845481
-0.1568380147
-0.0861457810
0.2747705579
-0.1747512221
-0.0335571766
-0.5898109674
-0.0075255809
0.2454549819
-0.1757500172
-0.1661779433
0.0779744908
0.3206846416
-0.5424416661
0.1689290702
0.0751231983
-0.9241931438
0.4805667698
-0.3521510363
0.2801092565
-0.6186825633
0.7348685265
-1.1450276375
0.4917951226
0.1428863406
-0.3611006737
0.4054148495
-0.5544254780
0.1133629605
-0.3161097467
-0.1036494225
-0.4696768522
0.0085675139
0.0608796999
-0.1233067438
0.2201063037
-1.2468659878
0.4690962732
-1.4773077965
-0.5421311855
0.2401370555
0.1490433216
0.0656102300
-0.1247321367
0.8482400179
-0.3575899005
0.3834300637
-0.1358740479
-1.1644587517
0.2023106366
-0.1774954945
-1.7685867548
0.4380803108
0.0691454709
-0.4570465386
-0.0403296500
0.2641154528
1.0949301720
-0.2247946411
2.0534563065
-0.2977943420
0.4817563593
-0.0977787897
0.0164787136
0.2785018086
0.0358785354
0.2262191623
0.5594477057
-0.2734676600
0.0427377932
-0.0099602165
-0.1401643604
0.5030252337
-0.1008460671
-0.2860070169
-0.3257212937
0.1907115579
-0.5070803761
-0.1684991568
-0.1767147481
-0.9144985080
0.3025036454
-0.2251601219
0.1873533875
-0.3950063586
0.2594648302
-0.4658689499
-0.0095239310
-0.0738595575
-0.6948263049
-0.4299508035
0.0843422562
0.4269850552
0.7903603911
-0.4490519762
-0.3190539777
0.3033988476
-0.3613833189
-0.3948171437
0.5070447922
-1.5038944483
-0.1569043547
-1.8769277334
-0.7759382725
0.1237034574
0.0666999519
0.2390592396
-0.3029128015
0.3458632827
-0.4279268086
0.7790499926
-0.0333297588
-0.7311277986
-0.1775158495
-0.0942774042
-1.5545185804
0.5431423187
-0.0205963161
-0.7807881832
-0.1022035778
0.2717821598
1.0235382318
0.1431856900
1.4437750578
0.1537631601
-0.2283993214
-0.6330193877
-0.1547424793
-0.5504636765
-0.0937755704
0.5501427650
0.8664933443
0.2409384102
0.3285365403
-0.1329698265
0.0264435187
0.2620873153
-0.3662763238
-0.2553046644
0.2682012320
0.7504525185
-0.4837725461
-0.2414054871
0.0710792020
-0.6848161221
0.3833594024
-0.0830763280
0.1973275840
-0.3043383658
0.2386272848
-0.4752258956
-0.8167285919
-0.5974553227
-0.2085157335
-0.6865930557
0.2351275086
0.2032191902
0.3377501965
0.4260056317
-0.4311790764
0.1976163685
-0.0011657573
-0.4496203959
-0.1361967474
-1.5248028040
-0.0211084615
-1.6657066345
-0.6140052676
-0.0442881696
0.3413284123
0.7920250297
-0.4672461748
0.2899862826
-0.9022811055
1.0356190205
0.4184962809
-0.9193840027
-0.0047066673
0.4604114592
-1.7586796284
0.6500598788
-0.5666818619
-0.5740516782
-0.1735571921
0.0665255412
0.6876513362
-0.2173953354
0.9399999380
-0.0047225533
-0.2244410515
-0.4036251307
0.0097842580
-1.0805332661
0.1238195226
-0.2548793852
1.1047832966
0.3357298374
0.4738180041
-0.2402549088
-0.2047497928
0.3047718108
1.0742923021
0.0604386553
-1.1729222536
0.5136716962
0.3492807746
-1.0290476084
0.2013352662
1.2332152128
0.7475740910
0.0917619765
0.1552494019
0.3876685500
-0.1081239283
1.0301015377
-0.7586040497
0.0786171407
-0.3524675965
-0.1921920031
0.1007797644
0.1879861206
-1.1275582314
1.2681860924
0.6234435439
-0.3102311194
0.6839215755
-0.0149313547
-0.1419374794
0.1836041808
0.9945701957
-0.8481267691
-0.5477063656
0.0835498124
-0.2767891288
-0.3043822050
-0.4331133664
0.2805744410
0.5250040293
1.1536245346
0.8672421575
-0.5038046837
1.6615490913
0.8559011221
-2.0967862606
0.3144276738
0.1792755425
0.8270381093
0.0645971447
-0.1464806497
0.7835203409
-0.9513305426
1.4077473879
-1.6194097996
0.1554279029
-0.0847866535
-0.0088599473
0.3841300011
1.2867580652
0.3959613144
0.1563390940
-0.3001520634
0.6427848935
-0.2766020000
-0.5240077972
-0.6129286289
-0.2016919106
-0.3335263729
-0.2041187286
0.3440977633
-1.1178821325
-0.2765408754
-0.0333093330
0.5247376561
-0.3345282674
0.4990988374
-0.5159257054
-0.1909620166
-0.5816422701
-1.4721897840
-0.1619973481
-0.7563972473
1.4820725918
0.5812126994
-0.5027424693
0.0933856517
0.3372787237
0.5198823214
-0.7352181077
0.5785993338
0.0719966143
-0.0987658948
-0.1481906921
-0.7857357264
0.3371349573
0.5013447404
0.3930886984
0.9415730238
-0.2925942540
0.9791767597
-0.6558905840
-0.4021995664
-0.3892967403
-0.8420587778
-0.2126968205
-1.0478292704
0.2847514749
-0.2503055334
1.0737159252
0.8617733717
0.4966680110
0.1170939356
0.2964908481
0.6737401485
-0.4517375827
-0.6275002360
1.2486491203
0.2908496261
0.1735472828
-0.1933534592
-0.0138780251
0.7638195157
-0.4603204429
0.6003289223
0.3861541152
-1.2169556618
0.0648123249
-0.1647494882
0.4607217014
-0.0130671114
0.2705453336
-0.3182545304
-0.9028792977
-0.4073759317
0.2081268430
0.5076080561
-0.6727602482
-0.8710186481
0.4925328195
-0.6364281774
-0.5168693662
-0.5510071516
0.2583307624
-0.8334414363
0.2959996164
-0.0870110840
-0.3675904572
0.6075778008
-1.3254275322
-0.1855986714
0.8159257770
-0.2115784585
0.1586099863
0.0912926495
-0.5038012266
-0.0350052118
0.8522231579
-0.2492617667
0.7237230539
1.0845640898
-0.3785212040
0.4580666423
-0.4427452385
-0.7375438213
-1.5443490744
0.5504850149
0.7417197227
-1.3172953129
-0.9664934874
-1.2061302662
-1.3703229427
0.2366275787
0.2478388101
-0.3116774857
-0.7168297768
0.1668252647
0.1013537347
-0.1877064407
0.7864611745
-0.0377453789
0.4366993308
0.3439339101
0.2402817309
0.3831175268
0.8862733841
1.0385353565
-0.3635010421
0.2112524658
-0.6361687779
-0.1186892092
0.4320951104
0.4654386640
0.0072242320
0.2577981055
-0.4189410210
-0.1325822026
0.5087646246
1.2088119984
0.0928602144
0.2528247237
-0.4444664717
-0.4855080247
-0.0013394821
-1.0381863117
-0.0699524209
-0.4100628495
0.2381922901
0.2546879053
0.3013947904
-0.4285520017
0.7118738294
-0.8599489331
-1.0691845417
0.5003566742
0.0610122755
0.2113470435
0.3005138040
-0.2531031668
0.0770197883
-0.2783603966
0.8142747283
-0.6109588742
-0.0709820464
-0.5544107556
-0.4867280126
-0.2295437306
-1.0029673576
-0.1573933810
-0.6562023163
-0.4555704594
-1.5099332333
-0.7279772162
0.4722900391
-0.3829010129
0.5643296838
-0.2804207504
0.5704521537
-0.0591443777
0.0336595625
-0.6486287117
0.8469412327
0.1091333255
1.2248778343
-0.5795838833
0.1824447364
-0.2033604085
-0.0051235426
-0.2991788089
0.2131957114
-0.0558863543
0.8688298464
0.1496524215
0.0521480963
-0.2412066460
0.9376012683
-0.7301934958
0.2186197490
0.3533110917
-0.0472224280
-0.6395798326
1.1331405640
1.1789277792
0.9588311911
0.0195317753
-0.4004959464
-1.5580497980
0.3622893989
-1.2642714977
-0.0145317540
-0.0502773151
0.5558251143
-0.3259536028
-0.1859713942
-0.5747919083
-0.0380721278
-0.3644668460
-0.7370130420
-0.1936866492
0.2374964654
0.0669097826
1.0629539490
0.1949182898
-0.6611220241
0.3060118854
-0.4207260311
-1.2652286291
0.5293863416
-0.2865830660
-0.8346599340
0.0112281032
0.4124754965
-0.3838838041
-0.1183465645
0.2270393074
-0.9167013168
0.3624143302
0.6042582989
-1.2883515358
-0.5222965479
-0.1673863530
-0.3270326555
0.9863522053
-1.3279100657
0.5392203331
0.9080258608
-0.9593365192
0.6870596409
-0.5316442847
-1.2709481716
-0.7977355719
0.2350963652
0.0202640072
0.0121212304
0.2324232608
0.1616401225
0.2857369184
-0.2161574215
0.1478966027
0.9643819928
0.3567030132
-0.6255890131
-0.0634380877
0.5574237704
0.4837681651
0.5487937927
0.3714388907
-1.1326237917
0.4851091206
0.0516213998
-1.3132731915
-0.2943692803
-0.0221142992
0.1913450062
-0.3078172803
-0.0992043018
-0.1854197532
-0.1659096181
-0.4273057580
0.2166299820
-0.1916970313
-0.4322061539
-0.1980414838
0.0931891277
-0.3829566240
0.8534159660
-0.2061442435
-0.2291226089
-0.0056310892
-0.0143403923
-1.8678146601
0.6235696673
-1.3073683977
-0.6733481288
-0.5594168305
0.0458951890
-0.8655380011
0.2168283463
-0.0201663785
-0.7093265057
-0.3257330656
0.6278356314
-0.7333724499
0.7410764098
-0.9064527154
-0.8324111104
0.7746157050
-0.4040419459
0.9326637983
1.3995330334
0.1884366870
0.3120461702
-0.8524648547
0.3001332879
-0.6257477403
0.1654593945
0.0164818615
-0.6043077707
0.2494247705
-0.4682128429
0.4312167168
-0.1401470453
0.0125128580
0.4668371975
0.1284323186
0.1023668945
-0.1228068694
0.8994973898
0.2865823507
0.6856492162
-0.0962276608
-1.0206607580
0.2271277159
0.3455977440
-1.3056902885
0.0346504673
0.5568684936
0.2536337078
-0.3758096099
0.4797514379
-0.1359013617
-0.1058385000
0.8426383734
-0.4444934726
0.3354997039
-0.1898047924
-0.3310570717
-0.5096170306
-0.1584965736
0.8243783712
0.1884492636
0.3925026655
0.3882177770
0.4888067544
-1.3890705109
1.1319071054
-0.6179298162
-0.8054246902
-0.6352751255
0.8941798806
-0.5120939612
-0.0481258743
0.6885468960
-0.2246150970
-0.5495727062
0.2566613853
-1.1134575605
0.4088081121
-0.1608926356
-1.7301957607
0.0301814862
0.3405740559
0.1774366051
0.5707617998
-0.1091144234
0.1957487911
0.3875599504
1.4613376856
-0.1926545650
0.4832544625
0.3940259516
-0.4834227860
0.1022429615
-0.5929053426
0.1424962431
0.0877815932
0.3226115704
0.4619815946
0.0003420614
0.0946383253
-0.0485953242
1.0910264254
0.1251898408
0.2241225243
-0.4952231050
-1.0917561054
0.2311256230
0.1370398998
-1.4565713406
0.4830035567
0.6090911627
0.6615573764
-0.0041638548
0.2881595790
-0.4283592403
0.1795059592
0.8900043964
-1.1713608503
0.7576357722
-0.6322876811
-0.4803637564
-0.4468260705
-0.5097863674
1.1383262873
0.0861763209
0.3956303000
0.0958618745
0.7701593041
-0.8300861716
0.8626593351
-1.1623401642
-0.3641842902
-0.3964234293
0.4040029645
-0.2332048118
-0.4329297543
0.8468586802
0.2514942288
-0.4693186581
0.1790250987
-0.9757586122
0.3780636191
-0.0413095877
-1.6609622240
-0.3561098278
0.5763277411
-0.1478189975
0.3177963495
-0.2825782299
0.2511284351
0.3402537704
1.6533321142
-0.4170591235
0.1751241833
0.5628423691
-0.2137873173
0.2265473008
-0.4541695416
-0.3675879836
0.0372742340
-0.1055135578
-0.2768487632
0.0228941571
0.0875818878
-0.0148996692
-0.1034366190
0.1189300194
0.3720466495
0.7095823884
0.5922930837
-0.1737992764
-0.0102814902
1.0798543692
0.0305013545
-0.8933506012
0.3858510554
-0.0786195323
0.1860096455
-0.0155405998
-0.0742416605
-0.5091136098
0.7042374611
-1.1721920967
-0.0050029568
0.0012168272
0.2481961250
0.3431015909
-0.4290008545
-0.1916386038
0.0844822973
0.1813032627
0.0372856669
-0.2735171616
-0.2589539886
0.5232092738
0.1447413117
0.2364267260
-0.0282550547
0.6628835201
0.2162033617
-0.1819705218
-0.0545469522
-0.9103194475
0.1664218903
-0.4963825047
0.1602728814
-0.0390576497
0.7635825872
-0.7367792726
-0.4863483906
0.1726333648
0.4290476143
-0.0789038688
0.0585402325
-0.4093970954
-0.4806654453
0.0020500917
0.2196617126
-0.2380576432
-0.0406962708
0.4923881888
0.1056677476
-0.3086764514
-0.0097932424
-0.1226141080
-0.3706732988
0.2225380987
-0.0436359569
0.0532299429
-0.1812358797
0.0748196766
-0.0574602522
0.7006699443
0.5497918725
-0.0591518804
0.0717236996
0.8822313547
0.0844956040
-0.6976619363
0.3759797513
0.1236623377
0.2846850157
0.1051037908
0.0426682383
-0.5229449868
0.5274733305
-1.1601225138
0.0816326588
0.1440101266
0.4823189378
0.0869541168
-0.3650246263
-0.0580271408
-0.0825827345
0.0552449189
0.1010986194
0.0199722890
-0.3894444108
0.4849855602
0.0503919050
0.2837208509
-0.2191663384
0.6115038395
0.1937091649
-0.2523642480
-0.0265429076
-0.8782089949
-0.0551880710
-0.4448933303
0.1765233874
-0.0180566218
1.0542488098
-0.8130652905
-0.2955878675
-0.2040349245
0.1475617588
-0.0435656346
0.2488006800
-0.1559798121
-0.3618563712
0.2838628590
-0.1163707450
-0.3261353374
-0.0494780652
0.3749498129
0.0585043319
-0.2323056161
0.0216375161
-0.0856113434
-0.1465622783
0.1438462436
-0.2101728469
0.2319382578
-0.3531779349
0.1799254268
-0.1632786542
0.8026863337
0.5714913011
0.0119250230
0.0885971934
0.9571387172
0.2177561671
-0.7092831731
0.6291159987
0.0190779697
0.2780604959
0.2963870466
-0.0357724056
-0.3165712357
0.6179215312
-1.2428873777
0.1421355903
0.3513003290
0.4406614602
0.2973315418
-0.3304291964
-0.0798004568
-0.2026377320
-0.2008782923
-0.1170920506
0.0666186586
-0.4036144912
0.2683175802
-0.0880293548
0.3282667398
-0.3536482155
0.4741195738
0.1996324807
-0.4288050532
-0.0600809157
-0.8050380349
0.1032263339
-0.3547381163
0.0842356682
0.1644717306
1.1131694317
-0.7903826237
-0.1200210750
-0.3132387102
0.0915394500
-0.0206927136
0.2456792444
-0.1373441219
-0.3863759339
0.5343701839
-0.2717247009
-0.3672769070
0.1034468710
0.3347233534
0.2405219525
-0.3072018325
-0.0691377595
-0.2666871846
-0.2079209536
0.2380940914
-0.1796682775
0.3353541791
-0.3858250678
0.1557657570
-0.1267294586
0.8760055304
0.4692850113
-0.0708843917
0.2186892182
0.8122857809
0.1090162545
-0.6693189740
0.7070420384
-0.1049054414
0.3728193939
0.1512482911
0.1439289898
-0.3992766142
0.4370611310
-1.3141766787
0.5178463459
0.6326688528
0.4365810454
0.2449809462
-0.3195010722
0.0219063293
-0.0608044453
-0.0966657177
0.0671413839
-0.1520419866
-0.2298401296
0.2817285657
-0.0527366102
0.2752819359
-0.3458664715
0.2878151834
0.0335300528
-0.6061866283
-0.2067030817
-0.8181811571
-0.0666535199
-0.3102034628
0.1411235929
0.0026069894
0.9785922766
-0.6902626753
-0.2252584100
-0.3995331824
0.2002248764
0.0570304543
0.2486425489
-0.0097953249
-0.3700250089
0.4504558146
0.0386869870
-0.5145170093
-0.1181210577
0.5021741986
0.3505619466
-0.1130139828
0.0567567870
-0.1838027686
-0.2947674692
0.3185063303
-0.1422048360
0.0829008073
-0.1320671588
0.3501603007
-0.2052388638
0.8034938574
0.3568762243
-0.0355419926
0.3720549643
0.6967379451
0.1789446771
-0.6067844629
0.5274195075
-0.2286139131
0.4574603438
0.3213861883
0.0134188477
-0.2978705466
0.3352591395
-1.3366229534
0.3145227730
0.4181013405
0.6025937796
0.2772856951
-0.4102169573
0.0798018575
-0.0586425439
-0.2045827359
0.2121539116
-0.0515552685
-0.2790675461
0.5138733983
0.0156106884
0.3006035388
-0.2349007279
0.2513496876
-0.0734935775
-0.4665422440
-0.1229397729
-0.7651670575
0.0144582437
-0.2186704427
0.0056255125
0.0916286483
1.0793653727
-0.9021112919
-0.1178053096
-0.3673703372
0.0164871030
0.0040160855
0.1688990146
-0.2003225237
-0.3784793317
0.4927586019
-0.1652723551
-0.2228661478
0.0089053595
0.3967423737
0.3278593719
-0.2692066133
-0.1323385090
-0.4390628338
-0.1178781390
0.1829786301
-0.1025332585
0.1755200624
-0.1548877656
0.3008381426
-0.1143152341
0.6326672435
0.3638654053
-0.0167913698
0.2219153643
0.7855955958
0.0968091041
-0.5426889062
0.4950357676
-0.0879902318
0.4670390189
0.4181784093
0.0029217005
-0.2536688149
0.3441299498
-1.3937201500
0.3155339360
0.4553930759
0.4309732318
0.1970375627
-0.3169103563
-0.0199458133
-0.0632021502
0.0232303981
0.0422639288
-0.2514611483
-0.1769926846
0.1774408966
-0.1187427938
0.2118127197
-0.1038257852
0.3145965934
0.0584691167
-0.5880959034
-0.1811224967
-0.7861988544
0.0741553605
-0.1196491569
0.3129814267
0.0997444764
1.0164860487
-0.9072986245
-0.3862223625
-0.2202769220
0.4115637541
-0.1127478927
0.2016445547
-0.1651203632
-0.3602119088
0.2697248459
-0.0917279795
-0.2041868865
-0.0619606227
0.4189416766
0.2442646921
-0.5521394014
-0.0438761860
0.2453551888
-0.3404273391
0.1772892624
-0.6439552307
-0.7474866509
0.0900482982
-0.1198366433
-0.5224667788
0.7853479385
0.5730180144
-0.3154233992
-0.0068145841
0.3335916102
-1.1928391457
0.8474736214
0.6526914835
0.2121394724
-0.1101396009
2.2304129601
-0.0762477666
0.4468257725
-0.7883681655
0.0486413054
0.1065024137
0.1795107424
-0.0882835463
0.1482518613
0.5505558252
0.6980028152
0.1611806899
0.2230137438
-0.5703799725
0.1359888762
-0.4602881670
0.1695825160
0.0585723482
-1.0094381571
0.0499591455
0.1788194478
0.1724682450
0.2088744938
-0.0928951055
-0.0315725617
0.7383146286
0.5897948146
0.2404376864
-0.7509611249
-1.5917389393
-1.5041277409
0.9906816483
0.2695741057
0.5980891585
-0.1518263817
1.1329854727
-0.2849501669
0.4544913173
0.1152619794
-0.1051997617
-0.0700906962
-0.8269591928
-0.2142395973
-0.7110454440
0.5669373870
-0.2939682901
0.9742752314
-0.3261801898
-0.2445829362
-0.0272233784
-0.1514821947
0.5844320059
-0.0923683345
-0.1107523963
1.2001198530
-1.3165518045
-0.9530211687
-0.0207163207
0.4382464588
0.1034868583
0.0705881938
-0.1878689677
0.1232290193
0.9545824528
-1.3406946659
0.4067983925
0.0891450867
0.6301720142
0.8872388601
-0.2029139996
-0.1756169945
0.2015092820
0.6389692426
0.5538309216
-0.3361205757
0.1198779047
-0.3074592948
0.6644594073
-0.6018784046
-0.4221135676
-0.4055820704
0.0320263132
0.0594450869
0.5374176502
0.6897330284
0.1397113651
0.2253637910
0.0667740554
-0.6754966974
0.2261804640
-1.1762522459
0.7523447275
0.2071744055
1.4413707256
0.3479967117
0.5089510679
-0.4311012328
-0.6239410043
-0.4962683618
-1.1039831638
0.0471144989
0.7901896238
-0.7255196571
-0.1907386929
0.3222593665
-0.0458574817
1.0127959251
0.0226249099
-0.4123595357
-0.1714528501
-0.1349672526
-0.8034108877
0.6468054056
0.4053983986
-0.4050252438
0.5061601996
-1.2453887463
0.5903917551
1.3016620874
-0.3563702404
0.5890809298
-0.4216667414
0.4588668346
-0.3268215954
-0.2649946809
0.3083142936
0.1185903251
0.1665955335
-1.2620579004
-0.0257211402
0.2626091838
-0.2053548396
-0.0972170159
-0.2504883409
-0.4456008077
0.7268105745
-0.6814509630
0.4702089429
0.0627363995
0.4637988806
-0.3075644076
0.6051223278
-0.2690481842
0.2439677119
0.1393616796
0.3372224271
0.4099854827
0.4980701208
0.5218141079
0.0359247178
-0.3759332597
-0.1113148406
-0.6988100410
0.4822773933
-0.7654947639
-0.3972360194
1.4140136242
1.8023626804
0.2743094265
-0.4941073954
-1.9395279884
-0.4770685434
-0.3223379254
-0.4597109556
0.6594353318
-0.5219972730
0.1985064894
0.2706286907
-0.7969154716
0.0978068411
0.9278780222
-1.0257481337
0.0453005135
-0.1682615280
0.0071857632
-0.3172293007
0.2517937720
0.0252518468
-0.2901015878
-0.0982968211
0.1164839938
-0.2825392485
0.5409914255
0.3675053418
-0.0274284687
0.3115116060
1.3584403992
0.3160517514
-0.1965388805
0.3732643127
0.0846614093
0.1738971025
0.4935744703
-0.3724704385
0.0775081739
0.4523584247
-1.0465021133
0.4666185975
0.2441965342
0.6931831837
0.3248538673
-0.5408750176
0.1893664598
-0.2395385951
-0.1406008005
0.1550628841
0.2770992815
-0.1723729521
0.2910331786
0.2803357840
0.5115584135
-0.2646928430
0.4520710111
0.0511022471
-0.6152456999
0.0635575950
-0.6514699459
-0.2833848596
0.1098054200
-0.0305230338
0.3241152763
0.9208953977
-1.2328921556
-0.2121882886
-0.4743102193
-0.2311491668
-0.2355009764
-0.0938961208
-0.0164147057
0.0236300267
0.7780777812
-0.2903451622
-0.2790769339
0.0297553185
-0.1128884926
0.1431647986
0.0555577278
-0.0389971733
0.0086647486
-0.2736580372
0.1595475525
0.2704000175
-0.4905085862
0.1682033241
-0.0208717752
0.1424653530
0.3269936442
0.6556527615
0.0633284673
0.0626549646
1.3762438297
0.1175865084
-0.4199497402
0.2220700085
-0.0251443088
0.2854276896
0.4078531265
-0.6473340988
-0.0671645105
0.3954390287
-0.9887748361
0.4684538841
-0.0409459434
0.5274698138
0.2720406950
-0.2210501581
0.1517197341
-0.0373746753
0.1095206514
0.1127397940
0.2644207180
0.2026948184
0.1528067887
0.3178171217
0.5183653235
0.0647912920
0.5075506568
0.2848581076
-0.4951865971
-0.1229768097
-0.6946151853
-0.4194986820
-0.0746568441
-0.1056489497
0.1957496703
0.6289349198
-1.1840486526
-0.4727473557
-0.2093440890
-0.1689367592
-0.4985463023
0.0817736387
-0.2748207450
0.0044276826
0.2141301185
-0.1136191264
-0.2909721136
-0.0587643646
-0.3292003870
-0.0332613699
0.1937189102
0.0931850672
-0.0622572079
-0.2116961330
0.2518753111
0.2086539865
-0.5031607151
0.1874323487
-0.3687673211
-0.0179518554
0.3007272184
0.5343432426
-0.0010056484
-0.0369720086
1.5290315151
0.1235040203
-0.4146314561
0.2743085921
0.1582995802
0.0964436233
0.5752951503
-0.7082035542
-0.2811566293
0.4879286289
-0.8750262856
0.4213398993
-0.0132275717
0.5996615291
0.3092559576
-0.4076878726
0.1216410995
0.0683370084
0.0952934995
0.0363769606
0.4966591001
-0.1604064703
0.2016786039
0.4178776443
0.5634129047
0.0179251302
0.5656480193
0.1392830163
-0.6823428869
0.3222044110
-0.5043969154
-0.4526196718
0.3590336442
-0.3628708124
0.3359759450
0.6545206308
-1.3470895290
-0.3511997759
-0.1662985682
-0.2060216516
-0.3270819485
-0.0211193357
0.1603135318
-0.1202413961
0.3846623003
-0.2216782123
-0.3009568751
0.0999081060
-0.4301870167
-0.1311053634
0.2201317251
-0.1467571855
-0.0260617696
-0.3873072565
0.0507368222
0.1126022786
-0.5489946008
0.1707682014
-0.0210334305
-0.1628795713
0.1385609359
0.8647246957
-0.0369436406
-0.0826748833
1.4222508669
0.0476244241
-0.2249770463
0.3741165996
0.1704384983
0.1158644557
0.6875331998
-0.5553483367
-0.2796152532
0.5499109030
-0.8632651567
0.2535326183
0.0108623775
0.5672875643
0.1612127572
-0.4137298167
-0.1118470579
-0.0750533268
-0.0555332117
-0.1581908911
0.4552145004
-0.1220093742
0.2280430049
0.5339165926
0.6113979816
-0.2631163597
0.7361677885
0.2871569395
-0.3764602244
0.3176219165
-0.5495651960
-0.2420977056
0.1936182827
-0.0161344800
0.3923760653
0.7467900515
-1.4127775431
-0.4499284625
-0.1979886740
-0.1564956754
-0.4252896309
0.2484551221
-0.0095605850
-0.4655314088
0.5853032470
-0.3592847288
-0.4020826519
0.0637043044
-0.3522504866
-0.1060787067
0.3108382225
-0.7250337601
0.0065820129
-0.4267905354
-0.1624108255
0.2166915834
-0.6397199631
-0.0439170115
-0.1593943387
0.2439008355
0.2191033065
1.1292692423
0.1906037778
-0.3193199337
1.2740420103
0.2730462253
-0.5474761724
0.3393819928
0.2879129350
0.2336508781
0.5655357838
-0.6090758443
-0.0170186348
0.1031413376
-0.6930853724
0.2331735939
-0.0129711246
0.3802372813
0.1999549866
-0.4306003451
0.0385261327
-0.2983515561
0.1242104396
-0.0130580356
0.7602318525
-0.3007938266
0.4438389242
0.5712032318
0.7190090418
-0.0184149835
1.0790601969
0.3461177051
-0.1289648116
0.4582723677
-0.3071901202
0.0530099310
-0.1219949201
-0.2460801601
0.0485582650
0.6329551339
-1.4568871260
-0.4399370849
-0.1353943646
0.0199734662
-0.4685934186
0.0111735109
0.0329428241
-0.7777870297
0.3058750033
0.1270936579
-0.1957156658
-0.1513397396
-0.3557370901
-0.4455359280
-0.1855529994
0.2307107449
-0.1617348939
-0.0353967324
0.0198960844
-0.0312097352
-0.2184400409
0.0806194320
0.1110425219
-0.3246651590
0.2632183135
-0.6032381654
0.1525470912
0.0283668116
-0.1525949240
-0.0349925943
-0.2850674689
0.1311685741
-0.0509582423
0.5362796783
-0.8953776956
0.1431369334
-0.1714460999
0.2410086095
-1.0057337284
0.1018433422
0.0265895668
-0.0097326105
-0.3387923837
0.2128078640
0.2370510548
-0.0540358275
0.1557674855
0.1898594797
-0.0989811197
-0.1326353550
-0.5901434422
0.0875682235
0.0191138778
-0.1418046951
0.4488188922
0.1206893474
0.1543733478
-0.2502918839
-0.9277788997
-0.3215130270
-0.5114648938
0.1350890398
-0.2266795486
-0.1092338711
-0.5451790690
-0.1055001989
-0.0658983216
0.4877149165
0.0989199802
0.1901401430
-0.2935004532
0.1293780208
0.4658597410
0.1408715844
0.0142591801
-0.1796973050
-0.0025123740
-0.0128631042
0.0149737233
0.0987170413
-0.1554611921
0.0340747721
0.3642532825
0.0264393054
-0.3025065958
-0.0131753339
0.2706926167
-0.4612580240
0.0054821405
-0.4698383510
0.0682509243
0.2361970246
-0.0838261396
0.1884534955
-0.1491974294
0.1803548485
0.1454843283
0.9297584891
-0.5603687167
0.1979462951
-0.1200129837
0.1296699643
-0.9734782577
0.1692008227
-0.0901933089
-0.0172021966
-0.3632705808
-0.3636415601
0.0528146625
-0.0665941015
-0.0962916836
0.1719922870
0.0073029832
-0.1800871938
-0.3823608756
-0.0188053753
0.3064649403
-0.4464589357
0.4777432382
-0.1450470984
0.2340772450
0.0719715133
-0.9174533486
-0.1373530924
-0.3997020423
0.3257424831
-0.2273423076
0.1350347549
-0.5216311812
-0.3357886076
-0.1600735933
0.3320156634
0.3005344570
0.2027778625
-0.1234157607
0.2278603613
0.3938901722
-0.2357504517
0.0268040746
-0.0357562676
0.2052362114
-0.1152945161
0.1439740956
0.1348457336
-0.0949678570
0.2307485342
-0.0051573114
0.3093740940
-0.0706150457
0.1258640587
0.1524504423
0.0387826972
0.1599195600
-0.4627474546
0.2105900943
0.0300977472
0.0812102407
0.1182479039
0.0991811678
0.0651644543
0.2876942158
0.8595244288
-0.5897875428
-0.0142515274
-0.2133415639
0.3578948677
-0.9530493021
0.2205194086
-0.0860449746
-0.1878249645
-0.1426025331
0.1156794205
0.2082842588
-0.1273264587
0.1151488945
0.2094563693
-0.1581664979
-0.0010112585
-0.4402754605
0.2478618622
0.1518226564
0.0621988997
0.4877742529
-0.0280475933
-0.1308002621
-0.0332820415
-0.7987854481
-0.2614106536
-0.4272725582
0.3496598601
-0.3562537432
0.0603123009
-0.8987990022
0.2138041258
-0.2814456820
0.3404900432
-0.1099180728
0.1329522729
-0.2561770976
0.1915739030
0.0110582821
0.1153453961
0.0137000913
-0.2962419093
0.0307047162
-0.3764692843
0.0508154929
0.1478359252
0.0575780272
0.0176267009
0.1562660336
0.3155553639
-0.3995272219
0.0570389628
0.2228172272
-0.1270056218
0.0024513882
-0.1915163547
-0.1329064965
0.4162799418
-0.0573577285
-0.0059459042
0.1938475072
0.3142246008
0.3972579837
0.5458102822
-0.4440118074
-0.0951845422
-0.0300845653
0.1731199622
-0.9071706533
0.1644669920
0.0090350388
-0.2520320714
-0.2426095307
0.2564638555
0.2482671291
-0.0845887214
0.2676397860
0.2903707922
-0.4518388808
0.1487879902
-0.4113671482
0.1295160353
0.0268267244
-0.0393979624
0.3017081022
-0.0498674102
0.0072112749
0.1891845465
-0.8441385031
-0.1670484096
-0.6495173573
0.3929087520
0.0290914383
-0.1199761182
-0.9286887646
0.2399620861
0.0065922467
0.5604472160
-0.0191158634
0.2363298982
-0.0524699911
0.1838100702
-0.1583775729
-0.0330140777
0.1341232806
-0.3334112763
0.3645005524
-0.5575169325
-0.1271220446
0.1031781733
-0.1798620820
-0.0800470263
0.1759520322
0.2412829101
-0.2117387950
0.2987423837
0.2746069431
-0.0233054701
0.1989745647
-0.0117655117
0.1091644764
0.4220199585
-0.1817293018
0.2702241540
0.0159834400
0.5214073658
0.0960856676
0.6208434105
-0.2428815216
0.2588284314
0.1596293747
-0.0081807207
-0.8963648081
-0.2496845573
-0.0401006229
-0.0987234712
0.1346110404
0.1470675617
0.1734127998
0.1405227333
-0.2254275531
0.0988083556
-0.3406612575
0.0692324415
-0.5150049925
-0.0753204450
-0.2060960531
0.1810558587
0.2904011011
-0.3152473867
0.2135874182
0.0926513076
-1.0113914013
-0.2372710407
-0.8305115104
0.3873369098
-0.4396405220
-0.0263717249
-0.9151841402
0.0338381156
-0.0003505723
0.4608080387
0.1475747973
0.1083628535
-0.1144371703
0.3690755665
-0.2810150981
0.2688828409
0.1962374151
-0.5030381680
0.3709245622
-0.6632013917
-0.0698057190
0.2092541903
-0.2945512533
0.0561255701
0.3158338368
0.1784414798
-0.2606008053
0.0419331901
0.2529352307
0.0467535965
-0.0018556869
-0.1720463783
0.2753019035
0.1487963200
-0.1410112679
-0.0866124406
-0.1535916924
0.2339321971
-0.0451432131
0.8293197155
-0.3998510838
0.1340365410
-0.0979522094
0.0629797801
-1.0996922255
-0.0132124210
-0.0168321785
0.1517731100
-0.1672259569
0.4858574271
0.2897413373
0.0959323794
-0.0124291172
0.1647007614
-0.1300935894
-0.0252615400
-0.3722278178
-0.3431258798
-0.3069033623
-0.0802529678
0.1506637633
-0.1213119552
0.0834405944
-0.2147227824
-0.7746317387
-0.0063951332
-0.6323732734
0.3725503683
-0.4649323225
-0.1227053031
-0.9349148870
0.2493206561
-0.1958117038
0.4650626779
0.1181287393
0.4500294626
-0.2019400895
0.3320520818
-0.2907999754
0.1630517542
-0.0074819531
-0.5089260340
0.2025190890
-0.4025870562
0.8119273186
1.6633498669
0.5091471076
-0.1388356090
-0.7501150370
-0.5713835955
-0.1353026181
-0.3914708197
0.6674979925
-1.3246804476
-0.5339661241
0.3534948230
-0.6372485757
0.4425919354
0.2439416349
-0.9496788383
-0.4381636381
-0.9112125635
-0.4165547192
0.6996960044
1.2640064955
-1.1303128004
0.4367021918
-0.5737298131
-0.1688361466
-0.2546553314
-0.0837622732
-0.2673848271
0.3210485578
0.1576533914
-0.0708650798
0.2650425136
0.6371188164
0.2368213534
0.3112838864
-0.4995945692
-0.4136310220
-0.9818981886
-0.5576980710
-0.5245217085
0.6935219765
-0.4133315086
0.3310613930
0.1848982871
1.9102387428
0.3121711910
0.1315611303
0.6365825534
0.6245846152
-0.4041337371
-0.7826054096
-0.8047841787
1.2551007271
0.1619099081
0.1713851094
1.7114040852
-0.5506359339
0.8161897659
-0.6542649269
-0.1320971400
0.6966563463
-0.0493354686
-0.0713995770
1.0205987692
-0.9066860080
-0.1089780182
-0.3210634589
-0.1110922918
-0.2030645311
0.6244514585
-0.8452582955
0.0440266393
-0.9435770512
-0.6014323235
0.2457558066
-0.0125239342
0.1542379856
-0.5455356240
0.6465949416
0.7262224555
-0.6579610705
-0.8177779317
-0.3208035827
-0.0640278384
0.0549116805
0.4930302501
-0.5354379416
-0.2421226650
0.5857097507
-0.2932755351
-0.9728502035
0.1181654930
1.1725879908
-0.9470248222
-0.7477150559
0.0803255439
-0.7660603523
-0.6824663877
0.3580676913
1.0129894018
0.0049786717
-0.2389987856
-0.1807588637
-0.8395763636
-0.0090851858
0.0088222716
-0.0720340759
-0.3417632878
0.0626935735
-0.7192652225
-0.4024104774
0.8256133795
-0.8642078638
-1.3921186924
-0.7107517719
0.4679262638
-0.0039251894
-0.6873890162
-0.7914564610
-0.7983491421
-0.1494423151
2.9623603821
-0.0841893405
0.4930709004
-0.1378358006
0.5414493084
0.1752463579
0.8570686579
-0.0197954252
0.6052817106
-0.4177085161
-0.7732952237
0.8684858084
-0.1699543595
-0.0879857391
0.6599290967
-0.8596098423
-0.4532592893
0.0513834208
0.2090022266
0.4850697517
-0.1492058188
0.3922234178
0.7023656964
0.2770234644
0.5255824327
-0.4687882066
-0.9577972293
-1.4087190628
-0.7198125720
-0.2666600347
-0.3734199405
0.7052469254
-0.4519422948
-0.3566279411
0.4464002848
-0.7034500837
0.3982871175
-0.4129939079
0.0159524586
-0.0347605981
-0.2962491214
-0.9026247859
-0.1561790258
0.6377189159
1.3093903065
0.8378803730
0.1933627725
-0.1056284457
-0.6205133200
-0.0563067831
-0.2733598650
-1.8033370972
0.1994034350
-0.7186270356
-0.5413765907
1.1764961481
0.5809812546
0.5193816423
-1.1315443516
-1.5279792547
-0.1943706870
0.2872406244
-0.2387449741
-1.2663810253
0.4394309521
-0.3317337930
-0.6219218969
-0.3024257421
0.4002263844
1.3050643206
-0.3016632497
-0.0186822973
-0.2181556076
-0.1066327468
0.1548044980
0.5667569041
-0.2915431261
-0.1434527636
0.1719656289
0.3533224165
-0.5222163796
0.7073992491
-0.8258073330
0.1865266412
0.3584487736
-0.2769350410
0.0655994117
-0.0813916698
0.0500108227
-0.0857681036
0.9358264804
-0.2180262655
0.3222030699
-0.2846844494
0.2131554335
-1.0879368782
0.2289751768
0.4656310976
0.3532254398
-0.1305144280
0.0713333115
0.5391213298
-0.1718110740
-0.0381527357
0.2866784930
0.2216971219
-0.3925489187
-0.3548017144
-0.1170912832
-0.2568133175
-0.6353476048
-0.0231782068
-0.1798141301
-0.1145378575
-0.2403009534
-0.8286774158
-0.0428549424
-0.1588284373
0.5840914845
-0.0471353009
-0.0251052584
-0.6496624947
-0.0389362052
-0.4098601639
0.0634221286
0.4578111768
0.7480074167
-0.1596749276
0.2874615192
0.7921122313
-0.1858858764
-0.1496807337
0.0712548345
0.1627555192
0.4032668769
-0.2433926165
0.0628285035
-0.1907313615
0.2231879830
0.4518971145
-0.2662988305
-0.3668106496
-0.2640361190
0.1246409416
-0.3318347037
0.8389284611
-0.5554035306
-0.0242406316
0.2159864008
-0.1398435682
0.0834666267
-0.0019014862
0.0379028581
0.0758154988
0.8183569908
-0.0424868576
0.2541423142
-0.2905437946
0.2562224865
-1.1194742918
0.0856555775
0.4162202477
0.1256352961
-0.1983534396
0.2690974176
0.1345182955
-0.1564413607
0.1623677462
0.1745412946
0.4620462060
-0.2134229988
-0.5414751768
0.0736565143
-0.2095351070
-0.4057369530
0.0048117861
0.0317237563
0.0778028741
-0.3018637300
-0.7847682834
-0.0794845745
-0.1280222833
0.2281969339
-0.1738464236
0.1388569772
-0.7608862519
0.4546829760
-0.1844517887
0.0975855514
-0.0354009196
0.5947560668
-0.0687936246
0.3123858571
0.4623974860
0.0290051401
0.0128950886
0.1030798033
0.1117849052
0.0947599784
-0.3037567139
0.1086612046
-0.2874651551
-0.0058292998
0.3974426687
-0.3837188184
-0.0317172185
-0.0756807551
0.2996670604
-0.5517075658
0.2234371305
-0.1603932381
-0.2692579627
0.3707791567
-0.2127095163
0.0186121315
-0.0603333302
0.1842407435
-0.3642233908
0.6795465946
0.3117221594
0.2111487091
-0.4251536131
0.1550376415
-1.4856835604
0.1678158790
0.5977676511
0.1119116619
-0.1052493900
0.0354189165
0.0037215566
0.2254321128
-0.0867510289
0.3592241406
-0.1175663844
0.0343556963
-0.4271816015
-0.1893913746
-0.1328365505
-0.5640706420
0.3052133322
-0.0654943734
-0.0941825435
0.0674652830
-0.8399059176
0.1033767089
-0.4970795810
0.2474315763
0.1002604589
0.0031726959
-0.8337728977
0.1854976863
-0.2848231196
-0.0642490909
0.3074550927
0.1711266637
-0.3558990061
0.2509622276
0.4668465555
-0.0454580560
-0.1542322189
-0.0146043515
0.3081305027
0.1802480668
-0.2687603533
0.0299086478
-0.0458509065
-0.0978046879
0.1311061978
-0.4198153615
0.0085052215
-0.2634820938
0.6891024709
-0.5954502225
0.4488689303
-0.2138337344
0.0720676705
0.6826714277
-0.1436859518
0.1417177618
0.0836039409
0.5297838449
-0.1114806309
0.5513291359
0.3798206449
0.3585169315
-0.5239415765
-0.1855609566
-1.5505613089
-0.0165420473
0.4272516370
0.4544393718
0.3266676068
-0.3593876958
-0.0254512858
-0.2115595937
-0.1633362323
0.1360058784
0.1140746847
-0.1584790051
-0.4633789361
-0.1341452003
-0.4159213305
-0.4044749737
0.2845805883
-0.0885421112
-0.0025460653
0.0401800349
-0.7539619207
-0.2529069185
-0.2866052091
0.3846714199
0.2484245300
0.1618543565
-0.8207619190
0.3502679169
-0.4010448158
-0.0043885391
0.4108190835
0.4090261161
-0.1942505985
0.3283271194
0.3387335837
-0.0548696406
-0.0455660820
-0.1515719593
0.3334832489
0.1564587802
-0.1423693895
-0.0438073203
-0.1528993100
0.0816093013
0.3282941878
-0.1673968434
0.0901088566
0.2644497156
0.5285773873
-0.2427789122
0.3944171369
0.0546300150
0.0800137818
0.6667743921
-0.0892770514
0.5609307289
-0.2628952861
0.6017016768
0.0265253820
0.1875675023
0.6623417139
0.2456471324
-0.5867657065
0.1312683672
-1.6866003275
-0.1546118110
0.3692448437
0.0897150859
0.4720625579
-0.6317982674
-0.0734852999
-0.0806589350
0.0651597977
0.1640178710
-0.4683520496
-0.2760430276
-0.5411176085
-0.6106466651
-0.3051590621
-0.2885553241
0.2698411345
0.2474499792
-0.1107071713
0.2821234465
-0.7520614862
0.0079058344
-0.1061692387
0.3436945975
0.2127374560
-0.1588239968
-0.7542934418
0.2616354823
-0.4957113564
-0.0209160466
-0.0666537657
0.2165909410
-0.0571998507
0.1751730740
0.3139031231
-0.2533437014
-0.3542882800
-0.1202894822
0.0440171175
-0.0742248893
-0.0744302422
0.1497307569
-0.0484112948
-0.0963856056
0.1180797070
0.2273609191
-0.2512067556
-0.2295495570
0.4370397627
-0.0185481887
-0.0094555495
0.0542693101
-0.2045274675
-0.3939896822
0.2060543299
0.0517823920
-0.1747653782
-0.1660039127
-0.0463017747
0.6905357242
-0.5684878826
-0.0168209095
-0.2067215741
0.6511325836
-0.9769168496
-0.1469535977
-0.2623123527
-0.0679764301
-0.2619754970
0.4419176280
0.4923229516
0.2047995031
0.0980660766
0.2568366528
0.1200609133
0.0060894513
0.2083723843
0.6076120138
-0.0103660589
0.5911899209
0.2178062499
-0.0466744900
0.1036821604
0.1143076345
-1.1945203543
-0.1281149387
-0.6303147078
-0.1479071826
-0.1485379040
0.0789380893
-0.8912059665
-0.5074781179
-0.5501921177
0.2921383679
0.1445903927
0.0405784920
-0.5230203271
-0.0876167417
-0.3680721521
0.1470208615
0.0374959707
-0.5568312407
0.2353632301
-0.0777390003
-0.4407819510
-0.4584661424
-0.0809265226
0.0272266697
0.3287502229
0.1488654166
-0.3370331824
0.0486808307
-0.0443568043
-0.3353079557
0.4128434360
0.0865890682
-0.3793321848
0.4979892671
0.5585442781
0.1695932895
-0.2546025813
0.0672323108
0.2886139452
0.4662205279
-0.4414161444
0.2640151680
-0.1993429512
0.5177698135
-0.9721924067
0.0425128676
0.2484614104
0.0946623087
-0.3239851296
0.1709721088
-0.0157972835
-0.0447439998
-0.3820671141
0.1665452272
-0.2669076025
-0.1651208699
-0.2206365168
0.2495322078
0.0350055173
-0.2347046733
0.2257335037
0.1949147880
0.2970033288
0.3395106494
-0.6769567728
-0.3534772694
-0.4501394033
0.2438374609
-0.2415044755
0.1696098447
-0.8359294534
0.2584826946
-0.2513928115
0.6995007992
-0.0037591062
0.6640045047
0.3312917054
0.0604755022
0.3354122937
-0.1189886257
-0.4273625612
0.0256603286
0.0740219057
-0.0544131286
0.0918868482
-0.2264513820
0.0644092262
-0.0054480908
0.0641467422
0.2028028667
-0.2196348757
0.1846111864
0.2107348144
-0.3715355396
0.2238188088
0.2229779214
-0.0492187738
0.5709439516
0.2993682623
-0.0253801625
-0.8520934582
0.5718910098
0.1152204126
0.1949368417
-0.3747933209
0.1837600172
-0.4551244378
0.2558369339
-0.7362183928
0.4036082625
0.3158205152
0.1541044116
-0.1425828189
-0.1351536214
-0.1683058739
-0.5289357305
0.2859873772
0.4473020732
-0.0459792279
-0.2359806597
-0.3961185813
0.4537375867
-0.1509917825
-0.0026544596
0.1649075449
0.3308226168
-0.7397088408
0.0022652862
-1.1080286503
-0.2180822343
-0.6329835653
0.5404527783
0.2372328490
0.1331014782
-0.7170791626
0.0628362224
-0.0420881659
0.2172096521
0.1021690592
0.1476464272
-0.3622052372
-0.1661877036
0.1419825852
-0.4442646801
-0.3303817809
-0.4839122593
0.1718682647
-0.1111501604
-0.0650247484
-0.1588871479
0.2362557650
-0.3289186954
0.5520681143
-0.0329425447
-0.2195236087
0.0513328314
0.1055621207
0.0697904229
0.1876587123
-0.1682062298
0.0612436607
0.2142592520
0.6031551957
0.5006883144
-0.3760586977
0.1654194295
-0.1815438420
0.4588554800
0.1908786297
-0.0217323378
-0.0839479342
0.4306774735
-1.0620522499
0.4541072845
-0.1984132528
0.0106797703
-0.3797178864
-0.2824433744
-0.1443476826
-0.1076110601
0.2123178691
0.3480221331
-0.1403910965
0.0760233477
-0.1836551130
0.2686318457
-0.1808963567
-0.0938639566
0.6278963685
0.0557810180
0.4039688706
0.0438937508
-1.0616750717
-0.4527364671
-0.7013419271
0.2032720149
-0.2272872925
0.5271844268
-0.6999258995
-0.0491275489
-0.1175951958
-0.1006466374
-0.1543729156
0.1810094863
-0.3089229465
0.3137382865
0.4554832876
-0.3646430671
0.2897129953
0.0433542654
0.1928655952
-0.0824890137
-0.0015346507
0.1576492339
0.0094972653
-0.1198139414
0.0748215467
0.0806417689
0.0132669443
0.1725594401
0.1663665771
0.1487459838
0.2289534211
-0.3114807606
-0.1740509719
0.0740249380
0.6417214870
-0.0776683539
-0.6324060559
0.2738725245
0.2081068754
0.1168198735
-0.1263371110
-0.3111479580
-0.0775222406
0.2858520150
-1.2453026772
0.0528086126
0.2061736435
0.1108556688
-0.0322151259
0.0370205455
0.2007225305
0.1223415062
0.1315947473
0.3238971531
0.1299584955
-0.1917244941
-0.4325461686
0.0360821858
-0.5746738911
-0.2586249113
0.2568491995
0.2647384703
0.0059437398
-0.0133677879
-1.0162322521
-0.3943156898
-0.5388528109
0.3834717870
0.1760455370
0.3620544672
-1.3039847612
-0.3277220428
0.0034431191
0.2365147620
0.1559297591
0.1298542321
-0.1837985367
0.2331912220
-0.1188657880
0.2682160139
0.0006452226
0.0335575603
0.0988361612
0.0721933469
-0.1345805377
-0.1481838524
0.0127080884
-0.0302062631
0.3406283259
0.1392832696
-0.2062608004
0.0957244039
0.3160071075
-0.2849424183
0.0820159093
0.1570956707
-0.2302430868
0.1533597857
0.4061582088
0.2725009620
-0.2867166996
0.2781787813
0.2856336534
0.5624101162
-0.0250434950
-0.2054898739
-0.0139415432
0.2714841962
-0.8836980462
0.0868251845
0.0503278896
-0.2859167755
-0.3435865343
0.1937316507
-0.0530197918
0.0631941929
0.0476441570
0.0961283669
0.2996649444
-0.2566748559
-0.5629040599
0.1889188588
-0.2198206335
-0.0004014404
0.3733740449
-0.0181602370
0.2846472561
0.0658601075
-0.7671133280
-0.1052803174
-0.6428728104
0.6520074010
0.0437052771
0.1522365659
-1.1824882030
-0.1237415969
0.1508519351
0.3245742619
-0.0210870821
0.2867975533
-0.3308730721
-0.0252776053
-0.3640622795
-0.0001942833
0.1930977255
-0.1417174041
0.2872505188
-0.1415864527
-0.2838889360
-0.6566323042
-0.0171526615
0.1604663134
0.7764360309
-0.6279967427
-0.3392867148
0.0688599199
0.3353444636
0.2279334068
0.3515199125
0.0039221016
0.8293668032
-0.5055567622
-0.6532134414
-0.8835601211
-0.5314959288
0.1873530447
0.2611575425
0.5684130192
-0.2432444394
0.4280184209
-0.8962199092
0.1955210418
-0.4053168893
-1.0921727419
-0.6267045736
0.3182866573
1.0921204090
-0.1420755833
1.0256381035
-0.0521172695
-0.6345529556
-0.5610579848
0.6398985982
0.3329345584
-0.1915965974
-0.3107656538
0.7286032438
1.0310027599
-0.6038865447
0.5673384666
-1.5017913580
-0.1672871709
-0.6801739931
-1.2890121937
-0.0553887784
0.0033771619
-0.1572070122
-0.3323235512
-0.7219350934
-1.2390303612
0.2550793290
0.9608684182
-1.4457947016
-0.1221581697
-0.4682018757
-0.0412088335
-0.9577946663
0.3023003340
0.4356025457
-0.4853051603
0.6433509588
-0.5723696351
-0.0403807722
0.1922139823
-0.6929358840
0.2710659802
-0.6303510070
-0.2670125365
0.2062838227
-0.1059951633
-0.3389927745
0.2067085952
0.8822237253
-1.1302070618
-0.1323914528
-0.1131633967
1.1757429838
-0.8842861652
0.2893640995
-0.4810570180
-0.4272625148
-0.4059295058
1.9126677513
-0.8069733381
0.2281156182
0.6513448358
-0.9400367141
-0.1472169161
-0.3973277211
0.4139558375
-0.5513019562
1.2810707092
-0.2862581611
-0.6825214028
-0.4602005184
0.1674601436
-0.8089917898
0.1669049263
-0.0124631524
-0.2928243279
-1.1601094007
0.6824566722
-0.4027836919
0.4428675771
-0.1705358624
-0.4105948210
0.1129189804
1.5417736769
0.2108832896
0.2089021355
-0.0689911991
-0.0994059891
-0.4145377278
0.1039646789
1.2025389671
0.2636108994
0.0984708443
-0.5386632681
0.0725835860
-0.5099314451
0.5336628556
-0.6452324986
0.4784784019
-1.4563893080
0.2150880694
-0.1130740866
-0.7813062668
-0.6148852110
-0.5741753578
-0.6052350402
1.0230100155
-0.5651012659
-0.6086212397
0.2157125771
-0.2466776073
1.3668155670
2.0407381058
-0.3642346561
0.5145753622
-0.8825455904
-0.5567286611
-0.8075978160
0.3205079734
0.3698608279
-0.6014013290
0.6042838097
-0.2397285402
0.6991314888
1.2758388519
-0.7019551992
0.6790754795
-0.2670072317
-0.6244577765
-0.4052501321
-0.5560208559
0.7673410177
-0.1517334878
1.1848692894
0.6632978320
1.0170954466
0.4363927841
-0.7715051770
-0.4927501380
0.8154576421
0.3905649781
0.6964824200
-0.2685986757
-0.1020161510
0.9662822485
0.0055498332
-0.3854672611
0.5548366904
-0.9295778871
-0.1828971356
0.1615614742
-0.9455429316
-0.7934778333
-0.3976699114
-1.5379483700
-0.0418701917
-0.1794339567
-0.5097427368
0.2790432572
0.5427492261
-0.6323578358
0.3151777983
-0.8836732507
-0.0748614594
0.8087531328
-0.0664412230
0.0799511746
0.6546698213
0.1837961972
-0.0179294217
0.3600697219
0.3404662013
-0.9059873819
0.3041211963
0.5267336965
-0.1542626768
-0.0127678830
-0.0278319605
0.3640504777
0.0183127187
0.4420041442
-0.2821265459
0.2429688871
-0.1084977463
0.0998474509
0.5687289238
-0.4247418344
-0.0526239648
-0.0340088457
0.3668723404
-0.6491116881
-0.1976751089
-0.4017191231
-0.4034185708
-0.0436877087
0.3967005610
0.1461095214
-0.1273802221
0.0965558067
0.1546240598
0.7966082692
-0.0838310197
-0.4030104578
0.5644792914
-0.1438150704
-0.1094419882
0.3617485762
-0.0453440361
-0.2642863989
0.4947556257
-0.7709451318
-0.2163154334
-0.4008122683
0.0609883815
0.6074461341
0.1256936342
-1.3187049627
-0.0376083478
-0.0367177762
-0.0477009788
0.1135149524
0.2077528685
-0.6960855126
-0.0040216101
0.0511479601
-0.1807230264
0.0641451702
0.0023938143
0.1835043728
-0.1704401225
-0.0213435180
0.1559246331
0.1311517954
0.1452834010
0.3081757128
0.3768170774
-0.6799026728
0.1990395784
0.1721180528
-0.1325163543
-0.2891644239
-0.3178730309
0.1648228168
-0.2447633892
0.7053501606
-0.0228593051
0.2874011397
-0.0198069308
0.0745614916
1.0524908304
-0.0170904864
-0.5563080907
-0.2712501585
0.0958621800
-0.9109522104
-0.1438917965
-0.1525767446
0.1013260782
0.2534106970
0.1394157559
0.1122205034
0.1083904132
-0.0148902014
0.0061018909
0.7913562655
-0.0889475048
-0.0123695964
0.3426873088
0.1760629863
0.1235871613
0.3619974256
-0.3893908858
-0.1194855645
0.0774480626
-0.7451452017
-0.4510636926
-0.0806891546
0.0616304465
0.3631373346
0.2447633743
-1.3110061884
0.1946145445
-0.3708271980
-0.3051867485
0.1938460469
0.3427080512
-0.3223558664
-0.2125418037
0.2856870890
-0.0380957313
0.0066702440
0.1294114888
-0.2063476592
-0.3414905071
-0.2032810599
0.2513529956
-0.2207638621
0.3384878635
0.2916930616
0.1977767646
-0.7763061523
0.0940180495
0.2141728103
-0.2531648278
-0.1468014717
0.1225779131
0.1031112671
-0.0034918825
0.6730353236
-0.0532849208
-0.3214023411
-0.1473747641
-0.1749353111
0.4405980408
0.0046332139
-0.6467961073
-0.2442502677
0.0985502452
-1.2397315502
0.0840464756
-0.1709418744
0.2002903521
0.3775506020
-0.1633662581
-0.0439759269
-0.1183923185
-0.0058911112
-0.3296387792
0.1425413638
-0.0908593535
-0.3583265245
0.0429661013
0.2996941507
0.0507316180
0.4508003891
-0.1375867426
-0.2708605826
0.1396273375
-0.4030449688
-0.4256525636
-0.2056922466
-0.1183157340
0.3544747829
0.2983517349
-1.7935423851
0.4418723583
-0.6751551628
0.2861688733
-0.3966197670
-0.6550987363
-0.0265469868
-0.1034845933
-0.5757572055
0.0767356977
0.0930009186
-0.0107739083
-0.5564360023
-0.0915121809
-0.0477244444
0.2828152776
0.2722333670
-0.2690066993
0.4539262950
0.0870335847
-0.2893856168
-0.1086721122
0.1519228667
-0.0421923697
-0.2523672581
-0.5715079904
0.2070122361
0.0843268037
1.0491086245
0.2105849981
-0.1955487281
-0.0904112831
-0.2245271951
0.1892347187
0.6342180967
-0.4214285314
-0.3402521610
0.4366088212
-1.6512310505
0.0055724434
-0.0084642842
0.4768728316
0.3483124971
-0.1347743124
-0.1476868689
-0.2069442570
0.0858266652
-0.3091268539
0.0912408456
0.1300220042
-0.6350691319
-0.0618389770
0.2318807691
-0.2027033567
0.7631632090
-0.0531593896
-0.0245200563
-0.2394993007
-0.5665829778
-0.4241840541
-0.0182415061
-0.0179365519
0.1424369365
0.1007410437
-1.1209806204
0.2487466335
-0.0225563869
-0.5171369910
-0.3538227081
-0.0907040983
-0.2291342020
0.0737805888
0.5680519342
-0.3733558059
0.2158839107
0.0814482868
-0.4370155334
-0.2180944085
-0.4177070558
0.3545400500
0.4122488201
-0.3264076412
0.1294530928
-0.0387815684
0.0511970855
-0.3484142125
0.1303174943
-0.1616132110
-0.1846956313
0.0901510119
0.3342459500
0.2428873926
0.8307011724
-0.1802822948
0.0502495430
0.3343555629
0.4771431684
0.0847835541
0.6172843575
-0.0078608422
-0.1774818748
0.3953792453
-1.5093710423
-0.6287239790
0.2138120681
0.4717234969
0.3650226593
0.0518253520
0.0558016486
-0.1034922972
-0.1368974447
0.2655169070
0.1071172953
0.2145089805
-0.5340211391
-0.0284291562
0.0957309157
-0.1667467356
0.4866152108
0.0572892278
-0.2714864612
0.5910450816
-0.7066190243
-0.1277041733
-0.1256279051
0.1499732733
0.1943751574
-0.2969749272
-1.1624270678
-0.4399602115
-0.4001730978
-0.3050849736
-0.0703067482
-0.2088913172
-0.0568597764
-0.0821322650
0.2775059342
-0.1349713057
-0.4679582715
-0.1115173027
-0.4621108770
-0.7468997240
-0.0378928632
0.2193716317
-0.5248610973
0.1800985783
0.6707416773
-0.4099127948
-0.4620264769
-0.2422639877
0.4286971092
0.0594123155
-0.6442940235
-0.8405214548
0.2371862680
-0.3294264674
0.5096416473
0.3091256917
-0.3605540395
-0.0219453704
-0.0634564534
0.6097383499
0.1368494630
0.0770221949
0.5970333219
0.2731240392
-1.2061996460
0.1151995361
-0.2864515781
0.1287042201
0.0685149133
0.1557985842
-0.0425512493
0.3021846414
-0.0814240798
-0.2782059610
0.4391563833
-0.1156485006
-0.5392196774
0.6013634205
0.2715317607
0.3449072540
1.1023868322
-0.3879783750
0.2483630031
-0.3560261726
-0.9398362637
0.2842310369
-0.5751669407
0.1354473978
0.0912983567
0.5081881881
-0.5254588127
0.0538438968
-0.1203008518
0.2091470957
-0.1338675767
-0.1553708464
-0.4639831483
-0.0800529495
0.1696762294
-0.0139235202
-0.0351619087
0.2108205408
0.3808872402
-0.3862728477
0.3932152689
0.2234989405
-0.1382709593
0.1797051579
-0.0642852634
0.1816730946
-0.3273772299
0.3562374115
0.8199062943
-0.3783549666
-0.0863633677
-0.4551716447
0.3330944479
0.4631823599
0.8895970583
0.1426326334
0.2072643638
0.0430206843
0.0755914077
0.4751293063
-0.3847182393
-0.0394258089
-0.3061271310
0.4886234999
-1.1246479750
-0.0910170004
-0.1338817328
-0.2303406298
-0.2255573869
-0.2314395010
-0.2892879248
-0.0402656011
-0.0869446918
-0.3382053673
0.5083686709
-0.0698200986
-0.0234507509
0.4152363539
-0.1118846461
-0.3621989489
0.7049379349
-0.3094318211
0.2131119668
-0.1282228529
-0.6830554605
-0.5459334850
-0.5556466579
0.5004814863
0.1151126176
0.3040652871
-1.0548540354
-0.0769383833
-0.3851469159
0.0311046820
0.1341918409
0.1912334859
-0.5397989750
-0.2565010190
-0.4802377820
-0.0581151098
0.1815191656
0.2564028203
0.2827048600
-0.1000990272
0.1156311780
0.3906454742
-0.1939316541
-0.0658466443
0.2305728495
0.2847250998
-0.6852407455
-0.0171864666
-0.4388750494
-0.0860037133
0.4300620854
-0.1953145415
0.3474494219
0.4901210964
0.5252436399
-0.1952471584
-0.1739949584
0.2844521403
0.0894788802
0.4937446713
-0.8110520840
-0.3106376529
0.4787522554
0.4899147749
-0.4973087013
0.2601557374
0.2681451440
-0.1565672457
-0.1845318228
0.3699677885
-0.2359535247
-0.2187721133
-0.1524401307
-0.3984410167
0.0548663288
-0.1220603809
-0.7322583199
1.0341666937
0.0671221018
-0.3257222176
1.1130030155
0.1918418407
0.1397451758
0.3963059783
-0.5560207963
-0.3535338640
-0.8187593818
-0.0649056137
0.0598641746
0.0427447744
-0.6866253018
-0.1531338394
-0.1193124428
0.0925429165
0.2003072649
0.4271455407
0.1734599769
-0.3260760605
0.0001570771
0.2916148007
0.4716502130
0.4229851663
-0.0421811603
-0.1096431613
-0.0987330228
0.2543642521
-0.3022470772
0.0370134301
-0.2780764997
0.2792189717
-0.6460741162
-0.2403838634
-0.0830803812
-0.3694998026
0.0045291777
-0.3292447925
0.1225679889
0.2407952249
0.3622164428
0.3136363328
-0.4478648901
0.1647213250
-0.1822212487
0.7472036481
-0.0833690241
-0.1554109454
-0.0921975002
0.2662689984
-0.7902759910
0.5908402801
0.5032257438
-0.0548274554
-0.0744756311
-0.2044908702
-0.0902559981
0.3316667676
0.3358795643
0.2118649185
-0.1651418954
-0.2213828564
-0.8624883890
0.4269573689
0.2703814209
0.2822125256
0.7276086211
-0.4027624130
-0.0455364250
0.1345455647
-0.5653052926
-0.1356515735
-0.7198379040
-0.3272916377
-0.2911599576
0.1358781606
-0.7499061227
0.0251139738
-0.1650390774
-0.3072446585
-0.0188620687
0.1808611602
-0.5398194194
0.1884878874
-0.3576803505
0.2443303019
-0.1900290400
0.2476068288
-0.1452283412
-0.5245666504
-0.2981987298
0.3754952252
0.1048614755
-0.0425360724
-0.2116337866
-0.0467882641
0.0038976383
-0.1350566596
-0.2051701695
-0.6920461655
0.4072436988
0.2647989988
-0.1143112332
0.1055458039
0.6757887006
-0.0046099783
-0.5588625073
0.3715707958
0.5309450626
0.8201330900
-0.3224733472
0.2904077172
-0.0879048556
0.1207886711
-0.7015992999
0.1285627782
0.0776398703
-0.1612347513
-0.4134857357
-0.4669234455
0.4280281365
-0.4728031158
0.0259264167
0.0785641596
-0.2395042330
-0.0298579019
-0.4269010127
0.2520625591
-0.2730418444
-0.3250881433
0.9727066755
-0.6315286160
0.5019196272
0.2127728760
-0.3464007974
-0.2463642806
-1.0721886158
-0.3220851421
0.3177845478
0.1478169858
-0.7951278687
-0.1229929775
-0.0880623460
-0.0035491551
0.0573092699
0.4262397885
-0.0117661767
-0.1401853561
-0.0100806495
0.2150290161
0.1080151647
-0.0881805941
0.2773277462
-0.2275069356
0.0515764989
-0.0407244153
-0.6710703969
-0.0074790553
-0.2893469036
0.4188712835
0.2993493378
-0.2876255512
-0.3447950184
-0.5117366910
0.6311140060
0.4814221561
-0.2516204417
0.1587766558
0.7105203867
-0.0857472718
-0.7941524982
0.4698928595
0.4442788959
0.6535383463
-0.2228628993
-0.1468715668
-0.2458155304
0.3137309849
-0.5819894075
0.0982902721
0.7571141720
-0.4052424431
-0.3514370322
-0.3803776205
0.2813891172
-0.0966731906
0.3576929271
0.0770642906
-0.1065290272
-0.3655056953
-0.9736546874
0.2962266505
-0.3439286351
-0.2000647336
0.5207011700
-0.0113265486
0.3375300467
0.4595628083
-0.5054688454
0.3501249850
-0.9145853519
-0.4094120562
0.3478735983
0.0908333808
-0.3998452425
-0.3147142231
-0.1551317424
0.2195569575
-0.1145339683
0.6014035344
0.0294032209
-0.1621605307
-0.5626799464
-0.1780562997
-0.1022454351
-0.1896891594
0.1549969167
-0.3021410108
-0.0831740946
0.4722165465
-0.5324552059
-0.0667493492
-0.2581027150
0.2001979202
-0.1640837789
-0.5441500545
-0.0160898268
-0.0508323200
0.6293890476
0.3575798571
-0.1914869994
-0.3149464726
0.6784918308
0.2747248113
-0.6336001754
0.2708684206
0.1259811521
0.8229763508
0.0664440766
0.0817684680
-0.1646912694
0.6297310591
-0.8748943210
0.5715944171
-0.2309126556
-0.3342690170
-0.5846657157
-0.2388957590
-0.1304259449
-0.1092612743
0.3917152882
-0.3881622255
-0.1466469914
-0.2234751433
-0.6346119642
0.0500246957
-0.2363006473
-0.2233250439
0.9000360370
0.0454321802
0.2475714982
-0.1301357299
-0.1826997399
-0.3567702472
-0.9460599422
-0.5193233490
-0.2244689912
0.0200725161
-0.0276545528
-0.4954247177
0.0308541935
0.1597199142
0.0454077572
1.1729857922
-0.4125915766
-0.0407707468
-0.6821010709
0.1646315008
-0.2872872353
-0.0592068136
0.0672951490
-0.0291233398
-0.6328201294
-0.5328158140
-0.6459155083
-0.2546202242
0.1344999075
-0.8608111143
0.5099600554
0.3490189016
-0.4344567358
-0.4033989310
1.1032084227
0.6810787916
0.4964819849
0.2879355550
0.3317224085
-0.1366512626
-1.0039174557
-0.1307654381
-1.0735958815
0.0441565551
0.2092821449
-0.4675236642
-0.7916247249
0.1932372302
-1.3858757019
-0.4077058136
-0.1251745075
0.4186311364
0.6214537621
-0.4768438637
-0.1693375111
0.1905172169
0.4243409634
0.4730129242
-1.3337435722
-0.5798477530
-0.1849136651
-0.9072915316
-0.3498750329
-0.4651411176
-0.2024813592
0.0094592636
-0.1810779124
0.2498084456
-0.4224754274
0.6589868069
-1.1930696964
-0.0878212899
-0.1305603534
-0.3152571023
0.3290046155
-0.7025820613
-0.0053370497
-0.0682679489
0.0030879395
0.6885271072
-0.5816131830
0.4039019644
-0.2079304904
0.0479342788
-0.4620749056
0.0995930955
0.1225512251
-0.1245449409
-0.1187286079
-0.6418378949
-0.4013487399
-0.4701451659
0.3093521595
-1.0482831001
1.2971602678
-0.3367262781
-0.5241157413
-0.6352330446
1.0941793919
0.9536487460
0.0364154242
-0.1183827966
0.1376045942
0.4272421896
-1.1076792479
1.1154514551
-0.5617974997
0.1078199819
0.0917905644
-0.6109898686
-0.3419435322
-0.0335192941
-1.3650432825
-0.0587111004
0.6784588099
0.7489884496
0.2716203034
-0.2262595445
0.2638832629
0.1976637989
0.3283054233
-0.0593729168
-0.9803482294
-0.4262203574
-0.3873648047
-0.4427073002
0.0676699653
0.2912909389
0.4580993056
-0.4533190131
0.5280792713
0.2369550467
0.2706536055
0.8756765127
-1.3534343243
0.2578293085
0.5344803929
-0.2264699042
0.8349834085
-0.3018156290
-0.6526127458
0.3793760836
0.2139661908
0.6028594375
-0.3446673751
0.2336815447
0.2853505015
-0.3722556829
0.5727981925
-0.2630290389
0.2858733535
0.4822960198
-0.1372399777
0.4154128432
-0.3707046807
-0.0667506382
-0.2596755028
-0.3468566537
1.3137165308
-0.0709443092
-0.1698773205
0.1908315271
0.7746209502
0.7929565310
-0.1095749289
-0.1765681803
0.6587454677
0.2155512273
-0.7172912955
0.3938564360
0.3859929740
0.4309193790
0.1277707517
-0.6248853803
-0.1041771397
0.4391679168
-1.2083311081
0.1443088949
-0.3040216565
-0.0856646523
0.0372559056
-0.6020005345
0.0182393324
-0.5693524480
0.1221680567
-0.0706328303
-1.2983307838
-0.0995251983
-0.5967338681
0.1531964988
0.2254167050
-0.2709724605
0.7914022803
0.0304256994
0.1316939592
-0.0465610325
-0.0738530234
-0.3764868379
-1.2739810944
0.3097730577
0.0353086852
-0.4656374454
0.4701040983
-0.5637472272
-0.0209257789
0.6703981161
0.1054585874
0.9365774989
-0.4573261738
-0.3451519310
-0.3197002411
0.3242630064
-0.8663929701
-0.2633063793
0.2945449352
-0.1613031477
0.1399674863
-0.1595721394
-0.0417522341
-0.3208285868
0.0963095725
-0.1668679416
1.0749555826
-0.2544480860
0.0011698132
-0.0110665960
0.8213898540
0.7888590693
-0.0864312053
0.4564460814
0.3552665412
-0.0248238984
-0.9587932229
0.6393938065
0.2241300046
0.4527193904
0.0413680673
0.5241761208
-0.7917641401
0.2631825805
-1.3267031908
0.5902574062
0.2277519256
0.3739354312
-0.2204344720
-0.1116898581
-0.3980344236
-0.1947544515
-0.0831925943
0.0740071982
-0.6376656890
-0.3597504795
-0.6131433249
-0.3010560870
0.1930042654
-0.3771786988
0.7410277724
0.0625819787
0.1452977657
-0.1875904649
0.0419146083
0.5001447201
-1.0983475447
-0.2825295031
0.2950397730
-0.5670035481
0.0660960600
-0.4214709997
-0.6369105577
0.2376654148
0.5399227738
0.4561830163
-0.0503531694
0.1233962625
0.5591639280
0.0376402475
-0.8420337439
-0.1629088223
0.1725836396
0.2506673038
-0.1664455235
-0.1318105161
-0.3556716144
-0.0054870099
0.4373156428
-0.6714125872
0.1743668914
-0.2054855525
-0.2586170733
-0.6416289806
0.5203913450
0.3434519470
-0.3466858566
-0.1658913642
0.1765720248
0.4891382754
-0.7097769976
0.5792843103
-0.3687376678
0.4108013511
0.2232646644
0.0644015968
-0.8094654679
-0.1166433543
-1.4096156359
0.0337444581
0.5045277476
0.3678055704
-0.1864202917
-0.0958941728
-0.1194057837
-0.5032853484
-0.2254345864
-0.3476880193
-0.8582986593
-0.6363055706
-0.2944128215
0.0930771306
-0.0554174148
-0.0442957915
0.3495618105
0.3262017071
0.4754436910
-0.4993214905
-0.3126060665
-0.1851432025
-0.6563399434
-0.1502772719
-0.1334700286
-0.0196916144
0.0727372169
-0.2365175635
-0.6325874925
0.2611904740
0.0932747349
0.9367657900
-0.0984497592
-0.1279328614
0.8514260054
-0.3301914632
-0.5100600719
0.3593750298
0.2458146214
0.2728230953
-0.2238656580
-0.3347151577
-0.2816353738
0.1474509537
0.5266794562
0.3794575036
-0.2743235528
-0.6172442436
0.3370426297
-0.0392113812
-0.0534921363
-0.3408432007
0.2530985177
-0.2406178713
-0.0494544655
0.4731689394
-0.7201219797
0.0658838749
-0.1917373687
0.7109422088
0.2297564894
-0.2591275871
-0.2583442330
-0.0784617513
-1.2335630655
0.2125750482
0.1093670353
-0.0183304120
-0.3275288939
-0.6476448178
0.1291139275
-0.1807763278
-0.0560877360
-0.4518302679
-0.4772061408
-0.7771260142
-0.1920973659
-0.2218780667
-0.4546209872
-0.1088552773
0.6210737824
0.2012801468
0.5393977761
-0.3497126698
-0.4646195173
-0.3772828281
-0.5234919190
0.0258470383
0.2735905945
0.3498137295
-0.2184891105
-0.2836360633
-0.1972388327
0.0553832613
0.1320813298
1.2664890289
-0.1992238164
-0.5079267025
0.5697766542
-0.4597065151
0.1176051870
-0.0427914709
0.2799172103
-0.2442221940
0.0133439191
-0.6580038667
-0.1912956387
0.4859148562
0.4557934999
-0.0798805133
-0.6263623238
0.3446136117
0.2659684718
-0.0080593256
0.2633436620
0.1229021624
-0.1263113171
-0.0565242693
-0.0952081159
0.3267334998
-0.6264209747
0.2342879921
0.1236570850
0.4931151569
0.1570227295
0.2153539062
-0.5668920279
0.0096096490
-1.5725368261
-0.1340930611
-0.0441305414
-0.1899909228
-0.1784504652
-0.5926468372
-0.2238485366
-0.1422493607
0.4475548863
-0.0678443238
0.0979094133
-0.1204174832
-0.6697686315
-0.2436733693
-0.2416073829
-0.2618031204
0.1224123836
-0.2598532736
-0.3979515731
0.0449204743
-0.3224132359
-0.1001888365
-0.6306211948
0.3245478570
0.0754454806
0.0912461057
0.0542267822
-0.1151123196
-0.2405307144
0.4748429954
0.6654480100
0.7222546935
-0.4192447960
-0.6678900123
0.1862712801
0.0994067490
0.0546474271
0.2643460035
-0.2515798211
-0.0116421767
-0.0370537229
0.6030967832
-0.3704119623
0.4306590855
-0.1772346646
0.5676999092
0.7043375969
0.2011495084
-0.1343057603
-0.2031501383
-0.0516621508
-0.0352744572
-0.3763054311
0.6754310131
0.7273947597
0.2494811863
-0.9615455270
0.0277924873
0.3194431365
0.4581741393
-0.0794852525
-0.5990520120
-0.0980755165
0.1862439513
-1.2102757692
0.2320115268
0.3161311150
0.2645204663
0.0254742913
-0.3806740046
-0.7717374563
0.0246876664
0.3194432259
0.2905440629
-0.3004513681
0.0500148050
-0.8419014215
0.2928026915
0.1635459512
-0.1635499299
0.6551047564
0.1200928465
0.1001770943
0.3923214674
-0.4678700566
-0.2414034009
-0.2364270538
0.0691271126
0.3014501333
-0.2618620098
-0.8926727176
-0.4761025012
-0.6112170815
0.3045710623
0.2794646919
-0.2324790359
-0.0086354995
-0.0721423179
-0.3433053195
0.0687009692
-0.3344190121
-0.2168828100
-0.1180066690
0.2280958742
-0.1395144612
0.0196527299
-0.0661975816
-0.2624239922
-0.1504567564
0.2215915769
-0.3332023621
-0.1348999441
-0.1382300407
-0.2235229015
0.5258868337
0.0717409104
-0.3029451668
-0.1074776500
0.7052993774
0.3717173934
-0.3611053824
0.2094890177
0.4676086903
-0.1545196474
-0.2029256374
-0.7107926011
0.5328581929
0.4341246784
-1.1085989475
0.4753433466
0.0560199358
0.6863923669
-0.5230590701
-0.8777248859
0.3573897779
0.0415508710
-0.1713354290
0.0799877420
-0.0927550867
-0.6186863184
-0.5051388741
0.0878816471
0.3544923961
-0.2698534131
0.4456326067
0.2833938897
0.3392937183
-0.0427893847
-0.5028035045
-0.7030450702
-0.7798253298
-0.1990362108
-0.5367276669
-0.1042855829
-0.3455785215
-0.2586883307
-0.6007316113
0.4999158978
0.0204688441
0.6585045457
-0.3767820299
0.2661704719
0.5612384081
-0.2188196182
-0.6113669872
-0.4057520032
0.1042512432
-0.5601604581
0.2006170303
0.3369526565
-0.4128464162
0.0603919439
0.0251902584
0.3457283974
-0.1765390933
-0.0438109115
0.4505690336
0.1002611816
-0.2954702973
-0.2930714786
0.2659589648
-0.2963194847
0.5447122455
-0.1298245043
-0.9061155319
0.5890548825
-0.0760504827
0.1017016768
-0.3867171109
-0.7250434756
-0.3925822079
0.1167482063
-1.3151862621
-0.2451839596
0.1398547292
0.1782615334
0.2125011384
0.1946644485
0.0173622929
-0.0351099856
0.0704247281
0.1375690848
0.1077961475
-0.0419901274
-0.4833237231
0.8676623106
0.1010420099
-0.1491916180
0.4754305184
-0.0327573195
0.1438394189
0.2156555206
-0.3085174263
0.2271888852
-0.2674073875
-0.0889973938
0.4586035609
0.1496797949
-0.8618934751
0.2622892261
-0.6409532428
0.1801915020
-0.1467282772
0.1983593702
-0.5117964149
0.1276221424
-0.0641601160
0.5888080001
-0.2577809393
0.0547813922
0.1350210309
-0.4356133640
-0.2969187200
0.0346787535
0.6202759147
0.1727876514
-0.5650592446
0.2929821610
0.3481748700
-0.4074684978
-0.3195023239
-0.3602581322
0.2210285217
0.2541855872
-0.1824004650
0.1736361682
0.8589562178
0.5291555524
-0.4672614932
0.2324518412
0.0340303071
0.4698132277
-0.6826672554
-0.1290069520
-0.3745551705
0.5151936412
-0.9534044266
-0.2008760273
-0.2334341556
0.3911363184
-0.0483258888
-0.0363132842
0.4516991079
0.1557220072
0.1453263313
0.1014438719
-0.3809525371
0.2215398252
-0.8655738831
0.5706803203
0.3629485071
-0.3453334868
0.1292020828
-0.3992829919
-0.1315514147
0.4983892739
-0.4323523641
-0.2774153054
-0.4684066176
-0.1975674182
0.4528928101
-0.0732005909
-0.7619590163
0.1873025596
-0.5684428215
0.0318456516
-0.0193451960
0.2922494113
0.3274202943
0.2442194223
-0.1618106067
-0.1996559501
-0.3382885456
-0.2334891707
0.1268900633
-0.3628877401
-0.3583627343
0.0474494994
0.0310989805
-0.0685161352
-0.1005788222
0.5567122698
-0.0964594260
-0.0328519829
-0.3395827115
-0.0226722229
0.0558874942
-0.0858991966
-0.9124518633
-0.1090568379
0.5114366412
0.1047789454
-0.1308750063
0.2318431437
0.2138202488
0.4221920073
0.0258218180
-0.3163965344
-0.0091003692
0.3635977209
-0.5698905587
0.4172649980
-0.4685482979
-0.2108549029
0.0009863939
-0.6381215453
0.3372729421
-0.1194867343
0.2115361989
0.2616083324
0.2761159241
-0.0393375382
-0.6399376988
0.4349054694
-0.1391143501
-0.0630825907
0.6041987538
-0.0311202202
0.1907871068
0.3798077404
-0.6856925488
-1.1748386621
-0.9161210656
-0.0272719283
-0.0963666961
-0.0747410879
-0.9060830474
0.0147510674
0.1419158429
0.2880083919
0.1449815035
0.1883492619
-0.0662545785
0.0735908523
-0.4359228611
0.4282403588
-0.1843559295
-0.2341648042
0.1205991358
-0.8894360065
-0.2406811267
0.4068039954
0.1901082695
0.0861110762
0.2300041616
0.3924103081
-1.3283969164
0.1688209176
0.0769939572
0.1355970055
-0.0464421287
0.2059863508
-0.4106925428
0.2279297113
0.5257624388
-0.0669827536
-0.1968719363
-0.2225740850
-0.1831773669
0.5281528831
-0.1880493909
-0.4110332131
0.0698184296
0.2463301867
-0.4456321895
-0.3542803824
-0.5302758217
0.2884787023
0.1928275824
-0.4630202353
0.1289655715
-0.7627067566
-0.7027844191
-0.0954801515
0.2776218355
-0.5080521703
-0.4540954232
0.4375650883
0.2089797258
-0.3680389225
0.2971013486
-0.0652764291
0.5950321555
-0.2147843242
-0.9578567147
0.2704229057
-1.1242922544
-0.0900939628
-0.1107639372
0.0955160335
-0.6240540743
-0.2742066383
0.2475091517
-0.2090836018
0.0487304553
0.5371674299
-0.1243073791
-0.2146520466
0.4301482141
0.2812221646
-0.1023953184
0.0121130170
0.0351125039
-0.4316893518
-0.3178960681
0.2866801620
-0.2446242422
0.1444716752
0.0767213777
0.4869830310
-0.2900336087
-0.8207442760
-0.1016928032
0.1222777888
-0.1869131774
0.3183294535
0.0400427356
-0.0868383646
0.6054120064
-0.2379917502
-0.7269377112
0.0632625371
0.1343004853
0.4602593780
-0.0716556013
-0.3395104408
0.0126587823
0.1543162614
-0.8265208006
0.3262498677
0.3475217223
-0.0052130888
-0.2709007859
-0.1558683813
-0.0159256309
-0.4163931310
-0.2141461372
0.4774518609
0.6986663342
-0.2940902710
-0.7576842308
0.4737897217
-0.2541809678
0.0756225809
0.6674385667
0.1899841577
-0.2922725379
0.0961879194
-0.4221803844
0.2347127199
-0.6055542231
0.0967957526
-0.0547641926
-0.2465985566
-1.2762712240
-0.4036566019
0.0860632882
0.3168050349
-0.0585997663
-0.2572653592
0.0485247485
-0.0514258891
-0.3777120411
0.1267663091
-0.3433610499
-0.0974615291
0.0688659474
-0.5893473029
-0.0058994293
0.6113142967
0.1625849754
-0.0583914965
-0.3492614627
0.4377979934
-0.1429380476
0.6102617979
-0.1174649000
-0.1668352187
-0.1558744162
0.9448842406
0.2724014819
0.2872840762
0.2970136702
-0.0888368115
-0.1169498414
0.5999560356
0.3849624991
0.1654370725
-0.2194246799
-0.3046598434
-0.0729445890
0.6871992350
-0.4543546140
0.0731670633
-0.3026178181
-0.5144290924
-0.2811353803
0.1339533329
0.4777782857
-0.1754110903
0.2876060903
-0.0767609477
-0.0293464419
-0.5086654425
-0.5149582028
0.1210291982
0.0089591816
0.1747550368
0.8948362470
0.1615868062
0.0105408551
0.3727790415
-0.5323128700
-0.4156307876
-0.8009866476
-0.3009904325
0.3482303619
0.0210973173
-1.1506782770
-0.6805508733
-0.2961613238
0.3474578857
-0.2224391848
0.0401593335
-0.0016029788
-0.4595146179
-0.0576716177
-0.2885049284
-0.5942561030
-0.0624908730
0.3276709020
-0.6573020816
0.0385690928
-0.2388043404
-0.8298532963
0.2345988005
0.6466597319
-0.0882425085
-0.2510483861
0.0287547950
-0.1166690290
0.1389212459
0.0102616595
0.4988359511
-0.2524736822
-0.3035012782
0.4273967743
0.8855184913
-0.2299085706
0.4948132038
-0.1959863305
0.4926975965
0.3337361515
-0.1245834008
0.1874023527
0.3182672262
-0.8861520886
0.4221150279
-0.0405125618
-0.3498052955
-0.5347142220
-0.0863215029
0.1808920354
-0.2849543393
-0.1556612998
-0.5000741482
0.4520944059
0.0002718731
-0.3376016021
0.4631717503
-0.0544638969
0.4281334281
0.6984177828
-0.2322087288
0.4798818231
0.2520988882
-0.7406696677
-0.0400168784
-0.5116636157
-0.5990762711
-0.3740176558
-0.0344494097
-0.9241899252
0.3485002816
-0.8533901572
-0.0541943349
-0.2450187802
0.1938375980
-0.2162681520
0.2471426278
0.0147734322
-0.1566731185
0.2655884922
0.2910726070
-0.0036574679
-0.4971918762
0.0383650698
0.3161652088
-0.1116254106
-0.0734190866
0.0519678928
0.6266359091
-0.6219753623
0.0854939371
-0.1196722761
-0.1827468723
-0.4146202505
0.2922748327
0.3112118542
-0.5820856690
0.8385658860
-0.1643836796
-0.6495500803
0.6535379291
0.2106099427
0.0824964941
-0.4578119516
-1.0127835274
-0.0469779670
-0.2574443817
-0.6350593567
0.6814217567
-0.1708205193
-0.0128187258
0.1536686569
-0.0236029588
0.5706315041
-0.3526607752
0.5982342958
0.0149056045
0.9015594125
-0.1361701339
-0.8386678696
0.5613356233
-0.1597949862
0.0363971777
0.4042960703
-0.1435012221
-0.1224576756
0.1950584501
-0.5245334506
-0.0156897120
-0.5092700720
-0.1323260963
-0.0099660642
0.2242195457
-0.9478843808
-0.6420439482
-0.0995930508
0.7072885633
-0.5291888714
0.2268166840
-0.0521725044
-0.2671444416
-0.3222019374
0.0702546909
0.2765117288
-0.7354648709
0.0035291330
-0.3802711070
0.3538027406
0.1670485139
-0.3559637368
0.2607683837
-0.0219884999
0.0142686777
-0.6213039160
0.0507965684
-0.1621235758
-0.6861559153
0.1951619834
0.4606528282
-0.1240475401
-0.0472176634
0.9261441231
0.1580440104
-0.6534094214
0.1263464242
0.2421027571
0.7428654432
-0.0474391505
-0.8686931729
0.2152449191
-0.1505489945
-1.1851600409
0.0706151426
0.3351210058
0.4799772501
-0.1891434640
-0.2789788842
0.9561472535
-0.3735216856
-0.5296803713
-0.2256807387
0.5728294253
-0.2756678462
-0.1875971407
0.4663536549
0.1432485431
-0.0281676836
0.3188688755
0.2943700552
-0.1929807961
0.0469275154
-0.3476415277
-0.3615617156
-0.3523876965
-0.1236516908
-0.2584920526
-0.0250129979
-0.9895440340
-0.1712353677
-0.7039035559
0.7756815553
-0.0903223827
-0.0022337837
-0.0302365441
-0.3271485269
-0.0762654766
-0.3176819086
0.0174878296
0.4090921283
-0.3131483793
0.2744816542
-0.2191419303
0.0516879484
-0.0152878854
0.3235435188
0.1079673469
0.3732419908
-0.8627504110
0.1077072397
-0.0185546074
-0.6815261245
0.0868190601
0.2960683703
-0.3313761652
-0.2596030831
0.9212330580
-0.1667502970
-0.3094340861
0.2007673979
0.0515081845
0.1665639579
0.0198486615
-0.5226294398
-0.1749988049
0.6811540127
-0.7362977266
0.1520101577
0.4036625028
0.0738862604
0.4812948704
0.0465669148
0.3054630458
0.1545561850
-0.0859651044
-0.5853649974
0.7395379543
-0.1825824082
-0.7073548436
0.4254380763
-0.2485850751
-0.4460461736
-0.0103129260
-0.0092201140
-0.1928713024
0.2069165558
-0.4569291770
-0.1546558142
-0.1772965491
0.1201403514
0.2043398917
-0.0733761638
-0.9316976666
0.0501586795
-0.6942418218
0.4438435137
0.0872339830
0.0700369850
-0.3076438606
0.0366350152
0.3937700689
-0.0308587048
-0.6934002042
0.0455493666
-0.3965962231
-0.1443708688
0.4403610826
0.4418743849
-0.2810021043
-0.2626922727
-0.2483765781
0.3289251328
0.3627254069
0.1151916161
0.4811534882
-0.6893776655
-0.0236469358
-0.1427938491
0.0081643108
0.2584353685
0.8045648932
0.6321605444
-0.4634898007
0.7960759401
0.5134441853
-0.1628361642
-0.0045436388
-0.5824675560
-0.6503624320
0.1807055920
-1.1744670868
0.4248985350
-0.0830361396
-0.0278976001
-0.0526072904
0.5070413947
-0.1786556691
-0.0834457576
0.5524420142
0.2326608449
0.6918926239
-0.4824356139
-0.8082605600
0.8130355477
0.3981209695
-0.1308050007
0.2127695829
-0.0428470261
-0.1109132543
0.6751237512
-0.2135192305
0.0540877618
0.0822398141
-0.1507202238
0.1048529521
-0.4950932562
-1.0413036346
0.4997965991
-0.1422717720
0.0424592048
-0.3982547522
0.3116344810
-0.3269863427
0.2042736709
-0.4903803468
-0.0613527857
-0.4541735649
-0.1705126613
-0.0281741098
-0.1731800884
0.3160299361
-0.0440630689
0.1990972906
0.0989477634
0.2001917660
0.1143729091
-0.7189037204
-0.2604156137
-0.1747766584
-0.4575606883
-0.0539356247
0.1971332580
-0.1019914299
-0.1994102597
0.2277815938
-0.1560201496
-0.1973476261
0.0413801111
0.2456546575
0.7781565189
0.2790581584
-0.2569876611
-0.0647924095
1.0392400026
-0.6549621224
0.6614539027
0.5301320553
-0.1159682721
-0.0603470057
-0.2444286942
0.1395989209
-0.0513539389
-0.0632438287
-0.6153343916
0.2464693636
0.2727237940
-0.8420604467
0.5178844333
-0.2380180806
0.1973215640
1.0986900330
-0.3806443810
0.0678109974
0.5569655895
0.0361543745
-0.5379329920
-0.2117454708
0.1663261205
0.0389888436
0.3738723993
-0.4845373034
-0.0556414947
-0.6803882718
-0.2570385933
0.2996700704
0.0485640951
0.0837181211
-0.8459962010
0.3748890162
-0.5198716521
-0.7244892120
0.4983571470
-0.9601914883
-0.0451579057
0.2512529790
-0.2556288540
0.0461701825
-0.3018121719
0.7560858130
0.2399391979
-0.4477385581
-0.4117544889
0.0503424741
-0.3437269628
-0.0612808727
0.0345911570
-0.0959849209
0.1760929525
-0.1512865722
0.0357613266
-0.4069454670
-0.3886821568
-0.1452078819
0.4605501294
-0.0646515340
0.2814822793
-0.6654974222
0.5623469353
-0.6951593757
0.0859883055
0.3510319591
-0.1263117045
-0.2079242170
0.0545840673
0.7687696815
-0.3255155981
0.1513866037
-0.0460852161
0.4903287292
-0.1784619689
-0.7735604048
0.4492885768
-0.1265755892
0.8690549731
0.8107467890
0.1208470836
0.3053642511
-0.5841739774
-0.5340991020
-0.4759504497
-0.7817677855
0.4151369929
-0.3438692093
-0.0042482275
-0.5308907032
0.3731375933
-0.4388016462
0.5882483125
-0.3558489680
-0.4903469384
-0.1478949934
0.0201571770
-0.2530500889
0.3153055012
-0.0959964097
0.1533140242
0.1010717303
-0.4776438773
0.3240499496
-0.2156948000
-0.1818618923
-0.3216781318
-0.0183268618
-0.2078049779
0.1409221292
-0.1109285429
-0.0343865007
0.0916202813
-0.4270758927
-0.2669934332
-0.0924127549
0.2627614737
0.5189179778
0.3981930315
-0.6485418677
0.5609014034
-0.0806131586
0.7046781182
-0.6996862292
0.0386426039
-0.0908090845
0.2830334604
-0.9885748029
0.2977012992
0.1679604501
-0.2265285105
0.0443036593
-0.4036311507
-0.1982337087
-0.4684197605
-0.5477724671
0.4393944144
-0.2652384937
-0.2069960535
-0.2170651406
-0.0946877301
0.1306241304
0.0242981259
0.5559058189
0.1943164319
-0.2987947464
-0.3775341213
-1.0064073801
0.1680243611
-1.0316116810
0.5118675828
-0.2671737075
-0.4982075095
-0.0998514593
0.0607733652
-0.1214984655
0.0461386703
-0.0162437763
-0.0730187669
-0.6286454201
0.0244811550
0.2464286387
0.0769259483
-0.0217658821
-0.6645507216
0.0456944443
-0.5597077012
-0.0826343372
0.3615814149
0.1148090065
-0.1349522471
-0.1706668139
0.6213498116
-0.3606587052
-0.7689193487
0.0183265731
-0.2762501538
0.0835938975
-0.3114251792
0.1185691282
0.3060919940
0.8139069676
-0.2092138976
0.0623429902
-0.4386018813
0.1521408111
0.7993180156
-0.2491584420
0.4455853105
0.1418616325
-0.6383509636
-0.7253863215
0.4489965439
0.2056076825
-0.1175575703
0.2853906453
-0.3546547592
-0.2634941339
-0.1947465539
-0.0065627005
-0.1995294839
0.5536759496
0.2739182115
0.0258454941
0.5945950150
-0.1387645602
-0.2370817810
0.7219379544
0.1314157993
0.0417355262
-0.3108275235
-0.8828335404
-0.6502004862
-0.9112724662
0.3700679243
-0.2006596178
-0.0253701638
-1.1177843809
0.0950384811
-0.7475637794
-0.2056774646
-0.0413449928
-0.5186204910
-0.3471615613
0.3790926337
0.0937420502
-0.1529958993
-0.0332867838
0.1387167573
0.2184856385
-0.5234106779
0.2344616801
0.7821240425
-0.1616789401
0.1984220892
0.1687286794
0.3266852498
-0.2552088499
0.0163464379
-0.4530637264
0.1696407646
0.2214546651
-0.5969931483
-0.0816726163
0.3868507445
0.8743264079
0.1041068882
-0.2109062821
-0.6080525517
0.6014153957
0.7377259135
0.2654081285
0.2936039567
0.1716282964
0.1418821812
-1.3348028660
-0.0428754725
0.5212439895
0.3200349808
0.1008240953
0.3236737251
-0.2752551138
0.0775188506
0.5082206130
0.3986306489
0.3073857129
0.0605367087
-0.4193787873
0.2235120684
-0.1247828230
-0.0766725242
0.4921046495
-0.1942533851
0.2146510929
0.5293099880
-0.1901589781
-0.2594155371
-0.3157691360
0.4914467633
-0.2245607078
0.4755111039
-0.9128177762
0.3063363731
0.0858322680
0.4699862003
0.0597055405
0.4748223722
-0.4327253699
-0.1375604570
0.1266737431
-0.0118665779
-0.1315612942
0.1077887490
0.1389131844
-0.5789672136
-0.0034074180
-0.0477222987
0.1134438440
0.2198321074
0.9475854635
0.0943740904
-0.5147880912
-0.1581916064
-0.2148281038
-0.0075970083
-0.6574177146
-0.3721790314
0.0338796638
-0.3439879119
0.9203883410
0.8326264024
-0.1013062447
0.1167740971
0.0033067125
0.5474455357
-0.2411519736
-0.6599062085
-0.0137119573
-0.1282454282
-1.0414534807
0.1068600863
-0.3074614406
0.8008274436
0.1126262546
0.1265189052
0.1583155245
-0.3165609539
-0.4810259342
0.4503582716
-0.1209809929
-0.4300286174
-0.2758959830
-0.1286312789
0.3268613219
0.1495204121
0.4164643586
-0.3895803988
0.1385978609
0.0404394828
-0.6875013709
-0.0744732693
-0.6286994815
-0.2818870842
-0.2706181407
0.0630453750
-0.7738355398
0.0606381074
-0.3280638456
0.0209096260
-0.2193658501
-0.1016637683
-0.6890144348
0.2930352092
0.3934963644
0.2635940909
0.7459936738
-0.7212108374
-0.4997865558
-0.7071772814
0.0797493085
0.4193245173
-0.2241432071
-0.1040711850
0.0532496050
0.6384845376
0.0924130157
0.0414122306
-0.1922881901
-0.6345425844
0.4301772416
-0.2986320555
-0.1056069657
0.1424141228
0.7197387815
-0.0664758012
-0.2866874635
-0.0676933080
0.4901737273
1.0000568628
-0.1388999522
-0.3723565936
0.1963833869
-0.0402234979
-0.7734193206
0.3695052266
0.1517424285
-0.1243665144
-0.2032306492
-0.2572669089
0.0829476416
-0.1974053979
0.5467094183
-0.2651491165
-0.1390760690
-0.2411043197
-0.6148158908
0.4069556594
0.2984953821
-0.0772560835
0.6872771978
-0.3466688693
0.5211464167
-0.1298367083
-0.6435735226
-0.7534047365
-0.7730175257
-0.2750515044
0.2996024489
0.2001767755
-0.7341547608
-0.0238401797
-0.3813052475
-0.0014486935
0.3591464758
0.3656244278
-0.2143586129
-0.1548421532
0.0231738277
-0.1329331249
0.2787660062
0.0831168517
-0.1390598416
0.3778572381
0.4739292860
0.3715746403
0.1787383705
-0.3260821104
0.2924813032
0.0085290084
-0.0393251702
-0.4444725513
0.1033559442
-0.3608884811
0.2160368413
-0.0998166874
0.4967604578
-0.0155055216
0.6319405437
-0.2049115896
0.2817857265
-0.1995788962
-0.0964978859
0.1525442898
0.3962649703
-0.1382360011
0.2783478498
0.8289640546
-1.0978800058
-0.3968110681
-0.2036803067
0.2308603525
0.3182851672
0.2285432965
-0.4159949720
-0.0484307259
-0.2666537166
0.4398681819
0.3882496953
-0.5523817539
-0.8613148928
0.2903454900
-0.0017834831
0.1758062690
0.1129871160
-0.2427740991
0.4497338831
-0.0016452713
-0.5213911533
0.2435447574
-0.5964471102
0.0259958133
0.3396138847
-0.1963537037
-1.4470021725
0.0587168001
-0.4006841481
-0.3959746063
0.2507304549
-0.0638788417
-0.1681410819
0.0980080739
0.2536284924
-0.3989876807
0.0030172698
-0.5340169072
-0.0389577374
-0.5038660169
0.2201251686
0.4586310089
-0.5149111152
-0.3889376223
0.2595188618
0.7832028866
-0.4107830524
0.0984327123
-0.2949055135
0.0400498360
-0.3729901016
0.8613452315
0.0545231104
-0.4088097811
0.2760178745
0.5607546568
-0.5043359995
-0.1183422282
0.5220003128
0.5928384066
-0.3159780204
-0.3474069536
0.0396527126
-0.1667956114
-0.5204998851
0.6047948003
-0.2626146972
-0.8309043646
-0.1860906184
-0.0867075324
0.3735617101
-1.0180819035
0.1595017910
-0.4467120767
-0.5161495209
0.0037845436
-0.2614591718
0.2145917267
0.5155084729
-0.2115195543
1.1753796339
-0.2728554010
0.2957757413
-0.0210014842
-0.3469263613
-0.0626532510
-1.1669119596
0.4470680952
-0.0414355807
-0.7028810382
-0.4078201354
-0.2261229455
-0.3665761352
0.3791594803
-0.7893271446
-0.1203333661
0.1494206488
-0.1183984131
-0.3879431486
-0.1521824896
-0.1489555240
-0.3824021220
-0.2114019990
-0.4544087052
0.3989351392
0.0451489352
-0.6201049685
0.0166336391
0.0344741605
0.2133504897
-0.3778985441
-0.2012649924
0.0122660501
-0.1249928996
0.3824903071
0.0641674995
-0.3302697241
-0.3110961318
0.0494045950
-0.7303393483
0.2959569097
0.2687530518
0.4750874937
0.6004634500
-0.4937804937
0.1649634689
0.0836329013
0.1924110502
-0.9332830310
0.1748068780
0.2192406505
0.4150134921
-0.1377960145
0.0549165234
-0.1674153805
0.1382777989
0.2533679307
0.5362797379
0.0804733485
-0.2055931538
-0.3637441397
0.5806961060
-0.1732560098
0.3840150535
0.0381896235
-0.4008738399
0.1305470169
-0.1121144071
-0.5906857252
-0.2295196950
-0.9786908627
0.4556684196
-0.6904994845
-0.3308846354
-0.7020815015
0.0363463387
-1.1080774069
-0.0095009878
-0.1683187336
0.1288111359
0.0736697987
0.6019439697
0.1318805069
0.0232994892
-0.0581297800
-0.1627613902
0.0339158252
-0.5441374183
-0.0918807164
0.4158791900
-0.0056392979
-0.0859935805
0.0115435915
-0.0053552063
-0.2749461234
-0.1934147626
0.2477972060
-0.8452168703
0.1946985573
-0.3988699317
-0.7455794215
-0.2116809338
0.3962889612
-0.0186471026
-0.2286833674
0.2534554005
0.0381402895
0.7904490829
0.0318441726
0.4291302264
0.2279025316
0.2140652686
-0.9563186169
-0.0013271823
0.1532663256
0.2829321921
0.3889808357
0.0285031013
0.0488677584
0.2135375291
0.2940639257
-0.0298290122
0.2170257568
-0.3911439180
-1.1206074953
0.0563223287
-0.2623118460
0.2198517919
-0.3408103883
-0.5853322148
0.3246906996
0.1188494563
-0.4920448363
0.5906674862
-0.4435229301
0.6904133558
0.1249286532
-0.4657314718
-0.8875895739
0.0763584226
-0.1619021595
0.6575047970
0.2069272399
-0.0086059421
-0.1678108424
0.0414749421
0.1513304859
-0.2709908783
-0.5701113939
-0.2428516001
-0.1880683303
-0.2233697027
0.1742539257
0.8546605110
0.0478577912
0.6473915577
-0.6662950516
-0.1034345776
-0.7764023542
0.1963174641
0.4541792870
-0.3468863666
0.8520367146
-0.1592528969
-0.4235341251
-0.2209910452
0.0364408046
0.0467486978
-0.1573973596
-0.3920728266
0.3347836137
0.7603980899
-0.0711975619
0.1683927029
-0.3255070746
0.4144151211
-1.2354438305
-0.2024941146
0.5526063442
0.6041541100
-0.0942418799
0.6256291866
0.5543574095
-0.2223515213
0.6875805259
-0.1106460020
-0.0135793258
-0.0061838808
-0.5410329103
0.5910758972
-0.1693799496
-0.1268320978
-0.1519379020
-0.3092059791
-0.5172339678
0.2077525258
-0.0041584875
-0.2566185892
-0.2645743191
0.0639895722
-0.3617716730
-0.6351048946
-0.8155621886
-0.3657390475
-0.2687484920
0.6199268699
0.3018511534
0.2452019304
-0.5192883611
-0.0421714485
-0.6252495646
0.0611903630
-0.2194422632
-0.6631234884
-0.2957627177
0.3334705830
0.5502994061
-0.0996787772
0.1689470112
0.0034499632
0.7506534457
-0.2943460345
-0.0260858908
-0.4781804681
0.2984154224
-0.4245240688
0.5138229728
-0.1692921966
-0.4855585694
0.0877345130
0.6835726500
0.3889645040
-0.3429750204
-0.4196009338
-0.3494382203
1.3762854338
0.0878382176
0.2406654060
-0.2502301335
-0.1078558117
-0.9787178636
0.7300491929
1.1122316122
-0.1147769690
-0.1976405829
0.1464065909
-0.4480014741
0.0615418740
-0.0235841200
0.3840131164
0.4066572487
-0.7445400357
-0.7391774654
0.0006443548
-0.5156592131
-0.2838290036
0.2761234641
-0.0171111263
-0.0397952758
-0.1290607750
-0.0842816010
-0.5373824239
-0.0260014199
0.1801436245
-0.4392051101
0.2705051303
-0.5228804350
-0.4108857810
-0.4065602720
-0.1118109301
-0.0943036973
0.6254302859
0.0255698934
-0.0643401667
-0.3033815026
0.2031748146
-0.2886699140
-0.2421158999
-0.5470112562
-0.1744772196
0.2959265709
0.7582032681
-0.3014177978
-0.3333402574
-0.3083350956
-0.3838851154
-0.4474087656
-0.2711355686
-0.2348760962
0.0344594903
0.7347916961
-0.2130238712
-0.0544380508
0.0059638792
0.3550264537
0.2262207419
-0.3021794558
0.8058967590
0.1920785159
0.6480550766
0.5544617772
0.1460581869
-0.4161962271
0.4893356264
-1.1441951990
0.2292188704
0.3821260929
-0.4489535689
0.1318653226
0.1503018439
-0.6161247492
-0.1859441102
0.2008050531
0.0976620615
-0.0088641010
-0.5825377107
-1.0391948223
0.3203325868
-0.4724639356
-0.3655813634
0.5986995101
-0.0653400496
0.3944589198
0.6944878697
-0.2102430612
0.3625216484
-0.2319576591
-0.1902114153
-0.0448102020
-0.4736534953
-0.3859149516
-0.2863450646
-0.1585230082
-0.1567294002
0.4362193048
0.2290286869
0.1734651774
-0.2649932206
0.1750425994
0.0926181450
-0.1491797268
0.1482709348
-0.4039713144
0.4575171769
0.2420493215
0.0519234948
-0.3515353501
-0.2574650049
-0.1509169638
-0.2834053338
0.1334762871
-0.5051541328
0.0447214656
-0.7403609157
-0.3200665712
-0.3187130094
0.1701181382
-0.3168601692
0.5187889338
-0.3087844551
-0.2587334216
0.5291501284
-0.2470084876
0.6894853115
0.0113107553
0.5761098266
-0.2635268867
-0.2135776281
-0.9367370009
-0.4920120537
0.7435598969
-0.1086665690
-0.3278366923
0.5703482032
-0.1738901734
-0.0679756328
-0.2979697585
0.2189926505
0.9270635843
-0.3195325136
-0.7516009808
0.4239618778
-0.3116798997
-0.3519094884
0.2936941385
-0.5333737731
0.6149156094
-0.4906543791
-0.3196890950
0.2594789863
-0.1854050756
0.6542393565
0.3175624609
-0.2423764765
-0.8087423444
-0.5326800942
-0.5604245663
0.1763633937
0.2800053656
-0.1291530877
-0.1086851954
-0.4896640182
-0.5047127008
-0.0704562888
-0.3545450568
0.1093434766
-0.2284715474
0.0327974260
