-0.0342160873
0.0720624924
0.0139253326
-0.0841629505
0.0137891900
0.2189310640
0.0174876619
-0.0869940147
0.1269261688
-0.0653090104
0.2092761099
-0.1822434366
0.0540181510
0.0930094570
0.0151087120
-0.0029671681
-0.3382476866
0.0618348084
-0.3292149603
0.0166591126
-0.0826315507
-0.0355746634
-0.0470746681
0.0391859412
0.1979525089
0.1496117860
-0.0746249855
0.0038073950
0.0503193289
-0.1943328828
-0.0616945885
-0.0081440127
-0.0146819279
-0.0407041349
-0.0596741810
-0.0132619003
-0.1053630263
-0.0395416804
0.0227472167
-0.0474354029
-0.0088899052
0.0059876051
-0.3740381300
0.1253406703
0.1461638361
0.0259091258
-0.0225304924
-0.0954810232
0.0815145448
-0.0322227292
-0.0172756407
-0.1570840329
0.0142823569
0.0193830635
-0.1222249568
0.0146489618
-0.0135018192
-0.1627137512
0.0479780063
0.2223411798
0.1188341007
0.0359802991
-0.1708917916
-0.0422636792
0.0176521596
-0.0185777452
-0.0578926578
0.0622039437
0.1570219696
-0.1100452915
0.0247640498
0.0695037693
0.0106973695
-0.0198976882
-0.0244454164
0.0657513738
-0.0236422196
0.0073036710
0.0828253552
0.0195739977
0.0340375453
0.1087580994
0.0280960985
0.0812409297
-0.0285160821
-0.0536391400
0.0358766802
0.0657658875
0.0749750808
-0.0094189066
0.0101182377
-0.0357938819
0.1171588078
0.0552001745
-0.0295611434
-0.0119990716
0.1422002614
0.0344973393
0.1236094162
-0.1137420461
0.0848638937
0.0045921025
-0.0233194400
-0.0272087324
-0.0494324826
-0.0327242240
-0.1352569908
-0.1119413376
0.0270907730
-0.0722098202
-0.0010079261
0.0088012833
0.0021387925
-0.0184156168
-0.0360972285
0.0318799838
-0.0346458629
0.0013150657
-0.0977901891
-0.0462383404
0.0407611839
0.0614161976
0.0382459797
-0.0978061706
-0.0479988791
-0.0310950149
0.1791684628
0.0217984580
-0.0216530897
0.0522783026
0.0303526632
-0.0421396494
0.0434211530
0.0285178591
0.0395477042
-0.0438842624
0.0307354350
-0.0160917901
0.0249796044
-0.0458286144
-0.0087238364
0.0275013614
0.0488287993
0.0197948907
-0.0845367089
0.0006172267
-0.1302433461
0.0518972613
0.0105739413
-0.0469986200
-0.0105448067
0.1004139408
0.0752985701
-0.0066114836
-0.0182233583
-0.0174153838
0.0239554886
-0.0231594723
-0.0813362077
-0.0026255779
0.0499998927
0.0135442149
0.0336694345
-0.0308888797
0.0645846128
0.0213516951
0.0059876228
-0.0804032683
-0.0361131020
-0.0088677378
-0.1700116992
0.0733814389
0.0567278862
0.0244461987
-0.0192556642
-0.0525611565
0.0494656600
-0.0117844651
-0.0018635063
0.0089757135
0.0235954989
-0.0393024646
-0.0919018537
0.0320758373
-0.0019846736
-0.0374094099
0.0587462187
0.0909615010
0.0926396772
0.0237612929
0.0483736657
0.0264336616
-0.0443602875
0.0708348751
-0.0243922453
-0.0718013942
-0.0372244865
0.0004218640
0.0392103903
0.0383718833
0.0349699557
-0.0079236357
0.0011091384
-0.0405032411
-0.0090234820
0.0384779014
0.0213833619
-0.0172723327
-0.0714576021
-0.0362678058
-0.0104860086
0.0790976584
0.0440492518
-0.0471358746
0.0073356428
0.0529299155
0.1348211914
0.0489428937
-0.0274717025
-0.0275052637
-0.0537944213
0.0032188999
-0.0298840068
0.0526033901
-0.0406729504
0.0444617830
0.0663831010
-0.0282805786
-0.0628460571
0.0608033612
-0.0675117970
0.0085923281
0.0397259444
0.0210899375
0.0031978842
-0.0006200031
0.0602560677
0.0477555543
-0.0179246962
-0.0472421683
-0.0219650567
-0.0215131547
-0.0091706561
0.0917334706
0.0290335733
-0.0022829829
-0.0916794613
0.0000381004
-0.0158239510
-0.0675426722
0.0011069361
0.0022804816
-0.0191568900
0.0493535846
0.0169155151
-0.0022990217
-0.0038766987
0.0412431918
0.0142115736
-0.0303880163
-0.0314580128
0.0392656699
0.0799256116
0.0226128586
0.0168722998
-0.0324570090
-0.0002984668
-0.0099233119
-0.0576976761
0.0093919225
0.0564295463
0.0210402254
-0.1018825695
-0.0512772761
-0.0402990393
0.1218241826
0.0614695065
-0.0043958002
-0.0320270583
-0.0069523635
0.0948226675
0.1188664660
-0.0331923142
-0.0243145339
0.0793107823
0.0074229138
-0.0725442395
0.0149104921
0.0213879291
-0.0043266662
0.0522968732
-0.0396418571
-0.0481355265
0.0240890440
-0.0445937216
-0.0186745357
0.0369235650
-0.0307529382
-0.0103609739
0.0189326629
0.0937540829
0.0206925515
-0.0421716906
-0.0268724784
0.0263274945
-0.0236026309
0.0528512076
0.0905650035
0.0843797922
-0.0215688013
-0.1024180651
0.0494244955
0.0097457012
-0.0638621375
-0.0070908540
0.0566298626
-0.0291185789
0.0622107983
-0.0039754831
-0.0050886376
0.0173417497
-0.0259841438
-0.0542665012
0.0615032874
0.1640727073
-0.1083674729
0.0206043087
0.0633983687
-0.0093491403
-0.0107065719
-0.0356110521
0.0643637702
-0.0165659655
-0.0061011324
0.0664833486
0.0185040534
0.0390443504
0.1190041825
0.0386667363
0.0780018121
-0.0239103287
-0.0534196980
0.0253663771
0.0651168525
0.0776680931
-0.0139859188
0.0209517218
-0.0463880226
0.1107758805
0.0606270581
-0.0252983477
-0.0069035986
0.1335377693
0.0356261060
0.1340848207
-0.1174139008
0.0928306282
0.0104988702
-0.0300474949
-0.0404282361
-0.0501486585
-0.0392429680
-0.1371593326
-0.1050366387
0.0165403821
-0.0504053496
-0.0091987504
0.0188237038
-0.0155236442
-0.0158152580
-0.0301463287
0.0332249515
-0.0303376578
-0.0134286908
-0.1042621657
-0.0713256374
0.0459293760
0.0748872384
0.0476191118
-0.0994593352
-0.0463320315
-0.0200920366
0.1842918992
0.0229819026
0.0124358200
0.0020340378
-0.0234519541
0.0150134619
0.1273902804
-0.0510296971
0.0198560115
0.0296963323
0.0143209528
-0.0043804003
-0.0059223212
-0.0124264332
0.0139572704
0.0014730649
0.0595806204
0.0177872609
-0.0016334632
0.0774944574
-0.0313274972
0.0647947937
-0.0296434686
-0.0588133372
-0.0007546702
0.0675743595
0.0888056681
-0.0092501016
0.0014192477
-0.0332526974
0.0675086230
0.0099325143
-0.0392500982
-0.0104384068
0.1175368652
0.0141241103
0.0879902318
-0.0834054202
0.0778375939
0.0122128278
-0.0142919254
-0.0465874895
-0.0395544954
-0.0307399333
-0.1873018295
-0.0353614315
0.0395378135
-0.0370461643
-0.0050951149
-0.0064006555
0.0136316279
0.0183624048
-0.0214690082
0.0118703991
-0.0277746804
-0.0175016876
-0.1059296429
-0.0153385429
0.0262424182
0.0412868224
0.0436908193
-0.0336093716
-0.0035016758
0.0029955108
0.1411110908
0.0104625598
-0.0451286063
0.0522774197
0.0136405444
-0.0302164610
0.0535053983
-0.0059714257
0.0279498193
-0.0059573450
0.0377600230
-0.0360925086
0.0066407928
-0.0116471108
0.0459090471
0.0559816211
0.0462507419
0.0482538193
-0.1206574291
0.0358648598
-0.0755434111
0.0218419489
0.0053816405
-0.0699737072
-0.0505670272
-0.0297329687
0.0770822912
0.0275747608
-0.0167323258
-0.0114021664
-0.0064447783
-0.0147844087
-0.1376892775
0.0266177468
0.0451833718
-0.0107613001
-0.0014758362
-0.0867486671
0.0707046613
-0.0332717896
-0.0003575934
-0.0378200784
-0.0175262839
-0.0440459177
-0.1963196248
0.0148576545
0.0809065774
-0.0083318315
-0.0265526436
-0.0195018910
0.1066295728
-0.0397163182
-0.0197803061
-0.0615325421
0.0481937900
-0.0366968140
-0.1534468979
-0.0261799656
0.0418626070
0.0074464111
0.0249507762
0.0548707657
0.0337655880
0.0308983065
0.1145487428
0.0237781201
-0.0298077222
0.0187917370
-0.0312856622
0.0289937109
0.0831038505
-0.0245734602
0.0355341211
0.0914172083
0.0683778226
-0.0656133145
0.0254553333
0.0204190649
0.0360323898
0.0907553807
0.0922823548
0.0249051135
-0.0749551430
0.0667689070
-0.0513481870
0.0561330505
0.0084643094
-0.0531995147
0.0265539903
-0.0401709080
0.1063513905
0.0696466342
-0.0581947453
-0.0368336886
0.0707762688
-0.0218836945
-0.0362837575
-0.0045144516
0.0825801715
0.0065248548
0.0397217162
-0.0788037926
0.0133322487
-0.0127183292
-0.0273838863
0.0527620167
-0.0186089855
-0.0618547015
-0.1670587361
-0.0672888011
0.0470111817
-0.0549844839
-0.0150338765
0.0056910552
0.0455499776
-0.0398815647
-0.0201680865
0.0389037058
0.0199879389
0.0210951772
-0.1129616201
-0.0148968706
0.0264105760
-0.0107318498
0.0117841139
0.0178655274
0.0005237541
-0.0023284196
0.1971552670
0.0187083576
0.0225519463
-0.0215720497
-0.0617434867
0.0708445460
0.1638431400
-0.1318935454
0.0245148893
0.0783784091
0.0014690511
-0.0190955624
-0.0423287451
0.0814949051
-0.0277891736
0.0021315289
0.0859007612
0.0238023214
0.0566794500
0.1118229106
0.0514713638
0.0841226876
-0.0247068685
-0.0538336597
0.0409324430
0.0643233657
0.0700591803
-0.0194634758
0.0136215817
-0.0395969972
0.1196019799
0.0712170824
-0.0261793882
-0.0118972352
0.1535482854
0.0392022617
0.1338111609
-0.1186141521
0.0980742201
0.0067261080
-0.0255582333
-0.0253394414
-0.0514420941
-0.0366323814
-0.1219554842
-0.1217593476
0.0183647200
-0.0772140399
-0.0003712434
0.0168306045
-0.0023015037
-0.0166944899
-0.0360696726
0.0429747291
-0.0371468626
-0.0030613623
-0.0957574099
-0.0544123352
0.0391760021
0.0783751458
0.0378118083
-0.1168300584
-0.0579230934
-0.0348425843
0.1996020228
0.0274545327
0.0218705237
-0.0226553176
-0.0608026609
0.0714505985
0.1644626409
-0.1301524490
0.0249564145
0.0799021423
0.0018835778
-0.0184824374
-0.0418923870
0.0815240070
-0.0274949279
0.0022349039
0.0856600925
0.0228495505
0.0564218052
0.1129330695
0.0509233549
0.0851444006
-0.0247343201
-0.0543560274
0.0419988744
0.0655815154
0.0706213415
-0.0184902847
0.0143802343
-0.0388386622
0.1196245924
0.0707371756
-0.0273544416
-0.0121978214
0.1530169398
0.0391556434
0.1347908229
-0.1178944707
0.0971244201
0.0088841412
-0.0260651726
-0.0246405266
-0.0516898446
-0.0355631039
-0.1219887733
-0.1232867017
0.0193485543
-0.0777844563
-0.0003656818
0.0155083705
-0.0023556291
-0.0169418715
-0.0367758498
0.0418873057
-0.0376987234
-0.0023065365
-0.0960537195
-0.0515893959
0.0395949185
0.0788437352
0.0385363884
-0.1165269762
-0.0581175350
-0.0348028094
0.2002243549
0.0262083560
0.0221567601
-0.0212303866
-0.0596534275
0.0717567056
0.1641957015
-0.1273065805
0.0246366579
0.0807439908
0.0022310603
-0.0210550707
-0.0436552688
0.0801666826
-0.0268211216
0.0017374724
0.0839796364
0.0248122010
0.0540852696
0.1148880646
0.0489211455
0.0860681459
-0.0260771234
-0.0535655990
0.0427967347
0.0637214556
0.0745225772
-0.0174998529
0.0128788231
-0.0394121483
0.1196207926
0.0705146641
-0.0287683830
-0.0127732828
0.1541209817
0.0377878733
0.1334386170
-0.1168125421
0.0974131823
0.0089992816
-0.0262522884
-0.0220376980
-0.0519997999
-0.0357383415
-0.1259635985
-0.1211723909
0.0209276956
-0.0773446709
-0.0003627761
0.0148883434
-0.0012252269
-0.0175684430
-0.0371538438
0.0385775007
-0.0372829624
-0.0033796537
-0.0969012007
-0.0521976724
0.0352916569
0.0815010592
0.0382093117
-0.1146866083
-0.0559763722
-0.0350403190
0.1993696988
0.0250977576
0.0237707701
-0.0182835292
-0.0596277826
0.0721871555
0.1633080691
-0.1269818842
0.0243540667
0.0808826014
0.0025338579
-0.0249958374
-0.0462811403
0.0792153478
-0.0267364867
0.0014884893
0.0832665935
0.0284772050
0.0524719357
0.1159822419
0.0477828085
0.0860123634
-0.0277511533
-0.0520560108
0.0433304720
0.0599021427
0.0787362829
-0.0176005065
0.0100256810
-0.0408373214
0.1196271032
0.0711231306
-0.0292553119
-0.0132375937
0.1570698321
0.0367321298
0.1309494972
-0.1161484942
0.0993466601
0.0070149149
-0.0255895313
-0.0189284626
-0.0518864207
-0.0374536440
-0.1301999539
-0.1175442412
0.0215151794
-0.0772656128
0.0000297005
0.0156492963
0.0008797736
-0.0179222375
-0.0370939709
0.0362415724
-0.0368988998
-0.0052476292
-0.0970832855
-0.0550112538
0.0293098353
0.0844945908
0.0369297527
-0.1138552278
-0.0536838807
-0.0361589193
0.1985742152
0.0251898542
0.0242937580
-0.0169081595
-0.0593125187
0.0714549050
0.1619704068
-0.1247251108
0.0246662702
0.0783493891
0.0031771953
-0.0252073165
-0.0436974391
0.0773607492
-0.0259740762
0.0029343653
0.0833677873
0.0286609698
0.0484142974
0.1155376285
0.0448163077
0.0845294595
-0.0287079103
-0.0525628589
0.0423914604
0.0582597256
0.0813573971
-0.0166197941
0.0090506533
-0.0405528359
0.1181818694
0.0682836175
-0.0293904990
-0.0132949697
0.1559462100
0.0369762890
0.1284586787
-0.1149723530
0.0983357206
0.0063108453
-0.0246730093
-0.0191835780
-0.0504270941
-0.0381668918
-0.1333004683
-0.1144534796
0.0213563293
-0.0764230788
-0.0006386638
0.0154919298
0.0020941738
-0.0182979070
-0.0364444181
0.0348436646
-0.0375398695
-0.0055984207
-0.0969869122
-0.0546329282
0.0284225941
0.0818130225
0.0374459177
-0.1109527498
-0.0518471263
-0.0357566178
0.1953250766
0.0248012766
0.0193297584
-0.0200491603
-0.0587939695
0.0652790964
0.1597764343
-0.1169393510
0.0248508081
0.0724785849
0.0079355771
-0.0184958689
-0.0286359396
0.0710191727
-0.0253916848
0.0059825107
0.0850810036
0.0198775921
0.0421387851
0.1090054885
0.0359346643
0.0825444311
-0.0276120026
-0.0542945229
0.0379258581
0.0664833710
0.0728551596
-0.0126528703
0.0119242650
-0.0361133218
0.1183447614
0.0602098964
-0.0281450134
-0.0125585133
0.1453705728
0.0368469581
0.1273870021
-0.1153074279
0.0892142057
0.0056809750
-0.0237481389
-0.0271156430
-0.0501977950
-0.0332370475
-0.1295673251
-0.1158197001
0.0246074256
-0.0745805874
-0.0009286618
0.0111053372
0.0004698882
-0.0177565198
-0.0367742106
0.0358447619
-0.0368089266
0.0006024110
-0.0966098979
-0.0462900363
0.0418839306
0.0654507875
0.0383137763
-0.1046003848
-0.0519225709
-0.0327965207
0.1863005310
0.0236637425
-0.0084201731
0.0454228967
0.0322486758
-0.0519076101
0.0867554545
0.0335827470
0.0148462933
-0.0831662640
0.0475275256
-0.0019719298
0.0183642861
-0.0618885010
0.0287428964
-0.0135995531
0.0188115016
0.0289407987
-0.1382409632
0.0435622558
-0.0857270658
0.0468814448
-0.0031184561
-0.0666609555
-0.1027397290
-0.0337361507
0.0824524015
-0.0225707777
0.0087385513
-0.0348193794
0.0318724997
-0.0215094071
-0.0722249150
0.0186769459
0.0217140056
0.0091830203
0.0237476323
-0.0742836669
0.0581806377
-0.0308099389
-0.0020096749
-0.0984443426
0.0017302391
-0.0322007611
-0.1999813318
0.0918993950
0.0379080027
0.0679623336
-0.0339760147
-0.0084933462
0.0217171479
0.0297282469
0.0229397565
-0.0551640652
0.0334991701
-0.0267668478
-0.1103228554
-0.1022710428
0.0423303582
-0.0169964861
0.0625350848
0.0610812679
0.0706962794
0.0439607240
0.0555868484
0.0188948344
-0.0192940123
0.0534417070
-0.0011539806
-0.0625662804
-0.0397901274
0.0001962449
0.0461794175
0.0545580797
0.0218249466
-0.0249307025
0.0239038598
-0.0321100168
0.0116382111
0.0446538515
0.0354631431
-0.0096522849
-0.0711505711
-0.0388628319
-0.0341108516
0.0662892163
0.0432534963
-0.0084190564
0.0087401327
0.0201394260
0.1125010327
0.1055384353
-0.0535890125
-0.0099268472
0.0300158765
-0.0051927683
0.0202642865
0.0285603721
-0.0141903739
0.0189987794
0.0454061404
-0.0212048776
-0.0585690066
0.0372868255
-0.0199271329
-0.0054740906
0.0230277032
-0.0036623629
-0.0402393080
0.0395428576
0.0822856650
0.0251766779
-0.0296645928
-0.0443108231
-0.0259864032
0.0124608828
-0.0141633172
0.0438262597
0.0432297513
-0.0210145712
-0.0898902640
0.0053459536
-0.0140930489
-0.0402959138
0.0119388606
0.0386669263
-0.0462589078
0.0425129309
-0.0387937389
0.0018878675
-0.0168500468
0.0293759611
-0.0574496202
-0.0502604581
-0.0694631115
0.0645092055
0.0200535599
-0.0317003056
0.0799118876
0.0042511937
0.0433068201
-0.0140413735
0.0538132526
0.0793648809
0.0292296074
-0.0094721466
-0.1625134349
-0.0007521915
-0.1389414370
0.0969856530
0.0218208171
-0.0091168471
0.0072494694
0.0788379386
0.1214597449
0.0614113137
-0.0374660119
-0.0086246207
-0.0160617735
-0.0396286361
-0.0536705516
0.0285879578
-0.0540027767
0.0405092239
0.0257794298
-0.0187673774
-0.0799547210
0.0355904587
-0.0826123357
-0.0207866598
0.0027905339
0.0030239876
-0.1008419022
0.0393636599
0.0563938841
0.0167562105
-0.0145707745
-0.0635586753
-0.0161450580
-0.0330503024
-0.0158258080
-0.0236161500
0.0183035135
-0.0183347818
-0.1181392670
0.0454219617
-0.0299087390
-0.0462847799
0.0012619742
0.1134227142
0.0757134780
0.0353554487
0.0059800544
0.0119946767
-0.0283255950
0.0815413222
-0.0255902428
-0.0599324964
-0.0338910595
0.0122102192
0.0364654474
0.0147334374
0.0120341135
0.0011563054
0.0212713107
-0.0246377550
0.0052529415
0.0647008270
0.0399180949
0.0042551765
-0.0771898255
-0.0150694940
-0.0322655588
0.0477062576
0.0297681950
-0.0380013436
0.0216464587
0.0360852666
0.1100337878
0.0310414638
-0.0391294658
-0.0268356241
-0.0206134897
0.0068117152
-0.0346315689
0.0510801710
-0.0338641442
0.0383295380
0.0408443213
-0.0166324396
-0.0486600101
0.0514204688
-0.0548903383
0.0043832301
0.0255651716
0.0088038463
-0.0242136288
0.0299019180
0.0640975907
0.0649811402
-0.0158413220
-0.0480732471
0.0057403389
-0.0272807572
-0.0161174368
0.0566680804
0.0133197512
0.0093479073
-0.0939224958
-0.0188081022
-0.0268094018
-0.0609535016
0.0179316141
0.0325345844
-0.0177370440
0.0539948270
0.0476351604
0.0111199291
-0.0459425710
0.0601384193
0.0450010076
-0.0604134761
-0.0107042678
0.0378236286
0.0454945453
0.0208421089
0.0525009669
-0.0166656002
0.0599714145
-0.0617918856
0.0592943951
0.0721602887
0.0461322069
0.0014005237
-0.1260282099
-0.0025019536
-0.0929798782
0.0305874590
0.0112734530
-0.0359752923
-0.0189371798
0.0116249220
0.0985853598
0.1016714796
-0.0517964736
-0.0120192878
0.0226142146
-0.0508966595
-0.0428737365
0.0205904059
0.0040086461
-0.0047534253
0.0027979678
-0.0361653194
0.0028073071
0.0007065154
-0.0153076546
-0.0094572240
0.0151367700
-0.0244216733
-0.1504740566
0.0486602113
0.0831759274
0.0314095989
-0.0312242601
-0.0474225208
0.0533162281
0.0085278954
-0.0118730571
-0.0434370600
0.0348039642
0.0065507903
-0.1116059497
0.0014846533
0.0024066269
-0.0596890077
0.0174136329
0.0971113443
0.0088265343
0.0463846363
0.0503510125
-0.0033248605
0.0111068944
0.0632876009
0.0883175284
-0.0061249235
-0.0555523522
0.0816166028
0.0851184577
0.1037674248
-0.0044137035
0.0258714091
-0.0281255022
-0.0293626878
-0.0384008884
0.1118670776
0.0882900730
0.0677930713
-0.0500088483
-0.0308134686
0.0221756473
0.1583157927
0.0626229495
0.0483526364
-0.0138979293
-0.0546723716
0.1302988231
0.2339094579
0.0332460329
-0.0128356414
0.1654964834
0.0922470689
-0.0490860343
0.0200729277
0.0181565601
-0.0368989520
0.0425883047
-0.0345641561
-0.0595496371
0.0081075616
-0.0122027043
0.0386133827
0.0453417003
-0.0764693618
0.0524993725
0.0355747081
0.1585284919
-0.0111637432
-0.0426308066
-0.0217413753
-0.0335145034
0.0076626642
0.0319681577
0.1248831004
0.0367287993
-0.0225371066
-0.1165034100
0.0158859789
0.0128485160
-0.0593665801
-0.0328924134
0.0836575106
-0.1451209784
0.0811952427
0.0839708820
-0.0078577707
-0.0278493930
0.0759703368
-0.0030838407
-0.0366805941
0.0751626864
0.0734332874
-0.0075527108
0.0777176470
0.0759158134
0.0071192975
0.1314696968
-0.1004881114
0.1154406667
0.0427929163
-0.0078631220
-0.0029401490
-0.1338930875
0.0633700415
-0.1720766723
0.0130379023
-0.0580280460
-0.0601320453
-0.0451302640
0.0425989293
0.1109426543
0.0468079299
-0.0409367271
0.0011860543
-0.0926096961
-0.1100137085
-0.1061586067
0.0394339040
0.0283923689
-0.0343614072
-0.0078262845
-0.0349020995
-0.0416927598
-0.0038242596
-0.0198649410
-0.0429249294
0.0115870330
-0.0414465889
-0.2986786067
0.0415922254
0.0096850609
0.0290857088
-0.0262898933
-0.0318373851
0.0878918990
0.0011583959
-0.0358832851
-0.1006843224
-0.0109006083
-0.0269711819
-0.0944166929
-0.0530182570
0.0159704443
-0.0346136354
0.0593135469
0.0632355809
0.1819932759
0.0457992330
-0.0262798704
-0.0072677610
-0.0248106923
0.0179375261
0.0195203256
0.0064805946
-0.1020365432
-0.0265255477
0.0227228664
-0.1525300890
0.0969424844
-0.0452989563
0.0155385314
-0.0273900181
-0.0369095691
0.0038461299
0.0182135832
0.0252572168
0.0658702254
0.0170136224
-0.0488862172
0.0038834282
0.0242475867
0.0815584064
0.0260013845
-0.0727185905
0.1019714549
0.2211608887
0.0065777861
0.0176665895
0.4046296179
-0.0773445517
0.2539536953
0.0239340924
0.0059589432
0.0165329147
0.0820505396
-0.0740193054
0.1095207408
-0.0203919895
-0.0020138668
0.0401661731
0.0310916062
-0.0582388416
-0.1045372412
0.0157991778
0.0671225190
0.0776612684
-0.0471640453
0.0181840286
-0.0184318498
0.0672785863
-0.0147082116
-0.2126545310
0.1424926817
0.0103530642
-0.0954046920
-0.0911839977
0.0112888394
-0.0761549622
0.0095235761
0.0788357332
-0.1504695117
0.0182600264
-0.0727289766
-0.0279884655
0.0223306138
-0.0218061600
-0.0621171296
0.0717767701
0.1645491272
-0.1338175535
0.0229412839
0.0778987035
0.0002420263
-0.0171106327
-0.0430500954
0.0829942450
-0.0274106972
0.0043365825
0.0861197561
0.0233233385
0.0567471683
0.1115371212
0.0526520982
0.0837448835
-0.0239514951
-0.0549782179
0.0412440374
0.0655047074
0.0694676414
-0.0194564722
0.0136209978
-0.0397341065
0.1195999533
0.0698911846
-0.0254105832
-0.0124124810
0.1529378444
0.0401272997
0.1352153569
-0.1179581732
0.0965597183
0.0075681796
-0.0254223458
-0.0270749331
-0.0531200282
-0.0349629223
-0.1217841879
-0.1210854724
0.0182829946
-0.0787541643
-0.0004138726
0.0182333868
-0.0028635990
-0.0161494296
-0.0349406786
0.0421151221
-0.0390422456
-0.0041012564
-0.0955071598
-0.0549408421
0.0402453095
0.0783218220
0.0389755554
-0.1160337403
-0.0594231784
-0.0346741788
0.1990934461
0.0299756397
0.0218694266
-0.0227486771
-0.0608982854
0.0727715045
0.1653621048
-0.1315123737
0.0234116875
0.0796776712
0.0006871058
-0.0168562848
-0.0432862863
0.0830523744
-0.0269894544
0.0042802389
0.0856315196
0.0229039006
0.0562573746
0.1134227589
0.0520767234
0.0848853514
-0.0242659524
-0.0554654635
0.0425440185
0.0662869439
0.0710573494
-0.0184069406
0.0144113442
-0.0390870124
0.1196079776
0.0696686432
-0.0269595198
-0.0129869748
0.1529379785
0.0399533920
0.1361018568
-0.1168434247
0.0957372636
0.0100541003
-0.0260679591
-0.0256132092
-0.0534167215
-0.0341617838
-0.1227229387
-0.1223727614
0.0193193927
-0.0793404728
-0.0005284446
0.0168571062
-0.0027742297
-0.0163721386
-0.0358706526
0.0404180996
-0.0396243073
-0.0036890137
-0.0959711745
-0.0518784560
0.0397590809
0.0798391849
0.0398656800
-0.1157781556
-0.0592635758
-0.0346430503
0.1999853849
0.0283672344
0.0220989194
-0.0209081769
-0.0595843010
0.0732167140
0.1648209989
-0.1287236661
0.0231963936
0.0808196738
0.0014967227
-0.0198857412
-0.0451895855
0.0817511827
-0.0266118590
0.0040122019
0.0841790661
0.0251016989
0.0538156554
0.1152805835
0.0499170497
0.0860315636
-0.0257280413
-0.0546787456
0.0438059010
0.0643023103
0.0752310380
-0.0171438586
0.0126368012
-0.0392857306
0.1197382957
0.0694201663
-0.0287716072
-0.0137361772
0.1543547809
0.0385426432
0.1343410611
-0.1155984402
0.0961024538
0.0100472197
-0.0262337029
-0.0225114152
-0.0536730923
-0.0341379605
-0.1266277134
-0.1204864159
0.0211896077
-0.0794848129
-0.0003664563
0.0158917662
-0.0010300062
-0.0172220971
-0.0364874639
0.0369041488
-0.0392075256
-0.0044668517
-0.0967061743
-0.0520028993
0.0349536128
0.0824453011
0.0392512977
-0.1138760746
-0.0570850708
-0.0353254788
0.1990371197
0.0270991363
0.0236647408
-0.0181031376
-0.0594152026
0.0737703592
0.1639867723
-0.1285406798
0.0230807066
0.0809015185
0.0016029042
-0.0237204209
-0.0477854572
0.0806558132
-0.0267376266
0.0034694909
0.0834153071
0.0285310522
0.0526958071
0.1163050532
0.0490393415
0.0861370191
-0.0274603721
-0.0532903373
0.0443737395
0.0605609901
0.0794779956
-0.0175489243
0.0100990953
-0.0406006798
0.1195303798
0.0703797713
-0.0294138491
-0.0140705379
0.1571317613
0.0377190150
0.1318694204
-0.1151980981
0.0983274058
0.0080550760
-0.0256683715
-0.0195777472
-0.0532869287
-0.0359042808
-0.1303910017
-0.1172715500
0.0216829311
-0.0793082342
-0.0000249106
0.0164889749
0.0010496231
-0.0177115146
-0.0364168622
0.0349307992
-0.0389545225
-0.0061650639
-0.0968995541
-0.0548041984
0.0291435961
0.0851877257
0.0379764624
-0.1134054661
-0.0548042879
-0.0367089435
0.1984733343
0.0269076806
0.0235036314
-0.0157803744
-0.0589661673
0.0717242956
0.1611687988
-0.1242947131
0.0236968901
0.0767209530
0.0033148006
-0.0243108142
-0.0432018079
0.0769094378
-0.0256777555
0.0057669706
0.0829733908
0.0280722417
0.0453595072
0.1150936708
0.0431766994
0.0840943232
-0.0287420806
-0.0541697443
0.0430571213
0.0585441105
0.0828684121
-0.0154730724
0.0084369797
-0.0394533053
0.1171885133
0.0652933493
-0.0302923508
-0.0136999730
0.1544602513
0.0374615043
0.1272463799
-0.1135104224
0.0961589515
0.0067778095
-0.0242907796
-0.0203562267
-0.0508195572
-0.0362612791
-0.1350186616
-0.1130269170
0.0221578311
-0.0781167299
-0.0006629975
0.0151776057
0.0034735089
-0.0188998803
-0.0353451967
0.0325218774
-0.0393661745
-0.0058309925
-0.0972151160
-0.0543433987
0.0282310620
0.0800037012
0.0381848700
-0.1077567935
-0.0517477095
-0.0361021124
0.1921107620
0.0257387497
0.0184877012
-0.0199963748
-0.0578543283
0.0651753470
0.1597400457
-0.1141648144
0.0236437358
0.0708347782
0.0082221199
-0.0167038515
-0.0269307271
0.0696505979
-0.0242274143
0.0081709661
0.0845946595
0.0183288883
0.0388184451
0.1086585224
0.0335847139
0.0828105807
-0.0278998241
-0.0559443012
0.0378415361
0.0674391761
0.0744456574
-0.0116946399
0.0119211823
-0.0351999663
0.1173437685
0.0570198670
-0.0291252211
-0.0131610781
0.1427167803
0.0371736996
0.1270011067
-0.1137243882
0.0857168660
0.0071389740
-0.0237791762
-0.0281928685
-0.0511409082
-0.0308176074
-0.1316779554
-0.1140412390
0.0262151491
-0.0752826184
-0.0012213403
0.0107427621
0.0005808991
-0.0178100020
-0.0356201641
0.0330663286
-0.0389165878
0.0004663499
-0.0968489349
-0.0439185165
0.0428914241
0.0634063706
0.0396909118
-0.1010667086
-0.0517233014
-0.0320298299
0.1837562621
0.0242237933
-0.0527291596
0.0588509105
-0.0051072529
-0.0580463521
-0.0312074237
0.0996573046
0.0306152552
-0.0325219966
0.0712052360
-0.0450960249
0.1095792577
-0.1040472463
0.0153142521
0.0665478781
0.0326890349
-0.0410739928
-0.1577116102
0.0034878289
-0.1567912698
0.0116367582
-0.0004824002
-0.0175692439
0.0040181824
0.0460591838
0.1281037778
0.0736842453
-0.0738287196
-0.0211846419
0.0060960534
-0.1085368618
0.0089049796
0.0196757130
-0.0117461197
-0.0062516350
0.0103022642
0.0101397801
-0.1218803748
0.0207922831
0.0041614398
-0.0276597627
-0.0066740983
0.0025777309
-0.1961058527
0.0963580385
0.0794022679
0.0527472869
-0.0175922867
-0.0777200833
0.0299828816
-0.0181001984
-0.0122798989
-0.0867196545
0.0331466533
-0.0106245829
-0.0781704336
-0.0101160072
-0.0128825642
-0.0883684978
0.0484153777
0.1060668528
0.0508637652
0.0317268632
-0.1232676134
-0.0034371142
-0.0460726134
0.1066253185
-0.0435913354
-0.0554517880
-0.0397263318
-0.0485236831
0.0443054773
0.0660355836
-0.0037619218
0.0228328239
-0.0345386490
0.0075117033
0.0159016401
0.0522150956
0.0308587197
0.0086854761
-0.0065628584
-0.0462998003
0.0075532291
0.0799111798
0.0572737791
-0.0312326849
0.0285509080
0.1121587902
0.0858158544
0.0387973785
-0.0012868405
-0.0136680203
-0.0687316805
0.0150071625
-0.0676414445
0.0541336052
-0.0647605583
0.0614932999
0.0525610261
-0.0111083286
0.0324474648
0.0672702715
-0.0772703439
0.0219650324
0.0331326276
0.0280274022
0.0653265715
-0.0084862793
-0.0035852883
0.0709691048
-0.0111186430
-0.0350631550
-0.0187899023
-0.0282671433
-0.0429223366
0.0923690870
0.0132109597
0.0143582597
-0.1091195792
-0.0224234611
-0.0347645096
-0.0593687817
-0.0023333547
0.0071804044
0.0310387369
0.0460290611
0.1012157202
0.0329428613
-0.0158117581
0.0720660314
0.0526851825
-0.0878771618
-0.0476598218
0.0205069426
0.0416519716
0.0630570278
0.0100303302
0.0341845006
-0.0235518217
-0.0001305759
0.0586889908
0.1058281362
0.0550033674
0.0087444000
-0.1030726060
-0.0273161940
0.0020285323
0.0513912886
0.0706406534
0.0065146456
0.0079885451
-0.0280916672
0.1065586433
0.1818072051
-0.0259727798
-0.0186308660
0.0435445011
0.0478620231
0.0028768438
0.0450936779
-0.0204116721
0.0371294692
0.0034829625
0.0024624050
0.0125202518
0.0382433645
-0.0222049132
0.0463590808
0.0188530665
-0.0143096633
0.0053671855
0.0493596159
0.1141995788
0.0451900028
-0.0285570920
-0.0697173178
-0.0189037621
0.0027264024
-0.0303782448
0.0486499742
0.0191765651
-0.0145349326
-0.1213293523
-0.0369684584
-0.0180999469
-0.0361723341
0.0085758558
0.0174386464
-0.1646380424
0.0495391190
0.0995059833
0.0161133371
-0.0179053470
0.0687521249
-0.0767085999
-0.0501727760
-0.0241057929
0.0607858747
0.0390258096
-0.0325055420
0.0390186496
-0.0282675233
0.0302112568
-0.0667115971
-0.0109451702
0.0442738496
0.0391808040
0.0052748742
-0.1148137748
-0.0283493940
-0.0868526027
0.0837187320
0.0291042272
-0.0431226492
-0.0149361352
0.0736491755
0.1340181977
0.0380784944
-0.0394398831
-0.0150989452
-0.0470021255
-0.0187251680
-0.0382135659
0.0516941212
-0.0422650613
0.0289084222
0.0309598651
-0.0288334005
-0.1108001396
0.0470818989
-0.0639069155
-0.0295366738
0.0343371779
0.0132925604
-0.0603582673
0.0052751969
0.0756050721
0.0416042171
-0.0125445453
-0.0641198009
0.0104390047
-0.0143920165
0.0202828627
0.0344525315
0.0204799287
0.0201221220
-0.0977382362
0.0149389608
-0.0275463965
-0.0781067684
0.0096184053
0.0375110842
0.0049355943
0.0564588942
-0.0595036596
-0.0278721806
-0.0442950688
0.0928759128
0.0500548743
-0.0837701857
-0.0406898111
-0.0497651510
0.0478879660
0.0286627524
-0.0128618618
0.0467325635
-0.0060403016
-0.0170044303
-0.0037376841
0.0271108821
0.0213666558
-0.0116680861
-0.0531743541
-0.0394922793
0.0151459333
0.0530639738
0.0364900827
-0.0502388701
0.0058883717
0.0376682878
0.1030071080
0.0877986550
-0.0232853666
-0.0277536716
0.0331570953
0.0280671939
-0.0019269179
0.0474833064
-0.0487571917
0.0386775173
0.0548120961
-0.0174890533
0.0652789026
0.0484059975
-0.0503892638
0.0091209868
0.0476422645
0.0090552559
0.0447956957
0.0325366557
0.0740173385
0.0764296725
-0.0184284449
-0.0400479920
-0.0228969269
0.0223301612
-0.0257524308
0.0785321444
0.0165677257
-0.0027878892
-0.1014762968
-0.0055993274
-0.0189689919
-0.0556634478
0.0077904761
0.0167484879
-0.0633418411
0.0657826886
0.0974919945
0.0219489187
0.0013336749
0.0530923456
0.0046160566
-0.0451668799
-0.0716491044
0.0831168517
0.0501893386
0.0563780777
0.0159536526
-0.0160264168
0.0234301109
-0.0556490198
-0.0064515118
0.0665168613
0.0437266044
0.0170107093
-0.1611887813
-0.0121100610
-0.0628592968
0.0906941444
0.0298406221
-0.0023198600
0.0277542025
0.0279275868
0.1264377981
0.1035310328
0.0159120001
0.0070322249
0.0254145395
0.0585312285
0.0079044495
0.0460026674
-0.0452456884
0.0081416555
0.0407397673
-0.0148824863
-0.2229602635
0.0501210615
-0.0449264795
0.0096853413
0.0386436842
0.0160666816
-0.0319169797
0.0315087773
0.0666741952
0.0254926346
-0.0284696016
-0.0871756747
-0.0119897649
-0.0649801418
-0.0063624443
0.0716829523
0.0179322883
0.0201212689
-0.0889869928
-0.0500125103
-0.0322844721
-0.0528735407
0.0049089673
0.0165924579
-0.0467728786
0.0528792106
-0.1151089966
-0.0397939049
-0.0255207755
0.0776673630
0.0959054977
-0.0035646507
-0.0591513813
0.1462001950
0.0841063187
0.0800079182
-0.0068953014
0.0284120180
-0.0104217827
-0.0775001943
-0.0552186407
0.1644820720
0.0889608040
0.0693071336
-0.0952857807
-0.0236098450
-0.0232315827
0.1565355510
0.0802097321
0.0513307042
-0.0176685583
-0.0427539572
0.1417455226
0.2897054553
0.0425104946
-0.0155122560
0.1854503751
0.0720205307
-0.0521434359
0.0165691022
0.0150968153
-0.0536179170
0.0326373018
-0.0229229089
-0.0815116465
-0.0104436921
0.0147777675
0.0300944708
0.0249458458
-0.0865317136
0.0291012749
0.0830156729
0.1951997876
-0.0060428409
-0.0459251478
-0.0336893313
-0.0431770235
-0.0378809460
0.0159767698
0.0921179205
0.0368631035
-0.0281281266
-0.1396394074
0.0315416120
0.0277812611
-0.0790800825
-0.0387289450
0.1265300363
-0.1506270468
0.0793973431
0.0972962305
-0.0134799778
-0.0337354317
0.0632224753
0.0288359672
-0.0749274641
-0.0246074293
0.0656761006
0.0476612896
0.0212817062
0.0497538559
-0.0298175551
0.0803089365
-0.0868155882
0.0606762804
0.0597021542
0.0335745104
-0.0020656218
-0.1654130965
-0.0091770682
-0.1080684289
0.0419524200
-0.0050101457
-0.0372046269
-0.0187131148
0.0311736893
0.1184932068
0.0810246170
-0.0555321909
-0.0105040194
-0.0067453543
-0.0613461547
-0.0697869733
0.0185717233
-0.0161594301
-0.0042500207
-0.0055881459
-0.0292145889
-0.0825820118
0.0094392411
-0.0235858746
-0.0036494324
0.0230421610
0.0009884448
-0.1628957838
0.0373238921
0.0650919080
0.0281589162
-0.0250392240
-0.0634189844
0.0518618822
-0.0150320577
-0.0126810772
-0.0353882387
0.0313708633
0.0277229752
-0.1128090844
0.0114175379
-0.0120287174
-0.0818320215
0.0163897276
0.0943520963
0.0160041340
0.0478458218
-0.0000291191
-0.0265808608
-0.0417086519
0.0169132743
0.0083294325
0.0010048755
-0.0552693568
-0.0396955721
0.0743637979
0.0117855379
0.0318451934
-0.1245891973
-0.0386907570
0.1309439093
0.0089924438
0.0440019853
0.1111602187
0.0972638652
-0.2401707917
-0.0430265963
-0.0429439135
0.0647625774
0.1253958344
-0.0442132987
-0.0391088203
-0.2176025957
-0.0129798455
-0.1060420051
-0.0564863048
-0.0270938892
-0.1062494516
0.0511028469
-0.2861662209
0.0429541692
0.0284990091
0.0099561773
0.0005340845
-0.1025226191
0.0078057349
-0.0311494824
-0.0858820602
0.0671204850
0.0106386244
-0.0716526955
-0.0420130901
-0.0449023880
0.0582635067
-0.0042538093
-0.0641466081
0.0199409928
0.1861044765
-0.1790196151
0.0373199098
0.0386909507
0.1914521903
-0.0662169307
-0.1484797299
0.0503375232
0.0517409444
0.0157154482
-0.0181448590
0.0348569602
-0.0245955978
0.0406304114
0.1967868358
0.0383116789
0.0210182741
-0.0216793511
-0.0611101091
0.0718797743
0.1643113196
-0.1321979016
0.0226576701
0.0784140378
0.0012629357
-0.0163106527
-0.0422088541
0.0822863132
-0.0268402863
0.0062476434
0.0860681310
0.0218859147
0.0545664094
0.1115227938
0.0508014150
0.0852556676
-0.0238904953
-0.0565255247
0.0432632826
0.0673602298
0.0704792216
-0.0174796041
0.0135120498
-0.0375582054
0.1187750772
0.0673701465
-0.0273614749
-0.0130007602
0.1516615152
0.0400315039
0.1350361407
-0.1163082495
0.0942685157
0.0097054960
-0.0253004283
-0.0272566397
-0.0538422875
-0.0319486000
-0.1227033734
-0.1213553548
0.0204675738
-0.0813829750
0.0003329504
0.0164721627
-0.0014662860
-0.0166145880
-0.0349308401
0.0393450893
-0.0411910675
-0.0030523788
-0.0958858728
-0.0513366535
0.0405762829
0.0775780007
0.0394148417
-0.1133051217
-0.0600317046
-0.0351094939
0.1976521909
0.0296229962
0.0217224881
-0.0195073076
-0.0597927384
0.0724523067
0.1636044681
-0.1297904402
0.0223914124
0.0791138187
0.0018835544
-0.0195679385
-0.0451343097
0.0820505023
-0.0268510431
0.0058836816
0.0845355913
0.0246423241
0.0523260012
0.1137004495
0.0493996665
0.0860009342
-0.0251648165
-0.0559384376
0.0443575718
0.0644753352
0.0748036951
-0.0167250447
0.0119630294
-0.0378269553
0.1188475117
0.0678371564
-0.0287436377
-0.0138298515
0.1536468118
0.0389265195
0.1330012083
-0.1151765585
0.0950122476
0.0093911132
-0.0257175490
-0.0241413061
-0.0537920520
-0.0326919481
-0.1265848428
-0.1194352582
0.0215461273
-0.0812454373
-0.0000051919
0.0156792533
0.0001439968
-0.0173405726
-0.0354929566
0.0364900902
-0.0400455222
-0.0041548084
-0.0964840651
-0.0523109585
0.0353514701
0.0806560740
0.0389565118
-0.1120911539
-0.0576399900
-0.0357545689
0.1971308887
0.0285283085
0.0227924176
-0.0164836291
-0.0592875667
0.0728170648
0.1623697728
-0.1287002116
0.0222547371
0.0793517753
0.0024800836
-0.0236386415
-0.0471121185
0.0801277161
-0.0270162039
0.0056986599
0.0833145082
0.0280034430
0.0502109490
0.1148248538
0.0471612960
0.0859592557
-0.0272166431
-0.0541265868
0.0449783839
0.0612282343
0.0791758075
-0.0163786672
0.0090003209
-0.0390950516
0.1190907657
0.0679402277
-0.0296568647
-0.0141954096
0.1561533064
0.0376352482
0.1302645057
-0.1144813299
0.0965367630
0.0073565915
-0.0250863358
-0.0210723374
-0.0536607727
-0.0338984467
-0.1308691949
-0.1160505787
0.0227908771
-0.0810437724
0.0005541550
0.0156492777
0.0026976832
-0.0181382857
-0.0357036442
0.0334764011
-0.0395279229
-0.0055947052
-0.0968293995
-0.0550898500
0.0291612521
0.0828070119
0.0375184380
-0.1105242446
-0.0548956282
-0.0373198166
0.1952777207
0.0280405842
0.0228329990
-0.0139203537
-0.0584185161
0.0704844892
0.1592423171
-0.1219853610
0.0229228735
0.0749132857
0.0051616351
-0.0247150678
-0.0408022329
0.0749680102
-0.0252468660
0.0086472668
0.0829163268
0.0279990025
0.0404588394
0.1140581965
0.0388447568
0.0833111629
-0.0293745790
-0.0545140915
0.0431570001
0.0587304607
0.0840080380
-0.0132376524
0.0064971861
-0.0382227227
0.1168413907
0.0612597466
-0.0306706894
-0.0142922234
0.1533076614
0.0369010828
0.1248956993
-0.1118002534
0.0931890681
0.0060127690
-0.0233213771
-0.0210034642
-0.0511960648
-0.0344863236
-0.1380354911
-0.1099689156
0.0241835024
-0.0792437717
-0.0002291675
0.0139076998
0.0056416411
-0.0190144628
-0.0349144042
0.0291951057
-0.0398404673
-0.0053416900
-0.0970938876
-0.0535513870
0.0272209626
0.0768546537
0.0382011011
-0.1031986028
-0.0503060743
-0.0364302844
0.1871423423
0.0263515320
0.0176974703
-0.0172553435
-0.0573298745
0.0633159652
0.1572525501
-0.1106475815
0.0228012688
0.0688806698
0.0107646091
-0.0182405878
-0.0234263018
0.0662646368
-0.0231857859
0.0116842771
0.0846216977
0.0185209941
0.0319433585
0.1072808355
0.0274370778
0.0824002475
-0.0290172249
-0.0562490001
0.0383230485
0.0671257600
0.0769316331
-0.0081685008
0.0087057110
-0.0337037407
0.1166721210
0.0515347719
-0.0299703609
-0.0138599565
0.1412379146
0.0359383970
0.1233680621
-0.1115096286
0.0825706273
0.0058378256
-0.0221131202
-0.0282227602
-0.0513886698
-0.0287138633
-0.1364381164
-0.1096444055
0.0293306988
-0.0768873319
-0.0005205614
0.0092411274
0.0036583876
-0.0183983780
-0.0351741388
0.0285230409
-0.0399727598
0.0009567070
-0.0969711244
-0.0424638465
0.0409220271
0.0596020147
0.0391062945
-0.0947019607
-0.0497008562
-0.0323539004
0.1774470657
0.0246343128
-0.0321847647
0.0495214686
-0.0251148138
-0.0610005930
-0.0767279342
0.0400549471
0.0586273670
-0.0194087196
0.0333139524
-0.0400005467
0.0277696010
-0.0695224702
0.0390297025
0.0817338377
0.0433789939
-0.0307166204
-0.1117752790
-0.0231665112
-0.0992433876
0.0339098796
0.0627115518
0.0192117449
0.0372576863
0.0007836514
0.1261049658
0.1047735065
-0.0616119206
-0.0093361503
0.0656864271
-0.0541511700
0.0744495764
0.0371508449
-0.0389826335
0.0213136803
0.0433850363
0.0098860739
-0.1334865391
0.0415604040
-0.0169400778
0.0110344887
-0.0000122663
0.0277982652
-0.0770999119
0.0404834412
0.0897690281
0.0334805436
-0.0303674955
-0.0975706279
-0.0077544604
0.0111216027
-0.0056907553
0.0113131227
0.0268028285
0.0045931237
-0.0752958581
-0.0033076310
-0.0198302642
-0.0592794567
0.0170449764
0.0609380342
-0.0976907760
0.0331938788
-0.0578593537
-0.0203721151
-0.0313420445
0.0895270184
0.0169645194
-0.0525029413
-0.0431351624
-0.0184738729
0.0413941853
0.0506496876
-0.0150079969
0.0347209908
-0.0388389044
0.0138867944
0.0082714260
0.0703457966
0.0499044396
-0.0013189267
-0.0418820046
-0.0232218225
0.0098063294
0.0619798452
0.0815336183
-0.0189707875
0.0418371335
0.0302921459
0.1019171476
0.1221240908
-0.0363415182
-0.0340897590
0.0342039354
0.0313124694
0.0043444294
0.0471276939
-0.0376165472
0.0519617237
0.0593193360
-0.0073902262
0.0445677787
0.0610904731
-0.0495695211
0.0648236126
0.0336470641
0.0163919013
0.0744565204
0.0274849664
0.0659396052
0.0776108950
-0.0173525512
-0.0451862663
-0.0371532887
-0.0378851667
-0.0368388705
0.1195887551
0.0166630819
0.0078037702
-0.1024516597
-0.0229801480
-0.0439675413
-0.0653466359
0.0133826351
-0.0126052219
-0.1248040944
0.0485132970
0.1386588514
0.0273401421
-0.0192926433
0.0745331496
-0.0420272835
-0.0573001876
-0.0397439189
0.0515037961
0.0299577601
0.0142219998
0.0115672732
0.0025823382
-0.0394093953
-0.0338486433
-0.0379095785
0.0831671059
0.0557805412
0.0124374526
-0.0747747719
-0.0257120915
-0.0257817674
0.0843686238
0.0707810894
-0.0177302714
0.0191549137
0.0197907407
0.1246288121
0.1185212210
-0.0313085280
-0.0356325060
0.0061059333
-0.0152781354
0.0381300375
0.0548104495
-0.0333630331
0.0447869003
0.0281645488
-0.0022421679
-0.0522354692
0.0601278096
-0.0283539556
0.0232344214
0.0426756181
-0.0046266979
0.0254256092
0.0396613069
0.0994501561
0.0646563992
-0.0152178397
-0.0676320046
-0.0547482036
-0.0152537096
-0.0293910932
0.1015727967
0.0174321383
-0.0038402446
-0.1116559654
-0.0224240683
-0.0595873371
-0.0685546622
0.0075905421
-0.0149719380
-0.0727828369
0.0663327500
-0.0368187465
-0.0068537793
-0.0271006711
0.0878455862
-0.0035769648
-0.0552776866
-0.0283994433
0.0306928921
0.0379585885
-0.0054701436
0.0174555518
-0.0007413438
0.0381101742
-0.0560412630
-0.0012378190
0.0509415679
0.0345477797
0.0031577707
-0.1072505265
-0.0126497122
-0.0532576106
0.0589567050
0.0198869649
-0.0513666682
-0.0035271586
0.0561607182
0.1101051643
0.0408533365
-0.0388224609
-0.0303311665
-0.0192808285
-0.0112785418
-0.0298941042
0.0411829539
-0.0346214995
0.0269113276
0.0368492045
-0.0227434859
-0.0454232469
0.0496598631
-0.0381431170
-0.0028342078
0.0344932601
0.0223690737
-0.0405494347
0.0377196111
0.0706729144
0.0542465523
-0.0190845579
-0.0514627844
0.0011893581
-0.0064053060
-0.0157855134
0.0462603979
0.0099198371
0.0236974899
-0.0980719551
-0.0101258038
-0.0334384032
-0.0773452371
0.0130949328
0.0394662395
-0.0151219945
0.0571296364
0.0106967371
-0.0139163574
-0.0647576228
0.0811491907
-0.0112129347
-0.0521234348
-0.0086945267
0.0856425613
0.0263237078
-0.0181582719
0.0467976704
-0.0166936107
0.0815737024
-0.1167689487
0.0175894983
0.0416701399
0.0263853949
-0.0143148126
-0.1591939181
-0.0111449007
-0.1020996049
0.0533185117
-0.0148799596
-0.0600508861
-0.0247431304
0.1520801038
0.1138789207
0.0581941642
-0.0374262482
-0.0299911685
-0.0438668467
-0.0650123954
-0.0310940221
0.0358812474
-0.0427516885
0.0050380039
0.0135359112
-0.0167187080
-0.0864841267
0.0229162388
-0.0250956770
-0.0441505052
0.0335758105
0.0209806133
-0.1136164814
0.0397450067
0.0439268909
0.0302254688
-0.0056019798
-0.0617269576
0.0221760608
0.0043674847
-0.0246621780
-0.0269358773
0.0047044717
0.0333032869
-0.1079423279
0.0294571072
-0.0332812965
-0.0915291160
0.0080249393
0.0575904995
0.0729387403
0.0604495443
-0.0794227496
-0.0268226583
-0.0424744003
0.0674848631
-0.0079416102
-0.0462050214
-0.0244423263
0.0514082089
0.0490835048
-0.0043687848
0.0216781143
-0.0210985597
0.0522921123
-0.0732260868
0.0120861353
0.0436665826
0.0447196737
-0.0058607659
-0.1715684533
0.0050563775
-0.1224718317
0.0559599996
0.0452528633
-0.0344165862
0.0374810286
0.1373726279
0.1282327324
0.1178105325
-0.0486303568
-0.0053780372
0.0438676812
-0.0415611677
0.0109835127
0.0252569392
-0.0693266243
0.0084322095
0.0759119689
-0.0160263702
-0.0429435112
0.0197266862
-0.0402497426
0.0492327549
0.0247762371
0.0589540079
-0.0290947706
0.0288929455
0.0622206815
0.0574104749
-0.0216464177
-0.0718248338
-0.0313886963
-0.0943943486
-0.0193250943
0.0717684627
-0.0064579146
0.0540561378
-0.0890337676
0.0425565541
-0.0417630039
-0.1303247362
0.0111715375
0.0594762303
-0.0407369062
0.0513946712
0.0231785849
-0.0162665695
-0.0080690486
0.0695016161
0.0210127793
0.0065036411
-0.0471684486
0.0822235569
0.0397398099
-0.0117027713
0.1109988540
-0.0162486620
0.1021952257
-0.0691270232
0.0952880383
0.0163609330
0.0410275348
-0.0186266731
-0.0967270210
0.0098450473
-0.1808089316
0.0471048094
-0.0432814434
0.0002632175
0.0215505026
0.2090716660
0.0386642590
0.0327637084
0.0298488382
0.0050323475
-0.0371948183
-0.0935566276
-0.0547274761
0.0033330009
-0.0339661464
-0.0045903325
0.0238756631
-0.0075651221
-0.1063196361
0.0381139517
-0.0445534289
-0.0041891383
0.0145922797
0.0513243452
-0.1488761753
0.0792819262
-0.1102185249
0.0476853587
-0.0065799542
-0.0652232692
0.0462009795
-0.0266346708
0.0017216746
-0.0574468412
0.0125490259
0.0679078475
-0.0706814453
-0.0295398906
-0.0763146281
-0.0834011585
0.0358384326
0.1139500067
0.2711675465
0.0364219993
-0.0947716981
-0.0130292308
-0.0487520844
0.0836687684
-0.0172639173
-0.0749440938
-0.0254604388
0.1042691544
0.0346556865
-0.0513383746
0.0670118704
-0.0063760993
0.0942573100
-0.1218247116
0.0352595672
0.0729502812
0.0259006117
0.0006401886
-0.1962771863
0.0186975114
-0.1825947016
0.0539152548
-0.0162059721
-0.0405501872
-0.0258446876
0.0947880372
0.1421821862
0.1078762710
-0.0393413045
-0.0180487130
0.0003298164
-0.1178546175
-0.0492788702
0.0120254410
-0.0455327705
0.0032927752
-0.0094018457
-0.0121923182
-0.0380897336
0.0121005215
-0.0192327406
-0.0350268409
0.0094430055
0.0245090891
-0.1781015098
0.0714500770
0.0910497904
0.0444257818
-0.0133230826
-0.0663575381
0.0270386096
0.0044789845
-0.0302843694
-0.0710274428
0.0084363455
0.0271775685
-0.1195867658
0.0320851356
-0.0355017036
-0.1182024032
0.0110879010
0.1390840262
0.0903047472
0.0630460456
-0.0617303438
-0.0261786040
-0.0481397100
0.0780490860
0.0070144157
-0.0745732710
-0.0076298723
0.1295714825
0.0274338536
-0.0452102385
0.0850611329
-0.0323362239
0.1379950494
-0.1504833996
0.0324447863
0.0646182075
0.0179553833
-0.0196701493
-0.2331814915
0.0164480209
-0.2088906765
0.0273709316
-0.0334312432
-0.0499606058
-0.0356473923
0.0846515894
0.1516594142
0.1011272222
-0.0655079782
-0.0114427153
0.0050797160
-0.1403054446
-0.0274887607
0.0132625839
-0.0312961079
-0.0152939474
-0.0143164312
-0.0151720662
-0.0786464587
-0.0017251710
0.0008962094
-0.0504023395
0.0100776339
0.0171148591
-0.2366749048
0.0953139439
0.0974634662
0.0372180268
-0.0160040781
-0.0734861270
0.0470168330
0.0106301280
-0.0228656363
-0.1127881482
0.0145822978
0.0158490762
-0.1057990789
0.0265587326
-0.0183812398
-0.1235706285
0.0306991152
0.1348684579
0.0765844807
0.0468801707
-0.1252010465
-0.0353762433
-0.0332639515
0.0512826554
0.0735973567
-0.0258940831
0.0093190968
0.0573941581
0.0644969046
0.0703100190
0.0385782048
-0.0385970585
0.0118716722
-0.0036005974
0.0115233650
0.0542505346
0.0796301737
0.0395830013
-0.0389336720
-0.0377145931
-0.0268954337
0.0556767546
0.0707888380
0.0046125818
-0.0001432745
0.0334974416
0.0806552470
0.0952049568
-0.0462759435
-0.0312651172
0.0601407699
0.0080827698
-0.1001700386
0.0111404238
0.0556442216
-0.0084696636
0.0484572127
-0.0370648168
-0.0104312627
0.0210900065
-0.0356863290
0.0306084454
0.0031784358
-0.0360409953
-0.0495362096
0.0581379868
0.0469443053
0.0533340424
-0.0511361584
-0.0013378934
0.0500320159
-0.0948022828
0.0328767486
0.1062568575
0.0963374525
0.0015920282
-0.0961358845
-0.0034440954
0.0116360029
-0.0551433153
0.0179427434
0.0892004222
0.0140832532
0.0431029461
0.1433743387
0.0378937237
-0.0294230077
0.0487754270
0.0364709087
-0.0403066203
-0.0100361900
-0.0103807421
0.0610060915
0.0536584258
0.0052822661
-0.0408875979
0.0847069025
-0.0419725440
0.0238487646
0.0130742714
0.0371722654
-0.0167710111
-0.1330159754
-0.0271248873
-0.0675982982
0.0518814214
0.0189155042
-0.0347617380
-0.0127527313
0.0441069677
0.0751753077
0.0518992096
-0.0660429075
-0.0217054114
-0.0647066832
-0.0343598649
-0.0277091116
0.0069883815
0.0087704128
0.0142603125
0.0419689082
-0.0319423638
-0.0725368708
0.0268246569
-0.0178870689
-0.0566026345
0.0095781879
0.0085640522
-0.1060954183
0.0298049245
0.0374100432
0.0390220359
-0.0332994983
-0.0410677642
0.0496226549
-0.0089135580
-0.0074191643
0.0049056825
0.0441839285
0.0024110097
-0.0891377330
0.0235558320
-0.0030167236
-0.0462805331
0.0261704940
0.0371206775
0.0014357395
0.0426115245
-0.0412263572
-0.0133035071
-0.0278640520
-0.0111027332
-0.0104674529
0.0258772690
-0.1298457980
-0.0477121957
0.0988679752
-0.0072192131
0.0158619806
-0.1978260726
-0.0870101601
0.2596302032
-0.0372213945
0.0344867148
0.1626824439
0.1605512202
-0.3844874799
-0.0857658833
-0.0453183278
0.0905674994
0.2144227475
-0.0371928327
-0.0485508107
-0.3893148899
-0.0908600539
-0.2380617261
-0.0762958825
-0.0356828123
-0.2027820945
0.0924803466
-0.4476373494
0.0566099137
0.0332954004
0.0115151666
-0.0166813545
-0.1192333326
-0.0001999473
-0.0450401828
-0.1461566836
0.1427400410
0.0226088241
-0.0925131217
0.0429407097
-0.0953345820
0.0678910092
-0.0253037605
-0.0902686492
0.0413732268
0.2803404033
-0.3215471804
0.0636725426
0.0767950490
0.3122588396
-0.1214654222
-0.1632296890
0.1297212839
0.0719335526
0.0471432246
-0.0533457659
0.0121835200
-0.0928297862
0.0481613018
0.2309716344
0.0461105220
0.0225297436
-0.0153703224
-0.0585328117
0.0696569905
0.1600637883
-0.1219743118
0.0233533904
0.0748493522
0.0034745738
-0.0241756458
-0.0411802270
0.0747723058
-0.0252046827
0.0057784212
0.0815188289
0.0269846786
0.0424321331
0.1146626845
0.0403439999
0.0837373286
-0.0287502278
-0.0540946163
0.0422174595
0.0594531745
0.0825934112
-0.0139137926
0.0082313968
-0.0388534367
0.1167992428
0.0631432906
-0.0299309939
-0.0131992362
0.1523239315
0.0367217660
0.1261614412
-0.1135669202
0.0950941965
0.0060952720
-0.0241005756
-0.0224635415
-0.0505794883
-0.0354868658
-0.1360904127
-0.1114814281
0.0229587704
-0.0766631663
-0.0008631886
0.0141821494
0.0031889656
-0.0192603823
-0.0350966863
0.0314581022
-0.0385202430
-0.0056150113
-0.0978442654
-0.0557330176
0.0291665066
0.0775576755
0.0381275229
-0.1048760414
-0.0507237986
-0.0353626609
0.1889407337
0.0254068654
0.0177554172
-0.0171415862
-0.0574621521
0.0631345436
0.1569039226
-0.1118058488
0.0238621328
0.0698334947
0.0110909371
-0.0192117188
-0.0238513444
0.0665108711
-0.0240014959
0.0103713255
0.0850224197
0.0186469257
0.0335113369
0.1069437712
0.0283228811
0.0831059366
-0.0289574917
-0.0558870956
0.0390107706
0.0670363680
0.0760954097
-0.0085161822
0.0088073751
-0.0330902226
0.1167211235
0.0530350618
-0.0304665081
-0.0134623135
0.1421422064
0.0357431062
0.1229844689
-0.1123116761
0.0845024809
0.0053372234
-0.0220982451
-0.0276326109
-0.0503801741
-0.0293070599
-0.1347480267
-0.1112546027
0.0289992373
-0.0771548077
-0.0000661062
0.0085325185
0.0042791334
-0.0188429244
-0.0358887613
0.0299588349
-0.0393078066
0.0019604980
-0.0969099030
-0.0424413607
0.0406706557
0.0599494129
0.0379944183
-0.0962218419
-0.0499077514
-0.0331855491
0.1786603630
0.0235483851
-0.0313313194
0.0797935501
0.0019920424
-0.0650372952
-0.0572415181
0.0555769429
0.0518131256
-0.0468648709
0.0348176174
-0.0174911413
0.0308161192
-0.0817652345
-0.0360912681
0.0609032586
0.0313522033
-0.0136019085
-0.1479509473
-0.0101548871
-0.1257760078
0.0401027501
0.0481526814
-0.0213910751
0.0074452474
-0.0051228409
0.1158928946
0.1110195592
-0.0351994261
-0.0134180123
0.0562464595
-0.0651275888
0.0218834803
0.0377800539
-0.0531868637
0.0240200218
0.0360147096
-0.0107426969
-0.0590923615
0.0369622111
-0.0047684028
-0.0216874126
0.0091157928
0.0334000140
-0.0657108873
0.0874337330
0.1048096642
0.0605772696
-0.0210184436
-0.0758254156
-0.0068717361
-0.0217026938
-0.0121778827
-0.0057759783
0.0351965427
-0.0113122538
-0.0724370107
-0.0337579697
-0.0228987187
-0.0852752551
0.0288013909
0.0759702474
-0.0442438871
0.0368401520
-0.1064264253
-0.0181918591
-0.0362964645
0.1017867252
-0.0166564044
-0.0659748241
-0.0678430647
-0.0335903279
0.0576571450
0.0310373735
-0.0081831310
0.0172675382
-0.0307865255
-0.0130820619
-0.0242941361
0.0644851252
0.0496835895
-0.0065672412
-0.0784787610
-0.0258877650
-0.0051241447
0.0712940395
0.0706269369
-0.0465970896
0.0039881915
0.0065732640
0.0805678293
0.0701720566
-0.0435289256
-0.0357280560
-0.0229129195
0.0009397832
0.0006128732
0.0442216694
-0.0680365637
0.0444860160
0.0402818061
-0.0134767815
0.0033295541
0.0617429167
-0.0449687056
-0.0009984048
0.0330252051
0.0183716230
0.0465344861
0.0390934497
0.0782396644
0.0602898747
-0.0051641832
-0.0391657427
-0.0128555670
0.0131663494
-0.0429747477
0.0540221222
0.0143696209
0.0019757159
-0.0953284651
-0.0153151313
-0.0304306000
-0.0580642633
0.0046248892
0.0097798686
-0.0647961125
0.0589342117
0.0203804094
-0.0083435625
-0.0392101556
0.0815982446
-0.0085078720
-0.0768879205
-0.0435052589
0.0269493293
0.0347516499
0.0080371918
0.0279840287
0.0008014184
0.0244912896
-0.0486752205
0.0463814139
0.0723700523
0.0422886461
0.0000001249
-0.1344052106
-0.0192124881
-0.0618880689
0.0528945290
0.0244406275
-0.0271821357
-0.0150880991
0.0407109708
0.0935934708
0.1267147660
-0.0470615327
-0.0253670998
-0.0329295062
-0.0298045650
0.0023127196
0.0356168486
-0.0456572212
0.0237872079
-0.0013191717
-0.0101421438
-0.0233321954
0.0316238068
-0.0313657112
-0.0228393488
0.0185024720
0.0015354099
-0.0690050647
0.0489310846
0.0898651108
0.0422618575
-0.0098013245
-0.0575083084
0.0142498650
0.0211296584
-0.0313153304
-0.0178929716
0.0114369849
-0.0011337581
-0.1273898035
0.0069876481
-0.0232421923
-0.0514946058
-0.0017915838
0.0515491106
-0.0073530655
0.0633434132
-0.0306839310
-0.0137816686
-0.0689882413
0.0877491012
-0.0162598044
-0.0823056921
-0.0363054238
0.0239548609
0.0410328321
0.0234162342
0.0135812620
-0.0178550351
0.0259692371
-0.0569529980
0.0225954335
0.0585762113
0.0430437513
-0.0050506168
-0.1614540219
-0.0123421988
-0.0558397397
0.0552921146
0.0246380381
-0.0642061457
0.0058582975
0.0938524231
0.0958251432
0.0510142371
-0.0466543026
-0.0279830974
-0.0488302074
-0.0215863939
-0.0383683667
0.0427973680
-0.0582528561
0.0245347731
0.0299529154
-0.0229035802
-0.0569638982
0.0439808927
-0.0465357825
-0.0250547789
0.0297424365
0.0247303843
-0.0538229570
0.0270981956
0.0640082881
0.0340324417
-0.0136373481
-0.0603748634
0.0215059705
-0.0035201523
-0.0391820222
0.0267954059
0.0124833928
0.0127967270
-0.1027749404
0.0195254926
-0.0263768323
-0.0652982891
-0.0000172728
0.0370203741
0.0277066864
0.0551533625
-0.0008753334
-0.0152981440
-0.0325360596
0.0927793309
-0.0548750572
-0.0433427989
-0.0511444882
0.0181085952
0.0395542495
-0.0104829883
0.0214764383
0.0121617252
0.0183279347
-0.0385789089
0.0082852747
0.0802939609
0.0383062102
0.0021806145
-0.0815479979
-0.0074299215
-0.0696231276
0.0599112920
0.0306091867
-0.0323350020
0.0218780786
0.0481432937
0.0942896456
0.0562201217
-0.0290991031
-0.0275454298
-0.0139953494
-0.0227507446
-0.0452624559
0.0310541559
-0.0469247475
0.0261454359
0.0235344712
0.0034407992
-0.0442592464
0.0501347892
-0.0629725531
-0.0028727849
0.0292169563
0.0208397768
-0.0393852368
0.0241907369
0.0553618632
0.0541518219
-0.0060987603
-0.0559985675
0.0106753800
-0.0067489920
-0.0248548463
0.0151602551
0.0058423863
0.0177393835
-0.0917004719
0.0179389268
-0.0394495651
-0.0857662261
0.0070616137
0.0701562241
0.0371422581
0.0657951906
0.0297234431
-0.0003202228
-0.0431754142
0.0831995010
-0.0742118731
-0.0300214328
-0.0506367125
0.0929401889
0.0367174894
-0.0600063577
0.0601432212
-0.0400022268
0.0332226045
-0.0707691237
-0.0040992196
0.0307684727
0.0181550421
-0.0235523041
-0.1691019833
-0.0271056779
-0.1002763957
0.1078581214
0.0149494428
-0.0630525053
-0.0366900191
0.1262507141
0.1150605083
0.0237659346
-0.0282536987
-0.0187365916
-0.0856033042
-0.0674377456
0.0088506024
0.0312586725
-0.0503052995
0.0171339922
0.0298088025
-0.0277090948
-0.1616063118
0.0458125547
-0.0701515153
-0.0419616252
0.0408576578
0.0347454958
-0.0664378777
-0.0076612094
0.0249806177
0.0203986261
0.0035601784
-0.0682650730
0.0150771094
0.0022541801
0.0039603314
-0.0022479333
0.0345574729
0.0309209097
-0.0929022208
0.0593463406
-0.0312542990
-0.0857959390
-0.0113510098
0.0312740132
0.0883502290
0.0620812327
-0.1532050222
-0.0547555871
-0.0499691963
0.0996088684
0.0138023319
-0.0806953460
-0.0270957164
0.1017807350
0.0454482287
-0.0267976522
0.0472084694
0.0012275424
0.0654388666
-0.1019490957
-0.0150687806
0.0520773530
0.0030571832
0.0005528817
-0.1948803365
-0.0018948680
-0.1510124803
0.0746782944
0.0059136236
-0.0455049239
-0.0430985764
0.0595070533
0.1848360151
0.1353634745
-0.0211681891
-0.0049254587
0.0418591350
-0.0756945312
-0.0636120141
0.0161812510
-0.0691608116
0.0051333196
-0.0033140259
-0.0263534635
0.0196495354
0.0048395405
-0.0203407649
-0.0126480889
0.0255145561
0.0260624178
-0.0876093209
0.0509826504
0.1257672608
0.0333821550
-0.0178227667
-0.0594701096
-0.0229052566
0.0202215519
-0.0328961350
-0.0152384974
0.0200227145
0.0021217486
-0.1196056381
0.0494119413
-0.0057860333
-0.1085552573
0.0032506455
0.1120895669
-0.0095566697
0.0500439964
-0.0316360928
-0.0265894961
-0.0222627558
0.0834041163
-0.0062669925
-0.0732036531
-0.0198867153
0.1278595328
0.0342955701
0.0056972066
0.0845911279
-0.0417277329
0.1340586245
-0.1311839521
0.0653012022
0.0919607207
0.0278506614
-0.0086010471
-0.2453770041
0.0302272234
-0.2130519003
0.0280402619
-0.0347158834
-0.0232535955
-0.0054609538
0.0435367599
0.1479352415
0.1017705053
-0.0466614477
0.0024742575
-0.0160594136
-0.1128201559
-0.0673028529
0.0122486036
-0.0472656153
-0.0099465838
-0.0242786389
-0.0040052542
-0.1299950480
0.0035572627
-0.0105883777
-0.0115350829
0.0098626940
0.0284668803
-0.2302883118
0.0798643902
0.0707654357
0.0361427404
-0.0168234427
-0.0931495279
0.0543935858
-0.0428753085
-0.0255805682
-0.0821897760
0.0012536648
0.0418163985
-0.1060187668
-0.0130314380
-0.0294621121
-0.1291150451
0.0335808918
0.1388642490
0.0803731158
0.0381549038
-0.1077892780
-0.0404160023
-0.1031027511
0.2208900303
0.5905511379
-0.3702644110
-0.1937521249
-0.2827693820
0.1266846359
-0.1469397694
-0.1197505146
0.1703415215
-0.0233051777
0.3775620759
-0.7153628469
0.2081253678
0.1097024679
0.1800431013
-0.2782135606
0.1726514101
0.1254210174
-0.1791027933
-0.0218117125
-0.0193945449
-0.1667379439
-0.6575010419
-0.6576685905
0.3446255326
0.0456580259
0.1948707700
0.4409266710
0.1136648878
0.3173058331
-0.0911077634
0.0864669681
-0.0047389036
0.1084667668
0.0165825691
0.6850688457
0.1425491869
0.1651639789
-0.1313052177
-0.1426811516
0.0404316708
-0.2154463977
0.2038618028
0.2623845339
0.3764963150
-0.0996377841
0.2181545198
0.3141644299
-0.0422452725
-0.5276044607
-0.3223086596
0.1472971886
-0.1475930661
0.0951020643
-0.9683490992
0.2841515839
0.2441504598
0.0397003070
-0.1511789858
-0.7371595502
0.0574627481
0.3243111074
0.2214017957
-0.0367401540
0.0763333887
-0.0183605030
-0.0617044717
-0.0256062709
0.0248505622
0.0371038727
-0.0551740192
0.0364863351
-0.0166544896
0.0394968130
-0.0694286674
0.0036313885
0.0266553555
0.0259144884
-0.0138613880
-0.1050015017
-0.0185854621
-0.0520523712
0.0757790655
0.0036446617
-0.0724461600
-0.0202362984
0.0811879635
0.1149241403
-0.0175500568
-0.0420937985
-0.0431141704
-0.0384452455
-0.0166612789
-0.0711790174
0.0422255732
-0.0306687094
0.0278590377
0.0410983451
-0.0348504037
-0.0621370114
0.0514194630
-0.0545254797
-0.0359882861
0.0342147574
0.0227610432
-0.0747598186
0.0132372947
0.0507845022
0.0325035490
-0.0133418264
-0.0513540059
0.0160861034
0.0103015592
0.0069208988
0.0396582559
0.0222658049
0.0219695475
-0.0979061648
0.0192047860
-0.0187106002
-0.0804396048
0.0072103920
0.0667664409
0.0446305871
0.0535092987
0.0169987977
-0.0126399314
-0.0223872084
0.0730343685
0.0153939435
-0.0535342395
-0.0078824554
0.0526739880
0.0269361231
0.0056308424
0.0412935317
-0.0131821707
0.0860040039
-0.0647349656
0.0529854670
0.0641597807
0.0340910181
-0.0015286459
-0.1277885884
0.0133932298
-0.1003902629
0.0311561916
-0.0063453536
-0.0367705785
0.0022929595
0.0487789698
0.1170736998
0.0492036901
-0.0515750498
-0.0236877967
-0.0004894728
-0.0335828438
-0.0410853587
0.0280172043
-0.0116430474
0.0151806585
0.0271263644
-0.0210991409
-0.0590213239
0.0285958014
-0.0304490346
-0.0069229282
0.0138432086
0.0167004503
-0.1364530027
0.0651393905
0.0545754917
0.0567945912
-0.0233588200
-0.0496488363
0.0251966529
-0.0256963074
-0.0220804233
-0.0127777662
0.0164464619
0.0134297656
-0.0962300971
-0.0175829940
-0.0252930075
-0.0745583698
0.0352514237
0.0769843161
0.0281249341
0.0400013179
0.0227929093
0.0082537588
-0.1293144971
0.1004584730
0.0507462136
-0.0862149522
0.0541642271
0.1264786273
0.0176841039
0.0834759772
0.0714723244
-0.0883573070
0.1489140391
-0.1302470118
0.0459425300
0.1071069315
0.0328883082
-0.0370260477
-0.2662369311
0.0228618104
-0.2211183608
0.0112150591
-0.0146228187
-0.0777590573
0.0166599341
0.0655130297
0.1421522796
0.1759348661
-0.1148254350
-0.0345803350
-0.0791761205
-0.2088943720
-0.1314067692
-0.0200471319
0.0093684746
-0.0283856727
-0.0406982042
0.0162975211
-0.1806522310
-0.0029852879
0.0455747135
0.0316554382
-0.0145943249
-0.0029644668
-0.2035531104
0.0583475307
0.0736636072
0.0178454909
-0.0231812336
-0.0789929852
0.1230441034
-0.1967561841
-0.0875077695
0.0405661017
0.0447754823
0.0112079419
-0.1420762241
-0.0065589673
-0.0066950656
-0.1497133523
0.0078891683
0.1147131547
0.0961600542
0.0185185280
-0.0256157629
-0.0032580008
-0.0128381858
0.0222103782
0.0065290122
-0.0006177499
-0.0741695017
0.0083024576
0.0821963027
-0.0135463709
0.0360967182
-0.1333764344
-0.0257525574
0.1198225617
-0.0267728027
0.0300945267
0.1272363216
0.1023447812
-0.2965597510
-0.0623618066
-0.0782444850
0.0889297724
0.1303277612
-0.0260018520
-0.0647817180
-0.2665017247
-0.0264474060
-0.1080246493
-0.0773450881
-0.0333320685
-0.1076938435
0.0345642231
-0.3220466673
0.0302295331
0.0369533561
0.0000281363
-0.0108319186
-0.0860493109
-0.0159410629
-0.0238045193
-0.0984580368
0.0754732043
0.0233815052
-0.0619020313
-0.0301278960
-0.0226077400
0.0884189084
-0.0163341537
-0.0615569055
0.0132686235
0.1913411319
-0.1862948239
0.0573761687
0.0510752127
0.2154318392
-0.0759410933
-0.1312613487
0.0991990417
0.0436981991
0.0064079827
-0.0209270902
0.0524232388
-0.0488120541
0.0457090624
0.1451412886
0.0233023874
0.0142113073
-0.0200580917
-0.0525706261
0.0543476678
0.1560449302
-0.0923592150
0.0218452010
0.0569029152
0.0042045293
-0.0140337730
-0.0161974225
0.0515325293
-0.0159326419
0.0036370596
0.0703252852
0.0149409315
0.0189394783
0.1120027229
0.0159599595
0.0766281411
-0.0290837754
-0.0541666560
0.0257326700
0.0676413178
0.0814960003
-0.0034313018
0.0141873667
-0.0388979465
0.1106457859
0.0446484089
-0.0284991674
-0.0091524217
0.1273951083
0.0323281027
0.1215763688
-0.1121041700
0.0809328482
0.0064701862
-0.0245120749
-0.0392402150
-0.0482928865
-0.0331800468
-0.1473417878
-0.0984200090
0.0271380376
-0.0553478412
-0.0070716375
0.0089347400
-0.0055530835
-0.0181905683
-0.0323397368
0.0244312882
-0.0321664773
-0.0054610590
-0.1034034416
-0.0555678755
0.0456290618
0.0550314859
0.0447225943
-0.0828883052
-0.0398483723
-0.0212931782
0.1648327112
0.0189026315
-0.0304775927
0.0411820486
0.0039778077
-0.0382235274
-0.0460488945
0.1212502047
0.0353706665
-0.0536734834
0.0597794838
-0.0536466017
0.0583854616
-0.1109125316
-0.0014986950
0.0542007610
0.0368401520
-0.0306189731
-0.1157257333
-0.0017963565
-0.1226264760
0.0036776334
0.0310309343
-0.0009446844
0.0094317384
0.0477045663
0.1250477284
0.0932817161
-0.0508805998
-0.0223565958
0.0623946115
-0.0965653881
0.0972457528
0.0309697837
0.0078249117
-0.0059528765
0.0318945684
0.0040452033
-0.1502787173
0.0383249708
0.0355991274
-0.0160642881
-0.0053994339
0.0226048864
-0.1356465518
0.1118571758
0.0892818347
0.0461767279
-0.0243803635
-0.0877427608
0.0040475521
0.0183683876
0.0075752288
-0.0318118334
0.0466403104
-0.0003198404
-0.0487975702
-0.0387588255
-0.0290986709
-0.0636997074
0.0445799045
0.0525714532
-0.0664715767
0.0301860664
-0.1937818080
-0.0387886465
-0.0458453409
0.1227551028
-0.1046126634
-0.0355598554
-0.0428563356
-0.0548305921
0.0503884777
0.0008155204
-0.0111003481
0.0319573432
-0.0565892868
-0.0286518838
-0.0556424186
0.0231394246
0.0236956738
-0.0174247473
-0.0057084700
-0.0506161191
-0.0447000712
0.1119787171
0.0739266500
-0.0636197254
0.0061288886
0.1499349922
0.0844661519
-0.0012118358
0.0027568948
-0.0230391435
-0.0372131988
0.0006265449
-0.0876605287
0.0487254262
-0.0889493152
0.0595255829
0.0703553408
-0.0165452324
0.0308130570
0.0651381016
-0.0743892491
-0.0402291566
0.0410951301
0.0207973793
0.1004598588
0.0248247329
-0.0053466116
0.0740155354
0.0104099419
-0.0375350937
-0.0359860137
0.0192712471
-0.0314571485
0.0734287873
0.0034366504
0.0122519210
-0.0957570374
0.0109548895
-0.0517760441
-0.0779765993
0.0100283204
0.0421080515
0.1049162149
0.0500317290
0.0494172610
0.0261981245
-0.1262782663
0.1798720062
-0.1310411841
-0.0603443347
-0.1011497155
-0.0120457746
0.0850506648
0.0367499366
0.0208004452
0.0280204844
-0.2221791744
0.0711536333
-0.2171978503
0.0859113783
0.0312652253
0.0208570417
-0.0737050101
-0.0978310183
-0.0628531799
0.2092560232
0.1247705370
-0.0618992448
0.0402250700
0.1730281264
0.0206899717
0.0910179839
0.1526909918
-0.0124142990
0.0886111259
0.0253941901
-0.2046843618
0.0698308125
-0.0883490518
0.0588749051
-0.0142703094
0.0299833603
0.1725529134
0.0082574077
-0.0241236780
-0.0987138525
0.0421891138
-0.0054877982
0.2785813808
0.0310834218
0.0223880094
0.0355235897
-0.0077891098
-0.1403502375
0.0071890871
-0.0759107918
-0.0650962740
0.1373338103
0.0465757288
-0.0787970051
-0.1585164219
-0.0013799958
-0.0361604653
-0.0485254750
-0.0165529642
0.0892778188
0.3164299130
0.0573244430
-0.1509563923
0.0878158584
-0.0444220826
0.0901748464
-0.0325338170
-0.0457228273
-0.0384824872
-0.0086503141
0.0412998758
-0.0039121518
0.0061889309
0.0152484290
-0.0013843027
-0.0230482109
0.0030818859
0.0567105412
0.0347453654
0.0036593080
-0.0452949777
-0.0262270644
-0.0249105264
0.0689583644
0.0417523347
-0.0375854596
0.0173472129
0.0759625435
0.1022117287
0.0647716001
-0.0242135450
-0.0296645202
-0.0288432017
-0.0000625388
-0.0362657309
0.0452079251
-0.0400399491
0.0461175293
0.0436159223
-0.0152212512
-0.0007725656
0.0553935580
-0.0616321191
0.0046462459
0.0373244956
0.0187439919
0.0106566129
0.0096523194
0.0479423441
0.0638395548
-0.0096414704
-0.0423996933
-0.0060083824
-0.0034526889
-0.0149594843
0.0670292825
0.0156011768
0.0204088986
-0.1011659130
0.0068777171
-0.0449518487
-0.0786321908
0.0050575957
0.0304532070
0.0069374265
0.0682976171
0.0657263845
0.0093594678
-0.0220667496
0.0718702823
0.0346043967
-0.0580696687
-0.0358144157
0.0334601887
0.0372713171
-0.0083095301
-0.0003419369
0.0354195312
0.0237104949
-0.0472520441
-0.0107779037
0.0415252633
0.0369093493
-0.0011434078
-0.0807597041
-0.0091506923
-0.0272155311
0.0451999307
0.0309320390
-0.0319731534
-0.0033176809
0.0361819193
0.1135853007
0.1108194590
-0.0273460075
-0.0360683277
0.0573171563
-0.0071213497
0.0241667014
0.0296031535
-0.0260236971
0.0243749917
0.0378171727
-0.0022796460
0.0188799761
0.0427508019
-0.0303235762
0.0145884547
0.0414633155
0.0212811772
-0.0067754220
0.0531861447
0.0917209387
0.0627468303
-0.0215670392
-0.0361462608
-0.0397371762
0.0197547078
-0.0199785121
0.0425176919
0.0114423512
0.0109629333
-0.0863017663
-0.0086669186
-0.0368354358
-0.0775356963
0.0191035271
0.0201245118
-0.1114620790
0.0671749711
0.0145005286
-0.0054820818
-0.0681463629
0.1161325499
-0.0115856891
-0.0840329379
0.0001966161
0.0797768235
0.0352084301
-0.0121424850
0.0547874384
-0.0089783268
0.0772003904
-0.1330336034
0.0322479010
0.0697856173
0.0230796505
0.0040478548
-0.1864831746
0.0050983811
-0.1325605661
0.0509009771
-0.0078631742
-0.0627822876
-0.0588679165
0.0522967838
0.1440389305
0.0620371513
-0.0341401175
-0.0273886248
-0.0462295525
-0.0715767667
-0.0589766689
0.0269439854
-0.0661481321
0.0100074774
-0.0136658261
-0.0186443590
-0.0326987132
0.0139780827
-0.0123344855
-0.0480996370
0.0242275149
0.0145602580
-0.1288727820
0.0763176903
0.0934319794
0.0486281514
0.0028849989
-0.0409523286
0.0209817793
0.0502568819
-0.0409540944
-0.0603183024
-0.0010367519
0.0079750987
-0.1237163842
0.0326375328
-0.0177952964
-0.0892131627
0.0106655862
0.0938673392
0.0706827343
0.0609567277
-0.0376889780
-0.0201353263
-0.0653538108
0.2531638741
0.0416032337
0.4018821120
0.0344836228
-0.1770637333
-0.1203766912
0.0265714973
0.0842060596
0.3601176441
-0.4739412367
0.0536676757
0.5662036538
0.2724935412
0.2317649573
-0.2009148151
0.7157446146
0.0338202156
0.3833564222
-0.4131327868
-0.3364260793
0.7079925537
-0.1982471049
-0.0656907260
-0.7649577260
-1.1754683256
-0.0483547114
-0.0888156965
-0.0642141029
0.2117650807
0.5806897879
0.0648379922
0.5433102250
-0.1936583370
0.1813203990
0.1524573863
0.4454115331
0.1474898607
-0.0150224231
0.4060004354
-0.1634803116
0.1333105564
-0.4152868986
0.1589721739
-1.0959221125
0.3911027610
-0.1010635942
0.2377003431
0.6250828505
0.3181152642
0.0006854844
-1.0676710606
0.2439309210
-0.2480850071
-0.3815946877
-0.5067282319
-0.2624171078
-0.1427062601
0.3252594173
-0.1686783731
-0.0197159816
0.0238473602
-0.2711789906
0.5420534015
-0.9396129847
-0.1390733421
0.1286859661
-1.0130964518
-0.2208478302
-0.5790226460
-0.2134258896
0.4275368750
0.4923359454
-0.0260662492
-0.3313346207
0.2016113251
0.8718615770
0.1104027256
0.5129756927
0.7283185720
0.8476881385
-0.4394760430
0.4400676787
-0.4576624632
-0.3976153135
0.4029483199
-0.1966430694
0.8004630804
-0.0504470840
-2.0834231377
0.3227367699
-0.7058044076
0.0852215067
0.5599696636
1.1030503511
0.2594307661
0.7470622659
-0.0215636995
0.0982675701
-0.2822635174
-0.7633169293
0.0679435059
0.2842868567
-0.4594256878
-0.0485766605
-0.0623014532
-0.0728671253
0.0066920351
-0.1990646869
-0.1272016764
0.0150862439
0.4979469478
-0.2878440917
0.3563922346
-0.0124708107
-0.4839653969
-0.0668541491
-0.3905427158
0.0737170428
-0.3039990067
-0.1635591090
0.0080712056
-0.1093496829
0.6740691066
0.4768947959
0.0568636283
-0.0072445660
0.6512920260
-0.0339622274
0.0459956788
0.0301958099
-0.0479628555
-0.0180616863
0.0338362530
0.0405608900
-0.0152980778
0.0243663620
-0.0470770597
0.1144797131
-0.0928926244
0.0171597861
0.0263149515
0.0344227925
-0.0308584440
-0.1660962999
-0.0047916202
-0.1117306948
0.0336619914
-0.0295925457
-0.0535981283
-0.0130249038
0.0424216613
0.1010103896
0.0681536347
-0.0748165101
-0.0171068162
0.0185561255
-0.0664809495
-0.0339604653
0.0166586712
-0.0098376367
-0.0023272284
0.0175001491
-0.0227131918
-0.0772174299
-0.0079979617
-0.0297820438
-0.0453236736
0.0181230456
0.0012590622
-0.1532959640
0.0530985035
0.0751662701
0.0178461671
-0.0178767722
-0.0486459434
0.0304031000
-0.0211133100
-0.0126970783
-0.0305043533
0.0339075029
0.0178169552
-0.1044538766
0.0197933707
0.0015332591
-0.0677887127
0.0141585050
0.1115442812
0.0177896973
0.0349531956
-0.0362340137
-0.0120638302
-0.0312612057
0.0721075535
0.0047471887
-0.0803817809
0.0211007278
0.2167105228
0.0154297147
-0.0906370059
0.1269162744
-0.0641835630
0.2088172883
-0.1808462739
0.0524883159
0.0933415815
0.0155974999
-0.0011408010
-0.3344262242
0.0675103664
-0.3288231194
0.0183451790
-0.0875426233
-0.0390496626
-0.0438029245
0.0400516093
0.2060934007
0.1462715119
-0.0743526444
0.0014105217
0.0520263724
-0.1925493479
-0.0669076592
-0.0069263354
-0.0126367752
-0.0381206498
-0.0587950759
-0.0176542755
-0.1042299792
-0.0389672965
0.0172848310
-0.0483875312
-0.0083057797
0.0057865148
-0.3786629140
0.1192491576
0.1468493789
0.0241839569
-0.0202484690
-0.0953081995
0.0803163573
-0.0336671658
-0.0157050565
-0.1531149745
0.0099532520
0.0227670912
-0.1227502674
0.0142044676
-0.0141341463
-0.1639311165
0.0488681570
0.2205918580
0.1219139621
0.0348854065
-0.1601761431
-0.0413260944
-0.0295476485
0.0659452453
0.0090069138
-0.0694097728
0.0294933170
0.1790322512
0.0191699620
-0.0705778003
0.1093472540
-0.0558685362
0.1827666610
-0.1554732621
0.0472960696
0.0823461190
0.0205503944
0.0004228320
-0.2936061323
0.0659146905
-0.2865735888
0.0247608032
-0.0790237561
-0.0423266403
-0.0378208309
0.0450964645
0.1859530061
0.1345157325
-0.0658088326
-0.0024556553
0.0512813330
-0.1656408608
-0.0615094006
-0.0058951788
-0.0020934211
-0.0311914831
-0.0413241237
-0.0255734026
-0.0743163154
-0.0330596231
0.0133868624
-0.0472921133
-0.0091200676
0.0029536965
-0.3458230793
0.0980604962
0.1305503398
0.0195915475
-0.0199375488
-0.0842298195
0.0738448277
-0.0311716981
-0.0190642700
-0.1319779009
0.0066884523
0.0200248286
-0.1214873567
0.0093474099
-0.0099087823
-0.1384020448
0.0457513668
0.1884723455
0.1050617397
0.0320355892
-0.1235892549
-0.0338090621
-0.0424903519
0.0758105889
0.0034286550
-0.0829243511
0.0044110459
0.1951723546
0.0185914878
-0.0779820010
0.1148335710
-0.0542588867
0.1803209931
-0.1641692072
0.0456743762
0.0881156698
0.0144770080
-0.0076228748
-0.3046753407
0.0538983233
-0.2959876359
0.0215185881
-0.0650242195
-0.0389120579
-0.0331963599
0.0591178164
0.1972205937
0.1538024247
-0.0674471781
-0.0013037854
0.0403045379
-0.1792556345
-0.0501535051
0.0018960370
-0.0283878632
-0.0264199059
-0.0409600139
-0.0129682729
-0.0861338526
-0.0254455712
0.0069448506
-0.0370490886
-0.0047369087
0.0184503701
-0.3201667368
0.1098916382
0.1332126260
0.0309130568
-0.0180345364
-0.0929715261
0.0589974038
-0.0366671979
-0.0222595148
-0.1215811148
0.0120948218
0.0201601870
-0.1195584238
0.0187307242
-0.0186281633
-0.1563819945
0.0389201902
0.1961453408
0.1037037149
0.0380402617
-0.1440865993
-0.0354611687
-0.0166628137
0.0745418444
-0.0042667924
-0.0822827816
-0.0158711188
0.1465347409
0.0276328735
-0.0312287249
0.0833532736
-0.0419286452
0.1356037557
-0.1108699813
0.0276061110
0.0925773829
0.0236145407
-0.0001218602
-0.2499110550
0.0371488817
-0.2350409329
0.0367917456
-0.0329221636
-0.0191493183
-0.0230014417
0.0030267776
0.1816508770
0.1541087329
-0.0674949735
-0.0002407871
0.0323578604
-0.1421336234
-0.0141001772
0.0007417239
-0.0299621709
-0.0138329519
-0.0313921571
-0.0063638398
-0.0745807588
-0.0025016093
0.0061554043
-0.0135972416
-0.0014419694
0.0045590219
-0.2404778749
0.1066669524
0.1431579143
0.0418062098
-0.0190888271
-0.0781234577
0.0275647473
-0.0163475983
-0.0212516654
-0.0597341210
0.0060153166
0.0067310985
-0.1089787185
0.0049673561
-0.0304537602
-0.1377929449
0.0414456837
0.1508698463
0.0526278168
0.0441049971
-0.1251240671
-0.0249385200
-0.0501199737
0.0717979148
0.0493208133
-0.0416581072
0.0026982131
0.0979882106
0.0685787126
0.0522175767
0.0312927477
-0.0327223837
0.0365801677
-0.0531043187
-0.0226674043
0.0698376819
0.0686191916
0.0126279658
-0.0793476999
-0.0411941037
-0.0723783821
0.0672837570
0.0616153106
-0.0079447320
-0.0126712490
0.0403522104
0.1168281212
0.1271935105
-0.0490847528
-0.0400821678
0.0380871519
-0.0326993130
-0.0958151147
0.0020316183
0.0380584039
-0.0145385172
0.0264466815
-0.0120734824
-0.0482721701
0.0177334994
-0.0179305114
-0.0035995555
0.0038584531
-0.0347313322
-0.0575939752
0.0929178819
0.0931138322
0.0522339940
-0.0360012054
-0.0269985721
0.0287614781
-0.0766664073
0.0251206607
0.0966219455
0.0762522668
-0.0132475821
-0.1011717618
0.0323417895
0.0107667437
-0.0810115486
0.0152828824
0.1179516912
0.0412145071
0.0457630642
0.0832970366
0.0276191514
-0.0349055231
0.0831034556
0.0104566943
-0.0823468938
-0.0082781939
0.1515059471
0.0311784782
-0.0297615565
0.0806699768
-0.0340620838
0.1274965703
-0.1322466284
0.0115076900
0.0726708844
0.0190657061
0.0001134042
-0.2523314953
0.0302838702
-0.2297860831
0.0325747021
-0.0344225243
-0.0408465862
-0.0209045671
0.0661237910
0.1789339036
0.1482550502
-0.0422799848
0.0102070468
0.0513459221
-0.1294860393
-0.0499092527
0.0129885068
-0.0385588184
-0.0227785166
-0.0203912668
-0.0111171035
-0.0542344227
-0.0167443193
0.0009434289
-0.0175643824
0.0140338885
0.0177511070
-0.2131580263
0.0790186003
0.1234199405
0.0289631970
-0.0201802012
-0.0897130296
0.0310698766
-0.0325111672
-0.0224267803
-0.0595518500
0.0129290046
0.0137245404
-0.1055047289
0.0229325276
-0.0168985091
-0.1360857040
0.0352023318
0.1539602131
0.0584740937
0.0453886949
-0.1201842427
-0.0291181859
-0.0399765335
0.0827267170
-0.0801951289
-0.0676071271
-0.0280875377
0.1020353585
0.0294926278
0.0134447906
0.0314025357
-0.0188400690
0.0520393290
-0.1028751135
-0.0509233624
0.0441369414
0.0184040684
-0.0317700058
-0.1232973337
-0.0024010546
-0.1313695014
0.0332604684
0.0101477513
-0.0416482612
0.0070075588
0.0573152713
0.1824205667
0.0768339112
-0.0457752421
-0.0084892465
0.0007949669
-0.1224170029
-0.0157700647
0.0385257825
-0.0647625849
0.0142897479
0.0362971872
0.0046129129
-0.0580047257
0.0273997001
-0.0508751310
0.0273090620
0.0296250787
0.0317003652
-0.0758548453
0.0373033546
0.0835268274
0.0528342240
-0.0001193039
-0.0645485297
-0.0255297329
-0.0443513542
-0.0391618721
0.0344476700
0.0060236068
0.0083907573
-0.0888346583
0.0094121639
-0.0249040760
-0.1048307419
0.0097728465
0.0314118117
-0.0262027960
0.0239690132
-0.0585308634
-0.0213236865
-0.0370964967
0.0756106228
-0.0693739355
-0.0682934001
-0.0516723022
0.0587603822
0.0214272421
-0.0065841698
0.0491623580
-0.0324414186
0.0047566467
-0.0814687759
-0.1046681181
0.0229119118
0.0134850498
-0.0424522050
-0.1377219409
-0.0317985304
-0.0758112520
0.0585922003
0.0302655920
-0.0676385462
-0.0167515688
0.0090868669
0.1589211673
0.0162452422
-0.0455458984
-0.0142578082
-0.0490723141
-0.0711184219
-0.0216656737
0.0687706694
-0.0613394044
0.0356049538
0.0503894873
-0.0269744210
-0.1364682913
0.0451175533
-0.0690409541
0.0031911379
0.0429627076
0.0221981946
-0.0114341043
0.0179554000
0.0924508646
0.0375354402
0.0112586534
-0.0572282746
-0.0320942625
-0.0667888671
-0.0217591487
0.0502149537
0.0453395136
-0.0323097594
-0.0871218964
-0.0083387308
-0.0087160487
-0.0742304996
0.0082619041
-0.0112615936
-0.0574509650
0.0424491055
-0.1058525071
-0.0239575543
-0.0581414215
0.0961980075
-0.0223900862
-0.0755974427
-0.0126107186
0.0226489194
0.0423055068
-0.0140455291
0.0075170328
0.0276522469
0.0406046659
-0.1045388430
-0.0242015384
0.0349498503
0.0134036345
0.0009255106
-0.0673024356
-0.0317220204
-0.0511842258
0.0472926721
0.0202752631
-0.0494823530
-0.0492981039
0.0669203103
0.1326639503
0.0476748981
-0.0240623541
-0.0352974348
-0.0333296508
-0.0208033714
-0.0256546009
0.0433956683
-0.0657608882
0.0360044688
0.0317875519
-0.0218264833
0.0188588090
0.0379933938
-0.0280443486
-0.0563127175
0.0285179783
0.0095976619
-0.0279433168
0.0770432651
0.0979116708
0.0823088139
-0.0081173517
-0.0211453494
-0.0203661993
0.0764743760
-0.0273765437
-0.0282397587
0.0054342905
-0.0092208553
-0.1031534821
-0.0088065388
-0.0036891843
-0.0561085083
0.0056828251
0.0452323183
-0.0041191434
0.0565218963
-0.0072998735
0.0017606588
-0.0281442888
0.1054509580
0.0001184618
-0.0761331841
-0.0401939452
0.0286338013
0.0516880602
0.0532790944
0.0177748576
-0.0054024905
0.0430670492
-0.0391194411
0.0197280589
0.0828396901
0.0405752584
0.0045862477
-0.1412490755
-0.0178779773
-0.0885540396
0.0406511463
0.0273282789
-0.0330191217
-0.0132317496
-0.0137148732
0.0997162759
0.0648488849
-0.0381395817
-0.0031037931
-0.0447938107
-0.0051970822
-0.0995743722
0.0339890234
-0.0696055293
0.0298351310
0.0000860433
-0.0055722366
-0.0244868696
0.0188456159
-0.0438460298
0.0204505250
0.0238974877
0.0203070007
-0.0364043377
0.0220984835
0.0804105997
0.0427549668
-0.0123357316
-0.0656296834
0.0363848731
-0.0385551788
-0.0373528004
-0.0020327722
0.0013313837
0.0182796642
-0.1145998687
-0.0065609156
-0.0116318157
-0.0824258029
0.0134776104
0.0671303570
-0.0302045718
0.0413786769
0.0486110002
-0.0036786948
-0.0447363704
0.1372429878
-0.0100690061
-0.0659393817
0.0156530924
0.0992472842
-0.0009461031
0.1406985521
0.1116384715
-0.0116121238
0.0862455517
-0.0781812295
-0.0086409943
0.0467416793
0.0068206135
0.0041053686
-0.1844825000
0.0276597757
-0.1986730993
0.0023470314
-0.0528421216
-0.0762754604
0.0015485390
0.2645623386
0.1322321892
0.0486083627
-0.0270684585
0.0305202026
-0.1524899304
-0.1935690194
-0.2088873386
0.0414274596
-0.0896673277
-0.0112323910
-0.0098296776
-0.0150418216
0.0438112617
0.0025793149
-0.0213967804
0.0207167733
0.0167262014
0.0372211225
-0.1261228919
0.0453826860
-0.0418752022
0.0561170280
0.0192765426
-0.0300255474
0.0606080033
-0.1107471436
-0.0574981272
-0.0186485238
0.0107982084
-0.0268306918
-0.1031607240
0.0048787654
-0.0151450830
-0.1384680867
0.0385410413
0.1016956270
0.2832589746
0.0138036432
-0.0994320214
0.0353175066
-0.0412104651
-0.6816568375
1.6911115646
-1.1321303844
-1.0345556736
-0.8672286868
0.0234628711
0.1190643832
-0.2864406705
0.4421242476
0.2612555325
0.5948090553
0.6688095331
-0.3503552973
-0.1356357485
-0.7690461874
0.0200003572
-0.3577333987
0.0375600867
-0.7679895759
-0.2972062528
-0.3524108529
-0.2830105424
-0.0457111485
-1.1386941671
-0.6438183784
0.0326035954
0.1202879623
0.7865151167
1.4944617748
-0.2655688226
0.1739846170
-0.7148734331
0.2181134522
-0.2135551274
-0.1114179790
-0.2512145340
-0.1731317788
0.3407393396
0.1491556019
-0.0448045135
-0.3923651576
0.3000518084
0.1371050179
-1.0650178194
0.0370359980
-0.2465948015
-0.4918745756
0.8070424795
0.1379986107
0.0341722406
-0.3751345277
-0.0092188446
0.2680701017
-0.2195806503
-1.3208481073
-0.0094168577
0.4103301764
-0.3351362050
0.0252442956
0.1061559394
-0.0721924454
0.8880317807
0.1222147644
0.2524526119
0.1002810523
0.3411994278
0.0503498986
0.1452055871
-0.1370515078
-0.0249914955
0.5508562326
0.3347135186
-0.4644347727
0.2184061557
-0.2114785910
0.0053756661
-0.2118196040
0.2100458145
0.4360083640
0.1268452406
0.0248537567
0.1618477255
-0.0018608216
0.2966842055
0.0287765954
0.1135188267
-0.2603505552
0.5962909460
-0.0097807692
-0.2190965861
0.1795282662
0.4674661458
0.7440748811
0.2134428173
0.3419967890
-0.2143829316
-0.1430619359
0.5357766747
-0.1323079020
-0.9408048987
0.0157000180
-0.2560015619
0.4902116954
-0.1452950090
-0.0511106402
0.1073662266
0.4256715178
0.4087030590
-0.0620237961
-0.1098731980
0.2860381305
-0.3279052079
-0.2922534943
0.0951229632
0.5557038188
0.1212527454
0.0882321224
0.2115757912
-0.0816837475
-0.1321402937
0.0937470645
0.1461039633
-0.1389277726
-0.5150730014
-0.0513382666
-0.0685016662
0.0087699601
-0.1156972945
0.0436714478
0.1019935235
-0.0386550575
-0.0042308220
0.0643505678
0.0403187759
0.0375479348
0.0811501443
0.0252990555
-0.0076693702
-0.0812621415
0.1809670925
0.1168859899
0.0831809342
0.0227144528
-0.1336707175
0.0419004522
-0.0160677787
0.0723985285
0.0528411046
-0.0343084745
-0.0348345377
0.0367132388
0.0946729556
0.1733626127
0.0208014045
0.0036941669
0.1408706307
-0.0470249280
-0.0544758625
0.0332117900
0.0332410410
-0.0108983228
-0.0004148218
-0.0856158808
0.0730785429
-0.0293594096
-0.0143773928
0.0100744441
0.0508967414
-0.0627560318
-0.1340366006
0.0122422017
0.0638219193
0.0260803681
-0.0469019674
-0.0138052227
0.0650585964
0.0656441525
-0.0369187370
-0.1307740510
0.0461638458
0.0168112721
-0.1514743268
-0.0100461310
0.0287784636
-0.0383848101
-0.0136505477
0.0835162699
-0.0377453752
0.0723249614
0.1599456966
-0.0324753933
-0.0313850418
0.0640588328
0.0227515046
-0.0397395864
0.0362521224
0.1287356913
0.0319164358
-0.0477722399
0.0895994902
-0.0523444861
0.1525161564
-0.1195474789
0.0237670094
0.0736022592
0.0363895074
0.0103829959
-0.2125760913
0.0584745035
-0.2357717603
0.0192426071
-0.0564363115
-0.0270211641
-0.0224891864
0.0854248703
0.1447782218
0.1585739404
-0.0685016215
-0.0109580820
0.0746050775
-0.1573733687
-0.0245548189
-0.0084988652
0.0174840707
-0.0300401449
-0.0113158515
-0.0277715456
-0.0005610711
-0.0214213151
0.0316535868
-0.0435362197
-0.0201412234
-0.0038655770
-0.2908914387
0.0788091198
0.1137108728
0.0181218423
-0.0252139922
-0.0555775836
0.0716643855
-0.0105984444
-0.0235936679
-0.1006880701
0.0146686807
0.0144178635
-0.1060600355
-0.0066496893
-0.0033978506
-0.1051365286
0.0398956724
0.1535652429
0.0696838498
0.0279923528
-0.0931443423
-0.0139909694
-0.0951415598
0.0949218124
0.0704103708
-0.0310899671
0.0293146074
0.1193127111
0.0590735525
-0.0363063402
0.0620058179
-0.0522975028
0.1183239594
-0.0771508962
-0.0452214517
0.0586063862
0.0449567661
0.0241924450
-0.2569415271
0.0384340286
-0.2336312681
0.0259013623
-0.0719342008
-0.0096541317
0.0019028242
0.1232950911
0.1167095900
0.2159552872
-0.0281539578
-0.0275561716
0.0797297582
-0.1153507456
-0.0847775713
0.0059523084
-0.0357624665
-0.0130690569
-0.0228533503
-0.0475493819
0.0844727829
-0.0405007824
0.0298690703
-0.1025897339
-0.0276795700
0.0249632858
-0.2252482325
0.1056881100
0.0702053607
0.0394938029
-0.0213918891
-0.0791119412
0.1036678329
-0.1413256228
-0.0371968448
-0.0936500579
0.0564776622
0.0017806632
-0.1234465092
-0.0737998337
0.0106670894
-0.1064570770
0.0521095805
0.1892374754
0.1207891852
0.0140490513
-0.1647126526
0.0495513603
-0.0296032950
0.0751439631
0.0105287395
-0.0886320844
0.0190130435
0.2464387119
0.0168989580
-0.1002961770
0.1430129409
-0.0734457895
0.2357654572
-0.2029856294
0.0509623811
0.0973957852
0.0121941427
-0.0055918396
-0.3741637468
0.0723877922
-0.3716729581
0.0142445099
-0.1046168506
-0.0418690778
-0.0536042415
0.0338664316
0.2252458185
0.1535465419
-0.0840196237
0.0081500188
0.0558804199
-0.2237201482
-0.0788652077
-0.0118426932
-0.0171047449
-0.0488056466
-0.0749034509
-0.0157765113
-0.1156867892
-0.0481154844
0.0209452473
-0.0481899083
-0.0119848801
0.0115784341
-0.4192669988
0.1337612271
0.1663745195
0.0192768592
-0.0171480924
-0.1063443795
0.0933843702
-0.0359110795
-0.0133542055
-0.1798281372
0.0073917015
0.0247918144
-0.1276858300
0.0272286441
-0.0097671170
-0.1837447435
0.0497177206
0.2471165508
0.1373626292
0.0317930169
-0.1874188334
-0.0480974354
-0.0441119447
0.0743003339
-0.0105177574
-0.0694178045
-0.0137258191
0.1267174780
0.0313454233
-0.0302103106
0.0695835948
-0.0398005024
0.1151252240
-0.1293715686
0.0232766755
0.0531904399
0.0195388887
-0.0173730403
-0.2198827565
0.0125582432
-0.1931646615
0.0429028496
-0.0218203962
-0.0434239581
-0.0241403282
0.0933947340
0.1586165130
0.1018821672
-0.0550505891
-0.0047433199
0.0041358965
-0.1130418330
-0.0206721295
0.0179750212
-0.0449549332
-0.0047241771
0.0028796336
-0.0153688043
-0.0943459272
0.0037665910
-0.0151036736
-0.0334755220
0.0151914926
0.0241863523
-0.1817541569
0.0740214586
0.0889274776
0.0317706205
-0.0131380623
-0.0760051087
0.0239362996
-0.0170450732
-0.0229478013
-0.0556736588
0.0123650637
0.0203215443
-0.1055490300
0.0264538694
-0.0239014961
-0.1147734746
0.0237498563
0.1125678718
0.0595767237
0.0407036617
-0.1204881072
-0.0365334824
-0.0374840908
0.0941484571
-0.0477732681
-0.0649319068
-0.0179371741
0.0986078233
0.0270414073
0.0002934958
0.0727735907
-0.0176321995
0.0883988813
-0.1264781207
0.0072788335
0.0638515577
0.0177005157
-0.0045482568
-0.1784084439
-0.0070420206
-0.1763827652
0.0456324033
-0.0280160829
-0.0486960411
-0.0376608670
0.1149775162
0.1384309232
0.0737974793
-0.0318065807
0.0121398941
-0.0696867481
-0.1113938466
-0.0674862713
0.0335587971
-0.0726942867
0.0037608722
-0.0172451213
-0.0156020559
-0.0742253363
0.0087860385
-0.0311241113
-0.0379874408
0.0222824961
0.0155740762
-0.1394535452
0.0531534664
0.0652509481
0.0346165337
0.0073463102
-0.0671412647
0.0420070030
-0.0104429098
-0.0237698015
-0.0734194741
-0.0010763885
0.0191964358
-0.1221035942
0.0243723541
-0.0199214704
-0.1109794974
0.0159031712
0.0993820503
0.1087839156
0.0472925082
-0.1101130620
-0.0275624860
-0.0312549546
0.0597182848
-0.0006718097
-0.0412325710
-0.0056120781
0.0674895570
0.0303274654
-0.0131405769
0.0580391027
-0.0362428948
0.0848024040
-0.0603014119
0.0337702632
0.0713159665
0.0454224125
0.0021446042
-0.1301679909
0.0208058245
-0.1177829355
0.0361446142
0.0016134207
-0.0213670451
-0.0063723242
0.0368123837
0.1021250486
0.0673081726
-0.0590172932
-0.0190212578
0.0380510204
-0.0624566451
-0.0191099551
0.0172294080
0.0143397404
0.0010336819
0.0195456371
-0.0130129717
-0.0627718270
0.0216714237
0.0003843087
-0.0275566764
-0.0053959908
0.0028301086
-0.1554748118
0.0811314881
0.0877489224
0.0389023535
-0.0239051096
-0.0340390317
0.0388402902
-0.0060703764
-0.0117453160
-0.0381948687
0.0378005803
-0.0068090893
-0.0852685645
-0.0213140715
-0.0183650088
-0.0622987375
0.0395856798
0.0869562551
0.0288520698
0.0381407365
-0.0460284688
0.0075997398
-0.0446694419
0.0447650403
0.0206763335
-0.0235777032
-0.0248089768
0.0597225390
0.0272508096
-0.0077454997
0.0580268577
-0.0315502249
0.0695922822
-0.0418726392
0.0768961459
0.1033163890
0.0604516640
-0.0004916027
-0.0919871926
0.0281675886
-0.0933252200
0.0258523598
0.0314266160
0.0081938328
0.0125724105
0.0715149269
0.0419491157
0.0645361468
-0.0584175326
-0.0231295004
0.0653224662
-0.0605905615
0.0435112640
0.0140932817
0.0401460528
0.0020905638
0.0317336135
0.0084436024
-0.0574861318
0.0276475027
0.0417262986
-0.0364124589
-0.0258849524
0.0026254093
-0.1428729892
0.1207788065
0.0679736510
0.0433550738
-0.0308459513
-0.0172162745
0.0276321843
0.0220532585
-0.0315475501
-0.0771023929
0.0492516756
-0.0306097977
-0.0752269924
-0.0349224769
-0.0260540228
-0.0278741121
0.0413591601
0.0836784318
0.0278171282
0.0333043300
-0.0630517602
0.0242985692
-0.0608993173
0.0469666868
0.0286496021
-0.0106747784
-0.0252100825
0.0431353264
0.0306411367
-0.0011096876
0.0518728420
-0.0390172005
0.0597212575
-0.0342606716
0.0833597928
0.1072109565
0.0700828731
-0.0053637871
-0.0704327598
0.0248370580
-0.0762368366
0.0154508585
0.0478798635
0.0118822213
0.0228669476
0.0901708752
0.0067262249
0.0555449054
-0.0588922426
-0.0223576445
0.0548692755
-0.0609026700
0.0736199915
0.0186451729
0.0523686297
-0.0011193475
0.0381663851
0.0208734851
-0.0521085709
0.0349104442
0.0560411736
-0.0423210599
-0.0329293981
0.0028020230
-0.1280264407
0.1244729161
0.0521953329
0.0481410585
-0.0302542914
-0.0080648707
0.0402701683
0.0286757108
-0.0301576741
-0.0905580074
0.0583051927
-0.0395646952
-0.0644464195
-0.0339168012
-0.0285753198
-0.0183672402
0.0472577661
0.0661152750
0.0256917849
0.0368107930
-0.0790975913
0.0303449798
-0.0655143932
0.0492786169
0.0182435643
-0.0065482869
-0.0223014429
0.0095526557
0.0325602069
0.0106460908
0.0467420518
-0.0441063941
0.0482989065
-0.0315241553
0.0762238130
0.0966259837
0.0710477978
0.0018068291
-0.0276674516
0.0143693630
-0.0581038147
0.0075855684
0.0601497442
0.0145545378
0.0519620441
0.1329530627
0.0137210079
0.0785835907
-0.0582370982
-0.0180105753
0.0600746907
-0.0576343834
0.1076648012
0.0285553336
0.0515666828
-0.0033099004
0.0562114231
0.0153638246
-0.0284193680
0.0386977494
0.0584786609
-0.0427667499
-0.0235398989
-0.0045006643
-0.0996695608
0.1132227033
0.0560332425
0.0565702803
-0.0356086455
-0.0102985948
0.0309828185
0.0321046188
-0.0247063022
-0.0666437745
0.0576828085
-0.0334846415
-0.0572076738
-0.0237670373
-0.0294929165
-0.0250317417
0.0414784811
0.0650539473
0.0377156921
0.0409615263
-0.0970900655
0.0330126621
-0.0536529608
0.0618752949
0.0084636314
-0.0151190301
-0.0210307837
-0.0351879932
0.0327599198
0.0177111998
0.0365802906
-0.0427031107
0.0307955090
-0.0195292905
0.0438270345
0.0649178028
0.0599357001
-0.0018826413
-0.0405234620
-0.0140704345
-0.0352369994
0.0204212815
0.0693467036
-0.0023581150
0.0547391064
0.1537959427
0.0276598670
0.1560135633
-0.0602766015
-0.0037549746
0.0562654287
-0.0440810025
0.0990686491
0.0401616171
0.0191112459
0.0153259356
0.0733993873
0.0048797028
0.0336437039
0.0465316139
0.0260921642
-0.0222816020
0.0024047887
0.0115827313
-0.0377107151
0.0706811324
0.0671441779
0.0572301522
-0.0363537781
-0.0243608188
0.0164446998
0.0243055578
-0.0192959905
-0.0067897681
0.0609060153
-0.0227853414
-0.0727428198
-0.0123239458
-0.0288396087
-0.0425093025
0.0288058948
0.0270776320
0.0127939237
0.0533728600
-0.0806713551
0.0270952862
-0.0542461686
0.0626643300
-0.0167708583
0.0070967800
-0.0290155280
-0.0477258898
0.0363120176
-0.0122833448
0.0345476083
-0.0715993047
0.0231045205
-0.0260609724
0.0052615427
0.0626290441
0.0710686222
-0.0069196718
-0.0340669788
-0.0250264071
-0.0459310859
0.0231569633
0.0975463465
-0.0010954848
0.0611703433
0.1911984831
0.0087424880
0.2181681395
-0.0869584158
0.0046648891
0.0902634040
-0.0679309070
0.1530264318
0.0420712978
0.0113913799
0.0095314002
0.0904074758
0.0074889627
0.0576454364
0.0379061960
0.0467009321
-0.0279840380
0.0027651715
0.0015307226
-0.0001025949
0.0661464259
0.0872395039
0.0539660491
-0.0317504182
-0.0193272959
0.0156177264
0.0412580930
-0.0124998735
-0.0153148165
0.0761275738
-0.0253336318
-0.0686660334
0.0030617560
-0.0253328905
-0.0530243479
0.0298317671
0.0223990772
-0.0180592127
0.0550074093
-0.1489524543
0.0158258136
-1.0070297718
0.1503835618
0.6928408742
0.3156976998
-0.5195928812
0.0164814293
0.3302807808
-0.8707363009
0.4691526592
-0.2658208609
-0.4399264157
-0.3728897572
-0.2422980815
0.5073894858
0.6133391261
-0.4799374640
-0.2519737780
-0.4896858037
0.3574428558
0.1884507686
0.8179399967
-0.1721504927
-0.3086737394
0.9464846849
-1.3077163696
-0.5851491094
0.2258141041
-0.3910486996
-0.6608608961
-0.1003512219
0.9890614748
0.2384431809
0.3513205647
0.4725418389
0.5361616015
0.5266680121
0.1612121612
0.4780882001
-0.1575394571
-0.6794366837
-0.4631143510
0.5890282393
0.6191609502
0.1767883599
-0.5042781830
-0.1619957983
0.3722709119
-0.0201065987
0.0462014303
0.0784382150
-0.1729355007
-0.9951827526
0.1757150739
-0.4925803840
0.1265865117
0.6645943522
-0.5013094544
0.1156510711
0.2251225263
-0.2566958964
-0.3694685400
0.1421938688
0.2662892938
-0.0350022428
-0.0109394435
0.0646706671
-0.0719439387
-0.0553096086
-0.0205521863
0.1056376174
0.0500987619
0.0163868237
0.0940075442
-0.0948055387
0.1289838403
-0.0981350616
0.0359944440
0.0727035999
0.0625798926
0.0089096529
-0.2130427659
0.0176696368
-0.2312400490
0.0132546993
-0.0088513372
-0.0302179847
-0.0258815065
-0.0179182962
0.1138280332
0.1108123511
-0.0536153540
0.0340802036
-0.0225004889
-0.0724170431
-0.0425892696
0.0375678651
-0.0530993827
-0.0077996114
-0.0154169602
-0.0285260193
-0.1076645702
0.0216860212
-0.0325247236
-0.0043790448
-0.0007299552
0.0096781235
-0.1923969984
0.0673983172
0.1134891436
0.0176831689
-0.0249881838
-0.0708850920
0.0750694051
-0.0297476426
0.0153039712
-0.0876894742
0.0298159085
0.0166621599
-0.0652465895
-0.0063136299
-0.0092323367
-0.0591939352
0.0501415171
0.1114230901
0.0539177172
0.0242752340
-0.0932568088
-0.0230212845
-0.0540850237
0.0800762326
0.0266259089
-0.0657808483
0.0033513706
0.0063649141
0.0308059622
0.1084624454
0.0486337282
0.0186620764
0.0388748124
-0.0605831482
0.1058865264
0.0983750746
0.0346090011
0.0151910745
-0.0439590998
0.0028671818
-0.0731194466
0.0138381273
-0.0013824878
-0.0197752956
-0.0349850468
0.0015343828
0.0730792433
0.0567494296
-0.0273481514
0.0095370645
-0.0519562699
-0.0299332142
-0.1035429984
0.0388325974
0.0081941653
-0.0152584631
-0.0215593763
-0.0298671443
0.0558192953
0.0040780581
-0.0025056032
-0.0144224679
0.0159434695
-0.0287814625
-0.1447818279
0.0542594790
0.0781243294
0.0201739743
-0.0209985748
-0.0288568586
0.0591334887
0.0580330566
-0.0289769564
-0.0593156442
0.0191397462
-0.0241154358
-0.0777014345
-0.0250000879
-0.0186410733
-0.0005481611
0.0370342955
0.0745007172
0.0532937497
0.0399044976
0.0856579170
0.0259602387
-0.0328679420
0.0573343486
-0.0315744504
-0.0504580885
-0.0334639251
-0.0294700302
0.0511537865
0.0276732258
-0.0064120167
-0.0060417945
-0.0123953503
-0.0038722709
-0.0210103188
0.0204992108
0.0384563915
-0.0071240347
-0.0251084063
-0.0501309559
0.0249038097
0.0838970989
0.0563558415
-0.0513591915
0.0229680128
0.0774439499
0.0917593613
0.0137647567
-0.0333769284
-0.0253393874
-0.0233172011
0.0399855860
-0.0298313126
0.0633698031
-0.0253547076
0.0404217429
0.0738149136
-0.0346595831
-0.0349436663
0.0623185337
-0.0673216209
-0.0214170702
0.0421448126
0.0137190288
0.0356413648
-0.0147672398
0.0517112017
0.0425404385
-0.0279916953
-0.0447073989
-0.0074383547
-0.0159577373
0.0127068935
0.0990312994
0.0294317305
0.0104209594
-0.0829757079
0.0029775649
-0.0182320327
-0.0434106402
0.0028099166
-0.0048389975
-0.0444372743
0.0526471436
0.0284342021
0.0079570999
-0.0416668653
0.0583489724
0.0132649718
-0.0470816828
-0.0035350272
0.0689519048
0.0383949913
0.0127478056
0.0563494712
-0.0377246626
0.0971902385
-0.0757009313
0.0310946368
0.0718439296
0.0398242101
-0.0122922948
-0.1469840854
0.0110088456
-0.1500197202
0.0279075559
0.0019027623
-0.0178030282
0.0125952018
0.0695700422
0.1165461317
0.1343821436
-0.0706357285
-0.0049174395
0.0636002049
-0.1035689265
-0.0062664291
0.0124275824
0.0044531869
-0.0148501880
0.0119222384
-0.0135577917
-0.0175374709
-0.0005738591
0.0102138110
-0.0245237425
0.0007259591
-0.0037127789
-0.1743202060
0.0837871134
0.0895394906
0.0363681465
-0.0277561378
-0.0545768589
0.0342076942
-0.0202782415
-0.0222027563
-0.0555685498
0.0364223793
-0.0031273111
-0.0948515981
0.0002453553
-0.0144422632
-0.0848758668
0.0369661041
0.1165839136
0.0356833600
0.0330137461
-0.0673175156
0.0086572468
-0.0308150277
0.0526632667
-0.0029327520
-0.0441342667
-0.0058682607
0.1176599637
0.0299377497
-0.0238819923
0.0806194171
-0.0533090197
0.1171161160
-0.0849137008
0.0413840972
0.0785730332
0.0420803726
-0.0008739312
-0.1959280521
0.0337760523
-0.1807547063
0.0357967615
-0.0136675360
-0.0164328497
-0.0143050216
0.0423964299
0.1199298203
0.0870622396
-0.0685371906
-0.0118823778
0.0438690595
-0.1079534292
-0.0316642150
0.0057851984
0.0111339903
-0.0125963055
-0.0029849936
-0.0138632581
-0.0830578357
0.0024361555
0.0087634074
-0.0267034229
-0.0110432189
0.0056063556
-0.2184302211
0.0916911587
0.0941179171
0.0252601672
-0.0268470421
-0.0480984487
0.0533351041
-0.0244852006
-0.0140906610
-0.0791801959
0.0385516547
0.0010626513
-0.0961149037
-0.0096358284
-0.0177695714
-0.0831462815
0.0388491787
0.1168794557
0.0458930321
0.0290106405
-0.0954947993
-0.0087987967
-0.0207989085
0.0484174266
0.0121101802
-0.0330638476
0.0126287648
0.1184883565
0.0218566526
-0.0405327119
0.0828503594
-0.0432185791
0.1144444793
-0.0892525315
0.0535097905
0.0908996239
0.0431714393
0.0106607853
-0.1756835133
0.0547629036
-0.1707309484
0.0405024253
-0.0256464239
-0.0112479907
-0.0176727064
0.0413903631
0.1220571771
0.0851008072
-0.0540353023
-0.0162085202
0.0738001615
-0.0940352455
-0.0187925808
-0.0006032442
0.0333423093
-0.0107626412
0.0047945515
-0.0215984285
-0.0805167556
-0.0011894256
0.0226904638
-0.0378264636
-0.0233669933
-0.0020411748
-0.2396566123
0.0948119834
0.1004018858
0.0187793300
-0.0272539612
-0.0414714962
0.0408681296
-0.0090892054
-0.0213738084
-0.0843324438
0.0271119289
-0.0055759605
-0.0983854383
-0.0258130748
-0.0106822783
-0.0691137239
0.0401516370
0.1250881106
0.0485996976
0.0237600524
-0.0676247030
-0.0041074743
-0.0202048738
0.0472318642
0.0313344263
-0.0262091160
-0.0214733221
0.1269676238
0.0137311155
-0.0495764911
0.0908722803
-0.0192346703
0.0963846743
-0.0775604546
0.0798177347
0.1293758303
0.0477839671
0.0090578739
-0.1376007050
0.0489249751
-0.1322183162
0.0422949418
-0.0038332280
0.0178338401
-0.0197871830
0.0337454230
0.0756687373
0.0710835010
-0.0418264344
-0.0204402898
0.0859720856
-0.0830775946
0.0197766293
0.0017580228
0.0457792096
-0.0029044761
0.0052426569
0.0018010602
-0.0992678180
0.0150616067
0.0459623858
-0.0347981267
-0.0312614813
0.0011357152
-0.2072504163
0.1220130250
0.0883063301
0.0276739579
-0.0354982391
-0.0304850377
0.0232153088
0.0164688341
-0.0390673615
-0.1077416316
0.0369127765
-0.0259574130
-0.0863422081
-0.0475229025
-0.0185363349
-0.0509156771
0.0374719240
0.1206722781
0.0270424690
0.0278384704
-0.0719729662
0.0125294682
-0.0399635360
0.0640402213
-0.0219331384
-0.0697924420
-0.0329526924
-0.0302877687
0.0562789291
-0.0207841732
0.0150039205
0.0026889448
-0.0003590246
-0.0293972958
-0.0258050673
0.0175591819
0.0265643839
-0.0097624129
-0.0589430630
-0.0465648584
-0.0074647279
0.0891639292
0.0293585062
-0.0692898259
-0.0042513865
0.0397994965
0.1076910198
0.0219400823
-0.0293594971
-0.0323950239
-0.0394479483
0.0184289757
-0.0379135422
0.0565270819
-0.0277032722
0.0427741408
0.0568330996
-0.0438241288
-0.0249075480
0.0631059036
-0.0761084706
-0.0488831662
0.0529329069
0.0069213635
-0.0123529108
-0.0030778784
0.0725185722
0.0586943068
-0.0202346630
-0.0544316657
0.0276712552
0.0129994778
0.0309570115
0.0868413597
0.0226866882
0.0085281897
-0.0920966938
0.0194547083
-0.0162076950
-0.0659941509
0.0074824584
0.0183521640
0.0051800776
0.0752154440
0.0187003110
-0.0029434152
-0.0363185704
0.0614236742
-0.0181553103
-0.0692761838
-0.0389410108
-0.0463079698
0.0570719689
-0.0161590911
0.0049180626
0.0023442297
-0.0220350642
-0.0092816167
-0.0152959637
0.0111562461
0.0252119601
-0.0054516145
-0.0274739526
-0.0570772476
0.0253530219
0.1030651852
0.0437060222
-0.0677808896
-0.0044285445
0.0390365645
0.1034298837
0.0006422792
-0.0325340703
-0.0434183329
-0.0505674966
0.0421620682
-0.0417087078
0.0602599084
-0.0276077408
0.0555084869
0.0669178367
-0.0562455319
-0.0176829509
0.0739807487
-0.0794972703
-0.0418572798
0.0501941703
0.0065984819
0.0122671723
-0.0088116396
0.0579478182
0.0594212599
-0.0226506293
-0.0460266881
0.0124906292
0.0103428643
0.0310063660
0.1144400910
0.0259322934
0.0114300000
-0.1004144400
0.0103070987
-0.0190985501
-0.0479938351
-0.0036596840
0.0037322328
-0.0156646203
0.0704537183
0.0601391532
-0.0052313041
-0.0288872663
0.0597622171
-0.0141673256
-0.0640991852
-0.0326301530
-0.0557032190
0.0613689087
-0.0171533339
-0.0025685155
-0.0037614079
-0.0266929213
-0.0027777494
-0.0216129795
0.0025018996
0.0229385458
-0.0026132946
-0.0212609638
-0.0664498061
0.0317999274
0.1149070039
0.0498847067
-0.0715309605
-0.0003289172
0.0490580499
0.0995356441
0.0021331306
-0.0330053791
-0.0386091731
-0.0565728359
0.0461920649
-0.0454447828
0.0631565899
-0.0177497882
0.0580341332
0.0704803988
-0.0608818866
-0.0104722586
0.0785539746
-0.0761053339
-0.0459555089
0.0553590395
0.0060975617
0.0230723917
-0.0169851482
0.0533841178
0.0581588708
-0.0281260703
-0.0476743765
0.0134952776
0.0078561092
0.0398016907
0.1304174066
0.0317564160
0.0148788216
-0.1047645956
0.0099500874
-0.0196261518
-0.0500122868
-0.0035995422
-0.0007362513
-0.0172876380
0.0681206882
0.0548417829
-0.0074598063
-0.0268998127
0.0559221581
-0.0154911093
-0.0602223165
-0.0203358643
-0.0662712157
0.0601533614
-0.0134016201
-0.0058121085
-0.0010964095
-0.0235807002
0.0018151964
-0.0274091698
-0.0077733914
0.0208443496
-0.0035398523
-0.0142777869
-0.0661892891
0.0363335572
0.1094010994
0.0449276268
-0.0744211748
0.0071469168
0.0475581735
0.1017241329
0.0054340991
-0.0276134871
-0.0356175937
-0.0484591387
0.0523988828
-0.0479959063
0.0654624850
-0.0098268008
0.0570821166
0.0787382796
-0.0630048513
0.0008115289
0.0745726824
-0.0822787434
-0.0514266714
0.0583965220
0.0045009735
0.0271897148
-0.0264158957
0.0539533272
0.0632898435
-0.0301643498
-0.0485784523
0.0200422425
0.0025255622
0.0484746769
0.1385265142
0.0294608325
0.0123487776
-0.0992752910
0.0154795209
-0.0139483996
-0.0501961075
0.0012409887
-0.0066328743
-0.0135902306
0.0651374981
0.0594422109
0.0033418937
-0.0236894693
0.0556677766
-0.0160791688
-0.0584399998
-0.0172684863
-0.0753780231
0.0632679164
-0.0193621460
-0.0040930063
0.0011856700
-0.0321148187
0.0010577193
-0.0353813954
-0.0150110442
0.0192465894
-0.0058989287
-0.0095682656
-0.0645029396
0.0413927659
0.1219935641
0.0426647961
-0.0822286904
-0.0020019023
0.0407446474
0.1022920832
0.0017173599
-0.0206808709
-0.0373783521
-0.0566306114
0.0576567650
-0.0576845072
0.0648863986
-0.0076832594
0.0558590777
0.0789689720
-0.0691390112
0.0033463363
0.0745941773
-0.0886853486
-0.0542597100
0.0608517341
0.0032201242
0.0313277133
-0.0443794206
0.0562564619
0.0566136241
-0.0260839500
-0.0474915281
0.0247731153
0.0032188201
0.0569585077
0.1468512565
0.0254646093
0.0135818673
-0.0997985154
0.0211276542
-0.0053258701
-0.0548430495
-0.0036826208
-0.0121576181
-0.0183227155
0.0679417849
0.0673516542
-0.0012200279
-0.0276036132
0.0503257886
-0.0182626676
-0.0641528070
-0.0187814049
-0.0684512630
0.0617565140
-0.0176689383
-0.0011962061
-0.0003062511
-0.0319510847
0.0021355830
-0.0341415368
-0.0113181528
0.0195906945
-0.0054234276
-0.0137998434
-0.0616990291
0.0391787067
0.1235410571
0.0430705287
-0.0811520591
-0.0053959973
0.0395972803
0.1013890579
-0.0013668508
-0.0229110308
-0.0448482446
-0.0497004129
0.0612767078
-0.0551675409
0.0617034473
-0.0053400369
0.0573612750
0.0814630017
-0.0708572492
0.0025792560
0.0745441616
-0.0886890590
-0.0551368780
0.0557042509
0.0042099329
0.0216463674
-0.0340610743
0.0568404384
0.0578549951
-0.0252202265
-0.0478962958
0.0218997542
0.0017476378
0.0533541888
0.1431701779
0.0235632639
0.0117792618
-0.1011822447
0.0183986761
-0.0059905755
-0.0501353107
-0.0047569387
-0.0137814190
-0.0166523568
0.0657558590
0.0712470412
0.0001244170
0.0138087114
0.0423755348
0.1360864043
-0.0696381629
-0.0557820424
0.0223584156
0.0376564227
-0.0215083789
0.0435116030
-0.0444560423
0.0953626260
-0.0172184929
0.1032298207
0.0192523599
0.0306951087
-0.0508890674
-0.1895127594
0.0245469864
-0.0764396340
0.0352681726
-0.0078306813
-0.0274606012
0.0138815688
0.0890529528
0.0723233968
-0.0705597997
-0.0417655073
-0.0252858512
0.0373230800
0.0357134156
0.0024721331
0.0095081590
-0.0435938351
0.0478077121
0.0463389754
0.0246913377
-0.1604348272
0.0239848383
-0.0159616973
-0.0065159514
-0.0068166512
0.0358651578
-0.1371263266
0.0244873278
-0.0475640632
0.0248438027
-0.0460375622
-0.0669452399
0.0494207628
0.0133872200
-0.0265693162
0.0293364562
0.0397411175
0.0312579945
-0.0525942631
-0.0454350971
-0.0366681926
-0.0937418938
0.0554814823
0.0293057431
-0.0020998786
0.0358564109
0.0447180942
-0.0097827287
-0.0523102023
0.0508856848
-0.0436682776
0.0092482110
-0.0289020333
0.1005918160
0.0428774282
-0.0568863004
0.0307876002
-0.0407037400
0.0950790271
-0.1432821602
0.0413232744
0.0963192880
0.0637906268
0.0153173143
-0.1794737875
0.0555097759
-0.2195602357
0.0732505471
0.0060088886
0.0112295123
0.0038512230
0.0187631026
0.1085235253
0.0898522139
0.0160723682
0.0114919106
0.0902703702
-0.0378200412
-0.0340681151
0.0331136212
0.0041417219
-0.0130955921
0.0384365767
-0.0119310264
-0.1934948266
-0.0292718839
-0.0469090231
-0.0536839440
0.0149730463
-0.0073069246
-0.1463140398
0.0605378039
0.1080988348
0.0039568949
-0.0056630988
-0.0338712819
0.0221216995
-0.0056781960
0.0186934043
-0.1296717227
0.0370646976
-0.0270808432
-0.0913646296
-0.0337625742
-0.0099446429
-0.0625651702
0.0412526168
0.1465678066
0.0030432970
0.0642352104
-0.0369273983
-0.0236559287
0.0466082022
0.0719890594
0.0615311265
-0.0241816286
-0.0553910211
0.0247586481
0.0662211105
0.1257919073
0.0263176970
-0.0265111979
0.0127578331
-0.0708621219
0.0539160855
0.0603618845
0.0759736598
0.0779446289
-0.0448620990
-0.0159017425
0.0292171761
0.1789156944
0.0226833336
0.0449848026
-0.0237705410
-0.0409067720
0.1587724388
0.1964180022
0.0283921529
0.0308993030
0.0746454895
0.0279306155
-0.0734408647
0.0373251289
-0.0343605801
-0.0238210410
0.0796819627
-0.0598393604
-0.0746335834
-0.0023835972
-0.0564990193
0.0552552268
0.0469308607
-0.0286083613
-0.0210570320
-0.0069141476
0.1181006879
-0.0456531532
-0.0642417669
0.0042025368
-0.0684821010
0.0262245052
0.0349965803
0.0775347203
0.0036759714
-0.0228989087
-0.0742381662
-0.0133733936
0.0326093137
-0.0289998986
-0.0394631326
0.1089468747
-0.1095435619
0.0671430379
-0.0100649912
-0.0236435011
-0.0172318667
0.0562329330
-0.0087757502
-0.0594459996
-0.0095744925
-0.0665443465
0.0642901361
-0.0197845344
0.0071411324
-0.0067011807
-0.0257937890
-0.0069593685
-0.0374116860
-0.0162045583
0.0140187498
-0.0050277510
-0.0272207689
-0.0597438589
0.0234691370
0.1299355030
0.0354721807
-0.0854652300
-0.0089015178
0.0416011810
0.1149059460
0.0141141675
-0.0195681751
-0.0297995973
-0.0615304261
0.0514203459
-0.0664035752
0.0646307245
-0.0078554312
0.0539877079
0.0739957914
-0.0792367756
-0.0019439656
0.0686089844
-0.0916951522
-0.0579180680
0.0627994761
0.0059677172
0.0141972639
-0.0571325794
0.0658182725
0.0515784286
-0.0261150766
-0.0547225960
0.0312599428
-0.0088627180
0.0646976605
0.1476913244
0.0229480658
0.0159261152
-0.1066811606
0.0284933504
-0.0009939021
-0.0673409626
-0.0070910384
-0.0097214049
-0.0141831795
0.0650355518
0.0540381707
-0.0093455734
-0.0209704582
0.0535764508
-0.0138593717
-0.0622623935
-0.0126917111
-0.0593607612
0.0612240843
-0.0189943835
0.0097057056
-0.0036634512
-0.0251296032
-0.0088598877
-0.0396486931
-0.0101227220
0.0150557887
-0.0059111733
-0.0281994455
-0.0541455634
0.0214255210
0.1260663122
0.0351617448
-0.0850116909
-0.0116852205
0.0409339815
0.1162272692
0.0098263230
-0.0217193961
-0.0362577960
-0.0564546846
0.0514428429
-0.0654902384
0.0620677248
-0.0087202508
0.0532799624
0.0732626021
-0.0793363750
-0.0039108722
0.0673570633
-0.0924676806
-0.0550664030
0.0589036308
0.0051046396
0.0071263639
-0.0519485399
0.0691745654
0.0507582091
-0.0245196987
-0.0529607087
0.0295320116
-0.0100648487
0.0594719909
0.1420260072
0.0185820106
0.0171488002
-0.1061992347
0.0269161165
-0.0026452381
-0.0695545599
-0.0094500938
-0.0112304781
-0.0210098624
0.0671185181
0.0599180833
-0.0095120054
-0.0265959427
0.0552095622
-0.0084551778
-0.0709279850
-0.0171761662
-0.0242012385
0.0539280213
-0.0208385512
0.0266805962
-0.0101043293
-0.0002707726
-0.0278170984
-0.0215934832
0.0047645401
0.0106007168
-0.0061245593
-0.0668951496
-0.0465673581
-0.0170206912
0.1150329858
0.0236259140
-0.0749929845
-0.0190496873
0.0422892943
0.1265498251
0.0369205661
-0.0302693788
-0.0310698599
-0.0542057231
0.0269619916
-0.0583661087
0.0567184165
-0.0186541397
0.0478105173
0.0565183088
-0.0724713281
-0.0178515185
0.0548346043
-0.0840546191
-0.0513941608
0.0515229069
0.0076346290
-0.0306084435
-0.0290455073
0.0797098279
0.0500419661
-0.0227057654
-0.0600092150
0.0283471067
-0.0150305908
0.0482966080
0.1098931730
0.0177618470
0.0159798227
-0.1143481955
0.0278352406
-0.0070201801
-0.0773757473
-0.0069862390
0.0118608028
-0.0043211463
0.0641776249
0.0338435024
-0.0144320661
-0.0283611827
0.0657833070
-0.0078250850
-0.0695044175
-0.0282058846
-0.0254981257
0.0565832071
-0.0227377117
0.0208844878
-0.0061051254
-0.0079188449
-0.0269734077
-0.0189613178
0.0101137469
0.0183364991
-0.0068001072
-0.0570437461
-0.0468365848
-0.0092067048
0.1116199046
0.0311146118
-0.0730492547
-0.0177064538
0.0404434018
0.1202135906
0.0198683757
-0.0302834865
-0.0344321281
-0.0528532639
0.0246920213
-0.0574466921
0.0543537326
-0.0254146606
0.0485721342
0.0556806512
-0.0656851158
-0.0223644916
0.0633106306
-0.0805165842
-0.0450108908
0.0513819084
0.0107956156
-0.0159074478
-0.0179298930
0.0713785216
0.0500843525
-0.0220558625
-0.0544018224
0.0228108875
-0.0032941774
0.0366381817
0.1050627157
0.0224010702
0.0153709361
-0.1087009981
0.0181743577
-0.0134793706
-0.0731459409
-0.0044797664
0.0157210883
-0.0067266030
0.0653143078
0.0389434807
-0.0154478755
-0.0321081243
0.0755043328
-0.0171652865
-0.0686476454
-0.0204771068
-0.0086566079
0.0470421687
-0.0204369202
0.0298298169
-0.0020517423
0.0152529478
-0.0457313955
-0.0138913728
0.0239700545
0.0174866524
-0.0061919633
-0.0718327910
-0.0370385535
-0.0342767499
0.0907284394
0.0178053267
-0.0630627647
-0.0076821302
0.0555958524
0.1261135936
0.0430510417
-0.0260270238
-0.0230453853
-0.0315904766
-0.0004731198
-0.0496406555
0.0509339087
-0.0268246680
0.0368588641
0.0478761308
-0.0401815698
-0.0254632570
0.0543227196
-0.0737345740
-0.0340797454
0.0506345294
0.0166676473
-0.0365166031
-0.0042936387
0.0719394907
0.0587871447
-0.0174875502
-0.0571549870
0.0209189318
-0.0085965004
0.0233037658
0.0751793534
0.0198860113
0.0133891320
-0.0976297855
0.0166015793
-0.0188273061
-0.0902048275
0.0100587923
0.0350756459
0.0247623138
0.0657882541
0.0175814256
-0.0004851926
-0.0328659490
0.0786748230
-0.0486302227
-0.0620259121
-0.0326636210
0.0059784120
0.0307678543
-0.0225856826
0.0255151466
0.0156599656
0.0214221012
-0.0381467119
-0.0233170465
0.0389703587
0.0274690669
-0.0071772384
-0.0683734193
-0.0254165642
-0.0265089050
0.0489169955
0.0163047481
-0.0522613153
-0.0054521849
0.0430484302
0.1106647551
0.0020990102
-0.0430920422
-0.0430258252
-0.0111495592
-0.0011856380
-0.0325809866
0.0484256521
-0.0284780748
0.0352279656
0.0438506864
-0.0203561578
-0.0435635932
0.0527192540
-0.0671811253
-0.0238385871
0.0369628742
0.0137713486
-0.0302347708
0.0313305408
0.0705236718
0.0560527481
-0.0158056207
-0.0483811907
0.0095738536
0.0090410765
-0.0031638495
0.0390094630
0.0108716413
0.0120063890
-0.0790753663
-0.0051096329
-0.0240552481
-0.0721887127
0.0173865408
0.0307240319
-0.0059686410
0.0657523721
0.0210156180
0.0077773719
-0.0373439379
0.0741738081
-0.0454781950
-0.0573070161
-0.0398891196
-0.0028151334
0.0318979509
-0.0200437177
0.0165970884
0.0138752060
0.0009955500
-0.0166790523
-0.0111043900
0.0320704840
0.0292598866
-0.0028783982
-0.0323864557
-0.0403979011
-0.0001394289
0.0610994659
0.0286004189
-0.0459716469
-0.0030266903
0.0381208956
0.1044375300
-0.0199776087
-0.0421433374
-0.0551756918
-0.0213419590
0.0229913443
-0.0326448530
0.0557477027
-0.0301449839
0.0564008020
0.0606289469
-0.0348517597
-0.0375162363
0.0702750757
-0.0739756301
-0.0263564810
0.0319094658
0.0146972807
0.0017474880
0.0383089557
0.0572869331
0.0612150691
-0.0169536974
-0.0437566191
-0.0046376931
0.0124935489
-0.0025025895
0.0695684925
0.0179662649
0.0065961867
-0.0901610479
-0.0137289837
-0.0345819220
-0.0370697975
0.0110478122
0.0131439390
-0.0127417259
0.0574872270
0.0558943339
0.0073923585
-0.0226900447
0.0718721524
-0.0579809360
-0.0508436859
-0.0323035195
-0.0111081041
0.0294825956
-0.0221223831
0.0168520287
0.0059857108
-0.0109272394
-0.0147860246
-0.0121546155
0.0337306373
0.0369413532
0.0012082424
-0.0194004346
-0.0436806902
0.0174037684
0.0723507777
0.0394477248
-0.0400220044
0.0030396250
0.0484887399
0.1113319099
-0.0416888371
-0.0508918948
-0.0587808043
-0.0335741229
0.0365897715
-0.0418545492
0.0556136742
-0.0198629629
0.0638971925
0.0606432520
-0.0474156104
-0.0506792553
0.0798650086
-0.0729467049
-0.0199272912
0.0317099728
0.0175101422
0.0048098546
0.0251679961
0.0550347343
0.0603656285
-0.0174402762
-0.0392978080
-0.0087205693
0.0021471311
0.0066249277
0.0842642710
0.0265542343
0.0116279405
-0.0917680636
-0.0280452073
-0.0372966565
-0.0416706540
0.0119082490
0.0017249002
-0.0238830894
0.0502568670
0.0695221424
0.0075063361
-0.0270311255
0.0660602301
-0.0415292531
-0.0524788089
-0.0382768549
-0.0315840580
0.0335324034
-0.0286663733
0.0097915037
0.0148454867
-0.0100992722
0.0000145866
-0.0096060140
0.0157381427
0.0347181559
-0.0048263189
-0.0034452130
-0.0454068109
0.0344227292
0.0693168789
0.0296832584
-0.0469362475
-0.0011844537
0.0342833251
0.0960601121
-0.0510518700
-0.0382468849
-0.0569246784
-0.0216256175
0.0457637422
-0.0392824970
0.0567086339
-0.0173248965
0.0593794771
0.0699433535
-0.0377816483
-0.0391815789
0.0782270804
-0.0823204219
-0.0294208918
0.0321365222
0.0108799618
0.0228231251
0.0130608724
0.0465023443
0.0567808375
-0.0162645914
-0.0327270515
-0.0025229699
0.0139182843
0.0158043634
0.0892542452
0.0238241591
0.0042843036
-0.0825303122
-0.0184027907
-0.0257483609
-0.0280635189
0.0152010890
0.0107475678
-0.0223494079
0.0597980991
0.0772067159
0.0153878070
-0.0273857489
0.0717470944
-0.0381193906
-0.0511024743
-0.0397791676
-0.0455074534
0.0371093191
-0.0277423486
-0.0006019137
0.0155181978
-0.0177339111
0.0034258794
-0.0094857262
0.0231550783
0.0326726399
0.0001450029
0.0104667787
-0.0496407822
0.0456028581
0.0792649761
0.0339477845
-0.0519098341
0.0028615377
0.0326559916
0.0840698034
-0.0398021676
-0.0357096419
-0.0561497696
-0.0244114958
0.0552351102
-0.0359526724
0.0563558638
-0.0051143328
0.0599578805
0.0780045539
-0.0380191617
-0.0422000252
0.0851595774
-0.0781812742
-0.0309953205
0.0424965322
0.0103743775
0.0380998440
0.0063133254
0.0442109965
0.0611801222
-0.0175877996
-0.0311729498
0.0030993209
0.0272345431
0.0141508952
0.1012924165
0.0284737349
0.0043344093
-0.0803114697
-0.0175918881
-0.0291085131
-0.0221420471
0.0154091390
0.0044602570
-0.0144168288
0.0607247315
0.0833476409
0.0152839394
-0.0265131928
0.0681760609
-0.0425182246
-0.0547128282
-0.0405121222
-0.0430331677
0.0354187302
-0.0170444511
0.0015929228
0.0174929686
-0.0254862476
0.0054384200
-0.0127429841
0.0197208654
0.0333802067
-0.0042016893
0.0105447145
-0.0476064235
0.0540677309
0.0830536559
0.0422498025
-0.0534594767
-0.0031327656
0.0449872054
0.0916758478
-0.0532933325
-0.0405762903
-0.0621007346
-0.0346543603
0.0610653944
-0.0440911576
0.0571104139
-0.0154445739
0.0606198534
0.0777396336
-0.0458895005
-0.0382319801
0.0842683688
-0.0798359215
-0.0191924274
0.0364514291
0.0143532539
0.0413830206
-0.0015044773
0.0414302312
0.0520950332
-0.0165039152
-0.0282054171
-0.0079331826
0.0150528150
0.0108591253
0.1080660373
0.0241656564
0.0110770389
-0.0842095688
-0.0226267204
-0.0263727177
-0.0296015218
0.0066670370
-0.0068721771
-0.0378051624
0.0566639341
0.0980049819
0.0134193944
-0.6912286878
0.3215839565
-0.1386689544
-0.4224739075
0.2486964464
-0.3066973984
-0.0617402270
-0.4688252211
-0.1131862849
-0.0202851687
-0.7618891597
-0.6540930867
0.0428921245
-0.3942615390
0.0882799625
-0.3333912790
0.0559915081
0.0566081107
-0.2059816718
-0.0248744078
0.3387376070
-0.5923036337
-0.0093180975
1.2826051712
-0.9597042203
-0.9164910316
0.0507585928
-0.0523881279
0.3223556578
-0.3953125477
-0.1226376072
-0.0928276479
0.0465560518
-0.0152596682
0.3265618086
0.2095911205
0.4968458116
0.1255149841
0.2527000606
-0.6117133498
-0.1589092463
0.1761312485
0.2383636832
0.0367856398
-0.4592482150
-0.3789974153
0.2106292844
-0.0164362267
0.1363262385
0.7483496070
-0.1348915249
-0.1084176078
0.0373595469
-0.2510299981
0.2240101844
0.5681972504
0.0218313728
0.2311443388
0.2200552076
-0.3874421120
-0.1603710949
0.1820618212
0.2570387423
-0.1555005014
-0.1674940139
0.1591163725
0.2899923325
0.1777069271
0.1528837681
0.0103768613
-0.0154745374
-0.0296541639
0.0189091973
-0.1074606627
0.2724303603
-0.0842175707
0.0142335305
0.0945977494
0.0540515818
0.0210027676
0.0486710817
0.2110411525
-0.0127614019
-0.0365394205
0.1698371917
-0.1434011459
0.1338132173
-0.0118494444
-0.1499022096
-0.0607316419
-0.0201333165
-0.0025357972
-0.4122971892
0.2139888257
-0.0370842069
0.0957481936
-0.0410938039
-0.0010109999
0.2422965914
-0.0722762719
-0.3166637123
0.0329664648
0.0759651884
-0.1311280131
-0.0488969609
-0.1185161322
0.0686338916
0.0216181278
0.1083382517
0.1330402792
-0.0904311240
-0.0544222221
0.0418486148
-0.3727231920
-0.1218865141
-0.1559784263
-0.1595668346
0.0113348141
0.2122470737
0.1804223210
0.0726689026
-0.0302185174
-0.0809120014
0.0692104548
0.0427429266
0.0030097736
-0.1107989550
-0.1059078872
-0.0301021319
0.0788422301
0.0791675821
-0.0473201871
-0.0533548258
0.0633053854
0.0792963579
0.0418765284
0.0954447016
0.0003500777
0.0198926572
-0.0412077457
0.0396267474
0.1351490319
0.0741857886
0.0415242538
-0.1167391241
-0.0048382292
-0.0801344216
0.0577592812
0.0366156511
0.0193034727
-0.0396075733
-0.0663144588
0.0244500861
0.1669835746
0.0036106021
0.0073499922
0.0614132211
-0.0106455302
-0.0611487515
0.0215087589
0.0202917848
-0.0066488404
-0.0324479006
-0.0263664890
0.0315738134
0.0069684419
-0.0007297642
0.0222871844
0.0184737146
-0.0552886650
-0.0840306506
0.0465638526
0.1257264018
0.0071812971
-0.0355634876
-0.0596160069
0.1121368483
0.0312348474
0.0068206992
-0.0817834735
0.0342235640
0.0160732679
-0.0903459638
-0.0446002930
-0.0082634222
-0.0420990549
-0.0171986111
0.0893838629
-0.0747453198
0.0527576692
0.0417480767
-0.0254578963
-0.0277229398
0.0713874102
-0.0480974838
-0.0566788241
-0.0345849767
-0.0351720154
0.0369052663
-0.0087387795
-0.0003342189
0.0176574979
-0.0158154685
0.0004064854
-0.0313279033
0.0112772807
0.0275446828
-0.0087472796
-0.0045399107
-0.0482501164
0.0400765315
0.0679830536
0.0407489538
-0.0588307604
-0.0023216952
0.0545408502
0.0980145857
-0.0516481996
-0.0429650359
-0.0547065064
-0.0279726963
0.0476873778
-0.0443314277
0.0588185191
-0.0256799273
0.0538950861
0.0720160007
-0.0383373164
-0.0318546519
0.0745719448
-0.0794117302
-0.0192705207
0.0373198688
0.0184817854
0.0426457860
-0.0025132063
0.0460059494
0.0499704592
-0.0214906763
-0.0352622569
-0.0102875857
0.0092248516
0.0066385586
0.0980478153
0.0203158576
0.0150976432
-0.0798328295
-0.0175254755
-0.0240035728
-0.0449422784
0.0051550562
-0.0056786877
-0.0449370854
0.0576959886
0.0731923431
0.0118074752
-0.0258015096
0.0628722161
-0.0571131222
-0.0548636541
-0.0297116172
-0.0138063915
0.0290943403
-0.0134648290
-0.0002542189
0.0116542587
0.0014899424
-0.0077207391
-0.0280774403
0.0212184545
0.0306215994
-0.0030845136
-0.0208415370
-0.0464015529
0.0209428035
0.0691636354
0.0309685972
-0.0571448170
-0.0057147318
0.0597836487
0.1055482849
-0.0484042242
-0.0399696082
-0.0542231947
-0.0313879736
0.0497283973
-0.0459385365
0.0629340112
-0.0204935223
0.0542969033
0.0621750504
-0.0291621666
-0.0464061983
0.0652692243
-0.0750870630
-0.0244871508
0.0346046649
0.0026965255
0.0209192932
0.0008219515
0.0388156734
0.0507559590
-0.0174243059
-0.0344333127
-0.0101960376
0.0067533329
0.0127187287
0.0897967368
0.0121106412
0.0131774219
-0.0853230134
-0.0177811198
-0.0226579588
-0.0453608558
0.0093735438
0.0007701456
-0.0399865434
0.0577970408
0.0594622940
0.0121168438
-0.0373459645
0.0677657947
-0.0389026739
-0.0555862002
-0.0439881086
-0.0300247688
0.0387237743
-0.0292592067
0.0068000685
0.0076899589
-0.0172833912
-0.0015133285
-0.0177084208
0.0193768516
0.0266377386
-0.0078566028
-0.0269917510
-0.0508548990
0.0183886103
0.0942917913
0.0425647087
-0.0616566017
-0.0060173417
0.0605401695
0.0900260508
-0.0190891940
-0.0345303155
-0.0489817485
-0.0471968316
0.0378301032
-0.0427627787
0.0589738712
-0.0249219257
0.0568863004
0.0664358288
-0.0354305319
-0.0298053455
0.0748433545
-0.0761702284
-0.0306606647
0.0368020348
0.0053353817
0.0271601323
0.0010547851
0.0402857549
0.0496987589
-0.0159468930
-0.0409748368
-0.0005624574
0.0152939726
0.0132199666
0.1005860940
0.0219615065
0.0150673743
-0.0964317992
-0.0019976471
-0.0265380982
-0.0426306762
0.0021232092
0.0089137023
-0.0170042682
0.0665253252
0.0618044771
0.0019585402
-0.0363688134
0.0770498067
-0.0406942181
-0.0508079417
-0.0450284295
-0.0184155945
0.0405443273
-0.0326606035
0.0067310552
0.0000709287
-0.0107748127
-0.0161002912
-0.0111671844
0.0315576047
0.0355607010
-0.0060736462
-0.0283410940
-0.0465399772
0.0159135573
0.0891831145
0.0438849032
-0.0560484640
-0.0073052351
0.0580272973
0.0969610512
-0.0208211355
-0.0376832262
-0.0550170466
-0.0509686284
0.0288704410
-0.0401077494
0.0547220372
-0.0249054618
0.0572761297
0.0613495074
-0.0321084857
-0.0387118571
0.0775302798
-0.0624172948
-0.0220718123
0.0359279811
0.0088558719
0.0140820649
0.0195618626
0.0367144123
0.0524157025
-0.0146507220
-0.0357568637
-0.0063686669
0.0212860033
0.0038919272
0.0884936824
0.0247365143
0.0171284657
-0.0958338603
-0.0131222876
-0.0312640555
-0.0443105884
0.0027706092
0.0115999952
-0.0150678726
0.0593624674
0.0569576435
-0.0033896365
-0.0401159301
0.0854727551
-0.0301541239
-0.0517523773
-0.0328828432
-0.0020424009
0.0406716838
-0.0427578390
0.0251550358
0.0003575128
0.0148311052
-0.0428997688
-0.0187741537
0.0356344804
0.0286581106
-0.0056140283
-0.0751170740
-0.0345289446
-0.0277541261
0.0828893110
0.0227484945
-0.0555718280
-0.0135688120
0.0533824041
0.1042611524
0.0488100313
-0.0294978619
-0.0374503173
-0.0392344035
-0.0023057216
-0.0186286885
0.0477804057
-0.0251237731
0.0329831876
0.0401816666
-0.0207483377
-0.0366076529
0.0578259081
-0.0548710860
-0.0315980315
0.0407260545
0.0121943858
-0.0257229116
0.0130791105
0.0696857944
0.0569126196
-0.0096193012
-0.0529172719
0.0185577553
0.0189758446
0.0139047159
0.0562956482
0.0221771710
0.0150408000
-0.0931958407
0.0074169678
-0.0231737569
-0.0761338398
0.0071967836
0.0298475269
0.0186054483
0.0750252977
-0.0061006397
-0.0050627133
-0.0303245429
0.0829832032
-0.0474702045
-0.0522562340
-0.0402954109
-0.0246188249
0.0348370783
-0.0131003549
0.0230719149
0.0089703389
-0.0161438342
-0.0201007333
-0.0141680064
0.0451308265
0.0361149423
-0.0112805301
-0.0424385555
-0.0381477252
0.0005256739
0.0699290484
0.0393276960
-0.0428349525
0.0154577252
0.0637903959
0.1119490638
-0.0191905238
-0.0461323410
-0.0358319879
-0.0293872617
0.0082471743
-0.0491783954
0.0575552806
-0.0316826031
0.0542949215
0.0546199121
-0.0450941995
-0.0427363031
0.0759143084
-0.0742764920
-0.0056030317
0.0436907895
0.0175986942
0.0041218996
0.0227966420
0.0623180605
0.0467399247
-0.0081293648
-0.0480059795
0.0025519468
-0.0029673050
-0.0014814790
0.0731764808
0.0276016649
0.0126374429
-0.0906912684
-0.0150275314
-0.0363295414
-0.0684149340
0.0165956840
0.0111877639
-0.0157800876
0.0557787046
0.0776373819
0.0126288589
-0.0516957901
0.0600661077
-0.0215437599
-0.0742991418
-0.0718779638
-0.0467316359
0.0380947553
0.0034177138
0.0058748820
0.0174438041
-0.0285415221
0.0165548399
-0.0018568480
0.0368025377
0.0360740647
-0.0154401939
-0.0269367117
-0.0423924178
0.0338323489
0.0621467866
0.0418301001
-0.0421083495
0.0139348591
0.0316499397
0.0823458210
-0.0188184269
-0.0377489626
-0.0420970321
-0.0409063175
0.0555033758
-0.0194160584
0.0572970919
-0.0489088893
0.0770118088
0.0729684085
-0.0374560617
-0.0340198651
0.0765829310
-0.0952650160
-0.0255032536
0.0355719477
0.0136567242
0.0507561862
0.0111148274
0.0518111326
0.0510202572
-0.0167975537
-0.0414623730
-0.0134990104
0.0135739595
-0.0148193175
0.0951025411
0.0189787913
-0.0112542417
-0.1002863199
-0.0154051101
-0.0303015597
-0.0202938113
0.0050127227
0.0023491194
-0.0275646672
0.0647084638
0.0801566318
0.0057375263
-0.0419592783
0.0469968915
-0.0460560136
-0.0489687137
-0.0578989647
-0.0373985060
0.0342509747
-0.0258366410
0.0190795809
0.0225021578
-0.0170736797
0.0004138594
-0.0033535333
0.0061843991
0.0345037840
-0.0272689648
0.0014102351
-0.0330748595
0.0471503101
0.0629864335
0.0424285270
-0.0489983745
0.0081074629
0.0303739887
0.0837253854
-0.0193603598
-0.0234634820
-0.0639803857
-0.0215276796
0.0382909328
-0.0319122188
0.0420717448
-0.0242746789
0.0461630002
0.0767429918
-0.0144357132
-0.0144909136
0.0699593127
-0.1045264453
-0.0046862965
0.0242890362
0.0218493696
0.0224737562
0.0096133966
0.0387220718
0.0688964874
-0.0165528692
-0.0324681103
-0.0017333924
-0.0197252426
0.0185269713
0.0928045362
0.0101070236
0.0187248103
-0.0843294188
0.0098550878
-0.0254266299
-0.0460244790
0.0036874781
0.0044998019
-0.0304636434
0.0844929591
0.0857138932
0.0153978392
-0.0386119075
0.0700695068
-0.0595577508
-0.0555548221
-0.0350049138
-0.0500940420
0.0349328853
-0.0146556403
-0.0008013413
0.0206688736
-0.0448759571
0.0053843991
-0.0409489572
0.0214157365
0.0278192926
0.0043529915
0.0120141134
-0.0652772412
0.0532829575
0.0962853432
0.0617552251
-0.0616315715
0.0089805005
0.0555622205
0.0861290991
-0.0291647762
-0.0260405466
-0.0606881641
-0.0380292162
0.0806300119
-0.0329675041
0.0693235695
-0.0151872979
0.0704990253
0.0821818486
-0.0430200100
-0.0303958096
0.0989095196
-0.0915905312
-0.0410896502
0.0499193780
0.0018026480
0.0635555759
-0.0031390786
0.0463138893
0.0721114948
-0.0241514351
-0.0486007109
-0.0030513029
0.0200142041
0.0170908887
0.1296469718
0.0210767016
0.0160208736
-0.0923618004
-0.0108140158
-0.0404142216
-0.0358104110
-0.0001876131
-0.0274254419
-0.0302529056
0.0768999308
0.0737923086
0.0099145239
-0.0386321545
0.0609822609
-0.0480786152
-0.0684933811
-0.0427375697
-0.0550783724
0.0425274707
-0.0281345099
-0.0010264368
0.0196303055
-0.0267510638
-0.0000283650
-0.0464883856
0.0109661734
0.0174886417
-0.0041569052
-0.0013604851
-0.0659356639
0.0592204593
0.0930118114
0.0418140627
-0.0716582239
-0.0117083425
0.0536282025
0.0806927308
-0.0340425037
-0.0304522850
-0.0590953715
-0.0493578836
0.0690133497
-0.0418608896
0.0680422857
-0.0209151916
0.0601596832
0.0754929110
-0.0340206176
-0.0162345264
0.0821696743
-0.0854304060
-0.0302959178
0.0540397614
0.0116618127
0.0531956479
-0.0240389649
0.0520752259
0.0589450561
-0.0173611976
-0.0419067927
-0.0018253371
0.0216500424
0.0224359538
0.1180721223
0.0164542980
0.0166271701
-0.0887603611
-0.0012458609
-0.0170496423
-0.0485676713
-0.0100921486
-0.0155769680
-0.0299634263
0.0808939859
0.0689964518
0.0041412390
-0.0474647656
0.0609427318
-0.0513121039
-0.0647420958
-0.0555020981
-0.0508833900
0.0321552642
-0.0219435263
-0.0034709594
0.0265126154
-0.0405971706
0.0104340864
-0.0297565926
0.0222129747
0.0307364576
-0.0114237526
0.0194058660
-0.0590206310
0.0701653510
0.0864954144
0.0476428792
-0.0590781011
-0.0023773913
0.0495564230
0.0735893101
-0.0593458079
-0.0236996580
-0.0722607002
-0.0351648554
0.0804705843
-0.0393650234
0.0615698099
-0.0176473949
0.0712464079
0.0871174037
-0.0306452494
-0.0255346019
0.0917358249
-0.0980689228
-0.0220420286
0.0415158682
0.0129302889
0.0703820512
-0.0030390676
0.0323952064
0.0621004589
-0.0118870651
-0.0336488448
-0.0133716669
0.0203653947
0.0088759540
0.1171538979
0.0143275307
0.0056979936
-0.0869279280
-0.0166070908
-0.0295409337
-0.0267290045
0.0014326002
-0.0228559654
-0.0369019918
0.0687358379
0.1093581393
0.0208750572
-0.0485264957
0.1576801538
0.0536684878
-0.0185785983
0.0246678144
0.0643566623
0.0369828828
0.0665670484
0.1340092123
-0.1310656220
0.1393153220
-0.0641784593
0.0944959447
0.0561685897
0.0014878529
0.0364901312
-0.0964550152
-0.0379506871
-0.0452976972
-0.0240177233
-0.0555998683
0.0144414930
0.0180451423
0.0191449579
0.2511448264
-0.0495475605
-0.0443150252
0.0053186901
-0.1176560074
-0.1060600057
-0.1251278222
0.0039794398
0.0032464117
0.0256250557
0.0051834206
-0.0618448257
-0.0311293174
0.0076516205
-0.0902064517
0.0692244321
0.0069773453
0.0361159295
-0.0042489171
0.0155933062
0.1101846173
0.1306228638
-0.0191363096
0.0310498402
0.0117384279
-0.0499357209
-0.0052565732
0.1476444453
0.0750619024
0.0497389622
-0.0718073696
-0.0221320745
0.0576574020
-0.0719059557
-0.0037337344
0.1051610336
-0.0758198649
0.0003380599
0.0407629460
-0.0078019127
0.1898750216
0.0801463649
-0.1324006915
0.1173411161
-0.1259320080
-0.1223472804
0.0810518786
-0.0997419506
0.3049880564
-0.1337707341
0.0415231064
0.2088626027
0.0596011765
-0.1985463649
0.0163136106
-0.1058742628
-0.5653883815
-0.0733292624
0.1366941482
0.2322101742
0.0096097607
0.1766107380
-0.1334368736
0.3331539631
-0.1190224662
-0.2609930336
-0.2329910100
-0.1844916046
0.1966923773
0.3276241124
-0.2638324201
-0.3373297453
0.1931563765
-0.1839196831
0.0089606903
0.0070131617
-0.4153069854
0.1642468870
0.1112209707
-0.1226971000
0.0293688308
0.0352886952
-0.1179601178
-0.4370645285
-0.1792787910
-0.1601959020
-0.0658169687
-0.1068139151
0.0290907118
0.0187100880
0.1601651162
0.0663468614
0.2734497488
0.0393240750
-0.0276320782
0.3661950231
-0.2532423735
0.3268547952
0.0470280312
0.1099509075
0.1562517732
0.0952607617
-0.2609953880
-0.3769907057
0.2392008454
-0.0364232473
0.3375651836
-0.0212699324
-0.2647637427
0.4424967170
0.0451030321
0.1429093331
0.0684313178
0.1362737119
-0.0531935133
-0.2130810320
0.3779802918
0.2067802101
-0.1212029159
0.0642296448
0.3339804709
0.0284378082
0.3005512655
0.1806875318
0.0958127752
0.2268090397
0.1979645491
0.3814441860
0.2762417495
-0.2590853870
0.3604990840
0.1931717843
0.4581821561
-0.0620149337
0.2706965804
-0.0176638085
0.1893857569
-0.0828226954
0.2270743102
-0.0915318057
-0.7471905947
0.1060485989
0.2814931571
0.3732158244
-0.0639154464
0.0674801543
0.2389093339
0.2192964405
-0.2422791719
-0.0722698569
-0.3657231629
-0.0542762838
-0.1792455018
-0.1710320115
-0.2796052098
0.4591126442
-0.1013824344
0.2030971199
0.1758811921
-0.5346280932
0.3252396286
0.1973432600
-0.4028269947
0.0906785876
-0.4729550481
-0.1123635396
0.0107520372
-0.2217642516
-0.0255940575
0.0834785998
-0.0532138199
-0.0515516885
-0.0460489653
-0.0173888057
0.0402617715
-0.0286629535
0.0129609676
0.0283837188
-0.0101684490
-0.0261529349
-0.0362551250
0.0050481386
0.0303533170
-0.0179336984
-0.0102504557
-0.0340735391
0.0248463415
0.0669393465
0.0240400285
-0.0682938546
-0.0290036239
0.0377217233
0.0990293324
-0.0758824646
-0.0373199098
-0.0549213737
-0.0307850968
0.0165561326
-0.0553348102
0.0490273759
-0.0343517140
0.0276424550
0.0510450490
-0.0219490360
-0.0443768017
0.0711784512
-0.0760586262
-0.0032254145
0.0338131152
0.0077933152
0.0221888982
0.0047670589
0.0457507260
0.0228464585
-0.0105929524
-0.0219735522
0.0002168356
0.0185655039
0.0068871058
0.0755423978
0.0082581788
0.0326138996
-0.0737408549
-0.0109594809
-0.0183638316
-0.0545192920
0.0047983071
0.0202126652
-0.0582301542
0.0735968575
0.0682580695
-0.0092077870
-0.0246967580
0.0749934763
-0.0587675795
-0.0461394042
-0.0363043807
-0.0206874739
0.0442452952
-0.0318818726
0.0059692166
0.0119734146
-0.0262416191
-0.0203309059
-0.0411751047
0.0188836772
0.0359431729
-0.0071754958
-0.0071185040
-0.0413825065
0.0222455915
0.0906949788
0.0364009291
-0.0578558296
-0.0213011466
0.0547989272
0.1182544306
-0.0387631096
-0.0344596654
-0.0654111356
-0.0657318160
0.0471854657
-0.0604312606
0.0511632115
-0.0366028883
0.0632440448
0.0567510054
-0.0608524755
-0.0429402143
0.0736804828
-0.0815235004
-0.0163458195
0.0496941060
0.0153187364
0.0365288183
-0.0153913200
0.0500296354
0.0267952178
-0.0097796386
-0.0307599716
-0.0158412512
0.0249646530
0.0206261929
0.1064798981
0.0205665268
0.0157658346
-0.0827125907
-0.0175140966
-0.0300318450
-0.0729205683
0.0009069255
-0.0131898876
-0.0389673896
0.0585284345
0.0671003386
-0.0037223459
-0.0344950818
0.0860826522
-0.0479685217
-0.0561008416
-0.0453949384
-0.0262389071
0.0376281515
-0.0337343104
0.0060494556
0.0016063936
-0.0213924516
-0.0155444248
-0.0356620587
0.0321863107
0.0267435499
-0.0071146614
-0.0408401899
-0.0503304899
0.0242771525
0.1078370586
0.0565530434
-0.0709875673
-0.0068409154
0.0555432364
0.1016933545
0.0094814785
-0.0313486792
-0.0534223802
-0.0836607218
0.0529863201
-0.0525033399
0.0625983477
-0.0257139318
0.0664769188
0.0716978833
-0.0413002782
-0.0227972902
0.0784182325
-0.0697539821
-0.0177650992
0.0467022583
0.0158527680
0.0601331666
0.0020808436
0.0601706505
0.0570690334
-0.0100830067
-0.0408525318
-0.0054290923
-0.0054370826
0.0063616135
0.1169083491
0.0200005826
0.0140517745
-0.0996668562
-0.0057753329
-0.0174527410
-0.0627869144
-0.0046531865
0.0017556037
-0.0114385420
0.0556164458
0.0569785349
-0.0082795238
-0.0274476428
0.0871451348
-0.0526654683
-0.0381716043
-0.0253848564
-0.0113647869
0.0400548317
-0.0375451110
0.0258909948
-0.0116111105
-0.0238298364
-0.0304046366
-0.0354031473
0.0381272286
0.0330560468
0.0034400143
-0.0532957651
-0.0433519483
-0.0125529161
0.1224725172
0.0537720844
-0.0684274510
-0.0247604642
0.0830863863
0.1144859940
0.0214396548
-0.0312747285
-0.0518448763
-0.0820481777
0.0292743947
-0.0544405952
0.0579849817
-0.0316655226
0.0591856390
0.0470219329
-0.0423938781
-0.0593152232
0.0784780905
-0.0629950464
-0.0398489237
0.0501953959
0.0013427751
0.0136230988
-0.0221068673
0.0457453728
0.0433802716
-0.0098042581
-0.0526503250
-0.0015113676
0.0280874092
0.0249148849
0.1040116176
0.0299685262
0.0269690361
-0.0991760194
0.0004656919
-0.0446185507
-0.0793803185
-0.0013802534
-0.0009198402
0.0004576014
0.0751647726
0.0012273890
-0.0243518446
-0.0180387851
0.1128339246
-0.0194051303
-0.0309750754
-0.0360753313
-0.0084918775
0.0449808538
-0.0520450249
0.0445095822
-0.0145023232
-0.0040497323
-0.0358487703
0.0030172844
0.0369321629
0.0238207653
0.0002422311
-0.0714932084
-0.0241934173
-0.0461980999
0.1124363765
0.0225310680
-0.0531768538
-0.0294986870
0.0738770664
0.1201499403
0.0328462981
-0.0296838153
-0.0235852133
-0.0610972196
-0.0331082195
-0.0499614850
0.0416487716
-0.0495873578
0.0297396462
0.0251820721
-0.0381285883
-0.0692721754
0.0655892715
-0.0505318046
-0.0266328529
0.0507299379
0.0098247323
-0.0272438712
-0.0323075876
0.0407485031
0.0194410160
-0.0021141211
-0.0504964925
0.0120022921
0.0457307398
0.0236106608
0.0640891045
0.0358384289
0.0291368291
-0.0879206657
0.0173888784
-0.0395495407
-0.0964765400
0.0076225521
0.0536981933
0.0302969497
0.0826486647
-0.0144517692
-0.0294295736
-0.0151201375
0.1169073731
-0.1033326536
-0.0047611413
-0.0063260905
-0.0075442954
0.0334057622
-0.0016608151
-0.0084160222
0.0046461457
-0.0452169515
-0.0271428563
-0.0704581290
0.0603655763
0.0680182055
0.0338804685
-0.0028411171
-0.0623505339
-0.0034483511
0.1153054386
0.0677648112
-0.0397841670
0.0061952448
0.0958785489
0.0979132727
-0.0092042079
0.0005560063
-0.0429200865
-0.0505590029
0.0334074311
-0.0585824512
0.0651379973
-0.0451374687
0.0695437640
0.0446874835
0.0048350468
-0.0484956093
0.1007897705
-0.0640574470
-0.0049015004
0.0595245250
0.0159155615
0.0773471072
0.0048045292
0.0095582511
0.0651910976
-0.0076527833
-0.0489659719
-0.0472810306
0.0136843584
-0.0067994045
0.1255819499
0.0184022877
0.0159793124
-0.0881669447
-0.0510835797
-0.0624616891
-0.0645855069
0.0098271146
-0.0392876565
-0.0179125108
0.0593983829
0.0277343206
0.0015710775
-0.0414213762
0.1077811867
-0.0930869207
-0.0403496101
-0.0546726845
-0.0272280052
0.0546162017
-0.0167170186
-0.0127747683
0.0183764324
-0.0498675518
-0.0396384634
-0.0698400736
0.0678969249
0.0590806864
-0.0012130039
-0.0025453230
-0.0412233099
0.0307821725
0.0883046240
0.0759718046
-0.0641866103
-0.0040009357
0.0310227070
0.0854184106
-0.0407276675
-0.0264361650
-0.0749317929
-0.0570283718
0.0389990918
-0.0468982868
0.0480038971
-0.0447967462
0.0536914691
0.0600110292
-0.0192110706
-0.0342708826
0.0974715948
-0.0604464673
-0.0165266804
0.0443475395
0.0261442382
0.0538145863
0.0249588639
0.0483766049
0.0726327673
0.0043231524
-0.0296813659
-0.0089508640
0.0431571826
-0.0261827577
0.0757325739
0.0085612861
0.0093417289
-0.0694111362
-0.0195552949
-0.0324904285
-0.0486343652
-0.0112342713
-0.0181522816
-0.0175722688
0.0453747772
0.0599072799
-0.0073493836
-0.0215671081
0.0740491822
-0.0912014320
-0.0799325183
-0.0416573249
-0.0212935545
0.0311520360
0.0125636859
-0.0119167781
0.0388473794
0.0008018531
-0.0197189469
-0.0433663279
0.0365511850
0.0395330451
0.0035309992
-0.0161365457
-0.0350804143
0.0015019813
0.0286313239
0.0646963343
-0.0697574019
-0.0020126051
0.0539468080
0.0922217071
-0.0271898992
-0.0472547784
-0.0413697138
0.0225607939
0.0623537861
-0.0130484449
0.0558638498
-0.0332617387
0.0490606129
0.0543796010
0.0147612477
-0.0346963108
0.0431695059
-0.0845123231
-0.0296250358
0.0376681760
0.0014509091
0.0741192624
0.0187232550
0.0511446632
0.0793117359
-0.0223803055
-0.0319984816
-0.0155755812
0.0345797129
-0.0394622684
0.0526620969
-0.0161187313
0.0189338699
-0.0792776272
-0.0097220587
-0.0517235883
-0.0568357371
0.0191243347
0.0222418662
-0.0299171731
0.0763497129
0.0177462846
0.0097620077
-0.0394978449
0.0681954324
-0.1062000915
-0.0246360060
-0.0338449292
-0.0459919721
0.0143079525
-0.0012181719
-0.0300359409
0.0270510148
-0.0401285216
0.0061381501
-0.0369861946
0.0314905681
0.0377485156
0.0012744055
0.0216592997
-0.0586844757
0.0296924468
0.0757453442
0.0639217719
-0.0385298543
0.0424066857
0.1072385684
0.0911461338
-0.0004224716
-0.0196915865
-0.0474240929
-0.0256471708
0.0565900542
-0.0108626122
0.0671768412
-0.0184515081
0.0594183281
0.0809566304
-0.0119789122
-0.0318874605
0.0651315898
-0.0824087262
-0.0270936061
0.0482651964
-0.0064791967
0.0727057979
0.0095873326
0.0148980590
0.0970642343
0.0011158475
-0.0321893319
-0.0122748418
0.0098838694
0.0248820260
0.1192333177
0.0091386307
0.0120157087
-0.0685262159
0.0011440197
-0.0583463833
-0.0454254970
0.0169761088
-0.0445298702
-0.0114090722
0.0694326013
0.0725711510
0.0405179784
-0.0537486672
0.0941530690
-0.0625865683
-0.0601730980
-0.0651811138
-0.1153540388
0.0442147180
0.0082889702
-0.0322980471
0.0535046682
-0.0602220036
0.0267744865
-0.0357188508
0.0196657889
0.0356756113
-0.0187829584
0.0427062511
-0.0528372526
0.0798936486
0.0446901582
0.0658109561
-0.0599244945
0.0303059481
0.0510441735
0.0613013394
-0.0165609829
-0.0166977048
-0.0581700094
-0.0036396824
0.0829560831
0.0039171469
0.0609669723
-0.0504367203
0.0575001910
0.1000880599
-0.0080403704
0.0211894959
0.0776797384
-0.0940996408
-0.0335461237
0.0597782470
0.0129313301
0.1189350486
0.0178068131
0.0262352824
0.0817984268
-0.0164547749
-0.0351511091
-0.0228586495
0.0599318072
-0.0217681099
0.0962974131
0.0150086805
-0.0105266068
-0.0491885990
0.0004517164
-0.0488914587
-0.0264591016
0.0087778000
-0.0163240600
-0.0034799480
0.0873722285
0.0864548311
0.0374110267
-0.0743868127
0.0436325520
-0.0665770620
-0.0760186389
-0.0606530309
-0.0914685205
0.0414414294
0.0148263033
-0.0228035878
0.0644555613
-0.0412991680
0.0390047990
-0.0111691263
0.0099007860
0.0264525060
-0.0321042277
0.0118703824
-0.0607439391
0.0978440121
0.0529657751
0.0528772250
-0.0498122834
0.0234263465
0.0859871581
0.0526691824
0.0146729862
-0.0093577448
-0.0547999553
0.0095139649
0.0937799215
0.0306381583
0.0781231597
-0.0380007662
0.0425895341
0.1089814603
0.0177911762
0.0419286862
0.0649968684
-0.1019587368
-0.0162199400
0.0434070043
0.0098841768
0.1029454395
0.0012780100
0.0311984085
0.0914343372
0.0011369014
-0.0573359355
-0.0096727815
0.0358879268
-0.0145344893
0.0911416411
0.0034515776
-0.0068919128
-0.0687434077
0.0254696719
-0.0391115695
-0.0199512262
0.0073080426
-0.0241708141
0.0166450348
0.1001803055
0.0872446746
0.0722844526
-0.0772690773
0.0582739040
-0.0717027485
-0.0629340559
-0.0519241802
-0.0825095177
0.0291019585
0.0557165071
-0.0369143449
0.0353907719
-0.0485874787
0.0028354700
-0.0419928096
0.0290906727
0.0454866812
-0.0179148056
0.0179396924
-0.0665721297
0.0688223243
0.0318776146
0.0722392052
-0.0558022112
0.0524242371
0.0991616175
0.0753049105
-0.0048976787
-0.0280584320
-0.0523860455
0.0006382541
0.0762011334
0.0293961018
0.0749715567
-0.0326408036
0.0606166869
0.1066511795
-0.0299016926
0.0024070111
0.0787626430
-0.0803471357
-0.0309077464
0.0561311543
0.0014404628
0.0831434801
0.0580033585
0.0360516272
0.0991993621
-0.0080131553
-0.0463121049
-0.0174637474
0.0332793668
-0.0146501455
0.1159738004
0.0124782231
0.0033405032
-0.0749295801
0.0026814104
-0.0655744225
-0.0167461839
0.0073790313
-0.0746779740
-0.0315516852
0.0662798882
0.0830424577
0.0438305959
-0.0769332871
0.0789755136
0.0007798921
-0.0553467050
-0.0547380596
-0.0298191682
0.0693720803
0.0177078843
-0.0221561287
-0.0149080213
-0.0129942950
-0.0099850632
0.0536599457
0.0321387313
0.0315665901
-0.0105686700
-0.0805030540
-0.0481239185
0.0430087559
0.0972169414
0.0868638381
-0.0495589860
0.0295179337
0.1318735182
0.0491536297
0.1129051000
-0.0086440546
-0.0169761553
-0.0482580103
0.0081337877
0.0383561738
0.0649436116
0.0014244112
0.0225527063
0.0610818341
-0.0105334334
-0.0105819320
0.0745044425
-0.0339307003
-0.0532563478
0.0336430371
0.0366354696
0.0154925296
-0.0046518454
0.0346795209
0.0438155942
-0.0320093706
-0.0342117660
0.0512250774
0.0227479134
0.0113854147
0.0754737630
0.0378930084
0.0126919635
-0.0694539249
0.0515804328
-0.0257562455
-0.0548740141
-0.0086047295
-0.0180358887
0.0266026687
0.0841009840
-0.0093181403
-0.0075525669
-0.0961416066
0.1043419018
-0.0129371518
-0.0843503773
-0.0380051062
-0.0582655482
0.0927996188
-0.0729924142
-0.0010958605
-0.0372882709
-0.0989470482
0.1167163625
0.2411813140
0.1000095978
0.0206259377
0.0659002066
0.0374949947
-0.1768003106
0.0822835565
0.1897824556
0.2651376426
0.0541820452
0.0597955994
0.2809510827
-0.0714539662
0.2903724909
-0.0350097530
-0.0444100127
0.0546403192
0.0998118520
0.1738992035
0.0583891049
0.1044602916
0.1708715409
0.1515288055
0.0646114945
0.1834856272
0.0745207965
-0.1000024825
-0.1017559096
-0.0372231677
0.0914380327
0.1446735263
0.0036474189
-0.0498677641
0.0322049484
-0.0649684966
-0.0878815278
-0.0226306859
0.0789808109
-0.0259743445
0.1012690738
0.1031440794
0.0609557778
-0.1534170657
0.0476765633
-0.0031674583
-0.0471747182
-0.0077785081
-0.0000266848
0.0683013350
0.0293854270
-0.0265504085
-0.0303886812
-0.0999184325
0.0803771242
-0.0221783854
-0.0804432034
-0.0704166070
-0.1467472762
0.0516258702
0.0279816668
0.0054902034
-0.0058447686
-0.0805154666
-0.0153159061
-0.0035881032
0.0137389358
0.0825358853
-0.0239350088
0.0158993434
-0.0960637555
0.0978991538
0.0379958600
0.1055194214
-0.0350638032
0.0649367943
0.1081549600
0.0216415450
0.0906313807
-0.0277936999
-0.0347690694
-0.0126026683
0.0524043366
0.1172509491
0.0704301447
-0.0336174443
0.0762118548
0.0872978196
-0.0106668985
0.0687685087
0.1204721481
-0.0813209042
-0.0290420726
0.0521507785
0.0621195994
0.0948720053
0.0271537267
0.0658046752
0.0950998887
-0.0559291989
-0.0663769990
-0.0074257008
0.0436457507
-0.0078138430
0.1061714143
0.0680567995
-0.0169842150
-0.0902955085
0.0217588264
-0.0765740648
-0.0394349135
-0.0223715883
-0.0730126202
0.0418231636
0.1218015850
0.0021373897
0.0120603759
-0.0552960895
0.0865815133
-0.0147928689
-0.0380062200
-0.0701213405
-0.1317700893
0.0597964376
-0.0018068568
-0.0044500632
0.0392556936
-0.0799699202
0.0118138129
-0.0069334479
0.0011159724
0.0295594633
-0.0163929611
0.0574401133
-0.0685034692
0.0878268853
0.0785834044
0.1103428453
-0.0291294549
0.0616667531
0.1127533764
0.0313257612
0.1074791774
-0.0246808678
-0.0227923896
0.0059587313
0.0307323039
0.0750973448
0.0478512868
-0.0315085314
0.0383764468
0.0971443132
-0.0072925636
0.0480363891
0.0844150931
-0.0725653693
-0.0554984994
0.0453389734
0.0337217450
0.0866557807
0.0084747672
0.0278547369
0.0867905095
-0.0554175973
-0.0512245446
0.0056338958
0.0305213090
-0.0196597986
0.0981891379
0.0706037357
0.0333635658
-0.0866669863
0.0185572058
-0.0549922064
-0.0238554124
-0.0167607982
0.0124940807
0.0345718451
0.0934974402
-0.0164533406
0.0348276570
-0.0582070798
0.0800675079
-0.0264945310
-0.0647091642
-0.0519845635
-0.0676888004
0.0433460101
0.0415175892
-0.0203810595
0.0117579969
-0.0413735695
0.0203780774
-0.0283739213
0.0438821204
0.0375245512
-0.0076649855
-0.0111633325
-0.0667725503
0.0399261601
0.0627769381
0.0772834718
-0.0373460725
0.0403270312
0.0809954256
0.0666824356
0.0555308238
-0.0202813949
-0.0388871022
-0.0130497953
0.0771215782
0.0138925221
0.0622128434
-0.0321144983
0.0777668357
0.0826877132
-0.0158273671
0.0222213678
0.0847829431
-0.0740529820
-0.0198288560
0.0500255004
0.0090191932
0.0878936797
0.0297700055
0.0439765900
0.0756451860
-0.0310645849
-0.0553725250
-0.0242776070
0.0201256983
-0.0165179204
0.1092141122
0.0175351258
-0.0057438887
-0.0969810784
-0.0186049640
-0.0408340544
-0.0405310579
-0.0006539300
-0.0398121998
-0.0317336880
0.0590910017
0.0607338995
0.0260157827
-0.0671026185
0.0660994351
-0.0519547611
-0.0698639601
-0.0335927047
-0.0339173451
0.0434354730
0.0340401977
-0.0235698465
0.0214636754
-0.0250784215
-0.0157555584
-0.0583410710
0.0364909694
0.0521706194
0.0022388394
-0.0147407362
-0.0462128073
0.0284846686
0.0663916096
0.0532192923
-0.0480661616
0.0124178836
0.0750365406
0.0993384719
0.0357904136
-0.0217522271
-0.0525900312
-0.0060314382
0.0626621470
0.0072303950
0.0691990852
-0.0460556485
0.0645457208
0.0745813847
-0.0152239501
0.0114305206
0.0733888149
-0.0620907396
-0.0060394434
0.0554637834
-0.0034056443
0.0772569925
0.0370943695
0.0635481402
0.0719256848
-0.0021183188
-0.0438388847
-0.0373452716
0.0318004787
-0.0113507314
0.1248929501
0.0084629655
0.0001395458
-0.0945694745
-0.0164909810
-0.0552738532
-0.0407473519
0.0137968129
-0.0512627512
-0.0281651132
0.0659654140
0.0439014137
0.0242007915
-0.0544625670
0.0559454150
-0.0771144405
-0.0617142767
-0.0561563782
0.0050802333
0.0418905579
0.0218391828
0.0175530612
0.0110700820
-0.0070071518
-0.0515237041
-0.0350617133
0.0443487838
0.0383813418
-0.0309827607
-0.0500827506
-0.0296908766
-0.0197575036
0.0564532578
0.0476771444
-0.0539204106
0.0180316996
0.0829277709
0.1080658585
0.0461200178
-0.0343933702
-0.0432935841
-0.0329208486
-0.0158428662
-0.0149864377
0.0429865681
-0.0394507609
0.0547464453
0.0747650266
-0.0148411021
-0.0219036117
0.0645883679
-0.0749153718
-0.0131145716
0.0494131632
0.0313809738
0.0018112175
0.0718321130
0.0562005378
0.0596838407
0.0035742205
-0.0430595353
-0.0160271879
0.0004174640
-0.0191729758
0.0579108968
0.0096685542
0.0124460580
-0.0762922242
0.0165692121
-0.0502496734
-0.0708253905
0.0180439688
-0.0099246968
0.0208205022
0.0491351709
0.0086943302
0.0087436941
-0.0653215349
0.0688988790
-0.0658542886
-0.0711907446
-0.0570475385
-0.0571960732
0.0242870636
-0.0371775366
0.0274287052
0.0452677496
-0.0645934716
-0.0545718409
-0.0571358390
0.0466111600
0.0505620874
-0.0415702797
-0.0480236784
-0.0330779627
0.0318376757
0.0828417316
0.0749775842
-0.0764798895
0.0126661966
0.0874121338
0.0607876591
0.0672526956
-0.0437061489
-0.0714370385
-0.0380178615
0.0264096446
0.0053254170
0.0525035560
-0.0258331653
0.0494952463
0.0679446533
-0.0012813731
0.0101641603
0.0773831010
-0.0706460774
-0.0351125523
0.0622491948
0.0158122331
0.0551648550
0.0018429856
0.0925717726
0.0767922401
0.0078039896
-0.0599901304
0.0057686642
0.0298591163
-0.0125519475
0.0648518279
0.0248191878
-0.0078877965
-0.1058571860
0.0283401012
-0.0845204741
-0.0797433704
0.0116404751
-0.0002138382
0.0757312477
0.1200795248
-0.0207824446
0.0080518574
-0.0438006148
0.0514110550
-0.0092873070
-0.0957642719
-0.0774436072
-0.0661287680
0.0431850590
0.0402207151
0.0059671919
0.0041048937
-0.0243818648
-0.0075280531
0.0069951015
0.0498012081
0.0309969988
-0.0099011464
-0.0466160476
-0.0477927439
0.0333250687
0.0489167795
0.0332817212
-0.0414521694
0.0310192760
0.0569452718
0.0747364238
0.0355340578
-0.0405539759
-0.0295724850
-0.0365201309
0.0367261134
0.0311188381
0.0547291748
-0.0475624204
0.0658228472
0.0863790959
-0.0345226154
-0.0220005251
0.0727773458
-0.0864121020
0.0083902227
0.0580613092
0.0311776996
0.0267117564
0.0222898275
0.0695846826
0.0763127729
-0.0084869880
-0.0515523963
-0.0063131284
-0.0017101242
-0.0100314757
0.1054214612
0.0093290862
-0.0147341033
-0.1066695005
-0.0045019556
-0.0247584712
-0.0309387967
-0.0145240044
-0.0405109785
-0.0161034670
0.0539621562
0.0577496961
0.0066775568
-0.0293466542
0.0801672414
-0.0810765773
-0.0352900475
-0.0300981048
-0.0084000742
0.0265447069
-0.0274679102
0.0055518690
-0.0020381103
-0.0189469475
-0.0081732823
-0.0358243026
0.0424997881
0.0552131236
0.0168484971
0.0009864448
-0.0695070848
0.0333477221
0.0984570533
0.0621418729
-0.0330807455
-0.0099494224
0.0923818722
0.0900011063
0.0130204502
-0.0205046572
-0.0509592667
-0.0899344832
0.0489957854
-0.0326196067
0.0675590262
-0.0311811995
0.0730764121
0.0426009409
0.0113981236
-0.0176554993
0.0655404404
-0.0664861053
0.0109987929
0.0361770689
0.0158146657
0.0465371907
-0.0170211587
0.0351557136
0.0558188967
-0.0131510608
-0.0367814824
-0.0451965369
-0.0083445059
0.0039282730
0.0855489895
0.0101551432
0.0192131177
-0.1196320131
-0.0367672741
-0.0354093872
-0.0642531887
-0.0126487901
-0.0356600992
-0.0344712771
0.0755498037
0.0195405036
0.0068150298
-0.0608707815
0.0616645068
-0.0136909448
-0.0680923238
-0.1104131788
-0.0989976227
0.0146438079
-0.0188828781
0.0395208113
0.0323959216
-0.0752563253
0.0664461181
0.0239422657
0.0545566641
0.0500566997
-0.0257242769
-0.0301951170
-0.0337454788
0.0667075142
0.0736915395
0.0598330460
-0.0381859206
0.0393445045
0.0444793254
0.0717122182
0.0372380503
-0.0412473418
-0.0605701841
-0.0724851489
0.0178613774
-0.0095667550
0.0556174256
-0.0626426488
0.0969917849
0.0701071620
-0.0561385751
-0.0145709598
0.0904255733
-0.0938857198
-0.0659443587
0.0554469191
-0.0070264577
0.0437424481
-0.0127922464
0.0525385179
0.0198901966
-0.0209296793
-0.0587150715
-0.0212161969
0.0279434249
-0.0249375291
0.0897056311
0.0423881821
-0.0232029147
-0.0889199302
0.0184725504
-0.0312888063
-0.0292268191
-0.0101610990
0.0175379813
0.0030045654
0.0903637409
0.0591725335
-0.0290903766
-0.0631709993
0.0324444994
-0.0458233953
-0.0711976588
-0.0596120656
-0.0571257807
0.0348720998
0.0064829011
0.0012114010
0.0094193956
-0.0209462978
-0.0040138778
-0.0236397628
0.0259361994
0.0412912965
-0.0132605033
-0.0065541170
-0.0400012359
0.0452986322
0.0392031893
0.0325540155
-0.0467428453
0.0317883641
0.0386727527
0.0858668983
-0.0184643399
-0.0325492993
-0.0480409600
-0.0387284979
0.0704031363
-0.0067247460
0.0634551942
-0.0362376310
0.0817107782
0.0911182389
-0.0335404798
-0.0278703086
0.0798899233
-0.1031352505
-0.0236322973
0.0492978431
0.0132590355
0.0462968722
0.0218653418
0.0544421077
0.0744683892
-0.0070379609
-0.0354071781
-0.0182298850
0.0181329120
0.0023882003
0.1198348105
0.0195472166
-0.0128185181
-0.0857881382
-0.0058303033
-0.0438423380
-0.0223216936
0.0133773778
-0.0230933409
-0.0083266497
0.0708188638
0.0835710764
0.0186928529
-0.0308299214
0.0307378899
-0.0115907770
-0.0535517074
-0.0667383373
-0.0434933826
0.0462517701
0.0181467384
-0.0351863392
0.0180264767
-0.0032840678
0.0103497328
-0.0307401270
-0.0096779754
0.0704365000
-0.0132734384
0.0451925360
-0.0277280528
0.0018619258
0.0276143234
0.0033361996
-0.0873300731
0.0053423806
0.0176699590
0.0732884184
-0.0520781614
-0.0298132598
-0.0150722144
-0.0310003664
0.0590129755
-0.0497687422
0.0849792808
-0.0475227423
0.0635518730
0.0882059112
0.0064665838
-0.0534057282
0.0511329696
-0.0856756121
-0.0089629628
0.0479607582
-0.0060499753
0.0974665284
-0.0491926633
0.0513242185
0.0183610972
-0.0048381635
0.0061435783
-0.0281939935
0.0294232629
0.0128225004
0.0979913771
0.0241098981
-0.0169864222
-0.0819168985
-0.0205725115
-0.0615995526
-0.0278999135
0.0262113735
0.0224960782
-0.0580100715
0.1074245423
0.0513572842
-0.0014092491
-0.0384113938
0.0653993413
-0.0529263765
-0.0534740686
-0.0371046998
-0.0419761427
0.0251851790
-0.0131013757
0.0018812605
0.0172552802
-0.0071325405
-0.0004692818
-0.0177907553
0.0053685405
0.0318980068
-0.0106672468
0.0106549859
-0.0521485545
0.0560946055
0.0745209605
0.0333608575
-0.0585542023
0.0057633864
0.0670564696
0.0873983204
-0.0397851095
-0.0226019230
-0.0526431650
-0.0248391163
0.0536787845
-0.0413995609
0.0754636899
-0.0372752286
0.0525044538
0.0883382708
0.0062171342
-0.0152553283
0.0846038982
-0.0842670500
-0.0002249375
0.0390627980
0.0046047014
0.0669231787
-0.0134414434
0.0260585956
0.0638289079
-0.0053660697
-0.0253409687
-0.0269528329
-0.0125861457
0.0141844712
0.1195672601
0.0042974046
0.0116468277
-0.0752886236
-0.0038200293
-0.0363288745
-0.0490263216
0.0147906914
0.0120994598
-0.0188073665
0.0751904324
0.0914372131
0.0319846310
-0.0440820754
0.0974875316
-0.0000591115
-0.0661847815
-0.0599090047
-0.0616343878
0.0521348976
-0.0009436762
-0.0076689888
0.0455618724
-0.0243406817
-0.0026273308
-0.0204389803
0.0107438844
0.0067071193
-0.0183650628
-0.0173511170
-0.0467560701
0.0327528343
0.0488936268
0.0256421100
-0.0426080860
-0.0040871943
-0.0072887340
0.0776989311
0.0149392765
-0.0329271704
-0.0416655317
0.0110089537
0.0252542049
0.0106816776
0.0372855961
-0.0521186329
0.0260869805
0.0572265498
-0.0101602618
0.0075084581
0.0619466230
-0.0723621771
-0.0035989112
0.0316904895
0.0208947361
0.0413257852
0.0226121899
0.0651293844
0.0729357302
-0.0109040914
-0.0336966738
0.0079120304
0.0287920460
-0.0063718022
0.0830375776
0.0116756530
0.0036720070
-0.0790576637
-0.0117257303
-0.0054543666
-0.0300407335
-0.0131813111
0.0118605522
-0.0569229014
0.0669844225
0.0890250728
0.0136768976
-0.0215518307
0.0927518159
-0.0772339627
-0.0423789881
-0.0150938574
-0.0223824885
0.0105985422
0.0237721466
-0.0109374244
0.0111286808
-0.0166771896
0.0052565793
-0.0474044345
0.0562637225
0.0330766104
0.0187332816
0.0050520469
-0.0860335827
0.0514345951
0.0768910795
0.0660942346
-0.0305650998
0.0343089998
0.0804491341
0.0887425542
-0.0072971373
-0.0210660845
-0.0477555469
-0.0387606658
0.1153326929
-0.0140190125
0.0876444355
0.0080338931
0.0906895623
0.0704323053
-0.0215010531
-0.0191441216
0.1154718176
-0.0812946856
-0.0098201316
0.0294774100
0.0112042967
0.1015483439
0.0418547206
0.0537070110
0.0955159515
-0.0239978842
-0.0610673316
-0.0271062721
-0.0286765825
-0.0221669450
0.1293096840
0.0149591817
0.0121244751
-0.1260266602
-0.0700516403
-0.0477472171
-0.0456482135
0.0109258555
-0.0384719819
-0.0360978879
0.0309062172
0.1066900939
0.0428793356
-0.0416450351
0.0586356968
-0.0529041477
-0.0692312717
-0.0399342030
-0.0155054303
0.0050072875
0.0006781438
0.0092345178
0.0327640809
0.0008181502
0.0117248558
-0.0194823686
0.0048754285
0.0137398476
-0.0129188038
0.0082621677
-0.0581197552
0.0608318001
0.0503697284
0.0380642936
-0.0593849346
-0.0013156494
0.0654084757
0.0888714790
-0.0022044764
-0.0309157465
-0.0705118105
-0.0132383844
0.0695452839
-0.0262400005
0.0725477338
-0.0240872297
0.0581172816
0.0998912677
0.0028509174
0.0095873829
0.0659244433
-0.0983306020
0.0124183893
0.0464538820
0.0192319192
0.0614441633
0.0018800804
0.0340708457
0.0715654120
-0.0278274082
-0.0391120613
-0.0363713540
-0.0161277596
0.0008899556
0.1050272882
-0.0048163352
0.0187534560
-0.0874338076
0.0058657327
-0.0260762237
-0.0491695777
-0.0021489835
-0.0275051948
-0.0467055254
0.0670682341
0.0878746808
0.0343260467
-0.0354313552
0.0820570141
-0.0614974573
-0.0884972811
-0.0417913198
-0.0600011311
0.0309142806
0.0123534286
-0.0021767758
0.0188900214
-0.0116742868
0.0023294725
-0.0408250019
0.0214866400
0.0140700527
-0.0173541307
-0.0241485965
-0.0768096074
0.0572286323
0.0603355318
0.0593294315
-0.0595376343
0.0210692883
0.0801545158
0.0782620385
-0.0160906687
-0.0393966064
-0.0426429324
-0.0374362990
0.0688799769
-0.0328403376
0.0734192282
-0.0428593569
0.0779677853
0.0953550711
0.0028425604
0.0329655632
0.0726991072
-0.0916513428
0.0085851047
0.0354415886
0.0457905754
0.1081033498
0.0050962251
0.0709501058
0.0959801078
-0.0207736623
-0.0505319946
-0.0336435623
-0.0330944210
-0.0335360356
0.1020020992
-0.0115267439
0.0044068452
-0.1057905629
-0.0192565676
-0.0096886987
-0.0787704736
-0.0114826094
-0.0096064936
-0.0241592657
0.0428306051
0.1100950316
0.0438606404
-0.0485596023
0.0668399259
-0.0321841948
-0.0632972345
-0.0779986158
-0.0043105609
0.0421114042
0.0105952723
-0.0033610673
0.0085420636
-0.0099876216
0.0183222853
-0.0212339964
0.0240377560
0.0244937520
-0.0279007722
-0.0508514121
-0.0329166055
-0.0041445992
0.0607966073
0.0497726314
-0.0492087491
0.0055943662
0.0554774292
0.0884356797
0.0073246835
-0.0445352234
-0.0368765034
-0.0548146814
0.0278267395
-0.0251639150
0.0512806922
-0.0669751912
0.0662139505
0.0854486451
-0.0198284313
-0.0293389447
0.0556848831
-0.0913355798
0.0116209807
0.0304816123
0.0284164101
0.0620153174
0.0211648103
0.0430398397
0.0347000435
-0.0179410595
-0.0438993797
-0.0317074582
-0.0096210092
-0.0226245727
0.0940927342
0.0022632072
0.0097338296
-0.0973120183
-0.0019024791
-0.0195902642
-0.0454436690
-0.0051900437
-0.0071302047
-0.0514626950
0.0440953821
0.0601315051
-0.0024461250
-0.0602881499
0.0352105871
-0.0743408948
-0.0351287946
-0.0559670925
-0.0054338952
0.0072511774
-0.0700490400
0.0673493668
0.0321676210
-0.0345601253
-0.0464006700
0.0058331867
0.0481577739
0.0533339009
-0.0315303952
-0.0383117422
-0.0612078048
0.0898354053
0.0812228918
0.0409587286
-0.0211240705
-0.0292577799
0.1075849012
0.0809398368
0.0296729431
-0.0094196033
-0.1031076759
-0.1017615721
0.0032582884
-0.0145325903
0.0514783338
0.0066531952
0.0780053213
0.0219976455
0.0029705199
-0.0232550893
0.0731239319
-0.0767989978
-0.0108208563
0.0051256563
0.0283449162
-0.0560709722
-0.0067102173
0.0136391148
0.0820825100
0.0053397017
-0.0638320521
0.0059513403
-0.0330663472
-0.0102315908
0.0075725163
0.0058552781
0.0226347856
-0.1334588379
-0.0204037726
-0.0149973026
-0.0928004533
-0.0193947516
-0.0654432625
-0.0054458953
0.0903632268
0.0232744329
0.0094365282
-0.0490786657
0.1131629348
-0.0848652124
-0.0617208742
-0.0455090478
0.0055071753
0.0485987738
0.0166268293
-0.0205882769
0.0206628051
-0.0011056360
-0.0140915737
-0.0551771522
0.0341846347
0.0302899312
-0.0177170597
-0.0775952414
-0.0210100617
-0.0882892907
0.0425711311
0.0562798083
-0.0373265333
0.0099557061
0.0721548572
0.1379528791
0.0651021972
-0.0425973423
-0.0215775426
0.0229685586
-0.0135036996
-0.0085686436
0.0478165969
-0.0824866891
0.0551809594
0.0698439553
-0.0171868540
0.0056089242
0.0369950905
-0.0793530270
-0.0057590604
0.0420357622
0.0150549794
0.0639584437
0.0563732833
0.0714060292
0.0613950342
-0.0092785172
-0.0572966449
-0.0213190429
0.0035764291
-0.0481423065
0.0669672042
-0.0105694467
0.0018280507
-0.0796746984
0.0096367486
-0.0388539284
-0.0886829123
0.0150441304
0.0063776695
-0.0110753728
0.0404666923
0.0149754593
0.0009892209
-0.0691129342
0.1097314358
-0.0976426229
-0.0575208664
0.0107346661
0.0110867620
0.0572665930
0.0096419919
-0.0189192779
-0.0523595661
0.0300792828
-0.0396093205
-0.0312629938
0.0444577076
0.0461893938
-0.0015572066
-0.0744710788
-0.0158152077
-0.0638319701
0.0530883037
0.0653221384
-0.0135419499
0.0388374478
0.0749570429
0.1596533358
0.0244558156
-0.0042102132
-0.0084329434
-0.0154067772
0.0325815491
-0.0567139797
0.0269998219
-0.0626360849
0.0526294932
0.0513148867
0.0595462918
-0.0245122388
0.0433385223
-0.0797783434
0.0114831049
-0.0089454157
0.0173606258
0.0224625021
0.0241862983
0.0434626192
0.1112639308
-0.0016905756
-0.0350819863
-0.0261319578
-0.0617076494
-0.0284239482
0.0724418163
0.0029193675
0.0127884336
-0.0956789255
-0.0604911298
0.0236706641
-0.0883545056
-0.0083064018
0.0583823696
-0.0345184691
-0.0059306920
0.0744117945
0.0674558282
-0.0403693952
0.0682111382
-0.0637669191
-0.0242294148
-0.0310175531
0.0061476007
0.0312171783
-0.0319004729
0.0132157523
0.0105486112
0.0171622448
-0.0305114146
-0.0068854280
0.0485644825
0.0417335704
0.0167380385
-0.0288228225
-0.0364670418
-0.0317045376
0.0571509525
0.0266087633
-0.0246070810
0.0222665947
0.0599188246
0.0902397931
0.0508818813
-0.0241811741
-0.0286285486
-0.0215986334
0.0034915365
-0.0053879507
0.0452840403
-0.0289744381
0.0403986908
0.0368274972
0.0024682658
-0.0321757123
0.0521346480
-0.0733414739
-0.0260145646
0.0355357155
0.0224827509
-0.0148463110
0.0236596670
0.0594485924
0.0826167762
-0.0059619020
-0.0439006053
-0.0018053887
-0.0032211330
0.0168236438
0.0520656556
0.0229252186
0.0138773220
-0.0891582444
0.0165888015
-0.0561008938
-0.0640649498
0.0169145670
0.0288942046
0.0347845890
0.0944239348
0.0036593701
0.0031966674
-0.0160568617
0.1030144319
-0.0498895906
-0.0454643965
-0.0292181168
0.0039771441
0.0488993526
-0.0368295610
0.0238977931
-0.0042173187
0.0072293323
-0.0649640039
-0.0429713130
0.0441542231
0.0615826361
-0.0053622611
-0.0560210161
0.0052809766
-0.0307957996
0.0736427084
0.0407051034
-0.0782712176
0.0039847204
0.0371330567
0.1155889705
-0.0263459701
-0.0327685513
-0.0527222343
-0.0185423605
0.0055813999
-0.0571244694
0.0544531643
-0.0525356866
0.0356230959
0.0693518221
-0.0203286111
-0.0631244704
0.0855724290
-0.0445523933
-0.0219041388
0.0387798287
-0.0126199517
-0.0280500241
0.0400414728
0.0563543700
0.0579040386
-0.0035187337
-0.0300609190
-0.0034063512
0.0245052092
-0.0114077069
0.0642107949
-0.0035217546
0.0207333770
-0.0519846864
-0.0096487496
-0.0388329253
-0.0855640098
0.0212703813
0.0571959578
0.0324698575
0.0585842170
0.0384507068
-0.0072261905
-0.0444944315
0.0744258836
-0.0817404985
-0.0652700961
-0.0359952934
-0.0435051620
0.0355005749
0.0048638368
0.0120250043
0.0205991026
-0.0350687802
-0.0456712767
-0.0474839360
0.0367654413
0.0518982783
-0.0226555057
-0.0238429289
-0.0394066796
0.0205972120
0.0875111148
0.0523023531
-0.0765830427
-0.0143570937
0.0890219659
0.0955692902
-0.0387020782
-0.0350836590
-0.0619718283
-0.0524220280
0.0387610048
-0.0357734635
0.0578335598
-0.0387170091
0.0554908141
0.0721089914
-0.0175692067
-0.0514616445
0.0849846229
-0.0728541240
-0.0333970673
0.0608077273
0.0047291340
0.0313842371
0.0072941948
0.0350918658
0.0464337803
0.0013202357
-0.0375250056
-0.0152862156
0.0469333529
-0.0034001055
0.0823930874
0.0048746457
0.0100417426
-0.0695975497
-0.0102562886
-0.0534234494
-0.0672208592
0.0228561629
-0.0182254501
0.0114557724
0.0784026459
0.0353672914
0.0005520745
-0.0299541298
0.0739685148
-0.0543504320
-0.0413366258
-0.0082066935
-0.0219120588
0.0193759128
-0.0198051184
0.0180035457
0.0079374779
-0.0166210253
-0.0084841158
-0.0257533658
0.0429712050
0.0295976773
0.0217838213
-0.0044646529
-0.0588931777
0.0139256790
0.0905561820
0.0330865309
-0.0466305986
-0.0031222226
0.0850449502
0.1091216877
0.0177263096
-0.0311297122
-0.0291571785
-0.0694733933
0.0683191344
-0.0456972420
0.0733007342
-0.0103361215
0.0773511380
0.0580950007
-0.0535133258
-0.0430758037
0.0642625988
-0.0802771971
-0.0244037211
0.0602393262
0.0013714018
0.0439903475
-0.0200693440
0.0551962033
0.0416982062
-0.0142092435
-0.0361104943
-0.0179146789
0.0095524061
0.0267711654
0.1074227467
0.0344532877
0.0164740793
-0.1022465304
-0.0201643389
-0.0635412782
-0.0678536221
0.0190285668
-0.0222117566
-0.0085303234
0.0761649683
0.0338260531
0.0164576769
-0.0669321045
0.0595246367
-0.0768004283
-0.1106758490
-0.0622501932
-0.0773819312
0.0371206813
0.0062953806
-0.0078309877
0.0504819937
-0.0448086374
-0.0239679124
-0.0723530278
0.0361342169
0.0436338559
-0.0232443735
-0.0193096194
-0.0389916860
0.0549364053
0.0465939194
0.0664905906
-0.0919734612
0.0012836077
0.0668490604
0.0815134123
-0.0140755186
-0.0354947895
-0.0828349516
-0.0099954112
0.0888860896
-0.0045588515
0.0623250380
-0.0429250933
0.0645740777
0.0973653942
-0.0222455226
0.0149784619
0.0659007058
-0.0830459967
-0.0444346070
0.0607530400
0.0003362694
0.0775318891
0.0209721625
0.0740575567
0.0859010220
-0.0077268523
-0.0476264283
-0.0052290414
0.0645930171
-0.0262522064
0.0817080736
0.0016092850
-0.0022697877
-0.0714254230
0.0046830829
-0.0448295735
-0.0433739536
0.0019254130
-0.0270606633
0.0051180576
0.0874391720
0.0504519343
0.0208704993
-0.0215064548
0.1078035980
-0.0318679027
-0.0389162228
-0.0608505420
-0.0338018127
0.0342681967
-0.0381255001
0.0082215359
0.0093451329
-0.0495226309
-0.0148628978
-0.0015764154
0.0188775379
0.0332649387
-0.0034104320
-0.0058048409
-0.0372296087
0.0405831225
0.1113958210
0.0427801125
-0.0621706024
-0.0256992672
0.0864039212
0.0814897418
-0.0477206670
-0.0165663883
-0.0559364855
-0.0487309471
0.0388237573
-0.0436955765
0.0420368388
-0.0251013264
0.0246939138
0.0501662008
-0.0362481475
-0.0807705000
0.0921828151
-0.0653160959
0.0034822840
0.0443428792
0.0173630323
0.0566021614
-0.0469349101
0.0118394950
0.0093902145
-0.0066283634
-0.0341061391
-0.0087364223
0.0466746725
0.0048642796
0.0967072472
0.0285744164
0.0359321721
-0.0884295404
-0.0117000788
-0.0249932054
-0.0429996736
-0.0208795052
0.0092191845
-0.0406570919
0.0719361380
0.0451962128
-0.0284353420
-0.0579868183
0.1157204881
-0.0116240308
-0.0540594272
-0.0208689421
-0.0552614070
0.0401647948
0.0044743656
0.0207918100
0.0077245231
-0.0045435424
-0.0074258037
-0.0152524980
0.0101308404
0.0622970052
-0.0125842514
0.0140503980
-0.0418005884
0.0384866595
0.0325465538
0.0561163835
-0.0621131994
0.0169889890
0.0291434638
0.0912904814
0.0474643372
-0.0144078340
-0.0503033325
0.0330760144
0.0611443482
0.0082124481
0.0698927715
-0.0375510342
0.0505263209
0.1055985913
-0.0007294996
0.0183706265
0.0833834335
-0.0819012299
-0.0281458627
0.0238865223
0.0374448262
0.0687545687
0.0595847778
0.0839403644
0.1075175330
-0.0125735663
-0.0563342348
-0.0193262342
-0.0116008809
-0.0091702500
0.0676702634
0.0246026795
-0.0070119211
-0.0425456837
-0.0071966918
-0.0460027643
-0.0232509337
0.0272268299
0.0119075412
0.0136627853
0.0765022859
0.0687926561
0.0340165533
0.0041018734
0.0844996125
-0.0537726022
-0.0470511988
-0.0397086181
-0.0168081131
0.0240116846
-0.0002443227
0.0027349216
0.0099278856
-0.0070903632
-0.0213145074
0.0034970320
0.0376411639
0.0488497913
0.0080568260
-0.0052899527
-0.0347902998
0.0063581876
0.0648114458
0.0421139076
-0.0357560329
0.0230518766
0.0755476654
0.1108660027
-0.0475985818
-0.0385870114
-0.0401352085
-0.0130637838
0.0545976013
-0.0361034460
0.0576994382
-0.0270196591
0.0523710139
0.0856614634
-0.0415821448
-0.0678659827
0.0800834447
-0.0718351305
0.0028012602
0.0398641191
0.0238285214
0.0308505185
0.0124712903
0.0350007825
0.0619184189
-0.0215296671
-0.0342904255
-0.0094051780
0.0026760239
-0.0026985565
0.0886896998
0.0124365529
0.0057379659
-0.0772339180
-0.0365063101
-0.0254686084
-0.0327813067
0.0099798637
0.0060644145
-0.0207385588
0.0264001992
0.0753875151
0.0180104356
-0.0376711525
0.0751852542
-0.0332208350
-0.0249294993
-0.0692112744
-0.0099609150
0.0393236428
-0.0146518163
-0.0164415687
0.0086521488
-0.0165125187
0.0228217468
-0.0040716776
0.0105039710
0.0329605676
-0.0302602984
-0.0197910611
-0.0408640541
0.0027364285
0.0610131659
0.0459633917
-0.0364520811
0.0232736859
0.1011425853
0.0750505775
-0.0414094031
-0.0292343553
-0.0409719273
-0.0361367799
0.0190000124
-0.0300078485
0.0564521402
-0.0421782695
0.0607111044
0.0920788646
-0.0211919062
-0.0579035170
0.0680418015
-0.0756101161
0.0050241686
0.0388210416
0.0332615748
0.0712869614
0.0317485183
-0.0078696376
0.0256301239
-0.0193002522
-0.0492582023
-0.0390128121
0.0252539571
-0.0072781751
0.0914533734
0.0250338744
0.0080532068
-0.0805587396
-0.0202433653
-0.0353034213
-0.0275331810
0.0105509218
-0.0118580377
-0.0319062173
0.0401981622
0.0586254187
0.0162179340
-0.0252291597
0.0671380833
-0.0933243781
-0.0611172393
-0.0824092850
-0.0660249889
0.0182841513
0.0210763197
0.0299127717
0.0034510712
-0.0305408332
-0.0045678057
-0.0067283083
0.0307736620
0.0476971082
-0.0721027628
-0.0467938483
-0.0361052044
0.0097639551
0.0504074581
0.0895712450
-0.0782892033
0.0285407230
0.1139534935
0.0998567492
-0.0703408867
-0.0943206847
-0.0598770678
-0.0408271737
-0.0291624758
-0.0551498085
0.0645818859
-0.0471820831
0.0614913628
0.0845578909
-0.0449897982
-0.0425195992
0.0640261918
-0.0712899938
0.0180915408
0.0273490343
0.0306608398
0.0277309213
0.0770274848
0.0321847051
0.0330237038
-0.0004104034
-0.0415118299
-0.0176866762
-0.0262838453
-0.0401620232
0.0438662134
0.0186267644
0.0297005232
-0.0645792559
-0.0040016747
-0.0447454229
-0.0849928409
0.0191961415
-0.0134980418
-0.0332450829
0.0352194868
0.0946095735
0.0034090362
-0.0815175399
0.0685134158
-0.0833583251
-0.0642927364
-0.0133905197
0.0096833194
0.0187625494
0.0028445970
-0.0152174830
0.0222522430
0.0023272312
-0.0570441931
-0.0515180528
0.0567949191
0.0336672850
-0.0016304448
-0.0667553023
-0.0260250401
-0.0280577745
0.0475583412
0.0304635391
-0.0626957789
0.0216555726
0.1168055236
0.1272788346
0.0300521441
-0.0238748323
-0.0349297561
0.0077176136
0.0152839059
-0.0368868485
0.0647086129
-0.0182580836
0.0453907885
0.0525453351
-0.0133557068
-0.0408391356
0.0469255634
-0.0743831173
-0.0410788469
0.0552004091
-0.0097011393
-0.0020066774
0.0510436222
0.0585331172
0.0682325959
-0.0027385615
-0.0412575975
0.0006652015
0.0132057751
-0.0149163790
0.0699257627
0.0080115134
0.0022664480
-0.0751400292
0.0037869227
-0.0604402311
-0.0888016149
0.0355314389
-0.0119404607
0.0098305624
0.0733444691
0.0431094915
0.0293181166
-0.0390233099
0.0816207305
-0.0907014683
-0.0444058292
-0.0425396338
0.0286240801
0.0172488224
0.0034741864
-0.0099022938
0.0242315028
0.0226310305
-0.0301925819
-0.0181144234
0.0297415294
0.0207597781
-0.0151486369
-0.0443492122
-0.0620274246
-0.0419718735
0.0444705673
0.0453535765
-0.0439055078
0.0065721381
0.1239475012
0.0964368358
0.0422835909
-0.0352254026
-0.0331113115
0.0013479666
0.0044942722
0.0298933424
0.0574791245
-0.0366858691
0.0312611423
0.0552654117
-0.0067837476
-0.0455764197
0.0288960785
-0.0482647084
-0.0331832767
0.0415064618
0.0007254012
0.0221383236
0.0639886186
0.0275710355
0.0717937201
-0.0131151266
-0.0587161593
-0.0133162504
0.0284765866
-0.0219045803
0.0182651486
-0.0164779797
0.0366284214
-0.0880504623
0.0255961660
-0.0569592640
-0.0502823554
-0.0034267777
-0.0065784012
-0.0015396859
0.0622159429
-0.0315284282
0.0087510794
-0.0525609404
0.1413339972
-0.0845491067
-0.0131151956
-0.0384958535
0.0453194156
0.0376243256
-0.0394053981
-0.0233374331
-0.0002838371
0.0289556384
-0.0399555452
-0.0511375405
0.0776495263
0.0249244031
0.0138681540
-0.0345756561
-0.0338699333
-0.0374103524
0.0695897341
0.0303785931
-0.0419800989
0.0120052667
0.1157367751
0.1000556499
0.0033889094
0.0147246802
-0.0545740202
-0.0015739436
-0.0288942456
-0.0938636586
0.0433922820
-0.0297784507
0.0371484198
0.0268120598
0.0172205698
-0.0089651076
0.0741385296
-0.0360242873
-0.0100622093
0.0615050830
0.0367907993
0.0142208040
0.0103977481
0.0028034295
0.0371614471
-0.0182225630
-0.0543812700
-0.0342157111
0.0525805615
-0.0488184355
0.0155512877
0.0042943191
0.0233092923
-0.0635359511
-0.0143174091
-0.0497230217
-0.1070219874
0.0129101453
0.0409934223
0.0281583034
0.0366326421
0.0139022497
0.0124847153
