-0.0096006077
-0.0233060122
0.0075685158
-0.0234536417
-0.0087956097
-0.0186927784
0.0232927576
-0.0041212835
0.0299270172
0.0077370908
0.0011906617
0.0151028931
0.0227069668
0.0243012775
-0.0275013093
0.0045432183
-0.0024227877
0.0292175561
-0.0033004838
0.0153927440
0.0099526187
-0.0320428982
0.0134414975
-0.0195571110
0.0231734049
0.0071351798
0.0169243738
0.0252744947
-0.0238265097
-0.0205937624
0.0136268931
-0.0111730415
0.0092628822
-0.1692796797
-0.0272823032
0.0253319647
-0.0063094841
0.0514423959
0.0214619730
-0.0195067655
0.0019390256
-0.0075364467
-0.0307177547
0.0017838079
0.0154002681
-0.1683724970
0.0058185607
-0.0062668496
-0.0219040401
0.0041476903
-0.0179178640
-0.0296628419
-0.0004816032
0.0099940933
0.0025725707
0.0020561006
0.0777070895
-0.0201398637
-0.0024882504
0.0201906692
0.0227402970
0.0120884283
-0.0052510621
-0.0074693090
-0.0062422203
-0.0208970103
0.0030484900
-0.0183849875
-0.0012742548
-0.0253872871
0.0366611034
-0.0152339414
0.0837241858
0.0007534464
-0.0054923454
0.0090049747
0.0335763581
0.0002412082
-0.0563045405
0.0135567542
0.0166616291
0.0150459474
-0.0106423795
0.0178460907
0.0132430559
0.0008013572
0.0133262509
-0.0189088117
-0.0299393423
0.0105402684
0.0394165926
0.0048029288
-0.0084428908
0.0104353819
0.0049539846
-0.0249919817
0.0098320171
-0.6950260401
-0.0418446809
0.0341937244
-0.0007363273
0.0368215032
0.0144913634
-0.0100319991
0.0180200096
-0.0034204822
0.0361167602
-0.0026342538
0.0244979020
-0.0928083137
0.0164897591
-0.0125478161
-0.0328186303
0.0083804913
-0.0200031605
-0.0285337642
0.0036900979
0.0083475634
0.0116494484
-0.0215418711
0.0055842549
-0.0027911335
-0.0068661594
0.0092278253
0.0200116858
0.0143881701
0.0084055476
-0.0113721546
-0.0077345232
-0.0247335900
0.0117022516
-0.0261999462
-0.0134780109
-0.0134092756
0.0163093060
0.0013004815
0.0094569903
0.0086478507
0.0021475640
0.0175424572
0.0230365172
0.0292512570
-0.0105413897
-0.0001041698
-0.0080163479
0.0362371728
-0.0028895964
0.0144740744
0.0096499464
-0.0470629483
0.0135811558
-0.0232042521
0.0388790518
0.0023974013
0.0082545420
0.0328536294
-0.0288895350
-0.0331637636
0.0165554062
-0.0064061158
0.0138323884
0.0369298719
-0.0281249136
0.0101668723
-0.0102963652
0.0605797321
0.0267998353
-0.0404263400
-0.0027479704
-0.0082353614
-0.0107282354
0.0024823425
0.0084329359
-0.1902918220
0.0065454640
-0.0051269978
-0.0187236592
0.0026624862
-0.0145788901
-0.0308391228
-0.0168816280
0.0127038462
0.0020415818
0.0083233956
0.1154416800
-0.0284434110
-0.0000102153
0.0275176857
0.0234110653
0.0132651664
-0.0122166146
-0.0073306859
0.0297047533
-0.0198763274
0.0263439137
-0.0242972970
-0.0216335077
0.0205261204
0.0182974879
0.0032053576
0.1456236541
0.0219798591
0.0288283546
0.0307649747
0.0265969820
0.0312174167
0.0298064835
-0.0372732207
-0.0129758483
0.0915297121
-0.0161702167
-0.0031865274
0.0014273162
-0.1122284234
0.0147180669
-0.0160641894
-0.0529619269
-0.0163897090
-0.0101162074
0.0776073039
-0.0422496945
-0.0700683221
0.0284848269
-0.0080725616
0.0248873606
0.6611086130
-0.0312623605
0.0392487459
-0.0269580316
0.1023711339
0.0799393877
-0.0364637561
-0.0076985722
-0.0193890370
0.1017710343
0.0249861851
-0.0114059122
-0.2607240081
-0.0045093587
0.0193825755
-0.0145680262
-0.0042037494
0.0001015513
-0.0500362068
-0.1103007719
0.0215419699
0.0100031979
0.0516534969
0.2321013659
-0.0357283764
-0.0282134563
0.0654083416
0.0126074888
0.0485864989
-0.0337802060
-0.0136724198
0.0068804673
-0.0213365462
0.0206047688
-0.0279738940
-0.0223101657
0.0024748617
0.0164018683
0.0068682549
0.0671983063
0.0176996086
0.0166137144
0.0242234338
0.0200947598
0.0434055328
0.0144368140
-0.0270586871
-0.0164952110
0.0652578399
-0.0050986502
0.0032748939
0.0058337455
-0.0851235241
0.0183060504
-0.0189708415
0.0332535058
0.0039844415
-0.0082753971
0.0594674498
-0.0406632312
-0.0583269447
0.0249586534
-0.0015678387
0.0167536605
0.4858826697
-0.0177823622
0.0409173556
-0.0195674486
0.0886439756
0.0538221523
-0.0302672815
-0.0150047354
-0.0151268253
-0.0204596370
0.0150138866
0.0018291167
-0.2511614859
-0.0118182944
0.0121129258
-0.0109994225
-0.0047994619
-0.0047904416
-0.0434262156
-0.0500800200
0.0167931486
0.0002214951
0.0452426188
0.1822209954
-0.0363458544
-0.0131164519
0.0489663705
0.0177432261
0.0333735123
-0.0213505607
-0.0086413370
-0.0098597379
-0.0231723879
0.0066384678
-0.0230412353
-0.0065938490
-0.0220939834
0.0261555780
-0.0083289733
0.0208914708
0.0037665255
-0.0049160277
0.0108875809
0.0276833978
0.0154651077
-0.0343473107
0.0121141467
0.0014797427
0.0181222390
-0.0049649538
0.0164185092
0.0128868334
-0.0178004727
0.0108196661
-0.0210983828
0.0113199307
0.0045987121
0.0230771434
0.0166124254
-0.0171320327
-0.0100067323
0.0101026185
-0.0145889604
0.0117596826
-0.3695309758
-0.0368120968
0.0089351693
-0.0039401422
0.0450524166
0.0177471079
-0.0367264226
0.0097985053
-0.0042054662
-0.0007135161
-0.0024244422
0.0162111614
-0.1311526000
0.0129599450
-0.0126906298
-0.0277536977
0.0091588218
-0.0181408525
-0.0255705435
0.0047833566
0.0115098553
0.0067460504
-0.0124770468
0.0432291590
-0.0165044647
0.0002601649
0.0160850938
0.0223421734
0.0101600001
0.0009755620
-0.0083512785
-0.0111935856
-0.0252637397
0.0096577657
-0.0263650492
-0.0113135837
-0.0170157179
0.0173477009
-0.0015318042
-0.0124349967
0.0071765422
-0.0024041350
0.0154447900
0.0238073263
0.0255406182
-0.0146301184
0.0076360297
-0.0077508907
0.0260113534
-0.0016406578
0.0153273502
0.0110910702
-0.0373842083
0.0105904806
-0.0238560662
0.0347562842
0.0012387346
0.0106633576
0.0269339662
-0.0251792762
-0.0266404934
0.0134037687
-0.0071012480
0.0136574311
-0.0715885535
-0.0321499407
-0.0052939956
-0.0084309895
0.0533965640
0.0217971653
-0.0523283891
0.0027324248
-0.0063319411
-0.0081471000
-0.0008659906
0.0098487241
-0.1683174223
0.0115391240
-0.0108759170
-0.0215386208
0.0075978348
-0.0160238966
-0.0252913106
-0.0070016221
0.0131999357
0.0028450617
-0.0032210257
0.0880325884
-0.0266227406
0.0043383678
0.0235073008
0.0242222231
0.0081971362
-0.0088454559
-0.0075947973
-0.0099145425
-0.0282083619
0.0113319652
-0.0281157475
-0.0138243502
-0.0099744713
0.0059317625
0.0055040922
-0.0343324430
0.0106712719
-0.0002898799
0.0200567339
0.0211889725
0.0332228653
0.0065733329
0.0010727440
-0.0149104800
0.0357672796
0.0005053893
0.0142385485
0.0085891159
-0.0580413826
0.0082108164
-0.0251176022
0.0504082441
-0.0066561531
0.0002078001
0.0382145122
-0.0320534930
-0.0431012139
0.0173464753
-0.0025255312
0.0147476634
0.2119131237
-0.0286417454
-0.0212326422
-0.0133946035
0.0588744171
0.0256167594
-0.0669423491
-0.0036397842
-0.0073996643
-0.0010030646
0.0015575291
0.0007903348
-0.1996734291
0.0137491068
-0.0072634122
-0.0141789103
0.0038557462
-0.0131191127
-0.0263373442
-0.0235073995
0.0154173980
0.0009859657
0.0045590862
0.1390509307
-0.0349117145
0.0088938568
0.0312285498
0.0267076679
0.0064464342
-0.0248029102
-0.0070466809
-0.0096762925
-0.0260795616
0.0094122691
-0.0263939332
-0.0108412262
-0.0138006471
0.0140818683
-0.0003263012
-0.0106350509
0.0104715982
-0.0016173583
0.0174767673
0.0208687466
0.0292491168
-0.0084854187
0.0033352780
-0.0105279302
0.0292554125
-0.0000673334
0.0132854693
0.0093881497
-0.0454374552
0.0096498961
-0.0209282339
0.0426153801
-0.0001308937
0.0055208085
0.0320584439
-0.0276368074
-0.0325814970
0.0144269513
-0.0065488094
0.0117200753
0.0216921605
-0.0288162120
-0.0042213546
-0.0095005762
0.0554168224
0.0245736837
-0.0490889102
0.0003585647
-0.0075059901
-0.0287070982
0.0017523500
0.0085605476
-0.1799305379
0.0111499783
-0.0074016456
-0.0178847034
0.0058661983
-0.0148860393
-0.0264954269
-0.0059995400
0.0131876711
0.0009434064
0.0026703954
0.0998006761
-0.0277332906
0.0050432864
0.0270621683
0.0246081706
0.0078891758
-0.0168604273
-0.0076647364
-0.0093364539
-0.0223877933
0.0078341309
-0.0230853669
-0.0070928927
-0.0237155613
0.0293930974
-0.0095684845
0.0306280330
0.0037243548
-0.0052190558
0.0100383023
0.0278785229
0.0160380844
-0.0386776701
0.0123058585
0.0022462832
0.0174328610
-0.0049500247
0.0165746305
0.0138614271
-0.0147068612
0.0123647330
-0.0195903964
0.0136170015
0.0063051474
0.0237327497
0.0157333985
-0.0162909850
-0.0081677428
0.0101512168
-0.0150547549
0.0112772705
-0.4072200954
-0.0366159901
0.0160047822
-0.0028370859
0.0461020209
0.0189090408
-0.0305293724
0.0095404591
-0.0047833798
-0.0113760466
-0.0020314907
0.0187427793
-0.1289013624
0.0111888461
-0.0117092002
-0.0292760599
0.0086671263
-0.0181458127
-0.0266664419
0.0115465373
0.0113880923
0.0065173404
-0.0096828714
0.0316133201
-0.0147289578
-0.0017351268
0.0159961022
0.0210798681
0.0119284932
0.0063937320
-0.0080693681
-0.0091347415
-0.0223058034
0.0072781858
-0.0225839950
-0.0065246462
-0.0241498966
0.0301636793
-0.0103046624
0.0369708166
0.0035058428
-0.0052312501
0.0100990152
0.0283749495
0.0143576814
-0.0405047163
0.0126290247
0.0038170989
0.0169696566
-0.0054475199
0.0169362780
0.0138960062
-0.0130842077
0.0125780245
-0.0196452942
0.0089221047
0.0071028024
0.0250968244
0.0143741313
-0.0155239264
-0.0060625290
0.0093746809
-0.0159566142
0.0110946912
-0.4369692802
-0.0369735844
0.0180768482
-0.0026264223
0.0451733917
0.0183601733
-0.0274646226
0.0104319835
-0.0047419472
-0.0073558534
-0.0021944940
0.0197233856
-0.1249433309
0.0119498177
-0.0119205518
-0.0295674540
0.0087668421
-0.0183512997
-0.0267448481
0.0107645309
0.0110424384
0.0067055463
-0.0109774694
0.0270628724
-0.0133565636
-0.0022228528
0.0151281562
0.0207744744
0.0118865380
0.0074234465
-0.0085953996
-0.0114675602
-0.0241759773
0.0081578000
-0.0242005698
-0.0082114302
-0.0224707816
0.0241526123
-0.0074610678
0.0062300791
0.0050131781
-0.0057383575
0.0115191936
0.0259096939
0.0195899718
-0.0298490711
0.0133714667
-0.0022152713
0.0175109133
-0.0027898466
0.0170290750
0.0135563491
-0.0214802083
0.0103881843
-0.0211934317
0.0246869978
0.0026986112
0.0180901252
0.0189387277
-0.0192548968
-0.0143883843
0.0108835110
-0.0117020579
0.0121044330
-0.2982525229
-0.0358795859
0.0011741716
-0.0042667636
0.0468312502
0.0186709277
-0.0425377674
0.0082736006
-0.0049711475
-0.0150470715
-0.0027073512
0.0160067379
-0.1387080699
0.0138335386
-0.0131038763
-0.0270965025
0.0095194718
-0.0178044513
-0.0243062060
0.0083288411
0.0124446088
0.0047499598
-0.0099866819
0.0431867503
-0.0192173719
0.0027372867
0.0180433095
0.0222095530
0.0077822437
0.0014463766
-0.0083229989
-0.0086934846
-0.0224699788
0.0054542851
-0.0212422982
-0.0046032430
-0.0243060682
0.0309449304
-0.0116985561
0.0459378399
0.0028758417
-0.0058193235
0.0101760272
0.0297804028
0.0098697674
-0.0437948741
0.0137433670
0.0072617610
0.0156513099
-0.0066460855
0.0175624359
0.0135784382
-0.0095586507
0.0119028781
-0.0197395571
-0.0022299637
0.0065492298
0.0289529655
0.0115830936
-0.0135999918
-0.0015858468
0.0078270780
-0.0182934105
0.0108499266
-0.5068441629
-0.0388643518
0.0183355920
-0.0022062995
0.0414560996
0.0165293552
-0.0251766648
0.0133371567
-0.0040358510
0.0082176086
-0.0027431266
0.0206801426
-0.1146319732
0.0150495730
-0.0127976313
-0.0301772412
0.0089888396
-0.0190221854
-0.0264709070
0.0077196131
0.0105197346
0.0080172103
-0.0157342777
0.0215640105
-0.0104303379
-0.0022218835
0.0134142600
0.0209881812
0.0111288875
0.0062447153
-0.0097164344
-0.0073515018
-0.0214243755
0.0046551158
-0.0199390929
-0.0033427968
-0.0252819322
0.0345019698
-0.0135110337
0.0669036135
0.0016356263
-0.0054827672
0.0093829772
0.0317499600
0.0055703595
-0.0508121103
0.0135340178
0.0119526787
0.0155325877
-0.0086709438
0.0178744514
0.0136810476
-0.0038984956
0.0132008484
-0.0192085188
-0.0148688508
0.0090605263
0.0342712142
0.0081793014
-0.0110559901
0.0044355621
0.0066537205
-0.0213874504
0.0103944158
-0.6028260589
-0.0400066227
0.0284286086
-0.0013057389
0.0397466309
0.0157848913
-0.0158338882
0.0151506057
-0.0037665470
0.0196789913
-0.0026467449
0.0229462516
-0.1044963598
0.0148070585
-0.0123388246
-0.0317669250
0.0083889207
-0.0194736551
-0.0279533919
0.0069695693
0.0095261764
0.0096843531
-0.0175126530
0.0121831400
-0.0064703645
-0.0051740990
0.0112157557
0.0202223249
0.0134752030
0.0093799457
-0.0102191260
-0.0062765186
-0.0206202269
0.0036426235
-0.0185373630
-0.0018355668
-0.0257589445
0.0372564830
-0.0150828529
0.0852152407
0.0004390234
-0.0052560321
0.0086412933
0.0337360799
0.0008452301
-0.0570613220
0.0134168714
0.0166543182
0.0155635951
-0.0107282931
0.0180125330
0.0134302890
0.0011480912
0.0139735043
-0.0189440958
-0.0286492985
0.0110769356
0.0395739600
0.0048530679
-0.0085830297
0.0103221228
0.0053738775
-0.0247777514
0.0099982750
-0.6939631104
-0.0415773951
0.0361777730
-0.0006492821
0.0376573987
0.0147693316
-0.0088781919
0.0173290204
-0.0035004492
0.0349601842
-0.0026104276
0.0245981012
-0.0941930711
0.0154205579
-0.0122616114
-0.0331321545
0.0080001550
-0.0199422780
-0.0290283803
0.0042809243
0.0083619971
0.0117462305
-0.0203291848
0.0056692190
-0.0029837610
-0.0075018182
0.0091346428
0.0197946299
0.0152280834
0.0100909583
-0.0110304542
-0.0070201498
-0.0224244110
0.0056228070
-0.0215528868
-0.0056020492
-0.0204101615
0.0276531652
-0.0080119753
0.0481407158
0.0035104926
-0.0021351445
0.0121736042
0.0289753769
0.0122323902
-0.0368811898
0.0078130160
0.0060325931
0.0232240036
-0.0074626082
0.0160661023
0.0112506077
-0.0186017025
0.0127135878
-0.0208035558
-0.0016820186
0.0076326178
0.0271070935
0.0161650348
-0.0165628865
-0.0076417741
0.0097770682
-0.0173633788
0.0109180193
-0.3934288025
-0.0353502855
0.0237585679
-0.0045494139
0.0453502014
0.0183302164
-0.0227026828
0.0090918522
-0.0044418960
0.0141350636
-0.0009254241
0.0164901223
-0.1329801679
0.0114471307
-0.0098173460
-0.0262426566
0.0063449764
-0.0180444848
-0.0291172806
-0.0038668017
0.0101343933
0.0079992022
-0.0102685122
0.0538121127
-0.0138559295
-0.0036373925
0.0156099536
0.0222693104
0.0137786409
-0.0009175836
-0.0089723906
0.0181493200
-0.0194865074
0.0243942533
-0.0261629838
-0.0244616345
0.0107850349
0.0196236409
0.0059296805
0.1228026524
0.0195061434
0.0253048036
0.0279723871
0.0236548670
0.0387294367
0.0206227675
-0.0349815488
-0.0138590308
0.0814832151
-0.0110895680
0.0002105334
0.0051671388
-0.0996432677
0.0194983967
-0.0180899370
-0.0093430588
-0.0029473512
-0.0088415351
0.0691220611
-0.0429464541
-0.0641293824
0.0282799266
-0.0046190792
0.0212905649
0.5892210603
-0.0226802547
0.0526116081
-0.0244183019
0.0986575633
0.0689065829
-0.0264750030
-0.0124261267
-0.0186153948
0.0417178832
0.0210623965
-0.0026162122
-0.2626454830
-0.0113904858
0.0177815426
-0.0129319113
-0.0065816226
-0.0015016171
-0.0488502607
-0.0840840638
0.0190981608
0.0046181330
0.0542419180
0.2092373967
-0.0348932520
-0.0233390704
0.0587382093
0.0129270256
0.0436845571
-0.0220209491
-0.0125293974
0.0284870695
-0.0193512253
0.0286830384
-0.0245163143
-0.0237810723
0.0172317140
0.0179117229
0.0040500946
0.1526188999
0.0229483992
0.0245671850
0.0276733451
0.0247908365
0.0350093432
0.0297494698
-0.0386447534
-0.0135600604
0.0872115120
-0.0150027201
-0.0018541064
0.0010827342
-0.1070283353
0.0142920781
-0.0150107900
-0.0251051933
-0.0093434947
-0.0115004908
0.0735822618
-0.0379515179
-0.0664202124
0.0282361731
-0.0091608036
0.0223523863
0.6051920056
-0.0263900459
0.0378277861
-0.0231890995
0.1020143852
0.0773399472
-0.0362043008
-0.0102981236
-0.0193577353
0.0660482198
0.0209969189
-0.0088775242
-0.2427570969
-0.0056205941
0.0185992718
-0.0135565400
-0.0042682546
0.0043050935
-0.0491215177
-0.0913039893
0.0215885714
0.0088593801
0.0587182604
0.1909478605
-0.0350860395
-0.0255812164
0.0650836229
0.0097389976
0.0473766960
-0.0291762147
-0.0153138591
0.0373254493
-0.0189277809
0.0307778623
-0.0260826070
-0.0296530984
0.0114815170
0.0299976170
-0.0000625044
0.1914559156
0.0258982424
0.0255887732
0.0301817190
0.0255475454
0.0348445103
0.0330541991
-0.0436066054
-0.0144818779
0.0813180432
-0.0139081227
-0.0032240350
0.0057103503
-0.1036223546
0.0137910238
-0.0123227378
-0.0276341345
-0.0004359710
-0.0167519953
0.0755527616
-0.0308890864
-0.0620107390
0.0239325874
-0.0087406803
0.0201137550
0.5704718828
-0.0219719149
0.0521608852
-0.0217850991
0.1028595641
0.0864307731
-0.0283684935
-0.0070001455
-0.0181694049
0.0405138582
0.0193253160
-0.0057155746
-0.2269527465
-0.0105091548
0.0191133749
-0.0122836167
-0.0017350592
0.0136751095
-0.0509330928
-0.0792121068
0.0289922189
0.0062891841
0.0748122409
0.1427869350
-0.0269523226
-0.0311632920
0.0709993914
-0.0003427533
0.0565497950
0.0037926878
-0.0178901870
-0.0028433080
-0.0238844268
0.0154316444
-0.0298269726
-0.0171845127
-0.0042670639
0.0106204348
0.0056173895
0.0023850580
0.0163066071
0.0056176381
0.0216857474
0.0178832617
0.0416528024
0.0116647389
-0.0127940122
-0.0194770228
0.0463495404
0.0007772823
0.0056193960
0.0068378858
-0.0726233125
0.0134484945
-0.0202085171
0.0475824922
0.0045943311
-0.0092159165
0.0482570417
-0.0371081904
-0.0525135733
0.0188371725
-0.0005668264
0.0148182139
0.3777213991
-0.0214552991
0.0067504114
-0.0158988871
0.0769186616
0.0398426168
-0.0509341806
-0.0100799836
-0.0123928087
-0.0421114191
0.0088991756
0.0033934275
-0.2241454720
-0.0009400605
0.0020726556
-0.0120098321
0.0030532626
-0.0085837012
-0.0325485580
-0.0257132500
0.0146295521
-0.0021598164
0.0254743453
0.1455127895
-0.0375086479
-0.0000550524
0.0398274064
0.0215281453
0.0185385644
-0.0226307176
-0.0072697462
0.0098381210
-0.0217053369
0.0225161687
-0.0280221812
-0.0226431526
0.0054955902
0.0134137357
0.0073914826
0.0759613067
0.0187571626
0.0163801704
0.0252862424
0.0213055350
0.0418418162
0.0196579415
-0.0276473649
-0.0158089567
0.0697507709
-0.0067156469
0.0036575946
0.0049988097
-0.0908981189
0.0175935607
-0.0198951699
0.0221975613
0.0014137230
-0.0101075834
0.0607622191
-0.0411706418
-0.0610800944
0.0245996062
-0.0022674403
0.0195072275
0.5344768167
-0.0209311657
0.0323515758
-0.0207002498
0.0923752338
0.0564610027
-0.0365014933
-0.0144521743
-0.0164513886
0.0072149439
0.0156430807
-0.0004384223
-0.2479698658
-0.0062713288
0.0117844092
-0.0110562742
-0.0045157978
-0.0032764589
-0.0430286862
-0.0612358488
0.0168093834
0.0015425511
0.0449846797
0.1837173849
-0.0380476788
-0.0125049977
0.0518111177
0.0161167402
0.0332176164
-0.0252874456
-0.0107479673
-0.0037586619
-0.0264373664
0.0139804538
-0.0292045996
-0.0153289251
-0.0023590124
0.0032950947
0.0077597164
-0.0231196005
0.0138333626
0.0047568795
0.0217039436
0.0193492826
0.0394252799
0.0181967821
-0.0106380237
-0.0190453082
0.0476007834
-0.0000088881
0.0075175581
0.0063567897
-0.0750456676
0.0094313407
-0.0229428709
0.0457849205
-0.0037271229
-0.0064438730
0.0485008359
-0.0368872285
-0.0546970032
0.0200180691
-0.0007432567
0.0152630182
0.4043477774
-0.0246262643
-0.0134647237
-0.0173154529
0.0715032667
0.0351030864
-0.0674050748
-0.0102489516
-0.0095734550
-0.0063167997
0.0066257995
-0.0039875568
-0.2236165851
0.0053845146
-0.0003482190
-0.0109098991
0.0023351042
-0.0096900100
-0.0312793553
-0.0355568603
0.0157777071
0.0011504513
0.0163635109
0.1713245958
-0.0405942500
0.0049572899
0.0381428301
0.0259090718
0.0145238545
-0.0343765542
-0.0056877793
-0.0046072048
-0.0232899673
0.0154401045
-0.0279006548
-0.0174692627
-0.0068385117
0.0147448415
0.0046871905
0.0138306282
0.0131297149
0.0075602732
0.0192937534
0.0182847567
0.0394278541
-0.0000430576
-0.0115316175
-0.0148996785
0.0468895696
-0.0013674319
0.0079418104
0.0074683358
-0.0632280186
0.0156028802
-0.0202770270
0.0541592538
0.0045944755
-0.0015030252
0.0454562195
-0.0356736407
-0.0460039228
0.0212691873
-0.0026649968
0.0138114421
0.2556798160
-0.0209897850
0.0230447017
-0.0134733180
0.0730962306
0.0374733098
-0.0393592045
-0.0098376237
-0.0116966879
-0.0439585112
0.0085347379
0.0064900974
-0.2248129398
-0.0047043147
0.0024487730
-0.0148009630
-0.0004464315
-0.0109818624
-0.0350478850
-0.0218915623
0.0135943126
-0.0003098731
0.0262043830
0.1512102932
-0.0343806781
-0.0043075169
0.0367967933
0.0223621093
0.0205492713
-0.0217990130
-0.0066369274
-0.0106272921
-0.0234220177
0.0089456756
-0.0245224275
-0.0085552037
-0.0226071347
0.0257402323
-0.0075826729
0.0098422272
0.0048997672
-0.0054917051
0.0108830305
0.0260462724
0.0204007123
-0.0312537476
0.0123513425
-0.0024625163
0.0178728905
-0.0030461065
0.0162262693
0.0137815066
-0.0206899792
0.0111478679
-0.0202596579
0.0265350491
0.0037492730
0.0182427410
0.0193488467
-0.0189341698
-0.0144455228
0.0114670154
-0.0119276764
0.0119425701
-0.3067448139
-0.0355592966
0.0059285345
-0.0038537367
0.0482414030
0.0198834091
-0.0403999239
0.0075503280
-0.0051107900
-0.0217435565
-0.0020542906
0.0162373260
-0.1396299303
0.0114260809
-0.0120599158
-0.0276878346
0.0091485484
-0.0175035633
-0.0253012627
0.0117827682
0.0124415280
0.0049702218
-0.0075998036
0.0419356972
-0.0189422928
0.0011610941
0.0184313562
0.0218178425
0.0098101059
0.0031963154
-0.0075544980
-0.0113919871
-0.0236250069
0.0096328454
-0.0247677509
-0.0093480879
-0.0226227604
0.0250257272
-0.0066266516
0.0067656697
0.0045994320
-0.0051523731
0.0109065231
0.0260322113
0.0215195287
-0.0301693752
0.0125367763
-0.0030557336
0.0190835744
-0.0029963134
0.0168255977
0.0137165068
-0.0219467524
0.0113964397
-0.0209963899
0.0293305535
0.0032544483
0.0177037120
0.0199516490
-0.0198502019
-0.0157538708
0.0122704990
-0.0111886086
0.0124075077
-0.2810947597
-0.0352212824
0.0048790332
-0.0042260899
0.0489803143
0.0197590683
-0.0416048653
0.0065195723
-0.0052422462
-0.0196920075
-0.0022455472
0.0154404882
-0.1438464522
0.0112293540
-0.0121155260
-0.0274492279
0.0085462406
-0.0174664222
-0.0253570937
0.0099868560
0.0124850078
0.0050838506
-0.0066939536
0.0469904244
-0.0202551465
0.0015377572
0.0186517760
0.0220494121
0.0096640633
0.0033698075
-0.0075046010
-0.0104322508
-0.0235797204
0.0067589791
-0.0229771156
-0.0063979104
-0.0230351407
0.0266734082
-0.0090360651
0.0210373774
0.0041002217
-0.0059577040
0.0110341320
0.0277059693
0.0152339377
-0.0351856947
0.0137467319
0.0015992384
0.0165305641
-0.0044580163
0.0171671044
0.0133175803
-0.0167213324
0.0105977571
-0.0206799880
0.0125529310
0.0038057510
0.0226622354
0.0158034433
-0.0168661922
-0.0091289720
0.0095488587
-0.0145825716
0.0116013652
-0.3839132488
-0.0374462567
0.0068880939
-0.0035098614
0.0440825745
0.0175068136
-0.0364935100
0.0107136136
-0.0044514234
-0.0031118684
-0.0027710737
0.0174331870
-0.1282872111
0.0148427272
-0.0132140350
-0.0282476060
0.0094580939
-0.0183397718
-0.0249108654
0.0074199527
0.0116098830
0.0063432008
-0.0131609496
0.0353023708
-0.0156475790
0.0010718768
0.0160528701
0.0219734497
0.0088061718
0.0027811187
-0.0089826081
-0.0092078773
-0.0228423700
0.0052402848
-0.0215016603
-0.0045027849
-0.0239452031
0.0298026130
-0.0112556331
0.0393305831
0.0031318571
-0.0062322421
0.0104218060
0.0295691621
0.0103224171
-0.0418277383
0.0142208850
0.0061957426
0.0151898153
-0.0061724056
0.0174897872
0.0134018073
-0.0108440705
0.0111120967
-0.0199903585
-0.0008671660
0.0053909444
0.0279356055
0.0120984446
-0.0140593937
-0.0028072877
0.0078536896
-0.0177502986
0.0109831039
-0.4871709645
-0.0391198620
0.0138907405
-0.0025202602
0.0410832800
0.0162763949
-0.0288463831
0.0135056768
-0.0039327964
0.0088644866
-0.0029336195
0.0197781604
-0.1155619398
0.0159514770
-0.0132991467
-0.0297938455
0.0094387662
-0.0190094952
-0.0256905667
0.0070686969
0.0107515277
0.0078502679
-0.0166078117
0.0236169770
-0.0112599274
-0.0009542767
0.0137325488
0.0214190148
0.0100049591
0.0049910559
-0.0097397715
-0.0098785777
-0.0226991083
0.0058353571
-0.0213532746
-0.0051323543
-0.0247456022
0.0308434628
-0.0111125000
0.0412762836
0.0023325854
-0.0059752250
0.0100898296
0.0302863363
0.0099133020
-0.0438074209
0.0150363334
0.0070937648
0.0156852026
-0.0066656754
0.0183030274
0.0135366581
-0.0093669454
0.0119560659
-0.0206761565
-0.0019435332
0.0057757134
0.0294375345
0.0112386728
-0.0139395148
-0.0016420311
0.0080791432
-0.0178325791
0.0114129623
-0.5004252195
-0.0394658409
0.0154730007
-0.0023744125
0.0410102345
0.0158374328
-0.0281648580
0.0134632941
-0.0039774333
0.0145387035
-0.0033027562
0.0201584045
-0.1158424467
0.0155973574
-0.0136949504
-0.0306074508
0.0090775173
-0.0193240382
-0.0258918777
0.0060167937
0.0105161490
0.0085366275
-0.0167901069
0.0240072329
-0.0112217134
-0.0014713963
0.0131147048
0.0214129277
0.0104848621
0.0067574861
-0.0097882189
-0.0082237888
-0.0215619542
0.0049464018
-0.0199597757
-0.0035962432
-0.0253158659
0.0342849828
-0.0129445400
0.0627645403
0.0011289343
-0.0055145184
0.0090927547
0.0322068036
0.0054049389
-0.0508962423
0.0143277431
0.0119599188
0.0159077570
-0.0088699842
0.0181598626
0.0134003675
-0.0038373531
0.0130854938
-0.0199137311
-0.0153130945
0.0084738005
0.0349636003
0.0079735694
-0.0112410141
0.0044523613
0.0069604293
-0.0214134622
0.0108048581
-0.5995389819
-0.0406691097
0.0261798836
-0.0014653936
0.0394137353
0.0152410166
-0.0189178679
0.0152877662
-0.0037111377
0.0259208605
-0.0029772418
0.0221561044
-0.1055305749
0.0151748350
-0.0130669745
-0.0320949964
0.0084357746
-0.0197247732
-0.0275400449
0.0049535134
0.0093099894
0.0105448384
-0.0185266845
0.0162163731
-0.0073256218
-0.0046681776
0.0110032503
0.0207287092
0.0131252669
0.0082251588
-0.0103007462
0.0056185764
-0.0217726342
0.0190564673
-0.0278095938
-0.0194868054
0.0037224975
0.0098121194
0.0075858473
0.0435325205
0.0176521074
0.0113678267
0.0230951738
0.0200739112
0.0421004593
0.0185053758
-0.0244338028
-0.0188730173
0.0613290891
-0.0032674330
0.0005202102
0.0046621705
-0.0867392644
0.0160036553
-0.0193687286
0.0251445081
0.0046350705
-0.0113962069
0.0568095557
-0.0403259695
-0.0601122715
0.0219319295
-0.0020940243
0.0183871277
0.5052743554
-0.0213571936
0.0183945335
-0.0196151361
0.0893724710
0.0510794744
-0.0490444899
-0.0137234293
-0.0149690863
-0.0056276084
0.0140100848
-0.0005613966
-0.2369364202
-0.0065197940
0.0096905818
-0.0121708699
-0.0001528946
-0.0041454700
-0.0398024060
-0.0511131287
0.0153817935
0.0013062214
0.0366053581
0.1754269004
-0.0405595414
-0.0070740138
0.0472954586
0.0180064999
0.0298866294
-0.0269126296
-0.0084390556
0.0428221822
-0.0203688741
0.0304419454
-0.0228853896
-0.0213251505
0.0285597481
0.0193022005
-0.0012758820
0.2027949244
0.0255765524
0.0387832336
0.0350717828
0.0249561109
0.0239759777
0.0331675150
-0.0357685871
-0.0092878332
0.1092573851
-0.0222316645
0.0023829876
-0.0002728151
-0.1268043220
0.0097311763
-0.0114854770
-0.0892264992
-0.0402824916
-0.0085267480
0.0913694873
-0.0430071875
-0.0792499110
0.0348289162
-0.0145116514
0.0261804983
0.7286990285
-0.0410541669
0.0411902182
-0.0269784518
0.1040977910
0.0953294337
-0.0206260961
-0.0012571297
-0.0232481174
0.1434405297
0.0308023524
-0.0209214576
-0.2749045491
0.0076332525
0.0216405764
-0.0169865787
-0.0062159495
-0.0022367658
-0.0506838746
-0.1406123042
0.0229149126
0.0125580467
0.0580235012
0.2522296309
-0.0327838436
-0.0392340012
0.0737989768
0.0087650567
0.0491040871
-0.0406810343
-0.0161927789
0.0347700268
-0.0187696666
0.0283847749
-0.0241330694
-0.0225145984
0.0210342035
0.0191168208
0.0026626317
0.1693615466
0.0214907322
0.0328011885
0.0307468548
0.0257230420
0.0311936773
0.0302138366
-0.0377825163
-0.0117983380
0.0983516127
-0.0189189892
-0.0001875319
0.0027103671
-0.1162297502
0.0141060101
-0.0156110767
-0.0576646216
-0.0201442745
-0.0081533985
0.0799455866
-0.0420106649
-0.0728669912
0.0318479799
-0.0094190063
0.0255513415
0.6739890575
-0.0325619988
0.0435094908
-0.0258185137
0.1049439311
0.0838440731
-0.0280273817
-0.0079231495
-0.0203888398
0.1116096675
0.0253625698
-0.0138251744
-0.2634323537
-0.0031330737
0.0204233937
-0.0163785666
-0.0055027935
0.0000302680
-0.0510547720
-0.1159041226
0.0219224617
0.0110479714
0.0576755144
0.2280831486
-0.0357486717
-0.0319705792
0.0671177357
0.0089854626
0.0499225445
-0.0282234363
-0.0148268975
0.0328296050
-0.0182854347
0.0285922792
-0.0258158073
-0.0269043967
0.0140073430
0.0256947316
0.0008672870
0.1781347692
0.0243176427
0.0275985990
0.0297757126
0.0244460851
0.0355680920
0.0292243958
-0.0409881324
-0.0136250546
0.0855065882
-0.0138530973
-0.0020211202
0.0048267972
-0.1057341397
0.0149512608
-0.0138206240
-0.0302689765
-0.0038427962
-0.0135193700
0.0749177411
-0.0359238945
-0.0646330565
0.0268970951
-0.0083435141
0.0213266909
0.5920405388
-0.0236877874
0.0534847416
-0.0234027375
0.1030254066
0.0820778087
-0.0238446053
-0.0083487779
-0.0189596284
0.0483760536
0.0205688588
-0.0058369301
-0.2415173203
-0.0093785934
0.0191978849
-0.0129933171
-0.0027545921
0.0073243850
-0.0509244502
-0.0876106173
0.0253326185
0.0064566568
0.0683120638
0.1684445292
-0.0298151057
-0.0305291750
0.0676293746
0.0036692470
0.0527638495
-0.0077361399
-0.0165983420
0.0356503725
-0.0189826284
0.0290280171
-0.0239609480
-0.0219975784
0.0215835515
0.0188385863
0.0032283210
0.1607497036
0.0215597879
0.0299254153
0.0297368020
0.0264153033
0.0310492255
0.0334470607
-0.0388244465
-0.0128063597
0.0956767350
-0.0190795679
-0.0026379211
0.0014391803
-0.1156617925
0.0129453195
-0.0159056503
-0.0555885285
-0.0176454913
-0.0094549721
0.0789919496
-0.0399350002
-0.0717330128
0.0300779305
-0.0090892874
0.0262115113
0.6653277874
-0.0325230546
0.0354779623
-0.0252346490
0.1052951813
0.0834043622
-0.0379003473
-0.0083789313
-0.0194741376
0.1131796092
0.0241211317
-0.0138991168
-0.2538400292
-0.0039450787
0.0198575929
-0.0161237232
-0.0039840047
0.0023394190
-0.0506209880
-0.1114356518
0.0227702484
0.0123392604
0.0565736033
0.2210572809
-0.0373205878
-0.0297912378
0.0675156042
0.0089879306
0.0514203049
-0.0300021563
-0.0144419577
0.0292509496
-0.0196926408
0.0270084348
-0.0251563173
-0.0219870266
0.0187114589
0.0163004044
0.0044218213
0.1419875622
0.0214465782
0.0258648861
0.0291044619
0.0258688536
0.0331257358
0.0304768626
-0.0366939902
-0.0134459501
0.0894066170
-0.0159743242
-0.0018495041
0.0016328817
-0.1100516617
0.0143970503
-0.0167906657
-0.0402875133
-0.0125416405
-0.0106316954
0.0741884932
-0.0407402441
-0.0690480545
0.0280187633
-0.0075513967
0.0253237132
0.6414263844
-0.0299753137
0.0347412564
-0.0248893015
0.1029918045
0.0769142583
-0.0385910459
-0.0094153294
-0.0189433228
0.0920580998
0.0227423888
-0.0105663277
-0.2516320050
-0.0035100190
0.0179101918
-0.0142769776
-0.0039683804
0.0016009804
-0.0486717932
-0.1018247083
0.0207537021
0.0094608255
0.0527011380
0.2142481059
-0.0372607894
-0.0254715197
0.0641157627
0.0109991506
0.0469430313
-0.0306364372
-0.0143024893
0.0057836976
-0.0233719442
0.0194368251
-0.0285459012
-0.0199805740
0.0034382665
0.0101966010
0.0082850968
0.0453885272
0.0171690602
0.0134848598
0.0248400699
0.0209231339
0.0414284132
0.0188640412
-0.0234588347
-0.0170187056
0.0644044131
-0.0050654714
0.0044308007
0.0044876719
-0.0872619078
0.0157634076
-0.0207325127
0.0284380745
-0.0001953746
-0.0088308845
0.0578434765
-0.0407354757
-0.0598248392
0.0238687489
-0.0015197952
0.0180597678
0.5114912391
-0.0214253049
0.0221980494
-0.0202358067
0.0865863934
0.0500071459
-0.0435591936
-0.0140810236
-0.0143975802
0.0031946821
0.0140952384
-0.0021396566
-0.2472371757
-0.0040965341
0.0091266632
-0.0103255594
-0.0034223266
-0.0053259796
-0.0402277000
-0.0544726364
0.0156561043
0.0014290683
0.0367174074
0.1914715320
-0.0390424915
-0.0080525791
0.0474854447
0.0202920716
0.0282192100
-0.0300542470
-0.0082815411
0.0103560966
-0.0215296205
0.0226753894
-0.0285041071
-0.0214332864
0.0078608710
0.0107602589
0.0090300031
0.0560668632
0.0165736079
0.0157817733
0.0245291106
0.0227822941
0.0398897491
0.0233860537
-0.0276729222
-0.0166086052
0.0709454715
-0.0079131238
0.0006465739
0.0048276708
-0.0932703763
0.0169611238
-0.0219454933
0.0135760922
0.0001077475
-0.0095078861
0.0609429367
-0.0417702645
-0.0623516031
0.0246829055
-0.0017245266
0.0222246125
0.5625972748
-0.0244185403
0.0207419861
-0.0222895015
0.0943329707
0.0567230433
-0.0544767603
-0.0141177895
-0.0157973133
0.0397481285
0.0162257515
-0.0038931635
-0.2483104616
-0.0060063358
0.0112905893
-0.0127525646
-0.0031353293
-0.0029240884
-0.0418857485
-0.0691576526
0.0167230964
0.0049437629
0.0395555608
0.2050259411
-0.0422439016
-0.0110689271
0.0522798002
0.0180984251
0.0345824659
-0.0323468521
-0.0098905042
-0.0060607004
-0.0263136029
0.0131577142
-0.0279870834
-0.0148311500
-0.0068958038
0.0089326343
0.0069094989
-0.0099035120
0.0114996741
0.0046368903
0.0208105706
0.0216024742
0.0353113860
0.0063339537
-0.0065498161
-0.0143505055
0.0449858196
-0.0018705310
0.0111133577
0.0068311580
-0.0643512458
0.0116286268
-0.0236477777
0.0432871245
-0.0033910654
0.0007153630
0.0430151001
-0.0344930850
-0.0462180376
0.0201889351
-0.0030514256
0.0147481402
0.2704836130
-0.0257180985
-0.0007559778
-0.0152149899
0.0659678429
0.0315085351
-0.0553493463
-0.0073408214
-0.0092710061
-0.0001347875
0.0058756662
0.0002163747
-0.2174511552
0.0057529430
-0.0015397916
-0.0132501237
0.0002137279
-0.0117566157
-0.0314588808
-0.0315596759
0.0140017606
0.0020089322
0.0140741244
0.1633701771
-0.0353003442
0.0021877482
0.0343878418
0.0262873322
0.0140363527
-0.0277649239
-0.0063846335
-0.0108461510
-0.0234557185
0.0091856318
-0.0245101973
-0.0089534167
-0.0230614189
0.0261092857
-0.0073561175
0.0118945790
0.0045483457
-0.0050216694
0.0110358978
0.0263770279
0.0203028359
-0.0315489918
0.0125792595
-0.0019449341
0.0185681097
-0.0034406336
0.0169984121
0.0138075519
-0.0205982272
0.0116335275
-0.0209795572
0.0257012285
0.0041682175
0.0187050160
0.0189839769
-0.0190956295
-0.0140759451
0.0115770372
-0.0117544364
0.0122408774
-0.3054671586
-0.0353006348
0.0073267152
-0.0039881244
0.0483932272
0.0195952859
-0.0387559347
0.0072271596
-0.0051187659
-0.0187260006
-0.0023385389
0.0163652170
-0.1407320350
0.0113682644
-0.0122423312
-0.0275673196
0.0087500717
-0.0175882373
-0.0254404936
0.0101742642
0.0123395370
0.0050291144
-0.0073530683
0.0425775871
-0.0189908613
0.0008521055
0.0180963799
0.0217372570
0.0098790601
0.0045654378
-0.0077992342
-0.0105023375
-0.0236979257
0.0077802790
-0.0235969163
-0.0074827569
-0.0228462294
0.0261281785
-0.0082201343
0.0167698693
0.0044344054
-0.0055256896
0.0112463832
0.0270348825
0.0174302477
-0.0330883712
0.0131376432
0.0000129984
0.0175910015
-0.0040103081
0.0171277709
0.0134019135
-0.0188482944
0.0108832130
-0.0207889080
0.0187475476
0.0036121621
0.0207037516
0.0174060278
-0.0179046635
-0.0115373433
0.0104415938
-0.0133539150
0.0118571138
-0.3458998203
-0.0364675000
0.0066880453
-0.0037751987
0.0458601490
0.0184584856
-0.0376678631
0.0091655767
-0.0047305399
-0.0099007348
-0.0025587378
0.0167902391
-0.1341537535
0.0136605492
-0.0127551397
-0.0276810415
0.0090067964
-0.0179680679
-0.0251768138
0.0083433138
0.0119797634
0.0057309931
-0.0105401920
0.0396071337
-0.0171664841
0.0011205570
0.0171387680
0.0219484493
0.0090887733
0.0027809914
-0.0085538039
-0.0103019401
-0.0236659329
0.0072930697
-0.0232247096
-0.0069230953
-0.0231310911
0.0268315393
-0.0088299252
0.0197427534
0.0041769841
-0.0057664537
0.0112077054
0.0275254641
0.0160358511
-0.0346105881
0.0136770047
0.0011271926
0.0169203170
-0.0043940386
0.0173874665
0.0134598687
-0.0172491465
0.0107894661
-0.0206982717
0.0156685319
0.0035065683
0.0221101176
0.0163595267
-0.0171514992
-0.0098803043
0.0099486550
-0.0140256220
0.0117542725
-0.3733621836
-0.0370991081
0.0071927081
-0.0034595062
0.0446223654
0.0179391131
-0.0366681628
0.0101627372
-0.0044615008
-0.0060673929
-0.0027858510
0.0173334666
-0.1305768192
0.0144412452
-0.0130572775
-0.0281074140
0.0091371620
-0.0182599910
-0.0250945352
0.0083940234
0.0118760159
0.0061353734
-0.0119284438
0.0365958959
-0.0160304997
0.0009589819
0.0165634323
0.0219641160
0.0089632263
0.0031158889
-0.0088145174
-0.0115185855
-0.0235782210
0.0072147753
-0.0227236189
-0.0070830979
-0.0242839735
0.0280403420
-0.0090479078
0.0214378778
0.0029321127
-0.0059139845
0.0107169291
0.0288746599
0.0140995570
-0.0378002301
0.0155960275
0.0029155326
0.0164549034
-0.0050976481
0.0185678173
0.0135785835
-0.0142373322
0.0113553545
-0.0218965746
0.0101801688
0.0036285019
0.0250448696
0.0142117832
-0.0164760537
-0.0071288175
0.0095498683
-0.0145983929
0.0123451212
-0.4088966548
-0.0384409279
0.0068545784
-0.0032663755
0.0430430174
0.0164476726
-0.0371551849
0.0113916202
-0.0042630364
0.0074856244
-0.0036598307
0.0179521199
-0.1269169003
0.0152378427
-0.0143760042
-0.0294868518
0.0093246037
-0.0189624093
-0.0246734731
0.0056221006
0.0114668543
0.0073015215
-0.0147349080
0.0347110629
-0.0153312385
0.0008854393
0.0150007475
0.0221271850
0.0087672062
0.0051785260
-0.0091780005
-0.0096650776
-0.0224212147
0.0058801048
-0.0212991424
-0.0050000194
-0.0246774647
0.0313876458
-0.0112161683
0.0415969491
0.0018882826
-0.0058894055
0.0094939731
0.0307123177
0.0094073834
-0.0448851287
0.0149580399
0.0075397086
0.0158576183
-0.0071304762
0.0180021059
0.0134369200
-0.0084045930
0.0119142514
-0.0206671655
-0.0036076207
0.0058913534
0.0305531416
0.0109342029
-0.0134875560
-0.0009338221
0.0082860403
-0.0183776170
0.0115417819
-0.5153024793
-0.0399757512
0.0163453538
-0.0022101847
0.0409062803
0.0158019587
-0.0288713872
0.0137045812
-0.0037912414
0.0173157565
-0.0032777961
0.0198636521
-0.1146869212
0.0150635522
-0.0138341300
-0.0310848691
0.0090690712
-0.0193786211
-0.0260583479
0.0056960308
0.0103481142
0.0093508223
-0.0172010437
0.0252134148
-0.0111415545
-0.0020318478
0.0128529361
0.0215148441
0.0111870477
0.0060833762
-0.0095839025
0.0185213797
-0.0196670108
0.0239344537
-0.0264555048
-0.0227193851
0.0114553878
0.0166203175
0.0054706042
0.1190514714
0.0212069750
0.0204818491
0.0264521558
0.0230840277
0.0391534120
0.0226023775
-0.0348038822
-0.0150328716
0.0775130168
-0.0096346457
-0.0010853178
0.0028816059
-0.0983370841
0.0169489440
-0.0166383013
-0.0053159785
-0.0010049886
-0.0110144559
0.0671285987
-0.0402826071
-0.0633971915
0.0260787345
-0.0054212944
0.0205224231
0.5689272881
-0.0224415120
0.0415970869
-0.0229288172
0.0980466902
0.0667632669
-0.0315983519
-0.0128423870
-0.0179136153
0.0291326363
0.0194815826
-0.0032635457
-0.2467375547
-0.0088778185
0.0166805852
-0.0119287865
-0.0042716116
0.0007605517
-0.0470915996
-0.0756059587
0.0188066028
0.0044615953
0.0522568636
0.1865093112
-0.0354078785
-0.0199091285
0.0576279163
0.0129444413
0.0421232954
-0.0240487549
-0.0122487731
0.0427520685
-0.0198197719
0.0300354958
-0.0231265407
-0.0211046301
0.0272134189
0.0188809056
-0.0001531855
0.1957918853
0.0243052635
0.0373315737
0.0339834951
0.0250876937
0.0253847260
0.0334039591
-0.0364453644
-0.0100953793
0.1077617332
-0.0222434811
0.0015612680
0.0002269575
-0.1255857646
0.0103535308
-0.0126314024
-0.0840914175
-0.0355492309
-0.0082772151
0.0885567442
-0.0424604937
-0.0784960166
0.0341035016
-0.0132056735
0.0270292442
0.7202361822
-0.0396468565
0.0393036827
-0.0262936447
0.1053970531
0.0931314752
-0.0240872577
-0.0028636619
-0.0224473663
0.1422778070
0.0295099188
-0.0198437888
-0.2703250945
0.0053442842
0.0214460436
-0.0174133535
-0.0057410910
-0.0013917076
-0.0508703515
-0.1356080025
0.0226295609
0.0128599452
0.0583378859
0.2460481226
-0.0345292836
-0.0375995748
0.0723695159
0.0080766007
0.0499695390
-0.0368152224
-0.0158338062
0.0402628817
-0.0196484383
0.0297288895
-0.0230215099
-0.0219689403
0.0257189088
0.0193499327
0.0003258434
0.1913693547
0.0239769444
0.0360109583
0.0334312096
0.0252503101
0.0269085336
0.0326968655
-0.0372343250
-0.0107598333
0.1047713310
-0.0210687853
0.0006577087
0.0005599459
-0.1227819547
0.0113299917
-0.0129509950
-0.0767540038
-0.0311469883
-0.0090439357
0.0863801613
-0.0418486074
-0.0763899535
0.0334962085
-0.0126226014
0.0261384621
0.7046117187
-0.0373566411
0.0416670367
-0.0264256187
0.1049542949
0.0911667868
-0.0250691380
-0.0039707948
-0.0220624246
0.1314112097
0.0282529444
-0.0179732852
-0.2674560547
0.0027052767
0.0211716294
-0.0169110391
-0.0053909263
-0.0003416169
-0.0512650870
-0.1293618828
0.0230696071
0.0124516422
0.0590781122
0.2388631552
-0.0338383317
-0.0363679193
0.0715467408
0.0082140164
0.0504432768
-0.0337971188
-0.0158299953
0.0362864211
-0.0175487269
0.0293027777
-0.0249499995
-0.0258797426
0.0152139869
0.0244566258
0.0018441754
0.1762975007
0.0217629354
0.0290517602
0.0290901437
0.0248735771
0.0349139832
0.0315839872
-0.0417294092
-0.0136698820
0.0897393301
-0.0164179653
-0.0026738697
0.0054470338
-0.1095588282
0.0145373251
-0.0150480494
-0.0387460180
-0.0050633131
-0.0117848404
0.0755151883
-0.0359856114
-0.0672620833
0.0283963978
-0.0082653668
0.0236071087
0.6139038205
-0.0259172004
0.0478685535
-0.0233712345
0.1061415374
0.0833484903
-0.0300598349
-0.0096561676
-0.0185076352
0.0733736381
0.0207762048
-0.0087740161
-0.2419364601
-0.0101922816
0.0200798064
-0.0157246180
-0.0025665499
0.0071913921
-0.0518949069
-0.0933152288
0.0255099218
0.0096326964
0.0677729100
0.1784027666
-0.0334231183
-0.0308313556
0.0675179735
0.0027595628
0.0552472174
-0.0069776182
-0.0154189626
0.0320440792
-0.0196139365
0.0276787318
-0.0243806783
-0.0207041223
0.0213604365
0.0163550824
0.0045508458
0.1428392082
0.0204847101
0.0290623736
0.0294304118
0.0270031784
0.0313865952
0.0320347734
-0.0371840745
-0.0124959880
0.0952913389
-0.0183632281
-0.0019209803
0.0011984617
-0.1148331836
0.0138297090
-0.0176472887
-0.0545620807
-0.0180983972
-0.0076004295
0.0776058659
-0.0421437211
-0.0720137656
0.0300546940
-0.0077261934
0.0265717525
0.6755681634
-0.0330380499
0.0328139551
-0.0264358204
0.1038788706
0.0794570968
-0.0400233045
-0.0095451595
-0.0190539360
0.1198262721
0.0246684086
-0.0140284793
-0.2602595985
-0.0031345314
0.0192057323
-0.0155244712
-0.0050504277
-0.0004054316
-0.0495927110
-0.1139613688
0.0210314952
0.0122136148
0.0504041575
0.2376556844
-0.0389504023
-0.0271891505
0.0649961010
0.0126016280
0.0484506823
-0.0364105664
-0.0132010523
0.0334410630
-0.0203192774
0.0275889561
-0.0240554102
-0.0193627570
0.0234442800
0.0140598053
0.0048383977
0.1440886706
0.0214898661
0.0273557100
0.0299934223
0.0275284052
0.0294345804
0.0337212682
-0.0364697278
-0.0131283691
0.0957120210
-0.0193017721
-0.0026619604
-0.0012804634
-0.1165160090
0.0122081228
-0.0162713211
-0.0610878356
-0.0216345526
-0.0090944432
0.0783123299
-0.0415286422
-0.0728870183
0.0294576026
-0.0091110356
0.0274597313
0.6840466857
-0.0350520276
0.0259855706
-0.0258459188
0.1038886234
0.0806231350
-0.0450343341
-0.0078882677
-0.0193599667
0.1285309047
0.0256537963
-0.0162294768
-0.2559157014
0.0003934474
0.0188021604
-0.0154030602
-0.0043559759
0.0006813442
-0.0481827110
-0.1160282120
0.0200986639
0.0129708918
0.0481713749
0.2392889708
-0.0395451374
-0.0268556587
0.0656706616
0.0129112098
0.0473376475
-0.0416800492
-0.0135042649
0.0242285933
-0.0200953055
0.0265648067
-0.0247013718
-0.0207719263
0.0174708441
0.0123057431
0.0067680581
0.1134065390
0.0197817478
0.0215844065
0.0263586398
0.0256530941
0.0348551534
0.0302274674
-0.0357019566
-0.0143732997
0.0854042545
-0.0144385919
-0.0029430471
0.0007886608
-0.1066200584
0.0144711351
-0.0179953240
-0.0261271782
-0.0091159055
-0.0096162613
0.0705850944
-0.0403115228
-0.0676862746
0.0271070283
-0.0071334215
0.0244533550
0.6228351593
-0.0290057808
0.0238371529
-0.0240660664
0.1013438851
0.0709133670
-0.0508955047
-0.0122438883
-0.0179343019
0.0858323574
0.0208382402
-0.0105848601
-0.2456687242
-0.0045215948
0.0168841463
-0.0144866183
-0.0037139200
0.0009299918
-0.0471977703
-0.0932159126
0.0192244425
0.0105930250
0.0470810421
0.2150484920
-0.0409615412
-0.0196358208
0.0606640279
0.0141934277
0.0441836379
-0.0388930626
-0.0123299593
0.0312064923
-0.0190874711
0.0294056404
-0.0239909925
-0.0216159411
0.0213730037
0.0136371953
0.0060131326
0.1406472325
0.0204247553
0.0250466969
0.0273675565
0.0254314486
0.0327654742
0.0329226218
-0.0377866030
-0.0133493338
0.0928645059
-0.0180714782
-0.0027548862
0.0001839526
-0.1125101298
0.0134378690
-0.0174887404
-0.0363716483
-0.0132667888
-0.0099371653
0.0742079765
-0.0398000292
-0.0701937154
0.0294217542
-0.0086600604
0.0269605182
0.6448413134
-0.0315218605
0.0255343858
-0.0235137101
0.1057176292
0.0779648796
-0.0484668352
-0.0110325236
-0.0194285531
0.1080979854
0.0223593619
-0.0123085938
-0.2456974089
-0.0034616452
0.0185111389
-0.0165663101
-0.0039757648
0.0024908429
-0.0488807485
-0.1028594673
0.0202311166
0.0127716390
0.0535318442
0.2156732976
-0.0410704352
-0.0246895105
0.0653797686
0.0105740344
0.0481369942
-0.0365417302
-0.0142335556
0.0127289584
-0.0204681437
0.0229386501
-0.0276075248
-0.0205659959
0.0097590648
0.0107230823
0.0083531337
0.0628658682
0.0165551770
0.0167810433
0.0235865675
0.0226271208
0.0401554182
0.0238650627
-0.0302338712
-0.0163975190
0.0739332959
-0.0086917747
-0.0013648036
0.0039709224
-0.0957827866
0.0165252294
-0.0215520393
0.0066644829
0.0017923539
-0.0087737665
0.0620276183
-0.0415887870
-0.0635040700
0.0253090840
-0.0024079131
0.0225042719
0.5694714785
-0.0243397057
0.0217757635
-0.0224462636
0.0968990251
0.0583180487
-0.0542737618
-0.0154016670
-0.0157948565
0.0438961945
0.0165889412
-0.0047954447
-0.2466347218
-0.0082920231
0.0126719223
-0.0136190308
-0.0023906892
-0.0024155243
-0.0434803143
-0.0721533298
0.0167215560
0.0067699258
0.0407984443
0.2054792494
-0.0435195006
-0.0124117928
0.0525857583
0.0171719212
0.0375939198
-0.0339238048
-0.0091102868
0.0001003903
-0.0243078545
0.0168106761
-0.0288377590
-0.0185160935
-0.0009695987
0.0082451031
0.0086372010
0.0149340266
0.0146080507
0.0097083924
0.0231868085
0.0207749680
0.0412260257
0.0159447100
-0.0166750532
-0.0179321002
0.0560550131
-0.0027662637
0.0069668461
0.0061200093
-0.0794794112
0.0144017544
-0.0227412619
0.0367698148
-0.0001916792
-0.0068546520
0.0521289967
-0.0394130908
-0.0567984879
0.0221728701
-0.0001480783
0.0172610376
0.4547038674
-0.0221271459
0.0099068768
-0.0184941571
0.0797927454
0.0418232195
-0.0501735993
-0.0131454226
-0.0121878162
-0.0020094127
0.0102264211
-0.0016194429
-0.2376785576
-0.0018154094
0.0047745872
-0.0114302523
-0.0011824328
-0.0080913324
-0.0365104489
-0.0447627008
0.0153558962
0.0005387728
0.0275804456
0.1796379089
-0.0396404602
-0.0025142415
0.0417052135
0.0225581061
0.0223579053
-0.0251157992
-0.0066626347
0.0050921487
-0.0224783774
0.0202497225
-0.0293243844
-0.0221448690
0.0014219655
0.0126218479
0.0074570463
0.0413671806
0.0162541680
0.0134828016
0.0242681094
0.0203776825
0.0423344001
0.0181742031
-0.0230497736
-0.0174266435
0.0608418435
-0.0040488290
0.0044614952
0.0073511684
-0.0837328508
0.0170183536
-0.0217857156
0.0379351079
0.0033646715
-0.0099259699
0.0565698557
-0.0402292572
-0.0584810935
0.0228384323
0.0002951706
0.0188017115
0.4863254428
-0.0205911845
0.0249682311
-0.0194510426
0.0875047892
0.0501321889
-0.0442192033
-0.0144781573
-0.0137388417
-0.0104636522
0.0125041967
0.0006446551
-0.2447904050
-0.0074453428
0.0082764588
-0.0114453491
-0.0023343405
-0.0053391643
-0.0404678136
-0.0484907925
0.0172189157
-0.0002390256
0.0382106788
0.1795924306
-0.0390551575
-0.0082702227
0.0474048443
0.0187592842
0.0295049269
-0.0212886818
-0.0082398988
-0.0066823857
-0.0263761152
0.0099437786
-0.0259977244
-0.0116387764
-0.0099122012
0.0120795043
0.0035831407
0.0026054999
0.0095413094
0.0029775200
0.0198009834
0.0234861709
0.0281234216
-0.0040514604
-0.0022801149
-0.0083263572
0.0397532135
-0.0032057082
0.0133471889
0.0072871591
-0.0532657839
0.0111900596
-0.0234740786
0.0309064854
-0.0023938932
0.0082657440
0.0357985385
-0.0299861003
-0.0361554995
0.0173614137
-0.0069986209
0.0133290030
0.1016163081
-0.0283751376
0.0033548293
-0.0128767230
0.0583305024
0.0265052728
-0.0468016192
-0.0026158385
-0.0077635953
0.0107743246
0.0038937349
0.0036450676
-0.1974404156
0.0096117463
-0.0041946052
-0.0155275837
0.0011855132
-0.0140165165
-0.0307203606
-0.0277153924
0.0126682865
0.0034337745
0.0057592294
0.1433415562
-0.0292873252
0.0013998672
0.0290497672
0.0264186580
0.0121200467
-0.0244656634
-0.0070649968
-0.0105766132
-0.0229924601
0.0066439621
-0.0222712625
-0.0063500595
-0.0245857611
0.0293635130
-0.0100136269
0.0296001527
0.0025477384
-0.0058970083
0.0101206433
0.0294266604
0.0127717843
-0.0404446349
0.0151356459
0.0043521309
0.0160040017
-0.0057639303
0.0183244385
0.0137604866
-0.0119536147
0.0116569437
-0.0212947186
0.0055440604
0.0047087884
0.0268132556
0.0131334448
-0.0153368451
-0.0050375797
0.0091500711
-0.0157631207
0.0120173292
-0.4478409290
-0.0387224816
0.0110500138
-0.0028285822
0.0425857529
0.0163064506
-0.0331626460
0.0119238300
-0.0039618276
0.0080085779
-0.0035057240
0.0187757537
-0.1220052019
0.0145737082
-0.0139537593
-0.0301144663
0.0093031358
-0.0190395098
-0.0253394824
0.0068552699
0.0112384707
0.0077279760
-0.0152625991
0.0290796049
-0.0136640137
-0.0003759067
0.0140557988
0.0217049327
0.0099673141
0.0068254601
-0.0089966459
-0.0127109597
-0.0241859928
0.0073130578
-0.0233002249
-0.0077520316
-0.0236941744
0.0256984197
-0.0078613274
0.0081907492
0.0030799385
-0.0061579458
0.0108860573
0.0281927176
0.0157145392
-0.0343283676
0.0161799919
0.0007600557
0.0165037382
-0.0041799499
0.0185829271
0.0133645963
-0.0167238005
0.0104028052
-0.0228260849
0.0144532826
0.0020075114
0.0232052673
0.0155483112
-0.0176630896
-0.0098484177
0.0101041459
-0.0130917579
0.0128583647
-0.3620896935
-0.0384164229
-0.0005343077
-0.0039059997
0.0432565026
0.0160744395
-0.0442606956
0.0108171860
-0.0042185183
0.0086614350
-0.0040479908
0.0162173677
-0.1311091185
0.0157354437
-0.0153302774
-0.0289192349
0.0098790852
-0.0188781414
-0.0235202610
0.0037031157
0.0119772367
0.0070067132
-0.0154374205
0.0416889228
-0.0176856183
0.0028085213
0.0155556714
0.0228238069
0.0073055211
0.0029984426
-0.0088200476
0.0156172011
-0.0201516878
0.0225310083
-0.0267475266
-0.0219665486
0.0095993243
0.0144646065
0.0057090493
0.0953230038
0.0198834930
0.0178787541
0.0256680679
0.0222225729
0.0397261307
0.0222642310
-0.0325853080
-0.0160243064
0.0725703388
-0.0077259671
-0.0015491273
0.0037760336
-0.0955775529
0.0169585235
-0.0178889744
0.0028483737
0.0024410463
-0.0118345767
0.0641483217
-0.0404829942
-0.0629238710
0.0237379912
-0.0037983651
0.0206461363
0.5537253022
-0.0222661979
0.0344899409
-0.0217721350
0.0970077962
0.0625865236
-0.0381995589
-0.0137385065
-0.0167083945
0.0194538422
0.0176829211
-0.0021751914
-0.2435353547
-0.0093423966
0.0146044530
-0.0123984376
-0.0023610392
-0.0006084889
-0.0459609739
-0.0688821301
0.0181145091
0.0034213783
0.0473127738
0.1840798110
-0.0379311256
-0.0161476936
0.0546110794
0.0138145173
0.0398691259
-0.0242170431
-0.0105818557
0.0425622538
-0.0198873151
0.0302608777
-0.0229558200
-0.0214482229
0.0272973478
0.0189467352
-0.0003763609
0.1950575560
0.0244381391
0.0372936241
0.0340304747
0.0251334459
0.0256185513
0.0338799767
-0.0365201384
-0.0099933874
0.1071294323
-0.0219732560
0.0015371118
0.0005795272
-0.1252020448
0.0102809360
-0.0128571298
-0.0827638581
-0.0349071510
-0.0086802309
0.0882798210
-0.0423785187
-0.0782857835
0.0335713103
-0.0130225988
0.0268880390
0.7182054520
-0.0393842198
0.0391142555
-0.0262774769
0.1051625386
0.0928323567
-0.0241193548
-0.0029776213
-0.0223543663
0.1406985968
0.0289599225
-0.0193028003
-0.2693738043
0.0050758836
0.0210536346
-0.0172686707
-0.0053862864
-0.0014396035
-0.0512989461
-0.1350438297
0.0231260173
0.0125886975
0.0583335944
0.2440703809
-0.0344626792
-0.0373039134
0.0725475103
0.0078870486
0.0501720756
-0.0363048427
-0.0160491318
0.0383895487
-0.0188970659
0.0298434068
-0.0232278053
-0.0226221886
0.0232564695
0.0192321558
0.0016890912
0.1797216833
0.0222603790
0.0343070664
0.0314639620
0.0257881694
0.0298410524
0.0330691636
-0.0382237881
-0.0113254637
0.1010759547
-0.0203013364
0.0001236665
0.0024663841
-0.1192398444
0.0123721156
-0.0148598095
-0.0649781302
-0.0242891517
-0.0086007575
0.0825281814
-0.0411825776
-0.0745696425
0.0322077014
-0.0105782403
0.0259306040
0.6863617897
-0.0345479548
0.0406300910
-0.0258024186
0.1053338870
0.0870743915
-0.0280667115
-0.0070571681
-0.0206960104
0.1222339869
0.0255965125
-0.0158722326
-0.2618380189
-0.0014419786
0.0205334965
-0.0169851426
-0.0050630555
0.0003356088
-0.0519587249
-0.1207334325
0.0235684626
0.0121148340
0.0588719510
0.2280160934
-0.0356027670
-0.0333939567
0.0693536475
0.0078452472
0.0513553433
-0.0285986606
-0.0154297054
0.0380478501
-0.0190391243
0.0299342163
-0.0234352555
-0.0216996949
0.0242071748
0.0182538778
0.0025026388
0.1776846647
0.0221481211
0.0344503596
0.0310805924
0.0256853849
0.0291495193
0.0328974724
-0.0378053077
-0.0109810578
0.1031467468
-0.0210190658
0.0002692982
0.0011402904
-0.1205587760
0.0121588744
-0.0150798010
-0.0671691075
-0.0267796218
-0.0071842847
0.0834338740
-0.0418147407
-0.0751637518
0.0336705558
-0.0110779218
0.0263034720
0.6959321499
-0.0354781672
0.0386604443
-0.0261820443
0.1051843613
0.0872123986
-0.0296442751
-0.0068753543
-0.0212522801
0.1308654696
0.0267911348
-0.0170785617
-0.2648289502
0.0001252397
0.0210476145
-0.0168465171
-0.0061004017
-0.0002178853
-0.0507052168
-0.1246733963
0.0222753510
0.0131258443
0.0573823489
0.2373670042
-0.0363453366
-0.0334771536
0.0693886280
0.0093586603
0.0500383675
-0.0349184386
-0.0153006259
0.0407168530
-0.0203834232
0.0305244625
-0.0228879750
-0.0197560769
0.0287496243
0.0152370390
0.0025854334
0.1819800138
0.0237231161
0.0346652344
0.0326002687
0.0260502752
0.0252296235
0.0344543867
-0.0357355773
-0.0103445444
0.1079442203
-0.0230865553
0.0012890256
-0.0023902655
-0.1257159412
0.0101754218
-0.0140280826
-0.0808208883
-0.0365919694
-0.0073728617
0.0871665031
-0.0430767238
-0.0786431730
0.0342432894
-0.0127272140
0.0285015143
0.7277110219
-0.0405010767
0.0303339157
-0.0259788800
0.1053307503
0.0905902833
-0.0324267782
-0.0041803285
-0.0226727109
0.1553244144
0.0299806837
-0.0207132213
-0.2686123252
0.0067817187
0.0208901707
-0.0172162596
-0.0068366653
-0.0017694661
-0.0489998162
-0.1373648345
0.0203602985
0.0141907884
0.0532068275
0.2560488880
-0.0375460349
-0.0345417596
0.0712182745
0.0110152084
0.0474401601
-0.0466461256
-0.0155512793
0.0260802805
-0.0202947427
0.0258142557
-0.0243848898
-0.0195492171
0.0204398781
0.0127976863
0.0065742275
0.1216025352
0.0205402486
0.0249853916
0.0280696098
0.0263627488
0.0324199870
0.0303960536
-0.0359318219
-0.0134637095
0.0908339694
-0.0159424860
-0.0034151899
-0.0008171646
-0.1112796739
0.0143686300
-0.0181491897
-0.0453136489
-0.0143061224
-0.0078077912
0.0739258230
-0.0424309857
-0.0699501708
0.0287218336
-0.0075864322
0.0256420802
0.6608471274
-0.0310653578
0.0265077967
-0.0262587108
0.1017652899
0.0739879236
-0.0479823910
-0.0101427780
-0.0192265697
0.1111135855
0.0240452848
-0.0123466114
-0.2554439902
-0.0027089003
0.0180070139
-0.0143352188
-0.0047178357
-0.0004143815
-0.0471738279
-0.1085157394
0.0185377076
0.0117073487
0.0454683714
0.2373232394
-0.0401996598
-0.0229074955
0.0620010905
0.0154904677
0.0445501730
-0.0447063670
-0.0125670079
0.0157273673
-0.0230653584
0.0228112489
-0.0260441732
-0.0184409451
0.0151778637
0.0066361143
0.0092149675
0.0660575554
0.0185895097
0.0164087992
0.0264269486
0.0251246672
0.0348435044
0.0301859099
-0.0305625889
-0.0156082483
0.0777302831
-0.0111108460
-0.0024486275
-0.0002629731
-0.1019507572
0.0134744495
-0.0199740715
-0.0124072731
-0.0088515347
-0.0091114910
0.0657305717
-0.0412354320
-0.0657146052
0.0245808437
-0.0053294902
0.0228741374
0.6119037867
-0.0289675146
0.0089921094
-0.0242273100
0.0943801329
0.0612413138
-0.0641525239
-0.0121969879
-0.0163913984
0.0817144588
0.0193483140
-0.0108123515
-0.2462357432
-0.0003801816
0.0127952322
-0.0119576920
-0.0034768686
-0.0015617849
-0.0427367538
-0.0858048052
0.0168510824
0.0094165504
0.0349711627
0.2292614877
-0.0429226831
-0.0116203986
0.0553573370
0.0202867705
0.0357964486
-0.0504703335
-0.0100279152
0.0196643285
-0.0201665908
0.0263137277
-0.0255973712
-0.0212383624
0.0153713422
0.0092115300
0.0088018263
0.0968972594
0.0172493737
0.0205900017
0.0250104591
0.0246874746
0.0366650447
0.0281099547
-0.0330439843
-0.0141324112
0.0845971182
-0.0137579497
-0.0005932403
0.0023684909
-0.1039922908
0.0157395806
-0.0206554774
-0.0133513333
-0.0068305838
-0.0082038948
0.0669091865
-0.0418774374
-0.0674347579
0.0280044880
-0.0054990407
0.0251116920
0.6182160378
-0.0283775143
0.0209785104
-0.0232808981
0.1012246236
0.0657581761
-0.0528739616
-0.0145931393
-0.0178683959
0.0866559297
0.0193777736
-0.0096104974
-0.2479139864
-0.0042207339
0.0153053338
-0.0152876498
-0.0049007763
-0.0008146933
-0.0459196828
-0.0902688056
0.0173206609
0.0102647319
0.0444316752
0.2175664902
-0.0436687693
-0.0168721415
0.0574499294
0.0149926329
0.0408738777
-0.0380238779
-0.0115596373
0.0061285621
-0.0207141563
0.0199706610
-0.0284633823
-0.0223455504
-0.0020957298
0.0179832373
0.0051756036
0.0597261265
0.0172952097
0.0121415518
0.0217525661
0.0189035963
0.0452042222
0.0114109842
-0.0246638451
-0.0181181151
0.0561428294
-0.0021922844
0.0038575900
0.0077896784
-0.0775609910
0.0175022278
-0.0173783116
0.0479785427
0.0093427710
-0.0100630615
0.0554610416
-0.0374640301
-0.0555844158
0.0219959971
-0.0006865858
0.0149493478
0.4175776541
-0.0161518212
0.0384258367
-0.0159277711
0.0863524750
0.0510795191
-0.0274536312
-0.0158960037
-0.0133301346
-0.0576161928
0.0121318456
0.0043224497
-0.2362147570
-0.0140473256
0.0101157464
-0.0120006753
-0.0019893122
-0.0044261431
-0.0420640372
-0.0296400953
0.0180741400
-0.0020835714
0.0447881855
0.1462594569
-0.0352952518
-0.0101777939
0.0456684269
0.0159891434
0.0323452838
-0.0074147279
-0.0072874338
0.0333097912
-0.0175287668
0.0301555693
-0.0247674994
-0.0258805528
0.0165251922
0.0217565876
0.0027233332
0.1706768721
0.0216474570
0.0292311814
0.0273835436
0.0244040079
0.0360330157
0.0306298509
-0.0411067456
-0.0124734743
0.0911325067
-0.0162246302
-0.0010505416
0.0046209237
-0.1090748161
0.0145996744
-0.0163381863
-0.0296634417
-0.0069417297
-0.0099719297
0.0754023567
-0.0374115817
-0.0677335784
0.0299000945
-0.0081761265
0.0231479350
0.6124758124
-0.0258670039
0.0460954010
-0.0234349538
0.1052950621
0.0807910413
-0.0287932139
-0.0116874576
-0.0189572405
0.0718392059
0.0203349460
-0.0087914132
-0.2454958409
-0.0098787853
0.0197046995
-0.0154319284
-0.0041257315
0.0049661566
-0.0520708673
-0.0954158530
0.0243205782
0.0094347550
0.0653386787
0.1849429309
-0.0347299576
-0.0295931213
0.0664343089
0.0054682661
0.0527595691
-0.0158272516
-0.0151485940
0.0260867756
-0.0187727697
0.0280259140
-0.0264915377
-0.0261742361
0.0116346180
0.0215211604
0.0025095355
0.1435575485
0.0224356260
0.0220382698
0.0269317832
0.0240165982
0.0386603884
0.0278369840
-0.0384208746
-0.0141566684
0.0780693591
-0.0109966882
-0.0012161132
0.0054567088
-0.0994132832
0.0156131350
-0.0158718284
-0.0058715758
0.0011772851
-0.0136019569
0.0696151927
-0.0363389030
-0.0630209893
0.0242400523
-0.0055517503
0.0208651889
0.5578148365
-0.0221889149
0.0438967235
-0.0216498785
0.1010110602
0.0734069273
-0.0303717200
-0.0129415588
-0.0170368794
0.0246931724
0.0174629372
-0.0035746789
-0.2361633778
-0.0110140359
0.0169257186
-0.0126794865
-0.0026693770
0.0047793165
-0.0498535708
-0.0730147287
0.0237115473
0.0047035101
0.0605660602
0.1609023660
-0.0337041207
-0.0230129827
0.0624185167
0.0074611334
0.0484637767
-0.0112510854
-0.0138860438
0.0006368667
-0.0271272678
0.0162694380
-0.0283442233
-0.0163696352
0.0046191909
-0.0020583379
0.0104804002
-0.0011977839
0.0161634311
0.0070271962
0.0247730203
0.0205033664
0.0387851372
0.0270307809
-0.0170937628
-0.0185876414
0.0582708716
-0.0021819037
0.0053304187
0.0036823456
-0.0874732137
0.0097969631
-0.0230769813
0.0296407063
-0.0071611707
-0.0102643855
0.0543855354
-0.0398923308
-0.0610942319
0.0213293657
-0.0019664878
0.0179931372
0.5331817865
-0.0256898403
-0.0149259614
-0.0207783580
0.0786742792
0.0413231105
-0.0707875639
-0.0120485928
-0.0124105010
0.0301768146
0.0106041189
-0.0079117026
-0.2329433709
0.0084001478
0.0036396650
-0.0090069352
-0.0003030848
-0.0064461655
-0.0339316875
-0.0572636351
0.0155925276
0.0028061271
0.0206207633
0.1979763359
-0.0433648266
0.0032494534
0.0442354195
0.0245218556
0.0177890379
-0.0447903872
-0.0077468534
-0.0064948387
-0.0257417597
0.0126557713
-0.0272558481
-0.0147653231
-0.0079541169
0.0107148523
0.0063849990
-0.0000422394
0.0103886165
0.0057531586
0.0205954183
0.0225286447
0.0336661227
0.0013185116
-0.0059793317
-0.0117995385
0.0459281169
-0.0028032593
0.0124223568
0.0072113480
-0.0613336638
0.0132565517
-0.0244684238
0.0377038419
-0.0018749775
0.0042190268
0.0409161299
-0.0340930298
-0.0433798172
0.0201821383
-0.0037821173
0.0147824343
0.2282355428
-0.0258517247
0.0061257440
-0.0148733519
0.0652950630
0.0302216783
-0.0483415611
-0.0070934440
-0.0095251426
0.0080644079
0.0056079961
0.0019647039
-0.2163193822
0.0048526917
-0.0014665255
-0.0145652732
-0.0005592938
-0.0130010536
-0.0325693600
-0.0341418535
0.0130065363
0.0023335807
0.0132997334
0.1623781025
-0.0336127840
0.0001291712
0.0324960873
0.0259914882
0.0148539599
-0.0244783610
-0.0062779882
-0.0146199018
-0.0260439347
0.0088180276
-0.0258309543
-0.0110032605
-0.0203063264
0.0169930607
-0.0024895261
-0.0287151709
0.0039887009
-0.0049472679
0.0128269140
0.0253339075
0.0232699625
-0.0191981737
0.0145728821
-0.0069137798
0.0207056664
-0.0016741441
0.0185390133
0.0126817627
-0.0290468540
0.0082390932
-0.0257941727
0.0351887271
-0.0031541272
0.0150480326
0.0227921475
-0.0229221843
-0.0222563315
0.0136387395
-0.0071790442
0.0146857901
-0.1540964246
-0.0357163921
-0.0178091079
-0.0067279018
0.0470163301
0.0167106260
-0.0620905869
0.0056196367
-0.0041310596
0.0057662199
-0.0043088929
0.0091309426
-0.1550352722
0.0151945148
-0.0155426729
-0.0249517877
0.0091433926
-0.0176283065
-0.0221565422
-0.0036241135
0.0142684430
0.0051208930
-0.0116598560
0.0763051510
-0.0263406020
0.0073335101
0.0194065366
0.0250077415
0.0047947345
-0.0044658137
-0.0069380049
0.0084707737
-0.0199560970
0.0210539754
-0.0271611232
-0.0223628730
0.0049052243
0.0140075870
0.0074436557
0.0782109126
0.0176302698
0.0172969904
0.0238441285
0.0202540215
0.0431134552
0.0150352586
-0.0289638266
-0.0163360424
0.0697002187
-0.0055246623
0.0015634143
0.0056154388
-0.0895592943
0.0195371322
-0.0190871544
0.0222118404
0.0056747412
-0.0090819877
0.0600466244
-0.0422280580
-0.0610204600
0.0252648965
-0.0023355160
0.0187756624
0.5234265327
-0.0193107352
0.0394534245
-0.0206390209
0.0941166729
0.0561395362
-0.0324320048
-0.0156883840
-0.0169693232
-0.0010976573
0.0164211039
0.0012616495
-0.2506032586
-0.0117928386
0.0136105847
-0.0130539695
-0.0040444760
-0.0040229131
-0.0446824543
-0.0598241836
0.0157740898
0.0013313234
0.0462398008
0.1848615408
-0.0384431407
-0.0141754206
0.0497596711
0.0155704161
0.0355071947
-0.0212759599
-0.0092997802
0.0406117029
-0.0202429444
0.0299413595
-0.0224835817
-0.0196925048
0.0274614580
0.0166537389
0.0019356817
0.1788602173
0.0232851561
0.0348248668
0.0326440334
0.0267388038
0.0257273447
0.0343548916
-0.0364297405
-0.0107447933
0.1059050038
-0.0225761831
0.0000025308
-0.0012898435
-0.1246649548
0.0105755674
-0.0137728928
-0.0827049762
-0.0344706327
-0.0074074678
0.0867868811
-0.0428907424
-0.0783552527
0.0330411829
-0.0121797146
0.0276399162
0.7227640748
-0.0394688994
0.0318250358
-0.0260334965
0.1051015407
0.0901211500
-0.0324526541
-0.0044782925
-0.0217321105
0.1496417671
0.0292326286
-0.0204232931
-0.2676367164
0.0044016228
0.0211920701
-0.0173160546
-0.0060677864
-0.0015064686
-0.0500490777
-0.1347473115
0.0212869234
0.0139847314
0.0528579019
0.2532592118
-0.0374276452
-0.0342745893
0.0703624859
0.0107605048
0.0489093587
-0.0434102789
-0.0147039779
0.0298320316
-0.0195138864
0.0279116444
-0.0234113485
-0.0213866048
0.0203783680
0.0168823525
0.0051249792
0.1523608863
0.0210481007
0.0295985658
0.0295200180
0.0261167940
0.0319619775
0.0287794415
-0.0372837409
-0.0124858804
0.0960073620
-0.0180523843
-0.0015039289
0.0001982137
-0.1139334068
0.0150118703
-0.0158344433
-0.0503721945
-0.0185810048
-0.0070334310
0.0778627023
-0.0423609093
-0.0713533759
0.0317993537
-0.0096226530
0.0245840326
0.6651833653
-0.0312556811
0.0391865857
-0.0255227815
0.1030499935
0.0800352320
-0.0351142026
-0.0091699418
-0.0206347238
0.1086671799
0.0254767798
-0.0133706899
-0.2620931864
-0.0035760188
0.0205072481
-0.0156679954
-0.0064909174
-0.0001558981
-0.0493719205
-0.1115263030
0.0196349733
0.0119607141
0.0535583012
0.2344377637
-0.0371872932
-0.0283697248
0.0650642142
0.0125657953
0.0471847840
-0.0377476551
-0.0139034204
0.0409057029
-0.0190243535
0.0310310088
-0.0228251051
-0.0215912238
0.0270487275
0.0184186213
0.0015723247
0.1939173043
0.0235866066
0.0374250449
0.0319771096
0.0243761875
0.0272192024
0.0334373415
-0.0374835581
-0.0099001816
0.1085268185
-0.0224866886
0.0012915441
-0.0002916273
-0.1246892735
0.0106421225
-0.0137515869
-0.0764201432
-0.0334310681
-0.0062790117
0.0874529481
-0.0420159772
-0.0775776282
0.0360531658
-0.0133377286
0.0263498407
0.7132348418
-0.0375905335
0.0386778973
-0.0261458009
0.1053668335
0.0914741978
-0.0260333680
-0.0047448385
-0.0229935329
0.1421747804
0.0287043396
-0.0191631373
-0.2679546177
0.0032304931
0.0219669789
-0.0174527019
-0.0067775096
-0.0007914751
-0.0504393727
-0.1338144541
0.0221709050
0.0140497154
0.0596350767
0.2423180938
-0.0353642777
-0.0367710330
0.0718903765
0.0086842710
0.0497887321
-0.0395311415
-0.0160953067
0.0378611349
-0.0200674869
0.0290230755
-0.0233661085
-0.0193304718
0.0259633753
0.0158681571
0.0042051938
0.1587878019
0.0205945130
0.0330193862
0.0310481023
0.0271669645
0.0269009825
0.0335344709
-0.0363031738
-0.0111180693
0.1039232835
-0.0221489873
-0.0009583157
-0.0004541530
-0.1225470454
0.0122644911
-0.0164610650
-0.0767601728
-0.0293806978
-0.0060015791
0.0837314650
-0.0438601263
-0.0771740153
0.0324967578
-0.0095219100
0.0290950630
0.7232027650
-0.0384865552
0.0290297978
-0.0264937431
0.1059235185
0.0863969103
-0.0389877819
-0.0067117927
-0.0209858790
0.1569003612
0.0290519129
-0.0188377462
-0.2688552439
0.0018168475
0.0208547134
-0.0178291462
-0.0066937702
-0.0020219614
-0.0491452031
-0.1323505342
0.0201236941
0.0147389909
0.0494183786
0.2611948848
-0.0402623527
-0.0313346162
0.0680365413
0.0122865569
0.0486379899
-0.0429232083
-0.0135433367
0.0268102884
-0.0209777988
0.0264440589
-0.0242341310
-0.0190241747
0.0211181082
0.0108336881
0.0069507100
0.1099135354
0.0193442032
0.0235554725
0.0277808439
0.0276623983
0.0318026654
0.0338883065
-0.0355985425
-0.0136622107
0.0895257741
-0.0167714600
-0.0036661443
-0.0004250388
-0.1112785339
0.0128425015
-0.0187767167
-0.0442061685
-0.0156399161
-0.0081235804
0.0735397339
-0.0415149666
-0.0703800470
0.0273733716
-0.0071055861
0.0261483975
0.6630265117
-0.0326240659
0.0175864752
-0.0257373732
0.1011316329
0.0727763101
-0.0561370775
-0.0112452814
-0.0175248031
0.1188855991
0.0227497574
-0.0148299439
-0.2515615821
-0.0020986556
0.0169654395
-0.0146615114
-0.0040534167
-0.0003209720
-0.0472662263
-0.1063624620
0.0196133330
0.0129234483
0.0416377634
0.2402267605
-0.0424809195
-0.0204002298
0.0614639558
0.0163839702
0.0447785817
-0.0464073382
-0.0113991983
-0.0001516734
-0.0206177235
0.0146592557
-0.0264105946
-0.0169003196
-0.0069598574
0.0205862597
0.0024674537
0.0502462722
0.0137829483
0.0085763000
0.0186131410
0.0193889048
0.0392646827
-0.0050128461
-0.0164521132
-0.0135004399
0.0470837727
-0.0019085383
0.0058842772
0.0077992971
-0.0609998517
0.0170969181
-0.0160649139
0.0447967798
0.0092396419
0.0004588580
0.0455058292
-0.0331247523
-0.0436364636
0.0203895606
-0.0048614317
0.0111322338
0.2057776749
-0.0185935535
0.0399498083
-0.0125177940
0.0740712434
0.0408705883
-0.0205884743
-0.0108377710
-0.0115279322
-0.0594920404
0.0097336927
0.0083779367
-0.2168328613
-0.0114322463
0.0069693686
-0.0155508872
-0.0011874967
-0.0097190225
-0.0393128991
-0.0152759440
0.0144837666
-0.0003826634
0.0320406184
0.1287503839
-0.0293773487
-0.0089004897
0.0361825190
0.0198760442
0.0270842053
-0.0075726807
-0.0056821629
0.0017497330
-0.0225241184
0.0156405624
-0.0254314952
-0.0175227374
-0.0038456237
0.0174393170
0.0030940594
0.0655000657
0.0159241818
0.0094228089
0.0209439658
0.0191614535
0.0390280224
-0.0005691087
-0.0191100296
-0.0126456888
0.0514478907
-0.0024800510
0.0069519808
0.0057842378
-0.0665972680
0.0161342900
-0.0149868652
0.0470207147
0.0041498612
-0.0019494874
0.0495194681
-0.0342115872
-0.0466196090
0.0216792487
-0.0057343002
0.0107353861
0.2549532652
-0.0179806687
0.0405229777
-0.0135021899
0.0744503886
0.0433303006
-0.0163868833
-0.0117782280
-0.0123467613
-0.0553514771
0.0112227574
0.0063969684
-0.2232077122
-0.0076244147
0.0090271132
-0.0128121171
-0.0041495268
-0.0082321903
-0.0412923954
-0.0219813175
0.0151653159
-0.0006551993
0.0355289057
0.1400450021
-0.0285097640
-0.0092473496
0.0395594165
0.0203879252
0.0265695769
-0.0147548402
-0.0069170939
0.0070199678
-0.0164347310
0.0100467028
-0.0271458421
-0.0151824942
-0.0144202933
0.0605807304
-0.0106029194
0.1007784829
0.0229586903
-0.0037648212
0.0276291575
0.0199000463
0.0225624684
-0.0443962179
-0.0068779974
-0.0094264681
0.0100033795
0.0002570393
-0.0012742247
0.0080693653
-0.0130762355
0.0163488332
0.0048066112
0.0491197817
0.0195313375
0.0104221199
0.0249605644
-0.0079091415
-0.0091442382
-0.0030676536
-0.0092199072
-0.0070426012
-0.3696807325
-0.0197209734
0.0760175064
0.0053928760
0.0434515364
0.0457564928
0.0332577638
0.0104526654
-0.0172673110
-0.1491944045
0.0128598949
0.0338379629
-0.1406741291
-0.0203018505
0.0065110880
-0.0223550759
-0.0004893232
-0.0128686717
-0.0377627648
0.0820260718
0.0224896986
-0.0060933768
0.0317572542
-0.0243498981
0.0095539633
-0.0178946853
0.0363346115
0.0142263062
0.0334752314
0.0583786070
-0.0016908372
-0.0006055640
-0.0208561402
0.0054630400
-0.0240629409
-0.0055015562
-0.0169209577
0.0303829946
-0.0112698730
0.0535553657
0.0123529937
-0.0066173119
0.0146011245
0.0218973979
0.0219273381
-0.0322556347
0.0013116532
-0.0043260944
0.0156991892
-0.0001965373
0.0088189095
0.0117611382
-0.0226171669
0.0102201467
-0.0080863591
0.0313879177
0.0071331505
0.0126515152
0.0233845282
-0.0162691474
-0.0161322206
0.0079737455
-0.0134597681
0.0044989074
-0.3299940228
-0.0295024179
0.0292108506
-0.0014346843
0.0482775420
0.0279547889
-0.0090145981
0.0069735446
-0.0074435761
-0.0818859041
0.0040882290
0.0207098126
-0.1323276162
0.0036975206
-0.0020870923
-0.0240484197
0.0063419216
-0.0149774840
-0.0316671990
0.0361141451
0.0148110790
-0.0004264937
0.0057684719
0.0142312422
-0.0077504409
-0.0047123460
0.0235595386
0.0189575851
0.0173016787
0.0119685847
-0.0051510558
0.0005239709
-0.0195736829
0.0043828292
-0.0217184350
-0.0037329721
-0.0202849526
0.0384706594
-0.0142260203
0.0860984772
0.0084756026
-0.0061569307
0.0134987459
0.0268124957
0.0117691318
-0.0475443788
0.0040071104
0.0055602882
0.0142613221
-0.0052462746
0.0109738708
0.0124969119
-0.0084139174
0.0129215233
-0.0088489316
0.0063450499
0.0105738388
0.0256113354
0.0147891911
-0.0104318243
-0.0021330055
0.0054965378
-0.0189404543
0.0045007784
-0.5432345271
-0.0334125422
0.0455439016
0.0007819864
0.0425038114
0.0249852315
0.0041043730
0.0124237062
-0.0067986851
-0.0455033816
0.0033511645
0.0255310144
-0.1115255877
0.0051155156
-0.0035399767
-0.0283298306
0.0053261388
-0.0166009162
-0.0329719633
0.0337237120
0.0133390827
0.0039849333
-0.0010111525
-0.0010726629
-0.0000937684
-0.0098239752
0.0187166445
0.0180947557
0.0204989593
0.0185934175
-0.0063174451
0.0071429890
-0.0231283363
0.0222892631
-0.0283104423
-0.0215035118
0.0062461188
0.0095651811
0.0037601741
0.0616099313
0.0220309850
0.0089474600
0.0237071421
0.0165304597
0.0421636477
0.0203705914
-0.0264209006
-0.0172638744
0.0586218610
-0.0011346207
0.0009360161
0.0041798498
-0.0851281434
0.0136491889
-0.0153007973
0.0517125130
0.0031581230
-0.0167211369
0.0593738854
-0.0374392793
-0.0582567193
0.0207622908
-0.0039154631
0.0154211679
0.4600057900
-0.0199437700
0.0196214113
-0.0172434375
0.0888814107
0.0545896739
-0.0436571315
-0.0141237490
-0.0159728136
-0.0488730334
0.0133648561
0.0019425923
-0.2278408110
-0.0028309058
0.0104125254
-0.0101319775
-0.0010013578
-0.0017814018
-0.0409319326
-0.0357674509
0.0179721136
-0.0009603171
0.0434014760
0.1467555016
-0.0368006639
-0.0071816025
0.0522125401
0.0167708378
0.0290302988
-0.0328994952
-0.0101794843
0.0135567132
-0.0220086761
0.0247498062
-0.0261593796
-0.0213537514
0.0123175476
0.0051433658
0.0091632903
0.0721235499
0.0173626281
0.0159812532
0.0246546771
0.0232338496
0.0380601920
0.0272255503
-0.0285573434
-0.0151352985
0.0770288259
-0.0102410577
0.0017119822
0.0030675086
-0.0986762196
0.0151287382
-0.0217681099
0.0046270448
-0.0049464945
-0.0106689008
0.0622270219
-0.0417750962
-0.0656346902
0.0253001992
-0.0041997558
0.0240361374
0.5912205577
-0.0273654815
0.0115572745
-0.0217581280
0.0971023142
0.0588952452
-0.0572199672
-0.0148009537
-0.0171146747
0.0653442591
0.0161971599
-0.0072349166
-0.2412900627
-0.0005745142
0.0114635639
-0.0139648300
-0.0036589706
-0.0021219978
-0.0432358608
-0.0798512697
0.0164884571
0.0071811494
0.0392484404
0.2045510262
-0.0443401188
-0.0108610187
0.0541554578
0.0161099490
0.0343142338
-0.0385714918
-0.0115158511
-0.0003661458
-0.0247749109
0.0154986568
-0.0281093344
-0.0168058015
0.0000051841
0.0066270498
0.0095552793
0.0119704232
0.0141113251
0.0101459483
0.0230540801
0.0213615652
0.0400540195
0.0158483423
-0.0169710889
-0.0170777049
0.0577884875
-0.0031281835
0.0066039125
0.0048899930
-0.0804868042
0.0137735708
-0.0229213983
0.0301426109
-0.0019905767
-0.0040819128
0.0523437858
-0.0396235958
-0.0568740033
0.0228865389
-0.0012402799
0.0164296944
0.4584477246
-0.0226510931
0.0077250674
-0.0193488821
0.0777718797
0.0403002724
-0.0517267622
-0.0130464090
-0.0119834514
0.0121358819
0.0107828975
-0.0036492378
-0.2394420952
-0.0007839347
0.0051769987
-0.0110507971
-0.0020310164
-0.0088626649
-0.0365904272
-0.0503639169
0.0144820129
0.0021308481
0.0245950371
0.1930153519
-0.0397991873
-0.0021809514
0.0405172892
0.0245700255
0.0216872375
-0.0316747613
-0.0057944586
0.0027937745
-0.0222803392
0.0181117970
-0.0284561515
-0.0200384427
-0.0018759859
0.0176882930
0.0035835716
0.0579428859
0.0199813452
0.0079013016
0.0227858704
0.0166875906
0.0422245227
0.0067556533
-0.0214293469
-0.0180417262
0.0498800501
-0.0001734393
0.0022100874
0.0050654532
-0.0726636052
0.0160727855
-0.0124621363
0.0562096275
0.0072904215
-0.0113296555
0.0533820502
-0.0350374319
-0.0513740443
0.0197330900
-0.0041901162
0.0111765545
0.3440915048
-0.0173045974
0.0353162326
-0.0138883581
0.0810369998
0.0497302078
-0.0273028314
-0.0114271594
-0.0152398115
-0.0807080641
0.0136045488
0.0065943711
-0.2259777784
-0.0085394783
0.0096226940
-0.0114512090
-0.0016330016
-0.0043751844
-0.0392807201
-0.0145697445
0.0155863045
-0.0032508599
0.0419184417
0.1298271269
-0.0309395753
-0.0088723730
0.0451869518
0.0174846258
0.0273680463
-0.0160910059
-0.0076605645
0.0195109267
-0.0217529479
0.0234729797
-0.0251901858
-0.0185391605
0.0176931582
0.0087811509
0.0082221059
0.0942476094
0.0199367385
0.0201911498
0.0271993671
0.0254024304
0.0337698050
0.0290904623
-0.0331124440
-0.0145594096
0.0835700333
-0.0128035145
-0.0030940750
-0.0009940723
-0.1060585082
0.0143682556
-0.0188037772
-0.0275947787
-0.0112098493
-0.0088176485
0.0691015273
-0.0424927101
-0.0675267950
0.0266599748
-0.0066718077
0.0239430685
0.6343410015
-0.0291819107
0.0187129229
-0.0251809172
0.0977709815
0.0667178556
-0.0542501658
-0.0109834475
-0.0181773361
0.0927821845
0.0219333991
-0.0107530020
-0.2509644926
-0.0011121412
0.0157247297
-0.0127180936
-0.0044242479
-0.0009999624
-0.0446538776
-0.0977275670
0.0166641921
0.0097196875
0.0399976857
0.2331951559
-0.0411762036
-0.0172124319
0.0580959171
0.0182785206
0.0390320346
-0.0486935005
-0.0117365886
0.0251804069
-0.0217567757
0.0238316543
-0.0250620618
-0.0187416896
0.0200563930
0.0117513603
0.0059017134
0.1122439280
0.0204519201
0.0255897343
0.0300074983
0.0273676235
0.0310640056
0.0302441362
-0.0342072546
-0.0130936503
0.0894084349
-0.0150681753
-0.0020936453
0.0001898465
-0.1112802774
0.0142915677
-0.0189539306
-0.0497449152
-0.0172151178
-0.0081519578
0.0742717832
-0.0442813039
-0.0707303509
0.0273380093
-0.0062835170
0.0255848765
0.6736811399
-0.0322878994
0.0267579816
-0.0272859633
0.0995110348
0.0725117102
-0.0454457030
-0.0092539461
-0.0181227513
0.1143947765
0.0244151838
-0.0131729078
-0.2637154758
-0.0008223392
0.0169089828
-0.0132665811
-0.0048513324
-0.0026162497
-0.0473114066
-0.1133567542
0.0183811989
0.0097694956
0.0405944549
0.2532158196
-0.0396243818
-0.0226153247
0.0607639328
0.0175480619
0.0424311273
-0.0456509031
-0.0116137154
0.0343001448
-0.0202149022
0.0283297002
-0.0237022694
-0.0200801957
0.0241741557
0.0151139703
0.0040564104
0.1486210376
0.0206026230
0.0315649249
0.0308184959
0.0274673048
0.0287801754
0.0331064649
-0.0361135937
-0.0113108372
0.0994794443
-0.0200300366
-0.0007820274
0.0009884959
-0.1187654883
0.0129479421
-0.0174890049
-0.0657799542
-0.0252297446
-0.0070523228
0.0807763785
-0.0438879877
-0.0752177313
0.0307488721
-0.0084423432
0.0277300347
0.7036932111
-0.0363310128
0.0303164255
-0.0264493600
0.1043353006
0.0823119879
-0.0386433192
-0.0082194647
-0.0198250897
0.1396783292
0.0264699738
-0.0167703666
-0.2667060196
0.0000950147
0.0195043106
-0.0166973621
-0.0058917981
-0.0023445240
-0.0500124954
-0.1253599823
0.0206271745
0.0128035592
0.0481660552
0.2536134124
-0.0397954732
-0.0291356184
0.0662860647
0.0129972780
0.0478107929
-0.0409836881
-0.0132888984
0.0305816121
-0.0202882923
0.0271778479
-0.0246424302
-0.0203017890
0.0219083074
0.0149956429
0.0047434974
0.1414965391
0.0207711626
0.0299225077
0.0302361418
0.0271415785
0.0304617360
0.0311454106
-0.0357112102
-0.0118714860
0.0964002609
-0.0184026957
-0.0005854042
0.0009036964
-0.1153279468
0.0137740783
-0.0176745746
-0.0570283495
-0.0217724312
-0.0070881019
0.0784591064
-0.0436724313
-0.0727552101
0.0307363626
-0.0082091261
0.0263322219
0.6861615777
-0.0340456329
0.0335247666
-0.0268329959
0.1025801972
0.0790267363
-0.0379387327
-0.0087307571
-0.0195565727
0.1239046007
0.0257134829
-0.0150297815
-0.2663070858
-0.0006880095
0.0188697465
-0.0151029071
-0.0060905828
-0.0019283897
-0.0488158017
-0.1185561940
0.0197777655
0.0116612669
0.0479936935
0.2486291081
-0.0386198722
-0.0276529137
0.0646152794
0.0140286647
0.0460419133
-0.0413956754
-0.0132153332
0.0128743090
-0.0225560609
0.0225548241
-0.0259972215
-0.0191443507
0.0126125216
0.0083139222
0.0083861034
0.0719842017
0.0194775742
0.0163040459
0.0251821112
0.0226915367
0.0372699797
0.0259533245
-0.0308924839
-0.0155692389
0.0750999600
-0.0090398602
-0.0020264641
0.0003706824
-0.0981510207
0.0143421730
-0.0182069149
0.0016889710
-0.0056104781
-0.0095040798
0.0652630478
-0.0408597626
-0.0635680407
0.0255046561
-0.0063990070
0.0199671853
0.5764284730
-0.0250697508
0.0182979200
-0.0230311882
0.0929467231
0.0601742752
-0.0552743003
-0.0125872074
-0.0169149861
0.0468116216
0.0188348889
-0.0074707512
-0.2458460182
-0.0025943804
0.0138636194
-0.0111779375
-0.0040984084
-0.0014158172
-0.0428984277
-0.0759055838
0.0162439011
0.0073819296
0.0397416316
0.2142190784
-0.0407785662
-0.0123900548
0.0547012128
0.0195363797
0.0349216834
-0.0491987877
-0.0104294857
0.0013871395
-0.0187730510
0.0095304819
-0.0233643204
-0.0112173781
-0.0183350425
0.0382482782
-0.0081713339
0.0959683359
0.0093178237
0.0021268146
0.0153118595
0.0255716573
0.0214566160
-0.0363624319
-0.0051891846
0.0011553654
0.0275422093
-0.0057024891
0.0106830597
0.0110846721
-0.0238836315
0.0170971956
-0.0119490614
0.0192696135
0.0161077753
0.0194969550
0.0246678777
-0.0166889317
-0.0131462952
0.0106559629
-0.0145311682
0.0058611878
-0.3061032295
-0.0249094572
0.0607872792
-0.0030606843
0.0542344712
0.0319413356
0.0098032691
0.0021198781
-0.0078327563
-0.0584172718
0.0049882275
0.0205435809
-0.1519872397
-0.0070433519
0.0007190905
-0.0230678059
0.0013681555
-0.0132732382
-0.0372944772
0.0177233331
0.0136943636
0.0027581614
0.0163179003
0.0383155085
-0.0088537429
-0.0135232750
0.0236220397
0.0174300652
0.0268706512
0.0220368113
-0.0063513918
0.0008054342
-0.0185852963
0.0040640575
-0.0195780247
-0.0042993636
-0.0218034331
0.0453012362
-0.0155092375
0.1182089299
0.0072384565
-0.0038253907
0.0147087071
0.0303039979
0.0043140226
-0.0563787185
0.0045179925
0.0131964907
0.0157168321
-0.0086729722
0.0123541085
0.0111966664
-0.0016797720
0.0157242119
-0.0100995945
-0.0153233884
0.0157093573
0.0334280431
0.0094430642
-0.0073266365
0.0076638949
0.0020300918
-0.0229009707
0.0040849000
-0.6540634632
-0.0341727845
0.0609156005
0.0013694551
0.0389848202
0.0242854711
0.0186671652
0.0152279725
-0.0073070480
-0.0176007412
0.0029036568
0.0289027225
-0.1024371982
0.0045422181
-0.0043896451
-0.0290636998
0.0036317282
-0.0175359696
-0.0345953815
0.0257598627
0.0117144613
0.0063563413
-0.0034810149
-0.0087006269
0.0050760238
-0.0137237078
0.0158551279
0.0173146632
0.0231744274
0.0255088471
-0.0091853887
-0.0007396166
-0.0187686812
0.0051278160
-0.0199031848
-0.0047880840
-0.0219105482
0.0426999889
-0.0142433820
0.1118073985
0.0062257289
-0.0021721805
0.0133173671
0.0296404269
0.0067657996
-0.0547107980
0.0039938898
0.0125028174
0.0188641343
-0.0088934768
0.0130659612
0.0114765726
-0.0046562026
0.0162988342
-0.0119300373
-0.0116849560
0.0160872228
0.0330081135
0.0111534568
-0.0091989608
0.0052895290
0.0047544111
-0.0227021240
0.0049676248
-0.6079823375
-0.0332590155
0.0604251623
0.0003580207
0.0420002863
0.0235813987
0.0149102416
0.0130460979
-0.0069055362
-0.0184338000
0.0024622078
0.0271746218
-0.1114481315
0.0039680875
-0.0044757579
-0.0287464689
0.0039386619
-0.0175343398
-0.0342306420
0.0202653836
0.0104237972
0.0069393297
-0.0022593641
0.0042871595
0.0008882702
-0.0136102177
0.0156647265
0.0178812277
0.0224957466
0.0192804895
-0.0091551924
-0.0014889195
-0.0192837752
0.0028865673
-0.0186616909
-0.0013049800
-0.0235645324
0.0407970995
-0.0163379163
0.1074376851
0.0036065609
-0.0048350361
0.0110610854
0.0319339000
0.0014539261
-0.0581889153
0.0083171129
0.0162131041
0.0153293554
-0.0101415850
0.0148123335
0.0126822656
0.0009513270
0.0146551132
-0.0137291020
-0.0254667476
0.0136122564
0.0374756977
0.0063834353
-0.0072981538
0.0101558696
0.0037738218
-0.0251266547
0.0068071587
-0.7064244747
-0.0382279530
0.0512778498
0.0006834648
0.0382178351
0.0190143958
0.0079898508
0.0168557800
-0.0050302790
0.0078384317
0.0005183999
0.0274838042
-0.0939537510
0.0108713796
-0.0075712949
-0.0314515829
0.0060136304
-0.0188263543
-0.0322822183
0.0158940032
0.0096420189
0.0091455746
-0.0126901660
-0.0043784296
0.0023210421
-0.0114447353
0.0118590854
0.0182053465
0.0195628144
0.0155594125
-0.0100783035
-0.0007854706
-0.0187613107
0.0019501882
-0.0180542618
0.0000290410
-0.0237429813
0.0423202962
-0.0175138507
0.1138097420
0.0027072197
-0.0054291598
0.0105433064
0.0331622399
-0.0015536132
-0.0620721243
0.0089412332
0.0185458269
0.0142207779
-0.0112980632
0.0147415744
0.0128961876
0.0047580306
0.0147152087
-0.0134515986
-0.0334239863
0.0137908319
0.0408562124
0.0041040918
-0.0055632540
0.0135722775
0.0029070035
-0.0265662055
0.0067727626
-0.7699186802
-0.0399793573
0.0533265024
0.0012841735
0.0364352837
0.0180413835
0.0099624041
0.0188437570
-0.0049072974
0.0185621008
0.0005111652
0.0286627840
-0.0857752338
0.0117605645
-0.0078396201
-0.0330827497
0.0061625107
-0.0193599351
-0.0325842910
0.0157203637
0.0095116645
0.0102619417
-0.0157096647
-0.0099338740
0.0048174215
-0.0124269677
0.0105648758
0.0180091653
0.0203573164
0.0163020361
-0.0099377036
-0.0023245197
-0.0187497698
0.0008555998
-0.0159169715
0.0018994166
-0.0255490709
0.0423631668
-0.0189056061
0.1290836930
-0.0007526067
-0.0049829031
0.0082976697
0.0367203467
-0.0083081191
-0.0683130696
0.0112761036
0.0258935951
0.0155409947
-0.0143849729
0.0175200552
0.0130419079
0.0100921001
0.0154185416
-0.0168934222
-0.0547274016
0.0150186904
0.0486761034
-0.0007527779
-0.0038314078
0.0210487023
0.0024158531
-0.0309911072
0.0085967528
-0.8720750809
-0.0436635911
0.0553238876
0.0007297147
0.0340253077
0.0137789808
0.0107850088
0.0213247873
-0.0034507134
0.0574597456
-0.0014196670
0.0290623698
-0.0733310729
0.0163921621
-0.0101863369
-0.0350863822
0.0063777887
-0.0203298964
-0.0324016362
0.0014115674
0.0068800477
0.0139857335
-0.0239848513
-0.0108251814
0.0059200535
-0.0129238125
0.0059122005
0.0182641260
0.0195776913
0.0126669323
-0.0122507578
0.0163846426
-0.0201160312
0.0251224265
-0.0265102517
-0.0241483692
0.0109457355
0.0160185285
0.0057524084
0.1116433293
0.0199249405
0.0216760058
0.0262856353
0.0218825173
0.0394418389
0.0219364967
-0.0340778902
-0.0138112623
0.0780349076
-0.0095736058
0.0003485427
0.0045025512
-0.0972093046
0.0178269669
-0.0179555323
0.0070762569
-0.0012631061
-0.0104383668
0.0671527609
-0.0413539521
-0.0629866421
0.0270150881
-0.0049275625
0.0204168092
0.5623017550
-0.0220212024
0.0431747474
-0.0224530529
0.0976970941
0.0659455284
-0.0326023735
-0.0138630783
-0.0180406719
0.0261488464
0.0188488308
-0.0022332314
-0.2529912293
-0.0093111955
0.0162058938
-0.0125158411
-0.0055673695
-0.0007231727
-0.0476847738
-0.0749041885
0.0189502798
0.0042756139
0.0527517013
0.1953613460
-0.0365342721
-0.0198427849
0.0578537323
0.0135725345
0.0411827043
-0.0274728965
-0.0122661656
0.0315353498
-0.0219381228
0.0270381346
-0.0236186702
-0.0178667139
0.0254736226
0.0097273476
0.0059801820
0.1311376393
0.0213016458
0.0281667542
0.0305818077
0.0285068341
0.0272329208
0.0344890207
-0.0344637223
-0.0115876375
0.0980432704
-0.0193772186
-0.0010152938
-0.0020484156
-0.1186864525
0.0117474748
-0.0177504607
-0.0668102726
-0.0281608347
-0.0070162914
0.0797595233
-0.0442831218
-0.0752244294
0.0295672733
-0.0092301741
0.0277405735
0.7130692601
-0.0376915075
0.0189492591
-0.0267605390
0.1017424241
0.0790164545
-0.0482433327
-0.0078054504
-0.0196594279
0.1496000886
0.0271060299
-0.0191715155
-0.2650263608
0.0047184750
0.0180206094
-0.0151609574
-0.0061591021
-0.0027335538
-0.0472315773
-0.1287241876
0.0183076151
0.0130350096
0.0403118394
0.2675688565
-0.0414150096
-0.0256308280
0.0643982738
0.0168753080
0.0431256071
-0.0550810359
-0.0126313893
0.0123448186
-0.0204315167
0.0241041370
-0.0271519870
-0.0249144677
0.0049546119
0.0176554359
0.0054699285
0.0995579436
0.0200592056
0.0178640708
0.0252108779
0.0207766891
0.0429210216
0.0182993561
-0.0310558584
-0.0152099244
0.0694813505
-0.0060730753
0.0029856453
0.0064082788
-0.0897668079
0.0186571032
-0.0174160656
0.0274068434
0.0040761619
-0.0111805294
0.0627064332
-0.0398339145
-0.0602652729
0.0243782327
-0.0030645016
0.0177817605
0.5123342276
-0.0184019022
0.0439664647
-0.0197126921
0.0936726630
0.0605860427
-0.0264381748
-0.0151254144
-0.0167694576
-0.0153107336
0.0157130547
0.0019341105
-0.2457882315
-0.0107604535
0.0142947817
-0.0114031080
-0.0049848421
-0.0017808498
-0.0460837744
-0.0557523519
0.0189396255
0.0002191008
0.0526208058
0.1666039377
-0.0350739621
-0.0157152489
0.0540207289
0.0132452333
0.0373228416
-0.0167782642
-0.0114011215
0.0097709456
-0.0206948519
0.0231177956
-0.0275368355
-0.0241147131
0.0028954463
0.0184117723
0.0059288098
0.0859385654
0.0188133642
0.0163330827
0.0244714189
0.0202614181
0.0439503938
0.0154744387
-0.0293271039
-0.0162753053
0.0663250983
-0.0052020112
0.0030371053
0.0063834814
-0.0861005187
0.0186944921
-0.0166127477
0.0364999659
0.0045373272
-0.0100403707
0.0611758605
-0.0391146429
-0.0587174818
0.0246630367
-0.0025563992
0.0160722453
0.4871340990
-0.0174546875
0.0437279493
-0.0187596940
0.0908274055
0.0578731447
-0.0270285886
-0.0158315711
-0.0159257278
-0.0283969007
0.0152446749
0.0020282906
-0.2468766421
-0.0125757586
0.0140551580
-0.0116586639
-0.0052886992
-0.0027382215
-0.0452264510
-0.0455383994
0.0184577424
0.0003594638
0.0510814823
0.1666841507
-0.0349534787
-0.0142611563
0.0517901666
0.0154166305
0.0361535735
-0.0155583825
-0.0095200036
0.0114845736
-0.0200346224
0.0235135686
-0.0273840073
-0.0247424580
0.0038226189
0.0191316176
0.0058951094
0.0957340896
0.0186609924
0.0190077946
0.0248814058
0.0207507517
0.0437330082
0.0159747209
-0.0311557464
-0.0152953565
0.0698587000
-0.0061952062
0.0030942585
0.0070663681
-0.0886160955
0.0196519587
-0.0176048540
0.0297394320
0.0047856965
-0.0092258118
0.0625946671
-0.0403143764
-0.0597249866
0.0256616827
-0.0023926492
0.0171078965
0.5071837306
-0.0175018609
0.0491236933
-0.0199925173
0.0930758789
0.0597727150
-0.0237585623
-0.0160480812
-0.0163444616
-0.0177705232
0.0160246305
0.0020315198
-0.2523493767
-0.0137025882
0.0150081795
-0.0118289124
-0.0058098459
-0.0028428177
-0.0466793366
-0.0539015755
0.0187998898
0.0005667843
0.0529946610
0.1751344949
-0.0349954441
-0.0165947098
0.0528786369
0.0144301644
0.0381785184
-0.0151157379
-0.0101730041
0.0106674898
-0.0201724954
0.0234021861
-0.0272362195
-0.0243149325
0.0035868229
0.0188723374
0.0063244835
0.0951441303
0.0186619665
0.0175211169
0.0243650284
0.0207715370
0.0439992771
0.0152688660
-0.0307609439
-0.0159438625
0.0686206967
-0.0059965122
0.0026935313
0.0061270325
-0.0874461085
0.0191698354
-0.0165922288
0.0316185467
0.0044426592
-0.0093979472
0.0622207448
-0.0394908637
-0.0593085699
0.0257394705
-0.0029950289
0.0163802952
0.4981281757
-0.0174360592
0.0475200936
-0.0193791464
0.0922174975
0.0591448806
-0.0242400169
-0.0163282584
-0.0163597781
-0.0221081637
0.0161256958
0.0014790510
-0.2489897758
-0.0137506640
0.0152564878
-0.0119319614
-0.0060278266
-0.0021935194
-0.0462576859
-0.0494586825
0.0184264984
0.0010173885
0.0526582338
0.1699674129
-0.0347778760
-0.0157935731
0.0522380583
0.0148938475
0.0379194357
-0.0142954839
-0.0095425183
0.0214861520
-0.0196673665
0.0257767849
-0.0257311631
-0.0230347402
0.0142003261
0.0175962597
0.0059429575
0.1254034489
0.0198899712
0.0258775614
0.0276283994
0.0248540360
0.0367973298
0.0245731752
-0.0358040743
-0.0131108128
0.0858901218
-0.0130577320
-0.0002082854
0.0034843346
-0.1040614620
0.0175040793
-0.0181562547
-0.0201173071
-0.0080879694
-0.0075379810
0.0716757104
-0.0424701162
-0.0661653057
0.0293159001
-0.0059912074
0.0221686624
0.6143285632
-0.0258382410
0.0443591364
-0.0253573637
0.0994300917
0.0710783452
-0.0327891037
-0.0122206984
-0.0187016930
0.0661145300
0.0218605120
-0.0067970827
-0.2616735697
-0.0081787584
0.0181865562
-0.0133019229
-0.0065046470
-0.0012661344
-0.0487554520
-0.0929495245
0.0196081623
0.0075167385
0.0522666276
0.2198091298
-0.0363486297
-0.0233801827
0.0604874231
0.0142938895
0.0443170480
-0.0311592147
-0.0127083119
0.0193722900
-0.0210442450
0.0237939041
-0.0261826515
-0.0207402855
0.0142838778
0.0141575020
0.0069245175
0.1035130322
0.0200008601
0.0226951297
0.0280996766
0.0255218446
0.0358605459
0.0261601228
-0.0332966484
-0.0139386263
0.0828187466
-0.0120188156
-0.0005965231
0.0020401082
-0.1036238223
0.0164706018
-0.0192254614
-0.0234894939
-0.0087073147
-0.0076919030
0.0695214644
-0.0428271927
-0.0662671849
0.0269294567
-0.0050751977
0.0227735937
0.6225062609
-0.0271188710
0.0328740962
-0.0256346408
0.0970272124
0.0669797510
-0.0414882936
-0.0114112245
-0.0178401265
0.0743067116
0.0214066766
-0.0076561519
-0.2582904696
-0.0045462716
0.0161351543
-0.0121086091
-0.0052262652
-0.0023382327
-0.0461702086
-0.0932178348
0.0182036422
0.0072534098
0.0446018204
0.2258443832
-0.0380567387
-0.0191214886
0.0583241358
0.0170686133
0.0405202582
-0.0378059819
-0.0118191792
-0.0023539518
-0.0194960777
0.0036213072
-0.0178559534
-0.0018321094
-0.0233701169
0.0403017402
-0.0148190474
0.1132043824
0.0018366309
-0.0024810578
0.0106507856
0.0335473344
0.0000168758
-0.0582040995
0.0075152037
0.0189395696
0.0200946350
-0.0122987134
0.0161235947
0.0116588483
-0.0007925692
0.0158004798
-0.0163540076
-0.0328947641
0.0146267936
0.0405241102
0.0063339011
-0.0079866350
0.0110680126
0.0050230245
-0.0267738998
0.0078831175
-0.6944357157
-0.0382988900
0.0542347617
-0.0007042874
0.0391542763
0.0180594549
0.0077131279
0.0157158524
-0.0044790874
0.0284420513
-0.0000879743
0.0252818465
-0.0994123816
0.0111685731
-0.0078828018
-0.0306830667
0.0047921925
-0.0189888198
-0.0329799242
0.0038338278
0.0078982469
0.0117554935
-0.0132719502
0.0117353192
0.0000995801
-0.0121127944
0.0109160170
0.0193329770
0.0201520808
0.0104099754
-0.0113346651
0.0017965011
-0.0185062718
0.0049201283
-0.0205272175
-0.0053652138
-0.0200610943
0.0478512011
-0.0147818709
0.1148139983
0.0098453192
-0.0038434474
0.0173185654
0.0285907742
0.0066538677
-0.0550406538
0.0034631323
0.0098845223
0.0150907682
-0.0078772344
0.0101673771
0.0101193869
-0.0033224048
0.0156288277
-0.0071821604
-0.0064914254
0.0147712622
0.0306096971
0.0118665164
-0.0072156894
0.0055274586
0.0012395740
-0.0211291723
0.0020783546
-0.6170301437
-0.0323583931
0.0628396049
0.0021614737
0.0387118533
0.0273577254
0.0211836006
0.0153019521
-0.0091370344
-0.0361960679
0.0047651744
0.0297368951
-0.1085866615
0.0018214558
-0.0025786087
-0.0281452481
0.0026871706
-0.0173393786
-0.0347747244
0.0356241539
0.0131859453
0.0048731384
0.0013397509
-0.0094840601
0.0063563180
-0.0142562138
0.0194008220
0.0175902843
0.0242898930
0.0277738851
-0.0083931778
0.0000394816
-0.0215039626
0.0090964483
-0.0240530670
-0.0108397491
-0.0162548963
0.0330816917
-0.0079418756
0.0805141330
0.0131038204
0.0002227362
0.0190228075
0.0235080589
0.0221294761
-0.0279195365
-0.0031066220
-0.0014171441
0.0264603309
-0.0033241990
0.0109370295
0.0095670829
-0.0308472347
0.0149547849
-0.0114104943
0.0253414419
0.0106837638
0.0127059454
0.0271708220
-0.0192936230
-0.0177956168
0.0090829264
-0.0130872726
0.0064545358
-0.2275253832
-0.0256098565
0.0459556766
-0.0044208416
0.0536311083
0.0323389620
0.0007207121
0.0038437194
-0.0091359895
-0.0640838966
0.0054835854
0.0200779922
-0.1562618166
0.0014714595
-0.0004200285
-0.0198102091
0.0020369871
-0.0131729981
-0.0345591232
0.0162031762
0.0136238514
-0.0004262513
0.0147107299
0.0418799818
-0.0098093497
-0.0089605898
0.0268635843
0.0183537304
0.0203619990
0.0105404910
-0.0088192401
0.0212187357
-0.0190705378
0.0277718119
-0.0299123339
-0.0333843715
-0.0013271167
0.0393947996
0.0001093680
0.1732179821
0.0276283696
0.0195983481
0.0296695624
0.0205977000
0.0434587486
0.0136910612
-0.0392332152
-0.0154662710
0.0628168210
-0.0041129356
0.0004062356
0.0085626822
-0.0824828967
0.0207480881
-0.0093324166
0.0356026925
0.0166392587
-0.0165249854
0.0668404773
-0.0316254348
-0.0517052449
0.0192389097
-0.0035637184
0.0113583170
0.4401225150
-0.0093942629
0.0836081281
-0.0161518753
0.0934420228
0.0758536682
0.0042162389
-0.0103453686
-0.0188692510
-0.0820061490
0.0183509793
0.0109432768
-0.2347355783
-0.0209678337
0.0186113771
-0.0077180215
-0.0063575725
0.0091364961
-0.0485464223
-0.0305833686
0.0253647249
-0.0053765564
0.0789664611
0.1005317941
-0.0196539462
-0.0274353866
0.0636084601
0.0016759672
0.0486167967
0.0231384579
-0.0151029518
-0.0033969979
-0.0226039197
0.0123184221
-0.0257037841
-0.0129239522
-0.0127222342
0.0240219925
-0.0016135568
0.0459674001
0.0133204218
0.0016523486
0.0177779701
0.0205967147
0.0326064155
-0.0158951804
-0.0057284161
-0.0094725825
0.0347925238
-0.0016504482
0.0102320947
0.0082991952
-0.0452467017
0.0141936485
-0.0135424221
0.0465188809
0.0057286266
0.0053985049
0.0358546525
-0.0266411044
-0.0319862701
0.0160253737
-0.0088645490
0.0083480235
-0.0011778669
-0.0230851825
0.0321025774
-0.0074817124
0.0613181144
0.0336778387
-0.0169709437
-0.0032167956
-0.0102002788
-0.0686535537
0.0066131945
0.0129303047
-0.1864764392
-0.0005162849
0.0015924914
-0.0175816696
0.0003626822
-0.0123160044
-0.0341279916
0.0065500643
0.0132123483
-0.0000617520
0.0213419441
0.0847554132
-0.0216008984
-0.0050534797
0.0310488250
0.0206285119
0.0188551694
-0.0036835906
-0.0072376444
0.0000223854
-0.0221771374
0.0179514010
-0.0280179102
-0.0201551523
-0.0074322596
0.0214443300
0.0023516719
0.0501121767
0.0182311479
0.0063530579
0.0212368183
0.0163371041
0.0439196080
-0.0003586143
-0.0164004266
-0.0173994824
0.0445598103
0.0009273259
0.0065643974
0.0078987284
-0.0634035841
0.0164881554
-0.0124543589
0.0699636787
0.0075362585
-0.0078495033
0.0489754491
-0.0333750062
-0.0472067744
0.0196497757
-0.0029090038
0.0094270371
0.2622897029
-0.0156245967
0.0381179973
-0.0106586795
0.0749823898
0.0451218635
-0.0189022385
-0.0114810262
-0.0135038467
-0.1018319428
0.0104760667
0.0104582356
-0.2203527540
-0.0095215207
0.0078495927
-0.0129818600
-0.0022707696
-0.0075283688
-0.0381372869
0.0008368212
0.0164272022
-0.0044629071
0.0410343111
0.1099074408
-0.0285231657
-0.0073133744
0.0417521782
0.0177730676
0.0246677734
-0.0046972046
-0.0069892658
-0.0011333713
-0.0193918776
0.0093308948
-0.0230217203
-0.0104291029
-0.0209915861
0.0377559327
-0.0093589639
0.0915692747
0.0090974215
-0.0011449389
0.0142454971
0.0246198475
0.0215558503
-0.0416268818
-0.0008021227
0.0011128115
0.0230984949
-0.0042423713
0.0124275824
0.0124641648
-0.0180595536
0.0169695504
-0.0104810363
0.0276508834
0.0150330039
0.0196056981
0.0213944074
-0.0158111174
-0.0109164445
0.0101215327
-0.0149873681
0.0050526964
-0.3625605404
-0.0259631705
0.0573225766
-0.0007365310
0.0515140034
0.0293697771
0.0110893669
0.0036953620
-0.0083663985
-0.0697933435
0.0043533486
0.0237184558
-0.1434762180
-0.0037136532
-0.0005034056
-0.0252087861
0.0019185047
-0.0144724734
-0.0356373824
0.0288432073
0.0132536339
0.0017064747
0.0140425256
0.0207575019
-0.0073526008
-0.0119532226
0.0218606722
0.0165953822
0.0234609079
0.0253462177
-0.0061736861
0.0004650820
-0.0194597095
0.0125715528
-0.0249427948
-0.0150930053
-0.0161327086
0.0342083685
-0.0049955449
0.0870783553
0.0129055250
0.0028187672
0.0168874189
0.0213523619
0.0310143698
-0.0277083702
-0.0089913309
-0.0061021005
0.0317041874
-0.0021853859
0.0096060531
0.0104710031
-0.0346930251
0.0178039186
-0.0102063389
0.0453314520
0.0150201656
0.0094001237
0.0324600115
-0.0219599623
-0.0243432522
0.0137233548
-0.0101931430
0.0055799792
-0.1290584654
-0.0199608486
0.0591083057
-0.0040557631
0.0612562634
0.0368006453
0.0081509957
-0.0034809117
-0.0104542617
-0.0933545530
0.0072224448
0.0193312168
-0.1749678850
-0.0106270593
0.0041442034
-0.0202210713
-0.0004722023
-0.0112291090
-0.0383707844
0.0211750548
0.0147722755
-0.0013739826
0.0282056071
0.0509630889
-0.0140285492
-0.0125524234
0.0292362850
0.0163203850
0.0267556887
0.0206844881
-0.0056581995
0.0332559347
-0.0184410624
0.0307942107
-0.0243153609
-0.0252488256
0.0186856985
0.0202436447
0.0030324273
0.1753135771
0.0232093539
0.0295653716
0.0285983402
0.0244703256
0.0344759040
0.0312042702
-0.0396283902
-0.0121337725
0.0936626941
-0.0172528010
0.0002230496
0.0025205829
-0.1114877090
0.0139148161
-0.0156404283
-0.0334574841
-0.0129501587
-0.0100616943
0.0769300908
-0.0385452062
-0.0689593628
0.0308880452
-0.0097324494
0.0235610660
0.6259556413
-0.0280304346
0.0442806073
-0.0234043673
0.1042331755
0.0820320994
-0.0279583260
-0.0096594440
-0.0203167200
0.0801967084
0.0215366222
-0.0098975115
-0.2485568076
-0.0052393745
0.0193315502
-0.0146769891
-0.0050593670
0.0038644217
-0.0509619229
-0.1014770716
0.0230463613
0.0095069259
0.0643026829
0.1933536530
-0.0343153588
-0.0300897006
0.0680739135
0.0065078801
0.0499714203
-0.0241080634
-0.0168455504
0.0375370011
-0.0185112953
0.0314220823
-0.0240818039
-0.0249795206
0.0217465218
0.0199953783
0.0017698420
0.1893412620
0.0236173626
0.0336194597
0.0304188095
0.0237746444
0.0318233147
0.0327727310
-0.0390290245
-0.0109452745
0.0999335721
-0.0194117483
0.0015548570
0.0027219269
-0.1169020385
0.0126064271
-0.0151550388
-0.0470525324
-0.0200912431
-0.0095998384
0.0806964636
-0.0396741256
-0.0720987171
0.0328924060
-0.0110846488
0.0249193776
0.6567785740
-0.0314769372
0.0445427261
-0.0241490025
0.1054208353
0.0866510123
-0.0245664176
-0.0073473505
-0.0214722957
0.1022332460
0.0235067680
-0.0126224263
-0.2557499111
-0.0016241982
0.0197612997
-0.0157841388
-0.0053694430
0.0025925979
-0.0515284650
-0.1139922068
0.0235739201
0.0105046174
0.0656649470
0.2070837468
-0.0339655317
-0.0339016207
0.0707307905
0.0053410181
0.0505275726
-0.0259469301
-0.0179339945
0.0372535400
-0.0185837522
0.0313974731
-0.0241687652
-0.0249727983
0.0213799849
0.0202269293
0.0019584140
0.1863935590
0.0230220146
0.0337001793
0.0303882938
0.0241193064
0.0319193006
0.0327782072
-0.0389759056
-0.0109098833
0.0997478068
-0.0195061564
0.0016383431
0.0031538464
-0.1167249456
0.0128949210
-0.0154832648
-0.0466553979
-0.0201039016
-0.0091859931
0.0806474760
-0.0398604050
-0.0721050948
0.0329075679
-0.0106087141
0.0249665529
0.6579865813
-0.0316888839
0.0446614102
-0.0243824925
0.1053505763
0.0862850249
-0.0248826463
-0.0079110181
-0.0211768392
0.1035781875
0.0235252026
-0.0128140962
-0.2573929131
-0.0021740252
0.0198286623
-0.0159211736
-0.0057344297
0.0022141337
-0.0517712161
-0.1135411486
0.0237697400
0.0107048592
0.0649322569
0.2100011557
-0.0342397168
-0.0335051157
0.0703200325
0.0058110440
0.0507359430
-0.0253931247
-0.0174285937
0.0350217000
-0.0182602759
0.0310081542
-0.0245574601
-0.0254701972
0.0196677595
0.0203393828
0.0025444541
0.1809409708
0.0225951485
0.0322941057
0.0293827839
0.0238866545
0.0336663425
0.0314178839
-0.0392217599
-0.0112477820
0.0970752090
-0.0183069389
0.0013919652
0.0037662792
-0.1139496639
0.0138436649
-0.0161942467
-0.0383101404
-0.0155661022
-0.0093721198
0.0783900321
-0.0398138687
-0.0706580132
0.0322683416
-0.0096263904
0.0246318970
0.6423680186
-0.0295843855
0.0464903824
-0.0239237044
0.1053712815
0.0838106200
-0.0247000046
-0.0091803409
-0.0207456127
0.0917126313
0.0224354416
-0.0106386775
-0.2549767494
-0.0042351042
0.0194639098
-0.0155409556
-0.0056238188
0.0025996966
-0.0516549163
-0.1080050617
0.0233589578
0.0098311473
0.0652238280
0.2025492191
-0.0345205702
-0.0321153402
0.0689611956
0.0055824867
0.0504865572
-0.0227829833
-0.0172212943
0.0337855630
-0.0184458029
0.0306629390
-0.0249936916
-0.0252745971
0.0192222707
0.0199434813
0.0029292945
0.1743906736
0.0225857198
0.0306905471
0.0290391184
0.0241544247
0.0340038836
0.0313884094
-0.0389661975
-0.0116031822
0.0951051563
-0.0177129544
0.0009764021
0.0034450174
-0.1125491261
0.0139882341
-0.0165513586
-0.0349975377
-0.0139868818
-0.0098044975
0.0772320256
-0.0396174379
-0.0697929710
0.0313819274
-0.0090245521
0.0247462764
0.6360148191
-0.0291989297
0.0446945392
-0.0238683186
0.1050126627
0.0822885484
-0.0270949937
-0.0095265079
-0.0203361902
0.0879842564
0.0220265090
-0.0099480394
-0.2528741956
-0.0043790769
0.0189667344
-0.0150247095
-0.0053820158
0.0028822147
-0.0510715097
-0.1050463617
0.0230352562
0.0095023783
0.0638271049
0.2004127800
-0.0348515958
-0.0307040736
0.0682702363
0.0062858132
0.0499359183
-0.0234558117
-0.0169104189
0.0337779559
-0.0185044836
0.0307519287
-0.0246727411
-0.0251234230
0.0191508643
0.0201961081
0.0029554667
0.1747212857
0.0227779765
0.0305456240
0.0290890988
0.0243162103
0.0338469036
0.0313923508
-0.0390505753
-0.0117633697
0.0951265618
-0.0178107806
0.0006528277
0.0029475943
-0.1126207188
0.0139561817
-0.0160597507
-0.0362147130
-0.0142557621
-0.0096236691
0.0774618089
-0.0392476730
-0.0696420074
0.0313233398
-0.0095021836
0.0243387874
0.6352622509
-0.0291001089
0.0443146192
-0.0237467363
0.1046724841
0.0825559497
-0.0279017929
-0.0092857191
-0.0204804391
0.0875327513
0.0221056677
-0.0102950037
-0.2519966066
-0.0043743267
0.0191989038
-0.0150394840
-0.0053172717
0.0030671603
-0.0508968495
-0.1043972746
0.0229355991
0.0098238895
0.0638810024
0.1997087151
-0.0346952043
-0.0306519885
0.0683520436
0.0064863609
0.0499372333
-0.0245803744
-0.0168664046
0.0069088009
-0.0184994228
0.0101967975
-0.0265067592
-0.0136377383
-0.0170879271
0.0514550917
-0.0107995728
0.0960735083
0.0177462976
-0.0033293325
0.0225531701
0.0226260554
0.0220659971
-0.0384392105
-0.0061749085
-0.0052372222
0.0151032377
-0.0016077193
0.0042050853
0.0103131803
-0.0169738792
0.0155890305
-0.0012943114
0.0414854102
0.0162664056
0.0124473143
0.0251402948
-0.0104950909
-0.0110892681
0.0025576090
-0.0110559547
-0.0008924385
-0.3547320664
-0.0226114783
0.0653543919
0.0021866104
0.0476057231
0.0412793420
0.0180687681
0.0078025726
-0.0121315774
-0.1183569506
0.0093533052
0.0280566439
-0.1392311752
-0.0119392201
0.0035752389
-0.0218481235
0.0005915545
-0.0113936923
-0.0367772579
0.0603513867
0.0200859513
-0.0025956593
0.0261493269
-0.0061032767
0.0031585286
-0.0155133093
0.0328342319
0.0149992583
0.0302619729
0.0420883782
-0.0038066721
0.0027044527
-0.0181133561
0.0063704257
-0.0218098275
-0.0073723677
-0.0189704541
0.0494148619
-0.0136559894
0.1119637415
0.0119635416
-0.0034757797
0.0184960142
0.0264624432
0.0110770008
-0.0531837456
0.0007604510
0.0057560443
0.0151724694
-0.0063210111
0.0081373928
0.0099439165
-0.0057725133
0.0160911400
-0.0049602715
0.0077527673
0.0157519877
0.0266560093
0.0151606072
-0.0078740725
0.0017104995
0.0018537927
-0.0187390801
0.0002977235
-0.5576795340
-0.0293162167
0.0665987507
0.0028718566
0.0408618748
0.0308843609
0.0237091705
0.0133463880
-0.0104934974
-0.0616026893
0.0063788486
0.0302186385
-0.1177010685
-0.0033291813
-0.0003056033
-0.0271508880
0.0019912829
-0.0162772797
-0.0356656201
0.0445216075
0.0147073250
0.0029620817
0.0086512845
-0.0086937109
0.0057536052
-0.0153163448
0.0228209104
0.0169537589
0.0263902191
0.0321924463
-0.0066439044
0.0074494970
-0.0181272384
0.0181266777
-0.0313239619
-0.0259606484
-0.0127404258
0.0515844859
-0.0042339168
0.1161354259
0.0279294718
0.0033052408
0.0289357882
0.0147962272
0.0409835652
-0.0205476563
-0.0203538612
-0.0187957846
0.0260271709
0.0046489588
-0.0004143849
0.0081816874
-0.0409360416
0.0196929779
0.0021109136
0.0853585675
0.0243562460
-0.0091757346
0.0439733826
-0.0198624302
-0.0310535617
0.0060882187
-0.0023304247
-0.0036483884
0.0393377729
-0.0074259113
0.0859042332
-0.0009098566
0.0655062050
0.0575343780
0.0322195925
-0.0045354143
-0.0189085025
-0.1990964860
0.0158880968
0.0274390578
-0.1943508983
-0.0283644740
0.0130754458
-0.0126155624
-0.0040820129
-0.0029411255
-0.0413849950
0.0621820465
0.0228751805
-0.0130439326
0.0600967370
0.0124359829
-0.0046486077
-0.0199162345
0.0468047597
0.0095689762
0.0366800539
0.0558497794
-0.0037331006
0.0317728333
-0.0182534028
0.0308549758
-0.0254701264
-0.0267178789
0.0162510462
0.0209267195
0.0029901613
0.1743013114
0.0224373899
0.0292621236
0.0277162362
0.0237003881
0.0364323705
0.0296401232
-0.0396639109
-0.0117071671
0.0915444344
-0.0161983240
0.0016515078
0.0045437557
-0.1084161997
0.0147974426
-0.0165725406
-0.0211848952
-0.0087803164
-0.0102126459
0.0750561133
-0.0384965092
-0.0675928444
0.0307218861
-0.0082496572
0.0231198650
0.6076115966
-0.0258259904
0.0488673411
-0.0227309614
0.1043292284
0.0800561681
-0.0235016700
-0.0113637680
-0.0196609572
0.0653060675
0.0203182288
-0.0076438636
-0.2488894463
-0.0071424400
0.0186308958
-0.0142501220
-0.0057110293
0.0041901758
-0.0513443425
-0.0955036730
0.0233635418
0.0079045920
0.0662921593
0.1847152263
-0.0339470506
-0.0296239275
0.0668816566
0.0054522953
0.0497873165
-0.0177480467
-0.0167409163
0.0330875292
-0.0184052028
0.0311484262
-0.0247244909
-0.0255820584
0.0185518246
0.0191174485
0.0034036527
0.1758658737
0.0225636847
0.0302209463
0.0280503053
0.0240457505
0.0350996442
0.0309497900
-0.0390945785
-0.0114977723
0.0949627310
-0.0177503489
0.0018735912
0.0031680469
-0.1116261184
0.0139381820
-0.0165501088
-0.0298327599
-0.0134899477
-0.0093488432
0.0764779896
-0.0392827354
-0.0696618035
0.0318359472
-0.0092306435
0.0241009202
0.6282805204
-0.0280691311
0.0445533246
-0.0230819080
0.1046666726
0.0811682492
-0.0255126860
-0.0105833877
-0.0202997904
0.0821820274
0.0212865230
-0.0100067891
-0.2507571578
-0.0046288446
0.0188161582
-0.0147700161
-0.0060334848
0.0032602414
-0.0510258190
-0.1029643565
0.0226387642
0.0092023201
0.0643775240
0.1949920058
-0.0350576080
-0.0300872438
0.0675056204
0.0062701497
0.0490197130
-0.0237109177
-0.0170674641
0.0308451336
-0.0190318078
0.0305607487
-0.0249272920
-0.0255525727
0.0174659248
0.0186995752
0.0032648516
0.1673280448
0.0229275133
0.0280804131
0.0280066300
0.0244175028
0.0357287042
0.0304718576
-0.0385515317
-0.0118129412
0.0912573859
-0.0162471980
0.0018202004
0.0030197599
-0.1089668572
0.0141363302
-0.0164243113
-0.0234235451
-0.0117774811
-0.0102493418
0.0750807226
-0.0388947986
-0.0682930574
0.0300393328
-0.0085309334
0.0231283493
0.6138750315
-0.0271223225
0.0433197469
-0.0228591450
0.1030149087
0.0787390620
-0.0262415446
-0.0112960255
-0.0195342880
0.0694804713
0.0203204770
-0.0090135327
-0.2485418469
-0.0049272021
0.0180359166
-0.0137684569
-0.0057303053
0.0030955840
-0.0509077534
-0.0969649777
0.0227117110
0.0079674684
0.0622445047
0.1903187335
-0.0346153975
-0.0278912149
0.0662048236
0.0076635629
0.0478639491
-0.0241657142
-0.0163660385
0.0334712416
-0.0187526532
0.0309833605
-0.0244006980
-0.0251174439
0.0194078013
0.0191065557
0.0030238200
0.1746137738
0.0227162316
0.0308332052
0.0288077481
0.0244208146
0.0340075493
0.0314093158
-0.0388483368
-0.0113254348
0.0956768915
-0.0179860294
0.0015285253
0.0028157905
-0.1127411723
0.0137520973
-0.0161600560
-0.0346188806
-0.0157321878
-0.0091414005
0.0776011348
-0.0395598263
-0.0701975897
0.0316487029
-0.0095354784
0.0239651967
0.6366288662
-0.0291552078
0.0434120595
-0.0235932246
0.1041769385
0.0819882825
-0.0265642554
-0.0099496488
-0.0204380844
0.0879036039
0.0219344366
-0.0110323448
-0.2532230020
-0.0039094342
0.0190345887
-0.0149317989
-0.0059859315
0.0025309091
-0.0512521453
-0.1055566147
0.0228467640
0.0095762666
0.0629886091
0.2019999474
-0.0348820835
-0.0303590316
0.0678588152
0.0072562778
0.0490616336
-0.0264794771
-0.0167656709
0.0308877230
-0.0189131070
0.0300492141
-0.0242480151
-0.0239869915
0.0188522451
0.0180352870
0.0042605870
0.1606708318
0.0217856001
0.0287499838
0.0277172718
0.0252431501
0.0345976353
0.0309331715
-0.0387311988
-0.0121091576
0.0933452845
-0.0174020920
0.0000703369
0.0018352026
-0.1110659912
0.0140491631
-0.0165425763
-0.0330180116
-0.0142513858
-0.0083987964
0.0762363747
-0.0395457484
-0.0695047751
0.0311292522
-0.0089402879
0.0235920418
0.6326053143
-0.0286351498
0.0396327972
-0.0238410272
0.1032981277
0.0791711062
-0.0318109840
-0.0112767294
-0.0197109561
0.0870322436
0.0217453968
-0.0113978656
-0.2516814172
-0.0053570261
0.0191296674
-0.0147541529
-0.0060473783
0.0024048807
-0.0506308079
-0.1021872535
0.0220475793
0.0103240181
0.0590979233
0.2054739147
-0.0362046100
-0.0278225262
0.0656962246
0.0096336594
0.0484965257
-0.0297427066
-0.0150791854
0.0441305637
-0.0193764884
0.0320408233
-0.0226220191
-0.0216322169
0.0286330301
0.0168743003
0.0012599275
0.1997155845
0.0245148651
0.0376541838
0.0321928933
0.0237866677
0.0260054879
0.0352927372
-0.0368556790
-0.0095608383
0.1105045006
-0.0237332657
0.0028556599
-0.0007397425
-0.1272368878
0.0094024548
-0.0139482785
-0.0760248005
-0.0366333872
-0.0075303623
0.0883322805
-0.0419238843
-0.0792145059
0.0357265882
-0.0139713660
0.0279803667
0.7189406753
-0.0395921692
0.0338491276
-0.0249687470
0.1065174863
0.0934056342
-0.0261966605
-0.0036117444
-0.0234311186
0.1486547887
0.0285161827
-0.0197683051
-0.2661665082
0.0063014491
0.0211284794
-0.0177685246
-0.0066142799
-0.0008605428
-0.0507002808
-0.1384155899
0.0218799599
0.0133557525
0.0607358776
0.2419633567
-0.0364674404
-0.0377313755
0.0734647512
0.0070827692
0.0490135439
-0.0413996577
-0.0174406916
0.0447986759
-0.0198319200
0.0322399959
-0.0231401995
-0.0218699798
0.0291544162
0.0170992948
0.0001140761
0.2053679228
0.0251250006
0.0388916358
0.0335259922
0.0233140644
0.0251116175
0.0350209773
-0.0358443744
-0.0087289503
0.1120743826
-0.0237413719
0.0044069006
-0.0003151056
-0.1282860488
0.0090981023
-0.0133347716
-0.0781569481
-0.0396055691
-0.0076247947
0.0897709504
-0.0424402803
-0.0799222067
0.0361644365
-0.0143564846
0.0278156549
0.7245018482
-0.0409356542
0.0361729972
-0.0251328573
0.1060107127
0.0946632102
-0.0218140278
-0.0027691892
-0.0238059796
0.1489994973
0.0292222854
-0.0204444379
-0.2706322372
0.0086617423
0.0208716039
-0.0176091697
-0.0069888262
-0.0019777175
-0.0507225841
-0.1406790167
0.0221129414
0.0128275910
0.0612163655
0.2453289330
-0.0352372676
-0.0388906859
0.0743624121
0.0069800313
0.0483157970
-0.0413085185
-0.0177840013
0.0446637683
-0.0190669391
0.0323301889
-0.0229226258
-0.0226092171
0.0277506988
0.0183286928
0.0002173716
0.2087094486
0.0242457818
0.0399441198
0.0328445658
0.0226070751
0.0266104508
0.0345092230
-0.0368937030
-0.0088116722
0.1121412143
-0.0236617215
0.0041284999
0.0008342293
-0.1275472790
0.0095451809
-0.0135513842
-0.0755472556
-0.0367834717
-0.0066696047
0.0890211016
-0.0419477448
-0.0795175955
0.0371876732
-0.0142359883
0.0270039048
0.7171180248
-0.0389459804
0.0397089981
-0.0248964634
0.1064432114
0.0942496061
-0.0197669826
-0.0037794276
-0.0236501284
0.1439871937
0.0283044111
-0.0197846461
-0.2692707479
0.0060977661
0.0214539170
-0.0180220138
-0.0070798490
-0.0012150726
-0.0513653494
-0.1377508193
0.0227080267
0.0132419262
0.0640432686
0.2379481941
-0.0349768251
-0.0393491127
0.0738969222
0.0056405757
0.0496036224
-0.0363996141
-0.0176909845
0.0439540930
-0.0186500810
0.0321473442
-0.0232059471
-0.0229434185
0.0265030060
0.0192926619
0.0006178393
0.2064134628
0.0234364066
0.0402284674
0.0320732258
0.0225154907
0.0276921168
0.0337841287
-0.0373987295
-0.0088356771
0.1117492840
-0.0234366618
0.0039378721
0.0016270070
-0.1266821623
0.0102984617
-0.0143052768
-0.0734365731
-0.0344491750
-0.0057263724
0.0883464739
-0.0420821756
-0.0789548457
0.0377149843
-0.0135051552
0.0268588960
0.7139928341
-0.0377710126
0.0421603173
-0.0251897480
0.1066764742
0.0933797136
-0.0189635698
-0.0046427026
-0.0234574452
0.1417106837
0.0280095432
-0.0189337097
-0.2702157795
0.0044015474
0.0217270423
-0.0179421026
-0.0074692229
-0.0011572242
-0.0513571762
-0.1363242269
0.0227481518
0.0133486046
0.0647115409
0.2370996773
-0.0351136848
-0.0391021147
0.0732871741
0.0053764135
0.0500967577
-0.0344127826
-0.0175271351
0.0416846015
-0.0186731145
0.0318367369
-0.0233472735
-0.0226331297
0.0253916718
0.0187330656
0.0020853379
0.1936953962
0.0226221513
0.0372342542
0.0310489666
0.0239823032
0.0288668778
0.0341662988
-0.0378824733
-0.0099692829
0.1081276834
-0.0229187440
0.0024572387
0.0011949262
-0.1239250451
0.0110699320
-0.0151403248
-0.0676851869
-0.0302572083
-0.0061905966
0.0855035409
-0.0414719321
-0.0770374760
0.0362055898
-0.0121644996
0.0270725302
0.7033790946
-0.0364782028
0.0393002629
-0.0252026040
0.1065357402
0.0903881788
-0.0250802562
-0.0062399521
-0.0224507824
0.1383683681
0.0269202907
-0.0179452784
-0.2655312419
0.0021632046
0.0212201253
-0.0175151397
-0.0070748292
-0.0000996286
-0.0509363636
-0.1298314035
0.0225635394
0.0136818551
0.0623180307
0.2338726968
-0.0362451375
-0.0361500829
0.0717145205
0.0067488356
0.0502938256
-0.0340312608
-0.0169148222
0.0441805422
-0.0191656742
0.0319257863
-0.0231319107
-0.0221202709
0.0273383707
0.0190630630
0.0006234878
0.2020100653
0.0237076897
0.0393872522
0.0325425863
0.0235936213
0.0264096688
0.0345396884
-0.0369101092
-0.0090142833
0.1112477556
-0.0236450266
0.0033486143
0.0007825682
-0.1272127628
0.0099504031
-0.0140284514
-0.0788258612
-0.0365089215
-0.0060021887
0.0892902613
-0.0421463549
-0.0793237910
0.0366744548
-0.0134511068
0.0273070410
0.7220049500
-0.0393296257
0.0385873951
-0.0257152747
0.1062172502
0.0937870666
-0.0221629329
-0.0039925282
-0.0232248101
0.1479686052
0.0288344994
-0.0200087167
-0.2705578208
0.0054427525
0.0217181742
-0.0178434141
-0.0073314905
-0.0014809258
-0.0509385876
-0.1382584870
0.0226900149
0.0136563769
0.0616688989
0.2431953996
-0.0354441404
-0.0384573452
0.0732773915
0.0067795422
0.0499297418
-0.0375461951
-0.0167860314
-0.0005504462
-0.0198411960
0.0074990727
-0.0214605983
-0.0069400626
-0.0195462499
0.0376307964
-0.0103241205
0.0929285064
0.0062959366
-0.0006258655
0.0134161869
0.0285201948
0.0134386783
-0.0436118841
0.0007412191
0.0074508693
0.0249384940
-0.0082658622
0.0128968107
0.0108537301
-0.0158061069
0.0157675333
-0.0135248350
0.0031629086
0.0123691028
0.0275760628
0.0182196647
-0.0136932153
-0.0048414362
0.0094012795
-0.0192186218
0.0070302626
-0.4480913877
-0.0313254558
0.0525588430
-0.0022169598
0.0476981550
0.0260517057
0.0028960509
0.0077269957
-0.0062824823
-0.0218722094
0.0030056278
0.0212220848
-0.1329059452
0.0023546906
-0.0028478869
-0.0259123873
0.0023338757
-0.0158959161
-0.0348832123
0.0131701920
0.0112936040
0.0070774793
0.0038899935
0.0346958414
-0.0063949549
-0.0116145983
0.0195834823
0.0195249449
0.0228637177
0.0113866581
-0.0082091680
-0.0016886693
-0.0202164687
0.0051457137
-0.0195774343
-0.0047699497
-0.0219911318
0.0376664847
-0.0127250953
0.1041846126
0.0046798787
-0.0012120915
0.0129795009
0.0303977747
0.0070350645
-0.0491949171
0.0044429223
0.0131259859
0.0221572071
-0.0095712412
0.0156519134
0.0115044005
-0.0095035210
0.0158035178
-0.0154993683
-0.0133920154
0.0136549827
0.0326211713
0.0124603352
-0.0115465019
0.0022094881
0.0067037349
-0.0221837386
0.0075156661
-0.5553422570
-0.0338771567
0.0530901738
-0.0016874347
0.0433694050
0.0215101484
0.0079289703
0.0112853777
-0.0053601256
-0.0014415927
0.0011023494
0.0237223208
-0.1177492514
0.0079006059
-0.0058389441
-0.0273165647
0.0037295953
-0.0175412837
-0.0338117182
0.0075749122
0.0098215863
0.0076904697
-0.0048039164
0.0208955035
-0.0030243532
-0.0111808097
0.0147626139
0.0190358926
0.0199746676
0.0118934764
-0.0100886952
0.0000199341
-0.0192312561
0.0114349071
-0.0249904897
-0.0142204463
-0.0185919963
0.0393442847
-0.0074178046
0.0944043845
0.0138266850
0.0009511133
0.0181686394
0.0215631276
0.0272113755
-0.0352451615
-0.0054627298
-0.0040756571
0.0258601252
-0.0021796478
0.0097630788
0.0109447455
-0.0267333388
0.0184124149
-0.0083488841
0.0420085602
0.0179665592
0.0115084890
0.0272602104
-0.0186993852
-0.0174283143
0.0096988678
-0.0116680423
0.0037813564
-0.2326369882
-0.0211119913
0.0641552582
-0.0015761680
0.0570071042
0.0358632877
0.0159105938
0.0009451675
-0.0115917902
-0.1017445475
0.0072356779
0.0246216580
-0.1624266058
-0.0089474702
0.0023742046
-0.0216638874
0.0007911715
-0.0124403294
-0.0366762802
0.0325397998
0.0142699359
-0.0025992102
0.0253157951
0.0264876094
-0.0087101897
-0.0135912774
0.0277790930
0.0148257390
0.0251460355
0.0280784611
-0.0066114240
0.0440037176
-0.0199814513
0.0312549472
-0.0239456855
-0.0216134582
0.0285690539
0.0175222196
-0.0000837968
0.1973141283
0.0244308375
0.0383581892
0.0336337350
0.0241254941
0.0251469128
0.0344493091
-0.0355966054
-0.0087094633
0.1103243530
-0.0230666362
0.0039951014
0.0006574293
-0.1271620244
0.0097482428
-0.0141764693
-0.0790325478
-0.0380684026
-0.0077471049
0.0891351402
-0.0432412252
-0.0796198770
0.0349776447
-0.0127269654
0.0283194985
0.7267001271
-0.0410881564
0.0367517136
-0.0258613005
0.1060305163
0.0934032723
-0.0221957974
-0.0031582876
-0.0229681339
0.1493446529
0.0294231214
-0.0197775029
-0.2732608318
0.0078788931
0.0205407571
-0.0174324904
-0.0068003326
-0.0026535573
-0.0508255884
-0.1403334737
0.0222179275
0.0122146402
0.0587581359
0.2502038777
-0.0355230384
-0.0380317383
0.0734249800
0.0077354843
0.0486098863
-0.0397055447
-0.0168940667
0.0451797880
-0.0200132579
0.0317260213
-0.0234979540
-0.0212451108
0.0293745417
0.0167267043
-0.0001460374
0.2017007619
0.0249788202
0.0388810225
0.0335012898
0.0239669159
0.0246813837
0.0351029336
-0.0353854410
-0.0085235862
0.1118803099
-0.0238054618
0.0045473641
-0.0000929306
-0.1285645068
0.0089038573
-0.0136884525
-0.0815839767
-0.0406325310
-0.0074858842
0.0901432112
-0.0430937521
-0.0806772411
0.0355387293
-0.0136969276
0.0283394754
0.7310921550
-0.0417670943
0.0347470641
-0.0253837053
0.1060342938
0.0943038091
-0.0216966644
-0.0026956247
-0.0233325884
0.1520981342
0.0295469910
-0.0210614558
-0.2724475265
0.0093659433
0.0205778852
-0.0174899194
-0.0069774082
-0.0027009009
-0.0506248102
-0.1431028992
0.0218511652
0.0123951295
0.0588503368
0.2501630485
-0.0358690470
-0.0386736467
0.0737622678
0.0074551287
0.0479962081
-0.0424827859
-0.0172427539
0.0463290028
-0.0209156275
0.0318323784
-0.0233839694
-0.0202869177
0.0309360549
0.0161107648
-0.0004550448
0.2019683868
0.0255252961
0.0390174501
0.0347123146
0.0245928541
0.0224991124
0.0354781933
-0.0341203250
-0.0080512958
0.1134891734
-0.0244998615
0.0051473742
-0.0011455307
-0.1307033747
0.0082790526
-0.0130027877
-0.0897894055
-0.0456705205
-0.0073755491
0.0925000608
-0.0439388417
-0.0824139267
0.0352252983
-0.0141258053
0.0291482396
0.7474805117
-0.0446189083
0.0316931084
-0.0255222935
0.1056807265
0.0960206017
-0.0223324075
-0.0013663351
-0.0236753412
0.1627513617
0.0314490534
-0.0229629222
-0.2763235569
0.0124400575
0.0207092278
-0.0176981371
-0.0075148037
-0.0040196222
-0.0499294773
-0.1487296224
0.0211676545
0.0126993116
0.0558360443
0.2615895271
-0.0361769684
-0.0389172807
0.0744033754
0.0086707920
0.0469236150
-0.0471676178
-0.0166727826
0.0454132408
-0.0201524273
0.0320882872
-0.0234683510
-0.0214052163
0.0299591869
0.0171197224
-0.0003432569
0.2043257058
0.0249892920
0.0401087031
0.0341393240
0.0234598424
0.0239507593
0.0347303636
-0.0349049754
-0.0077634626
0.1136375815
-0.0240188297
0.0052736895
0.0001370770
-0.1297187060
0.0090294238
-0.0136319511
-0.0837919191
-0.0428769924
-0.0065708999
0.0915664062
-0.0437610596
-0.0815542787
0.0362274013
-0.0139928004
0.0283349045
0.7387683988
-0.0427900553
0.0353721716
-0.0255981516
0.1059090272
0.0954295248
-0.0201638471
-0.0022665535
-0.0239485968
0.1571710408
0.0305658523
-0.0214263592
-0.2761303484
0.0102725923
0.0210893489
-0.0179504473
-0.0077706114
-0.0038350804
-0.0506034791
-0.1463265866
0.0217302069
0.0126389852
0.0588984154
0.2554965019
-0.0356153250
-0.0393811129
0.0744011551
0.0078091505
0.0476536267
-0.0436750203
-0.0170921572
0.0437523425
-0.0197530501
0.0316014551
-0.0235110093
-0.0213976949
0.0286054369
0.0174884759
0.0006082450
0.1968965530
0.0240358151
0.0390238576
0.0331997573
0.0239313468
0.0253295433
0.0341488011
-0.0356317796
-0.0084308237
0.1117337719
-0.0234902240
0.0040475251
0.0003943166
-0.1278639287
0.0100012515
-0.0144624924
-0.0803398341
-0.0386932231
-0.0060667726
0.0895603672
-0.0436177999
-0.0802908912
0.0358953811
-0.0129749533
0.0282190125
0.7315698862
-0.0410483181
0.0361464582
-0.0257867519
0.1060841456
0.0933511406
-0.0226258803
-0.0035479779
-0.0234257672
0.1539657563
0.0298557803
-0.0201799162
-0.2742806673
0.0076000411
0.0211904328
-0.0178535674
-0.0075703049
-0.0032744561
-0.0505469032
-0.1421934664
0.0216029231
0.0129911751
0.0584516861
0.2531128526
-0.0362450033
-0.0379152745
0.0731460080
0.0082042962
0.0482806265
-0.0419280231
-0.0166249536
0.0431933366
-0.0190843325
0.0321106166
-0.0227442943
-0.0219182521
0.0283638537
0.0175403077
0.0012253274
0.2041125298
0.0242184773
0.0396301299
0.0322391950
0.0228460636
0.0264312401
0.0336036831
-0.0366522223
-0.0087285573
0.1130265966
-0.0237977598
0.0038662546
-0.0005364803
-0.1279146969
0.0099447556
-0.0140103605
-0.0772369504
-0.0379386172
-0.0053497427
0.0894302577
-0.0428031534
-0.0798647553
0.0379724242
-0.0143253263
0.0272337273
0.7240026593
-0.0393359140
0.0382699929
-0.0255057141
0.1061951071
0.0936518386
-0.0214709304
-0.0039880765
-0.0241471957
0.1493291408
0.0294298884
-0.0201275777
-0.2716768384
0.0063454807
0.0219639875
-0.0178538263
-0.0080472389
-0.0020542496
-0.0504594781
-0.1409241706
0.0213722419
0.0137832025
0.0616348609
0.2462494224
-0.0356534421
-0.0388131961
0.0732618198
0.0075499569
0.0483776852
-0.0422135964
-0.0171387102
0.0483322032
-0.0204772409
0.0320206098
-0.0241989382
-0.0219693240
0.0316946730
0.0195399020
-0.0042998735
0.2291937917
0.0272518862
0.0453265049
0.0369047299
0.0206416491
0.0213514306
0.0323545448
-0.0333634168
-0.0053321873
0.1200615019
-0.0238626283
0.0084965723
0.0004390724
-0.1339717656
0.0074881501
-0.0109617654
-0.0969971120
-0.0517798886
-0.0056960094
0.0984257609
-0.0445912443
-0.0842441022
0.0396522805
-0.0169332009
0.0268426836
0.7557542920
-0.0458407514
0.0446235761
-0.0269154739
0.1045441031
0.1012627408
-0.0057401997
0.0012125788
-0.0255731940
0.1553687155
0.0337681323
-0.0236759931
-0.2885883749
0.0156518035
0.0222578738
-0.0177155323
-0.0085973991
-0.0062367781
-0.0503754765
-0.1566663384
0.0222841538
0.0119821792
0.0627623796
0.2633351982
-0.0311701447
-0.0451064371
0.0774871111
0.0064454279
0.0469164252
-0.0448653847
-0.0170346126
0.0472272895
-0.0206539016
0.0320817754
-0.0236893352
-0.0213667359
0.0306812041
0.0189405326
-0.0025047888
0.2171261013
0.0258035753
0.0428765751
0.0360983312
0.0226694699
0.0223456062
0.0337261297
-0.0340853743
-0.0067785294
0.1170165241
-0.0243892428
0.0068074577
0.0002382917
-0.1322888434
0.0082066795
-0.0118412264
-0.0936756805
-0.0484337583
-0.0060201469
0.0956003666
-0.0443278886
-0.0832838416
0.0381423943
-0.0152533157
0.0275995359
0.7512741685
-0.0449468531
0.0410229973
-0.0264573898
0.1050946563
0.0988534614
-0.0122955088
-0.0006420868
-0.0243955255
0.1582885534
0.0326391272
-0.0234331470
-0.2841825187
0.0129347323
0.0218929406
-0.0178715698
-0.0084699709
-0.0051360535
-0.0505889766
-0.1510681808
0.0223640613
0.0129849650
0.0601721853
0.2626043558
-0.0332069620
-0.0422107764
0.0758741945
0.0074056927
0.0477366932
-0.0431591496
-0.0164902937
0.0478631817
-0.0204013027
0.0324863978
-0.0241028387
-0.0219087303
0.0309508629
0.0194155332
-0.0029181179
0.2236044407
0.0261967629
0.0441985093
0.0359386131
0.0215537529
0.0223889183
0.0333587639
-0.0340667106
-0.0060171136
0.1189434975
-0.0244525131
0.0079173809
0.0003713290
-0.1331467628
0.0079089692
-0.0118379323
-0.0931007564
-0.0498412140
-0.0052202372
0.0968605801
-0.0442251973
-0.0836025551
0.0396239236
-0.0158483852
0.0272770841
0.7524555326
-0.0451466218
0.0429125391
-0.0267198943
0.1049721316
0.0998791456
-0.0089461869
-0.0003465162
-0.0250360984
0.1577758491
0.0330131687
-0.0235332437
-0.2862280309
0.0138819935
0.0221855808
-0.0176931266
-0.0090917526
-0.0054241763
-0.0503655374
-0.1533476561
0.0224567279
0.0127937114
0.0621714219
0.2620090544
-0.0323275402
-0.0434453860
0.0767420083
0.0068742032
0.0474369377
-0.0436321273
-0.0169345438
0.0472507887
-0.0207767244
0.0321801826
-0.0238730405
-0.0210604984
0.0307263583
0.0189406369
-0.0020760903
0.2144821137
0.0256777834
0.0423471890
0.0356582329
0.0232132152
0.0221954901
0.0340089612
-0.0341177285
-0.0067927153
0.1168742701
-0.0246238858
0.0066306801
-0.0002709552
-0.1323046237
0.0081335688
-0.0120676300
-0.0949255675
-0.0488977917
-0.0055654836
0.0959608629
-0.0442276038
-0.0832353085
0.0381562226
-0.0149628157
0.0278265625
0.7542400360
-0.0452671759
0.0394748785
-0.0267303661
0.1049178243
0.0987354442
-0.0138289183
-0.0007405027
-0.0243049953
0.1613955796
0.0330414511
-0.0238651428
-0.2843804955
0.0131710693
0.0219933353
-0.0175967086
-0.0088176383
-0.0049933549
-0.0499355271
-0.1518907845
0.0220969524
0.0132462811
0.0588672422
0.2653516531
-0.0335402824
-0.0416273400
0.0757777542
0.0081333434
0.0475242101
-0.0451324172
-0.0162370298
0.0483121127
-0.0206948426
0.0323890671
-0.0236301180
-0.0207640324
0.0312392395
0.0189579930
-0.0023242207
0.2190440744
0.0261312872
0.0432391316
0.0355813541
0.0226110797
0.0216921195
0.0339693613
-0.0339989066
-0.0064071049
0.1185937822
-0.0250571612
0.0069582728
-0.0008012572
-0.1336022466
0.0075568822
-0.0115059493
-0.0979772955
-0.0509440228
-0.0048962422
0.0973447785
-0.0441068895
-0.0840639770
0.0389683694
-0.0159136839
0.0276566744
0.7583187222
-0.0456592031
0.0388024859
-0.0265540835
0.1048648730
0.0999316499
-0.0128449677
-0.0000660740
-0.0248171818
0.1635026932
0.0336036980
-0.0246777236
-0.2847450376
0.0142632378
0.0224704500
-0.0177232027
-0.0090856515
-0.0051696799
-0.0495948754
-0.1546859890
0.0217958745
0.0135007910
0.0595930032
0.2660681903
-0.0335129723
-0.0426016934
0.0762461945
0.0078278482
0.0472223647
-0.0474363007
-0.0163557194
0.0006489158
-0.0268994719
0.0136460010
-0.0281923153
-0.0149369715
0.0010124269
0.0041008960
0.0057259016
-0.0007851732
0.0197195671
0.0037156839
0.0251948461
0.0183228105
0.0389945991
0.0234402530
-0.0147960763
-0.0200384669
0.0472553782
0.0012471592
0.0043079727
0.0037824209
-0.0811651349
0.0087286718
-0.0186933354
0.0367046073
-0.0031546189
-0.0125700319
0.0517917871
-0.0365998112
-0.0570464246
0.0160964765
-0.0018979090
0.0141024860
0.4467383623
-0.0233357809
-0.0129956380
-0.0176809616
0.0733649209
0.0407632217
-0.0613325275
-0.0082215425
-0.0115784919
-0.0230974089
0.0091124577
-0.0017019969
-0.2169898897
0.0079126181
0.0022915446
-0.0076540653
0.0034042613
-0.0073447987
-0.0320246629
-0.0348482989
0.0166038014
-0.0018966228
0.0208831169
0.1524856389
-0.0373446830
0.0051837899
0.0430007316
0.0232964884
0.0150829926
-0.0362809412
-0.0085276179
0.0004541435
-0.0211124439
0.0147289028
-0.0267215762
-0.0163841359
-0.0148042245
0.0308570787
-0.0035423194
0.0656942204
0.0135710901
0.0017204776
0.0175809599
0.0200825930
0.0340185501
-0.0205189809
-0.0089531159
-0.0095829321
0.0323437750
-0.0014895792
0.0093342103
0.0107326051
-0.0395577624
0.0166556835
-0.0105282422
0.0612200983
0.0113318684
0.0045426297
0.0356190912
-0.0234617498
-0.0294837784
0.0154053280
-0.0082132239
0.0069229766
-0.0579075664
-0.0206691101
0.0483514816
-0.0048871669
0.0638973489
0.0384525731
-0.0062001268
-0.0047408747
-0.0104630822
-0.1009715497
0.0073529975
0.0165822264
-0.1827356517
-0.0082114628
0.0035394984
-0.0189342462
-0.0003806838
-0.0100857308
-0.0370487124
0.0237434804
0.0157961827
-0.0014863341
0.0300409626
0.0627830774
-0.0179999843
-0.0100915805
0.0329551883
0.0173577648
0.0248187110
0.0121265715
-0.0053179227
0.0033048333
-0.0203243978
0.0197997354
-0.0285044760
-0.0233259667
-0.0039094421
0.0193213914
0.0051290644
0.0726950839
0.0181062538
0.0116505912
0.0223064236
0.0177285299
0.0456092134
0.0058630379
-0.0230272748
-0.0174603667
0.0555407330
-0.0012412607
0.0051104957
0.0078896536
-0.0750660002
0.0198781788
-0.0156067004
0.0529621989
0.0120148649
-0.0102998381
0.0531384833
-0.0379216373
-0.0536865257
0.0217220038
-0.0015662535
0.0137148267
0.3946366310
-0.0148857180
0.0455672368
-0.0150068756
0.0866045654
0.0506622531
-0.0178674962
-0.0150976535
-0.0159277786
-0.0693106502
0.0130279446
0.0080290530
-0.2357851565
-0.0131827360
0.0105762081
-0.0125798108
-0.0031945030
-0.0046393503
-0.0415229350
-0.0246037617
0.0158327315
-0.0041827699
0.0473402962
0.1321409792
-0.0327236131
-0.0114330361
0.0445940532
0.0142038641
0.0303312596
-0.0019772844
-0.0085293874
0.0453064814
-0.0197842941
0.0314792916
-0.0233905017
-0.0205826033
0.0290083904
0.0174655057
0.0006337673
0.1992907673
0.0234882794
0.0400562473
0.0329192132
0.0237186328
0.0246870220
0.0341071934
-0.0355225354
-0.0081791664
0.1139611900
-0.0246840250
0.0042914869
-0.0001308557
-0.1297751963
0.0094504952
-0.0142985554
-0.0867187232
-0.0413221382
-0.0048919991
0.0911591798
-0.0439950004
-0.0818640888
0.0371919759
-0.0131199304
0.0288067758
0.7430770993
-0.0418639779
0.0351183750
-0.0258241519
0.1066640913
0.0945241824
-0.0215007868
-0.0033715654
-0.0234619118
0.1619148552
0.0309714600
-0.0219221376
-0.2766666710
0.0085148774
0.0219148509
-0.0181963220
-0.0084589301
-0.0034720425
-0.0500106625
-0.1465400904
0.0209908672
0.0138454158
0.0577534139
0.2589803338
-0.0369962230
-0.0388582088
0.0729392767
0.0081438264
0.0481665730
-0.0433535464
-0.0160342455
0.0458656475
-0.0199588910
0.0321337841
-0.0235629175
-0.0212359037
0.0299763158
0.0168313570
-0.0001376717
0.2072807252
0.0247953683
0.0406916402
0.0334970355
0.0229410250
0.0243464671
0.0345434435
-0.0351155251
-0.0076113022
0.1151083037
-0.0245990511
0.0056719738
-0.0003864229
-0.1303850859
0.0086646574
-0.0136726908
-0.0843711644
-0.0435072742
-0.0056063668
0.0919100642
-0.0436507799
-0.0820795447
0.0376198776
-0.0141745908
0.0283269603
0.7405036688
-0.0424887203
0.0357304253
-0.0254994053
0.1061600596
0.0954903364
-0.0186069049
-0.0026670783
-0.0240828469
0.1583632529
0.0307585523
-0.0221582651
-0.2765514851
0.0104899695
0.0213012863
-0.0178293418
-0.0084153144
-0.0035202298
-0.0502279028
-0.1475302726
0.0213336870
0.0130398627
0.0595166758
0.2553307414
-0.0357443616
-0.0398841389
0.0741024315
0.0075875828
0.0473823436
-0.0443606526
-0.0170028973
0.0458849631
-0.0205373447
0.0318675451
-0.0229197647
-0.0199275576
0.0301742665
0.0168288890
0.0000577719
0.2020840198
0.0245281681
0.0405689999
0.0340723172
0.0243354049
0.0230225436
0.0344166830
-0.0344147608
-0.0075826151
0.1152525991
-0.0249840356
0.0050719096
-0.0009337054
-0.1313325465
0.0087341405
-0.0130846435
-0.0935987979
-0.0463636890
-0.0045688637
0.0934877768
-0.0445671976
-0.0834416747
0.0369173624
-0.0142390030
0.0284105632
0.7539775372
-0.0440205634
0.0332314558
-0.0256667174
0.1055814028
0.0959193632
-0.0207499787
-0.0021959075
-0.0238701999
0.1662838608
0.0321819447
-0.0240046494
-0.2794267535
0.0113964407
0.0219657589
-0.0182073880
-0.0088464944
-0.0047361082
-0.0496197529
-0.1509165615
0.0205449164
0.0138277691
0.0553582087
0.2659765482
-0.0367171615
-0.0391797386
0.0734198391
0.0092024961
0.0468665026
-0.0485429689
-0.0157072693
0.0462612584
-0.0203226525
0.0324659012
-0.0231910050
-0.0209963974
0.0301762260
0.0170780476
-0.0000175284
0.2050895691
0.0246153101
0.0404093005
0.0338645875
0.0237128343
0.0236990880
0.0353482440
-0.0350911692
-0.0077071455
0.1147829518
-0.0249598995
0.0053726016
-0.0004734418
-0.1307416111
0.0085196635
-0.0134813413
-0.0865397379
-0.0446482897
-0.0056463825
0.0925728604
-0.0435564220
-0.0823100880
0.0370529108
-0.0141379246
0.0284014158
0.7441921830
-0.0433785096
0.0339051895
-0.0255902875
0.1058803052
0.0959832147
-0.0206632707
-0.0026243164
-0.0238168947
0.1622554511
0.0310733411
-0.0228745546
-0.2768434882
0.0104991458
0.0214872025
-0.0180569068
-0.0085071679
-0.0036367064
-0.0503746979
-0.1476109177
0.0216813963
0.0135799916
0.0582232662
0.2588195503
-0.0360795110
-0.0393467322
0.0742790401
0.0081827296
0.0477485470
-0.0451702401
-0.0164663065
0.0436974131
-0.0196663644
0.0322873443
-0.0234080013
-0.0218965039
0.0289831031
0.0168645568
0.0010139511
0.2007165998
0.0243826490
0.0392900147
0.0326161310
0.0233334769
0.0257506296
0.0346389860
-0.0359032527
-0.0082394751
0.1127607152
-0.0239372868
0.0047912840
-0.0002068047
-0.1281411648
0.0095843812
-0.0146060400
-0.0768497661
-0.0394907296
-0.0057628849
0.0896382332
-0.0431612320
-0.0802379102
0.0370128825
-0.0135421073
0.0279442742
0.7291160226
-0.0407756269
0.0355794169
-0.0256761722
0.1059623063
0.0934609920
-0.0220482554
-0.0038739149
-0.0238555111
0.1536509097
0.0295820590
-0.0204142649
-0.2731514573
0.0079924585
0.0210290924
-0.0175432116
-0.0082473503
-0.0027076534
-0.0504070781
-0.1426463425
0.0216072258
0.0130955968
0.0596915483
0.2504415810
-0.0359603204
-0.0381938145
0.0734499991
0.0081130182
0.0476914048
-0.0434466414
-0.0171703789
0.0472413078
-0.0210862383
0.0314210877
-0.0229150504
-0.0192064308
0.0314348638
0.0173613671
-0.0008281055
0.2065626681
0.0253582243
0.0407646596
0.0351162553
0.0244693458
0.0209647492
0.0339095667
-0.0339081697
-0.0074396669
0.1162192225
-0.0251438487
0.0049967049
-0.0019083618
-0.1329067647
0.0081269611
-0.0116888769
-0.1018560901
-0.0501079410
-0.0054068794
0.0961417630
-0.0448562242
-0.0842826739
0.0368974693
-0.0150738312
0.0287458561
0.7643502355
-0.0459430330
0.0331966095
-0.0263347495
0.1053343862
0.0985596105
-0.0198740661
-0.0002013268
-0.0242584832
0.1707173437
0.0343437009
-0.0250769947
-0.2825376391
0.0134933032
0.0226658061
-0.0181940347
-0.0088375006
-0.0050675031
-0.0488822199
-0.1555742919
0.0203595199
0.0138775855
0.0544475131
0.2735451162
-0.0358597971
-0.0405048020
0.0745281950
0.0096152565
0.0466591120
-0.0506718978
-0.0153562315
0.0487352982
-0.0226492174
0.0312952995
-0.0231701620
-0.0181500167
0.0330224186
0.0178190246
-0.0026717528
0.2106487304
0.0267898515
0.0414213911
0.0377806202
0.0252598599
0.0173068158
0.0325983800
-0.0315693431
-0.0060356213
0.1183501557
-0.0251637660
0.0065967552
-0.0027899714
-0.1355358362
0.0076887300
-0.0098528611
-0.1160986051
-0.0577103645
-0.0055446043
0.1007542089
-0.0466436297
-0.0867896304
0.0361101888
-0.0158127118
0.0293327197
0.7869622111
-0.0499899052
0.0328626372
-0.0266456567
0.1042916849
0.1019940153
-0.0165574364
0.0029075418
-0.0248262994
0.1791000217
0.0380884968
-0.0271899123
-0.2913612127
0.0190045275
0.0232308172
-0.0182170626
-0.0095179742
-0.0076965885
-0.0472615808
-0.1648178250
0.0189599376
0.0132788774
0.0505967960
0.2905359864
-0.0348726399
-0.0417225175
0.0759711564
0.0110420696
0.0445688777
-0.0565127917
-0.0145031046
0.0482505038
-0.0219042338
0.0311434474
-0.0229736418
-0.0181942731
0.0318995118
0.0172721632
-0.0015464153
0.2053800672
0.0253435299
0.0410214029
0.0362167582
0.0253206864
0.0195168629
0.0334265530
-0.0327858664
-0.0069202371
0.1171169207
-0.0255136583
0.0056105852
-0.0020885353
-0.1342470497
0.0078862980
-0.0111498181
-0.1100056395
-0.0533612408
-0.0051187510
0.0979207605
-0.0461060852
-0.0860255659
0.0363966748
-0.0147019420
0.0294381045
0.7778276205
-0.0478650890
0.0326126702
-0.0262028016
0.1051858813
0.0994531512
-0.0183273554
0.0005508601
-0.0239300914
0.1765114069
0.0359447487
-0.0265562907
-0.2872382104
0.0157114808
0.0227853321
-0.0183838531
-0.0092100874
-0.0065396563
-0.0482945889
-0.1595780551
0.0194640961
0.0139069231
0.0513788573
0.2836496532
-0.0363653302
-0.0405717902
0.0744313374
0.0102292523
0.0458803140
-0.0528048128
-0.0144332657
0.0494611822
-0.0217029806
0.0323376246
-0.0232914202
-0.0193915404
0.0323185436
0.0181053169
-0.0022331586
0.2166291922
0.0260716043
0.0427169614
0.0365071334
0.0237671901
0.0196128655
0.0343665406
-0.0328164957
-0.0061874082
0.1191817746
-0.0259796660
0.0072331615
-0.0016264288
-0.1353162974
0.0070870128
-0.0108319456
-0.1065983549
-0.0554639772
-0.0049249758
0.0992192924
-0.0452297293
-0.0861008838
0.0380483270
-0.0157694165
0.0288004428
0.7745765448
-0.0482043624
0.0344770364
-0.0261645801
0.1049371064
0.1011439934
-0.0143545689
0.0008852698
-0.0246659014
0.1742635965
0.0355005637
-0.0267403852
-0.2873562872
0.0169145949
0.0227483623
-0.0181634407
-0.0098274918
-0.0062360507
-0.0487090722
-0.1598044336
0.0207223017
0.0138304718
0.0553673096
0.2771601975
-0.0347935930
-0.0422043614
0.0760559738
0.0089322627
0.0460891686
-0.0511587635
-0.0154453395
0.0502363071
-0.0235056467
0.0314784423
-0.0236752238
-0.0176068041
0.0334098153
0.0187527779
-0.0036377888
0.2138920128
0.0272444710
0.0415477455
0.0386874415
0.0261624735
0.0157565363
0.0328497849
-0.0309071466
-0.0055565983
0.1188971028
-0.0256053228
0.0075071659
-0.0030551644
-0.1366744339
0.0069079231
-0.0086996676
-0.1236871481
-0.0620963350
-0.0056649013
0.1036810428
-0.0468751639
-0.0877862796
0.0362571180
-0.0158685986
0.0294054039
0.7972933054
-0.0523186438
0.0330858193
-0.0272929315
0.1035489589
0.1039977521
-0.0144304633
0.0040600444
-0.0244455524
0.1823411733
0.0399175100
-0.0290715881
-0.2956568301
0.0216381624
0.0234744884
-0.0177251864
-0.0101550166
-0.0080853505
-0.0461639538
-0.1681405753
0.0191169977
0.0134226149
0.0487071723
0.2979127169
-0.0339591205
-0.0421147607
0.0767650306
0.0115590468
0.0441700071
-0.0580717251
-0.0137746837
0.0494817868
-0.0233606864
0.0315181911
-0.0236432645
-0.0175159220
0.0328469276
0.0190591812
-0.0034352725
0.2125485241
0.0269637220
0.0415821560
0.0385555848
0.0264338814
0.0164486188
0.0326436013
-0.0312038381
-0.0056900913
0.1186658069
-0.0254946295
0.0070895539
-0.0030654951
-0.1360190213
0.0071047610
-0.0086008450
-0.1235925779
-0.0611046925
-0.0048662466
0.1032462195
-0.0467473716
-0.0873955786
0.0367390513
-0.0157302413
0.0287160017
0.7952497602
-0.0515570417
0.0344213508
-0.0274113324
0.1031330824
0.1032244042
-0.0144740585
0.0033846968
-0.0242013242
0.1806868315
0.0397579633
-0.0292469654
-0.2957032323
0.0207240302
0.0236623567
-0.0175736528
-0.0101736961
-0.0078922948
-0.0459538996
-0.1659186631
0.0192014799
0.0140093938
0.0486178994
0.2971906364
-0.0337376297
-0.0416070111
0.0762951002
0.0119924964
0.0444097370
-0.0578933544
-0.0134655610
0.0478420854
-0.0232018717
0.0314540640
-0.0231808294
-0.0175845418
0.0325342417
0.0178562701
-0.0018151675
0.2045217454
0.0264156200
0.0400756337
0.0378375463
0.0270152818
0.0170970410
0.0328813791
-0.0314665549
-0.0065096272
0.1172393039
-0.0253495388
0.0062880311
-0.0034048241
-0.1350236982
0.0080982549
-0.0098829875
-0.1185972616
-0.0583857894
-0.0050678318
0.1008202955
-0.0469070114
-0.0865915269
0.0358052552
-0.0151293539
0.0294344034
0.7916756272
-0.0507573262
0.0317241661
-0.0271103680
0.1036788374
0.1014202014
-0.0192673560
0.0024508319
-0.0242806543
0.1829675436
0.0388455093
-0.0281488094
-0.2927003801
0.0191104617
0.0233165342
-0.0178440083
-0.0101158861
-0.0077191791
-0.0461962633
-0.1643666178
0.0185358040
0.0140114343
0.0474915840
0.2969769835
-0.0351698846
-0.0401054770
0.0754203647
0.0127333291
0.0440647230
-0.0584671013
-0.0137953088
0.0335473418
-0.0203432925
0.0287778415
-0.0248751417
-0.0201469287
0.0228901897
0.0168391503
0.0056414357
0.1477749497
0.0197650660
0.0328658819
0.0313473307
0.0279726610
0.0284976996
0.0309631024
-0.0350466967
-0.0105896406
0.1028383449
-0.0208733324
0.0012739698
0.0011472222
-0.1199043393
0.0150469840
-0.0186485462
-0.0694184303
-0.0276571028
-0.0031527588
0.0818092227
-0.0455339998
-0.0757611692
0.0333288573
-0.0076045664
0.0282073151
0.7224118710
-0.0376843736
0.0342550948
-0.0277139135
0.1041908190
0.0828436539
-0.0361660533
-0.0080509279
-0.0210697744
0.1544047743
0.0290028341
-0.0172910485
-0.2772661150
0.0015477934
0.0206274353
-0.0167104360
-0.0088395979
-0.0042559463
-0.0478170253
-0.1307672560
0.0189946052
0.0135600958
0.0475561023
0.2693164647
-0.0392460451
-0.0293705929
0.0665504262
0.0149774002
0.0458873324
-0.0428626612
-0.0133391265
0.0329210721
-0.0201704614
0.0282729901
-0.0251496602
-0.0202734247
0.0224411823
0.0158090219
0.0054708244
0.1472781301
0.0195006523
0.0324996524
0.0308526568
0.0275570527
0.0296678711
0.0303193238
-0.0350497365
-0.0107073756
0.1018812880
-0.0203488208
0.0016550417
0.0015636907
-0.1186398193
0.0148643339
-0.0187852345
-0.0645589232
-0.0258698445
-0.0037676133
0.0803719833
-0.0454704799
-0.0754720867
0.0332474187
-0.0071382616
0.0279997401
0.7132779956
-0.0365929343
0.0355092622
-0.0270700585
0.1043225378
0.0811422467
-0.0339131132
-0.0091284057
-0.0205714777
0.1459935158
0.0278594531
-0.0167977158
-0.2759155035
0.0008088320
0.0199059360
-0.0166081581
-0.0084378375
-0.0040512262
-0.0484051704
-0.1275231391
0.0189542659
0.0127698928
0.0480048433
0.2638163567
-0.0394164883
-0.0290495176
0.0655047446
0.0142768444
0.0458047353
-0.0402688757
-0.0132016093
0.0430816598
-0.0222402569
0.0304903332
-0.0240412038
-0.0184924770
0.0300805233
0.0180031545
-0.0000216326
0.1902953833
0.0245374702
0.0386997759
0.0362583883
0.0273260809
0.0207726732
0.0317608677
-0.0328604579
-0.0076237288
0.1136523336
-0.0236747880
0.0046355263
-0.0020895642
-0.1304555237
0.0102351354
-0.0123159252
-0.1057252586
-0.0493758395
-0.0042595789
0.0955541730
-0.0467525311
-0.0831043273
0.0361426249
-0.0128329145
0.0285574179
0.7733505368
-0.0467804782
0.0364682525
-0.0281227231
0.1034826711
0.0960539952
-0.0217333641
-0.0009516994
-0.0234072506
0.1737083942
0.0363613106
-0.0250978004
-0.2910761237
0.0134863406
0.0226444732
-0.0172643196
-0.0096990848
-0.0068189646
-0.0467405580
-0.1545618027
0.0189845599
0.0142146023
0.0479097664
0.2912390530
-0.0351869501
-0.0375404060
0.0732085928
0.0138343368
0.0450350456
-0.0532215945
-0.0137027511
0.0469424836
-0.0226506162
0.0300486069
-0.0243782196
-0.0181964226
0.0321184210
0.0181770083
-0.0030672681
0.2038023174
0.0263242945
0.0410333090
0.0380320214
0.0259164479
0.0180672836
0.0313128754
-0.0314187147
-0.0060351337
0.1166497171
-0.0238626786
0.0065146503
-0.0016989954
-0.1336382478
0.0085123740
-0.0107632326
-0.1156944185
-0.0551929995
-0.0055753975
0.0995895416
-0.0474400446
-0.0858537853
0.0356953405
-0.0142707005
0.0291919056
0.7860206366
-0.0495837331
0.0367306769
-0.0278368685
0.1037918106
0.0999455005
-0.0148468819
0.0020955107
-0.0239063352
0.1747186929
0.0380357057
-0.0263086502
-0.2950869799
0.0180884823
0.0225777086
-0.0176466610
-0.0091096256
-0.0083277142
-0.0471861996
-0.1630621105
0.0190009959
0.0125398720
0.0486960970
0.2941460311
-0.0341434143
-0.0410319306
0.0749578178
0.0118572041
0.0446044989
-0.0542630330
-0.0137347868
0.0500084944
-0.0238430742
0.0316730924
-0.0242633820
-0.0178847555
0.0335804895
0.0168312602
-0.0030967894
0.2102208585
0.0274423398
0.0407771096
0.0392271131
0.0263749901
0.0155670801
0.0328202546
-0.0299738273
-0.0051316749
0.1192348525
-0.0253901519
0.0090980809
-0.0028216958
-0.1365134716
0.0073566949
-0.0098546697
-0.1191824377
-0.0619522184
-0.0057918523
0.1022519022
-0.0474232361
-0.0878757387
0.0354725011
-0.0153641561
0.0303124208
0.7989397049
-0.0531254858
0.0311515518
-0.0265743490
0.1036630422
0.1028568000
-0.0153930634
0.0037146399
-0.0246263333
0.1853245795
0.0397801027
-0.0286626592
-0.2966724336
0.0232938547
0.0224063098
-0.0179088060
-0.0102135967
-0.0091352314
-0.0459215119
-0.1687100679
0.0180080254
0.0122993644
0.0476172231
0.3012157381
-0.0346166007
-0.0412710123
0.0768196061
0.0119829057
0.0425099730
-0.0594279245
-0.0143849105
0.0509291589
-0.0240764953
0.0316659287
-0.0237694662
-0.0167656615
0.0333313830
0.0168928932
-0.0022185370
0.2068455368
0.0260737631
0.0408691019
0.0384684019
0.0266612172
0.0151857873
0.0333881751
-0.0302594043
-0.0050736717
0.1196520105
-0.0265120137
0.0082512200
-0.0031665198
-0.1373937726
0.0069623408
-0.0097230542
-0.1239472702
-0.0628421530
-0.0043483633
0.1031841934
-0.0475954562
-0.0889746696
0.0359024256
-0.0149176419
0.0306942351
0.8065655828
-0.0529780611
0.0279314388
-0.0259466395
0.1041640341
0.1029808223
-0.0176009964
0.0031494386
-0.0242037158
0.1929558665
0.0405444913
-0.0302192681
-0.2965006530
0.0229935553
0.0233169291
-0.0184900649
-0.0112024173
-0.0087324884
-0.0451041125
-0.1704485863
0.0172792692
0.0137709873
0.0456849709
0.3057516217
-0.0365049951
-0.0407543518
0.0757648572
0.0121288588
0.0426983200
-0.0610217489
-0.0132598756
0.0477487631
-0.0231669471
0.0313352458
-0.0238659140
-0.0175976921
0.0326452404
0.0166796837
-0.0011015346
0.2016849369
0.0257807840
0.0404079892
0.0371966511
0.0259482749
0.0172637254
0.0327983871
-0.0311795548
-0.0057500997
0.1186171621
-0.0255338680
0.0070507196
-0.0034231755
-0.1353547275
0.0081235971
-0.0111010317
-0.1149330810
-0.0576658659
-0.0039109313
0.1001296788
-0.0470768511
-0.0866821408
0.0366178676
-0.0146594914
0.0300197676
0.7935242057
-0.0502697639
0.0299572758
-0.0266259275
0.1041750535
0.1004190370
-0.0197304823
0.0016392497
-0.0246658064
0.1874312609
0.0388266034
-0.0279920697
-0.2937498391
0.0198185947
0.0229840148
-0.0180512965
-0.0108533176
-0.0079905018
-0.0455984771
-0.1660776734
0.0175386053
0.0139224306
0.0475187562
0.2994736731
-0.0361670963
-0.0400704145
0.0749122202
0.0127543062
0.0430310853
-0.0602324605
-0.0138918348
0.0452490635
-0.0216577835
0.0307976454
-0.0233760662
-0.0187758636
0.0314484276
0.0177976433
-0.0013845549
0.2027823627
0.0257558376
0.0405963250
0.0362683050
0.0251216069
0.0205142200
0.0321629457
-0.0330265313
-0.0071120127
0.1162485108
-0.0241859406
0.0049715885
-0.0025596612
-0.1324820668
0.0087857330
-0.0114464341
-0.1061048508
-0.0507122017
-0.0048393006
0.0968162045
-0.0460234620
-0.0842015967
0.0369763039
-0.0146913193
0.0284260828
0.7698305249
-0.0465084687
0.0364488885
-0.0272514336
0.1042224467
0.0980107933
-0.0182621349
0.0000269227
-0.0241935533
0.1698609143
0.0357021466
-0.0251190625
-0.2881471813
0.0143111758
0.0227262080
-0.0176177155
-0.0090281414
-0.0064589749
-0.0480511412
-0.1564144343
0.0195143949
0.0139761698
0.0519211143
0.2823637128
-0.0348023064
-0.0401311293
0.0742086023
0.0115089891
0.0457726978
-0.0533259772
-0.0143638486
0.0476153716
-0.0223472249
0.0319680199
-0.0238490850
-0.0189529080
0.0326346830
0.0174465403
-0.0015658358
0.2095768601
0.0262121521
0.0411743782
0.0368614160
0.0248102322
0.0186331999
0.0334535129
-0.0321158506
-0.0061209267
0.1182684600
-0.0253792815
0.0071003106
-0.0025859647
-0.1344477981
0.0077813510
-0.0108324317
-0.1077123731
-0.0562476106
-0.0051017352
0.0993255600
-0.0458720736
-0.0852471963
0.0375427008
-0.0154520823
0.0289956816
0.7799334526
-0.0489830114
0.0334426500
-0.0269646961
0.1040462777
0.1007188782
-0.0172232576
0.0013864459
-0.0248930845
0.1781343669
0.0371293202
-0.0267824605
-0.2905617356
0.0182236321
0.0227634124
-0.0177160017
-0.0102500673
-0.0066985372
-0.0469188392
-0.1614556462
0.0195080824
0.0137154600
0.0520920753
0.2873114944
-0.0345431790
-0.0411371738
0.0760347843
0.0113057643
0.0444240905
-0.0557282045
-0.0153285116
0.0483124852
-0.0217652321
0.0318861417
-0.0229875930
-0.0188380592
0.0321454480
0.0177770667
-0.0015022610
0.2108765393
0.0255209617
0.0424034148
0.0363179706
0.0242324881
0.0194059107
0.0330549441
-0.0325427726
-0.0060577169
0.1189903170
-0.0256776698
0.0067020352
-0.0017982385
-0.1350609511
0.0079290215
-0.0111655826
-0.1094349697
-0.0551890396
-0.0038948772
0.0992253721
-0.0463524498
-0.0866068602
0.0377165936
-0.0153452549
0.0290299710
0.7808107138
-0.0481260046
0.0337426849
-0.0261493847
0.1049567759
0.1004532948
-0.0158792324
0.0008034027
-0.0248173233
0.1782010198
0.0365262590
-0.0266060885
-0.2892691493
0.0165704377
0.0233432502
-0.0186132900
-0.0102770729
-0.0071812505
-0.0480047166
-0.1620896012
0.0193279535
0.0140020465
0.0528347678
0.2839319706
-0.0358254686
-0.0414317735
0.0752408952
0.0100504234
0.0452882834
-0.0537640899
-0.0148264877
0.0471842811
-0.0216474887
0.0322174579
-0.0239739250
-0.0196264908
0.0320068076
0.0184916221
-0.0015771141
0.2131104916
0.0259498730
0.0425446071
0.0360250585
0.0237094238
0.0200053882
0.0331128351
-0.0328064896
-0.0058908090
0.1193986759
-0.0253774133
0.0072590117
-0.0022658841
-0.1344636828
0.0078941323
-0.0114198104
-0.1052074656
-0.0549330898
-0.0036335019
0.0993574783
-0.0455594696
-0.0850542039
0.0393429883
-0.0155027835
0.0282944497
0.7752365470
-0.0477211587
0.0366079919
-0.0272943191
0.1041980460
0.1003374681
-0.0143587422
0.0004106772
-0.0251067765
0.1742593795
0.0363576785
-0.0263667330
-0.2908543646
0.0167624075
0.0230962411
-0.0174956881
-0.0107841864
-0.0065224902
-0.0473560020
-0.1605243087
0.0199777763
0.0141700739
0.0545108728
0.2823359072
-0.0339763463
-0.0418065377
0.0758357272
0.0106529081
0.0451135524
-0.0542434342
-0.0152259804
0.0486622453
-0.0224455167
0.0323547162
-0.0240272153
-0.0187427681
0.0330432281
0.0179366693
-0.0019889132
0.2147184312
0.0265905894
0.0424204245
0.0366627052
0.0243078470
0.0181996282
0.0334499441
-0.0317970552
-0.0053127264
0.1204683408
-0.0258967355
0.0081285462
-0.0030848423
-0.1360222697
0.0070243622
-0.0105066216
-0.1121759266
-0.0594585128
-0.0037212993
0.1017091498
-0.0459532775
-0.0864759162
0.0390243903
-0.0160179175
0.0288292971
0.7872796059
-0.0499371737
0.0335795805
-0.0272164736
0.1037166044
0.1019382775
-0.0142660215
0.0017090840
-0.0252335370
0.1806066483
0.0380538777
-0.0281519778
-0.2932748199
0.0200009067
0.0231517367
-0.0174232349
-0.0112543125
-0.0072460296
-0.0462288670
-0.1656358540
0.0192298796
0.0140620386
0.0520381257
0.2901414931
-0.0341924988
-0.0420672186
0.0763986856
0.0112485560
0.0438950956
-0.0585309528
-0.0149574531
0.0489927232
-0.0228095893
0.0317769274
-0.0238661319
-0.0178522281
0.0329584181
0.0178076196
-0.0016828313
0.2092125416
0.0262071528
0.0413170196
0.0368943922
0.0252730548
0.0172815882
0.0330586173
-0.0315070599
-0.0055956603
0.1197024062
-0.0259790942
0.0073859259
-0.0035156705
-0.1362401545
0.0073853284
-0.0105544627
-0.1165114492
-0.0592624545
-0.0038729825
0.1017800942
-0.0465028733
-0.0869515240
0.0377695486
-0.0154150976
0.0297712889
0.7933428884
-0.0505552441
0.0313227102
-0.0270350967
0.1041615456
0.1019727290
-0.0170278475
0.0021844159
-0.0249075312
0.1855731457
0.0389981531
-0.0283183306
-0.2935935557
0.0201868787
0.0235200003
-0.0177490301
-0.0110743828
-0.0075557246
-0.0456321985
-0.1670557708
0.0182386115
0.0141541529
0.0495320559
0.2958399951
-0.0353428870
-0.0412898213
0.0758738071
0.0118505973
0.0437080376
-0.0596077628
-0.0141667519
0.0504955016
-0.0231769904
0.0323604979
-0.0233584046
-0.0178086609
0.0337037817
0.0174035486
-0.0027273572
0.2160530090
0.0272326134
0.0423125960
0.0377013385
0.0253001098
0.0164931230
0.0339117832
-0.0309614968
-0.0050880183
0.1205029562
-0.0263777915
0.0084092198
-0.0032763856
-0.1373135298
0.0062374002
-0.0092911925
-0.1197897047
-0.0629907995
-0.0043881251
0.1034301296
-0.0465168357
-0.0883136019
0.0374519341
-0.0165524259
0.0291870777
0.7964486480
-0.0517804846
0.0304450747
-0.0264006760
0.1035111621
0.1033650935
-0.0145689147
0.0031816023
-0.0249582138
0.1842183173
0.0390341431
-0.0296972655
-0.2936437130
0.0222203992
0.0231513884
-0.0178144407
-0.0109311603
-0.0079383757
-0.0461379290
-0.1690530181
0.0187384617
0.0136576630
0.0495728403
0.2946510613
-0.0348806567
-0.0421848223
0.0765724331
0.0110919299
0.0433389731
-0.0610117503
-0.0144721931
0.0468501449
-0.0216758512
0.0320157409
-0.0230458379
-0.0181666054
0.0307502300
0.0174256768
0.0010297085
0.1976715028
0.0238163751
0.0402528197
0.0344464444
0.0257131122
0.0206547547
0.0337887816
-0.0333565809
-0.0070668352
0.1172564104
-0.0263513532
0.0053150048
-0.0025282013
-0.1335638762
0.0088028219
-0.0126306852
-0.1062046811
-0.0519420616
-0.0024949173
0.0970231965
-0.0459683761
-0.0852101743
0.0378757939
-0.0138524845
0.0296447314
0.7798920274
-0.0467830002
0.0302378610
-0.0263469648
0.1051711813
0.0980067700
-0.0227758083
-0.0011090020
-0.0241599753
0.1846154928
0.0362389311
-0.0265027322
-0.2869128287
0.0144090494
0.0235213414
-0.0183012895
-0.0110724661
-0.0059963232
-0.0465865396
-0.1588589251
0.0185397416
0.0154912760
0.0504060127
0.2872532606
-0.0378254130
-0.0386908315
0.0737497211
0.0116423219
0.0452370271
-0.0555990227
-0.0145191904
0.0483407415
-0.0215277839
0.0319836028
-0.0235346388
-0.0189391114
0.0316968486
0.0179178230
-0.0012093440
0.2108030766
0.0251895878
0.0424756259
0.0356268883
0.0240444597
0.0200673565
0.0333628356
-0.0329131670
-0.0060443231
0.1191628799
-0.0258744676
0.0068654888
-0.0017027772
-0.1347501874
0.0077873953
-0.0115201399
-0.1072617844
-0.0545740090
-0.0033121516
0.0989491567
-0.0458533652
-0.0860720202
0.0386036634
-0.0151000647
0.0288340934
0.7782618403
-0.0476314388
0.0342747606
-0.0264056269
0.1049479097
0.0999721661
-0.0155700697
0.0000901275
-0.0246460177
0.1774111241
0.0361922905
-0.0268153660
-0.2892283499
0.0162437186
0.0232910849
-0.0182527546
-0.0106367311
-0.0065961457
-0.0476841778
-0.1608691216
0.0195698421
0.0142517220
0.0535325073
0.2824525237
-0.0356734730
-0.0413507745
0.0750560239
0.0100122988
0.0454573743
-0.0533616804
-0.0149104577
0.0467777885
-0.0217073187
0.0317407362
-0.0229682140
-0.0175585859
0.0306060147
0.0165499914
0.0017525700
0.1924968958
0.0229990352
0.0392275043
0.0336338021
0.0263895839
0.0210994650
0.0349708907
-0.0339122303
-0.0077873399
0.1160729006
-0.0268125292
0.0043715304
-0.0028336807
-0.1330814064
0.0084182955
-0.0129372394
-0.1050797328
-0.0507431142
-0.0028227728
0.0958630964
-0.0454858728
-0.0848670229
0.0375693515
-0.0132212639
0.0299734324
0.7776618004
-0.0463732705
0.0276784096
-0.0262365881
0.1055569872
0.0967973992
-0.0258638542
-0.0022636657
-0.0233032722
0.1860316545
0.0354364179
-0.0272383038
-0.2842593789
0.0132711269
0.0231561437
-0.0182550438
-0.0109242648
-0.0049492875
-0.0467650779
-0.1566108912
0.0187902972
0.0161775835
0.0490702726
0.2866207957
-0.0389621146
-0.0376931913
0.0725946948
0.0118823797
0.0458189137
-0.0550607070
-0.0139652435
0.0503036454
-0.0232938118
0.0319056027
-0.0233084727
-0.0172063857
0.0335294902
0.0163148772
-0.0021917827
0.2106337696
0.0266816299
0.0411720388
0.0375460647
0.0260242876
0.0165871549
0.0342708230
-0.0309863221
-0.0056732544
0.1193210706
-0.0264536645
0.0076299296
-0.0034073670
-0.1367841512
0.0063680965
-0.0095676370
-0.1189921275
-0.0614969172
-0.0049299807
0.1019156948
-0.0466381647
-0.0882036239
0.0364818200
-0.0158928949
0.0297814589
0.7953186035
-0.0515095368
0.0286047738
-0.0257934500
0.1040291786
0.1021612510
-0.0173083097
0.0026105761
-0.0244105011
0.1855142415
0.0385152437
-0.0297998786
-0.2918459773
0.0216314178
0.0227615964
-0.0180446524
-0.0104245460
-0.0075611849
-0.0462378673
-0.1671680659
0.0183017496
0.0137094865
0.0481281690
0.2952061296
-0.0360703766
-0.0411950350
0.0756524801
0.0112667456
0.0433908664
-0.0606176108
-0.0142402546
0.0501789041
-0.0223268904
0.0320689604
-0.0237720814
-0.0184320733
0.0334316529
0.0170613732
-0.0025854209
0.2167362273
0.0268123541
0.0429891162
0.0368392356
0.0238716397
0.0178569667
0.0335541107
-0.0315166116
-0.0050104344
0.1209246069
-0.0260969028
0.0084364042
-0.0025107022
-0.1367095709
0.0064921989
-0.0103406264
-0.1131715998
-0.0599286184
-0.0041955477
0.1016467959
-0.0462333225
-0.0875785202
0.0382040553
-0.0163056646
0.0291876588
0.7884277105
-0.0500940643
0.0320016854
-0.0262525417
0.1042836457
0.1021897569
-0.0133315772
0.0022480078
-0.0251671001
0.1804986000
0.0377101637
-0.0282316729
-0.2920590937
0.0206760075
0.0228869393
-0.0179829150
-0.0106123863
-0.0076001626
-0.0469592214
-0.1670533419
0.0189831816
0.0132275606
0.0523106195
0.2883279920
-0.0350333713
-0.0427524224
0.0763137192
0.0100377630
0.0438413098
-0.0582962856
-0.0151864793
0.0474534556
-0.0224869382
0.0306632649
-0.0228777211
-0.0168715324
0.0315678157
0.0164498687
0.0001466843
0.1932967603
0.0239505302
0.0394660905
0.0355419219
0.0267233066
0.0188858081
0.0335497782
-0.0326607041
-0.0072265072
0.1160582528
-0.0259623472
0.0044569778
-0.0027909749
-0.1339500993
0.0083620520
-0.0117246676
-0.1135870293
-0.0532002226
-0.0040696720
0.0976274535
-0.0467968956
-0.0862210914
0.0357010663
-0.0135745574
0.0303326771
0.7874466777
-0.0481413193
0.0280008875
-0.0262237210
0.1052493379
0.0983113945
-0.0242596753
-0.0000446888
-0.0234020595
0.1871954501
0.0371834300
-0.0274622738
-0.2880987823
0.0154522397
0.0232141186
-0.0187017191
-0.0100729791
-0.0065326323
-0.0467786416
-0.1612739116
0.0180354230
0.0150117176
0.0467662551
0.2946399748
-0.0385313407
-0.0385868661
0.0730060115
0.0121320682
0.0451047421
-0.0565406419
-0.0132995592
0.0453319289
-0.0218794998
0.0308372434
-0.0236042943
-0.0184843484
0.0318512134
0.0162230041
-0.0004887835
0.1987496763
0.0254343916
0.0402308814
0.0356324911
0.0251109675
0.0200452395
0.0325082093
-0.0325131863
-0.0066321464
0.1166258976
-0.0246117767
0.0056585139
-0.0026850433
-0.1327585578
0.0087298201
-0.0122284647
-0.1046347693
-0.0517319962
-0.0045010331
0.0965248570
-0.0464943722
-0.0846184567
0.0367717147
-0.0144519974
0.0291788764
0.7751766443
-0.0468596853
0.0324416496
-0.0267647393
0.1044346541
0.0974952281
-0.0203108378
0.0000374623
-0.0245191958
0.1761782914
0.0360548757
-0.0253732651
-0.2884419560
0.0157592297
0.0223609395
-0.0177789815
-0.0097207958
-0.0067489115
-0.0471601449
-0.1597898751
0.0183970798
0.0134904543
0.0502321795
0.2870332897
-0.0361608379
-0.0397161618
0.0738896877
0.0119038401
0.0441917032
-0.0569248386
-0.0148419421
0.0459580161
-0.0217032135
0.0308049656
-0.0224991795
-0.0177728850
0.0315917209
0.0160971414
0.0001157169
0.1969452202
0.0250718184
0.0393773951
0.0352029316
0.0260323416
0.0200706739
0.0330446027
-0.0329413265
-0.0076202219
0.1155454442
-0.0250813328
0.0043898597
-0.0029447302
-0.1328159273
0.0086622313
-0.0117571913
-0.1076235473
-0.0511577763
-0.0049640313
0.0961254388
-0.0462685339
-0.0849498659
0.0358617269
-0.0147116967
0.0294975843
0.7754670382
-0.0466590784
0.0301441085
-0.0262222793
0.1048977599
0.0975781903
-0.0233940110
0.0001300530
-0.0241524447
0.1775828153
0.0357417464
-0.0257307086
-0.2845633328
0.0146396412
0.0227967221
-0.0182629339
-0.0090913447
-0.0061931666
-0.0473896265
-0.1587065309
0.0182837881
0.0141424593
0.0494568162
0.2849756181
-0.0374919251
-0.0390522778
0.0734586939
0.0115015786
0.0449436605
-0.0564172678
-0.0147641646
0.0463539958
-0.0217744987
0.0313589796
-0.0232599229
-0.0184577424
0.0316260383
0.0168244131
-0.0001127256
0.2000772655
0.0250557102
0.0398391671
0.0356534161
0.0252819024
0.0201362278
0.0332951955
-0.0329042189
-0.0072565349
0.1167011559
-0.0252805520
0.0053025745
-0.0028305079
-0.1332435161
0.0086358441
-0.0120740784
-0.1044627205
-0.0512976684
-0.0046523088
0.0964197069
-0.0458539501
-0.0845752582
0.0368519127
-0.0144449323
0.0296425167
0.7737282515
-0.0471104048
0.0318093076
-0.0265068412
0.1050517261
0.0981197134
-0.0218145531
-0.0002266670
-0.0243107099
0.1780833006
0.0358096212
-0.0255524572
-0.2862871587
0.0149689205
0.0227389950
-0.0181152914
-0.0096392995
-0.0061659464
-0.0474517681
-0.1573630720
0.0188665446
0.0144660501
0.0513798669
0.2841965854
-0.0365917124
-0.0393910930
0.0742526129
0.0113695385
0.0452859774
-0.0544456467
-0.0147668654
0.0445993394
-0.0209416822
0.0312403645
-0.0232246742
-0.0194604155
0.0299077872
0.0158685297
0.0013379381
0.1897661239
0.0234748181
0.0377836376
0.0337671265
0.0254022833
0.0231034886
0.0349916518
-0.0344434641
-0.0086883958
0.1124639064
-0.0248399209
0.0037754988
-0.0013775475
-0.1298747510
0.0093630841
-0.0142249279
-0.0896885991
-0.0432028994
-0.0061033382
0.0910071656
-0.0445938110
-0.0820727125
0.0354227498
-0.0126450798
0.0299556907
0.7509987950
-0.0438086130
0.0299580544
-0.0257470794
0.1062727198
0.0940042734
-0.0268637389
-0.0030275953
-0.0230304133
0.1694745123
0.0317468308
-0.0229273643
-0.2770010531
0.0103167994
0.0213194713
-0.0180931389
-0.0083794175
-0.0039183707
-0.0492036566
-0.1474244744
0.0201308411
0.0141499275
0.0529564098
0.2685973942
-0.0382140204
-0.0370580032
0.0725457892
0.0100566493
0.0470076650
-0.0474702939
-0.0153808184
0.0471898317
-0.0211238638
0.0311923120
-0.0240584537
-0.0195184741
0.0309592523
0.0193337686
-0.0015231711
0.2082675844
0.0247481521
0.0419993475
0.0356689170
0.0234310478
0.0207111612
0.0326578952
-0.0336238965
-0.0066677635
0.1178117245
-0.0250212308
0.0055838525
-0.0013504155
-0.1334665865
0.0086070346
-0.0120654982
-0.1030508801
-0.0502449609
-0.0043776571
0.0974274054
-0.0453124046
-0.0840356126
0.0385718644
-0.0145016024
0.0289565437
0.7682877183
-0.0461230427
0.0377575196
-0.0272966400
0.1054378226
0.0994264558
-0.0162491687
-0.0001284173
-0.0243957061
0.1719598323
0.0354610384
-0.0246854424
-0.2886048853
0.0139115723
0.0234030224
-0.0180215780
-0.0097467043
-0.0056944559
-0.0482274629
-0.1565358192
0.0203710180
0.0144055365
0.0558464527
0.2785983682
-0.0347637683
-0.0416363291
0.0751713365
0.0096285334
0.0469834097
-0.0488893464
-0.0148699293
0.0470628627
-0.0218291748
0.0310969967
-0.0232516117
-0.0179321114
0.0315858610
0.0172033552
0.0000824175
0.1969536841
0.0243647266
0.0398254842
0.0348512158
0.0256931651
0.0199174490
0.0340328626
-0.0333491638
-0.0073160110
0.1164162830
-0.0258043502
0.0046493551
-0.0028802550
-0.1336593777
0.0082465364
-0.0124091003
-0.1075278148
-0.0516280718
-0.0042423010
0.0971468166
-0.0457385033
-0.0849663168
0.0368272290
-0.0138928322
0.0300455522
0.7780232430
-0.0472885929
0.0296730548
-0.0269048940
0.1053771302
0.0982306227
-0.0233180728
-0.0005088095
-0.0237504467
0.1822055131
0.0359819829
-0.0263195019
-0.2862630188
0.0144307865
0.0229877140
-0.0181038864
-0.0099913990
-0.0057419427
-0.0473809801
-0.1591943353
0.0190755948
0.0149866417
0.0499485061
0.2870548964
-0.0374475941
-0.0392408594
0.0736652389
0.0115108043
0.0459087081
-0.0549870580
-0.0139108356
0.0479330644
-0.0222138353
0.0315454304
-0.0236943197
-0.0180018619
0.0321770795
0.0173803251
-0.0005466116
0.2029752880
0.0252163243
0.0401342548
0.0358002447
0.0251631923
0.0189822689
0.0336541273
-0.0326449275
-0.0067951893
0.1179618537
-0.0259682257
0.0056552459
-0.0035253104
-0.1346181333
0.0079036150
-0.0114900749
-0.1087289378
-0.0540848561
-0.0044039935
0.0985095426
-0.0456436910
-0.0851964429
0.0374886915
-0.0146264639
0.0300288294
0.7806321979
-0.0483196042
0.0308208019
-0.0267158262
0.1050151736
0.0998367891
-0.0211278293
0.0005554928
-0.0244016591
0.1826959401
0.0370887518
-0.0267688986
-0.2885519564
0.0167498551
0.0231536645
-0.0178935919
-0.0102869850
-0.0059857434
-0.0465663075
-0.1603287160
0.0187786575
0.0148273641
0.0510966033
0.2889174223
-0.0363360271
-0.0401145108
0.0749916732
0.0115193240
0.0451593846
-0.0563525297
-0.0144719733
0.0488221087
-0.0225042272
0.0313504562
-0.0238549821
-0.0181185547
0.0328811780
0.0187802333
-0.0024444431
0.2114129663
0.0265678130
0.0420138240
0.0371129401
0.0248188674
0.0173506886
0.0320567787
-0.0317311026
-0.0054167281
0.1196187288
-0.0253190063
0.0070900084
-0.0030185843
-0.1358895749
0.0076175462
-0.0101725413
-0.1178168431
-0.0586822331
-0.0039845346
0.1022270843
-0.0465749204
-0.0867054686
0.0376999900
-0.0157297123
0.0292018186
0.7918510437
-0.0501250923
0.0336653367
-0.0276964772
0.1038941517
0.1024753600
-0.0153639149
0.0028392489
-0.0250382759
0.1820975542
0.0393057913
-0.0274879932
-0.2943659425
0.0194930900
0.0239208788
-0.0177825652
-0.0106362607
-0.0077974256
-0.0460242815
-0.1673614979
0.0187170897
0.0137854107
0.0505930260
0.2946312726
-0.0343805440
-0.0420482755
0.0762257650
0.0116417157
0.0442699529
-0.0583776049
-0.0141583141
0.0434091873
-0.0203214157
0.0312962234
-0.0228347406
-0.0193412900
0.0285662822
0.0171786956
0.0022211089
0.1884826869
0.0225699823
0.0385483094
0.0327316262
0.0255264863
0.0241417903
0.0336073078
-0.0351445638
-0.0087369736
0.1129133999
-0.0247902870
0.0029622884
-0.0012748457
-0.1293258220
0.0102808876
-0.0140988100
-0.0914182737
-0.0420150012
-0.0035582613
0.0913108438
-0.0447073393
-0.0818957388
0.0368011482
-0.0127892550
0.0287718661
0.7509877086
-0.0424599014
0.0326258354
-0.0259916149
0.1059242338
0.0935403705
-0.0267455187
-0.0038525483
-0.0233295076
0.1689970642
0.0322478525
-0.0231365003
-0.2785082161
0.0081448685
0.0226448178
-0.0184243303
-0.0092212902
-0.0040543075
-0.0486168750
-0.1467749327
0.0196450409
0.0152874095
0.0531746559
0.2699387372
-0.0383630916
-0.0367327891
0.0717326701
0.0107035628
0.0473522283
-0.0482137352
-0.0147945164
0.0477994122
-0.0206614342
0.0321698822
-0.0239423104
-0.0200633369
0.0313735195
0.0175162163
-0.0007912809
0.2127607018
0.0251878258
0.0427429304
0.0347260423
0.0224416200
0.0214292221
0.0332169347
-0.0334064774
-0.0060075005
0.1195575520
-0.0255625360
0.0072759208
-0.0012141161
-0.1340138018
0.0081528546
-0.0126276314
-0.0977047980
-0.0512810946
-0.0034513243
0.0969180018
-0.0451721661
-0.0847831294
0.0393435135
-0.0152758984
0.0288664270
0.7666682601
-0.0458994024
0.0353370011
-0.0261265244
0.1056571081
0.0990245938
-0.0152708739
-0.0004936452
-0.0252556112
0.1726055890
0.0346604027
-0.0248189233
-0.2863277495
0.0151133034
0.0228581484
-0.0182321053
-0.0103376061
-0.0059511405
-0.0482050441
-0.1583448499
0.0197234619
0.0136567969
0.0572991595
0.2736321986
-0.0355377570
-0.0418395810
0.0753556937
0.0087926295
0.0455572978
-0.0512405410
-0.0162567273
0.0479644053
-0.0204745680
0.0322053097
-0.0238000546
-0.0201490410
0.0315986015
0.0183703974
-0.0011561593
0.2157276273
0.0254519731
0.0432793461
0.0347196907
0.0220490731
0.0213739742
0.0332167819
-0.0339021832
-0.0060282783
0.1199820042
-0.0254670922
0.0068476456
-0.0014289919
-0.1342942864
0.0078547131
-0.0121850679
-0.0986324325
-0.0515752770
-0.0033913644
0.0978025272
-0.0447197258
-0.0845064148
0.0400154218
-0.0158586316
0.0283415299
0.7653038502
-0.0457630455
0.0365613848
-0.0267200787
0.1053613946
0.0998484269
-0.0148017425
-0.0002566105
-0.0253490414
0.1712255180
0.0348290242
-0.0248519816
-0.2864907384
0.0145499893
0.0233797003
-0.0181350354
-0.0102407439
-0.0056035742
-0.0484162197
-0.1582568437
0.0203560703
0.0141640846
0.0585128553
0.2728587985
-0.0347746089
-0.0425367057
0.0758711621
0.0087557938
0.0463115461
-0.0512080565
-0.0160479862
0.0446159616
-0.0222312901
0.0309158452
-0.0227024052
-0.0173379947
0.0313523263
0.0147701856
0.0019740919
0.1855035424
0.0239913817
0.0367534570
0.0346323662
0.0272908229
0.0203019734
0.0346307866
-0.0331432149
-0.0086172158
0.1135839447
-0.0255065262
0.0033005525
-0.0041020140
-0.1317841709
0.0090012802
-0.0127734933
-0.1031030416
-0.0490201898
-0.0051691346
0.0937736556
-0.0457191989
-0.0838204250
0.0350439921
-0.0133298151
0.0304603428
0.7727385163
-0.0465019941
0.0251899473
-0.0259368476
0.1052544191
0.0954769030
-0.0307186134
-0.0013808961
-0.0234734323
0.1836990267
0.0350578278
-0.0260165464
-0.2811827362
0.0136949886
0.0221461188
-0.0180970337
-0.0093552191
-0.0050090877
-0.0467162319
-0.1547585428
0.0179417562
0.0152195552
0.0469065122
0.2866576612
-0.0389869772
-0.0363771766
0.0722630024
0.0130751235
0.0447681025
-0.0570368618
-0.0141668171
0.0471059084
-0.0223377496
0.0314105898
-0.0231221393
-0.0178458355
0.0326591581
0.0159306601
-0.0006977300
0.1998880506
0.0259627458
0.0396869108
0.0360668823
0.0260381177
0.0189078413
0.0341401957
-0.0323542915
-0.0068784971
0.1165616885
-0.0253999047
0.0055325567
-0.0033118080
-0.1339064538
0.0077804588
-0.0114125395
-0.1080185175
-0.0542845055
-0.0052998178
0.0976118892
-0.0460677221
-0.0853872225
0.0358301811
-0.0149340136
0.0295915715
0.7788650990
-0.0483835600
0.0286709871
-0.0263158698
0.1044315919
0.0987758338
-0.0225829091
0.0007790950
-0.0241930876
0.1800511628
0.0362327136
-0.0267260764
-0.2866479456
0.0169614386
0.0223175790
-0.0178834256
-0.0093887094
-0.0065126051
-0.0472773202
-0.1605723202
0.0187366009
0.0138349775
0.0492498018
0.2881167233
-0.0366983637
-0.0395175256
0.0744791776
0.0119333882
0.0444738045
-0.0585771650
-0.0147171635
0.0472397655
-0.0228569191
0.0312094502
-0.0230201352
-0.0172489155
0.0323338583
0.0162599608
-0.0003006734
0.1964785606
0.0253440402
0.0391961448
0.0365355127
0.0268854909
0.0181628987
0.0334154516
-0.0319873653
-0.0068917689
0.1165889651
-0.0255688243
0.0054750112
-0.0034474120
-0.1342440695
0.0083812447
-0.0113050118
-0.1129921377
-0.0550266802
-0.0046766144
0.0982427895
-0.0468333922
-0.0860380307
0.0354589298
-0.0142898271
0.0301864035
0.7880568504
-0.0492238924
0.0282804817
-0.0264289211
0.1044894159
0.0991669968
-0.0235072374
0.0009911468
-0.0240630433
0.1863086671
0.0377612971
-0.0272200685
-0.2892634571
0.0173899736
0.0228992552
-0.0182351042
-0.0099652912
-0.0072158356
-0.0463830940
-0.1624392420
0.0179073513
0.0143187614
0.0470147096
0.2958834171
-0.0372995213
-0.0387929901
0.0742362440
0.0127641829
0.0440568738
-0.0588971749
-0.0140204541
0.0443937406
-0.0217168722
0.0308563598
-0.0230336264
-0.0180350132
0.0312963836
0.0159836709
0.0012720618
0.1911098510
0.0246463381
0.0384285748
0.0346203744
0.0260022078
0.0205332097
0.0329433605
-0.0334209539
-0.0078454046
0.1150548533
-0.0248993672
0.0039394791
-0.0035448710
-0.1319196075
0.0094327927
-0.0126771256
-0.1021462083
-0.0493057817
-0.0043526315
0.0950027034
-0.0460468307
-0.0835880116
0.0363400951
-0.0140132643
0.0295672417
0.7716113925
-0.0461236984
0.0295799207
-0.0268787146
0.1049128100
0.0965531468
-0.0265691634
-0.0008052248
-0.0242522974
0.1796070933
0.0358827785
-0.0250039361
-0.2850554287
0.0134791955
0.0228704121
-0.0179717690
-0.0098400144
-0.0056706052
-0.0468570068
-0.1569556296
0.0181289874
0.0146407494
0.0493043549
0.2878436446
-0.0374439396
-0.0380243212
0.0731539279
0.0129599888
0.0447344929
-0.0575912073
-0.0145740937
