0.0524912775
0.0302584451
0.0830517560
0.0821368843
-0.0016529639
0.0060170754
-0.0184805691
-0.0327517241
-0.1149320006
0.0048062913
0.0601089410
-0.0532881878
0.0539185479
-0.0013020514
0.0378861725
0.0249595176
-0.0047639287
0.0241358560
0.0145762507
0.0134266643
-0.0254816022
-0.0122213336
-0.0401049964
0.0074375528
-0.0472715907
0.0209762529
0.0055879503
0.0278391931
0.0128343068
-0.0087360833
-0.1422713995
0.0510810874
0.0010014419
-0.0182089545
0.0003734526
-0.0463826954
-0.1105686650
0.0249078441
-0.0446944386
-3.0515553951
-0.0253325384
-0.0430349000
0.0311045628
0.0004736126
0.0208622105
0.0241576843
-0.0234206431
0.0284019280
-0.0228976198
-0.0151212132
0.0303536355
0.0265511982
0.0218384787
0.0010771508
-0.7726377249
-0.0073393327
-0.0195843223
-0.0047541088
0.0460019521
0.0187790263
0.0277733114
0.0595517568
-1.4761240482
0.0610668324
-0.0912337527
0.0275014006
0.0712482184
-0.3448864222
0.0306842551
-0.0628400147
-0.0246752053
-0.0584038980
0.3024806380
0.0362301208
-0.0669958368
0.2266758084
-0.0545361191
-0.0275124423
-0.0092592593
0.0586887188
-0.0025853580
0.0216950644
0.1017986983
0.0487738289
-0.0246731844
-0.0438110232
-0.0587131791
-0.0556883626
0.0793227106
-0.0271290317
0.0837967545
0.0230454467
0.0662976205
0.0432515219
0.0719131902
-0.0206137914
0.0750290155
-0.0239733979
-0.0565440878
0.1351750493
-0.0414025858
-0.0453623794
0.0089536747
0.1295455992
-0.0056321677
-0.0325693749
0.0363686346
0.0446266457
0.0368644595
0.0480117463
-0.1046148315
0.0321486816
0.0021792182
0.0952638239
-0.0002879846
-0.0331583470
-0.0074612070
-0.0274769440
-0.0574934296
-0.0009275898
0.0087207975
0.0393055715
0.0472362079
-0.0420491546
-0.0223137140
0.1480713338
-0.1474149674
0.0227240473
-0.0183736365
0.0379338451
-0.0165277589
0.0092825070
0.0000023689
0.0134501634
-0.0114788348
0.0085615814
-0.0540031679
-0.0079420162
-0.1667898893
0.3871848583
-0.0477630794
-0.0256330688
-0.0352457985
-0.0115311164
0.0068903523
0.0061820229
0.0693142042
0.0101031912
-0.0243142694
-0.0225734059
-0.0077279629
0.0274010599
0.0115386760
0.0112981070
0.0123736169
0.0140241692
0.0343006514
0.0042261179
0.3600699902
-0.0570211150
0.0115785571
0.0033512064
-0.0247594658
0.0718568936
-0.0038796256
-0.0413441174
-0.1085083410
0.0750761926
-0.0171443056
0.0158416945
0.0641818717
0.0381978787
0.0056746043
0.0122455405
-0.0114375483
0.0119907446
-0.0473421700
0.0316272043
0.0454735532
-0.0523680188
-0.0075855507
0.0311158150
-0.0437524095
0.0209035575
-0.0282345470
-0.0844956934
0.0688493103
-0.0014351237
0.0104746334
0.0338647440
-0.1048737541
-0.0190609489
-0.0097476244
0.0510075241
-0.0679377839
0.1411421746
-0.0255774315
0.0134609863
0.0068929666
0.0352330133
-0.2109595388
-0.0241487958
-0.1405173689
0.5136833787
-0.0724114925
-0.0545624755
-0.0556360707
-0.0265153442
0.0278608929
0.0214420091
0.0424304008
0.0185952820
-0.0208278652
-0.0005220530
0.0070624212
0.0322523154
-0.0755009279
0.0447423458
-0.0185168330
0.0256513339
-0.0092020659
-0.0168246143
0.4289105237
-0.0714387149
-0.0205754805
-0.0187794659
0.0118731791
0.0444239713
0.0330794528
-0.0287202653
-0.1171500459
0.0424070507
-0.0259400979
0.0223689191
0.0481542200
0.0305684339
0.0255074166
0.0104439901
0.0502776727
0.0102399644
-0.0556356348
0.0064096316
0.0468176827
0.0088434275
-0.0055374415
0.0184132904
-0.0523405001
0.0307825301
-0.0286455378
-0.0744513869
0.0272408426
-0.0180589948
0.0347007252
0.0181636605
-0.0874231234
-0.0280606430
-0.0420768969
0.0682170689
-0.0280149225
0.0359273218
0.0018278346
0.0288989805
-0.0128103392
0.0409507342
-0.0688398927
-0.0096064527
-0.1548181027
0.3126651049
-0.0651427731
-0.0095343031
-0.0708605945
-0.0269196499
0.0046808976
0.0192713737
0.0488584489
0.0140169011
-0.0289387908
-0.0372895300
-0.0115533806
0.0278578326
-0.0147909215
0.0183852669
0.0071754842
0.0170125104
0.0687822700
0.0351645872
0.3953686655
-0.0675263628
0.0081902267
-0.0276349243
0.0170656946
0.1678984463
0.0570303611
-0.0392613597
-0.1569834054
0.0546290912
-0.0015152832
-0.0022398704
0.0552329570
0.0342251435
0.0080465740
0.0161240790
-0.0003983092
0.0160201453
-0.0790779442
0.0762584582
0.0611141436
-0.0310695730
-0.0247025434
0.0661472380
-0.0306516290
0.0324514024
-0.0404622369
-0.0623101071
0.0716157183
-0.0033708750
0.0109407781
-0.0231939647
-0.0795335323
-0.0708229691
-0.0828262568
0.0350089371
0.0859774724
-0.3042428493
0.0150375785
-0.0415774621
-0.0303984415
-0.0436417907
0.2446520478
0.0254049934
-0.0612813868
0.2012184262
-0.0640596449
-0.0370415933
-0.0192995034
0.0372052267
-0.0192572400
0.0145786088
0.0769269168
0.0425951406
-0.0261281431
-0.0532270186
-0.0553994626
-0.0338538438
0.0627637729
-0.0071977787
0.0633308291
0.0160228834
0.1127913743
0.0595803745
0.1598730981
-0.0345756300
0.0491856970
-0.0121102426
-0.0401562415
0.1407453716
-0.0680700168
-0.0421333946
-0.0522504374
0.1320853233
-0.0130823450
-0.0233503748
0.0490072072
0.0480153523
0.0230327491
0.0428037457
-0.0967202634
0.0283344053
-0.0165973511
0.1061413810
0.0174836759
-0.0488682576
-0.0195987001
0.0326587521
-0.0424970463
0.0033833273
-0.0045349747
0.0175145250
0.0582166351
-0.0309798345
-0.0258903578
0.1318662763
-0.1364943534
0.0148808081
-0.0429863743
0.0293205567
0.0315311253
-0.1296425164
0.0084139425
-0.0110991616
-0.0230354182
-0.0129784402
0.0799562335
0.0037335681
-0.1379807889
0.3051589727
-0.0514542758
-0.0296620447
-0.0203645770
0.0071882796
-0.0058625932
0.0070764516
0.0692932680
0.0183708314
-0.0277341027
-0.0375120267
-0.0240423437
0.0023921600
0.0352672823
0.0023117284
0.0344529077
0.0111505995
0.0796452761
0.0243822038
0.2762684226
-0.0450214855
0.0307295844
0.0027974176
-0.0368524753
0.0953017622
-0.0284360237
-0.0460650921
-0.0816273764
0.1025591046
-0.0158614684
0.0025422671
0.0518683009
0.0412336662
0.0085423263
0.0227784272
-0.0532180071
0.0171769112
-0.0309248138
0.0598137565
0.0357277431
-0.0596418940
-0.0126931667
0.0365599245
-0.0432489403
0.0106959855
-0.0200422239
-0.0401377790
0.0720624253
-0.0105815995
-0.0093301227
0.0768319964
-0.1195285022
-0.0082509136
-0.0365217626
0.0388760790
0.0190862771
-0.0959212855
-0.0114941588
0.0206057224
-0.0213752799
-0.0078232847
0.0409388170
0.0063187471
-0.1092684865
0.3014116883
-0.0661461502
-0.0661254823
-0.0340777189
0.0026590172
0.0007322874
0.0062824739
0.0693173185
0.0270798523
-0.0312250387
-0.0299950875
-0.0200901274
0.0217286013
0.0140667213
0.0075860689
0.0243446492
0.0130263409
0.0596333146
0.0250533056
0.3011543751
-0.0399521217
0.0084692230
-0.0026536535
-0.0290467720
0.0655474886
-0.0282127690
-0.0444256924
-0.0851147622
0.0877315998
-0.0257598385
0.0018758053
0.0348727517
0.0509644151
0.0115673402
0.0215403307
-0.0270497836
0.0188014470
-0.0384010784
0.0547971316
0.0331265964
-0.0202799067
-0.0254105311
0.0328636765
-0.0308073647
0.0211729426
-0.0222794525
-0.0167660210
0.0679661259
-0.0123238806
0.0055539408
0.0542837642
-0.1041375771
-0.0372204222
-0.0723399818
0.0416990891
0.0277153216
-0.1582024097
-0.0008064204
0.0024239223
-0.0259957761
-0.0028018607
0.1157235578
0.0174898151
-0.0631807521
0.2410009503
-0.0750876293
-0.0418615676
-0.0465304181
0.0105926739
-0.0020666667
0.0210008174
0.0435389653
0.0380913094
-0.0321662836
-0.0407493263
-0.0378693230
-0.0075091114
0.0159830377
0.0019551285
0.0387390703
0.0207279418
0.0842163861
0.0460784398
0.2511145175
-0.0431505591
0.0278387889
-0.0288570430
-0.0111886701
0.1439542174
0.0064047384
-0.0419939794
-0.0563946813
0.0898117200
-0.0119706970
-0.0206490867
0.0175900254
0.0440332405
0.0240420550
0.0337644368
-0.0386467203
0.0234758649
-0.0382689908
0.1068980321
0.0364688262
-0.0005705624
-0.0273660067
0.0472929440
-0.0309061129
0.0221549906
-0.0247363895
0.0147110652
0.0573471151
-0.0229347069
-0.0049358127
0.0450453684
-0.1029158682
-0.0532174334
-0.0918518379
0.0331547931
0.0950991139
-0.4081743062
0.0175345521
-0.0559422895
-0.0323146470
-0.0621797070
0.3449433744
0.0427602902
-0.0226122141
0.1865880042
-0.0681352615
-0.0306248609
-0.0198881440
0.0579901151
-0.0101589216
0.0213640947
0.0542611405
0.0615002364
-0.0225374978
-0.0482476205
-0.0650757030
-0.0550935641
0.0729540214
-0.0138573777
0.0815757364
0.0229170322
0.1308758408
0.0564066917
0.0855188295
-0.0271895379
0.0722083971
-0.0112498803
-0.0653897226
0.1280605495
-0.1343566030
-0.0497296154
0.0337348767
0.1556767374
-0.0198705029
-0.0312416740
0.0336966142
0.0462070629
0.0386773199
0.0531331897
-0.1019674391
0.0368226729
0.0239384361
0.1080808714
0.0084490431
-0.0326682702
-0.0034002387
-0.0089488570
-0.0616181269
0.0016837317
0.0073753474
0.0601475090
0.0471150726
-0.0424743146
-0.0333437957
0.1437060386
-0.1522590816
0.0340228863
-0.0882787332
0.0322525762
0.1010401994
-0.4137228727
0.0175926071
-0.0549494363
-0.0322542228
-0.0602961965
0.3490642309
0.0424131937
-0.0219683293
0.1804585308
-0.0654661953
-0.0288225394
-0.0105144856
0.0574804023
-0.0133094862
0.0211376175
0.0514778011
0.0588269867
-0.0239185877
-0.0477985516
-0.0634008422
-0.0492347069
0.0655391663
-0.0133803710
0.0813878030
0.0205681045
0.1274958104
0.0567680001
0.0880851448
-0.0241422877
0.0689702109
-0.0093347393
-0.0687982440
0.1236020252
-0.1510670334
-0.0493602082
0.0382466167
0.1571923345
-0.0200090613
-0.0271647368
0.0384692475
0.0469275527
0.0359802395
0.0565468594
-0.1008638591
0.0364503041
0.0242955908
0.1109382510
0.0090553369
-0.0300284121
-0.0050301407
-0.0214979742
-0.0634030998
-0.0002719557
0.0044180728
0.0498272702
0.0549736880
-0.0384849086
-0.0348081961
0.1393189579
-0.1520188302
0.0366389863
-0.0844150633
0.0309201293
0.1022600010
-0.4099726975
0.0206446517
-0.0512598343
-0.0326018557
-0.0566845350
0.3480893373
0.0409772694
-0.0308897737
0.1826022714
-0.0603186786
-0.0251658186
0.0015075922
0.0548638888
-0.0146233384
0.0212993398
0.0589882135
0.0544356667
-0.0258348826
-0.0467048176
-0.0598193109
-0.0438337922
0.0576775149
-0.0149746509
0.0826608613
0.0186951887
0.1128372177
0.0504405685
0.0848772153
-0.0199222770
0.0660218745
-0.0096527347
-0.0723310933
0.1168044209
-0.1448612064
-0.0497948974
0.0444180481
0.1535906494
-0.0170706902
-0.0227288920
0.0418927148
0.0477986299
0.0337543935
0.0592220873
-0.0984615758
0.0357081182
0.0218752231
0.1123020723
0.0080260830
-0.0288101397
-0.0066034282
-0.0444705188
-0.0663609430
-0.0025288053
0.0010358061
0.0373714790
0.0639202520
-0.0329612345
-0.0351382047
0.1309708059
-0.1501862705
0.0317955315
-0.0833103582
0.0344610289
0.0905025676
-0.3989090919
0.0231079292
-0.0466893315
-0.0319304504
-0.0535341501
0.3430043757
0.0401909351
-0.0445096642
0.1910387129
-0.0586374588
-0.0227950476
0.0017304104
0.0499218144
-0.0109141748
0.0219213720
0.0692229271
0.0531382896
-0.0259031951
-0.0449978299
-0.0551185049
-0.0448553041
0.0535829030
-0.0167716835
0.0840089843
0.0201803148
0.0990770981
0.0401639938
0.0768602639
-0.0179030560
0.0678078681
-0.0124718472
-0.0743352249
0.1131540462
-0.1237623096
-0.0542437509
0.0590110905
0.1457243264
-0.0132706435
-0.0222542286
0.0351921283
0.0479670279
0.0352123529
0.0586834103
-0.0921941847
0.0359401628
0.0221420024
0.1080942973
0.0057243900
-0.0232284907
-0.0040671621
-0.0673711747
-0.0698071942
-0.0019010005
-0.0012054510
0.0393175259
0.0664865598
-0.0290708579
-0.0333945602
0.1186668053
-0.1471664906
0.0200985763
-0.0852911025
0.0417715199
0.0829673931
-0.4067738950
0.0237365775
-0.0486617796
-0.0307178050
-0.0549103878
0.3492106497
0.0411725007
-0.0487626046
0.1922131777
-0.0614927895
-0.0216999222
-0.0057960562
0.0473420210
-0.0097664921
0.0220893882
0.0709969699
0.0557465032
-0.0236517023
-0.0452483706
-0.0532941222
-0.0505217388
0.0555039048
-0.0157097820
0.0855723694
0.0222351439
0.1062571555
0.0354389511
0.0688396618
-0.0191893261
0.0728730857
-0.0120606869
-0.0768354386
0.1116669998
-0.1259293407
-0.0601593256
0.0740111694
0.1454230994
-0.0120721413
-0.0234399606
0.0308174808
0.0481528789
0.0378904119
0.0573854297
-0.0892616063
0.0375283100
0.0273269173
0.1052283794
0.0035294869
-0.0217396431
0.0011295384
-0.0779462084
-0.0737543479
-0.0013765473
-0.0012465686
0.0473311059
0.0642154068
-0.0275946520
-0.0335645303
0.1174133569
-0.1478184611
0.0188449435
-0.0891637281
0.0443752520
0.0765840337
-0.4120386839
0.0279764757
-0.0541599020
-0.0287183020
-0.0580678508
0.3568350971
0.0414838269
-0.0550197922
0.1953611225
-0.0610818155
-0.0206778217
-0.0102788918
0.0492630005
-0.0073063751
0.0224099550
0.0839156508
0.0570425950
-0.0223907605
-0.0461292565
-0.0531298630
-0.0581970811
0.0634511188
-0.0188776590
0.0897649601
0.0243145861
0.1082093641
0.0310308225
0.0516555123
-0.0181122720
0.0799711123
-0.0145254126
-0.0791467056
0.1164507344
-0.1118201613
-0.0645038784
0.0799493864
0.1439359337
-0.0084781842
-0.0269893724
0.0297329314
0.0485882685
0.0415033437
0.0549988858
-0.0920823589
0.0389375426
0.0286137611
0.1007558033
-0.0014335428
-0.0252746157
0.0039262017
-0.0849427283
-0.0760039985
-0.0019955235
0.0013146532
0.0572279468
0.0603833236
-0.0295133442
-0.0328500867
0.1251523644
-0.1492096782
0.0187945571
-0.0491436832
0.0732086077
0.0142063424
-0.0652254373
0.0081072673
0.0197503008
-0.0181991719
0.0143393315
0.0269524101
-0.0011264781
-0.1606364995
0.2632706761
-0.0627018139
-0.0267342459
-0.0474984050
-0.0150471013
-0.0088392952
0.0081166048
0.0883591473
0.0135551235
-0.0322572328
-0.0471216999
-0.0195423849
0.0258632023
0.0165085848
0.0077162334
0.0284996480
0.0063912598
0.0800910294
0.0397194065
0.3232109845
-0.0532571860
0.0108679188
-0.0164810400
-0.0034323242
0.1485947967
0.0516477041
-0.0422039218
-0.1381918937
0.0720945969
0.0016123148
-0.0013894951
0.0557335280
0.0457413122
0.0003621478
0.0158976167
-0.0352259465
0.0188561454
-0.0710830390
0.1005428061
0.0443327129
-0.0444606021
-0.0301058274
0.0434493236
-0.0281312913
0.0195644870
-0.0323545970
-0.0489058308
0.0794804394
0.0006582947
-0.0004500682
0.0225768797
-0.0905141532
-0.0625231490
0.0128515055
0.0291030239
-0.0670710728
0.1450088918
-0.0234513860
0.0334948190
0.0060241516
0.0270126443
-0.2059686780
-0.0195494071
-0.1761295199
0.5024696589
-0.0619388260
-0.0747918561
-0.0431137979
-0.0190976765
0.0305425394
0.0077711637
0.0698752701
0.0025733439
-0.0221087951
0.0062941937
0.0112170978
0.0524807386
-0.0450284667
0.0300702136
-0.0200171918
0.0207965672
-0.0340178870
-0.0232924763
0.4277693927
-0.0582728349
-0.0247470811
0.0038321696
-0.0120117646
0.0012019855
-0.0067024124
-0.0358172767
-0.1299107075
0.0517566688
-0.0366169214
0.0270669647
0.0545022935
0.0395717584
0.0173868109
-0.0042202072
0.0438371859
0.0053143213
-0.0526654199
-0.0152515527
0.0430001989
-0.0065023182
-0.0104728956
0.0313222967
-0.0429611057
0.0351928808
-0.0241538659
-0.0797339007
0.0477081910
-0.0028138442
0.0433085524
0.0255435500
-0.0983542502
-0.0240757465
-0.0038905460
0.0169782564
-0.0839271843
0.1515732408
-0.0201673396
0.0147958081
0.0083968211
0.0446248353
-0.1989657432
-0.0092166830
-0.1561402529
0.5084043145
-0.0702414587
-0.0563558377
-0.0479522422
-0.0192674473
0.0404017419
0.0182305835
0.0334222242
-0.0001421919
-0.0178669132
0.0108778318
0.0065685324
0.0289912950
-0.0641714111
0.0297292415
-0.0170849711
0.0258100349
-0.0325361341
-0.0214423351
0.4095885158
-0.0689056069
-0.0135194659
-0.0201738458
0.0062733120
0.0624278784
0.0299956761
-0.0315477923
-0.1000832766
0.0466957316
-0.0220481735
0.0171062313
0.0289653838
0.0305278040
0.0249458496
-0.0022687244
0.0584375225
0.0023145110
-0.0512108356
0.0203335732
0.0493673831
0.0395752080
-0.0001438484
0.0448019765
-0.0491329543
0.0391774811
-0.0306839235
-0.0785130411
0.0264238678
-0.0015838160
0.0393083431
0.0175009295
-0.0987549946
-0.0196329243
-0.0022696222
0.0006062118
-0.0604859851
0.1334541440
-0.0242815688
0.0158245880
0.0091165481
0.0330693722
-0.1907483488
-0.0062748250
-0.1311379671
0.5301590562
-0.0657248199
-0.0532984138
-0.0541725717
-0.0123578981
0.0364108011
0.0099356780
0.0095789330
0.0028852192
-0.0239434913
0.0045933831
0.0040778788
0.0285940487
-0.0259825420
0.0279794317
-0.0158889554
0.0238282122
-0.0065128431
-0.0159437973
0.4281796515
-0.0677964464
-0.0060491553
-0.0069394019
-0.0099357208
0.0314565562
0.0031481481
-0.0345451795
-0.0969861448
0.0595452189
-0.0327209830
0.0182018653
0.0377823859
0.0366524942
0.0241403040
-0.0034255136
0.0485027209
0.0032330549
-0.0403098054
0.0120597472
0.0534382910
0.0245023407
0.0034663868
0.0709950253
-0.0457272269
0.0335957073
-0.0286337361
-0.1014569700
0.0320593230
-0.0095009739
0.0367757864
0.0362745263
-0.1056752726
-0.0016605152
-0.0360197984
0.0451813079
-0.0170858782
0.0059322682
0.0056851692
0.0170124602
-0.0149111953
0.0334254317
-0.0367564745
-0.0023620434
-0.1687272787
0.3186691999
-0.0616873018
-0.0218963902
-0.0493383482
-0.0149642611
0.0068573542
0.0135717224
0.0497624874
0.0015631837
-0.0286538620
-0.0327165388
-0.0104380436
0.0263928957
0.0006690621
0.0080893468
0.0126653370
0.0117614465
0.0633758232
0.0283037666
0.3675106466
-0.0593489967
0.0138334623
-0.0171583872
0.0000862442
0.1485424042
0.0281450450
-0.0434132740
-0.1361027807
0.0700857416
-0.0055052713
0.0002659294
0.0504640825
0.0369614810
0.0048325863
0.0107798586
-0.0119319083
0.0122766066
-0.0686439201
0.0737745166
0.0587690733
-0.0291667692
-0.0216667578
0.0783813670
-0.0338102020
0.0286007002
-0.0345647782
-0.0608235635
0.0754576698
0.0027392237
0.0084481286
0.0074634156
-0.0940851420
-0.0510061495
-0.0183887500
0.0413324498
-0.0334071293
0.0606277399
-0.0096106222
0.0331754610
-0.0082985377
0.0323715732
-0.1007373258
-0.0084648738
-0.1532510519
0.3767853975
-0.0641221479
-0.0454933159
-0.0530532598
-0.0184524301
0.0154630523
0.0122181568
0.0542401634
0.0092584519
-0.0276405346
-0.0200386234
-0.0050570625
0.0419478379
-0.0208868477
0.0170461722
0.0035692845
0.0153160226
0.0370101444
0.0128359646
0.3930401802
-0.0565462559
-0.0054998561
-0.0132341515
-0.0040989118
0.0950940624
0.0315569639
-0.0399408564
-0.1473677903
0.0595131442
-0.0138592683
0.0091941971
0.0469744541
0.0400981270
0.0094302595
0.0059970887
0.0139341438
0.0103283403
-0.0658363551
0.0405529104
0.0518388674
-0.0167088863
-0.0224229563
0.0599057972
-0.0315882377
0.0329812542
-0.0326315574
-0.0565595254
0.0636060387
-0.0028236129
0.0249334555
0.0039696069
-0.0892050490
-0.0564147122
-0.0413025767
0.0597114936
-0.0034435627
-0.0239394996
-0.0186318811
0.0368826203
-0.0158659965
0.0176294670
-0.0250253212
0.0015441490
-0.1311974078
0.3137721419
-0.0832355320
-0.0741816461
-0.0606097877
-0.0139057050
0.0107289003
0.0084435344
0.0520503223
0.0219479483
-0.0364254974
-0.0294774901
-0.0090557244
0.0306509025
-0.0115731824
0.0177865177
0.0099962763
0.0143503249
0.0504357927
0.0321018323
0.3496910930
-0.0489733703
-0.0035984453
-0.0178969018
0.0048130369
0.0908414349
0.0366565362
-0.0429479294
-0.1131324396
0.0629844740
-0.0205701962
-0.0004431093
0.0110312756
0.0501562431
0.0101063754
0.0121697569
-0.0020875074
0.0176144820
-0.0573440790
0.0789308548
0.0447191559
0.0215291157
-0.0310299192
0.0535896868
-0.0217431970
0.0309334174
-0.0303926542
-0.0164046120
0.0641841367
-0.0086732591
0.0153969033
0.0207070243
-0.0860255361
-0.0747726634
-0.0507009514
0.0087244939
-0.0336970240
-0.0032588008
-0.0130925160
0.0263094269
-0.0212847646
0.0322890207
-0.0352689102
0.0040642675
-0.0665433332
0.3223681450
-0.0712009445
-0.0373082459
-0.0484306701
-0.0159641989
0.0135136861
0.0259113256
0.0081980536
0.0243306626
-0.0291512124
-0.0191995539
-0.0157397222
0.0094148889
-0.0398281179
0.0148029998
0.0053600199
0.0263494365
0.0531360954
0.0207792502
0.3452890217
-0.0545181036
0.0093505960
-0.0338235684
0.0109913070
0.1341973841
0.0262079425
-0.0366614684
-0.0789435804
0.0654629171
-0.0169205163
-0.0054010344
0.0103099663
0.0318529829
0.0241698474
0.0266282167
0.0119108753
0.0140059944
-0.0515086167
0.0763063207
0.0520492308
0.0237986315
-0.0248992778
0.0658132583
-0.0306387935
0.0347044244
-0.0445950814
-0.0209797490
0.0573107675
-0.0108022988
0.0105402647
-0.0102941962
-0.0889785066
-0.0698912144
-0.0876284763
0.0261100922
0.0898291692
-0.3879351020
0.0196077935
-0.0520545579
-0.0296416469
-0.0507103764
0.3242338002
0.0424366295
-0.0263746511
0.1870807856
-0.0678897128
-0.0242494978
-0.0163467247
0.0492357984
-0.0137534197
0.0201022513
0.0415733792
0.0526310168
-0.0236489065
-0.0458938219
-0.0578606017
-0.0437346138
0.0612935834
-0.0113986051
0.0753277987
0.0191509016
0.1326524317
0.0526972301
0.1095277518
-0.0301367883
0.0667132139
-0.0079201171
-0.0596606880
0.1246282384
-0.1340489984
-0.0516634583
0.0279997606
0.1545533240
-0.0174252149
-0.0227873437
0.0347185545
0.0467244200
0.0345816240
0.0485541485
-0.0909170806
0.0345691517
0.0191502422
0.1300635338
0.0145661961
-0.0265676677
-0.0043198355
-0.0019626115
-0.0596208088
0.0017349945
-0.0013447466
0.0376547948
0.0549283288
-0.0313891061
-0.0326271243
0.1289500594
-0.1501025856
0.0236804262
-0.0849805549
0.0239630789
0.1000133604
-0.4022476077
0.0202459209
-0.0518668778
-0.0300210584
-0.0497572273
0.3357502818
0.0431848541
-0.0199130457
0.1748584807
-0.0651840344
-0.0220197700
-0.0044268416
0.0508072525
-0.0183900185
0.0207794085
0.0372535773
0.0508277640
-0.0254990850
-0.0454232953
-0.0578825064
-0.0369122140
0.0525208861
-0.0112404423
0.0764798746
0.0164200664
0.1299908161
0.0552583560
0.1089609191
-0.0261222273
0.0629445836
-0.0062730419
-0.0632771254
0.1189711839
-0.1558057517
-0.0499453172
0.0333744027
0.1579236090
-0.0179394204
-0.0187236201
0.0413907208
0.0475772843
0.0320535041
0.0539732091
-0.0911185592
0.0344577208
0.0199169926
0.1370237321
0.0147275161
-0.0235579647
-0.0075186202
-0.0163063183
-0.0611048900
-0.0008867278
-0.0040238900
0.0267908592
0.0633491501
-0.0283477325
-0.0345642678
0.1254832894
-0.1500703543
0.0273948442
-0.0807234049
0.0236350447
0.0990958884
-0.3899014890
0.0217915718
-0.0462070256
-0.0303646717
-0.0452873856
0.3278614283
0.0409393981
-0.0298256166
0.1786858141
-0.0607016720
-0.0201943461
0.0055085537
0.0472189449
-0.0183832720
0.0207494665
0.0448171385
0.0465330519
-0.0276709311
-0.0441866592
-0.0538496971
-0.0309090130
0.0434505865
-0.0122127086
0.0766101554
0.0148018440
0.1125499085
0.0495413207
0.1101429611
-0.0221877936
0.0587785356
-0.0074154981
-0.0649875477
0.1130249053
-0.1440244764
-0.0499676205
0.0368041210
0.1517776251
-0.0152870864
-0.0149590895
0.0421679057
0.0482495129
0.0297923274
0.0558738448
-0.0872442201
0.0333669595
0.0162148550
0.1371969879
0.0141363479
-0.0202901699
-0.0097181099
-0.0359486863
-0.0623182617
-0.0021717502
-0.0076834578
0.0164297093
0.0713412836
-0.0233329386
-0.0336929932
0.1148574129
-0.1465482861
0.0196805596
-0.0799379200
0.0316537656
0.0902039185
-0.3841535747
0.0244687684
-0.0428206734
-0.0302807465
-0.0437448248
0.3262360394
0.0391380005
-0.0503150038
0.1859021038
-0.0598958991
-0.0204330198
0.0055973534
0.0418072864
-0.0156293921
0.0202765204
0.0606943816
0.0451007634
-0.0274576023
-0.0442963280
-0.0489432774
-0.0330074057
0.0415242836
-0.0132247610
0.0788070187
0.0153672490
0.1020157039
0.0393583030
0.0991354138
-0.0203382578
0.0603949130
-0.0091120908
-0.0673829913
0.1089072973
-0.1216639578
-0.0553114563
0.0470465086
0.1449059993
-0.0110473512
-0.0145024136
0.0366050452
0.0490935445
0.0301700179
0.0542485341
-0.0843381435
0.0339856297
0.0158692561
0.1312352270
0.0109279500
-0.0188708827
-0.0071721547
-0.0583726279
-0.0662485063
-0.0023078613
-0.0084699206
0.0212650131
0.0738647655
-0.0190837402
-0.0330853201
0.1080338210
-0.1445493996
0.0092287017
-0.0802280679
0.0357431583
0.0775270313
-0.3875103593
0.0263459403
-0.0442849472
-0.0284663737
-0.0430346355
0.3285679221
0.0405728444
-0.0535799973
0.1936886609
-0.0611359328
-0.0153306667
0.0004947261
0.0378455594
-0.0140569760
0.0216401983
0.0622176826
0.0470968634
-0.0248900801
-0.0423407070
-0.0453788154
-0.0371722095
0.0396267027
-0.0124644022
0.0803934708
0.0176319815
0.1056421176
0.0283861514
0.0901648998
-0.0215669312
0.0655523911
-0.0088439649
-0.0721930638
0.1031618640
-0.1236116663
-0.0624006540
0.0712368414
0.1438185424
-0.0088242888
-0.0136010675
0.0328195393
0.0488825887
0.0335642360
0.0532792620
-0.0760626495
0.0354283340
0.0223942045
0.1287339330
0.0087053003
-0.0165036935
-0.0001457501
-0.0795032531
-0.0731853843
-0.0020579828
-0.0101763010
0.0242906008
0.0720250160
-0.0155340722
-0.0322649665
0.1005800515
-0.1450888515
0.0063908533
-0.0841222405
0.0389362536
0.0742507353
-0.3966054916
0.0304712299
-0.0500546731
-0.0266044736
-0.0479318351
0.3390252590
0.0409121923
-0.0545946322
0.1940074861
-0.0601950958
-0.0150012672
-0.0036217619
0.0412587114
-0.0130863059
0.0219849627
0.0756985545
0.0499380939
-0.0236681476
-0.0436811075
-0.0470346846
-0.0439557321
0.0488128588
-0.0156610683
0.0855670348
0.0197010748
0.1092756167
0.0254903585
0.0726039410
-0.0198841207
0.0720589757
-0.0109246625
-0.0756498948
0.1061514243
-0.1128668189
-0.0658504516
0.0749632791
0.1432066262
-0.0054568960
-0.0174118709
0.0343613625
0.0496599749
0.0369793214
0.0520779900
-0.0803588778
0.0370036885
0.0233184677
0.1236254051
0.0031747140
-0.0224493835
0.0014137782
-0.0862291679
-0.0744591132
-0.0030673963
-0.0070635527
0.0346489660
0.0679624081
-0.0187901333
-0.0312852859
0.1104255989
-0.1463924050
0.0074343677
-0.0045971731
0.0193973556
-0.0798327774
0.1473506689
-0.0071748518
0.0178269967
0.0043105725
0.0513243601
-0.1804111302
-0.0101970984
-0.1968981177
0.4735797346
-0.0659668148
-0.0382666811
-0.0419353396
-0.0245371871
0.0370701700
0.0151513247
0.0717325807
-0.0129242353
-0.0202901643
-0.0021657106
0.0088881627
0.0413184278
-0.0430937745
0.0217674561
-0.0054510264
0.0147159910
0.0115875388
-0.0267529264
0.4058790803
-0.0696388111
-0.0139575126
-0.0186598208
0.0008201374
0.0998246372
0.0581620373
-0.0363480560
-0.1273718923
0.0535681657
-0.0071483818
0.0156930052
0.0510122441
0.0310487673
0.0123461392
-0.0091005145
0.0429741591
0.0039465213
-0.0675387159
0.0313730724
0.0582131110
0.0022086920
-0.0046349894
0.0365247503
-0.0559648201
0.0340718403
-0.0296594389
-0.0979008526
0.0401191674
0.0046883482
0.0337178409
0.0050879274
-0.0980470106
-0.0232225899
0.0149192614
0.0218751226
-0.0800549611
0.1770739406
-0.0227170400
0.0198961738
0.0106166136
0.0378604755
-0.2527761161
-0.0241203979
-0.1777399629
0.5823065639
-0.0645040497
-0.0718641505
-0.0310342498
-0.0197284613
0.0376680568
0.0160261914
0.0570534244
-0.0024315368
-0.0204941742
0.0176335219
0.0135813979
0.0448658206
-0.0745382309
0.0371173508
-0.0234824009
0.0240291581
-0.0438967794
-0.0437521972
0.4350327849
-0.0645660087
-0.0310452692
-0.0040259436
-0.0069335606
-0.0178990476
0.0209212862
-0.0289264470
-0.1096189991
0.0459053442
-0.0351818539
0.0329843089
0.0578576699
0.0327170156
0.0235943850
-0.0034248824
0.0605113879
0.0012988548
-0.0512392446
-0.0234157648
0.0440685302
0.0045215725
-0.0048103477
0.0109444801
-0.0588662736
0.0334203690
-0.0233080480
-0.0987920389
0.0322291292
-0.0062644705
0.0491103157
0.0341074206
-0.0986505076
-0.0111919185
0.0049565691
0.0110220183
-0.0859741867
0.1715071797
-0.0201767515
0.0129968831
0.0126419002
0.0373121090
-0.2393767387
-0.0174883716
-0.1745875478
0.5714423656
-0.0609528348
-0.0454831645
-0.0492200144
-0.0255163629
0.0363025628
0.0144550111
0.0390804559
-0.0006317004
-0.0177976321
0.0122576356
0.0129429270
0.0342870429
-0.0480292626
0.0337014049
-0.0221421309
0.0262156501
-0.0160024427
-0.0339822955
0.4374791384
-0.0709498748
-0.0142652905
-0.0058141309
-0.0055300603
0.0190909021
0.0130709587
-0.0310804714
-0.1108398810
0.0530419014
-0.0293263383
0.0281918403
0.0585597716
0.0314823538
0.0204025283
-0.0031221043
0.0563078672
0.0030858559
-0.0480054133
-0.0138318567
0.0487803034
0.0046452014
0.0066313203
0.0145797413
-0.0619823858
0.0327992961
-0.0296863038
-0.1264116764
0.0339037925
-0.0048479899
0.0442821309
0.0233294312
-0.1042172760
0.0032522171
-0.0111020310
0.0040111938
-0.0634234473
0.1407309026
-0.0217982735
0.0114533165
0.0075578010
0.0437883697
-0.1863787621
-0.0042114062
-0.1514254063
0.5152337551
-0.0707881674
-0.0320680216
-0.0638745651
-0.0258704852
0.0370301157
0.0127924029
0.0068305992
-0.0011422790
-0.0216355510
-0.0024221928
0.0048724455
0.0286106672
-0.0337632336
0.0322337747
-0.0085178604
0.0204900224
0.0210200325
-0.0107037826
0.4335118830
-0.0716277510
-0.0071214275
-0.0134791927
0.0017487570
0.0673397481
0.0396660753
-0.0340892598
-0.1155226007
0.0580652729
-0.0178892389
0.0141517408
0.0354357958
0.0337789170
0.0197400991
-0.0056387233
0.0485406332
0.0035726782
-0.0483116880
0.0429601967
0.0573760234
0.0230818000
0.0059247692
0.0570386313
-0.0514667742
0.0314404108
-0.0348776616
-0.1283283681
0.0319231860
-0.0039157839
0.0376447737
0.0176946446
-0.1032196060
-0.0076479344
-0.0041970606
0.0070323800
-0.0449252240
0.1219400316
-0.0107085584
0.0119004361
-0.0003549231
0.0318942741
-0.1838083267
-0.0186012499
-0.1340143532
0.5275576711
-0.0515985675
-0.0260344837
-0.0384165868
-0.0220666490
0.0201691967
0.0147436401
0.0271981955
0.0053272746
-0.0253370870
-0.0040650559
0.0059333267
0.0335775763
-0.0336311385
0.0333387554
-0.0122108618
0.0227456316
0.0257670525
-0.0261092614
0.4309944808
-0.0670990348
-0.0059003639
-0.0006411223
-0.0131016383
0.0243913662
0.0061401119
-0.0336688273
-0.1137076989
0.0684259906
-0.0281497650
0.0295911320
0.0731340125
0.0309484340
0.0170782320
0.0072433087
0.0323661268
0.0081596570
-0.0499069653
0.0162900425
0.0559653454
-0.0384876840
-0.0013936468
0.0352619775
-0.0587332509
0.0228962693
-0.0344291516
-0.1251838058
0.0519487970
-0.0078937812
0.0314896777
0.0317649394
-0.1037452966
-0.0102190515
0.0033636342
-0.0175087210
-0.0721743479
0.1548727900
-0.0165257510
0.0107802367
0.0047313864
0.0444157161
-0.2129729092
-0.0152735375
-0.1502145380
0.5337684155
-0.0630916953
-0.0532336459
-0.0281333923
-0.0220302865
0.0336214155
0.0165712237
0.0504605770
-0.0057713538
-0.0234224685
0.0069624749
0.0089789582
0.0411279686
-0.0625512749
0.0312866457
-0.0127099408
0.0190023016
0.0075521879
-0.0424598418
0.4160589576
-0.0630474761
-0.0221535247
-0.0090867514
-0.0089246863
0.0338803530
0.0379505791
-0.0334779918
-0.1220317259
0.0600150190
-0.0213588476
0.0252842940
0.0497739539
0.0318910256
0.0179940872
-0.0042755404
0.0518088639
-0.0001815853
-0.0548606329
0.0042856564
0.0503741130
-0.0024982316
-0.0076379157
0.0281558093
-0.0562788323
0.0286636986
-0.0300502460
-0.1046186909
0.0364536904
-0.0042734887
0.0432025865
0.0271730404
-0.1050825343
-0.0131269181
-0.0324164517
0.0358185954
-0.0471833609
0.0659521669
-0.0041310498
0.0306232348
-0.0129150003
0.0490055121
-0.0989886597
-0.0084734280
-0.1402968168
0.3647867441
-0.0649750829
-0.0202759467
-0.0531232022
-0.0276059061
0.0163453463
0.0233080946
0.0353075974
0.0083528059
-0.0273456685
-0.0219930708
-0.0073448895
0.0294026658
-0.0413495116
0.0179176461
0.0051165349
0.0186940115
0.0626183450
0.0105653033
0.3902523518
-0.0611218624
-0.0000051307
-0.0300872903
0.0097184507
0.1405677348
0.0735040158
-0.0375846177
-0.1304864883
0.0532851405
-0.0022769135
0.0037464406
0.0394704118
0.0295455288
0.0133793075
0.0115244901
0.0185173582
0.0108139412
-0.0715418980
0.0629964545
0.0590810217
-0.0140951267
-0.0231123064
0.0540201440
-0.0389290974
0.0337683894
-0.0438565686
-0.0609032363
0.0617676601
-0.0011683414
0.0205295850
-0.0225956123
-0.0811359733
-0.0728690997
-0.0264961626
0.0249930434
-0.0444147959
0.0698473901
-0.0023644329
0.0120993406
-0.0112820314
0.0452050418
-0.1141814068
-0.0117351040
-0.1527768373
0.4063161314
-0.0635410026
-0.0183542576
-0.0413308516
-0.0246904958
0.0156761762
0.0233497601
0.0403626785
0.0039839353
-0.0279344786
-0.0197472032
-0.0013624011
0.0297749657
-0.0417140387
0.0243979022
0.0030794363
0.0150601771
0.0636826456
-0.0063436753
0.3931505680
-0.0635081977
-0.0002211598
-0.0197059345
0.0011447980
0.1159747243
0.0518659800
-0.0398339853
-0.1139315590
0.0627450347
-0.0071774204
0.0119235050
0.0489653349
0.0274362173
0.0115018217
0.0100079142
0.0189926196
0.0093091801
-0.0635515004
0.0522705242
0.0599820800
-0.0334851556
-0.0155204013
0.0403833166
-0.0513583943
0.0255039800
-0.0377306752
-0.0777958184
0.0581807457
-0.0029218383
0.0217087846
-0.0037308396
-0.0906293318
-0.0504881814
-0.0574372858
0.0653836951
0.0040119346
-0.0528851338
-0.0070048925
0.0323462524
-0.0208816044
0.0268082581
0.0134178940
0.0039338158
-0.1072538197
0.2498431802
-0.0773670450
-0.0347940549
-0.0616822764
-0.0187921729
-0.0022220807
0.0159255806
0.0435534865
0.0218731761
-0.0369632170
-0.0438175574
-0.0191436559
0.0277191531
-0.0105017284
0.0149545074
0.0201956872
0.0119093405
0.0950155929
0.0466835052
0.3512010872
-0.0528285019
0.0037338901
-0.0276991241
0.0112888208
0.1499821097
0.0381723307
-0.0417178869
-0.1174188405
0.0674033165
-0.0069090477
-0.0084293624
0.0346751474
0.0447940007
0.0089293458
0.0210772697
-0.0142987855
0.0215977728
-0.0698833913
0.1159247831
0.0527045615
-0.0078160707
-0.0367679447
0.0610362962
-0.0230728574
0.0272248480
-0.0414391309
-0.0338393562
0.0757485703
-0.0064517488
0.0059098774
-0.0043598209
-0.0796116665
-0.0826781690
-0.0834937841
0.0126095880
0.0920833051
-0.3957523406
0.0224505477
-0.0517731793
-0.0275806729
-0.0428559706
0.3239699602
0.0430632085
-0.0230212733
0.1803434193
-0.0654617250
-0.0123641370
-0.0018404026
0.0419241600
-0.0225947276
0.0199432112
0.0298396405
0.0444808900
-0.0257884674
-0.0440821908
-0.0525105558
-0.0311623365
0.0436143465
-0.0085575003
0.0732037500
0.0140866097
0.1492912173
0.0472119488
0.1226455420
-0.0279869325
0.0607303940
-0.0024332160
-0.0623571984
0.1109128669
-0.1490181684
-0.0530985557
0.0380868502
0.1588605791
-0.0150735453
-0.0117332358
0.0419911966
0.0471432433
0.0300714225
0.0514493920
-0.0836173147
0.0334763862
0.0193756800
0.1503871083
0.0170267243
-0.0230051316
-0.0066515193
-0.0301068798
-0.0646610036
-0.0033390888
-0.0126759820
0.0008090754
0.0693926662
-0.0201655868
-0.0342056006
0.1154842079
-0.1490436196
0.0242400002
-0.0781263411
0.0130776539
0.0928635895
-0.3880809546
0.0257166550
-0.0467207506
-0.0282200817
-0.0398150906
0.3200237751
0.0404449217
-0.0357460789
0.1843773425
-0.0589983277
-0.0095297620
0.0111720264
0.0384064093
-0.0240505822
0.0192831904
0.0423852578
0.0397296473
-0.0272767711
-0.0432496704
-0.0482324325
-0.0249666367
0.0364466459
-0.0101938182
0.0746055096
0.0119137932
0.1322930008
0.0388745703
0.1206170395
-0.0236169305
0.0569220781
-0.0017828310
-0.0668707713
0.1009625867
-0.1407842487
-0.0541597866
0.0423783921
0.1544951499
-0.0117804976
-0.0064142025
0.0475430265
0.0483874157
0.0270812009
0.0533214770
-0.0817580223
0.0327640772
0.0158504974
0.1487861425
0.0155756054
-0.0257852804
-0.0082219141
-0.0537387356
-0.0673923120
-0.0058129048
-0.0159656741
-0.0119707212
0.0790611133
-0.0137551045
-0.0343684368
0.1081614122
-0.1467914581
0.0187678114
-0.0775401294
0.0158764087
0.0824430361
-0.3808141351
0.0273421109
-0.0421105698
-0.0281468611
-0.0366808325
0.3169457912
0.0401437357
-0.0474697202
0.1914729923
-0.0587438792
-0.0078639956
0.0109464023
0.0329089165
-0.0208300091
0.0199099872
0.0513300896
0.0391498543
-0.0273843016
-0.0418682918
-0.0436876230
-0.0261029042
0.0312244520
-0.0108044883
0.0755974650
0.0131588215
0.1223115176
0.0285919197
0.1119804159
-0.0222334042
0.0579336137
-0.0041984045
-0.0685813352
0.0967407897
-0.1217773259
-0.0586996451
0.0571044758
0.1481408030
-0.0085661048
-0.0057487325
0.0396761447
0.0488022305
0.0283655841
0.0528857447
-0.0750803798
0.0332598537
0.0169870108
0.1465399861
0.0136439679
-0.0191858467
-0.0055821748
-0.0776212364
-0.0714366734
-0.0052012959
-0.0182581842
-0.0096879713
0.0810340792
-0.0097424528
-0.0331741609
0.0958627313
-0.1446256191
0.0075805909
-0.0802923962
0.0230240226
0.0708476678
-0.3923639357
0.0292987395
-0.0446499884
-0.0266147405
-0.0375794768
0.3270327449
0.0423156172
-0.0551954098
0.1934079379
-0.0622122176
-0.0054664859
0.0036334037
0.0292254630
-0.0188592952
0.0206040572
0.0566632040
0.0415700786
-0.0246919654
-0.0415765308
-0.0402914323
-0.0333602838
0.0321495421
-0.0103406077
0.0780600011
0.0153701836
0.1276486963
0.0194387641
0.0961100981
-0.0233703535
0.0646230429
-0.0047072181
-0.0721269920
0.0954210013
-0.1213928536
-0.0669054911
0.0804825500
0.1477197260
-0.0059546162
-0.0067510083
0.0328068472
0.0491497368
0.0320266262
0.0513651632
-0.0699487999
0.0355450995
0.0238538068
0.1447444111
0.0104514966
-0.0147531601
0.0015939133
-0.0975380614
-0.0782528892
-0.0048823627
-0.0186326504
-0.0003182997
0.0784587860
-0.0064985924
-0.0337588415
0.0921369419
-0.1462079287
0.0050790063
-0.0832490250
0.0229824409
0.0626794696
-0.3945120573
0.0331401005
-0.0488502868
-0.0247297455
-0.0403140262
0.3318679929
0.0421575047
-0.0587246753
0.1962761134
-0.0609198622
-0.0042268997
-0.0006010096
0.0302458405
-0.0170054957
0.0208619665
0.0699596182
0.0431807153
-0.0233823210
-0.0422292873
-0.0400750153
-0.0400834903
0.0395552292
-0.0134931551
0.0810826048
0.0178601127
0.1302885115
0.0135541745
0.0806078464
-0.0222907364
0.0712016523
-0.0068699918
-0.0753774345
0.1004415005
-0.1095308885
-0.0715117902
0.0861720145
0.1462675333
-0.0026516425
-0.0099284705
0.0320315175
0.0495378934
0.0352863222
0.0495875664
-0.0714712664
0.0367179029
0.0250408147
0.1367304027
0.0059873234
-0.0186554641
0.0041221809
-0.1063859835
-0.0804509372
-0.0051007401
-0.0170009844
0.0091578690
0.0755200684
-0.0080779484
-0.0329975970
0.0968625024
-0.1476083249
0.0047614081
0.0134898601
0.0004631602
-0.1105288044
0.1954146475
-0.0173549391
0.0087225335
0.0189021528
0.0474985391
-0.2486587465
-0.0137037933
-0.1940383166
0.5585177541
-0.0684681907
-0.0647341534
-0.0363673456
-0.0227237660
0.0454464220
0.0159215387
0.0861431509
-0.0115024177
-0.0132071422
0.0192955416
0.0104298005
0.0473621003
-0.0698222145
0.0274377894
-0.0123640131
0.0203392729
-0.0273795929
-0.0517827496
0.4090542793
-0.0698918998
-0.0300611276
-0.0164565705
-0.0057252585
0.0424964279
0.0536328703
-0.0294569321
-0.1319445372
0.0462669060
-0.0123785306
0.0227090809
0.0504910313
0.0330119394
0.0191103928
-0.0142217297
0.0706801265
-0.0037908116
-0.0600119457
-0.0182328764
0.0430216454
0.0267545916
-0.0002931637
0.0051158541
-0.0599501356
0.0373858400
-0.0231206529
-0.1001198441
0.0151081271
-0.0009652943
0.0525704883
0.0213877354
-0.1040723473
0.0008818794
0.0127104055
0.0038808193
-0.0857277513
0.1735773832
-0.0198717862
0.0206501074
0.0106244357
0.0329281799
-0.2475295365
-0.0195376761
-0.1749244481
0.5937252045
-0.0555686690
-0.0551999323
-0.0364162102
-0.0203446336
0.0364167206
0.0122198118
0.0537881255
-0.0014519175
-0.0202065650
0.0172649417
0.0123448176
0.0380374342
-0.0417419225
0.0281218253
-0.0223179292
0.0262913853
-0.0305005182
-0.0466334559
0.4278451204
-0.0678354427
-0.0173540935
-0.0024454738
-0.0174125414
-0.0061083469
0.0169133674
-0.0295967683
-0.1031016111
0.0518688932
-0.0331905261
0.0325319991
0.0616743006
0.0336274058
0.0194192640
-0.0023685275
0.0578535087
0.0007095574
-0.0462753810
-0.0390352979
0.0454217903
0.0003035531
0.0045378911
0.0015751696
-0.0630102456
0.0332283080
-0.0270327367
-0.1235181466
0.0355495885
-0.0054663518
0.0444848724
0.0272977557
-0.1048676297
0.0050114426
0.0096816113
-0.0094756484
-0.0993277580
0.1877979487
-0.0206322111
0.0127416998
0.0143264849
0.0411142595
-0.2552719116
-0.0169659294
-0.1825499386
0.5923624039
-0.0619607158
-0.0545875318
-0.0418206416
-0.0235676188
0.0435271561
0.0143465837
0.0485012531
-0.0059619225
-0.0182947200
0.0192825720
0.0143160773
0.0332053825
-0.0522668101
0.0307953916
-0.0242598224
0.0265653487
-0.0226302519
-0.0468213446
0.4241448045
-0.0711830556
-0.0167457443
-0.0091862436
-0.0088884532
0.0241952538
0.0322191939
-0.0293002781
-0.1101647019
0.0518100783
-0.0279690996
0.0278878510
0.0453202762
0.0301783904
0.0213765912
-0.0085590770
0.0647383630
-0.0017711017
-0.0454185531
-0.0319644548
0.0474328212
0.0200022757
0.0078639677
0.0102022057
-0.0639739856
0.0353332534
-0.0266871508
-0.1151153073
0.0246206559
-0.0057628453
0.0453038514
0.0225245934
-0.1082943305
0.0070288102
-0.0034686443
-0.0094719762
-0.0673049539
0.1365481168
-0.0192886572
0.0129363053
0.0057747355
0.0315866098
-0.2041723430
-0.0109441010
-0.1577866673
0.5574176311
-0.0595622472
-0.0374066718
-0.0535514839
-0.0214045066
0.0325159691
0.0101270480
0.0169272665
0.0021139784
-0.0231346674
0.0048945039
0.0071379738
0.0235671066
-0.0183524508
0.0281654131
-0.0172124300
0.0260985103
0.0155046005
-0.0260383859
0.4292205572
-0.0716736242
-0.0001589865
-0.0021157057
-0.0125374608
0.0257106144
0.0178757943
-0.0331198685
-0.1055350900
0.0630864128
-0.0312789977
0.0238194391
0.0466162041
0.0326956958
0.0178995971
0.0001585522
0.0435138047
0.0014794505
-0.0392308123
-0.0094566057
0.0529080853
0.0024194336
0.0086666131
0.0333964638
-0.0578420460
0.0305652693
-0.0319431908
-0.1318884045
0.0391618051
-0.0079262974
0.0347826146
0.0281799473
-0.1095715985
0.0073387758
0.0052250433
-0.0187283065
-0.0698828772
0.1419777274
-0.0164030083
0.0174706653
0.0008480541
0.0273368135
-0.2135494947
-0.0242030527
-0.1426857114
0.5315553546
-0.0524360761
-0.0555713400
-0.0326529741
-0.0221682359
0.0227296054
0.0123141743
0.0609829873
0.0063456795
-0.0243748575
0.0068033738
0.0119334348
0.0340305865
-0.0459143408
0.0314846672
-0.0268452037
0.0278731789
0.0025882919
-0.0405006073
0.4159767628
-0.0632211864
-0.0105886962
0.0028376661
-0.0139832320
0.0079987599
-0.0054128082
-0.0345567502
-0.1339480877
0.0645925403
-0.0381805934
0.0317968130
0.0587521754
0.0311492663
0.0163300838
0.0072922921
0.0405472107
0.0034916040
-0.0488540754
-0.0356358923
0.0462287292
-0.0224173646
-0.0079422751
0.0108816680
-0.0540123880
0.0295367874
-0.0319995172
-0.0961404592
0.0518072098
-0.0089843664
0.0349337943
0.0289340671
-0.1101572812
-0.0075960523
0.0068868115
-0.0281838831
-0.0857346505
0.1693878323
-0.0120591782
0.0173850134
0.0018047756
0.0445857085
-0.2319388837
-0.0198698398
-0.1460546106
0.5547587872
-0.0544351898
-0.0493543074
-0.0236849096
-0.0231308416
0.0337869078
0.0177051648
0.0608238541
-0.0050475961
-0.0220849998
0.0122838290
0.0113964938
0.0358744711
-0.0589680634
0.0278797299
-0.0199391395
0.0254034288
0.0042153508
-0.0545169190
0.4095689952
-0.0652728453
-0.0155433556
-0.0101267863
-0.0130923707
0.0377422646
0.0324926153
-0.0315662026
-0.1279798150
0.0608574785
-0.0240645986
0.0291283820
0.0584879927
0.0276945867
0.0189618226
0.0002848126
0.0553308427
-0.0009898888
-0.0559606589
-0.0281311627
0.0501595102
-0.0108787725
-0.0052582882
0.0147878146
-0.0624398366
0.0323112085
-0.0326169692
-0.1024675369
0.0411014520
-0.0032650945
0.0398698822
0.0207913630
-0.1074772701
-0.0076358505
-0.0055187852
-0.0261116624
-0.0856622756
0.1429445446
-0.0148510821
0.0255014133
-0.0075443275
0.0490737595
-0.1966185868
-0.0145491520
-0.1403078288
0.5099202394
-0.0632575229
-0.0552772880
-0.0216684379
-0.0240739528
0.0366151556
0.0212957487
0.0529360808
-0.0012775154
-0.0250907317
0.0094004441
0.0078457501
0.0285640322
-0.0700696856
0.0239465367
-0.0141986310
0.0241273381
0.0185863096
-0.0491727032
0.3845170736
-0.0629735589
-0.0149163166
-0.0224415865
-0.0051927008
0.0677126348
0.0729544908
-0.0314192325
-0.1019845307
0.0556580909
-0.0183323398
0.0220317021
0.0263786428
0.0250882432
0.0191511139
0.0033444196
0.0527343079
-0.0001571895
-0.0556664206
-0.0073441011
0.0515458360
0.0128511693
-0.0119869979
0.0178815927
-0.0578877293
0.0349455737
-0.0362098813
-0.0659789890
0.0375352427
-0.0032710535
0.0325508155
0.0048728562
-0.0972874239
-0.0354439057
0.0019952308
-0.0469631143
-0.0935690105
0.1655609459
-0.0098289661
0.0162409358
-0.0061978702
0.0454931520
-0.2277704328
-0.0215847697
-0.1511043906
0.5836206675
-0.0506614260
-0.0344043598
-0.0166056212
-0.0258100964
0.0373033434
0.0203070641
0.0461486317
-0.0037069058
-0.0272118952
0.0140260430
0.0140642812
0.0228540394
-0.0502228998
0.0258303396
-0.0208339728
0.0256678369
0.0371727049
-0.0726981014
0.3854666054
-0.0681813434
-0.0050822673
-0.0144777400
-0.0235142391
0.0600057021
0.0742800012
-0.0308360383
-0.0797853172
0.0626893863
-0.0213806387
0.0336419940
0.0318132862
0.0192912873
0.0165374354
-0.0003497467
0.0551292486
-0.0009030052
-0.0424019620
-0.0408958830
0.0560620613
-0.0127470037
0.0041331798
-0.0087122442
-0.0768760592
0.0283368342
-0.0337881409
-0.0907646269
0.0327299088
-0.0076207523
0.0286072548
0.0057122093
-0.1072740853
-0.0149303125
-0.0265468396
0.0069649164
-0.0712873191
0.1005332023
0.0006429547
0.0048168949
-0.0080289273
0.0466334708
-0.1511186063
-0.0183986146
-0.1430022717
0.4523121715
-0.0567132793
-0.0040363739
-0.0434503593
-0.0305356216
0.0185210556
0.0273262467
0.0358637311
0.0074445549
-0.0251099467
-0.0124225086
0.0045042261
0.0164004955
-0.0466443226
0.0269781761
-0.0110730669
0.0241532605
0.0745227635
-0.0237219296
0.3938712776
-0.0717174262
0.0104111591
-0.0235180315
0.0033881203
0.1303957999
0.0515805334
-0.0374279097
-0.1025273353
0.0629646406
-0.0099310651
0.0176603459
0.0489508361
0.0187027119
0.0146700554
0.0145872980
0.0269086566
0.0105736786
-0.0582095012
0.0224229395
0.0627333224
-0.0334496573
-0.0057375417
0.0162402708
-0.0652501509
0.0264329556
-0.0407735519
-0.0826474205
0.0517101437
-0.0072031743
0.0173157267
-0.0100087998
-0.0950205550
-0.0365855955
-0.0408415757
0.0639762655
-0.0124276327
-0.0088935615
-0.0029992154
0.0353464745
-0.0165790357
0.0292408410
-0.0289609246
-0.0028068498
-0.1364940703
0.2936717272
-0.0641651154
-0.0202807728
-0.0602247119
-0.0220805500
0.0007555020
0.0123056546
0.0501869731
0.0141637241
-0.0325590298
-0.0405877866
-0.0145145003
0.0356214680
0.0004766614
0.0112557095
0.0146290921
0.0111810071
0.0953154638
0.0365015939
0.3826313317
-0.0568995811
0.0064018052
-0.0192020442
-0.0000939393
0.1412807256
0.0259413570
-0.0409396812
-0.1340225041
0.0665995926
-0.0075174975
-0.0010482644
0.0599395558
0.0414485298
0.0039156736
0.0177559666
-0.0120157767
0.0194266289
-0.0732602179
0.0786154568
0.0576505288
-0.0338101573
-0.0299282502
0.0584119819
-0.0309548043
0.0284485146
-0.0410137251
-0.0635912940
0.0829070657
-0.0020981315
0.0089399256
-0.0109149795
-0.0811831802
-0.0644119233
-0.0176996496
0.0394548662
-0.0284334328
0.0255110804
-0.0023342823
0.0140696364
-0.0104077002
0.0193473939
-0.0821027160
-0.0135080423
-0.1590524465
0.3817597926
-0.0513739176
-0.0248876512
-0.0375093184
-0.0203078110
0.0013901941
0.0123746647
0.0619232915
0.0120869968
-0.0279130526
-0.0223124381
-0.0013109674
0.0387748480
-0.0119830891
0.0180147458
0.0024985436
0.0140777035
0.0612587295
0.0017239623
0.3857189417
-0.0545234568
0.0059143286
0.0010388669
-0.0200917851
0.0712890178
-0.0149904517
-0.0436040796
-0.1093737185
0.0701708123
-0.0194887575
0.0196823236
0.0675313398
0.0371145047
0.0018302260
0.0170303099
-0.0001413927
0.0136858206
-0.0556248315
0.0254558399
0.0485798307
-0.0557366610
-0.0163941011
0.0073790876
-0.0472516641
0.0213908702
-0.0350397266
-0.0848838985
0.0794075951
-0.0016366994
0.0186289921
0.0097311111
-0.0957259312
-0.0353665501
-0.0434494764
0.0704689920
-0.0140114427
-0.0083130980
-0.0087115271
0.0423944406
-0.0166365486
0.0311765037
-0.0316375233
-0.0029581995
-0.1342577040
0.2777048647
-0.0712612122
-0.0366771072
-0.0586583987
-0.0267150886
0.0022041905
0.0139826126
0.0657778084
0.0180980545
-0.0345089249
-0.0382452235
-0.0122672124
0.0408809222
-0.0204731803
0.0156611707
0.0160518866
0.0103498334
0.0741733685
0.0350971892
0.3681036234
-0.0522250831
-0.0059855548
-0.0260214377
0.0081749978
0.1371523291
0.0517014116
-0.0400789604
-0.1375324875
0.0566900373
-0.0042225448
-0.0014233153
0.0440369807
0.0450079627
0.0047428035
0.0169334393
-0.0034311088
0.0191596840
-0.0767563581
0.0881556794
0.0492471047
-0.0130388467
-0.0362717360
0.0368403867
-0.0251969900
0.0289467815
-0.0414291471
-0.0470403954
0.0778694227
-0.0017656309
0.0135163767
-0.0191455260
-0.0751210898
-0.0840836912
-0.0817786232
0.0177222081
0.0633732080
-0.3963164389
0.0277234502
-0.0460565127
-0.0268058069
-0.0430041924
0.3291827142
0.0407271832
-0.0555674322
0.1960956603
-0.0613113977
-0.0072600283
0.0001245027
0.0284074247
-0.0188976768
0.0202161334
0.0689221099
0.0448391177
-0.0231109019
-0.0430146456
-0.0427170955
-0.0383369476
0.0393334851
-0.0117214136
0.0784138069
0.0179713927
0.1400438845
0.0162011590
0.0869152322
-0.0216446780
0.0672027767
-0.0055419398
-0.0768333524
0.0995741710
-0.1175763607
-0.0674251243
0.0771080181
0.1486916691
-0.0060853437
-0.0106539531
0.0323375016
0.0486055724
0.0329452455
0.0529350936
-0.0748055875
0.0364310555
0.0251046419
0.1192658097
0.0069655403
-0.0205875821
0.0019331769
-0.1102950498
-0.0810375065
-0.0051480900
-0.0171761196
0.0057765082
0.0765986741
-0.0112158991
-0.0336211994
0.0944133177
-0.1481219977
0.0124784159
-0.0845421031
0.0189935919
0.0547358692
-0.3980924189
0.0321910232
-0.0506768003
-0.0243852399
-0.0444607139
0.3329606056
0.0405939035
-0.0643112659
0.1998013556
-0.0606943183
-0.0066080922
-0.0030546796
0.0281329863
-0.0165100805
0.0199880879
0.0810215324
0.0446315706
-0.0219133850
-0.0431228839
-0.0402568765
-0.0446423814
0.0440452881
-0.0143988850
0.0810780078
0.0196907185
0.1390655190
0.0099819824
0.0720233917
-0.0203315858
0.0735947564
-0.0075568818
-0.0785062686
0.1026842222
-0.1044119969
-0.0729289502
0.0830601156
0.1465607584
-0.0020687813
-0.0125565166
0.0297344625
0.0491175167
0.0360192880
0.0499677137
-0.0753669739
0.0374154747
0.0262259953
0.1151412204
0.0023779057
-0.0207810532
0.0049182931
-0.1184803545
-0.0831212401
-0.0057240841
-0.0161678940
0.0136867976
0.0747652948
-0.0107014785
-0.0330422819
0.0993416160
-0.1494287103
0.0107314000
0.0152884787
0.0141442614
-0.1061567217
0.1927895844
-0.0178417135
0.0248375423
0.0171614736
0.0460113846
-0.2470278442
-0.0154922735
-0.2000696212
0.5501522422
-0.0657357946
-0.0670658052
-0.0380056649
-0.0238029528
0.0447429754
0.0119930943
0.0931135267
-0.0103422822
-0.0162688848
0.0146805523
0.0107985009
0.0569333807
-0.0551077351
0.0210790168
-0.0078005637
0.0165256690
-0.0184202902
-0.0473718457
0.4143312275
-0.0658122599
-0.0317359604
-0.0167876780
-0.0105711678
0.0416255966
0.0673986077
-0.0296548828
-0.1435129941
0.0421660580
-0.0096448651
0.0231614057
0.0588815622
0.0368114337
0.0149228070
-0.0159427505
0.0654240474
-0.0023006583
-0.0670103505
-0.0276650172
0.0430418029
0.0175339803
-0.0048704399
0.0081022261
-0.0562414825
0.0377248786
-0.0227522161
-0.1006692424
0.0237944946
-0.0015695690
0.0519326031
0.0137760416
-0.0958225355
-0.0115047162
0.0138425343
-0.0065323147
-0.0957747847
0.1845614463
-0.0171608608
0.0180187579
0.0113446508
0.0355636664
-0.2568808794
-0.0226445254
-0.1908677816
0.5997366309
-0.0530812368
-0.0559449904
-0.0317633823
-0.0210865345
0.0390968695
0.0125873052
0.0638235062
-0.0050280388
-0.0208473261
0.0194724835
0.0155555271
0.0370387957
-0.0426530018
0.0254709199
-0.0251275282
0.0262041911
-0.0364593044
-0.0517897718
0.4192138314
-0.0682348832
-0.0157134011
-0.0051434012
-0.0170455109
0.0081232348
0.0277491100
-0.0290287081
-0.1144552827
0.0512893945
-0.0307505466
0.0328008942
0.0566411093
0.0308856796
0.0175136682
-0.0050325636
0.0585854724
-0.0017638858
-0.0474245213
-0.0550937727
0.0455385409
0.0035983487
0.0053705694
-0.0028681071
-0.0644236207
0.0336504653
-0.0253876727
-0.1173527837
0.0341703817
-0.0064543784
0.0427079387
0.0219747312
-0.1080716029
0.0056721740
0.0106805172
-0.0079975184
-0.1026956588
0.1832013577
-0.0213150606
0.0194797274
0.0117355483
0.0353163071
-0.2610556185
-0.0209192839
-0.1919850707
0.6021448970
-0.0562368147
-0.0573118143
-0.0408540629
-0.0242102072
0.0420325883
0.0122685172
0.0473213382
-0.0034455317
-0.0198074412
0.0208657570
0.0169458687
0.0311606694
-0.0426102728
0.0270709898
-0.0288926046
0.0291349255
-0.0309073534
-0.0462338962
0.4265987575
-0.0687397048
-0.0114725139
-0.0054322882
-0.0128916465
0.0083780168
0.0223181918
-0.0291204751
-0.1080430076
0.0506053567
-0.0346674249
0.0306269564
0.0469883196
0.0295810811
0.0198722817
-0.0047133928
0.0597926006
-0.0018305312
-0.0425992124
-0.0587385632
0.0451657884
0.0153231174
0.0078913029
0.0025194618
-0.0638524666
0.0360105149
-0.0275572129
-0.1169566959
0.0342179015
-0.0067857401
0.0436142012
0.0180914905
-0.1072035059
0.0067311036
0.0037399039
-0.0114396857
-0.0902238116
0.1672700197
-0.0169813242
0.0123244133
0.0078804782
0.0365969986
-0.2426439375
-0.0205174498
-0.1772386134
0.5827885270
-0.0568830147
-0.0461753383
-0.0427977294
-0.0240093488
0.0369000845
0.0132399006
0.0426162407
-0.0019753275
-0.0211274661
0.0123758102
0.0148677789
0.0268790685
-0.0373765826
0.0296649523
-0.0252612736
0.0279575139
-0.0078622894
-0.0422057435
0.4275226891
-0.0723247305
-0.0058777230
-0.0048456714
-0.0095177861
0.0259319190
0.0171665624
-0.0312154088
-0.1229579970
0.0591202267
-0.0317110829
0.0284845419
0.0549776368
0.0280206949
0.0191688873
-0.0016301242
0.0519952066
-0.0008135295
-0.0455219597
-0.0454878435
0.0506784767
-0.0007118860
0.0075149937
0.0168170910
-0.0637711957
0.0323880650
-0.0281954277
-0.1226541921
0.0375421830
-0.0087490501
0.0378418528
0.0227758195
-0.1102194265
0.0096194604
0.0123002613
-0.0483469777
-0.0988426507
0.1866529882
-0.0137389069
0.0060856049
0.0080313506
0.0405358858
-0.2598671317
-0.0223062113
-0.1563816965
0.6050840020
-0.0496309698
-0.0493678190
-0.0208996069
-0.0223705024
0.0376305468
0.0151843494
0.0578716211
-0.0081597557
-0.0204901937
0.0177293513
0.0141477371
0.0316692516
-0.0515115038
0.0273611266
-0.0233376510
0.0259476453
-0.0106215468
-0.0653473735
0.4141560197
-0.0681925789
-0.0127417846
-0.0060820682
-0.0193176623
0.0217869133
0.0218014326
-0.0297228266
-0.1314760149
0.0649532601
-0.0272949599
0.0314789005
0.0602195002
0.0257898942
0.0200323630
-0.0030664876
0.0583815984
-0.0055092154
-0.0478372723
-0.0640749037
0.0488258637
-0.0076653496
0.0036029785
0.0158621036
-0.0664832294
0.0294902176
-0.0280975550
-0.1188961118
0.0330609381
-0.0086605325
0.0413794778
0.0284251869
-0.1172790080
0.0176251363
0.0148631791
-0.0130504258
-0.0940939635
0.1756284535
-0.0170997549
0.0227142740
0.0049772821
0.0400279723
-0.2417890579
-0.0265130140
-0.1624205858
0.5382753015
-0.0575312488
-0.0748473853
-0.0208691675
-0.0249736551
0.0328172408
0.0162314847
0.0919183418
-0.0018288593
-0.0206842292
0.0144470884
0.0125323022
0.0497023724
-0.0788312703
0.0293026734
-0.0210886952
0.0234523900
-0.0197886750
-0.0544539541
0.4034947157
-0.0582158118
-0.0299556162
-0.0089626536
-0.0119963409
0.0205576345
0.0335833095
-0.0309411697
-0.1553393006
0.0535273030
-0.0247477144
0.0301298145
0.0549260862
0.0308349803
0.0178386625
-0.0022833911
0.0572884604
-0.0018460006
-0.0611790158
-0.0487356558
0.0398000032
-0.0062546418
-0.0157025047
0.0033035080
-0.0534375906
0.0344425589
-0.0276887380
-0.0691263005
0.0395288095
-0.0047819219
0.0468141735
0.0187920909
-0.1028018668
-0.0225195754
0.0143531570
-0.0032586788
-0.1017309353
0.1750690639
-0.0142824454
0.0259339958
-0.0000229376
0.0366274118
-0.2470221370
-0.0363649018
-0.1490836591
0.5312861800
-0.0492667593
-0.0676348209
-0.0155101186
-0.0326986015
0.0242538862
0.0215104800
0.1087735295
0.0090467129
-0.0186017435
0.0139277801
0.0138873020
0.0498321466
-0.0935059190
0.0317777097
-0.0242742058
0.0276717469
-0.0095966766
-0.0630884096
0.3930117786
-0.0559680909
-0.0290603098
-0.0108476067
-0.0134228254
0.0199277923
0.0351898372
-0.0304508377
-0.1573359221
0.0505873263
-0.0236346815
0.0363406055
0.0652606934
0.0251735244
0.0166417491
0.0061279857
0.0556167252
0.0020866345
-0.0650805533
-0.0666404888
0.0345071293
-0.0337898396
-0.0197010674
-0.0289577805
-0.0583598167
0.0328713320
-0.0322112292
-0.0512202755
0.0458556712
-0.0064383904
0.0443911366
0.0060517075
-0.0966730341
-0.0389034860
0.0068535446
-0.0368399993
-0.1155609041
0.1837047338
-0.0123013286
0.0126545448
-0.0001436998
0.0487798601
-0.2543115616
-0.0248662177
-0.1651308089
0.5788521171
-0.0585219078
-0.0541547611
-0.0181814805
-0.0300201364
0.0386738889
0.0225225966
0.0826106295
-0.0035615684
-0.0214973278
0.0174244139
0.0166205224
0.0346138030
-0.0717580318
0.0287233368
-0.0200633854
0.0247637406
0.0232801326
-0.0813523829
0.3858737946
-0.0677696541
-0.0181652457
-0.0168805458
-0.0162420254
0.0526458472
0.0687444434
-0.0317590274
-0.1172737181
0.0586741678
-0.0164741352
0.0318769477
0.0432274677
0.0210053027
0.0162658840
-0.0050873794
0.0664188340
-0.0037405416
-0.0543946996
-0.0635889471
0.0484236479
-0.0116403019
-0.0024861163
-0.0198132042
-0.0744744241
0.0312782377
-0.0286225155
-0.0777027011
0.0272871591
-0.0078582121
0.0415977649
0.0042203544
-0.1056667119
-0.0154877799
-0.0174684655
0.0032284670
-0.0451938286
0.0362390541
-0.0184044875
0.0384790190
-0.0122309169
0.0177105013
-0.0899620056
-0.0016658686
-0.1276040375
0.3971388340
-0.0574523173
-0.0545536727
-0.0493690036
-0.0132742189
0.0190306529
0.0048847776
0.0220509171
0.0114379767
-0.0281858183
-0.0110598383
-0.0028072090
0.0257685035
0.0073668458
0.0054173809
-0.0081011374
0.0220562033
0.0536641441
0.0083173867
0.3897732198
-0.0512930714
0.0131051261
-0.0006286881
-0.0199688524
0.0623306781
-0.0210052021
-0.0427879468
-0.0931743160
0.0704945028
-0.0360519290
0.0105748791
0.0321612582
0.0399993062
0.0118974065
0.0112794982
0.0060190558
0.0093181748
-0.0432567075
0.0019021466
0.0497356728
-0.0057134978
-0.0154530713
0.0662480444
-0.0337733217
0.0359792076
-0.0365462936
-0.0604798980
0.0743219778
-0.0036089441
0.0190023109
0.0142689189
-0.0980538875
-0.0352670960
-0.0108741866
0.0089699468
-0.0453449003
0.0687281266
-0.0183900874
0.0210725274
-0.0065954803
0.0220727585
-0.1381967366
-0.0129910884
-0.1267885119
0.4850953221
-0.0540231206
-0.0359978713
-0.0416824631
-0.0177723244
0.0190574545
0.0114301313
0.0080303727
0.0127423843
-0.0299514011
-0.0078651281
0.0001625484
0.0285760649
-0.0154357739
0.0206446443
-0.0099480907
0.0217571724
0.0592861511
-0.0092710238
0.4111455679
-0.0575657226
0.0058121844
-0.0019809313
-0.0247146282
0.0412450247
-0.0094655482
-0.0348829925
-0.0834748596
0.0688245818
-0.0332921967
0.0228229184
0.0467709117
0.0331525207
0.0134531939
0.0145357056
0.0202748589
0.0089725349
-0.0381410271
-0.0105854077
0.0534343198
-0.0160971154
-0.0056309067
0.0286693387
-0.0542920604
0.0272060018
-0.0359947421
-0.0915744454
0.0620783418
-0.0119771315
0.0238527805
0.0154956365
-0.0983567759
-0.0169463586
-0.0083619701
-0.0054749907
-0.0464340895
0.0468732379
-0.0161527116
0.0175486151
-0.0071941135
0.0117648365
-0.1159647778
-0.0113109071
-0.1178437844
0.4687792659
-0.0444486588
-0.0393298864
-0.0312059373
-0.0131340474
0.0125013795
0.0089823315
0.0158296153
0.0149041731
-0.0287953243
-0.0047127753
-0.0002357973
0.0251306836
-0.0049901232
0.0120246615
-0.0139865866
0.0247322805
0.0448330827
-0.0124162473
0.3937207758
-0.0518108867
0.0135572143
0.0063722753
-0.0343234017
0.0220019855
-0.0501665846
-0.0390653051
-0.0646176860
0.0744919702
-0.0413187146
0.0256782491
0.0500285402
0.0350221209
0.0107487608
0.0205365419
0.0114877727
0.0093742888
-0.0313874260
-0.0257170014
0.0482259504
-0.0220317747
-0.0063539450
0.0149664339
-0.0524544865
0.0267347321
-0.0374802984
-0.0900292695
0.0747406259
-0.0084060738
0.0215297751
0.0221042186
-0.1061542109
-0.0093611563
-0.0101032779
0.0151746133
-0.0838334933
0.1043541953
-0.0086550303
0.0209707450
-0.0085790241
0.0359251052
-0.1698614210
-0.0220937263
-0.1512437016
0.4474588037
-0.0549353100
-0.0492257029
-0.0249426812
-0.0266985595
0.0192293320
0.0230018478
0.0770784318
0.0099609820
-0.0224896055
0.0010842532
0.0101966625
0.0325556546
-0.0650215372
0.0218141209
-0.0181321744
0.0254926831
0.0160315819
-0.0338196754
0.3837019801
-0.0592075624
-0.0062280069
-0.0154115623
-0.0043228343
0.0688206777
0.0061067585
-0.0372205861
-0.1082050279
0.0546596348
-0.0240252241
0.0244603846
0.0542403013
0.0267954580
0.0121363504
0.0175455362
0.0338640213
0.0079025365
-0.0617721453
-0.0275955740
0.0454530306
-0.0196256954
-0.0183209628
-0.0117718205
-0.0562874041
0.0329958349
-0.0356048979
-0.0539296605
0.0625190064
-0.0021915976
0.0281536039
-0.0070197340
-0.0921955556
-0.0402315147
-0.0371530391
0.0792011246
-0.0220221281
0.0087985657
-0.0021853256
0.0465884879
-0.0153084602
0.0354442410
-0.0433633551
-0.0058218897
-0.1753830314
0.2796174586
-0.0668340176
-0.0278901160
-0.0649911612
-0.0300115254
0.0039579598
0.0109922634
0.0740105659
0.0102060419
-0.0327460431
-0.0405347049
-0.0090365848
0.0449346043
-0.0055229915
0.0118221417
0.0151139982
0.0082446411
0.0770877078
0.0360071510
0.3788195550
-0.0547323897
-0.0007869374
-0.0221942719
0.0050266883
0.1542178988
0.0606536306
-0.0430988781
-0.1555634439
0.0546967350
-0.0000107630
-0.0007971420
0.0501938052
0.0438812636
-0.0001485988
0.0100277551
-0.0070855939
0.0175992846
-0.0811695233
0.0747275874
0.0531613976
-0.0298414696
-0.0323911496
0.0443571359
-0.0266052168
0.0313416980
-0.0394370817
-0.0530844256
0.0841148645
0.0041542058
0.0133725787
-0.0284456797
-0.0749062896
-0.0861072913
-0.0739475265
0.0262619462
0.0359714441
-0.3048810065
0.0218056701
-0.0342138782
-0.0235508978
-0.0328652970
0.2406087965
0.0263506062
-0.0825385228
0.2291453034
-0.0587770641
-0.0152951749
-0.0136628021
0.0143095981
-0.0164947007
0.0168591253
0.0809894353
0.0385821350
-0.0228346102
-0.0423032343
-0.0362873450
-0.0290459916
0.0389638245
-0.0083405115
0.0624313653
0.0186432824
0.1315802783
0.0148696536
0.1423493773
-0.0287483651
0.0574758723
-0.0087476224
-0.0621144883
0.1127661616
-0.0720790401
-0.0622218251
0.0253212415
0.1276931912
-0.0048919818
-0.0098716803
0.0357100852
0.0464713909
0.0257770903
0.0435158685
-0.0669351816
0.0312733054
0.0023294389
0.0840985477
0.0125748208
-0.0317794830
-0.0038979766
-0.0756125078
-0.0699096099
0.0013885889
-0.0208306424
0.0007760210
0.0746714771
-0.0109320544
-0.0244544558
0.0795878991
-0.1349803060
-0.0018915259
0.0160764679
0.0127748074
-0.1024643704
0.1803449541
-0.0201541763
0.0332147032
0.0144293895
0.0417089127
-0.2358933389
-0.0115560768
-0.1960567385
0.5316131115
-0.0661600456
-0.0755643174
-0.0458946303
-0.0192344245
0.0443282165
0.0093733454
0.0792121962
-0.0089332927
-0.0159483571
0.0171872899
0.0091619035
0.0524097495
-0.0468940809
0.0193120614
-0.0137938662
0.0214077365
-0.0347239003
-0.0348923020
0.4160868526
-0.0645337477
-0.0252235904
-0.0116642872
-0.0105507867
0.0370183215
0.0349644646
-0.0313307233
-0.1466973573
0.0449638255
-0.0195678696
0.0204289909
0.0505830534
0.0385272354
0.0178659949
-0.0134351170
0.0643963590
-0.0033822560
-0.0614421628
-0.0329865627
0.0418924987
0.0278548505
-0.0052620191
0.0295167677
-0.0477837510
0.0442428924
-0.0239050388
-0.0869471282
0.0301327575
0.0020315780
0.0506755114
0.0150871659
-0.0988588035
-0.0110372491
0.0193708595
0.0272237118
-0.0944772512
0.1852784455
-0.0198515952
0.0263137557
0.0119603928
0.0362420529
-0.2624666393
-0.0260159634
-0.1866917610
0.5919102430
-0.0575535968
-0.0725135952
-0.0299838819
-0.0179305132
0.0389344320
0.0153472228
0.0685474575
-0.0016738466
-0.0178308450
0.0219945200
0.0120734498
0.0461951271
-0.0654118285
0.0283797197
-0.0220456272
0.0259651300
-0.0579817854
-0.0464740023
0.4253415763
-0.0648435652
-0.0270742904
-0.0080494471
-0.0135255167
-0.0083795525
0.0247161947
-0.0261278413
-0.1201293766
0.0409659669
-0.0308763366
0.0331495218
0.0644198209
0.0321261771
0.0231513288
-0.0020882748
0.0631851330
-0.0013334993
-0.0545015298
-0.0570422001
0.0401393548
0.0055315727
-0.0029116061
0.0053429604
-0.0590574145
0.0377283879
-0.0225458965
-0.0915596485
0.0314395763
-0.0062220423
0.0482638814
0.0252332538
-0.0960216597
-0.0092588263
0.0111163659
0.0233060941
-0.1121898890
0.1845917255
-0.0226605069
0.0235010497
0.0118949870
0.0461180322
-0.2491700798
-0.0182348024
-0.1737248600
0.5458253026
-0.0691708922
-0.0792813376
-0.0358203836
-0.0213608649
0.0460861586
0.0186807830
0.0696644634
-0.0033509645
-0.0130190589
0.0211767685
0.0104916114
0.0422000811
-0.0874909982
0.0286797993
-0.0187755208
0.0254816506
-0.0515119508
-0.0418496057
0.4132373929
-0.0664372370
-0.0289380308
-0.0206910055
0.0020753928
0.0368936583
0.0313260704
-0.0274465047
-0.1283613592
0.0393092148
-0.0216336735
0.0225200485
0.0478370637
0.0294641312
0.0275266580
-0.0049163769
0.0705353990
-0.0019312195
-0.0610143878
-0.0359516405
0.0404831693
0.0349339917
-0.0063788998
0.0271170009
-0.0534803420
0.0434199087
-0.0251150448
-0.0645934567
0.0215123147
-0.0021925555
0.0490301363
0.0172371604
-0.0940617993
-0.0156882666
0.0085583534
-0.0069662910
-0.0923992917
0.1673969775
-0.0196279380
0.0172015484
0.0084459856
0.0330435522
-0.2466117144
-0.0206330996
-0.1465921551
0.5866849422
-0.0517031141
-0.0564633645
-0.0391130634
-0.0187211540
0.0353714973
0.0146839283
0.0309646614
0.0034069810
-0.0182540957
0.0177781712
0.0104427347
0.0274933223
-0.0469337739
0.0277656335
-0.0267938152
0.0315696821
-0.0376863033
-0.0403437093
0.4270726442
-0.0674349442
-0.0067374520
-0.0058702175
-0.0133287050
0.0071985060
-0.0100703090
-0.0293876231
-0.1173198745
0.0560962260
-0.0366585329
0.0288450625
0.0591298044
0.0282159671
0.0264685024
0.0034686704
0.0568629056
-0.0014153647
-0.0437671132
-0.0589053705
0.0453606993
0.0037895392
0.0045176493
0.0387688950
-0.0564282946
0.0359638594
-0.0294306446
-0.1005209833
0.0367669091
-0.0084777875
0.0414913855
0.0279266723
-0.1076488793
0.0055672419
0.0133819319
-0.0198587608
-0.0856466442
0.1646011174
-0.0173569378
0.0243836902
0.0063796560
0.0277909823
-0.2416959554
-0.0237448532
-0.1431735903
0.5744290352
-0.0438656844
-0.0555976070
-0.0340406261
-0.0186031237
0.0298481602
0.0102210231
0.0455824248
0.0019031825
-0.0221315920
0.0137517881
0.0118886931
0.0364448987
-0.0299517401
0.0235020425
-0.0274265166
0.0287768338
-0.0204330347
-0.0426943600
0.4269375503
-0.0619892776
-0.0065253940
0.0013589861
-0.0245036427
0.0053033470
-0.0219282918
-0.0315776356
-0.1329288334
0.0626425818
-0.0386843421
0.0317174494
0.0696708560
0.0308230557
0.0206779689
0.0026324966
0.0487937219
-0.0000279081
-0.0461709127
-0.0711313263
0.0464382432
-0.0167044867
-0.0003354091
0.0366356000
-0.0548419468
0.0336501524
-0.0305551197
-0.1036399752
0.0492369309
-0.0085457116
0.0395631231
0.0265687089
-0.1105711088
0.0059464420
0.0191772822
-0.0095469570
-0.0908707827
0.1805463880
-0.0163812395
0.0316161551
0.0030954254
0.0316495523
-0.2570101917
-0.0355917253
-0.1485970616
0.5601895452
-0.0454299897
-0.0742707923
-0.0146859884
-0.0234052539
0.0265683830
0.0164527278
0.0884912238
0.0047140624
-0.0219962541
0.0180266276
0.0150654800
0.0475461669
-0.0739973113
0.0289500263
-0.0300384946
0.0284323376
-0.0354740173
-0.0567020997
0.4078249931
-0.0555257723
-0.0260651261
-0.0044557126
-0.0184069462
-0.0023609407
0.0139699448
-0.0289341733
-0.1483256370
0.0515382253
-0.0349188596
0.0384636447
0.0678606108
0.0283504985
0.0195237566
0.0051495745
0.0538198687
0.0009274159
-0.0589275397
-0.0741937160
0.0371181928
-0.0238060132
-0.0163898766
-0.0021479169
-0.0544698536
0.0339636169
-0.0296298526
-0.0657760501
0.0490068682
-0.0075861467
0.0427606776
0.0200515501
-0.1002468094
-0.0258987565
-0.0147328507
0.0375039056
-0.0529113635
0.0694611594
-0.0299188234
0.0719136819
-0.0111825690
0.0264185015
-0.1128924638
-0.0005341209
-0.1376570165
0.3558524251
-0.0736827031
-0.0904152468
-0.0656544194
-0.0190099757
0.0282071177
0.0020985904
0.0512525439
0.0144559080
-0.0292981025
-0.0100039626
0.0016056180
0.0450599380
-0.0148873245
0.0088886190
-0.0105715059
0.0210014079
0.0066399053
0.0183429774
0.3986069262
-0.0482850596
-0.0097509315
-0.0127425129
0.0008716630
0.0668845102
0.0117571065
-0.0420071594
-0.1316751391
0.0488747954
-0.0327496752
0.0043846369
0.0133412303
0.0494942404
0.0126983682
0.0036943969
0.0242008958
0.0117175551
-0.0632442161
0.0174471568
0.0459960438
0.0381058082
-0.0301256292
0.0778307021
-0.0132437767
0.0479931645
-0.0352775231
-0.0216239821
0.0698096678
0.0005490206
0.0292247552
-0.0066801654
-0.0807443857
-0.0744467974
-0.0212331284
0.0370624438
-0.0630455613
0.0893405676
-0.0303199682
0.0562188514
-0.0099981455
0.0389335379
-0.1366513520
-0.0083880797
-0.1354999840
0.3675358295
-0.0853434429
-0.0943259448
-0.0629625469
-0.0246580634
0.0314095989
0.0125298081
0.0447873361
0.0141531331
-0.0296783391
-0.0067822398
0.0042915032
0.0390233696
-0.0643237680
0.0236516446
-0.0154896528
0.0232148953
0.0072682640
0.0150442319
0.3980812132
-0.0531640872
-0.0181936547
-0.0261303838
0.0215094797
0.0867625177
0.0443547368
-0.0368971825
-0.1447546780
0.0420972072
-0.0273240227
0.0035992668
-0.0038132069
0.0392330177
0.0185460560
0.0066811307
0.0374790020
0.0092079649
-0.0662395060
0.0280775372
0.0473208837
0.0603218675
-0.0340764970
0.0734176561
-0.0170482807
0.0481700264
-0.0376240276
0.0026515021
0.0544938073
-0.0045303437
0.0301586650
-0.0100854868
-0.0772397667
-0.0824961513
-0.0209202040
0.0240243506
-0.0353045873
0.0247537587
-0.0208189040
0.0368024297
-0.0106316833
0.0136100193
-0.0822736397
-0.0040802089
-0.1091553271
0.3731737137
-0.0617226958
-0.0615285933
-0.0638274848
-0.0130090537
0.0103226611
0.0063860058
0.0171794463
0.0240487121
-0.0288704075
-0.0154422242
-0.0068317298
0.0316334292
0.0035654092
0.0118699232
-0.0080383541
0.0241985470
0.0534509383
0.0225651246
0.3977772295
-0.0499955378
0.0106756082
-0.0005659036
-0.0147063285
0.0515571237
-0.0343999639
-0.0437323041
-0.1148788035
0.0671168566
-0.0374287292
0.0089053502
0.0325911045
0.0433268324
0.0114801107
0.0154711213
0.0059617879
0.0111230193
-0.0466280207
0.0052958075
0.0472929999
-0.0069549959
-0.0211968906
0.0680675358
-0.0231975634
0.0368299037
-0.0357363410
-0.0439587124
0.0749033689
-0.0104966033
0.0244778246
0.0108074881
-0.0937804580
-0.0510695055
-0.0346559025
-0.0245662648
-0.0430558063
-0.0127152912
-0.0287763104
0.0152387116
-0.0126155019
0.0075128349
-0.0488374308
0.0035034623
-0.0412978195
0.3761943281
-0.0643697008
-0.0617118031
-0.0442283303
-0.0071297465
0.0135057997
0.0159112718
-0.0039051422
0.0319868848
-0.0290448964
-0.0075396006
-0.0133299418
0.0125944158
-0.0226166584
0.0117601622
-0.0040028701
0.0273298305
0.0559307598
0.0120327324
0.3408514559
-0.0422347151
0.0138655622
-0.0148145650
-0.0209360272
0.0733160228
-0.0402080901
-0.0377082601
-0.0569578037
0.0759545490
-0.0366573855
0.0024224541
-0.0016398645
0.0369443595
0.0249668043
0.0269033369
0.0142571684
0.0109814620
-0.0237931274
0.0100594815
0.0383384638
0.0377835482
-0.0178836845
0.0435251109
-0.0318939202
0.0305873584
-0.0392632782
-0.0195137002
0.0535035469
-0.0205167253
0.0182249211
0.0138126016
-0.1029428169
-0.0326185562
-0.0174823701
-0.0059223939
-0.0285708159
-0.0296729598
-0.0224358179
0.0176048391
-0.0117862085
-0.0052915830
-0.0350772478
-0.0000439256
-0.0720718876
0.3778754175
-0.0532589480
-0.0678915828
-0.0288936682
-0.0007839173
0.0057463530
0.0099638486
0.0357231386
0.0302049834
-0.0271950681
-0.0067193746
-0.0132376663
0.0268710647
-0.0087213079
0.0069828671
0.0027904427
0.0230804253
0.0393852033
0.0029658929
0.3307054639
-0.0348803587
0.0095344316
0.0017600610
-0.0436141826
0.0266569983
-0.0699666589
-0.0415816158
-0.0609303266
0.0806802809
-0.0390292890
0.0121949734
0.0257156473
0.0435710549
0.0173534285
0.0259611234
0.0036846034
0.0115688769
-0.0235422123
-0.0114760930
0.0296818390
0.0003452222
-0.0193638783
0.0098019997
-0.0352277569
0.0263386145
-0.0319360271
-0.0276237465
0.0657091588
-0.0147608221
0.0212646965
0.0304120313
-0.1066001132
-0.0245117787
0.0155450581
-0.0193174928
-0.0966554284
0.1382629275
-0.0249719638
0.0219419152
-0.0003629478
0.0249817129
-0.2183619589
-0.0242250524
-0.1269703060
0.5475283861
-0.0453524888
-0.0748553723
-0.0028063115
-0.0166040640
0.0284377038
0.0181485619
0.0568471327
0.0072150393
-0.0224889237
0.0241281707
0.0101727229
0.0411562063
-0.0738186017
0.0189931691
-0.0246776305
0.0270410292
-0.0418057665
-0.0547806658
0.3790204525
-0.0442685112
-0.0182430781
-0.0078365952
-0.0362109430
-0.0005707996
-0.0160508398
-0.0300388485
-0.0637536272
0.0479633436
-0.0367225409
0.0336272679
0.0368252471
0.0306550674
0.0223513078
0.0126088867
0.0585203841
0.0002258540
-0.0382455774
-0.0797252432
0.0312210117
0.0163533241
-0.0102695730
-0.0256445631
-0.0582315214
0.0333175659
-0.0322107412
-0.0565380193
0.0457598194
-0.0061587244
0.0427840054
0.0104404101
-0.0994938537
-0.0142104262
0.0143968360
-0.0027787394
-0.1126598343
0.1678181589
-0.0155095235
0.0224476885
0.0037806444
0.0365366898
-0.2415224761
-0.0256948788
-0.1912126988
0.5788735151
-0.0441474430
-0.0513648093
-0.0154102230
-0.0203604717
0.0418443345
0.0157559589
0.0453601219
-0.0080997022
-0.0231432952
0.0223762747
0.0213415921
0.0344005041
-0.0439299606
0.0156861525
-0.0288138445
0.0255941022
-0.0239884667
-0.0549081862
0.3979741037
-0.0562891252
-0.0044163475
-0.0078815958
-0.0326618403
0.0436597429
0.0033905541
-0.0338833146
-0.0543099269
0.0471747443
-0.0313886590
0.0351912118
0.0391670652
0.0236541163
0.0177811924
-0.0052249376
0.0571572930
0.0010818403
-0.0375335440
-0.0793676525
0.0468405969
0.0070653576
0.0070072501
-0.0069992119
-0.0722270086
0.0353348851
-0.0293057039
-0.0791536421
0.0468414240
-0.0010595770
0.0375825800
-0.0010457016
-0.1007946283
-0.0073117940
-0.0305981189
0.0833983198
-0.0361187458
0.0432636365
-0.0011118639
0.0454975255
-0.0124193989
0.0395171866
-0.0795442760
-0.0125189489
-0.1738945246
0.3180221617
-0.0621873774
-0.0229181349
-0.0657968372
-0.0303056184
0.0071738600
0.0151174972
0.0667547435
0.0123272026
-0.0294813085
-0.0343499929
-0.0071218666
0.0433000885
-0.0163651798
0.0141221201
0.0071890056
0.0137622235
0.0655039400
0.0280420110
0.3978813887
-0.0596257895
0.0004139275
-0.0238268990
0.0066916919
0.1450134963
0.0574204847
-0.0402328894
-0.1564781964
0.0494013764
-0.0027597114
0.0034159315
0.0590967350
0.0382230841
0.0032711308
0.0125773698
0.0023569986
0.0170008913
-0.0820211321
0.0540821254
0.0568428636
-0.0343878157
-0.0292438380
0.0461508036
-0.0315123014
0.0346247330
-0.0398499742
-0.0536198057
0.0803976506
0.0016712602
0.0167644285
-0.0319734253
-0.0724409744
-0.0824947208
0.0300458502
0.0125192543
-0.1147198305
0.1837707460
-0.0152537553
0.0218074098
0.0159845166
0.0405471399
-0.2584185302
-0.0189067442
-0.1956387013
0.5483787060
-0.0649431646
-0.1087157205
-0.0152793834
-0.0057719327
0.0412856825
0.0168440696
0.0893601552
-0.0140527077
-0.0116538694
0.0337542705
0.0058587664
0.0583318211
-0.0947773531
0.0184137486
-0.0160293095
0.0218504351
-0.0755257830
-0.0516052693
0.4137280583
-0.0532779880
-0.0371890590
-0.0033315814
-0.0123300850
-0.0282448065
0.0157524850
-0.0317987502
-0.1329856515
0.0376945660
-0.0283168722
0.0272322856
0.0607053451
0.0323957764
0.0254219770
-0.0095925089
0.0680479780
-0.0111239450
-0.0629224032
-0.0582143590
0.0288187098
0.0108777182
-0.0228597056
0.0365380161
-0.0428727157
0.0462166592
-0.0180928279
-0.0515386909
0.0293004513
0.0068808836
0.0665521845
0.0452011265
-0.0953345522
-0.0208118837
0.0283391103
0.0482669324
-0.1126155630
0.1966933608
-0.0219042562
0.0251454636
0.0195812918
0.0410180353
-0.2740810812
-0.0259025414
-0.1910600513
0.5535725951
-0.0695940480
-0.1087695882
-0.0274160393
-0.0145586077
0.0394580439
0.0194102507
0.1006245241
-0.0043512401
-0.0099731749
0.0298469029
0.0083819944
0.0630088449
-0.1118089780
0.0301326513
-0.0195473656
0.0245393291
-0.0864134505
-0.0463066362
0.4229062200
-0.0570139624
-0.0478301942
-0.0090829171
-0.0025835629
-0.0257734153
0.0150637133
-0.0285364501
-0.1511709988
0.0305344462
-0.0272148009
0.0299166422
0.0704500154
0.0347591452
0.0278179646
-0.0066456939
0.0752042010
-0.0044816956
-0.0693553984
-0.0501245372
0.0263863448
0.0140802236
-0.0217118580
0.0134344874
-0.0462721325
0.0459541604
-0.0185900200
-0.0487958193
0.0248104725
0.0028195628
0.0680540130
0.0375925004
-0.0890596509
-0.0279259458
0.0133789061
0.0529659912
-0.0830626562
0.1562566757
-0.0264316127
0.0379604846
0.0096008508
0.0351653658
-0.2336041480
-0.0215465408
-0.1751145124
0.5120389462
-0.0710480511
-0.0943929330
-0.0450511910
-0.0197622627
0.0331925526
0.0138676893
0.0669884831
0.0053152367
-0.0189256649
0.0139130931
0.0088538462
0.0581846796
-0.0786028951
0.0306778885
-0.0174750201
0.0224287417
-0.0424163230
-0.0217765123
0.4352750480
-0.0553677082
-0.0349265784
-0.0063730078
-0.0013042626
-0.0107175345
0.0136418575
-0.0324353054
-0.1436229944
0.0364522040
-0.0314020514
0.0260139536
0.0583305955
0.0393115059
0.0220251158
-0.0018316879
0.0579074770
0.0016005175
-0.0646738410
-0.0262805726
0.0342203118
0.0091901934
-0.0208115000
0.0283730533
-0.0395020768
0.0419402011
-0.0243997183
-0.0608095564
0.0416201986
-0.0019707659
0.0564823076
0.0246264674
-0.0840134993
-0.0414872617
0.0106039727
0.0292370971
-0.0730436817
0.1551291496
-0.0228802934
0.0295170099
0.0079209302
0.0272477008
-0.2352045178
-0.0243368521
-0.1601952314
0.5595858693
-0.0548985265
-0.0596476309
-0.0471406132
-0.0230466481
0.0281476267
0.0111300265
0.0410460718
0.0080657247
-0.0216061529
0.0092773307
0.0110026542
0.0452778339
-0.0428719074
0.0319388397
-0.0220223870
0.0259754509
-0.0202484392
-0.0269773807
0.4445662200
-0.0618446842
-0.0169982370
0.0014454141
-0.0145114390
-0.0123074567
-0.0080576371
-0.0310354717
-0.1281404346
0.0506298356
-0.0371979475
0.0320759937
0.0711469427
0.0352450386
0.0201202203
0.0024291361
0.0487044044
0.0044058906
-0.0507949702
-0.0388709977
0.0433722213
-0.0162674841
-0.0035519856
0.0242786519
-0.0528648905
0.0331595019
-0.0289296955
-0.1061562374
0.0478921868
-0.0080046318
0.0456995592
0.0250554010
-0.0968027264
-0.0135709429
0.0151420552
0.0129683455
-0.0772328228
0.1616624445
-0.0179583672
0.0295514036
0.0076659187
0.0317483880
-0.2408248484
-0.0241193343
-0.1638320684
0.5499119759
-0.0531504825
-0.0706607699
-0.0352086462
-0.0178776737
0.0288467277
0.0118163796
0.0542692877
0.0012855589
-0.0209581312
0.0135121355
0.0108838528
0.0480902381
-0.0511581860
0.0266124159
-0.0217682514
0.0250960514
-0.0324633755
-0.0322613679
0.4384208918
-0.0583343394
-0.0197603907
0.0019060007
-0.0139706191
-0.0142273204
-0.0065051061
-0.0326963253
-0.1472927332
0.0522243641
-0.0357615575
0.0317952707
0.0746454820
0.0346463211
0.0196342655
-0.0001158856
0.0487877429
-0.0003841347
-0.0572615415
-0.0473083891
0.0410691388
-0.0196591411
-0.0117376689
0.0387302004
-0.0468242466
0.0353761800
-0.0275097694
-0.0958478302
0.0513766967
-0.0036147705
0.0491765365
0.0323839970
-0.0989076719
-0.0164046809
0.0155701973
0.0066641401
-0.1007362157
0.1730908006
-0.0054002078
0.0389691591
-0.0044789393
0.0507462919
-0.2391094267
-0.0264799632
-0.1603630483
0.4933195412
-0.0583822243
-0.0974272788
-0.0068401862
-0.0131866913
0.0355351642
0.0234309509
0.0800772905
-0.0097329319
-0.0172991585
0.0264107883
0.0120084425
0.0433070548
-0.1124497727
0.0215348303
-0.0272397045
0.0297322609
-0.0591392033
-0.0436661467
0.4020496011
-0.0532540716
-0.0254710354
-0.0156745911
0.0057313829
0.0257825200
0.0181312710
-0.0307783801
-0.1619717777
0.0432038419
-0.0294145122
0.0283747837
0.0577996857
0.0224220194
0.0250157360
0.0050342814
0.0577327088
-0.0060353419
-0.0782609433
-0.0440605395
0.0382072963
0.0033185913
-0.0346121863
0.0537296683
-0.0400522389
0.0498824008
-0.0300727766
-0.0201016106
0.0546742529
0.0121493265
0.0481240749
0.0255882367
-0.0884944797
-0.0533294491
-0.0198193472
0.0405860990
-0.0401050970
0.0638911501
-0.0206831750
0.0512621365
-0.0128312446
0.0339974612
-0.1133721471
-0.0075811702
-0.1340878308
0.3767184317
-0.0694881454
-0.0607982948
-0.0549755134
-0.0226776507
0.0208611451
0.0107695581
0.0331472754
0.0123706320
-0.0282022227
-0.0161548611
-0.0035859919
0.0420191325
-0.0354180261
0.0172533039
-0.0006033892
0.0180829354
0.0431806780
0.0183875225
0.4174491763
-0.0524505824
-0.0109575316
-0.0141918734
0.0034258987
0.0640040487
0.0283034872
-0.0377384089
-0.1437973976
0.0537474751
-0.0233721342
0.0073913499
0.0406685434
0.0404015929
0.0135512464
0.0096695097
0.0171865914
0.0105512803
-0.0677101910
0.0335026197
0.0510237329
0.0009562157
-0.0308652222
0.0723721385
-0.0246297978
0.0383263417
-0.0393491611
-0.0562943108
0.0707839355
-0.0033895082
0.0286547150
-0.0027969484
-0.0790130720
-0.0669972077
-0.0194217768
0.0342030078
-0.0555758029
0.0793455541
-0.0324092954
0.0552356057
-0.0078218635
0.0366858020
-0.1243999526
-0.0024146212
-0.1328635812
0.3804032505
-0.0805373564
-0.0765350014
-0.0721258819
-0.0230062790
0.0307959933
0.0085403342
0.0109685408
0.0124645783
-0.0299147684
-0.0121025909
-0.0000786228
0.0424808525
-0.0324994326
0.0175955147
-0.0065051806
0.0180771537
0.0384220555
0.0238883663
0.4181936979
-0.0493096635
-0.0096035022
-0.0169421695
0.0049209986
0.0797772482
0.0328006968
-0.0416135490
-0.1288756728
0.0473661236
-0.0257088486
0.0022205976
0.0054085557
0.0414570086
0.0161831845
0.0006379773
0.0311842319
0.0083370619
-0.0582342483
0.0303962231
0.0509555079
0.0379540175
-0.0259152111
0.0889487937
-0.0187591575
0.0442951024
-0.0389532149
-0.0338472985
0.0602612533
-0.0044666310
0.0345964730
-0.0111143785
-0.0789201930
-0.0758221969
-0.0381639749
0.0176500510
-0.0426195860
0.0260512996
-0.0183546245
0.0370468348
-0.0167339519
0.0292370580
-0.0735722184
-0.0043167593
-0.1000524983
0.3467598259
-0.0683866441
-0.0531507470
-0.0560481325
-0.0203147531
0.0169416256
0.0162102822
-0.0000194772
0.0204436276
-0.0306528118
-0.0168391056
-0.0049233562
0.0185200572
-0.0314587504
0.0145197911
-0.0089584412
0.0254249461
0.0520872362
0.0274405312
0.3872647583
-0.0526626930
0.0092041837
-0.0216852967
0.0105799101
0.1018234342
0.0066378056
-0.0390115567
-0.1057744324
0.0613029078
-0.0290870965
0.0023987922
0.0121751428
0.0338617042
0.0176695958
0.0199332051
0.0081180995
0.0133648580
-0.0526144952
0.0391527228
0.0543024838
0.0233255513
-0.0269203354
0.0840156600
-0.0240546688
0.0380948782
-0.0429829396
-0.0251796898
0.0710721612
-0.0096401749
0.0147291254
-0.0079791294
-0.0857231990
-0.0698622540
-0.0335237794
-0.0208220445
-0.0455866344
-0.0147079714
-0.0013143263
0.0090499548
-0.0201593023
0.0235274173
-0.0199923348
0.0056612887
-0.1085808873
0.3447835743
-0.0474866256
-0.0212483760
-0.0328265391
-0.0064494819
0.0170359947
0.0154916784
-0.0208388325
0.0058875773
-0.0232467670
-0.0123624718
-0.0087332707
0.0003555118
0.0036806467
-0.0048527848
-0.0054251677
0.0263134036
0.0538589135
0.0212912448
0.3514947891
-0.0520481914
0.0417285971
-0.0092717102
-0.0159501806
0.1290715039
-0.0637025759
-0.0435181260
-0.0559007525
0.0850116462
-0.0316337720
0.0021326751
0.0194118340
0.0255800895
0.0163950752
0.0226494055
-0.0118879052
0.0077180364
-0.0309378579
0.0220141187
0.0587496534
-0.0005961586
-0.0068423152
0.0988815501
-0.0382021777
0.0346117057
-0.0396928191
-0.0429354794
0.0830289274
0.0001007369
0.0010475536
0.0051585687
-0.1105180606
-0.0263349749
-0.0275701005
-0.0197073221
-0.0359773859
-0.0190946609
-0.0024015210
0.0115590179
-0.0175841115
0.0137809943
-0.0229124185
0.0043040928
-0.0831572339
0.3752834797
-0.0389140546
-0.0167616326
-0.0198663399
-0.0048550372
0.0115790218
0.0137860430
0.0041214060
0.0127588762
-0.0246866383
-0.0114513263
-0.0108252075
0.0082662692
0.0068137767
-0.0040862258
0.0011394235
0.0247124732
0.0476863272
0.0027155450
0.3409808874
-0.0487487875
0.0322238058
-0.0049290298
-0.0325309075
0.0926320255
-0.0686944127
-0.0416552387
-0.0383167751
0.0876695141
-0.0305822007
0.0108105903
0.0431543812
0.0321119428
0.0166749209
0.0261468049
-0.0080377860
0.0112270406
-0.0286600161
0.0187740251
0.0513653271
-0.0177576616
-0.0053544207
0.0480679274
-0.0473515131
0.0265899971
-0.0393673293
-0.0705682933
0.0807660371
-0.0023144851
0.0039891629
0.0145293837
-0.1121845543
-0.0146716312
-0.0199927334
-0.0304945670
-0.0691470876
0.0397476777
0.0068725492
0.0005622017
-0.0169163030
0.0332804024
-0.0788900554
-0.0081187449
-0.1221579686
0.4233096242
-0.0344314836
-0.0052810851
-0.0000350068
-0.0172204636
0.0159197748
0.0262784697
0.0306239817
0.0031522287
-0.0216031950
-0.0015693763
-0.0024085171
0.0127037615
-0.0387335122
0.0017126910
0.0011820310
0.0230878182
0.0296761747
-0.0326885134
0.3272561133
-0.0499657877
0.0218057521
-0.0160020646
-0.0305996444
0.1091484502
-0.0009292581
-0.0408384800
-0.0400461853
0.0721206963
-0.0125642335
0.0188071523
0.0389122777
0.0211084895
0.0154778678
0.0218788758
0.0143454000
0.0037755927
-0.0374460034
-0.0014150108
0.0477528870
-0.0293430164
-0.0035763930
-0.0026123319
-0.0639791414
0.0244293511
-0.0407068022
-0.0689788982
0.0689678565
0.0041169403
0.0133150071
-0.0107277650
-0.1081655398
-0.0310574174
0.0252490472
0.0242349338
-0.0980541855
0.1642735004
-0.0257214028
0.0308830738
0.0051940223
0.0268700756
-0.2558513284
-0.0327456705
-0.1652232558
0.5667455792
-0.0514009856
-0.0863109007
-0.0148115680
-0.0176910497
0.0314955227
0.0163569935
0.0621623471
0.0042288327
-0.0205562878
0.0255991146
0.0171668176
0.0527918488
-0.0786588192
0.0283620059
-0.0303766541
0.0264732540
-0.0530427583
-0.0489395447
0.4166810215
-0.0468321927
-0.0273091961
0.0011090392
-0.0285846051
-0.0301477015
-0.0246237293
-0.0316977501
-0.0836426988
0.0391058922
-0.0428647064
0.0391021781
0.0549486503
0.0302526467
0.0233783517
0.0020504443
0.0620919243
0.0019886652
-0.0454588570
-0.0810142085
0.0323321037
-0.0035664435
-0.0116949072
-0.0093355859
-0.0572008900
0.0366376638
-0.0263997298
-0.0565375611
0.0479406342
-0.0043400782
0.0527929105
0.0180189777
-0.0915424824
-0.0241893809
0.0257797800
0.0401858352
-0.1132658273
0.1809082776
-0.0186443441
0.0270439573
0.0095141493
0.0368170775
-0.2794597149
-0.0372636393
-0.1814879179
0.5844601393
-0.0528943539
-0.0892858282
-0.0076808771
-0.0138911707
0.0357156917
0.0226251930
0.0671816841
0.0002666072
-0.0195123851
0.0323814787
0.0195335094
0.0523871630
-0.0938783735
0.0238958411
-0.0288367346
0.0271336213
-0.0527692772
-0.0553302206
0.4102843106
-0.0478115603
-0.0281195678
-0.0094812931
-0.0256800652
-0.0131759951
0.0052907686
-0.0315640196
-0.0768026039
0.0272157229
-0.0331568308
0.0420964547
0.0597512014
0.0260668043
0.0237374920
-0.0008139323
0.0715143308
-0.0001823867
-0.0544084981
-0.0913314819
0.0299698710
0.0018042176
-0.0141320145
-0.0187357496
-0.0624354593
0.0398906879
-0.0249468945
-0.0411509052
0.0427974463
-0.0039568790
0.0568261854
0.0175590310
-0.0811821967
-0.0341471359
-0.0093106469
0.0098374756
-0.0495342538
0.0772888213
-0.0220099110
0.0436153039
-0.0065694898
0.0216939151
-0.1295229346
-0.0005616321
-0.1399254501
0.4540143609
-0.0563486367
-0.0563269705
-0.0477528200
-0.0130301677
0.0319478475
0.0021061881
0.0174651556
0.0055890260
-0.0274361838
-0.0019766046
0.0022107360
0.0264040399
0.0035108016
0.0099037159
-0.0121399071
0.0238550566
-0.0107479822
-0.0000166663
0.4014448822
-0.0561350696
0.0063387714
-0.0025968661
-0.0156977456
0.0411710516
-0.0077911518
-0.0378072262
-0.0789936930
0.0602300391
-0.0373329930
0.0143221095
0.0287783090
0.0411533639
0.0180662461
0.0036348645
0.0223270394
0.0064545935
-0.0406487919
0.0112449378
0.0487392582
0.0178957228
-0.0037759349
0.0702273250
-0.0350472815
0.0368702039
-0.0330851562
-0.0884991810
0.0622199774
0.0006892224
0.0245313793
0.0217848588
-0.0990592763
-0.0243173726
-0.0121868327
0.0000510916
-0.0623495840
0.0841780007
-0.0281979553
0.0479006134
-0.0072412738
0.0260237698
-0.1360087097
0.0018157470
-0.1210086197
0.4395983815
-0.0602758043
-0.0639536306
-0.0509261489
-0.0161664579
0.0364648141
0.0041619185
0.0017881816
0.0068523115
-0.0257359464
0.0022044154
0.0034528719
0.0224657282
-0.0140294414
0.0110298693
-0.0192084443
0.0280859508
-0.0239649285
0.0058492785
0.4041930437
-0.0537360124
0.0065268003
-0.0092527661
-0.0061424566
0.0523409098
-0.0180847757
-0.0364611037
-0.0753610805
0.0555212125
-0.0407529883
0.0095307902
0.0112793874
0.0389440544
0.0235309675
0.0075219972
0.0304516554
0.0062097632
-0.0401394293
0.0123641621
0.0478598885
0.0486068018
-0.0066615576
0.0831800923
-0.0290081855
0.0422549807
-0.0384301580
-0.0729303882
0.0622481443
0.0021293731
0.0261407085
0.0112256017
-0.0965767205
-0.0288420264
-0.0152710164
0.0007844542
-0.0636874586
0.0801508948
-0.0283916760
0.0448272489
-0.0076124733
0.0273221415
-0.1350077242
0.0020201684
-0.1170315444
0.4369334280
-0.0621492788
-0.0629613101
-0.0519603230
-0.0161320847
0.0365671813
0.0058156489
-0.0056842309
0.0077803493
-0.0256993305
0.0021853335
0.0038674071
0.0194006097
-0.0170906186
0.0119781522
-0.0196519680
0.0286174007
-0.0192151591
0.0076073194
0.4047599137
-0.0542588942
0.0087078111
-0.0109451506
-0.0032605026
0.0573837608
-0.0206235051
-0.0367797166
-0.0705749765
0.0552844629
-0.0407462642
0.0086628366
0.0090465937
0.0374653526
0.0245335344
0.0083641419
0.0307722930
0.0062569915
-0.0393909924
0.0137954382
0.0484597944
0.0509642810
-0.0062110615
0.0862972140
-0.0293619502
0.0421457067
-0.0387700349
-0.0705914870
0.0615348443
0.0011664488
0.0256639142
0.0109018032
-0.0957118347
-0.0293686017
-0.0194354206
0.0058139469
-0.0627804920
0.0753633454
-0.0348749682
0.0470731407
-0.0076621366
0.0292566232
-0.1288315058
0.0055594579
-0.0951283723
0.4234393835
-0.0716817901
-0.0718943030
-0.0587223805
-0.0152901243
0.0383729897
0.0076379972
-0.0126726404
0.0116712330
-0.0255128704
0.0007217685
0.0004976995
0.0214674436
-0.0273468755
0.0150488373
-0.0156896152
0.0273483861
-0.0112159150
0.0134712188
0.4046834707
-0.0531806797
0.0032721735
-0.0174498875
0.0013633311
0.0637054592
-0.0156664643
-0.0359932370
-0.0731438994
0.0536592565
-0.0385082923
0.0030233653
0.0004597389
0.0383940563
0.0283777285
0.0084700109
0.0376312323
0.0076194271
-0.0412527286
0.0262546502
0.0487899594
0.0688706711
-0.0103369337
0.1003843844
-0.0248076394
0.0441624150
-0.0404339507
-0.0533896014
0.0531134903
-0.0024327149
0.0280316006
0.0097002806
-0.0914243236
-0.0349518880
-0.0068224319
-0.0057255640
-0.0683127195
0.1032133922
-0.0278279297
0.0445483774
-0.0059645809
0.0326141343
-0.1676405817
-0.0014962538
-0.1099651083
0.4737310708
-0.0603128374
-0.0709961355
-0.0417962484
-0.0125869662
0.0403744020
0.0080477390
-0.0121928593
0.0027735629
-0.0258741137
0.0098682223
0.0073144566
0.0235512033
-0.0325769298
0.0150413709
-0.0245373882
0.0288533829
-0.0340265632
-0.0025896910
0.4192604125
-0.0526707247
0.0037788532
-0.0107048396
-0.0041829450
0.0350789912
-0.0307901707
-0.0344913155
-0.0711515620
0.0542742908
-0.0449338891
0.0133526269
0.0181948002
0.0353479646
0.0290212613
0.0072405613
0.0402013250
0.0038637947
-0.0416272543
0.0009990146
0.0492946692
0.0509126335
-0.0080555230
0.0994145870
-0.0316388793
0.0428117290
-0.0372388102
-0.0713502094
0.0593423806
0.0014024065
0.0317455456
0.0211086608
-0.0952966735
-0.0237321183
-0.0026516747
0.0042419122
-0.0675071180
0.1064795330
-0.0273833200
0.0535444915
-0.0060844356
0.0326274224
-0.1640641391
-0.0021280583
-0.1199211776
0.4635293186
-0.0594787821
-0.0760308430
-0.0406336077
-0.0117342342
0.0411820151
0.0059943800
0.0019846344
0.0015354444
-0.0270432346
0.0091853440
0.0075797178
0.0316328518
-0.0284758881
0.0114865834
-0.0226535592
0.0266367756
-0.0376512222
-0.0027533271
0.4145319760
-0.0497710966
-0.0006768781
-0.0106389895
-0.0088054119
0.0381518267
-0.0224766247
-0.0352917090
-0.0750707239
0.0513319708
-0.0427506790
0.0139260637
0.0188535172
0.0384449288
0.0264559817
0.0032172070
0.0402828828
0.0048866407
-0.0451087803
0.0008663207
0.0487076528
0.0487648770
-0.0110290851
0.0954611748
-0.0298224371
0.0445145369
-0.0360569246
-0.0615134239
0.0614911877
0.0035573670
0.0326205790
0.0160496775
-0.0921347216
-0.0338370763
-0.0178140011
0.0528487824
-0.0321882181
0.0379896052
-0.0182110444
0.0682246760
-0.0172949005
0.0264237728
-0.0772778764
-0.0030843692
-0.1378644407
0.3135922253
-0.0664325431
-0.0729969963
-0.0536877364
-0.0164844338
0.0180987343
0.0055484520
0.0538676940
0.0139610199
-0.0298476368
-0.0177394114
-0.0044418294
0.0483654961
-0.0175975058
0.0073780473
0.0001612101
0.0169169139
0.0262078438
0.0291102212
0.3941883445
-0.0452175513
-0.0079102144
-0.0110643115
-0.0019745068
0.0778990611
0.0084753642
-0.0416478328
-0.1399956197
0.0520575419
-0.0259671770
0.0051021734
0.0333675817
0.0470299795
0.0092208935
0.0093246112
0.0069550360
0.0133828679
-0.0697008595
0.0358705483
0.0468346104
0.0018533434
-0.0370020978
0.0773424506
-0.0127251586
0.0431670211
-0.0363368839
-0.0239583012
0.0822789371
0.0027231588
0.0237265490
-0.0081808493
-0.0759772435
-0.0843338072
-0.0219837073
0.0413805656
-0.0593655445
0.0902387500
-0.0371987633
0.0696755871
-0.0124565437
0.0482698046
-0.1230409741
0.0048660873
-0.1316565126
0.3841272295
-0.0886100307
-0.0767700449
-0.0731521100
-0.0231557079
0.0424515717
0.0091576222
-0.0031080553
0.0064318227
-0.0290916115
-0.0109027093
-0.0008150187
0.0403807908
-0.0369003527
0.0156951863
-0.0000373694
0.0159186888
0.0367560424
0.0223475210
0.4213915765
-0.0514156781
-0.0137387002
-0.0256181043
0.0096489526
0.0929063708
0.0638965517
-0.0400007367
-0.1086044535
0.0415740386
-0.0199930128
-0.0031498475
-0.0040900377
0.0395358428
0.0207425058
-0.0053608646
0.0403912440
0.0080309445
-0.0624664873
0.0563888587
0.0571474805
0.0561082214
-0.0239213128
0.1100274175
-0.0205113329
0.0483920276
-0.0438668169
-0.0399390385
0.0539921522
0.0017002056
0.0344526879
-0.0187190846
-0.0714509264
-0.0847898573
-0.0124303075
0.0451538078
-0.0406657048
0.0623434521
-0.0302098785
0.0556480177
-0.0085560903
0.0273990594
-0.1112982184
-0.0007582348
-0.1596894115
0.3990410864
-0.0774115175
-0.0767913982
-0.0649299473
-0.0170532148
0.0334791951
0.0007933076
0.0126387002
0.0059927832
-0.0311144255
-0.0128420135
0.0024540641
0.0439400040
-0.0117952973
0.0159384273
-0.0041171550
0.0140438769
0.0349527635
0.0231413264
0.4209702313
-0.0502933487
-0.0067156763
-0.0053859679
-0.0059366003
0.0537126772
0.0123561751
-0.0413471721
-0.1117823124
0.0553032830
-0.0326673798
0.0075349538
0.0137032373
0.0439122617
0.0134307398
-0.0031987168
0.0194427725
0.0099812290
-0.0504160523
0.0300585441
0.0532441027
0.0283526890
-0.0194617976
0.0946183577
-0.0245826636
0.0402854122
-0.0320293680
-0.0482907295
0.0646800101
-0.0021758550
0.0291081332
0.0082064979
-0.0836642012
-0.0568701737
-0.0144395093
0.0216353554
-0.0484272689
0.0858900174
-0.0251685493
0.0342843346
-0.0061618425
0.0319553018
-0.1387399733
-0.0046818526
-0.1199708208
0.4628001451
-0.0603575371
-0.0368031561
-0.0539120659
-0.0171730239
0.0336965099
0.0085644973
-0.0258350391
0.0060563344
-0.0284467656
-0.0088472841
0.0032676298
0.0264483392
-0.0137429638
0.0190659016
-0.0124488762
0.0205743387
0.0302575007
0.0123738749
0.4388043880
-0.0595134832
0.0078881420
-0.0086998548
-0.0085024862
0.0642976388
-0.0234161410
-0.0352979265
-0.0786278918
0.0621456020
-0.0355792455
0.0134719918
0.0370882675
0.0326396599
0.0207670555
0.0061757001
0.0243612826
0.0101670204
-0.0412293114
0.0214767531
0.0623316839
0.0140563697
-0.0021879328
0.0961825699
-0.0419328772
0.0341587737
-0.0378173739
-0.0945730954
0.0621494912
-0.0062636472
0.0232657921
0.0101257022
-0.0926520973
-0.0211170577
-0.0278153904
0.0251180362
-0.0556134246
0.0596129112
-0.0073354943
0.0321264006
-0.0147362975
0.0397025570
-0.0980341882
-0.0034691186
-0.1280684024
0.3804185092
-0.0567847081
-0.0264771190
-0.0460043363
-0.0191113148
0.0240525622
0.0174559299
0.0056387917
0.0048264298
-0.0244167000
-0.0121027511
0.0009986290
0.0183413997
-0.0216879323
0.0100621181
-0.0095616924
0.0243528299
0.0294281133
0.0131711457
0.4001984894
-0.0609677210
0.0164519399
-0.0198668130
0.0043961392
0.1202442721
-0.0184530616
-0.0388794877
-0.0884335786
0.0619500391
-0.0248822737
0.0069870595
0.0423299372
0.0288286675
0.0163993202
0.0151786106
0.0128456149
0.0116784573
-0.0569291636
0.0353251360
0.0626835972
0.0006661617
-0.0116108907
0.0865735933
-0.0399411060
0.0379658304
-0.0413305163
-0.0655901283
0.0756351203
0.0029318191
0.0138100563
-0.0105788140
-0.0907542035
-0.0445955694
-0.0297492836
0.0162876155
-0.0546701476
0.0550376996
-0.0183225702
0.0497155935
-0.0184534807
0.0391356759
-0.0852914527
0.0016164343
-0.1223810837
0.3645788431
-0.0620988123
-0.0412255339
-0.0478648357
-0.0207555871
0.0328152813
0.0114574078
-0.0068786494
0.0043831766
-0.0287290830
-0.0116941882
0.0018661275
0.0166121721
-0.0188383777
0.0057129296
-0.0113289775
0.0241557453
0.0178528223
0.0209677592
0.3916788399
-0.0541512668
0.0140329003
-0.0220360290
0.0053224745
0.1235818267
0.0021846921
-0.0391710550
-0.0714378133
0.0556931682
-0.0284275599
0.0019634224
0.0088032857
0.0322565548
0.0183477718
0.0112854252
0.0141768521
0.0108261742
-0.0506946519
0.0455720723
0.0604151972
0.0359377526
-0.0136479912
0.0950958058
-0.0303438138
0.0421395563
-0.0446850993
-0.0538339466
0.0773326233
0.0053834859
0.0118082631
-0.0184184574
-0.0873358175
-0.0589034036
-0.0225751735
0.0069197207
-0.0488275550
0.0202958453
-0.0212016702
0.0439763740
-0.0157005992
0.0203633867
-0.0569807105
0.0076975399
-0.1166322306
0.3649271727
-0.0584094599
-0.0506566018
-0.0497296304
-0.0122679099
0.0281084105
0.0049394039
-0.0104251206
0.0096915551
-0.0263236146
-0.0076808468
-0.0043918598
0.0147576090
0.0049405061
0.0003260769
-0.0086126551
0.0266062245
0.0174377300
0.0227544792
0.3710481524
-0.0473346077
0.0230225176
-0.0074117980
-0.0162424017
0.0912227780
-0.0300153438
-0.0423961505
-0.0476270095
0.0636197627
-0.0366870835
0.0030823841
-0.0033557452
0.0365122259
0.0181868467
0.0124388374
0.0072851912
0.0083879502
-0.0315129682
0.0266255420
0.0501958840
0.0339435041
-0.0080024283
0.0856103376
-0.0270018429
0.0413863286
-0.0412328131
-0.0433354974
0.0775015503
0.0045117117
0.0141513078
-0.0014603325
-0.0961939245
-0.0466623642
-0.0185575690
0.0073335981
-0.0586902723
0.0509919189
-0.0258406084
0.0511750355
-0.0127424998
0.0248730835
-0.0907612219
0.0042292899
-0.1197762489
0.3774099350
-0.0630846992
-0.0648670346
-0.0536931641
-0.0139189214
0.0318971351
0.0050930735
-0.0052734152
0.0093037272
-0.0270618200
-0.0033630624
-0.0008243346
0.0210497994
-0.0091352388
0.0040175510
-0.0143878898
0.0268576760
0.0048262323
0.0206322242
0.3851839602
-0.0474584512
0.0142351883
-0.0111055840
-0.0087817004
0.0850656852
-0.0133567313
-0.0406581089
-0.0649928674
0.0548195802
-0.0372269750
0.0038112104
-0.0081899194
0.0370284244
0.0196136460
0.0096975286
0.0188304801
0.0072189425
-0.0384554416
0.0200122166
0.0487981848
0.0484885313
-0.0135892089
0.0919451192
-0.0218313187
0.0452109091
-0.0416116044
-0.0338599905
0.0713975504
0.0034432588
0.0201848801
-0.0035963487
-0.0904185548
-0.0541134961
-0.0067118579
0.0480528921
-0.0359764472
0.1156458110
-0.0145194232
0.0227021948
0.0000864839
0.0309890192
-0.1800208241
-0.0100997621
-0.1498750001
0.5593999028
-0.0555429086
-0.0213535968
-0.0428608470
-0.0154933212
0.0293145031
0.0131132873
0.0011078920
0.0060630832
-0.0244672410
-0.0016590264
-0.0003246870
0.0328647383
-0.0159723293
0.0257104691
0.0054839239
0.0172049943
0.0030972548
-0.0170128401
0.4384628534
-0.0699729323
-0.0060129068
-0.0071377750
-0.0161587279
0.0069352677
0.0573422424
-0.0278984942
-0.0705643371
0.0496717431
-0.0192878526
0.0272751022
0.0697114989
0.0346430689
0.0193075314
0.0028975643
0.0352567881
0.0061753043
-0.0490264744
0.0345359184
0.0534311719
-0.0247485917
0.0067315330
0.0427135751
-0.0581823625
0.0227726176
-0.0291852560
-0.1542340964
0.0376456864
-0.0071143722
0.0327478275
0.0341192223
-0.0864066631
-0.0168309044
-0.0076816957
0.0469195992
-0.0317973234
0.1079882979
-0.0169114508
0.0205058455
-0.0021037867
0.0291702487
-0.1767458916
-0.0082450518
-0.1398832947
0.5661867261
-0.0552766584
-0.0177233331
-0.0426205210
-0.0161997415
0.0281667151
0.0138172973
-0.0131774908
0.0079567097
-0.0236251149
-0.0011415893
-0.0014447087
0.0293427985
-0.0187649745
0.0281316508
0.0046927785
0.0189378075
-0.0008396863
-0.0160872173
0.4439854324
-0.0704303980
-0.0047555086
-0.0041337404
-0.0163427368
-0.0068290313
0.0388964340
-0.0275069196
-0.0572043434
0.0520934314
-0.0236692633
0.0279675741
0.0714484826
0.0345491245
0.0214466602
0.0074160253
0.0355688930
0.0061684274
-0.0443582907
0.0385954902
0.0535202585
-0.0248881131
0.0093600452
0.0416223295
-0.0602068081
0.0219839364
-0.0308094416
-0.1655047387
0.0396248884
-0.0059614410
0.0332380421
0.0366176367
-0.0881264508
-0.0101807788
-0.0134008061
0.0468772911
-0.0280232895
0.0873077512
-0.0181469005
0.0159401223
-0.0036036258
0.0251050238
-0.1594438106
-0.0062405122
-0.1274451315
0.5503622293
-0.0565417260
-0.0120082367
-0.0490194783
-0.0168475956
0.0247645564
0.0137851285
-0.0259040724
0.0125017427
-0.0234911982
-0.0051879976
-0.0029105225
0.0239178259
-0.0125645166
0.0298069585
0.0050232294
0.0202457141
0.0176365320
-0.0096201561
0.4435210228
-0.0706160069
0.0018647597
-0.0018409315
-0.0169249326
0.0000324942
0.0186561365
-0.0295539442
-0.0488272011
0.0578155480
-0.0258741919
0.0258961115
0.0699205920
0.0341774561
0.0226517748
0.0101048816
0.0309474189
0.0083425865
-0.0389354154
0.0433966443
0.0541169755
-0.0282356758
0.0116868895
0.0460680202
-0.0604815520
0.0205902625
-0.0323688686
-0.1643128842
0.0420022495
-0.0074340110
0.0307321344
0.0373386815
-0.0899111852
-0.0062863040
-0.0178007204
0.0447588265
-0.0131954383
0.0653611794
-0.0157040469
0.0146144498
-0.0065535232
0.0228537526
-0.1366089582
-0.0044135270
-0.1180217713
0.5251349807
-0.0562267788
-0.0088144485
-0.0505680293
-0.0144927278
0.0195744801
0.0118899401
-0.0325905159
0.0125097465
-0.0255605374
-0.0121613108
-0.0060626105
0.0241375491
-0.0020203504
0.0289169792
0.0088124992
0.0186091959
0.0382992066
-0.0000347882
0.4453926086
-0.0692092255
0.0059274882
0.0011962423
-0.0176521987
0.0075501716
0.0066027353
-0.0308639165
-0.0618837215
0.0659363717
-0.0258093011
0.0231869835
0.0757168233
0.0354065858
0.0213974826
0.0111395251
0.0205412786
0.0093179271
-0.0406496413
0.0548337102
0.0566067919
-0.0385511704
0.0079830587
0.0668087527
-0.0560312346
0.0184579194
-0.0329853818
-0.1650223136
0.0491636582
-0.0079137729
0.0275514964
0.0448162928
-0.0914493650
-0.0051564965
-0.0167681500
0.0378532670
-0.0015759013
0.0499634631
-0.0156787653
0.0174635015
-0.0097742341
0.0201709848
-0.1228436157
-0.0046509923
-0.1054178178
0.5109241605
-0.0552618578
-0.0166585334
-0.0430734642
-0.0102708051
0.0169978719
0.0108159771
-0.0309435464
0.0131778819
-0.0287650749
-0.0142104086
-0.0086193532
0.0278472267
-0.0018573329
0.0277848784
0.0111006033
0.0168844536
0.0467426553
0.0015987749
0.4403690994
-0.0640629232
0.0038500016
0.0031612702
-0.0226525031
0.0014493284
0.0012506624
-0.0307907835
-0.0680087283
0.0707856342
-0.0281806979
0.0226771515
0.0756644607
0.0372160822
0.0213613715
0.0126031833
0.0147806089
0.0091771055
-0.0409460776
0.0533896424
0.0555034280
-0.0433962867
0.0011698919
0.0763228461
-0.0515823327
0.0171761382
-0.0317924805
-0.1518406272
0.0531859882
-0.0105107315
0.0261363909
0.0515848361
-0.0915366188
-0.0091364328
-0.0161374845
0.0383744836
0.0012878299
0.0518217534
-0.0143960565
0.0257410463
-0.0129544204
0.0228213761
-0.1181676090
-0.0048530963
-0.1015005931
0.5070516467
-0.0524645820
-0.0153896380
-0.0374282040
-0.0106464401
0.0184617806
0.0113345766
-0.0291808564
0.0126360115
-0.0305835027
-0.0142740402
-0.0090982011
0.0291664582
-0.0042345650
0.0255011786
0.0119470013
0.0168143921
0.0427427217
-0.0002473028
0.4358420074
-0.0623320304
0.0021860867
0.0003868466
-0.0235077441
0.0042331899
0.0143611114
-0.0296485648
-0.0633469522
0.0683520734
-0.0272415821
0.0233512800
0.0734551772
0.0371496901
0.0211050939
0.0129663879
0.0141358618
0.0100318864
-0.0428603105
0.0588871017
0.0569273718
-0.0437546149
-0.0011480384
0.0752828270
-0.0513477586
0.0180669725
-0.0335512720
-0.1465846598
0.0563818403
-0.0088924896
0.0241811071
0.0450822376
-0.0887728408
-0.0200237446
0.0001244407
-0.0023836102
-0.0426109955
0.0758803040
-0.0221437365
0.0332398415
-0.0097528500
0.0065798564
-0.1356389523
-0.0130210351
-0.0967799351
0.4550775290
-0.0425771289
-0.0523881391
-0.0329979658
-0.0103917159
0.0150971198
0.0038867611
0.0226384271
0.0197241008
-0.0291234665
-0.0025392193
0.0000253654
0.0313383043
-0.0099979779
0.0155907460
-0.0163024571
0.0238208361
0.0200688913
-0.0131937070
0.4205122888
-0.0517170615
0.0064317072
0.0155178588
-0.0290087350
-0.0189283527
-0.0466158986
-0.0408261195
-0.0749988034
0.0652946681
-0.0496358499
0.0272160340
0.0502412617
0.0355000086
0.0146004446
0.0143133663
0.0120721282
0.0074831056
-0.0348626599
-0.0144061763
0.0452925935
-0.0420343541
-0.0142903663
0.0551434346
-0.0331429057
0.0284132380
-0.0371153876
-0.0814914778
0.0705982596
-0.0078226738
0.0263944454
0.0321664698
-0.0982879102
-0.0280422699
-0.0496226288
0.0577368028
-0.0442883261
0.0552615449
-0.0403006785
0.0654244050
-0.0187297985
0.0478132553
-0.0876980945
0.0035222312
-0.0819700509
0.3419274688
-0.0986534134
-0.0651134253
-0.0861716345
-0.0281981193
0.0320016965
0.0180610437
-0.0228098668
0.0253132042
-0.0352805927
-0.0236627180
-0.0084700966
0.0227653552
-0.0490482859
0.0240888428
-0.0000788488
0.0212389622
0.0639468208
0.0370765254
0.4089095592
-0.0577546693
-0.0086384295
-0.0448830128
0.0322459675
0.1304037720
0.0919493437
-0.0347401798
-0.0916895494
0.0374438986
-0.0162706133
-0.0113664567
-0.0205247123
0.0352396891
0.0246437434
0.0115952482
0.0351497419
0.0172546450
-0.0653517917
0.0950756520
0.0635336414
0.0754040405
-0.0306701586
0.1060009673
-0.0182792116
0.0455501266
-0.0524289683
-0.0202314910
0.0474778078
-0.0110533563
0.0198439769
-0.0303491000
-0.0608245172
-0.1026179269
-0.0242008120
0.0627014935
-0.0448782519
0.0751029849
-0.0339297503
0.0523326173
-0.0071607498
0.0378376581
-0.1353215426
-0.0045088809
-0.1311063766
0.4093992412
-0.0877447203
-0.0744316578
-0.0784838498
-0.0208724812
0.0284367763
0.0131026627
-0.0079594934
0.0193967968
-0.0318639502
-0.0123619698
-0.0020303314
0.0388430543
-0.0376536325
0.0257686079
-0.0039544301
0.0191248525
0.0469679832
0.0251156539
0.4312067926
-0.0549912676
-0.0108671626
-0.0213872101
0.0102290204
0.0645529851
0.0530006066
-0.0371651836
-0.1078721136
0.0406075083
-0.0249041468
0.0055479696
0.0086720549
0.0401493832
0.0181401260
0.0043202131
0.0360564180
0.0098091867
-0.0580961742
0.0407403819
0.0528241806
0.0365361460
-0.0240627211
0.0832058787
-0.0241382811
0.0416955538
-0.0380035825
-0.0410964452
0.0511867292
-0.0103138983
0.0354377665
-0.0038850484
-0.0685029328
-0.0797585845
-0.0173621457
0.0571056195
-0.0004746580
0.0127604762
-0.0211646408
0.0217384789
-0.0116688954
0.0140182264
-0.0924942419
-0.0023742940
-0.0815868154
0.4770973623
-0.0579366982
-0.0260445960
-0.0412809774
-0.0054791137
0.0127530666
0.0141515434
-0.0442625619
0.0243199188
-0.0301602986
-0.0115246512
-0.0129874144
0.0309100896
-0.0120499562
0.0251251012
0.0119235702
0.0182868224
0.0635120794
0.0109847980
0.4259010851
-0.0540736504
0.0050959764
0.0017126418
-0.0316659957
-0.0048201270
-0.0257082712
-0.0310450643
-0.0249623843
0.0666608736
-0.0334453285
0.0229553655
0.0617463142
0.0385953784
0.0218442529
0.0200987812
0.0155408476
0.0125170154
-0.0322760642
0.0519435257
0.0496568494
-0.0326035917
-0.0043110871
0.0531759299
-0.0501818545
0.0200854484
-0.0342300311
-0.1139944792
0.0577889867
-0.0127314711
0.0279909875
0.0396166183
-0.0820950195
-0.0273805093
-0.0130054913
0.0610965826
-0.0001530977
0.0209921021
-0.0212828685
0.0285672843
-0.0120855607
0.0154089872
-0.0952257663
-0.0025286661
-0.0908011720
0.4789216816
-0.0555593595
-0.0275649726
-0.0370083041
-0.0063475184
0.0148987714
0.0125164473
-0.0366487168
0.0210538339
-0.0303014386
-0.0103747845
-0.0114318328
0.0351173095
-0.0123578254
0.0229143780
0.0115464563
0.0175450668
0.0470961854
0.0095656971
0.4254374504
-0.0524960756
0.0016496349
0.0019179388
-0.0331235901
-0.0079901293
-0.0234376173
-0.0304487962
-0.0247430988
0.0635693297
-0.0333022401
0.0245139357
0.0629262477
0.0403987654
0.0201103501
0.0190834925
0.0165209193
0.0124604879
-0.0344431661
0.0522086285
0.0495699421
-0.0292906761
-0.0044528311
0.0471940264
-0.0502704084
0.0213722680
-0.0345991999
-0.1183787882
0.0619757958
-0.0085117742
0.0283847358
0.0359003916
-0.0812722445
-0.0292922631
-0.0079543190
0.0657864884
-0.0130934678
0.0419896804
-0.0233109090
0.0337936059
-0.0103818830
0.0182284247
-0.1184976920
-0.0075637642
-0.1086958200
0.4848183990
-0.0575461909
-0.0399244241
-0.0357595719
-0.0113003235
0.0170427728
0.0130850580
-0.0197127964
0.0203522034
-0.0296555702
-0.0057748333
-0.0072148293
0.0410504304
-0.0286139846
0.0243790187
0.0081008868
0.0178745743
0.0320750102
0.0034309127
0.4267422855
-0.0495251007
-0.0066078138
0.0004990079
-0.0299712364
-0.0193960331
-0.0032606223
-0.0312823132
-0.0342749469
0.0529861711
-0.0324232019
0.0265131406
0.0566850230
0.0408659019
0.0190601423
0.0169280712
0.0241396632
0.0103490865
-0.0389846489
0.0387175642
0.0441425331
-0.0234427415
-0.0090858005
0.0290082917
-0.0481940694
0.0240677912
-0.0348741896
-0.1076932400
0.0613308586
-0.0069146068
0.0346764103
0.0276070014
-0.0764639080
-0.0425017029
-0.0032670393
0.0732601658
-0.0283868592
0.0657663643
-0.0249958672
0.0319374651
-0.0062078722
0.0185426679
-0.1513665468
-0.0121201510
-0.1185143963
0.5254884362
-0.0562385246
-0.0384011753
-0.0380794406
-0.0131827341
0.0210179035
0.0145187331
-0.0210971665
0.0215566289
-0.0280615706
0.0003714764
-0.0020073126
0.0379806608
-0.0311397035
0.0273241065
0.0016307469
0.0207903981
0.0239737313
-0.0076056942
0.4349702895
-0.0535306670
-0.0059436536
0.0009738717
-0.0320681781
-0.0297342315
-0.0025580535
-0.0314886905
-0.0139040668
0.0471715555
-0.0353042558
0.0320880376
0.0577661991
0.0382641628
0.0211207662
0.0143538341
0.0338881575
0.0105811106
-0.0342087857
0.0187794566
0.0436553471
-0.0249924455
-0.0013023182
0.0150329228
-0.0561233610
0.0247927047
-0.0335157402
-0.1095539257
0.0545272380
-0.0084942849
0.0378892682
0.0254064482
-0.0744002610
-0.0381190777
0.0008567172
0.0714670122
-0.0397570878
0.0859421641
-0.0273916945
0.0329950117
-0.0020602203
0.0189017486
-0.1762056500
-0.0166837871
-0.1190917790
0.5359755158
-0.0575340427
-0.0487876162
-0.0394966714
-0.0136802616
0.0216852520
0.0148958191
-0.0042756563
0.0230338443
-0.0274156723
0.0033833636
0.0005416952
0.0423134118
-0.0373050012
0.0290980935
-0.0029741714
0.0216460358
0.0193296690
-0.0146436756
0.4364781976
-0.0533873774
-0.0118204327
0.0000391644
-0.0319231376
-0.0318886414
0.0024511556
-0.0319349617
-0.0267610643
0.0431981720
-0.0357398093
0.0335585363
0.0595795922
0.0387835763
0.0220185723
0.0115334699
0.0413093828
0.0104211178
-0.0374077857
0.0006108503
0.0403968617
-0.0245401748
-0.0040544602
0.0089293011
-0.0551352724
0.0262827016
-0.0318780839
-0.0975377634
0.0492321514
-0.0115785459
0.0421438627
0.0254340768
-0.0732567087
-0.0394563451
-0.0004375212
0.0024234173
-0.0572532490
0.1460843086
-0.0119477371
0.0239767451
0.0003414269
0.0371163972
-0.2251918763
-0.0110755702
-0.1670138240
0.6321789026
-0.0468876846
-0.0197704881
-0.0253148619
-0.0115257213
0.0405400544
0.0135917757
-0.0152159240
-0.0056569329
-0.0268767793
0.0155642452
0.0051719607
0.0162512027
-0.0125368470
0.0171557721
-0.0085783266
0.0237577260
-0.0062659821
-0.0377065949
0.4389395416
-0.0737316534
0.0036753276
-0.0066841110
-0.0200767424
-0.0082907071
0.0768714994
-0.0232941713
-0.0379698612
0.0472162105
-0.0291632898
0.0338874571
0.0577213168
0.0266930703
0.0207074434
0.0029054268
0.0413440205
-0.0029120406
-0.0378810689
-0.0066454378
0.0552333184
-0.0116776368
0.0143389041
0.0298244487
-0.0692192987
0.0268330332
-0.0308870021
-0.1760424823
0.0372032225
-0.0054949969
0.0294947494
0.0366298445
-0.0932907239
0.0028348356
-0.0025336640
0.0066146455
-0.0509883575
0.1337396502
-0.0156764276
0.0228723120
-0.0022418434
0.0347733833
-0.2115012854
-0.0088409930
-0.1629057378
0.6169090867
-0.0496382378
-0.0187615119
-0.0296806637
-0.0154361008
0.0381753072
0.0127396220
-0.0204869602
-0.0036201004
-0.0256463569
0.0114400899
0.0038341694
0.0165484231
-0.0167607144
0.0209395271
-0.0080890758
0.0237677451
-0.0075667473
-0.0318576954
0.4429900944
-0.0729208216
0.0018437009
-0.0031072705
-0.0173485447
-0.0139444210
0.0566862971
-0.0244100112
-0.0392223895
0.0508587882
-0.0317204706
0.0320321918
0.0577337220
0.0287809037
0.0211913828
0.0061890678
0.0387607664
-0.0014155636
-0.0361925401
0.0057366495
0.0551247261
-0.0105215143
0.0142380912
0.0295565166
-0.0683388859
0.0261655767
-0.0326425210
-0.1821836680
0.0415485688
-0.0027283041
0.0303677637
0.0362123288
-0.0955769420
0.0058522779
-0.0103778243
0.0136038540
-0.0461783558
0.1131956503
-0.0203505419
0.0227846224
-0.0031795574
0.0313823372
-0.1911655664
-0.0044549159
-0.1464018673
0.5953373313
-0.0547097251
-0.0160878282
-0.0432751141
-0.0163359642
0.0375014618
0.0118283266
-0.0393723659
0.0026925765
-0.0255790837
0.0060328608
0.0017811419
0.0102279158
-0.0085722944
0.0234131385
-0.0071469978
0.0253284033
0.0086225988
-0.0200874917
0.4443747401
-0.0737894624
0.0079741329
-0.0030198765
-0.0146727646
-0.0024023377
0.0418127663
-0.0267591700
-0.0291362274
0.0542576835
-0.0338345766
0.0274325311
0.0495039076
0.0296002533
0.0242984258
0.0065377522
0.0360609815
0.0018159405
-0.0301252492
0.0201305971
0.0563122369
-0.0046066777
0.0174029749
0.0455053411
-0.0652611479
0.0264499597
-0.0344800390
-0.1749599427
0.0409125797
-0.0042475970
0.0281322114
0.0356752984
-0.0949593037
0.0041984185
-0.0130558629
0.0076146889
-0.0347954966
0.0922659859
-0.0192772169
0.0213189069
-0.0057247477
0.0277128275
-0.1701210588
-0.0033943162
-0.1329528093
0.5692172050
-0.0529782102
-0.0139089469
-0.0458272882
-0.0148560284
0.0322952196
0.0094464924
-0.0477227680
0.0037782139
-0.0271830913
-0.0001814078
-0.0002773092
0.0099369828
0.0018558775
0.0230178386
-0.0062907035
0.0249736607
0.0293551460
-0.0108585069
0.4471963346
-0.0714285150
0.0135400873
0.0016984666
-0.0173000451
0.0043756412
0.0175864585
-0.0290063675
-0.0411600173
0.0636315271
-0.0365204327
0.0252627637
0.0533281900
0.0306283310
0.0236372612
0.0082975458
0.0259534530
0.0029343639
-0.0290786773
0.0233412571
0.0583247058
-0.0146551095
0.0147106107
0.0662255809
-0.0605500713
0.0249846745
-0.0358442776
-0.1709107906
0.0495894477
-0.0052159624
0.0249124747
0.0411396883
-0.0980801731
0.0070543732
-0.0145737715
0.0052532167
-0.0207357649
0.0727958903
-0.0193965156
0.0248422362
-0.0087962188
0.0246764012
-0.1482740939
-0.0026751035
-0.1141242087
0.5399597883
-0.0540489219
-0.0208710004
-0.0428611115
-0.0116296969
0.0272245314
0.0084248008
-0.0403419733
0.0063059693
-0.0290750973
-0.0059284288
-0.0044719656
0.0156325549
0.0036003392
0.0225129072
-0.0006596359
0.0222165044
0.0445485823
-0.0058480706
0.4414920807
-0.0667022541
0.0097085107
0.0024258774
-0.0206972640
0.0064601102
0.0122488141
-0.0298995972
-0.0583787151
0.0699443519
-0.0356188342
0.0225607306
0.0583247133
0.0340168215
0.0232906155
0.0098777069
0.0191553533
0.0047562486
-0.0333334208
0.0297582652
0.0574502461
-0.0224891994
0.0059842090
0.0796258077
-0.0542120226
0.0234240778
-0.0354099385
-0.1562149823
0.0532735139
-0.0078551294
0.0234706216
0.0473728701
-0.0973431170
0.0011222925
-0.0090631135
0.0062457127
-0.0225109048
0.0879397616
-0.0198513027
0.0335907936
-0.0104307598
0.0278444607
-0.1656518131
-0.0072457073
-0.1248899102
0.5564521551
-0.0518945269
-0.0266049914
-0.0346284024
-0.0124422060
0.0301465448
0.0087788925
-0.0351795629
0.0041156644
-0.0319964588
-0.0027236957
-0.0014189152
0.0200710539
-0.0045332117
0.0221224539
-0.0039901161
0.0214400105
0.0352374278
-0.0119988546
0.4456317425
-0.0646377951
0.0045464719
0.0015328638
-0.0217191111
-0.0035637859
0.0279036649
-0.0278750118
-0.0574221611
0.0641518384
-0.0377140008
0.0266503114
0.0563881435
0.0333365649
0.0218840130
0.0097038159
0.0218406990
0.0036446506
-0.0352985598
0.0176000819
0.0579115637
-0.0221950114
0.0027409028
0.0708484352
-0.0556550473
0.0244638864
-0.0349375196
-0.1512681097
0.0559847541
-0.0078048268
0.0238035824
0.0413624384
-0.0933370218
-0.0076613165
-0.0141326385
0.0284614917
-0.0417846106
0.0604109839
-0.0317673571
0.0493052006
-0.0100889299
0.0143005345
-0.1293646693
-0.0109437006
-0.1089662313
0.3979402483
-0.0678880140
-0.0817297921
-0.0511502922
-0.0188975502
0.0185244214
0.0065681241
0.0411730073
0.0241435822
-0.0302460101
-0.0072273398
0.0021980479
0.0390733890
-0.0360766798
0.0236078352
-0.0145214312
0.0224139281
0.0168349557
0.0087473867
0.4101803601
-0.0488989279
-0.0114631318
-0.0035120242
-0.0027608171
0.0181165915
-0.0131878890
-0.0367767252
-0.1119799316
0.0533062518
-0.0426708460
0.0153431492
0.0268277004
0.0435199589
0.0172456168
0.0164044872
0.0202489924
0.0124561656
-0.0504429415
0.0065905368
0.0399470292
0.0135194818
-0.0281321183
0.0448478833
-0.0228947531
0.0354984887
-0.0348672010
-0.0433314890
0.0646636412
-0.0105661806
0.0280123483
0.0135181453
-0.0836112052
-0.0528538525
-0.0368295498
0.0350285657
-0.0182367209
-0.0120046595
-0.0272361562
0.0430502370
-0.0154253971
0.0152806696
-0.0454779454
0.0036209191
-0.0838707536
0.3272977769
-0.0758769885
-0.0689484701
-0.0633604750
-0.0139947673
0.0123915635
0.0093553476
0.0058762697
0.0283287037
-0.0327479094
-0.0194066409
-0.0126058506
0.0287711378
-0.0160526726
0.0146767870
0.0046072504
0.0214544926
0.0590984039
0.0377220958
0.3805326521
-0.0436020829
0.0019044001
-0.0126842493
-0.0017031785
0.0599954017
0.0043189754
-0.0409528203
-0.0959037319
0.0588217415
-0.0305463150
-0.0006610597
0.0084438995
0.0460996144
0.0169428587
0.0188728888
0.0049249399
0.0134670474
-0.0477656759
0.0548665933
0.0421203189
0.0257526208
-0.0306900665
0.0644517913
-0.0145458765
0.0351357758
-0.0393612906
-0.0343606658
0.0690536350
-0.0118398154
0.0234044883
0.0089862347
-0.0816975161
-0.0713479146
-0.0232294276
0.0419663861
-0.0481167808
0.0634879917
-0.0283808243
0.0471418016
-0.0096575022
0.0357666016
-0.1169837192
-0.0022033725
-0.1312610209
0.3937218785
-0.0803395510
-0.0674580708
-0.0620514825
-0.0190401319
0.0276907366
0.0119623905
0.0120181590
0.0129782669
-0.0292783603
-0.0122335618
-0.0036052265
0.0367796756
-0.0351090208
0.0180471539
0.0006412624
0.0168945324
0.0506932288
0.0174699686
0.4116970003
-0.0531419665
-0.0090609761
-0.0195904076
0.0028393972
0.0741988420
0.0444956236
-0.0378677920
-0.1064612269
0.0481051467
-0.0217668749
0.0043760813
0.0171429981
0.0391132236
0.0165893286
0.0057806033
0.0276724901
0.0090601956
-0.0590934381
0.0381615683
0.0511220023
0.0278528631
-0.0249699019
0.0739093050
-0.0278226063
0.0392786711
-0.0386693962
-0.0484545678
0.0555832535
-0.0062665720
0.0303666331
-0.0011837879
-0.0757247359
-0.0658333451
-0.0079852678
0.0214267056
-0.0311636273
0.0771400258
-0.0196686443
0.0268100817
-0.0093543837
0.0280667748
-0.1603511721
-0.0081807161
-0.1231164560
0.5525629520
-0.0492100790
-0.0165895708
-0.0319893733
-0.0107378373
0.0291649196
0.0116500650
-0.0543053746
0.0050505782
-0.0325562619
-0.0010619772
0.0009612666
0.0188310295
-0.0065745497
0.0195872653
-0.0090249190
0.0217520744
0.0545759797
-0.0089640887
0.4510095119
-0.0628834590
0.0127685256
0.0025057415
-0.0272079725
0.0072116628
-0.0099840946
-0.0286353715
-0.0152972685
0.0632126853
-0.0416353233
0.0308030006
0.0575219467
0.0294622891
0.0191843025
0.0135413641
0.0208665822
0.0066223480
-0.0286241807
0.0079312092
0.0621691681
-0.0241352078
0.0069917440
0.0552584864
-0.0646107942
0.0250694435
-0.0368558913
-0.1455885172
0.0638156235
-0.0069574495
0.0231164321
0.0301725436
-0.0893005878
-0.0043877196
-0.0037517578
0.0272592232
-0.0295972954
0.0817483962
-0.0191235896
0.0281742197
-0.0089224670
0.0271981154
-0.1658721864
-0.0106081972
-0.1295849830
0.5580739379
-0.0468207859
-0.0190816335
-0.0263945609
-0.0113740480
0.0272189882
0.0117722070
-0.0445111506
0.0050067003
-0.0321951360
0.0008450187
0.0012118452
0.0240570325
-0.0123401312
0.0196281392
-0.0080967471
0.0214583073
0.0407227837
-0.0118888114
0.4496651888
-0.0603152327
0.0078114839
0.0036247193
-0.0300008208
-0.0061352318
-0.0057741231
-0.0278044026
-0.0159169361
0.0589839295
-0.0407428592
0.0336696357
0.0615207739
0.0313338079
0.0175977889
0.0150170596
0.0224711429
0.0058184764
-0.0311678182
0.0045921807
0.0581840090
-0.0271135382
0.0049208663
0.0383727513
-0.0648346096
0.0244004373
-0.0367304571
-0.1502418816
0.0661585331
-0.0053079380
0.0261385553
0.0297151245
-0.0870180279
-0.0074493634
0.0016288465
0.0349650569
-0.0362487659
0.0971457660
-0.0182454418
0.0331470594
-0.0090587949
0.0280431695
-0.1820821464
-0.0145184919
-0.1463049054
0.5807306170
-0.0435556434
-0.0193701312
-0.0185521021
-0.0140010174
0.0296080802
0.0125064943
-0.0289675947
0.0032752759
-0.0321580358
0.0049139489
0.0045435671
0.0277660917
-0.0180672742
0.0194245521
-0.0086715948
0.0211390536
0.0235059969
-0.0236697681
0.4442400932
-0.0596080162
0.0022494018
0.0027099410
-0.0340078771
-0.0155243305
0.0099444976
-0.0267326627
-0.0038761892
0.0528984144
-0.0390242413
0.0387296192
0.0630008727
0.0311646517
0.0162168480
0.0136376880
0.0279715471
0.0062078172
-0.0319614969
-0.0052177561
0.0559930652
-0.0291543771
0.0069254171
0.0117716212
-0.0713428408
0.0241585281
-0.0359415710
-0.1529005468
0.0650295988
-0.0029180925
0.0279504322
0.0231315698
-0.0841495171
-0.0113079473
0.0017455342
0.0449607894
-0.0451636016
0.0951896682
-0.0206802487
0.0324667096
-0.0075590797
0.0235721283
-0.1892046779
-0.0172749069
-0.1401953995
0.5865555406
-0.0450225957
-0.0244435556
-0.0228259638
-0.0142601179
0.0278562829
0.0141925942
-0.0265247002
0.0110190799
-0.0311996210
0.0078221140
0.0057310583
0.0248665567
-0.0210825279
0.0210570525
-0.0120919542
0.0246405900
0.0247724000
-0.0284971613
0.4390589893
-0.0593740940
0.0037939684
0.0028015822
-0.0371344797
-0.0248807035
0.0037236363
-0.0290864073
0.0157629326
0.0480298176
-0.0419987775
0.0408883095
0.0588246360
0.0309962127
0.0178821851
0.0156919900
0.0337715447
0.0080728326
-0.0274453908
-0.0202093162
0.0516270176
-0.0281328522
0.0084730554
-0.0061834874
-0.0732430071
0.0254370403
-0.0355157517
-0.1361420751
0.0616681986
-0.0060386211
0.0302269012
0.0199503433
-0.0804493651
-0.0164739266
0.0034486330
0.0399679132
-0.0581328273
0.1154204085
-0.0156131247
0.0294134468
-0.0041061467
0.0272664204
-0.2091575861
-0.0212115105
-0.1578618288
0.6008235812
-0.0431992449
-0.0237556715
-0.0225956794
-0.0141632836
0.0312143620
0.0145202344
-0.0148672890
0.0066681933
-0.0309084728
0.0110331001
0.0101913689
0.0229317062
-0.0191190522
0.0190968998
-0.0156036550
0.0253838468
0.0247214418
-0.0358385853
0.4362422228
-0.0619539209
0.0065430361
0.0007862352
-0.0360840037
-0.0120503465
0.0211563930
-0.0305574760
0.0061114524
0.0450171530
-0.0385819748
0.0425444357
0.0584699064
0.0278942809
0.0170431212
0.0098694582
0.0367347002
0.0065777483
-0.0298555270
-0.0341740847
0.0521426573
-0.0305017047
0.0102859791
-0.0080191204
-0.0756647661
0.0265075602
-0.0339740366
-0.1318561584
0.0580058359
-0.0064359400
0.0300505552
0.0191307440
-0.0818197727
-0.0160274114
0.0030300724
0.0086831935
-0.0635894686
0.1473573148
-0.0152926026
0.0248542838
0.0025574975
0.0314075947
-0.2348450869
-0.0175548624
-0.1661891490
0.6240502000
-0.0497549921
-0.0329273455
-0.0286104400
-0.0142315635
0.0346877798
0.0139400298
0.0143895652
0.0021573894
-0.0252307653
0.0141872466
0.0048051407
0.0242633466
-0.0194416102
0.0203839634
-0.0087815924
0.0238840096
-0.0013555568
-0.0418013558
0.4331303537
-0.0722347051
-0.0042387359
-0.0065631215
-0.0229463484
-0.0125649059
0.0734214857
-0.0233835224
-0.0661039576
0.0456597544
-0.0280255787
0.0346060432
0.0640934408
0.0296013784
0.0186075140
0.0062426347
0.0446016267
-0.0021057928
-0.0426202491
-0.0365136452
0.0484874919
-0.0167615283
0.0080973078
0.0073691630
-0.0674176216
0.0272556636
-0.0281407945
-0.1551282555
0.0348654166
-0.0117361126
0.0319172516
0.0322354883
-0.0914286822
0.0010443311
0.0039492180
0.0096869366
-0.0655161589
0.1482632905
-0.0180947892
0.0224261470
0.0025032493
0.0302089676
-0.2411155999
-0.0166903362
-0.1682057530
0.6352695227
-0.0505516008
-0.0316247717
-0.0319115482
-0.0177504588
0.0353865959
0.0135623440
0.0056738458
0.0020968078
-0.0232960116
0.0150713986
0.0060654683
0.0234053470
-0.0234657470
0.0241774898
-0.0109402882
0.0250589289
-0.0058955308
-0.0424145386
0.4442901909
-0.0726195723
-0.0047835102
-0.0018572004
-0.0214358810
-0.0292182639
0.0538141765
-0.0240658578
-0.0614924356
0.0482702255
-0.0324988738
0.0353764482
0.0673648566
0.0296930969
0.0203563068
0.0071092979
0.0460420772
-0.0019418821
-0.0389957316
-0.0360066295
0.0483982712
-0.0183271971
0.0112640187
0.0058479593
-0.0700760931
0.0269071218
-0.0288265869
-0.1683197916
0.0364019051
-0.0095373550
0.0357149355
0.0344464667
-0.0942913443
0.0089360634
-0.0047489316
0.0192543715
-0.0575668775
0.1271634400
-0.0230906885
0.0247834250
0.0001851116
0.0262599606
-0.2181672007
-0.0122829368
-0.1466714889
0.6083894968
-0.0541499816
-0.0238994136
-0.0484867170
-0.0214060955
0.0321404748
0.0119783981
-0.0128096957
0.0099391919
-0.0233118217
0.0063717989
0.0033678666
0.0186785106
-0.0119563909
0.0268855561
-0.0100179110
0.0266000945
0.0137738092
-0.0286482144
0.4512312412
-0.0741747394
0.0015208597
-0.0009767370
-0.0183490366
-0.0164749101
0.0325277932
-0.0263809953
-0.0578141324
0.0526041836
-0.0345563777
0.0306607969
0.0657373294
0.0320097320
0.0218116734
0.0104181096
0.0415260717
0.0027480605
-0.0357099324
-0.0195285231
0.0512734912
-0.0173245892
0.0139483381
0.0184731558
-0.0673264116
0.0268787388
-0.0325709358
-0.1708518416
0.0403752103
-0.0102732051
0.0327009074
0.0300349761
-0.0935754851
0.0086488202
-0.0063691796
0.0161937941
-0.0439656936
0.1096559018
-0.0216103662
0.0213778950
-0.0010650251
0.0230225306
-0.2016311586
-0.0099448180
-0.1331048310
0.5997292399
-0.0531163178
-0.0210069716
-0.0477255583
-0.0162712876
0.0288608428
0.0106913913
-0.0236964393
0.0105380705
-0.0249350909
0.0030818321
-0.0000505033
0.0176534913
-0.0018491780
0.0265549608
-0.0060173827
0.0252394825
0.0262470301
-0.0231434926
0.4509738684
-0.0735254139
0.0052411407
0.0020619698
-0.0232157689
-0.0158235319
0.0221519824
-0.0269798804
-0.0564930923
0.0586697049
-0.0350439698
0.0297104958
0.0685575828
0.0330057591
0.0226025525
0.0106459912
0.0355318449
0.0026382559
-0.0331369527
-0.0116734123
0.0524934009
-0.0248267222
0.0138749247
0.0363241993
-0.0646299645
0.0242920276
-0.0315261483
-0.1716271639
0.0409994796
-0.0121763283
0.0301176291
0.0403799936
-0.0952331945
0.0129101519
-0.0068617873
0.0047079925
-0.0318014398
0.1018643826
-0.0193893556
0.0278984103
-0.0060583488
0.0254577305
-0.1894581467
-0.0108163767
-0.1250170618
0.5810001493
-0.0507759452
-0.0237879679
-0.0412148908
-0.0150173483
0.0273780189
0.0091406908
-0.0251369756
0.0072013680
-0.0290620979
-0.0017075519
-0.0012582347
0.0212419685
-0.0003234574
0.0245899968
-0.0043615322
0.0229964759
0.0401161462
-0.0190998185
0.4529973865
-0.0688599721
0.0047338298
0.0027145594
-0.0240433197
-0.0103089185
0.0257365722
-0.0271089077
-0.0767759532
0.0637286678
-0.0356900170
0.0278201811
0.0701825023
0.0333768018
0.0216467772
0.0109036360
0.0271834657
0.0022412594
-0.0378119983
-0.0070912605
0.0555893891
-0.0320362560
0.0057693836
0.0577609763
-0.0593109764
0.0235568471
-0.0330799520
-0.1647985429
0.0505438559
-0.0123216789
0.0271667819
0.0425589494
-0.0957004130
0.0052619288
-0.0035199386
0.0100785112
-0.0328584835
0.1040254682
-0.0196220707
0.0353549197
-0.0076998584
0.0260400344
-0.1926084757
-0.0137200067
-0.1310162395
0.5790464878
-0.0492904745
-0.0304297917
-0.0349459127
-0.0141319018
0.0280677546
0.0094976574
-0.0184433106
0.0077362466
-0.0306518190
0.0002576007
-0.0003855585
0.0243169442
-0.0062051350
0.0225115400
-0.0059369016
0.0226601809
0.0357821621
-0.0207848698
0.4488736391
-0.0657581761
0.0015315481
0.0013031065
-0.0260715261
-0.0120294662
0.0352717265
-0.0261230376
-0.0729110986
0.0595789105
-0.0365532599
0.0304541960
0.0662233457
0.0333067998
0.0204415396
0.0112420684
0.0271261986
0.0023562070
-0.0389468707
-0.0161314886
0.0542194024
-0.0315008759
0.0016349537
0.0507118963
-0.0584542006
0.0250770971
-0.0329119712
-0.1488250792
0.0530429780
-0.0122041740
0.0264056697
0.0373215489
-0.0908288062
-0.0057150275
-0.0392781198
0.0257255379
-0.0361297689
0.0218690410
-0.0141581269
0.0388504714
-0.0194118824
0.0288969949
-0.0685072467
-0.0039063641
-0.0989992470
0.3599713147
-0.0641658008
-0.0348962024
-0.0559486672
-0.0200629141
0.0155764353
0.0165945292
0.0028964535
0.0219236482
-0.0304133873
-0.0212805253
-0.0107472595
0.0152513115
-0.0180406440
0.0127640953
0.0008624868
0.0243017264
0.0696992353
0.0207391195
0.3901637197
-0.0560040176
0.0122356070
-0.0196479075
0.0029328566
0.0960789919
0.0325687639
-0.0392714404
-0.0886694267
0.0596154891
-0.0233152565
0.0015939712
0.0263061505
0.0328259952
0.0184122641
0.0205046684
0.0042367955
0.0130774593
-0.0527211018
0.0457086526
0.0555552356
-0.0048172851
-0.0225203428
0.0692090020
-0.0301002096
0.0347251445
-0.0434028283
-0.0523539670
0.0692750067
-0.0101710930
0.0136325704
-0.0072290180
-0.0820221379
-0.0683775693
-0.0227690097
0.0299494937
-0.0388256349
0.0503549911
-0.0159204155
0.0350060873
-0.0119737508
0.0237728208
-0.1107926518
-0.0107544698
-0.1454046816
0.4040280282
-0.0660447851
-0.0494075455
-0.0545466729
-0.0201929007
0.0167161711
0.0102582453
0.0474751741
0.0169320498
-0.0301447883
-0.0172352474
-0.0015912510
0.0288351923
-0.0125210052
0.0199701171
-0.0024539782
0.0195530541
0.0605909266
0.0038383123
0.3942355812
-0.0593552962
0.0011489731
-0.0083548361
-0.0069462261
0.0702655762
0.0357332155
-0.0398724303
-0.1177282482
0.0602568053
-0.0247633792
0.0118295150
0.0372885242
0.0381539613
0.0112263709
0.0103833666
0.0115183732
0.0106968815
-0.0544835478
0.0154325031
0.0489207767
-0.0190276522
-0.0178632960
0.0368957035
-0.0375564583
0.0310895834
-0.0329324640
-0.0627119839
0.0614415742
-0.0109178592
0.0199709311
0.0088187279
-0.0882289261
-0.0495305806
-0.0120538790
0.0051827845
-0.0695884451
0.0885419473
-0.0268767923
0.0293811001
-0.0057718018
0.0286275428
-0.1653809845
-0.0102578159
-0.1263451129
0.4687636793
-0.0690109655
-0.0687528104
-0.0477751344
-0.0158558208
0.0282358695
0.0140056843
0.0097457496
0.0132527817
-0.0257121697
0.0023543516
0.0006240853
0.0256240033
-0.0429558344
0.0205980297
-0.0134128267
0.0245965458
0.0342372954
-0.0076520857
0.4138289094
-0.0563420393
-0.0014483251
-0.0102408165
-0.0071515194
0.0378192663
0.0133389495
-0.0349673703
-0.0935813040
0.0530451015
-0.0342755765
0.0144421440
0.0233664662
0.0313925445
0.0210358687
0.0123035200
0.0351408683
0.0020480780
-0.0445251726
-0.0228108745
0.0454440340
0.0183600541
-0.0161421280
0.0541846603
-0.0387262739
0.0377056003
-0.0354611166
-0.0564031154
0.0493499562
-0.0116959158
0.0321810208
0.0145188067
-0.0884555802
-0.0323606730
-0.0058431285
0.0225519538
-0.0354664922
0.0739889592
-0.0254083704
0.0298657417
-0.0076721767
0.0196637865
-0.1740647405
-0.0121480785
-0.1178217009
0.5589718819
-0.0520432517
-0.0320931002
-0.0378200486
-0.0113406647
0.0241039786
0.0113232527
-0.0413663164
0.0151191941
-0.0316335596
0.0010521318
-0.0016233915
0.0220409892
-0.0091103176
0.0217472799
-0.0093703968
0.0238671936
0.0610261522
-0.0106698805
0.4481102824
-0.0600709245
0.0080105318
0.0046513006
-0.0319225267
-0.0131269395
-0.0043646763
-0.0279682707
-0.0313723832
0.0586506911
-0.0439012051
0.0313983932
0.0565744713
0.0326373801
0.0196542144
0.0171632394
0.0249309279
0.0050746226
-0.0280193929
-0.0228121988
0.0518012829
-0.0262202062
0.0015221538
0.0352774262
-0.0609923191
0.0260706209
-0.0351301245
-0.1311464608
0.0589665286
-0.0140642030
0.0279881358
0.0313543156
-0.0862872824
-0.0071202861
-0.0000121208
0.0350018740
-0.0345204771
0.0825947225
-0.0250109211
0.0355048440
-0.0072725392
0.0196679030
-0.1823174655
-0.0151288928
-0.1323589832
0.5644010901
-0.0507352464
-0.0374837331
-0.0319856517
-0.0122621888
0.0238448530
0.0109212548
-0.0236921888
0.0142491115
-0.0312020238
0.0032198662
-0.0003228044
0.0301909093
-0.0156694297
0.0215851180
-0.0075239325
0.0227597319
0.0423500128
-0.0148083922
0.4464110434
-0.0573470630
-0.0001613518
0.0049960422
-0.0345975645
-0.0277572013
0.0066711628
-0.0272626486
-0.0340430066
0.0522791706
-0.0418342240
0.0345862992
0.0616392270
0.0355742499
0.0176424552
0.0165805630
0.0281595401
0.0048270850
-0.0327362046
-0.0255973581
0.0474890396
-0.0285371300
-0.0011793049
0.0156173361
-0.0612389892
0.0261732023
-0.0338717066
-0.1332449913
0.0606773347
-0.0114661595
0.0317850634
0.0293809697
-0.0819838569
-0.0136874793
0.0035468759
0.0437133759
-0.0484297760
0.0992708951
-0.0293269362
0.0400338359
-0.0059386538
0.0204081461
-0.2063139975
-0.0199980233
-0.1307155639
0.5812659860
-0.0519853830
-0.0465048663
-0.0282930639
-0.0162850823
0.0254213326
0.0142170461
-0.0108532794
0.0183491502
-0.0299698748
0.0091781486
0.0026809054
0.0341507494
-0.0347653404
0.0241370518
-0.0105519947
0.0245778039
0.0266289990
-0.0251257438
0.4430146813
-0.0543450564
-0.0087351324
0.0006485739
-0.0348430015
-0.0405406319
0.0167874526
-0.0262342710
-0.0216814633
0.0418808497
-0.0418203399
0.0376942530
0.0588252693
0.0356467590
0.0197565928
0.0184660926
0.0402298495
0.0058008418
-0.0342431851
-0.0409292802
0.0412783138
-0.0203174595
-0.0031992269
-0.0133785428
-0.0643932745
0.0278237779
-0.0345808305
-0.1216509491
0.0563832149
-0.0124556897
0.0378891975
0.0201704800
-0.0751378983
-0.0225707088
0.0033288253
0.0419204235
-0.0579397604
0.1064552441
-0.0253739376
0.0329261199
-0.0043577389
0.0219325516
-0.2136017531
-0.0208133589
-0.1462846845
0.6018119454
-0.0501608439
-0.0368255191
-0.0293300319
-0.0158602782
0.0289150961
0.0149903642
-0.0150337424
0.0159143191
-0.0299009345
0.0119718891
0.0065048407
0.0250573419
-0.0266257692
0.0230930466
-0.0144411018
0.0267128088
0.0292723496
-0.0328773968
0.4359205365
-0.0596799999
-0.0002979875
0.0004125161
-0.0379308797
-0.0272352062
0.0211942643
-0.0283473153
0.0005794365
0.0416822247
-0.0409871303
0.0405932888
0.0515048988
0.0318355523
0.0187215563
0.0149190547
0.0428128466
0.0057518617
-0.0272996239
-0.0498811267
0.0447416045
-0.0191729348
0.0067470600
-0.0239223968
-0.0728549585
0.0278298240
-0.0333846658
-0.1227548644
0.0522840321
-0.0120735979
0.0344064124
0.0163203459
-0.0784165561
-0.0164586771
0.0062322072
0.0356232561
-0.0702933744
0.1248398200
-0.0189705044
0.0311149899
-0.0007007993
0.0247483812
-0.2294642180
-0.0247415267
-0.1617760211
0.6101422906
-0.0469854847
-0.0405171476
-0.0263388995
-0.0122218058
0.0318076797
0.0152709968
0.0002027370
0.0121536693
-0.0297591202
0.0165196210
0.0100958720
0.0233018361
-0.0236340445
0.0186760332
-0.0182615202
0.0281036831
0.0210391730
-0.0400317796
0.4263531268
-0.0615277551
0.0029107921
-0.0026668813
-0.0384087749
-0.0131740291
0.0369890109
-0.0298632309
-0.0086337598
0.0387115963
-0.0378685668
0.0422085524
0.0495319292
0.0288767982
0.0182692762
0.0094066188
0.0456392840
0.0038897081
-0.0295335297
-0.0669003576
0.0444320366
-0.0183511730
0.0070478381
-0.0198734924
-0.0721134245
0.0300399903
-0.0310140885
-0.1059942842
0.0481936373
-0.0131297288
0.0327193215
0.0171712469
-0.0795127824
-0.0185751729
0.0147680165
0.0374293476
-0.0766208172
0.1625948846
-0.0202308092
0.0380730890
0.0079161227
0.0301258247
-0.2660757303
-0.0235906020
-0.1823686808
0.6332585812
-0.0530315973
-0.0587538593
-0.0312094912
-0.0099145835
0.0371232517
0.0141743487
0.0276812837
0.0059235147
-0.0235403590
0.0228590369
0.0071861371
0.0361835398
-0.0293232016
0.0189557318
-0.0135355433
0.0257364828
-0.0268885940
-0.0400632285
0.4397461116
-0.0681982711
-0.0132892942
-0.0072617317
-0.0260953568
-0.0313139223
0.0632882193
-0.0225228462
-0.0736166462
0.0316325128
-0.0321133658
0.0381496027
0.0672618598
0.0329706520
0.0204646476
0.0042363331
0.0563336909
-0.0038643633
-0.0462335646
-0.0763265043
0.0402197801
-0.0079960059
0.0026661453
0.0017370882
-0.0622975715
0.0350687094
-0.0227204766
-0.1220575869
0.0332184173
-0.0143500278
0.0403930880
0.0273529552
-0.0802490711
-0.0102288984
0.0133666303
0.0389794707
-0.0785912573
0.1648691893
-0.0246099103
0.0348406993
0.0088887848
0.0303004328
-0.2667451203
-0.0226989277
-0.1816479415
0.6329299808
-0.0564938188
-0.0604722723
-0.0329385363
-0.0152580654
0.0387121774
0.0141396346
0.0276023764
0.0052214023
-0.0212288275
0.0213062745
0.0080054337
0.0378114432
-0.0418301895
0.0239168946
-0.0133001497
0.0244357828
-0.0341843665
-0.0393346548
0.4471237361
-0.0671803430
-0.0194342379
-0.0058159260
-0.0195177719
-0.0416306891
0.0551283732
-0.0227401666
-0.0773011968
0.0330440216
-0.0334918462
0.0362712033
0.0692453682
0.0335186906
0.0229869671
0.0036566318
0.0567769594
-0.0023237527
-0.0465404019
-0.0618468821
0.0391380824
-0.0049443296
0.0023774973
0.0021409946
-0.0629328787
0.0333765894
-0.0232653990
-0.1321657300
0.0319489688
-0.0120851314
0.0446304567
0.0307245348
-0.0827976540
-0.0068589151
0.0086289067
0.0202009827
-0.0825939178
0.1561994851
-0.0275111515
0.0335608311
0.0063513052
0.0293815490
-0.2630777061
-0.0180520657
-0.1710746288
0.6358000636
-0.0564272702
-0.0552167743
-0.0407117121
-0.0172706358
0.0411949009
0.0125753507
-0.0003230725
0.0053922641
-0.0215023179
0.0210147388
0.0085870745
0.0265351664
-0.0317635797
0.0239055939
-0.0181326289
0.0278796963
-0.0196180400
-0.0357215367
0.4536627233
-0.0682516545
-0.0081369169
-0.0027621216
-0.0189576354
-0.0367376991
0.0336113609
-0.0245753974
-0.0662320778
0.0406819731
-0.0400045067
0.0331897847
0.0592523403
0.0311000794
0.0258836951
0.0043852329
0.0549474061
-0.0033802532
-0.0369150527
-0.0664440095
0.0425935686
0.0012407990
0.0080990056
0.0210221894
-0.0632913038
0.0347398147
-0.0267440956
-0.1382477582
0.0351319499
-0.0115890354
0.0425729565
0.0296680648
-0.0888100490
0.0032378500
0.0042810002
0.0287146233
-0.0638994798
0.1307082474
-0.0302672721
0.0390253216
0.0030450965
0.0251142588
-0.2375045270
-0.0157279037
-0.1513682753
0.6033591032
-0.0610737465
-0.0606361479
-0.0478774868
-0.0135106528
0.0364257172
0.0102567812
-0.0054567046
0.0115802120
-0.0245829728
0.0131346900
0.0042255716
0.0284057129
-0.0219235495
0.0252548717
-0.0140443500
0.0266766567
-0.0013399288
-0.0230576731
0.4535333216
-0.0668436214
-0.0076883533
-0.0017632638
-0.0203566067
-0.0310812797
0.0257452689
-0.0260183960
-0.0763413534
0.0448579453
-0.0413577333
0.0295283198
0.0576465726
0.0354864523
0.0261253156
0.0065170708
0.0486455299
-0.0010982242
-0.0375285335
-0.0554739535
0.0437569134
0.0000223611
0.0030710783
0.0394729190
-0.0551990569
0.0342981145
-0.0263164788
-0.1234540790
0.0378961153
-0.0154692382
0.0385514423
0.0338135846
-0.0858794227
-0.0035557656
0.0061463951
0.0233634245
-0.0575721376
0.1375807226
-0.0248299949
0.0409244746
0.0000844741
0.0303104538
-0.2368755788
-0.0184208751
-0.1517843604
0.6054462790
-0.0544517860
-0.0526551642
-0.0373908058
-0.0136708803
0.0370512083
0.0105066607
-0.0074978592
0.0049294760
-0.0277619343
0.0108918222
0.0072610751
0.0313464999
-0.0223842356
0.0244275108
-0.0153541546
0.0243259724
0.0020959622
-0.0264217723
0.4594512284
-0.0652433857
-0.0070121442
-0.0017536535
-0.0210531913
-0.0241519809
0.0236779153
-0.0255296715
-0.0783329457
0.0496219359
-0.0412589423
0.0323890448
0.0656149238
0.0329059102
0.0245111175
0.0051977267
0.0433640145
0.0005729882
-0.0413214229
-0.0469661132
0.0511464924
-0.0112927537
0.0015670082
0.0520309359
-0.0581061207
0.0319393761
-0.0277895462
-0.1285476983
0.0462429076
-0.0131259644
0.0353654362
0.0335330442
-0.0870436132
-0.0057490780
0.0079527339
0.0275205448
-0.0608263537
0.1408021152
-0.0246654823
0.0474661738
-0.0013497700
0.0318477415
-0.2358919978
-0.0197910927
-0.1490296870
0.5900163054
-0.0546640009
-0.0598358475
-0.0350349247
-0.0151425693
0.0365159623
0.0106743844
0.0069702598
0.0054008323
-0.0272155851
0.0108477576
0.0070898542
0.0367727540
-0.0310054291
0.0229845289
-0.0150476741
0.0242649764
-0.0041247741
-0.0273133311
0.4551069140
-0.0620788708
-0.0116588641
-0.0043465546
-0.0195719376
-0.0228313357
0.0262216721
-0.0254969336
-0.0919989496
0.0469051935
-0.0395765454
0.0315076597
0.0674040392
0.0340893939
0.0238724221
0.0065162987
0.0446706265
0.0010395781
-0.0481827334
-0.0498049259
0.0491265021
-0.0093194395
-0.0047265985
0.0478796214
-0.0546997674
0.0344140828
-0.0291351136
-0.1164154112
0.0500518493
-0.0113022570
0.0370609537
0.0281410366
-0.0841542482
-0.0150293335
0.0083484855
0.0323123373
-0.0619540587
0.1386269629
-0.0225782208
0.0500511602
-0.0032872299
0.0317885540
-0.2370659709
-0.0224596839
-0.1637938917
0.5968999267
-0.0528581515
-0.0603495538
-0.0306584928
-0.0135330204
0.0375447869
0.0120479511
0.0044334782
0.0058636148
-0.0292775128
0.0137015982
0.0087843612
0.0336726271
-0.0299133845
0.0206402373
-0.0168130063
0.0249643549
-0.0038524852
-0.0294568017
0.4478731155
-0.0613520853
-0.0089696739
-0.0047642570
-0.0222056843
-0.0221058540
0.0409190618
-0.0256057736
-0.0741759017
0.0426725224
-0.0405500159
0.0348972864
0.0591035709
0.0317192636
0.0222806521
0.0054015978
0.0436793119
0.0005342998
-0.0440879837
-0.0576325655
0.0487610251
-0.0116035407
-0.0037736804
0.0397659056
-0.0571800843
0.0350414440
-0.0279454719
-0.1036199778
0.0505327322
-0.0117607834
0.0347761028
0.0235052109
-0.0806767792
-0.0252667796
-0.0024753497
0.0351280160
-0.0714770555
0.1176934466
-0.0218957998
0.0434739664
-0.0037971083
0.0316097774
-0.2012713552
-0.0176315010
-0.1665503830
0.5284150839
-0.0595778488
-0.0569072813
-0.0457633026
-0.0174073149
0.0358497128
0.0108761061
0.0159003548
0.0080667995
-0.0275810752
0.0040684319
0.0097412439
0.0307798497
-0.0213657226
0.0182879511
-0.0159969479
0.0236380752
0.0203483365
-0.0178854484
0.4341055155
-0.0615962185
-0.0007971909
-0.0072875093
-0.0151299434
0.0252349526
0.0233969428
-0.0338676088
-0.0832078829
0.0476357639
-0.0351573527
0.0250143390
0.0485644639
0.0317987017
0.0183640569
0.0028208378
0.0369717069
0.0047524213
-0.0463171192
-0.0433074981
0.0516777448
-0.0057828845
-0.0043604667
0.0444010496
-0.0523813143
0.0368874744
-0.0296811908
-0.0841110647
0.0543738939
-0.0101326136
0.0313745290
0.0106576979
-0.0840627998
-0.0298445076
-0.0026252237
0.0318794101
-0.0720999017
0.1107592806
-0.0235275850
0.0397364274
-0.0031623326
0.0261779223
-0.1956484467
-0.0160705410
-0.1339658797
0.5234550238
-0.0545008145
-0.0490560420
-0.0448254161
-0.0168297570
0.0307336356
0.0116351144
0.0140149221
0.0130382236
-0.0253018122
0.0034971512
0.0071805366
0.0307745542
-0.0191592798
0.0183195397
-0.0166465528
0.0254312661
0.0232032761
-0.0183005743
0.4342016280
-0.0610825308
0.0016712985
-0.0068706274
-0.0206125882
0.0259326007
-0.0120724412
-0.0325600095
-0.0727610439
0.0519935265
-0.0371071734
0.0254880972
0.0599446297
0.0327453502
0.0199989844
0.0104276091
0.0372988097
0.0083036311
-0.0452356339
-0.0465962589
0.0511744730
-0.0082077216
-0.0027083040
0.0367833301
-0.0546163358
0.0353765488
-0.0330711715
-0.0918816999
0.0561361723
-0.0114935245
0.0303112399
0.0103359194
-0.0857993513
-0.0157989264
-0.0004754639
0.0426822640
-0.0694886297
0.1246516556
-0.0237804540
0.0447803549
-0.0028400724
0.0335869528
-0.2152840048
-0.0177908000
-0.1517672837
0.5629695058
-0.0535169505
-0.0424573272
-0.0405021422
-0.0168863982
0.0378180183
0.0130764199
-0.0099200262
0.0066980701
-0.0279057026
0.0072956453
0.0108417850
0.0294233691
-0.0210052170
0.0187914204
-0.0178378075
0.0250396449
0.0203201585
-0.0177208241
0.4493249953
-0.0621388704
0.0012680483
-0.0092081213
-0.0199962873
0.0213741474
0.0061787483
-0.0286249407
-0.0517100655
0.0459760614
-0.0376910307
0.0302551780
0.0594386607
0.0301366039
0.0208414122
0.0066926521
0.0407666899
0.0075348238
-0.0427664965
-0.0421576835
0.0556156859
-0.0035965028
0.0024772217
0.0396092422
-0.0625001043
0.0355212241
-0.0337329209
-0.1083703414
0.0572345853
-0.0091127893
0.0310348291
0.0087271351
-0.0800898597
-0.0175585933
0.0077264407
0.0384577811
-0.0695352033
0.1327853501
-0.0217807461
0.0409651101
-0.0011576674
0.0286855940
-0.2309072167
-0.0225598905
-0.1506321430
0.5892269015
-0.0455936603
-0.0425075889
-0.0301447157
-0.0167498998
0.0324431472
0.0131503269
0.0057281633
0.0075514414
-0.0271607153
0.0114507759
0.0108760688
0.0350156277
-0.0243624784
0.0189718902
-0.0193451494
0.0262086540
0.0045397864
-0.0295750089
0.4485079646
-0.0601650886
-0.0028668481
-0.0037414045
-0.0288897902
-0.0082281381
-0.0061963126
-0.0271106716
-0.0537774153
0.0462050773
-0.0401348509
0.0370642431
0.0743350461
0.0318002962
0.0186190680
0.0117547028
0.0428477190
0.0062218355
-0.0435397141
-0.0626019910
0.0506116711
-0.0168740749
0.0020086144
0.0104419040
-0.0667907521
0.0329616852
-0.0327787176
-0.1224928126
0.0605928898
-0.0094222324
0.0353286527
0.0136321811
-0.0830497518
-0.0080491947
0.0131332129
0.0418178253
-0.0771396831
0.1408080310
-0.0205978416
0.0371725373
-0.0009244347
0.0272295754
-0.2506754100
-0.0281568915
-0.1668478549
0.6209989190
-0.0435162969
-0.0456194356
-0.0194554590
-0.0158557910
0.0333129205
0.0151520688
0.0126534561
0.0071202158
-0.0271220393
0.0177382268
0.0137041369
0.0349780098
-0.0323829986
0.0193691105
-0.0204418339
0.0261332039
-0.0035230967
-0.0432262607
0.4433384240
-0.0590337515
-0.0056085307
-0.0018656849
-0.0358281210
-0.0266536735
0.0060089943
-0.0270262994
-0.0318972245
0.0399683379
-0.0405489430
0.0432576090
0.0735667273
0.0294307061
0.0184386782
0.0116706546
0.0476732291
0.0042723618
-0.0399994887
-0.0845815688
0.0461947583
-0.0232945308
0.0038345440
-0.0162971821
-0.0742838830
0.0312270932
-0.0296296570
-0.1214716583
0.0564552620
-0.0109490817
0.0378484242
0.0144807613
-0.0802607611
-0.0077519463
0.0139622428
0.0511709228
-0.0800298080
0.1462900937
-0.0242704991
0.0412010662
0.0006570688
0.0259553213
-0.2628240883
-0.0315648429
-0.1700151414
0.6322386265
-0.0448669679
-0.0486566126
-0.0251766667
-0.0173923299
0.0337436870
0.0155455563
0.0072798259
0.0108568752
-0.0286200177
0.0193214398
0.0156766791
0.0340577625
-0.0329784118
0.0214752574
-0.0256300047
0.0290465876
-0.0017951967
-0.0412861556
0.4458082616
-0.0586211458
-0.0055640875
-0.0020940767
-0.0366230048
-0.0277229361
0.0075288406
-0.0267413370
-0.0240167547
0.0346633755
-0.0438265353
0.0457379110
0.0667796806
0.0298043285
0.0189446285
0.0113264071
0.0522858538
0.0056826430
-0.0362478234
-0.0940679386
0.0444868691
-0.0169733725
0.0054181120
-0.0273046605
-0.0759284720
0.0332801454
-0.0302310884
-0.1120629534
0.0562142357
-0.0129464306
0.0392714590
0.0089466311
-0.0765456557
-0.0131234322
0.0156061677
0.0420745090
-0.0850257576
0.1507037431
-0.0205222480
0.0382210873
0.0017710730
0.0256053936
-0.2690448761
-0.0328268670
-0.1694226712
0.6327744722
-0.0434437208
-0.0509271622
-0.0225446224
-0.0146006821
0.0320906565
0.0159863625
0.0186474398
0.0113614323
-0.0276976749
0.0219277777
0.0150238434
0.0328223146
-0.0328792408
0.0191680118
-0.0255528800
0.0300285611
0.0004577767
-0.0471665263
0.4384898841
-0.0591825359
-0.0039544860
-0.0010070737
-0.0387401432
-0.0276549067
0.0167578571
-0.0281434301
-0.0332509801
0.0330812410
-0.0417218432
0.0466311909
0.0691543892
0.0287984852
0.0185455196
0.0102893636
0.0538170524
0.0031292192
-0.0380055420
-0.1044142619
0.0407215729
-0.0256857313
0.0032123236
-0.0304561872
-0.0743958727
0.0336506777
-0.0294039473
-0.1068233401
0.0539488941
-0.0131270960
0.0400740951
0.0136175081
-0.0780972242
-0.0136186862
0.0194153879
0.0426847711
-0.0804984793
0.1784733385
-0.0151349008
0.0385975875
0.0133044152
0.0342386141
-0.2806653380
-0.0261675790
-0.1963678896
0.6442115903
-0.0517930649
-0.0646268278
-0.0273123533
-0.0031369429
0.0413699634
0.0147623150
0.0324724987
-0.0009079496
-0.0233390536
0.0292785596
0.0111187287
0.0379314534
-0.0303599350
0.0177369565
-0.0183486920
0.0269875117
-0.0500945561
-0.0391731374
0.4419411421
-0.0700784400
-0.0131437099
-0.0095005622
-0.0222488698
-0.0296173245
0.0577360578
-0.0209533535
-0.0810996443
0.0290960111
-0.0340044200
0.0397251509
0.0726957321
0.0309928190
0.0229288172
-0.0009993658
0.0597663373
-0.0046611312
-0.0496264361
-0.0779146776
0.0421540067
-0.0007047397
0.0035724351
0.0177816115
-0.0611810349
0.0381451100
-0.0187089760
-0.1139634997
0.0310572516
-0.0141879581
0.0403286442
0.0348181315
-0.0812319219
-0.0083678616
0.0197698325
0.0388907455
-0.0848942399
0.1765628904
-0.0177483968
0.0366482548
0.0115421079
0.0353863128
-0.2814914882
-0.0237087011
-0.1945003718
0.6483628750
-0.0535675511
-0.0665221885
-0.0268053766
-0.0040699895
0.0437187180
0.0154119683
0.0239877999
-0.0022576116
-0.0218515676
0.0306535233
0.0110204807
0.0353042185
-0.0359178856
0.0187534988
-0.0198614784
0.0280763563
-0.0543031879
-0.0419494584
0.4447034299
-0.0695851371
-0.0133913299
-0.0077474047
-0.0224131495
-0.0360022150
0.0422709771
-0.0220707059
-0.0699210092
0.0312548019
-0.0371568166
0.0385382995
0.0699372441
0.0306207072
0.0253241807
-0.0006675480
0.0627181530
-0.0052681449
-0.0456622913
-0.0789552778
0.0430999137
0.0037571257
0.0050138338
0.0218349621
-0.0632854030
0.0391669758
-0.0195306223
-0.1155514270
0.0312852934
-0.0112894597
0.0431128927
0.0350330546
-0.0838968828
-0.0027432812
0.0159195922
0.0569162481
-0.0762937665
0.1539243758
-0.0287271030
0.0424413793
0.0092867799
0.0253741760
-0.2684442103
-0.0225978810
-0.1735443473
0.6292093992
-0.0577858351
-0.0710815936
-0.0417998619
-0.0072875489
0.0385515876
0.0127927717
0.0092783049
0.0113613959
-0.0226697773
0.0238754787
0.0087986318
0.0358881801
-0.0292528197
0.0230804402
-0.0201273244
0.0289449655
-0.0444740988
-0.0293458439
0.4535245001
-0.0666758642
-0.0132549610
-0.0032039192
-0.0251019038
-0.0477132127
0.0170578770
-0.0250064339
-0.0570206754
0.0299378447
-0.0435884409
0.0367248729
0.0655158088
0.0361430906
0.0269995574
0.0047657862
0.0606481433
-0.0011524454
-0.0394969434
-0.0806841552
0.0390947983
0.0036899103
0.0048400271
0.0206508394
-0.0580682196
0.0386087783
-0.0209377874
-0.1083599180
0.0345082060
-0.0157525484
0.0441964045
0.0309200417
-0.0781146064
-0.0078629814
0.0034010690
0.0270325821
-0.0681269765
0.1374337226
-0.0241815653
0.0380267650
0.0018784603
0.0316700526
-0.2360454649
-0.0146938842
-0.1419560313
0.6038945913
-0.0550489090
-0.0505838282
-0.0406406932
-0.0084530767
0.0399103388
0.0139684957
-0.0182556491
0.0081167305
-0.0237601753
0.0170072783
0.0044642654
0.0216111317
-0.0225127134
0.0207839906
-0.0158591717
0.0288122762
-0.0169836655
-0.0232577305
0.4475624263
-0.0690205172
0.0003329907
-0.0091717001
-0.0193514638
-0.0074893599
0.0238404274
-0.0243850499
-0.0590854362
0.0421420000
-0.0387202762
0.0291911103
0.0569160506
0.0303213596
0.0294755548
0.0072140004
0.0510012917
-0.0011812639
-0.0384176336
-0.0502373651
0.0487728678
0.0052959495
0.0070169554
0.0575163253
-0.0566458441
0.0365476497
-0.0281715449
-0.1177780926
0.0367347598
-0.0131841125
0.0333650894
0.0300120767
-0.0849478319
-0.0044679353
0.0052838358
0.0292607155
-0.0503052212
0.1283260733
-0.0237810556
0.0475641452
-0.0019753238
0.0305430647
-0.2274505347
-0.0156691130
-0.1460370421
0.5941897035
-0.0542131886
-0.0538275875
-0.0402807295
-0.0090764388
0.0362225585
0.0103160972
-0.0178479906
0.0065543107
-0.0277193617
0.0109720789
0.0032054528
0.0300247632
-0.0150510371
0.0206887498
-0.0125378957
0.0254299641
-0.0011182233
-0.0172810964
0.4595603943
-0.0653082728
-0.0033065765
-0.0031106658
-0.0217059962
-0.0215721503
0.0261362288
-0.0246722233
-0.0828342587
0.0470114984
-0.0408669077
0.0301089063
0.0657015964
0.0340400450
0.0257333331
0.0066821538
0.0419213139
-0.0012331653
-0.0430361778
-0.0449813381
0.0507292859
-0.0104336748
-0.0001426037
0.0698098466
-0.0521921143
0.0349784493
-0.0280734207
-0.1237054318
0.0478803664
-0.0122796493
0.0336874463
0.0342797488
-0.0835507587
-0.0115641467
0.0116760442
0.0327262431
-0.0486477576
0.1258573532
-0.0247982033
0.0504858233
-0.0016462030
0.0268568192
-0.2306052893
-0.0180998836
-0.1490714401
0.5952210426
-0.0542746335
-0.0675726235
-0.0331927910
-0.0034551537
0.0354625322
0.0090540787
-0.0042145262
0.0079799360
-0.0298054311
0.0130556319
0.0030094595
0.0370661318
-0.0149030974
0.0187030490
-0.0117818769
0.0230032261
-0.0074144662
-0.0222509783
0.4523183107
-0.0616555177
-0.0086320806
-0.0009721880
-0.0304148532
-0.0327198468
0.0260356963
-0.0254400503
-0.0798603594
0.0449454598
-0.0423497707
0.0324661210
0.0643476322
0.0370307863
0.0243672319
0.0051613236
0.0433415920
-0.0021353385
-0.0425604731
-0.0633599311
0.0472189188
-0.0122205522
-0.0043796557
0.0642297268
-0.0496018007
0.0349217728
-0.0229777470
-0.1043966934
0.0455837734
-0.0156631619
0.0348350555
0.0374948904
-0.0810533538
-0.0156526268
0.0098155960
0.0403062664
-0.0506237708
0.1285058260
-0.0242448878
0.0556659885
-0.0045718215
0.0278260782
-0.2344426513
-0.0217071343
-0.1530998200
0.6014582515
-0.0524077490
-0.0648158416
-0.0328194797
-0.0073761302
0.0356639400
0.0110568786
-0.0080203833
0.0110062212
-0.0310976710
0.0136530120
0.0046213698
0.0339995176
-0.0201849472
0.0195321105
-0.0143200988
0.0250336193
-0.0046559940
-0.0238659922
0.4516461790
-0.0614134409
-0.0072275992
-0.0035315221
-0.0281991791
-0.0329252891
0.0404766761
-0.0242242105
-0.0697862357
0.0407358930
-0.0432445854
0.0351387784
0.0591788143
0.0340790451
0.0239549465
0.0074637746
0.0430393592
-0.0006442979
-0.0414018817
-0.0655502081
0.0477959476
-0.0140082696
-0.0045038178
0.0546928160
-0.0522983298
0.0355714522
-0.0255510714
-0.0955973342
0.0482679382
-0.0159160737
0.0329743139
0.0279397424
-0.0761673748
-0.0284268167
0.0037081330
0.0454474948
-0.0555643961
0.1198360920
-0.0210165288
0.0493368097
-0.0043376070
0.0282770917
-0.2250520140
-0.0199907590
-0.1585843265
0.5936442614
-0.0531827286
-0.0546811707
-0.0401905477
-0.0079528624
0.0352098718
0.0128091993
-0.0177302025
0.0121886749
-0.0289347898
0.0126116071
0.0045311074
0.0252285395
-0.0144092245
0.0184173658
-0.0142931323
0.0274703484
0.0118033197
-0.0197119899
0.4498699903
-0.0652066842
0.0022866980
-0.0046221823
-0.0247574411
-0.0174737703
0.0385261141
-0.0257966127
-0.0598456338
0.0419671983
-0.0414464958
0.0337982439
0.0577971824
0.0306982081
0.0237257648
0.0073721134
0.0401806571
0.0004368693
-0.0385593809
-0.0591677204
0.0499655306
-0.0172164384
0.0000084000
0.0562922545
-0.0556546226
0.0363169424
-0.0273216031
-0.0961025283
0.0480017364
-0.0148324799
0.0307860784
0.0259367973
-0.0764711574
-0.0270666201
0.0069815186
0.0398539752
-0.0510781705
0.1075513214
-0.0226198416
0.0412437618
-0.0054506790
0.0209273081
-0.2207148820
-0.0204731002
-0.1386326998
0.6075746417
-0.0464020148
-0.0458458327
-0.0331208967
-0.0043259845
0.0307507087
0.0124279074
-0.0313552544
0.0157934483
-0.0308875479
0.0130533045
0.0036247403
0.0232858118
-0.0065781395
0.0183425322
-0.0166901574
0.0276472364
0.0220650211
-0.0245077014
0.4509343803
-0.0638961196
0.0074378853
0.0026548293
-0.0389696583
-0.0293742251
0.0029589930
-0.0265920497
-0.0253963862
0.0470720306
-0.0477470681
0.0391032696
0.0618673824
0.0303116199
0.0225597974
0.0122144893
0.0381504633
0.0017458500
-0.0281386636
-0.0723670274
0.0509062707
-0.0287123453
0.0053182496
0.0423967913
-0.0621245280
0.0322514921
-0.0276540890
-0.1049341038
0.0511454754
-0.0176340360
0.0293715354
0.0285746455
-0.0795406997
-0.0125913499
0.0036855617
0.0586003587
-0.0515281931
0.1074929610
-0.0309077166
0.0487762801
-0.0030913956
0.0235164240
-0.2176091671
-0.0196493585
-0.1335744560
0.5751380920
-0.0561777614
-0.0573298000
-0.0437994413
-0.0105746714
0.0308234189
0.0122143067
-0.0262231175
0.0179289691
-0.0299797207
0.0083331056
0.0046417792
0.0341811106
-0.0222894438
0.0227690209
-0.0161804259
0.0260130111
0.0220210031
-0.0100051053
0.4627648592
-0.0586081259
-0.0034229436
-0.0020967026
-0.0270487498
-0.0250498336
-0.0046322350
-0.0263809022
-0.0466542691
0.0425999500
-0.0466292799
0.0336182378
0.0621275082
0.0351787917
0.0235786736
0.0129186399
0.0411982089
0.0059291888
-0.0377513431
-0.0530743115
0.0485404842
-0.0105716595
-0.0034033568
0.0434164144
-0.0553957373
0.0349163599
-0.0308298208
-0.0987440795
0.0555317774
-0.0164822824
0.0361644253
0.0218779407
-0.0724106282
-0.0231278408
0.0145019684
0.0593843386
-0.0578241572
0.1285731494
-0.0263472982
0.0440298840
-0.0002826994
0.0233924687
-0.2466623187
-0.0265058465
-0.1442407519
0.6144370437
-0.0479840860
-0.0552377068
-0.0272542592
-0.0076714242
0.0299639683
0.0139729436
-0.0083073648
0.0137817524
-0.0290635135
0.0157865863
0.0078833234
0.0394502617
-0.0286575053
0.0221992470
-0.0185491294
0.0261070058
-0.0010584252
-0.0270531215
0.4620321691
-0.0583353043
-0.0082331123
0.0005622071
-0.0367646255
-0.0445425250
-0.0085289543
-0.0246992111
-0.0352702998
0.0376289785
-0.0464597009
0.0420107618
0.0785822794
0.0341524892
0.0225755833
0.0143484138
0.0477825254
0.0045134914
-0.0398865081
-0.0763920248
0.0455115400
-0.0225758757
-0.0011196852
0.0131049054
-0.0645588562
0.0326797031
-0.0280173067
-0.1134918183
0.0548800714
-0.0159718357
0.0393904261
0.0262124743
-0.0727342367
-0.0115786558
0.0180588830
0.0583496243
-0.0643511042
0.1338470727
-0.0238385964
0.0466944873
-0.0000772440
0.0247373283
-0.2514923811
-0.0283083841
-0.1623816192
0.6173383594
-0.0452239811
-0.0595333837
-0.0210991893
-0.0072750454
0.0312982388
0.0141457077
-0.0001897812
0.0110403849
-0.0290065631
0.0205049329
0.0091303140
0.0401637554
-0.0320849717
0.0172222368
-0.0196544621
0.0270760227
-0.0130082360
-0.0302468780
0.4519150257
-0.0551654547
-0.0085882945
0.0002623478
-0.0392803662
-0.0463067926
0.0056374911
-0.0252217576
-0.0334032029
0.0316187032
-0.0449876264
0.0440945365
0.0730378553
0.0339118056
0.0203787405
0.0127099138
0.0491524152
0.0017688058
-0.0401578136
-0.0869683251
0.0410480015
-0.0201449525
-0.0028391255
-0.0004567131
-0.0645147264
0.0349655114
-0.0281525590
-0.1070476547
0.0579599254
-0.0121821621
0.0415252633
0.0220670141
-0.0715318173
-0.0191502757
0.0155093912
0.0686468259
-0.0717799142
0.1393696070
-0.0270177014
0.0471644290
0.0018528178
0.0257498920
-0.2554239035
-0.0284672957
-0.1593506038
0.6155101657
-0.0503115915
-0.0633025467
-0.0261878595
-0.0068050297
0.0349318944
0.0160532314
-0.0004570658
0.0139236581
-0.0281852596
0.0222911593
0.0112572275
0.0365453511
-0.0370884910
0.0197914056
-0.0223371312
0.0289616007
-0.0217923485
-0.0306218639
0.4442636967
-0.0574916452
-0.0099082664
-0.0057823956
-0.0362851210
-0.0321405195
0.0094592702
-0.0260231607
-0.0140689844
0.0260186289
-0.0440896526
0.0429762378
0.0609931648
0.0331319757
0.0241020098
0.0104031106
0.0573341958
0.0046750605
-0.0371113233
-0.0823978484
0.0410502963
-0.0016991978
0.0007381760
-0.0023045640
-0.0651992112
0.0370649286
-0.0278456267
-0.0877490342
0.0488358028
-0.0142168244
0.0401393808
0.0164849218
-0.0678047091
-0.0238373131
0.0194175802
0.0576155260
-0.0844644234
0.1531875283
-0.0198664572
0.0429907814
0.0046132170
0.0261511784
-0.2756857574
-0.0330831595
-0.1708884090
0.6369392276
-0.0443659090
-0.0627607107
-0.0209344178
-0.0053581521
0.0352291204
0.0166475810
0.0076121269
0.0112284832
-0.0274244137
0.0291408263
0.0141827567
0.0328850858
-0.0354306959
0.0158821493
-0.0262977052
0.0315169431
-0.0224181805
-0.0404398032
0.4384850264
-0.0576598607
-0.0039024840
-0.0035807951
-0.0394195728
-0.0354147851
0.0201368313
-0.0271686483
-0.0196947400
0.0232366752
-0.0436548255
0.0472763330
0.0641359985
0.0290076043
0.0233597942
0.0076866345
0.0587056242
0.0006990698
-0.0369802751
-0.1065167561
0.0370685421
-0.0138323242
0.0017378423
-0.0103616556
-0.0675208047
0.0380685776
-0.0264425259
-0.0861925855
0.0492896251
-0.0135036949
0.0419036709
0.0201698728
-0.0702708066
-0.0233578235
0.0149776842
0.0375326872
-0.0751801357
0.1708255112
-0.0154462587
0.0317408256
0.0108769713
0.0310232118
-0.2704716623
-0.0244897287
-0.1725547761
0.6418030858
-0.0495434999
-0.0522024967
-0.0293987449
-0.0045192568
0.0360241644
0.0162264537
0.0264500398
0.0050305808
-0.0229140446
0.0257921759
0.0078195855
0.0304439683
-0.0269074365
0.0196860861
-0.0183551777
0.0294453278
-0.0441328473
-0.0419620723
0.4369533658
-0.0732737407
-0.0083524818
-0.0089257983
-0.0244903211
-0.0249343030
0.0521627776
-0.0217262376
-0.0650951862
0.0313032717
-0.0336435102
0.0401842929
0.0720628947
0.0312382411
0.0231089108
0.0059941779
0.0589203425
-0.0027702730
-0.0458199382
-0.0698781833
0.0429489687
-0.0068339622
0.0070523708
0.0058894590
-0.0640375018
0.0353355408
-0.0225213990
-0.1242300868
0.0302237570
-0.0146255931
0.0366363712
0.0337861441
-0.0832510665
-0.0029364368
0.0116797872
0.0452034622
-0.0687369406
0.1582807153
-0.0209919941
0.0366028398
0.0093560768
0.0297147315
-0.2549327612
-0.0180121660
-0.1679601967
0.6296092868
-0.0526100732
-0.0484220646
-0.0374583341
-0.0050616004
0.0378126688
0.0143721150
0.0116747441
0.0073113656
-0.0223871712
0.0218252596
0.0052215084
0.0309284385
-0.0158062261
0.0188627504
-0.0134049235
0.0272630658
-0.0423752889
-0.0317953788
0.4423447847
-0.0737137869
-0.0079973387
-0.0087216729
-0.0254139602
-0.0212411489
0.0449299775
-0.0223999880
-0.0541692153
0.0319181979
-0.0332516320
0.0360985622
0.0696563870
0.0343803838
0.0233143512
0.0047269906
0.0581914485
-0.0013182221
-0.0427960940
-0.0560963973
0.0448478572
-0.0012637383
0.0108778644
0.0177789517
-0.0620017797
0.0355982408
-0.0229300279
-0.1340451390
0.0296913795
-0.0134300441
0.0364822857
0.0295668636
-0.0816169456
-0.0015078320
0.0061031519
0.0489642322
-0.0549538136
0.1340281665
-0.0191909317
0.0311963558
0.0070143989
0.0246141553
-0.2326434404
-0.0168464165
-0.1680488288
0.6171714664
-0.0553482659
-0.0469529256
-0.0420807675
-0.0028218711
0.0332372710
0.0135883661
0.0038007181
0.0114214104
-0.0245637968
0.0175441317
0.0023331093
0.0253655128
-0.0082504209
0.0205970407
-0.0104640191
0.0274127200
-0.0221094247
-0.0258438699
0.4366346598
-0.0745237693
-0.0026727989
-0.0057136840
-0.0260004960
-0.0239209104
0.0498507842
-0.0239508543
-0.0493678562
0.0361130424
-0.0342699587
0.0354971550
0.0626596883
0.0346794054
0.0217933301
0.0062251058
0.0499111116
-0.0007308457
-0.0376223661
-0.0447949544
0.0450477377
-0.0067200861
0.0105569111
0.0206698850
-0.0601968579
0.0329238512
-0.0218348019
-0.1264395267
0.0293832235
-0.0161171388
0.0328024775
0.0375270769
-0.0822843537
-0.0051089097
0.0084759248
0.0501892753
-0.0523744635
0.1409263909
-0.0213372484
0.0343179964
0.0076744519
0.0259416271
-0.2427032888
-0.0185593963
-0.1715290546
0.6167021990
-0.0586892851
-0.0512498505
-0.0470230393
-0.0044072634
0.0344956107
0.0115817199
0.0056721526
0.0093852729
-0.0255630817
0.0150748631
0.0058078291
0.0304939896
-0.0075899130
0.0262876097
-0.0136532383
0.0263633002
-0.0174909700
-0.0238938220
0.4510750175
-0.0753416345
-0.0064235101
-0.0016497858
-0.0235365573
-0.0247846153
0.0340672396
-0.0250357799
-0.0683891997
0.0405061953
-0.0378171355
0.0353531204
0.0688691363
0.0360449217
0.0228448007
0.0018051246
0.0510608777
0.0003313802
-0.0395224504
-0.0446661450
0.0479352959
-0.0112033859
0.0102242883
0.0339951664
-0.0593691543
0.0329745784
-0.0196543802
-0.1290489435
0.0310343895
-0.0168719254
0.0345730036
0.0407930538
-0.0845795125
-0.0009176279
0.0022494968
0.0358808450
-0.0435744710
0.1163891330
-0.0278481133
0.0413663611
0.0012589756
0.0239085071
-0.2144343108
-0.0135988807
-0.1306593418
0.5787736177
-0.0602238029
-0.0596845634
-0.0444496609
-0.0053772032
0.0322787240
0.0110436855
-0.0088693108
0.0144284042
-0.0275921579
0.0098466054
0.0000367150
0.0299676713
-0.0167049766
0.0247210432
-0.0103660161
0.0252920091
-0.0073425979
-0.0146643128
0.4452156723
-0.0661324710
-0.0079706330
-0.0044493405
-0.0223684926
-0.0210015588
0.0260291155
-0.0255675707
-0.0694298446
0.0447368957
-0.0397876911
0.0287083685
0.0571946353
0.0382101201
0.0270076301
0.0080498438
0.0452696718
0.0016033835
-0.0393250585
-0.0310296863
0.0455198213
-0.0002951159
-0.0000734987
0.0566182807
-0.0489271916
0.0330232754
-0.0254924241
-0.1105478108
0.0367092676
-0.0167423077
0.0335140601
0.0403016694
-0.0827956721
-0.0120857721
0.0115526496
0.0360131525
-0.0400006548
0.1290769428
-0.0175653156
0.0485423207
-0.0017201412
0.0293474961
-0.2246000618
-0.0178609230
-0.1597389579
0.6000638008
-0.0525521673
-0.0579810850
-0.0290506296
-0.0006257970
0.0342496820
0.0103968382
0.0031208519
0.0045053866
-0.0303763449
0.0141647691
0.0018165094
0.0350331627
-0.0113706579
0.0181413684
-0.0092254365
0.0233478900
-0.0079390733
-0.0253097527
0.4441024065
-0.0662216768
-0.0079835365
-0.0023399480
-0.0303022843
-0.0286436789
0.0496714897
-0.0236773547
-0.0747545213
0.0429627672
-0.0380320624
0.0353455208
0.0666022822
0.0359519087
0.0213514436
0.0040420103
0.0422484726
-0.0019526035
-0.0444471985
-0.0435200483
0.0497275926
-0.0176911633
-0.0023151387
0.0537846722
-0.0536099672
0.0338876359
-0.0229455177
-0.1127533168
0.0433079004
-0.0127606709
0.0315073282
0.0409710407
-0.0816986784
-0.0177365672
0.0087826028
0.0280007832
-0.0524024442
0.1283878833
-0.0212566853
0.0431507975
-0.0023519055
0.0279499590
-0.2323236465
-0.0207533706
-0.1543895304
0.6052663326
-0.0531619415
-0.0609578639
-0.0277858935
-0.0029084852
0.0353807658
0.0134596545
-0.0051946989
0.0091346512
-0.0305608641
0.0176706687
0.0049306564
0.0270075910
-0.0224759150
0.0204980969
-0.0163397416
0.0266401190
-0.0106128966
-0.0289833061
0.4365458488
-0.0648389980
-0.0046776095
-0.0045277900
-0.0290313121
-0.0233234018
0.0430796295
-0.0243744683
-0.0535604246
0.0407829992
-0.0419708341
0.0360459648
0.0507236384
0.0320874527
0.0242519677
0.0071632750
0.0462264791
-0.0017843054
-0.0361897126
-0.0599084944
0.0469991118
-0.0065476387
-0.0001314121
0.0420321785
-0.0559836514
0.0341440104
-0.0242229328
-0.0956166238
0.0402941480
-0.0163333286
0.0304277986
0.0333587267
-0.0815767422
-0.0190864932
0.0030963316
0.0362284370
-0.0496338867
0.1119848415
-0.0227681007
0.0437167548
-0.0038091035
0.0239072628
-0.2155603617
-0.0169264153
-0.1365233660
0.5960184932
-0.0515153892
-0.0484479479
-0.0373546518
-0.0035624132
0.0333277136
0.0125569748
-0.0228679068
0.0148501154
-0.0304915458
0.0125419302
0.0024120505
0.0215729065
-0.0063415715
0.0186759774
-0.0143646132
0.0276377760
0.0145240948
-0.0228187479
0.4416694343
-0.0663612410
0.0044811699
-0.0028758550
-0.0326578617
-0.0150295226
0.0271988865
-0.0264469311
-0.0321279392
0.0449102446
-0.0431811623
0.0347340070
0.0540177524
0.0321563967
0.0245377142
0.0088879550
0.0412543304
0.0022666359
-0.0311141945
-0.0519210100
0.0503617078
-0.0158213619
0.0047954628
0.0484391041
-0.0581687503
0.0334133729
-0.0274235178
-0.1012677252
0.0432790965
-0.0167851560
0.0278319959
0.0305468980
-0.0796982273
-0.0175907258
0.0048707384
0.0412040055
-0.0515153632
0.1130724996
-0.0223116148
0.0434528627
-0.0019061330
0.0252736975
-0.2203543037
-0.0164148696
-0.1519143283
0.5998283625
-0.0545098186
-0.0532688163
-0.0400475226
0.0001691607
0.0359199122
0.0118275359
-0.0253508072
0.0127662616
-0.0308461860
0.0150860278
0.0035370891
0.0213039815
-0.0024740773
0.0171468481
-0.0156207960
0.0276386961
0.0167027861
-0.0198082663
0.4428034723
-0.0681490451
0.0057503479
-0.0030487836
-0.0332949348
-0.0121450210
0.0285638124
-0.0266664643
-0.0323544145
0.0429966152
-0.0434985533
0.0350021683
0.0498854034
0.0320786685
0.0231493749
0.0054145386
0.0433607996
0.0003511198
-0.0297982730
-0.0591882467
0.0513743125
-0.0080833593
0.0060609984
0.0517615676
-0.0578270033
0.0356931426
-0.0248586331
-0.0947724283
0.0408140607
-0.0177608021
0.0279906411
0.0312343668
-0.0790141746
-0.0155020598
0.0063826097
0.0455919653
-0.0468258187
0.1118026376
-0.0231124703
0.0384787470
-0.0009545002
0.0214983970
-0.2225570679
-0.0197830424
-0.1377862692
0.6025596857
-0.0492995083
-0.0433114097
-0.0363759510
-0.0010874675
0.0294429287
0.0123969140
-0.0231625047
0.0148604559
-0.0310654435
0.0120061683
0.0039860513
0.0244589224
-0.0029317231
0.0194664113
-0.0184572320
0.0283401683
0.0172174927
-0.0192757417
0.4519901574
-0.0677001253
0.0052666138
-0.0004286462
-0.0367304049
-0.0160739161
-0.0030839688
-0.0253582615
-0.0278800223
0.0451329201
-0.0460823365
0.0385416485
0.0668959394
0.0336151123
0.0214967970
0.0137966443
0.0410962254
0.0044531594
-0.0319439583
-0.0624489971
0.0523675866
-0.0162082184
0.0065060421
0.0311180111
-0.0633914098
0.0325333923
-0.0276486054
-0.1151515767
0.0488982350
-0.0187486578
0.0271771420
0.0313330740
-0.0795442685
-0.0012739024
0.0086119687
0.0449562818
-0.0512707382
0.1184635758
-0.0249683019
0.0429512709
-0.0023047624
0.0250252634
-0.2220220119
-0.0209050067
-0.1357735544
0.5867814422
-0.0506309047
-0.0525396653
-0.0269567072
-0.0043594427
0.0318138488
0.0127790738
-0.0076907570
0.0114518236
-0.0313117877
0.0130431103
0.0070700408
0.0324216709
-0.0212593824
0.0204070471
-0.0191770494
0.0259760022
-0.0010464112
-0.0235386882
0.4455278218
-0.0608134456
-0.0042901537
-0.0024085657
-0.0333197117
-0.0178422499
-0.0039027876
-0.0263206474
-0.0286098011
0.0418194085
-0.0454948731
0.0375508629
0.0641654134
0.0343829617
0.0224030446
0.0123284059
0.0443853922
0.0056455508
-0.0373072103
-0.0526156574
0.0496243387
-0.0087705487
0.0003941039
0.0238285530
-0.0613157153
0.0328536890
-0.0286445264
-0.1073981225
0.0529025979
-0.0142639149
0.0312854834
0.0272300746
-0.0783173516
-0.0110491049
0.0133843962
0.0637283102
-0.0566116087
0.1311430186
-0.0243575275
0.0447686017
0.0005635517
0.0231241658
-0.2432615310
-0.0279484447
-0.1466038972
0.6108257174
-0.0477717109
-0.0550444163
-0.0253564343
-0.0055418909
0.0295466501
0.0153850839
0.0009954073
0.0165283196
-0.0299077239
0.0178928506
0.0078712525
0.0358841121
-0.0294486377
0.0214091502
-0.0195408575
0.0279310364
-0.0156322196
-0.0288229715
0.4452093244
-0.0600344315
-0.0086965524
-0.0030987305
-0.0366385877
-0.0357382298
0.0131094139
-0.0251884814
-0.0221446380
0.0304998383
-0.0439833216
0.0435290262
0.0692115352
0.0342040323
0.0225547031
0.0138451448
0.0507049486
0.0051002661
-0.0385891199
-0.0694089904
0.0424663834
-0.0170540307
0.0004300000
-0.0014382452
-0.0638311878
0.0332373567
-0.0273417030
-0.1017449945
0.0499904826
-0.0163223445
0.0360345617
0.0235245042
-0.0704306364
-0.0219807774
0.0202371757
0.0666760728
-0.0761265755
0.1509546638
-0.0231040139
0.0408279337
0.0059274752
0.0247250497
-0.2707078755
-0.0328573361
-0.1786951870
0.6341638565
-0.0482785553
-0.0629937425
-0.0228620414
-0.0049861097
0.0342980884
0.0162344389
0.0129631525
0.0111768972
-0.0280350838
0.0267521925
0.0150733404
0.0364393629
-0.0353415310
0.0206875578
-0.0268247724
0.0305497888
-0.0300768595
-0.0377945267
0.4401038587
-0.0599707216
-0.0099915750
-0.0024989687
-0.0394164547
-0.0377629735
0.0100292424
-0.0268516075
-0.0142663177
0.0246808529
-0.0451274700
0.0478113070
0.0636624843
0.0321476832
0.0221004002
0.0073990352
0.0601626337
0.0037310761
-0.0354166068
-0.0941358656
0.0393496491
-0.0060951030
0.0041712867
-0.0210912339
-0.0698189139
0.0363231562
-0.0245250892
-0.0914244726
0.0468269102
-0.0149954380
0.0409434438
0.0204988886
-0.0715574175
-0.0169148576
0.0219696518
0.0595801584
-0.0810795277
0.1644884348
-0.0160246808
0.0365408100
0.0090125827
0.0282183401
-0.2804971337
-0.0343742631
-0.1858512312
0.6395443082
-0.0483019911
-0.0643001199
-0.0207350049
0.0008757619
0.0350007527
0.0176923946
0.0284969136
0.0085443584
-0.0279793143
0.0301821586
0.0152420010
0.0347651765
-0.0324598216
0.0182066411
-0.0273449123
0.0315214321
-0.0331083238
-0.0448980816
0.4286018014
-0.0651359186
-0.0082474248
-0.0064750942
-0.0397554561
-0.0213317424
0.0296615083
-0.0269163959
-0.0263505634
0.0229533594
-0.0396987051
0.0486910716
0.0631986484
0.0304818563
0.0212003347
0.0043432377
0.0647461638
0.0013183918
-0.0391002521
-0.1026520133
0.0401203483
-0.0046238429
0.0044634161
-0.0207800101
-0.0694592968
0.0378273726
-0.0214398392
-0.0797258466
0.0386306681
-0.0173108727
0.0375601538
0.0234643947
-0.0731173679
-0.0158043131
