Copyright 1986-2022 Xilinx, Inc. All Rights Reserved. Copyright 2022-2025 Advanced Micro Devices, Inc. All Rights Reserved.
-----------------------------------------------------------------------------------------------------------------------------------------------------------------------------------------------------------------------------------------------------
| Tool Version      : Vivado v.2025.2 (win64) Build 6299465 Fri Nov 14 19:35:11 GMT 2025
| Date              : Wed Aug 26 20:54:08 2026
| Host              : NAV running 64-bit major release  (build 9200)
| Command           : report_timing_summary -max_paths 10 -routable_nets -report_unconstrained -file mhsa_wrapper_timing_summary_routed.rpt -pb mhsa_wrapper_timing_summary_routed.pb -rpx mhsa_wrapper_timing_summary_routed.rpx -warn_on_violation
| Design            : mhsa_wrapper
| Device            : xczu7ev-ffvc1156
| Speed File        : -2  PRODUCTION 1.30 05-15-2022
| Design State      : Routed
| Temperature Grade : E
-----------------------------------------------------------------------------------------------------------------------------------------------------------------------------------------------------------------------------------------------------

Timing Summary Report

------------------------------------------------------------------------------------------------
| Timer Settings
| --------------
------------------------------------------------------------------------------------------------

  Enable Multi Corner Analysis               :  Yes
  Enable Pessimism Removal                   :  Yes
  Pessimism Removal Resolution               :  Nearest Common Node
  Enable Input Delay Default Clock           :  No
  Enable Preset / Clear Arcs                 :  No
  Disable Flight Delays                      :  No
  Ignore I/O Paths                           :  No
  Timing Early Launch at Borrowing Latches   :  No
  Borrow Time for Max Delay Exceptions       :  Yes
  Merge Timing Exceptions                    :  Yes
  Inter-SLR Compensation                     :  Conservative

  Corner  Analyze    Analyze    
  Name    Max Paths  Min Paths  
  ------  ---------  ---------  
  Slow    Yes        Yes        
  Fast    Yes        Yes        


------------------------------------------------------------------------------------------------
| Report Methodology
| ------------------
------------------------------------------------------------------------------------------------

No report available as report_methodology has not been run prior. Run report_methodology on the current design for the summary of methodology violations.



check_timing report

Table of Contents
-----------------
1. checking no_clock (0)
2. checking constant_clock (0)
3. checking pulse_width_clock (0)
4. checking unconstrained_internal_endpoints (0)
5. checking no_input_delay (0)
6. checking no_output_delay (0)
7. checking multiple_clock (0)
8. checking generated_clocks (0)
9. checking loops (0)
10. checking partial_input_delay (0)
11. checking partial_output_delay (0)
12. checking latch_loops (0)

1. checking no_clock (0)
------------------------
 There are 0 register/latch pins with no clock.


2. checking constant_clock (0)
------------------------------
 There are 0 register/latch pins with constant_clock.


3. checking pulse_width_clock (0)
---------------------------------
 There are 0 register/latch pins which need pulse_width check


4. checking unconstrained_internal_endpoints (0)
------------------------------------------------
 There are 0 pins that are not constrained for maximum delay.

 There are 0 pins that are not constrained for maximum delay due to constant clock.


5. checking no_input_delay (0)
------------------------------
 There are 0 input ports with no input delay specified.

 There are 0 input ports with no input delay but user has a false path constraint.


6. checking no_output_delay (0)
-------------------------------
 There are 0 ports with no output delay specified.

 There are 0 ports with no output delay but user has a false path constraint

 There are 0 ports with no output delay but with a timing clock defined on it or propagating through it


7. checking multiple_clock (0)
------------------------------
 There are 0 register/latch pins with multiple clocks.


8. checking generated_clocks (0)
--------------------------------
 There are 0 generated clocks that are not connected to a clock source.


9. checking loops (0)
---------------------
 There are 0 combinational loops in the design.


10. checking partial_input_delay (0)
------------------------------------
 There are 0 input ports with partial input delay specified.


11. checking partial_output_delay (0)
-------------------------------------
 There are 0 ports with partial output delay specified.


12. checking latch_loops (0)
----------------------------
 There are 0 combinational latch loops in the design through latch input



------------------------------------------------------------------------------------------------
| Design Timing Summary
| ---------------------
------------------------------------------------------------------------------------------------

    WNS(ns)      TNS(ns)  TNS Failing Endpoints  TNS Total Endpoints      WHS(ns)      THS(ns)  THS Failing Endpoints  THS Total Endpoints     WPWS(ns)     TPWS(ns)  TPWS Failing Endpoints  TPWS Total Endpoints  
    -------      -------  ---------------------  -------------------      -------      -------  ---------------------  -------------------     --------     --------  ----------------------  --------------------  
      0.793        0.000                      0                75528        0.010        0.000                      0                75528        3.656        0.000                       0                 22543  


All user specified timing constraints are met.


------------------------------------------------------------------------------------------------
| Clock Summary
| -------------
------------------------------------------------------------------------------------------------

Clock     Waveform(ns)       Period(ns)      Frequency(MHz)
-----     ------------       ----------      --------------
clk_pl_0  {0.000 5.156}      10.312          96.974          


------------------------------------------------------------------------------------------------
| Intra Clock Table
| -----------------
------------------------------------------------------------------------------------------------

Clock             WNS(ns)      TNS(ns)  TNS Failing Endpoints  TNS Total Endpoints      WHS(ns)      THS(ns)  THS Failing Endpoints  THS Total Endpoints     WPWS(ns)     TPWS(ns)  TPWS Failing Endpoints  TPWS Total Endpoints  
-----             -------      -------  ---------------------  -------------------      -------      -------  ---------------------  -------------------     --------     --------  ----------------------  --------------------  
clk_pl_0            0.793        0.000                      0                75528        0.010        0.000                      0                75528        3.656        0.000                       0                 22543  


------------------------------------------------------------------------------------------------
| Inter Clock Table
| -----------------
------------------------------------------------------------------------------------------------

From Clock    To Clock          WNS(ns)      TNS(ns)  TNS Failing Endpoints  TNS Total Endpoints      WHS(ns)      THS(ns)  THS Failing Endpoints  THS Total Endpoints  
----------    --------          -------      -------  ---------------------  -------------------      -------      -------  ---------------------  -------------------  


------------------------------------------------------------------------------------------------
| Other Path Groups Table
| -----------------------
------------------------------------------------------------------------------------------------

Path Group    From Clock    To Clock          WNS(ns)      TNS(ns)  TNS Failing Endpoints  TNS Total Endpoints      WHS(ns)      THS(ns)  THS Failing Endpoints  THS Total Endpoints  
----------    ----------    --------          -------      -------  ---------------------  -------------------      -------      -------  ---------------------  -------------------  


------------------------------------------------------------------------------------------------
| User Ignored Path Table
| -----------------------
------------------------------------------------------------------------------------------------

Path Group    From Clock    To Clock    
----------    ----------    --------    
(none)                      clk_pl_0      
(none)        clk_pl_0      clk_pl_0      


------------------------------------------------------------------------------------------------
| Unconstrained Path Table
| ------------------------
------------------------------------------------------------------------------------------------

Path Group    From Clock    To Clock    
----------    ----------    --------    
(none)                      clk_pl_0      


------------------------------------------------------------------------------------------------
| Timing Details
| --------------
------------------------------------------------------------------------------------------------


---------------------------------------------------------------------------------------------------
From Clock:  clk_pl_0
  To Clock:  clk_pl_0

Setup :            0  Failing Endpoints,  Worst Slack        0.793ns,  Total Violation        0.000ns
Hold  :            0  Failing Endpoints,  Worst Slack        0.010ns,  Total Violation        0.000ns
PW    :            0  Failing Endpoints,  Worst Slack        3.656ns,  Total Violation        0.000ns
---------------------------------------------------------------------------------------------------


Max Delay Paths
--------------------------------------------------------------------------------------
Slack (MET) :             0.793ns  (required time - arrival time)
  Source:                 mhsa_i/mhsa_top_0/inst/grp_online_attention_row_fu_1064/grp_online_attention_row_Pipeline_tokens_fu_1773/ap_CS_fsm_reg[0]_replica_1/C
                            (rising edge-triggered cell FDSE clocked by clk_pl_0  {rise@0.000ns fall@5.156ns period=10.312ns})
  Destination:            mhsa_i/mhsa_top_0/inst/grp_online_attention_row_fu_1064/mul_32s_32s_64_1_1_U500/tmp_product__2/DSP_A_B_DATA_INST/B[4]
                            (rising edge-triggered cell DSP_A_B_DATA clocked by clk_pl_0  {rise@0.000ns fall@5.156ns period=10.312ns})
  Path Group:             clk_pl_0
  Path Type:              Setup (Max at Slow Process Corner)
  Requirement:            10.312ns  (clk_pl_0 rise@10.312ns - clk_pl_0 rise@0.000ns)
  Data Path Delay:        8.891ns  (logic 3.554ns (39.972%)  route 5.337ns (60.028%))
  Logic Levels:           24  (CARRY8=10 DSP_A_B_DATA=1 DSP_ALU=2 DSP_M_DATA=1 DSP_MULTIPLIER=1 DSP_OUTPUT=2 DSP_PREADD_DATA=1 LUT2=2 LUT3=1 LUT4=1 LUT5=1 LUT6=1)
  Clock Path Skew:        -0.205ns (DCD - SCD + CPR)
    Destination Clock Delay (DCD):    1.716ns = ( 12.028 - 10.312 ) 
    Source Clock Delay      (SCD):    2.082ns
    Clock Pessimism Removal (CPR):    0.161ns
  Clock Uncertainty:      0.159ns  ((TSJ^2 + DJ^2)^1/2) / 2 + PE
    Total System Jitter     (TSJ):    0.071ns
    Discrete Jitter          (DJ):    0.310ns
    Phase Error              (PE):    0.000ns
  Clock Net Delay (Source):      1.874ns (routing 0.569ns, distribution 1.305ns)
  Clock Net Delay (Destination): 1.548ns (routing 0.512ns, distribution 1.036ns)

    Location             Delay type                Incr(ns)  Path(ns)    Netlist Resource(s)
  -------------------------------------------------------------------    -------------------
                         (clock clk_pl_0 rise edge)
                                                      0.000     0.000 r  
    PS8_X0Y0             PS8                          0.000     0.000 r  mhsa_i/zynq_ultra_ps_e_0/inst/PS8_i/PLCLK[0]
                         net (fo=1, routed)           0.180     0.180    mhsa_i/zynq_ultra_ps_e_0/inst/pl_clk_unbuffered[0]
    BUFG_PS_X0Y80        BUFG_PS (Prop_BUFG_PS_I_O)
                                                      0.028     0.208 r  mhsa_i/zynq_ultra_ps_e_0/inst/buffer_pl_clk_0.PL_CLK_0_BUFG/O
    X1Y2 (CLOCK_ROOT)    net (fo=24188, routed)       1.874     2.082    mhsa_i/mhsa_top_0/inst/grp_online_attention_row_fu_1064/grp_online_attention_row_Pipeline_tokens_fu_1773/ap_clk
    SLICE_X68Y145        FDSE                                         r  mhsa_i/mhsa_top_0/inst/grp_online_attention_row_fu_1064/grp_online_attention_row_Pipeline_tokens_fu_1773/ap_CS_fsm_reg[0]_replica_1/C
  -------------------------------------------------------------------    -------------------
    SLICE_X68Y145        FDSE (Prop_EFF2_SLICEL_C_Q)
                                                      0.081     2.163 r  mhsa_i/mhsa_top_0/inst/grp_online_attention_row_fu_1064/grp_online_attention_row_Pipeline_tokens_fu_1773/ap_CS_fsm_reg[0]_replica_1/Q
                         net (fo=127, routed)         0.145     2.308    mhsa_i/mhsa_top_0/inst/grp_online_attention_row_fu_1064/grp_online_attention_row_Pipeline_tokens_fu_1773/mul_32s_32s_64_1_1_U216/ap_CS_fsm_pp0_stage0_repN_1_alias
    SLICE_X68Y146        LUT2 (Prop_G6LUT_SLICEL_I0_O)
                                                      0.050     2.358 r  mhsa_i/mhsa_top_0/inst/grp_online_attention_row_fu_1064/grp_online_attention_row_Pipeline_tokens_fu_1773/mul_32s_32s_64_1_1_U216/tmp_product_i_33__3/O
                         net (fo=119, routed)         0.956     3.314    mhsa_i/mhsa_top_0/inst/grp_online_attention_row_fu_1064/grp_online_attention_row_Pipeline_tokens_fu_1773/mul_32s_32s_64_1_1_U218/DSP_A_B_DATA_INST
    SLICE_X60Y141        LUT3 (Prop_A6LUT_SLICEL_I2_O)
                                                      0.149     3.463 f  mhsa_i/mhsa_top_0/inst/grp_online_attention_row_fu_1064/grp_online_attention_row_Pipeline_tokens_fu_1773/mul_32s_32s_64_1_1_U218/tmp_product_i_12__19/O
                         net (fo=2, routed)           1.041     4.504    mhsa_i/mhsa_top_0/inst/grp_online_attention_row_fu_1064/grp_online_attention_row_Pipeline_tokens_fu_1773/mul_32s_32s_64_1_1_U218/tmp_product__1/B[5]
    DSP48E2_X8Y50        DSP_A_B_DATA (Prop_DSP_A_B_DATA_DSP48E2_B[5]_B2_DATA[5])
                                                      0.151     4.655 r  mhsa_i/mhsa_top_0/inst/grp_online_attention_row_fu_1064/grp_online_attention_row_Pipeline_tokens_fu_1773/mul_32s_32s_64_1_1_U218/tmp_product__1/DSP_A_B_DATA_INST/B2_DATA[5]
                         net (fo=1, routed)           0.000     4.655    mhsa_i/mhsa_top_0/inst/grp_online_attention_row_fu_1064/grp_online_attention_row_Pipeline_tokens_fu_1773/mul_32s_32s_64_1_1_U218/tmp_product__1/DSP_A_B_DATA.B2_DATA<5>
    DSP48E2_X8Y50        DSP_PREADD_DATA (Prop_DSP_PREADD_DATA_DSP48E2_B2_DATA[5]_B2B1[5])
                                                      0.073     4.728 r  mhsa_i/mhsa_top_0/inst/grp_online_attention_row_fu_1064/grp_online_attention_row_Pipeline_tokens_fu_1773/mul_32s_32s_64_1_1_U218/tmp_product__1/DSP_PREADD_DATA_INST/B2B1[5]
                         net (fo=1, routed)           0.000     4.728    mhsa_i/mhsa_top_0/inst/grp_online_attention_row_fu_1064/grp_online_attention_row_Pipeline_tokens_fu_1773/mul_32s_32s_64_1_1_U218/tmp_product__1/DSP_PREADD_DATA.B2B1<5>
    DSP48E2_X8Y50        DSP_MULTIPLIER (Prop_DSP_MULTIPLIER_DSP48E2_B2B1[5]_V[35])
                                                      0.609     5.337 f  mhsa_i/mhsa_top_0/inst/grp_online_attention_row_fu_1064/grp_online_attention_row_Pipeline_tokens_fu_1773/mul_32s_32s_64_1_1_U218/tmp_product__1/DSP_MULTIPLIER_INST/V[35]
                         net (fo=1, routed)           0.000     5.337    mhsa_i/mhsa_top_0/inst/grp_online_attention_row_fu_1064/grp_online_attention_row_Pipeline_tokens_fu_1773/mul_32s_32s_64_1_1_U218/tmp_product__1/DSP_MULTIPLIER.V<35>
    DSP48E2_X8Y50        DSP_M_DATA (Prop_DSP_M_DATA_DSP48E2_V[35]_V_DATA[35])
                                                      0.046     5.383 r  mhsa_i/mhsa_top_0/inst/grp_online_attention_row_fu_1064/grp_online_attention_row_Pipeline_tokens_fu_1773/mul_32s_32s_64_1_1_U218/tmp_product__1/DSP_M_DATA_INST/V_DATA[35]
                         net (fo=1, routed)           0.000     5.383    mhsa_i/mhsa_top_0/inst/grp_online_attention_row_fu_1064/grp_online_attention_row_Pipeline_tokens_fu_1773/mul_32s_32s_64_1_1_U218/tmp_product__1/DSP_M_DATA.V_DATA<35>
    DSP48E2_X8Y50        DSP_ALU (Prop_DSP_ALU_DSP48E2_V_DATA[35]_ALU_OUT[47])
                                                      0.571     5.954 f  mhsa_i/mhsa_top_0/inst/grp_online_attention_row_fu_1064/grp_online_attention_row_Pipeline_tokens_fu_1773/mul_32s_32s_64_1_1_U218/tmp_product__1/DSP_ALU_INST/ALU_OUT[47]
                         net (fo=1, routed)           0.000     5.954    mhsa_i/mhsa_top_0/inst/grp_online_attention_row_fu_1064/grp_online_attention_row_Pipeline_tokens_fu_1773/mul_32s_32s_64_1_1_U218/tmp_product__1/DSP_ALU.ALU_OUT<47>
    DSP48E2_X8Y50        DSP_OUTPUT (Prop_DSP_OUTPUT_DSP48E2_ALU_OUT[47]_PCOUT[47])
                                                      0.122     6.076 r  mhsa_i/mhsa_top_0/inst/grp_online_attention_row_fu_1064/grp_online_attention_row_Pipeline_tokens_fu_1773/mul_32s_32s_64_1_1_U218/tmp_product__1/DSP_OUTPUT_INST/PCOUT[47]
                         net (fo=1, routed)           0.014     6.090    mhsa_i/mhsa_top_0/inst/grp_online_attention_row_fu_1064/grp_online_attention_row_Pipeline_tokens_fu_1773/mul_32s_32s_64_1_1_U218/tmp_product__2/PCIN[47]
    DSP48E2_X8Y51        DSP_ALU (Prop_DSP_ALU_DSP48E2_PCIN[47]_ALU_OUT[0])
                                                      0.546     6.636 f  mhsa_i/mhsa_top_0/inst/grp_online_attention_row_fu_1064/grp_online_attention_row_Pipeline_tokens_fu_1773/mul_32s_32s_64_1_1_U218/tmp_product__2/DSP_ALU_INST/ALU_OUT[0]
                         net (fo=1, routed)           0.000     6.636    mhsa_i/mhsa_top_0/inst/grp_online_attention_row_fu_1064/grp_online_attention_row_Pipeline_tokens_fu_1773/mul_32s_32s_64_1_1_U218/tmp_product__2/DSP_ALU.ALU_OUT<0>
    DSP48E2_X8Y51        DSP_OUTPUT (Prop_DSP_OUTPUT_DSP48E2_ALU_OUT[0]_P[0])
                                                      0.109     6.745 r  mhsa_i/mhsa_top_0/inst/grp_online_attention_row_fu_1064/grp_online_attention_row_Pipeline_tokens_fu_1773/mul_32s_32s_64_1_1_U218/tmp_product__2/DSP_OUTPUT_INST/P[0]
                         net (fo=2, routed)           0.357     7.102    mhsa_i/mhsa_top_0/inst/grp_online_attention_row_fu_1064/grp_online_attention_row_Pipeline_tokens_fu_1773/mul_32s_32s_64_1_1_U218/tmp_product__2_n_107
    SLICE_X70Y128        LUT2 (Prop_B6LUT_SLICEM_I0_O)
                                                      0.052     7.154 r  mhsa_i/mhsa_top_0/inst/grp_online_attention_row_fu_1064/grp_online_attention_row_Pipeline_tokens_fu_1773/mul_32s_32s_64_1_1_U218/tmp_product_carry_i_7__1/O
                         net (fo=1, routed)           0.016     7.170    mhsa_i/mhsa_top_0/inst/grp_online_attention_row_fu_1064/grp_online_attention_row_Pipeline_tokens_fu_1773/mul_32s_32s_64_1_1_U218/tmp_product_carry_i_7__1_n_2
    SLICE_X70Y128        CARRY8 (Prop_CARRY8_SLICEM_S[1]_CO[7])
                                                      0.190     7.360 r  mhsa_i/mhsa_top_0/inst/grp_online_attention_row_fu_1064/grp_online_attention_row_Pipeline_tokens_fu_1773/mul_32s_32s_64_1_1_U218/tmp_product_carry/CO[7]
                         net (fo=1, routed)           0.026     7.386    mhsa_i/mhsa_top_0/inst/grp_online_attention_row_fu_1064/grp_online_attention_row_Pipeline_tokens_fu_1773/mul_32s_32s_64_1_1_U218/tmp_product_carry_n_2
    SLICE_X70Y129        CARRY8 (Prop_CARRY8_SLICEM_CI_CO[7])
                                                      0.015     7.401 r  mhsa_i/mhsa_top_0/inst/grp_online_attention_row_fu_1064/grp_online_attention_row_Pipeline_tokens_fu_1773/mul_32s_32s_64_1_1_U218/tmp_product_carry__0/CO[7]
                         net (fo=1, routed)           0.026     7.427    mhsa_i/mhsa_top_0/inst/grp_online_attention_row_fu_1064/grp_online_attention_row_Pipeline_tokens_fu_1773/mul_32s_32s_64_1_1_U218/tmp_product_carry__0_n_2
    SLICE_X70Y130        CARRY8 (Prop_CARRY8_SLICEM_CI_CO[7])
                                                      0.015     7.442 r  mhsa_i/mhsa_top_0/inst/grp_online_attention_row_fu_1064/grp_online_attention_row_Pipeline_tokens_fu_1773/mul_32s_32s_64_1_1_U218/tmp_product_carry__1/CO[7]
                         net (fo=1, routed)           0.026     7.468    mhsa_i/mhsa_top_0/inst/grp_online_attention_row_fu_1064/grp_online_attention_row_Pipeline_tokens_fu_1773/mul_32s_32s_64_1_1_U218/tmp_product_carry__1_n_2
    SLICE_X70Y131        CARRY8 (Prop_CARRY8_SLICEM_CI_CO[7])
                                                      0.015     7.483 r  mhsa_i/mhsa_top_0/inst/grp_online_attention_row_fu_1064/grp_online_attention_row_Pipeline_tokens_fu_1773/mul_32s_32s_64_1_1_U218/tmp_product_carry__2/CO[7]
                         net (fo=1, routed)           0.026     7.509    mhsa_i/mhsa_top_0/inst/grp_online_attention_row_fu_1064/grp_online_attention_row_Pipeline_tokens_fu_1773/mul_32s_32s_64_1_1_U218/tmp_product_carry__2_n_2
    SLICE_X70Y132        CARRY8 (Prop_CARRY8_SLICEM_CI_CO[7])
                                                      0.015     7.524 r  mhsa_i/mhsa_top_0/inst/grp_online_attention_row_fu_1064/grp_online_attention_row_Pipeline_tokens_fu_1773/mul_32s_32s_64_1_1_U218/tmp_product_carry__3/CO[7]
                         net (fo=1, routed)           0.026     7.550    mhsa_i/mhsa_top_0/inst/grp_online_attention_row_fu_1064/grp_online_attention_row_Pipeline_tokens_fu_1773/mul_32s_32s_64_1_1_U218/tmp_product_carry__3_n_2
    SLICE_X70Y133        CARRY8 (Prop_CARRY8_SLICEM_CI_O[3])
                                                      0.082     7.632 r  mhsa_i/mhsa_top_0/inst/grp_online_attention_row_fu_1064/grp_online_attention_row_Pipeline_tokens_fu_1773/mul_32s_32s_64_1_1_U218/tmp_product_carry__4/O[3]
                         net (fo=7, routed)           0.750     8.382    mhsa_i/mhsa_top_0/inst/grp_online_attention_row_fu_1064/grp_online_attention_row_Pipeline_tokens_fu_1773/mul_32s_32s_64_1_1_U218/grp_fu_3267_p2[59]
    SLICE_X64Y134        LUT5 (Prop_C5LUT_SLICEM_I0_O)
                                                      0.137     8.519 r  mhsa_i/mhsa_top_0/inst/grp_online_attention_row_fu_1064/grp_online_attention_row_Pipeline_tokens_fu_1773/mul_32s_32s_64_1_1_U218/ref_tmp38_1_492603_fu_842[31]_i_25/O
                         net (fo=124, routed)         0.620     9.139    mhsa_i/mhsa_top_0/inst/grp_online_attention_row_fu_1064/grp_online_attention_row_Pipeline_tokens_fu_1773/mul_32s_32s_64_1_1_U218/ref_tmp38_1_492603_fu_842[31]_i_25_n_2
    SLICE_X59Y136        LUT4 (Prop_A6LUT_SLICEL_I2_O)
                                                      0.090     9.229 r  mhsa_i/mhsa_top_0/inst/grp_online_attention_row_fu_1064/grp_online_attention_row_Pipeline_tokens_fu_1773/mul_32s_32s_64_1_1_U218/ref_tmp38_1_152569_fu_706[31]_i_48/O
                         net (fo=1, routed)           0.009     9.238    mhsa_i/mhsa_top_0/inst/grp_online_attention_row_fu_1064/grp_online_attention_row_Pipeline_tokens_fu_1773/mul_32s_16s_48_1_1_U185/ref_tmp38_1_152569_fu_706_reg[31]_i_23_0[0]
    SLICE_X59Y136        CARRY8 (Prop_CARRY8_SLICEL_S[0]_CO[7])
                                                      0.190     9.428 r  mhsa_i/mhsa_top_0/inst/grp_online_attention_row_fu_1064/grp_online_attention_row_Pipeline_tokens_fu_1773/mul_32s_16s_48_1_1_U185/ref_tmp38_1_152569_fu_706_reg[31]_i_32/CO[7]
                         net (fo=1, routed)           0.026     9.454    mhsa_i/mhsa_top_0/inst/grp_online_attention_row_fu_1064/grp_online_attention_row_Pipeline_tokens_fu_1773/mul_32s_16s_48_1_1_U185/ref_tmp38_1_152569_fu_706_reg[31]_i_32_n_2
    SLICE_X59Y137        CARRY8 (Prop_CARRY8_SLICEL_CI_CO[7])
                                                      0.015     9.469 r  mhsa_i/mhsa_top_0/inst/grp_online_attention_row_fu_1064/grp_online_attention_row_Pipeline_tokens_fu_1773/mul_32s_16s_48_1_1_U185/ref_tmp38_1_152569_fu_706_reg[31]_i_23/CO[7]
                         net (fo=1, routed)           0.026     9.495    mhsa_i/mhsa_top_0/inst/grp_online_attention_row_fu_1064/grp_online_attention_row_Pipeline_tokens_fu_1773/mul_32s_16s_48_1_1_U185/ref_tmp38_1_152569_fu_706_reg[31]_i_23_n_2
    SLICE_X59Y138        CARRY8 (Prop_CARRY8_SLICEL_CI_CO[7])
                                                      0.015     9.510 r  mhsa_i/mhsa_top_0/inst/grp_online_attention_row_fu_1064/grp_online_attention_row_Pipeline_tokens_fu_1773/mul_32s_16s_48_1_1_U185/ref_tmp38_1_152569_fu_706_reg[31]_i_13/CO[7]
                         net (fo=1, routed)           0.026     9.536    mhsa_i/mhsa_top_0/inst/grp_online_attention_row_fu_1064/grp_online_attention_row_Pipeline_tokens_fu_1773/mul_32s_16s_48_1_1_U185/ref_tmp38_1_152569_fu_706_reg[31]_i_13_n_2
    SLICE_X59Y139        CARRY8 (Prop_CARRY8_SLICEL_CI_O[7])
                                                      0.116     9.652 r  mhsa_i/mhsa_top_0/inst/grp_online_attention_row_fu_1064/grp_online_attention_row_Pipeline_tokens_fu_1773/mul_32s_16s_48_1_1_U185/ref_tmp38_1_152569_fu_706_reg[31]_i_3/O[7]
                         net (fo=32, routed)          0.556    10.208    mhsa_i/mhsa_top_0/inst/grp_online_attention_row_fu_1064/grp_online_attention_row_Pipeline_tokens_fu_1773/mul_32s_16s_48_1_1_U185/ref_tmp38_1_152569_fu_706[31]_i_22[0]
    SLICE_X63Y144        LUT6 (Prop_G6LUT_SLICEM_I4_O)
                                                      0.100    10.308 r  mhsa_i/mhsa_top_0/inst/grp_online_attention_row_fu_1064/grp_online_attention_row_Pipeline_tokens_fu_1773/mul_32s_16s_48_1_1_U185/ref_tmp38_1_152569_fu_706[21]_i_1/O
                         net (fo=3, routed)           0.665    10.973    mhsa_i/mhsa_top_0/inst/grp_online_attention_row_fu_1064/mul_32s_32s_64_1_1_U500/tmp_product__2/B[4]
    DSP48E2_X5Y63        DSP_A_B_DATA                                 r  mhsa_i/mhsa_top_0/inst/grp_online_attention_row_fu_1064/mul_32s_32s_64_1_1_U500/tmp_product__2/DSP_A_B_DATA_INST/B[4]
  -------------------------------------------------------------------    -------------------

                         (clock clk_pl_0 rise edge)
                                                     10.312    10.312 r  
    PS8_X0Y0             PS8                          0.000    10.312 r  mhsa_i/zynq_ultra_ps_e_0/inst/PS8_i/PLCLK[0]
                         net (fo=1, routed)           0.143    10.455    mhsa_i/zynq_ultra_ps_e_0/inst/pl_clk_unbuffered[0]
    BUFG_PS_X0Y80        BUFG_PS (Prop_BUFG_PS_I_O)
                                                      0.025    10.480 r  mhsa_i/zynq_ultra_ps_e_0/inst/buffer_pl_clk_0.PL_CLK_0_BUFG/O
    X1Y2 (CLOCK_ROOT)    net (fo=24188, routed)       1.548    12.028    mhsa_i/mhsa_top_0/inst/grp_online_attention_row_fu_1064/mul_32s_32s_64_1_1_U500/tmp_product__2/CLK
    DSP48E2_X5Y63        DSP_A_B_DATA                                 r  mhsa_i/mhsa_top_0/inst/grp_online_attention_row_fu_1064/mul_32s_32s_64_1_1_U500/tmp_product__2/DSP_A_B_DATA_INST/CLK
                         clock pessimism              0.161    12.189    
                         clock uncertainty           -0.159    12.030    
    DSP48E2_X5Y63        DSP_A_B_DATA (Setup_DSP_A_B_DATA_DSP48E2_CLK_B[4])
                                                     -0.264    11.766    mhsa_i/mhsa_top_0/inst/grp_online_attention_row_fu_1064/mul_32s_32s_64_1_1_U500/tmp_product__2/DSP_A_B_DATA_INST
  -------------------------------------------------------------------
                         required time                         11.766    
                         arrival time                         -10.973    
  -------------------------------------------------------------------
                         slack                                  0.793    

Slack (MET) :             0.869ns  (required time - arrival time)
  Source:                 mhsa_i/mhsa_top_0/inst/grp_online_attention_row_fu_1064/grp_online_attention_row_Pipeline_tokens_fu_1773/ap_enable_reg_pp0_iter35_reg/C
                            (rising edge-triggered cell FDRE clocked by clk_pl_0  {rise@0.000ns fall@5.156ns period=10.312ns})
  Destination:            mhsa_i/mhsa_top_0/inst/grp_online_attention_row_fu_1064/mul_32s_32s_64_1_1_U497/tmp_product__1/DSP_A_B_DATA_INST/B[5]
                            (rising edge-triggered cell DSP_A_B_DATA clocked by clk_pl_0  {rise@0.000ns fall@5.156ns period=10.312ns})
  Path Group:             clk_pl_0
  Path Type:              Setup (Max at Slow Process Corner)
  Requirement:            10.312ns  (clk_pl_0 rise@10.312ns - clk_pl_0 rise@0.000ns)
  Data Path Delay:        8.974ns  (logic 2.988ns (33.295%)  route 5.986ns (66.705%))
  Logic Levels:           16  (CARRY8=4 DSP_A_B_DATA=1 DSP_ALU=2 DSP_M_DATA=1 DSP_MULTIPLIER=1 DSP_OUTPUT=2 DSP_PREADD_DATA=1 LUT2=1 LUT4=1 LUT6=2)
  Clock Path Skew:        -0.049ns (DCD - SCD + CPR)
    Destination Clock Delay (DCD):    1.910ns = ( 12.222 - 10.312 ) 
    Source Clock Delay      (SCD):    2.056ns
    Clock Pessimism Removal (CPR):    0.097ns
  Clock Uncertainty:      0.159ns  ((TSJ^2 + DJ^2)^1/2) / 2 + PE
    Total System Jitter     (TSJ):    0.071ns
    Discrete Jitter          (DJ):    0.310ns
    Phase Error              (PE):    0.000ns
  Clock Net Delay (Source):      1.848ns (routing 0.569ns, distribution 1.279ns)
  Clock Net Delay (Destination): 1.742ns (routing 0.512ns, distribution 1.230ns)

    Location             Delay type                Incr(ns)  Path(ns)    Netlist Resource(s)
  -------------------------------------------------------------------    -------------------
                         (clock clk_pl_0 rise edge)
                                                      0.000     0.000 r  
    PS8_X0Y0             PS8                          0.000     0.000 r  mhsa_i/zynq_ultra_ps_e_0/inst/PS8_i/PLCLK[0]
                         net (fo=1, routed)           0.180     0.180    mhsa_i/zynq_ultra_ps_e_0/inst/pl_clk_unbuffered[0]
    BUFG_PS_X0Y80        BUFG_PS (Prop_BUFG_PS_I_O)
                                                      0.028     0.208 r  mhsa_i/zynq_ultra_ps_e_0/inst/buffer_pl_clk_0.PL_CLK_0_BUFG/O
    X1Y2 (CLOCK_ROOT)    net (fo=24188, routed)       1.848     2.056    mhsa_i/mhsa_top_0/inst/grp_online_attention_row_fu_1064/grp_online_attention_row_Pipeline_tokens_fu_1773/ap_clk
    SLICE_X68Y144        FDRE                                         r  mhsa_i/mhsa_top_0/inst/grp_online_attention_row_fu_1064/grp_online_attention_row_Pipeline_tokens_fu_1773/ap_enable_reg_pp0_iter35_reg/C
  -------------------------------------------------------------------    -------------------
    SLICE_X68Y144        FDRE (Prop_DFF_SLICEL_C_Q)
                                                      0.079     2.135 r  mhsa_i/mhsa_top_0/inst/grp_online_attention_row_fu_1064/grp_online_attention_row_Pipeline_tokens_fu_1773/ap_enable_reg_pp0_iter35_reg/Q
                         net (fo=18, routed)          0.371     2.506    mhsa_i/mhsa_top_0/inst/grp_online_attention_row_fu_1064/grp_online_attention_row_Pipeline_tokens_fu_1773/mul_32s_16s_48_1_1_U200/ap_enable_reg_pp0_iter35
    SLICE_X69Y138        LUT2 (Prop_G5LUT_SLICEL_I1_O)
                                                      0.067     2.573 r  mhsa_i/mhsa_top_0/inst/grp_online_attention_row_fu_1064/grp_online_attention_row_Pipeline_tokens_fu_1773/mul_32s_16s_48_1_1_U200/tmp_product_i_35__2/O
                         net (fo=108, routed)         1.275     3.848    mhsa_i/mhsa_top_0/inst/grp_online_attention_row_fu_1064/grp_online_attention_row_Pipeline_tokens_fu_1773/mul_32s_16s_48_1_1_U200/ap_CS_fsm_reg[0]
    SLICE_X58Y127        LUT6 (Prop_H6LUT_SLICEL_I1_O)
                                                      0.090     3.938 f  mhsa_i/mhsa_top_0/inst/grp_online_attention_row_fu_1064/grp_online_attention_row_Pipeline_tokens_fu_1773/mul_32s_16s_48_1_1_U200/tmp_product_i_21__6/O
                         net (fo=32, routed)          1.923     5.861    mhsa_i/mhsa_top_0/inst/grp_online_attention_row_fu_1064/grp_online_attention_row_Pipeline_tokens_fu_1773/mul_32s_16s_48_1_1_U182/tmp_product/A[12]
    DSP48E2_X7Y26        DSP_A_B_DATA (Prop_DSP_A_B_DATA_DSP48E2_A[12]_A2_DATA[12])
                                                      0.192     6.053 r  mhsa_i/mhsa_top_0/inst/grp_online_attention_row_fu_1064/grp_online_attention_row_Pipeline_tokens_fu_1773/mul_32s_16s_48_1_1_U182/tmp_product/DSP_A_B_DATA_INST/A2_DATA[12]
                         net (fo=1, routed)           0.000     6.053    mhsa_i/mhsa_top_0/inst/grp_online_attention_row_fu_1064/grp_online_attention_row_Pipeline_tokens_fu_1773/mul_32s_16s_48_1_1_U182/tmp_product/DSP_A_B_DATA.A2_DATA<12>
    DSP48E2_X7Y26        DSP_PREADD_DATA (Prop_DSP_PREADD_DATA_DSP48E2_A2_DATA[12]_A2A1[12])
                                                      0.076     6.129 r  mhsa_i/mhsa_top_0/inst/grp_online_attention_row_fu_1064/grp_online_attention_row_Pipeline_tokens_fu_1773/mul_32s_16s_48_1_1_U182/tmp_product/DSP_PREADD_DATA_INST/A2A1[12]
                         net (fo=1, routed)           0.000     6.129    mhsa_i/mhsa_top_0/inst/grp_online_attention_row_fu_1064/grp_online_attention_row_Pipeline_tokens_fu_1773/mul_32s_16s_48_1_1_U182/tmp_product/DSP_PREADD_DATA.A2A1<12>
    DSP48E2_X7Y26        DSP_MULTIPLIER (Prop_DSP_MULTIPLIER_DSP48E2_A2A1[12]_U[33])
                                                      0.505     6.634 f  mhsa_i/mhsa_top_0/inst/grp_online_attention_row_fu_1064/grp_online_attention_row_Pipeline_tokens_fu_1773/mul_32s_16s_48_1_1_U182/tmp_product/DSP_MULTIPLIER_INST/U[33]
                         net (fo=1, routed)           0.000     6.634    mhsa_i/mhsa_top_0/inst/grp_online_attention_row_fu_1064/grp_online_attention_row_Pipeline_tokens_fu_1773/mul_32s_16s_48_1_1_U182/tmp_product/DSP_MULTIPLIER.U<33>
    DSP48E2_X7Y26        DSP_M_DATA (Prop_DSP_M_DATA_DSP48E2_U[33]_U_DATA[33])
                                                      0.047     6.681 r  mhsa_i/mhsa_top_0/inst/grp_online_attention_row_fu_1064/grp_online_attention_row_Pipeline_tokens_fu_1773/mul_32s_16s_48_1_1_U182/tmp_product/DSP_M_DATA_INST/U_DATA[33]
                         net (fo=1, routed)           0.000     6.681    mhsa_i/mhsa_top_0/inst/grp_online_attention_row_fu_1064/grp_online_attention_row_Pipeline_tokens_fu_1773/mul_32s_16s_48_1_1_U182/tmp_product/DSP_M_DATA.U_DATA<33>
    DSP48E2_X7Y26        DSP_ALU (Prop_DSP_ALU_DSP48E2_U_DATA[33]_ALU_OUT[47])
                                                      0.585     7.266 f  mhsa_i/mhsa_top_0/inst/grp_online_attention_row_fu_1064/grp_online_attention_row_Pipeline_tokens_fu_1773/mul_32s_16s_48_1_1_U182/tmp_product/DSP_ALU_INST/ALU_OUT[47]
                         net (fo=1, routed)           0.000     7.266    mhsa_i/mhsa_top_0/inst/grp_online_attention_row_fu_1064/grp_online_attention_row_Pipeline_tokens_fu_1773/mul_32s_16s_48_1_1_U182/tmp_product/DSP_ALU.ALU_OUT<47>
    DSP48E2_X7Y26        DSP_OUTPUT (Prop_DSP_OUTPUT_DSP48E2_ALU_OUT[47]_PCOUT[47])
                                                      0.122     7.388 r  mhsa_i/mhsa_top_0/inst/grp_online_attention_row_fu_1064/grp_online_attention_row_Pipeline_tokens_fu_1773/mul_32s_16s_48_1_1_U182/tmp_product/DSP_OUTPUT_INST/PCOUT[47]
                         net (fo=1, routed)           0.014     7.402    mhsa_i/mhsa_top_0/inst/grp_online_attention_row_fu_1064/grp_online_attention_row_Pipeline_tokens_fu_1773/mul_32s_16s_48_1_1_U182/tmp_product__0/PCIN[47]
    DSP48E2_X7Y27        DSP_ALU (Prop_DSP_ALU_DSP48E2_PCIN[47]_ALU_OUT[5])
                                                      0.546     7.948 f  mhsa_i/mhsa_top_0/inst/grp_online_attention_row_fu_1064/grp_online_attention_row_Pipeline_tokens_fu_1773/mul_32s_16s_48_1_1_U182/tmp_product__0/DSP_ALU_INST/ALU_OUT[5]
                         net (fo=1, routed)           0.000     7.948    mhsa_i/mhsa_top_0/inst/grp_online_attention_row_fu_1064/grp_online_attention_row_Pipeline_tokens_fu_1773/mul_32s_16s_48_1_1_U182/tmp_product__0/DSP_ALU.ALU_OUT<5>
    DSP48E2_X7Y27        DSP_OUTPUT (Prop_DSP_OUTPUT_DSP48E2_ALU_OUT[5]_P[5])
                                                      0.109     8.057 r  mhsa_i/mhsa_top_0/inst/grp_online_attention_row_fu_1064/grp_online_attention_row_Pipeline_tokens_fu_1773/mul_32s_16s_48_1_1_U182/tmp_product__0/DSP_OUTPUT_INST/P[5]
                         net (fo=8, routed)           1.369     9.426    mhsa_i/mhsa_top_0/inst/grp_online_attention_row_fu_1064/grp_online_attention_row_Pipeline_tokens_fu_1773/mul_32s_32s_64_1_1_U215/ref_tmp38_1_122566_fu_694_reg[23]_i_2[4]
    SLICE_X66Y154        LUT4 (Prop_E6LUT_SLICEL_I3_O)
                                                      0.123     9.549 r  mhsa_i/mhsa_top_0/inst/grp_online_attention_row_fu_1064/grp_online_attention_row_Pipeline_tokens_fu_1773/mul_32s_32s_64_1_1_U215/ref_tmp38_1_122566_fu_694[31]_i_44/O
                         net (fo=1, routed)           0.007     9.556    mhsa_i/mhsa_top_0/inst/grp_online_attention_row_fu_1064/grp_online_attention_row_Pipeline_tokens_fu_1773/mul_32s_16s_48_1_1_U182/ref_tmp38_1_122566_fu_694_reg[31]_i_23_0[4]
    SLICE_X66Y154        CARRY8 (Prop_CARRY8_SLICEL_S[4]_CO[7])
                                                      0.153     9.709 r  mhsa_i/mhsa_top_0/inst/grp_online_attention_row_fu_1064/grp_online_attention_row_Pipeline_tokens_fu_1773/mul_32s_16s_48_1_1_U182/ref_tmp38_1_122566_fu_694_reg[31]_i_32/CO[7]
                         net (fo=1, routed)           0.026     9.735    mhsa_i/mhsa_top_0/inst/grp_online_attention_row_fu_1064/grp_online_attention_row_Pipeline_tokens_fu_1773/mul_32s_16s_48_1_1_U182/ref_tmp38_1_122566_fu_694_reg[31]_i_32_n_2
    SLICE_X66Y155        CARRY8 (Prop_CARRY8_SLICEL_CI_CO[7])
                                                      0.015     9.750 r  mhsa_i/mhsa_top_0/inst/grp_online_attention_row_fu_1064/grp_online_attention_row_Pipeline_tokens_fu_1773/mul_32s_16s_48_1_1_U182/ref_tmp38_1_122566_fu_694_reg[31]_i_23/CO[7]
                         net (fo=1, routed)           0.026     9.776    mhsa_i/mhsa_top_0/inst/grp_online_attention_row_fu_1064/grp_online_attention_row_Pipeline_tokens_fu_1773/mul_32s_16s_48_1_1_U182/ref_tmp38_1_122566_fu_694_reg[31]_i_23_n_2
    SLICE_X66Y156        CARRY8 (Prop_CARRY8_SLICEL_CI_CO[7])
                                                      0.015     9.791 r  mhsa_i/mhsa_top_0/inst/grp_online_attention_row_fu_1064/grp_online_attention_row_Pipeline_tokens_fu_1773/mul_32s_16s_48_1_1_U182/ref_tmp38_1_122566_fu_694_reg[31]_i_13/CO[7]
                         net (fo=1, routed)           0.026     9.817    mhsa_i/mhsa_top_0/inst/grp_online_attention_row_fu_1064/grp_online_attention_row_Pipeline_tokens_fu_1773/mul_32s_16s_48_1_1_U182/ref_tmp38_1_122566_fu_694_reg[31]_i_13_n_2
    SLICE_X66Y157        CARRY8 (Prop_CARRY8_SLICEL_CI_O[7])
                                                      0.116     9.933 r  mhsa_i/mhsa_top_0/inst/grp_online_attention_row_fu_1064/grp_online_attention_row_Pipeline_tokens_fu_1773/mul_32s_16s_48_1_1_U182/ref_tmp38_1_122566_fu_694_reg[31]_i_3/O[7]
                         net (fo=32, routed)          0.292    10.225    mhsa_i/mhsa_top_0/inst/grp_online_attention_row_fu_1064/grp_online_attention_row_Pipeline_tokens_fu_1773/mul_32s_16s_48_1_1_U182/O[0]
    SLICE_X67Y161        LUT6 (Prop_E6LUT_SLICEM_I2_O)
                                                      0.148    10.373 r  mhsa_i/mhsa_top_0/inst/grp_online_attention_row_fu_1064/grp_online_attention_row_Pipeline_tokens_fu_1773/mul_32s_16s_48_1_1_U182/ref_tmp38_1_122566_fu_694[5]_i_1/O
                         net (fo=3, routed)           0.657    11.030    mhsa_i/mhsa_top_0/inst/grp_online_attention_row_fu_1064/mul_32s_32s_64_1_1_U497/tmp_product__1/B[5]
    DSP48E2_X8Y72        DSP_A_B_DATA                                 r  mhsa_i/mhsa_top_0/inst/grp_online_attention_row_fu_1064/mul_32s_32s_64_1_1_U497/tmp_product__1/DSP_A_B_DATA_INST/B[5]
  -------------------------------------------------------------------    -------------------

                         (clock clk_pl_0 rise edge)
                                                     10.312    10.312 r  
    PS8_X0Y0             PS8                          0.000    10.312 r  mhsa_i/zynq_ultra_ps_e_0/inst/PS8_i/PLCLK[0]
                         net (fo=1, routed)           0.143    10.455    mhsa_i/zynq_ultra_ps_e_0/inst/pl_clk_unbuffered[0]
    BUFG_PS_X0Y80        BUFG_PS (Prop_BUFG_PS_I_O)
                                                      0.025    10.480 r  mhsa_i/zynq_ultra_ps_e_0/inst/buffer_pl_clk_0.PL_CLK_0_BUFG/O
    X1Y2 (CLOCK_ROOT)    net (fo=24188, routed)       1.742    12.222    mhsa_i/mhsa_top_0/inst/grp_online_attention_row_fu_1064/mul_32s_32s_64_1_1_U497/tmp_product__1/CLK
    DSP48E2_X8Y72        DSP_A_B_DATA                                 r  mhsa_i/mhsa_top_0/inst/grp_online_attention_row_fu_1064/mul_32s_32s_64_1_1_U497/tmp_product__1/DSP_A_B_DATA_INST/CLK
                         clock pessimism              0.097    12.319    
                         clock uncertainty           -0.159    12.160    
    DSP48E2_X8Y72        DSP_A_B_DATA (Setup_DSP_A_B_DATA_DSP48E2_CLK_B[5])
                                                     -0.261    11.899    mhsa_i/mhsa_top_0/inst/grp_online_attention_row_fu_1064/mul_32s_32s_64_1_1_U497/tmp_product__1/DSP_A_B_DATA_INST
  -------------------------------------------------------------------
                         required time                         11.899    
                         arrival time                         -11.030    
  -------------------------------------------------------------------
                         slack                                  0.869    

Slack (MET) :             0.888ns  (required time - arrival time)
  Source:                 mhsa_i/mhsa_top_0/inst/grp_online_attention_row_fu_1064/grp_online_attention_row_Pipeline_tokens_fu_1773/ap_CS_fsm_reg[0]_replica_1/C
                            (rising edge-triggered cell FDSE clocked by clk_pl_0  {rise@0.000ns fall@5.156ns period=10.312ns})
  Destination:            mhsa_i/mhsa_top_0/inst/grp_online_attention_row_fu_1064/mul_32s_32s_64_1_1_U500/tmp_product__0/DSP_A_B_DATA_INST/B[6]
                            (rising edge-triggered cell DSP_A_B_DATA clocked by clk_pl_0  {rise@0.000ns fall@5.156ns period=10.312ns})
  Path Group:             clk_pl_0
  Path Type:              Setup (Max at Slow Process Corner)
  Requirement:            10.312ns  (clk_pl_0 rise@10.312ns - clk_pl_0 rise@0.000ns)
  Data Path Delay:        8.784ns  (logic 3.602ns (41.005%)  route 5.182ns (58.995%))
  Logic Levels:           24  (CARRY8=10 DSP_A_B_DATA=1 DSP_ALU=2 DSP_M_DATA=1 DSP_MULTIPLIER=1 DSP_OUTPUT=2 DSP_PREADD_DATA=1 LUT2=2 LUT3=1 LUT4=1 LUT5=1 LUT6=1)
  Clock Path Skew:        -0.212ns (DCD - SCD + CPR)
    Destination Clock Delay (DCD):    1.709ns = ( 12.021 - 10.312 ) 
    Source Clock Delay      (SCD):    2.082ns
    Clock Pessimism Removal (CPR):    0.161ns
  Clock Uncertainty:      0.159ns  ((TSJ^2 + DJ^2)^1/2) / 2 + PE
    Total System Jitter     (TSJ):    0.071ns
    Discrete Jitter          (DJ):    0.310ns
    Phase Error              (PE):    0.000ns
  Clock Net Delay (Source):      1.874ns (routing 0.569ns, distribution 1.305ns)
  Clock Net Delay (Destination): 1.541ns (routing 0.512ns, distribution 1.029ns)

    Location             Delay type                Incr(ns)  Path(ns)    Netlist Resource(s)
  -------------------------------------------------------------------    -------------------
                         (clock clk_pl_0 rise edge)
                                                      0.000     0.000 r  
    PS8_X0Y0             PS8                          0.000     0.000 r  mhsa_i/zynq_ultra_ps_e_0/inst/PS8_i/PLCLK[0]
                         net (fo=1, routed)           0.180     0.180    mhsa_i/zynq_ultra_ps_e_0/inst/pl_clk_unbuffered[0]
    BUFG_PS_X0Y80        BUFG_PS (Prop_BUFG_PS_I_O)
                                                      0.028     0.208 r  mhsa_i/zynq_ultra_ps_e_0/inst/buffer_pl_clk_0.PL_CLK_0_BUFG/O
    X1Y2 (CLOCK_ROOT)    net (fo=24188, routed)       1.874     2.082    mhsa_i/mhsa_top_0/inst/grp_online_attention_row_fu_1064/grp_online_attention_row_Pipeline_tokens_fu_1773/ap_clk
    SLICE_X68Y145        FDSE                                         r  mhsa_i/mhsa_top_0/inst/grp_online_attention_row_fu_1064/grp_online_attention_row_Pipeline_tokens_fu_1773/ap_CS_fsm_reg[0]_replica_1/C
  -------------------------------------------------------------------    -------------------
    SLICE_X68Y145        FDSE (Prop_EFF2_SLICEL_C_Q)
                                                      0.081     2.163 r  mhsa_i/mhsa_top_0/inst/grp_online_attention_row_fu_1064/grp_online_attention_row_Pipeline_tokens_fu_1773/ap_CS_fsm_reg[0]_replica_1/Q
                         net (fo=127, routed)         0.145     2.308    mhsa_i/mhsa_top_0/inst/grp_online_attention_row_fu_1064/grp_online_attention_row_Pipeline_tokens_fu_1773/mul_32s_32s_64_1_1_U216/ap_CS_fsm_pp0_stage0_repN_1_alias
    SLICE_X68Y146        LUT2 (Prop_G6LUT_SLICEL_I0_O)
                                                      0.050     2.358 r  mhsa_i/mhsa_top_0/inst/grp_online_attention_row_fu_1064/grp_online_attention_row_Pipeline_tokens_fu_1773/mul_32s_32s_64_1_1_U216/tmp_product_i_33__3/O
                         net (fo=119, routed)         0.956     3.314    mhsa_i/mhsa_top_0/inst/grp_online_attention_row_fu_1064/grp_online_attention_row_Pipeline_tokens_fu_1773/mul_32s_32s_64_1_1_U218/DSP_A_B_DATA_INST
    SLICE_X60Y141        LUT3 (Prop_A6LUT_SLICEL_I2_O)
                                                      0.149     3.463 f  mhsa_i/mhsa_top_0/inst/grp_online_attention_row_fu_1064/grp_online_attention_row_Pipeline_tokens_fu_1773/mul_32s_32s_64_1_1_U218/tmp_product_i_12__19/O
                         net (fo=2, routed)           1.041     4.504    mhsa_i/mhsa_top_0/inst/grp_online_attention_row_fu_1064/grp_online_attention_row_Pipeline_tokens_fu_1773/mul_32s_32s_64_1_1_U218/tmp_product__1/B[5]
    DSP48E2_X8Y50        DSP_A_B_DATA (Prop_DSP_A_B_DATA_DSP48E2_B[5]_B2_DATA[5])
                                                      0.151     4.655 r  mhsa_i/mhsa_top_0/inst/grp_online_attention_row_fu_1064/grp_online_attention_row_Pipeline_tokens_fu_1773/mul_32s_32s_64_1_1_U218/tmp_product__1/DSP_A_B_DATA_INST/B2_DATA[5]
                         net (fo=1, routed)           0.000     4.655    mhsa_i/mhsa_top_0/inst/grp_online_attention_row_fu_1064/grp_online_attention_row_Pipeline_tokens_fu_1773/mul_32s_32s_64_1_1_U218/tmp_product__1/DSP_A_B_DATA.B2_DATA<5>
    DSP48E2_X8Y50        DSP_PREADD_DATA (Prop_DSP_PREADD_DATA_DSP48E2_B2_DATA[5]_B2B1[5])
                                                      0.073     4.728 r  mhsa_i/mhsa_top_0/inst/grp_online_attention_row_fu_1064/grp_online_attention_row_Pipeline_tokens_fu_1773/mul_32s_32s_64_1_1_U218/tmp_product__1/DSP_PREADD_DATA_INST/B2B1[5]
                         net (fo=1, routed)           0.000     4.728    mhsa_i/mhsa_top_0/inst/grp_online_attention_row_fu_1064/grp_online_attention_row_Pipeline_tokens_fu_1773/mul_32s_32s_64_1_1_U218/tmp_product__1/DSP_PREADD_DATA.B2B1<5>
    DSP48E2_X8Y50        DSP_MULTIPLIER (Prop_DSP_MULTIPLIER_DSP48E2_B2B1[5]_V[35])
                                                      0.609     5.337 f  mhsa_i/mhsa_top_0/inst/grp_online_attention_row_fu_1064/grp_online_attention_row_Pipeline_tokens_fu_1773/mul_32s_32s_64_1_1_U218/tmp_product__1/DSP_MULTIPLIER_INST/V[35]
                         net (fo=1, routed)           0.000     5.337    mhsa_i/mhsa_top_0/inst/grp_online_attention_row_fu_1064/grp_online_attention_row_Pipeline_tokens_fu_1773/mul_32s_32s_64_1_1_U218/tmp_product__1/DSP_MULTIPLIER.V<35>
    DSP48E2_X8Y50        DSP_M_DATA (Prop_DSP_M_DATA_DSP48E2_V[35]_V_DATA[35])
                                                      0.046     5.383 r  mhsa_i/mhsa_top_0/inst/grp_online_attention_row_fu_1064/grp_online_attention_row_Pipeline_tokens_fu_1773/mul_32s_32s_64_1_1_U218/tmp_product__1/DSP_M_DATA_INST/V_DATA[35]
                         net (fo=1, routed)           0.000     5.383    mhsa_i/mhsa_top_0/inst/grp_online_attention_row_fu_1064/grp_online_attention_row_Pipeline_tokens_fu_1773/mul_32s_32s_64_1_1_U218/tmp_product__1/DSP_M_DATA.V_DATA<35>
    DSP48E2_X8Y50        DSP_ALU (Prop_DSP_ALU_DSP48E2_V_DATA[35]_ALU_OUT[47])
                                                      0.571     5.954 f  mhsa_i/mhsa_top_0/inst/grp_online_attention_row_fu_1064/grp_online_attention_row_Pipeline_tokens_fu_1773/mul_32s_32s_64_1_1_U218/tmp_product__1/DSP_ALU_INST/ALU_OUT[47]
                         net (fo=1, routed)           0.000     5.954    mhsa_i/mhsa_top_0/inst/grp_online_attention_row_fu_1064/grp_online_attention_row_Pipeline_tokens_fu_1773/mul_32s_32s_64_1_1_U218/tmp_product__1/DSP_ALU.ALU_OUT<47>
    DSP48E2_X8Y50        DSP_OUTPUT (Prop_DSP_OUTPUT_DSP48E2_ALU_OUT[47]_PCOUT[47])
                                                      0.122     6.076 r  mhsa_i/mhsa_top_0/inst/grp_online_attention_row_fu_1064/grp_online_attention_row_Pipeline_tokens_fu_1773/mul_32s_32s_64_1_1_U218/tmp_product__1/DSP_OUTPUT_INST/PCOUT[47]
                         net (fo=1, routed)           0.014     6.090    mhsa_i/mhsa_top_0/inst/grp_online_attention_row_fu_1064/grp_online_attention_row_Pipeline_tokens_fu_1773/mul_32s_32s_64_1_1_U218/tmp_product__2/PCIN[47]
    DSP48E2_X8Y51        DSP_ALU (Prop_DSP_ALU_DSP48E2_PCIN[47]_ALU_OUT[0])
                                                      0.546     6.636 f  mhsa_i/mhsa_top_0/inst/grp_online_attention_row_fu_1064/grp_online_attention_row_Pipeline_tokens_fu_1773/mul_32s_32s_64_1_1_U218/tmp_product__2/DSP_ALU_INST/ALU_OUT[0]
                         net (fo=1, routed)           0.000     6.636    mhsa_i/mhsa_top_0/inst/grp_online_attention_row_fu_1064/grp_online_attention_row_Pipeline_tokens_fu_1773/mul_32s_32s_64_1_1_U218/tmp_product__2/DSP_ALU.ALU_OUT<0>
    DSP48E2_X8Y51        DSP_OUTPUT (Prop_DSP_OUTPUT_DSP48E2_ALU_OUT[0]_P[0])
                                                      0.109     6.745 r  mhsa_i/mhsa_top_0/inst/grp_online_attention_row_fu_1064/grp_online_attention_row_Pipeline_tokens_fu_1773/mul_32s_32s_64_1_1_U218/tmp_product__2/DSP_OUTPUT_INST/P[0]
                         net (fo=2, routed)           0.357     7.102    mhsa_i/mhsa_top_0/inst/grp_online_attention_row_fu_1064/grp_online_attention_row_Pipeline_tokens_fu_1773/mul_32s_32s_64_1_1_U218/tmp_product__2_n_107
    SLICE_X70Y128        LUT2 (Prop_B6LUT_SLICEM_I0_O)
                                                      0.052     7.154 r  mhsa_i/mhsa_top_0/inst/grp_online_attention_row_fu_1064/grp_online_attention_row_Pipeline_tokens_fu_1773/mul_32s_32s_64_1_1_U218/tmp_product_carry_i_7__1/O
                         net (fo=1, routed)           0.016     7.170    mhsa_i/mhsa_top_0/inst/grp_online_attention_row_fu_1064/grp_online_attention_row_Pipeline_tokens_fu_1773/mul_32s_32s_64_1_1_U218/tmp_product_carry_i_7__1_n_2
    SLICE_X70Y128        CARRY8 (Prop_CARRY8_SLICEM_S[1]_CO[7])
                                                      0.190     7.360 r  mhsa_i/mhsa_top_0/inst/grp_online_attention_row_fu_1064/grp_online_attention_row_Pipeline_tokens_fu_1773/mul_32s_32s_64_1_1_U218/tmp_product_carry/CO[7]
                         net (fo=1, routed)           0.026     7.386    mhsa_i/mhsa_top_0/inst/grp_online_attention_row_fu_1064/grp_online_attention_row_Pipeline_tokens_fu_1773/mul_32s_32s_64_1_1_U218/tmp_product_carry_n_2
    SLICE_X70Y129        CARRY8 (Prop_CARRY8_SLICEM_CI_CO[7])
                                                      0.015     7.401 r  mhsa_i/mhsa_top_0/inst/grp_online_attention_row_fu_1064/grp_online_attention_row_Pipeline_tokens_fu_1773/mul_32s_32s_64_1_1_U218/tmp_product_carry__0/CO[7]
                         net (fo=1, routed)           0.026     7.427    mhsa_i/mhsa_top_0/inst/grp_online_attention_row_fu_1064/grp_online_attention_row_Pipeline_tokens_fu_1773/mul_32s_32s_64_1_1_U218/tmp_product_carry__0_n_2
    SLICE_X70Y130        CARRY8 (Prop_CARRY8_SLICEM_CI_CO[7])
                                                      0.015     7.442 r  mhsa_i/mhsa_top_0/inst/grp_online_attention_row_fu_1064/grp_online_attention_row_Pipeline_tokens_fu_1773/mul_32s_32s_64_1_1_U218/tmp_product_carry__1/CO[7]
                         net (fo=1, routed)           0.026     7.468    mhsa_i/mhsa_top_0/inst/grp_online_attention_row_fu_1064/grp_online_attention_row_Pipeline_tokens_fu_1773/mul_32s_32s_64_1_1_U218/tmp_product_carry__1_n_2
    SLICE_X70Y131        CARRY8 (Prop_CARRY8_SLICEM_CI_CO[7])
                                                      0.015     7.483 r  mhsa_i/mhsa_top_0/inst/grp_online_attention_row_fu_1064/grp_online_attention_row_Pipeline_tokens_fu_1773/mul_32s_32s_64_1_1_U218/tmp_product_carry__2/CO[7]
                         net (fo=1, routed)           0.026     7.509    mhsa_i/mhsa_top_0/inst/grp_online_attention_row_fu_1064/grp_online_attention_row_Pipeline_tokens_fu_1773/mul_32s_32s_64_1_1_U218/tmp_product_carry__2_n_2
    SLICE_X70Y132        CARRY8 (Prop_CARRY8_SLICEM_CI_CO[7])
                                                      0.015     7.524 r  mhsa_i/mhsa_top_0/inst/grp_online_attention_row_fu_1064/grp_online_attention_row_Pipeline_tokens_fu_1773/mul_32s_32s_64_1_1_U218/tmp_product_carry__3/CO[7]
                         net (fo=1, routed)           0.026     7.550    mhsa_i/mhsa_top_0/inst/grp_online_attention_row_fu_1064/grp_online_attention_row_Pipeline_tokens_fu_1773/mul_32s_32s_64_1_1_U218/tmp_product_carry__3_n_2
    SLICE_X70Y133        CARRY8 (Prop_CARRY8_SLICEM_CI_O[3])
                                                      0.082     7.632 r  mhsa_i/mhsa_top_0/inst/grp_online_attention_row_fu_1064/grp_online_attention_row_Pipeline_tokens_fu_1773/mul_32s_32s_64_1_1_U218/tmp_product_carry__4/O[3]
                         net (fo=7, routed)           0.750     8.382    mhsa_i/mhsa_top_0/inst/grp_online_attention_row_fu_1064/grp_online_attention_row_Pipeline_tokens_fu_1773/mul_32s_32s_64_1_1_U218/grp_fu_3267_p2[59]
    SLICE_X64Y134        LUT5 (Prop_C5LUT_SLICEM_I0_O)
                                                      0.137     8.519 r  mhsa_i/mhsa_top_0/inst/grp_online_attention_row_fu_1064/grp_online_attention_row_Pipeline_tokens_fu_1773/mul_32s_32s_64_1_1_U218/ref_tmp38_1_492603_fu_842[31]_i_25/O
                         net (fo=124, routed)         0.620     9.139    mhsa_i/mhsa_top_0/inst/grp_online_attention_row_fu_1064/grp_online_attention_row_Pipeline_tokens_fu_1773/mul_32s_32s_64_1_1_U218/ref_tmp38_1_492603_fu_842[31]_i_25_n_2
    SLICE_X59Y136        LUT4 (Prop_A6LUT_SLICEL_I2_O)
                                                      0.090     9.229 r  mhsa_i/mhsa_top_0/inst/grp_online_attention_row_fu_1064/grp_online_attention_row_Pipeline_tokens_fu_1773/mul_32s_32s_64_1_1_U218/ref_tmp38_1_152569_fu_706[31]_i_48/O
                         net (fo=1, routed)           0.009     9.238    mhsa_i/mhsa_top_0/inst/grp_online_attention_row_fu_1064/grp_online_attention_row_Pipeline_tokens_fu_1773/mul_32s_16s_48_1_1_U185/ref_tmp38_1_152569_fu_706_reg[31]_i_23_0[0]
    SLICE_X59Y136        CARRY8 (Prop_CARRY8_SLICEL_S[0]_CO[7])
                                                      0.190     9.428 r  mhsa_i/mhsa_top_0/inst/grp_online_attention_row_fu_1064/grp_online_attention_row_Pipeline_tokens_fu_1773/mul_32s_16s_48_1_1_U185/ref_tmp38_1_152569_fu_706_reg[31]_i_32/CO[7]
                         net (fo=1, routed)           0.026     9.454    mhsa_i/mhsa_top_0/inst/grp_online_attention_row_fu_1064/grp_online_attention_row_Pipeline_tokens_fu_1773/mul_32s_16s_48_1_1_U185/ref_tmp38_1_152569_fu_706_reg[31]_i_32_n_2
    SLICE_X59Y137        CARRY8 (Prop_CARRY8_SLICEL_CI_CO[7])
                                                      0.015     9.469 r  mhsa_i/mhsa_top_0/inst/grp_online_attention_row_fu_1064/grp_online_attention_row_Pipeline_tokens_fu_1773/mul_32s_16s_48_1_1_U185/ref_tmp38_1_152569_fu_706_reg[31]_i_23/CO[7]
                         net (fo=1, routed)           0.026     9.495    mhsa_i/mhsa_top_0/inst/grp_online_attention_row_fu_1064/grp_online_attention_row_Pipeline_tokens_fu_1773/mul_32s_16s_48_1_1_U185/ref_tmp38_1_152569_fu_706_reg[31]_i_23_n_2
    SLICE_X59Y138        CARRY8 (Prop_CARRY8_SLICEL_CI_CO[7])
                                                      0.015     9.510 r  mhsa_i/mhsa_top_0/inst/grp_online_attention_row_fu_1064/grp_online_attention_row_Pipeline_tokens_fu_1773/mul_32s_16s_48_1_1_U185/ref_tmp38_1_152569_fu_706_reg[31]_i_13/CO[7]
                         net (fo=1, routed)           0.026     9.536    mhsa_i/mhsa_top_0/inst/grp_online_attention_row_fu_1064/grp_online_attention_row_Pipeline_tokens_fu_1773/mul_32s_16s_48_1_1_U185/ref_tmp38_1_152569_fu_706_reg[31]_i_13_n_2
    SLICE_X59Y139        CARRY8 (Prop_CARRY8_SLICEL_CI_O[7])
                                                      0.116     9.652 r  mhsa_i/mhsa_top_0/inst/grp_online_attention_row_fu_1064/grp_online_attention_row_Pipeline_tokens_fu_1773/mul_32s_16s_48_1_1_U185/ref_tmp38_1_152569_fu_706_reg[31]_i_3/O[7]
                         net (fo=32, routed)          0.410    10.062    mhsa_i/mhsa_top_0/inst/grp_online_attention_row_fu_1064/grp_online_attention_row_Pipeline_tokens_fu_1773/mul_32s_16s_48_1_1_U185/ref_tmp38_1_152569_fu_706[31]_i_22[0]
    SLICE_X63Y143        LUT6 (Prop_F6LUT_SLICEM_I4_O)
                                                      0.148    10.210 r  mhsa_i/mhsa_top_0/inst/grp_online_attention_row_fu_1064/grp_online_attention_row_Pipeline_tokens_fu_1773/mul_32s_16s_48_1_1_U185/ref_tmp38_1_152569_fu_706[23]_i_1/O
                         net (fo=3, routed)           0.656    10.866    mhsa_i/mhsa_top_0/inst/grp_online_attention_row_fu_1064/mul_32s_32s_64_1_1_U500/tmp_product__0/B[6]
    DSP48E2_X5Y61        DSP_A_B_DATA                                 r  mhsa_i/mhsa_top_0/inst/grp_online_attention_row_fu_1064/mul_32s_32s_64_1_1_U500/tmp_product__0/DSP_A_B_DATA_INST/B[6]
  -------------------------------------------------------------------    -------------------

                         (clock clk_pl_0 rise edge)
                                                     10.312    10.312 r  
    PS8_X0Y0             PS8                          0.000    10.312 r  mhsa_i/zynq_ultra_ps_e_0/inst/PS8_i/PLCLK[0]
                         net (fo=1, routed)           0.143    10.455    mhsa_i/zynq_ultra_ps_e_0/inst/pl_clk_unbuffered[0]
    BUFG_PS_X0Y80        BUFG_PS (Prop_BUFG_PS_I_O)
                                                      0.025    10.480 r  mhsa_i/zynq_ultra_ps_e_0/inst/buffer_pl_clk_0.PL_CLK_0_BUFG/O
    X1Y2 (CLOCK_ROOT)    net (fo=24188, routed)       1.541    12.021    mhsa_i/mhsa_top_0/inst/grp_online_attention_row_fu_1064/mul_32s_32s_64_1_1_U500/tmp_product__0/CLK
    DSP48E2_X5Y61        DSP_A_B_DATA                                 r  mhsa_i/mhsa_top_0/inst/grp_online_attention_row_fu_1064/mul_32s_32s_64_1_1_U500/tmp_product__0/DSP_A_B_DATA_INST/CLK
                         clock pessimism              0.161    12.182    
                         clock uncertainty           -0.159    12.023    
    DSP48E2_X5Y61        DSP_A_B_DATA (Setup_DSP_A_B_DATA_DSP48E2_CLK_B[6])
                                                     -0.269    11.754    mhsa_i/mhsa_top_0/inst/grp_online_attention_row_fu_1064/mul_32s_32s_64_1_1_U500/tmp_product__0/DSP_A_B_DATA_INST
  -------------------------------------------------------------------
                         required time                         11.754    
                         arrival time                         -10.866    
  -------------------------------------------------------------------
                         slack                                  0.888    

Slack (MET) :             0.891ns  (required time - arrival time)
  Source:                 mhsa_i/mhsa_top_0/inst/grp_online_attention_row_fu_1064/grp_online_attention_row_Pipeline_tokens_fu_1773/ap_CS_fsm_reg[0]_replica_1/C
                            (rising edge-triggered cell FDSE clocked by clk_pl_0  {rise@0.000ns fall@5.156ns period=10.312ns})
  Destination:            mhsa_i/mhsa_top_0/inst/grp_online_attention_row_fu_1064/mul_32s_32s_64_1_1_U500/tmp_product/DSP_A_B_DATA_INST/A[7]
                            (rising edge-triggered cell DSP_A_B_DATA clocked by clk_pl_0  {rise@0.000ns fall@5.156ns period=10.312ns})
  Path Group:             clk_pl_0
  Path Type:              Setup (Max at Slow Process Corner)
  Requirement:            10.312ns  (clk_pl_0 rise@10.312ns - clk_pl_0 rise@0.000ns)
  Data Path Delay:        8.791ns  (logic 3.552ns (40.403%)  route 5.239ns (59.597%))
  Logic Levels:           24  (CARRY8=10 DSP_A_B_DATA=1 DSP_ALU=2 DSP_M_DATA=1 DSP_MULTIPLIER=1 DSP_OUTPUT=2 DSP_PREADD_DATA=1 LUT2=2 LUT3=1 LUT4=1 LUT5=1 LUT6=1)
  Clock Path Skew:        -0.214ns (DCD - SCD + CPR)
    Destination Clock Delay (DCD):    1.707ns = ( 12.019 - 10.312 ) 
    Source Clock Delay      (SCD):    2.082ns
    Clock Pessimism Removal (CPR):    0.161ns
  Clock Uncertainty:      0.159ns  ((TSJ^2 + DJ^2)^1/2) / 2 + PE
    Total System Jitter     (TSJ):    0.071ns
    Discrete Jitter          (DJ):    0.310ns
    Phase Error              (PE):    0.000ns
  Clock Net Delay (Source):      1.874ns (routing 0.569ns, distribution 1.305ns)
  Clock Net Delay (Destination): 1.539ns (routing 0.512ns, distribution 1.027ns)

    Location             Delay type                Incr(ns)  Path(ns)    Netlist Resource(s)
  -------------------------------------------------------------------    -------------------
                         (clock clk_pl_0 rise edge)
                                                      0.000     0.000 r  
    PS8_X0Y0             PS8                          0.000     0.000 r  mhsa_i/zynq_ultra_ps_e_0/inst/PS8_i/PLCLK[0]
                         net (fo=1, routed)           0.180     0.180    mhsa_i/zynq_ultra_ps_e_0/inst/pl_clk_unbuffered[0]
    BUFG_PS_X0Y80        BUFG_PS (Prop_BUFG_PS_I_O)
                                                      0.028     0.208 r  mhsa_i/zynq_ultra_ps_e_0/inst/buffer_pl_clk_0.PL_CLK_0_BUFG/O
    X1Y2 (CLOCK_ROOT)    net (fo=24188, routed)       1.874     2.082    mhsa_i/mhsa_top_0/inst/grp_online_attention_row_fu_1064/grp_online_attention_row_Pipeline_tokens_fu_1773/ap_clk
    SLICE_X68Y145        FDSE                                         r  mhsa_i/mhsa_top_0/inst/grp_online_attention_row_fu_1064/grp_online_attention_row_Pipeline_tokens_fu_1773/ap_CS_fsm_reg[0]_replica_1/C
  -------------------------------------------------------------------    -------------------
    SLICE_X68Y145        FDSE (Prop_EFF2_SLICEL_C_Q)
                                                      0.081     2.163 r  mhsa_i/mhsa_top_0/inst/grp_online_attention_row_fu_1064/grp_online_attention_row_Pipeline_tokens_fu_1773/ap_CS_fsm_reg[0]_replica_1/Q
                         net (fo=127, routed)         0.145     2.308    mhsa_i/mhsa_top_0/inst/grp_online_attention_row_fu_1064/grp_online_attention_row_Pipeline_tokens_fu_1773/mul_32s_32s_64_1_1_U216/ap_CS_fsm_pp0_stage0_repN_1_alias
    SLICE_X68Y146        LUT2 (Prop_G6LUT_SLICEL_I0_O)
                                                      0.050     2.358 r  mhsa_i/mhsa_top_0/inst/grp_online_attention_row_fu_1064/grp_online_attention_row_Pipeline_tokens_fu_1773/mul_32s_32s_64_1_1_U216/tmp_product_i_33__3/O
                         net (fo=119, routed)         0.956     3.314    mhsa_i/mhsa_top_0/inst/grp_online_attention_row_fu_1064/grp_online_attention_row_Pipeline_tokens_fu_1773/mul_32s_32s_64_1_1_U218/DSP_A_B_DATA_INST
    SLICE_X60Y141        LUT3 (Prop_A6LUT_SLICEL_I2_O)
                                                      0.149     3.463 f  mhsa_i/mhsa_top_0/inst/grp_online_attention_row_fu_1064/grp_online_attention_row_Pipeline_tokens_fu_1773/mul_32s_32s_64_1_1_U218/tmp_product_i_12__19/O
                         net (fo=2, routed)           1.041     4.504    mhsa_i/mhsa_top_0/inst/grp_online_attention_row_fu_1064/grp_online_attention_row_Pipeline_tokens_fu_1773/mul_32s_32s_64_1_1_U218/tmp_product__1/B[5]
    DSP48E2_X8Y50        DSP_A_B_DATA (Prop_DSP_A_B_DATA_DSP48E2_B[5]_B2_DATA[5])
                                                      0.151     4.655 r  mhsa_i/mhsa_top_0/inst/grp_online_attention_row_fu_1064/grp_online_attention_row_Pipeline_tokens_fu_1773/mul_32s_32s_64_1_1_U218/tmp_product__1/DSP_A_B_DATA_INST/B2_DATA[5]
                         net (fo=1, routed)           0.000     4.655    mhsa_i/mhsa_top_0/inst/grp_online_attention_row_fu_1064/grp_online_attention_row_Pipeline_tokens_fu_1773/mul_32s_32s_64_1_1_U218/tmp_product__1/DSP_A_B_DATA.B2_DATA<5>
    DSP48E2_X8Y50        DSP_PREADD_DATA (Prop_DSP_PREADD_DATA_DSP48E2_B2_DATA[5]_B2B1[5])
                                                      0.073     4.728 r  mhsa_i/mhsa_top_0/inst/grp_online_attention_row_fu_1064/grp_online_attention_row_Pipeline_tokens_fu_1773/mul_32s_32s_64_1_1_U218/tmp_product__1/DSP_PREADD_DATA_INST/B2B1[5]
                         net (fo=1, routed)           0.000     4.728    mhsa_i/mhsa_top_0/inst/grp_online_attention_row_fu_1064/grp_online_attention_row_Pipeline_tokens_fu_1773/mul_32s_32s_64_1_1_U218/tmp_product__1/DSP_PREADD_DATA.B2B1<5>
    DSP48E2_X8Y50        DSP_MULTIPLIER (Prop_DSP_MULTIPLIER_DSP48E2_B2B1[5]_V[35])
                                                      0.609     5.337 f  mhsa_i/mhsa_top_0/inst/grp_online_attention_row_fu_1064/grp_online_attention_row_Pipeline_tokens_fu_1773/mul_32s_32s_64_1_1_U218/tmp_product__1/DSP_MULTIPLIER_INST/V[35]
                         net (fo=1, routed)           0.000     5.337    mhsa_i/mhsa_top_0/inst/grp_online_attention_row_fu_1064/grp_online_attention_row_Pipeline_tokens_fu_1773/mul_32s_32s_64_1_1_U218/tmp_product__1/DSP_MULTIPLIER.V<35>
    DSP48E2_X8Y50        DSP_M_DATA (Prop_DSP_M_DATA_DSP48E2_V[35]_V_DATA[35])
                                                      0.046     5.383 r  mhsa_i/mhsa_top_0/inst/grp_online_attention_row_fu_1064/grp_online_attention_row_Pipeline_tokens_fu_1773/mul_32s_32s_64_1_1_U218/tmp_product__1/DSP_M_DATA_INST/V_DATA[35]
                         net (fo=1, routed)           0.000     5.383    mhsa_i/mhsa_top_0/inst/grp_online_attention_row_fu_1064/grp_online_attention_row_Pipeline_tokens_fu_1773/mul_32s_32s_64_1_1_U218/tmp_product__1/DSP_M_DATA.V_DATA<35>
    DSP48E2_X8Y50        DSP_ALU (Prop_DSP_ALU_DSP48E2_V_DATA[35]_ALU_OUT[47])
                                                      0.571     5.954 f  mhsa_i/mhsa_top_0/inst/grp_online_attention_row_fu_1064/grp_online_attention_row_Pipeline_tokens_fu_1773/mul_32s_32s_64_1_1_U218/tmp_product__1/DSP_ALU_INST/ALU_OUT[47]
                         net (fo=1, routed)           0.000     5.954    mhsa_i/mhsa_top_0/inst/grp_online_attention_row_fu_1064/grp_online_attention_row_Pipeline_tokens_fu_1773/mul_32s_32s_64_1_1_U218/tmp_product__1/DSP_ALU.ALU_OUT<47>
    DSP48E2_X8Y50        DSP_OUTPUT (Prop_DSP_OUTPUT_DSP48E2_ALU_OUT[47]_PCOUT[47])
                                                      0.122     6.076 r  mhsa_i/mhsa_top_0/inst/grp_online_attention_row_fu_1064/grp_online_attention_row_Pipeline_tokens_fu_1773/mul_32s_32s_64_1_1_U218/tmp_product__1/DSP_OUTPUT_INST/PCOUT[47]
                         net (fo=1, routed)           0.014     6.090    mhsa_i/mhsa_top_0/inst/grp_online_attention_row_fu_1064/grp_online_attention_row_Pipeline_tokens_fu_1773/mul_32s_32s_64_1_1_U218/tmp_product__2/PCIN[47]
    DSP48E2_X8Y51        DSP_ALU (Prop_DSP_ALU_DSP48E2_PCIN[47]_ALU_OUT[0])
                                                      0.546     6.636 f  mhsa_i/mhsa_top_0/inst/grp_online_attention_row_fu_1064/grp_online_attention_row_Pipeline_tokens_fu_1773/mul_32s_32s_64_1_1_U218/tmp_product__2/DSP_ALU_INST/ALU_OUT[0]
                         net (fo=1, routed)           0.000     6.636    mhsa_i/mhsa_top_0/inst/grp_online_attention_row_fu_1064/grp_online_attention_row_Pipeline_tokens_fu_1773/mul_32s_32s_64_1_1_U218/tmp_product__2/DSP_ALU.ALU_OUT<0>
    DSP48E2_X8Y51        DSP_OUTPUT (Prop_DSP_OUTPUT_DSP48E2_ALU_OUT[0]_P[0])
                                                      0.109     6.745 r  mhsa_i/mhsa_top_0/inst/grp_online_attention_row_fu_1064/grp_online_attention_row_Pipeline_tokens_fu_1773/mul_32s_32s_64_1_1_U218/tmp_product__2/DSP_OUTPUT_INST/P[0]
                         net (fo=2, routed)           0.357     7.102    mhsa_i/mhsa_top_0/inst/grp_online_attention_row_fu_1064/grp_online_attention_row_Pipeline_tokens_fu_1773/mul_32s_32s_64_1_1_U218/tmp_product__2_n_107
    SLICE_X70Y128        LUT2 (Prop_B6LUT_SLICEM_I0_O)
                                                      0.052     7.154 r  mhsa_i/mhsa_top_0/inst/grp_online_attention_row_fu_1064/grp_online_attention_row_Pipeline_tokens_fu_1773/mul_32s_32s_64_1_1_U218/tmp_product_carry_i_7__1/O
                         net (fo=1, routed)           0.016     7.170    mhsa_i/mhsa_top_0/inst/grp_online_attention_row_fu_1064/grp_online_attention_row_Pipeline_tokens_fu_1773/mul_32s_32s_64_1_1_U218/tmp_product_carry_i_7__1_n_2
    SLICE_X70Y128        CARRY8 (Prop_CARRY8_SLICEM_S[1]_CO[7])
                                                      0.190     7.360 r  mhsa_i/mhsa_top_0/inst/grp_online_attention_row_fu_1064/grp_online_attention_row_Pipeline_tokens_fu_1773/mul_32s_32s_64_1_1_U218/tmp_product_carry/CO[7]
                         net (fo=1, routed)           0.026     7.386    mhsa_i/mhsa_top_0/inst/grp_online_attention_row_fu_1064/grp_online_attention_row_Pipeline_tokens_fu_1773/mul_32s_32s_64_1_1_U218/tmp_product_carry_n_2
    SLICE_X70Y129        CARRY8 (Prop_CARRY8_SLICEM_CI_CO[7])
                                                      0.015     7.401 r  mhsa_i/mhsa_top_0/inst/grp_online_attention_row_fu_1064/grp_online_attention_row_Pipeline_tokens_fu_1773/mul_32s_32s_64_1_1_U218/tmp_product_carry__0/CO[7]
                         net (fo=1, routed)           0.026     7.427    mhsa_i/mhsa_top_0/inst/grp_online_attention_row_fu_1064/grp_online_attention_row_Pipeline_tokens_fu_1773/mul_32s_32s_64_1_1_U218/tmp_product_carry__0_n_2
    SLICE_X70Y130        CARRY8 (Prop_CARRY8_SLICEM_CI_CO[7])
                                                      0.015     7.442 r  mhsa_i/mhsa_top_0/inst/grp_online_attention_row_fu_1064/grp_online_attention_row_Pipeline_tokens_fu_1773/mul_32s_32s_64_1_1_U218/tmp_product_carry__1/CO[7]
                         net (fo=1, routed)           0.026     7.468    mhsa_i/mhsa_top_0/inst/grp_online_attention_row_fu_1064/grp_online_attention_row_Pipeline_tokens_fu_1773/mul_32s_32s_64_1_1_U218/tmp_product_carry__1_n_2
    SLICE_X70Y131        CARRY8 (Prop_CARRY8_SLICEM_CI_CO[7])
                                                      0.015     7.483 r  mhsa_i/mhsa_top_0/inst/grp_online_attention_row_fu_1064/grp_online_attention_row_Pipeline_tokens_fu_1773/mul_32s_32s_64_1_1_U218/tmp_product_carry__2/CO[7]
                         net (fo=1, routed)           0.026     7.509    mhsa_i/mhsa_top_0/inst/grp_online_attention_row_fu_1064/grp_online_attention_row_Pipeline_tokens_fu_1773/mul_32s_32s_64_1_1_U218/tmp_product_carry__2_n_2
    SLICE_X70Y132        CARRY8 (Prop_CARRY8_SLICEM_CI_CO[7])
                                                      0.015     7.524 r  mhsa_i/mhsa_top_0/inst/grp_online_attention_row_fu_1064/grp_online_attention_row_Pipeline_tokens_fu_1773/mul_32s_32s_64_1_1_U218/tmp_product_carry__3/CO[7]
                         net (fo=1, routed)           0.026     7.550    mhsa_i/mhsa_top_0/inst/grp_online_attention_row_fu_1064/grp_online_attention_row_Pipeline_tokens_fu_1773/mul_32s_32s_64_1_1_U218/tmp_product_carry__3_n_2
    SLICE_X70Y133        CARRY8 (Prop_CARRY8_SLICEM_CI_O[3])
                                                      0.082     7.632 r  mhsa_i/mhsa_top_0/inst/grp_online_attention_row_fu_1064/grp_online_attention_row_Pipeline_tokens_fu_1773/mul_32s_32s_64_1_1_U218/tmp_product_carry__4/O[3]
                         net (fo=7, routed)           0.750     8.382    mhsa_i/mhsa_top_0/inst/grp_online_attention_row_fu_1064/grp_online_attention_row_Pipeline_tokens_fu_1773/mul_32s_32s_64_1_1_U218/grp_fu_3267_p2[59]
    SLICE_X64Y134        LUT5 (Prop_C5LUT_SLICEM_I0_O)
                                                      0.137     8.519 r  mhsa_i/mhsa_top_0/inst/grp_online_attention_row_fu_1064/grp_online_attention_row_Pipeline_tokens_fu_1773/mul_32s_32s_64_1_1_U218/ref_tmp38_1_492603_fu_842[31]_i_25/O
                         net (fo=124, routed)         0.620     9.139    mhsa_i/mhsa_top_0/inst/grp_online_attention_row_fu_1064/grp_online_attention_row_Pipeline_tokens_fu_1773/mul_32s_32s_64_1_1_U218/ref_tmp38_1_492603_fu_842[31]_i_25_n_2
    SLICE_X59Y136        LUT4 (Prop_A6LUT_SLICEL_I2_O)
                                                      0.090     9.229 r  mhsa_i/mhsa_top_0/inst/grp_online_attention_row_fu_1064/grp_online_attention_row_Pipeline_tokens_fu_1773/mul_32s_32s_64_1_1_U218/ref_tmp38_1_152569_fu_706[31]_i_48/O
                         net (fo=1, routed)           0.009     9.238    mhsa_i/mhsa_top_0/inst/grp_online_attention_row_fu_1064/grp_online_attention_row_Pipeline_tokens_fu_1773/mul_32s_16s_48_1_1_U185/ref_tmp38_1_152569_fu_706_reg[31]_i_23_0[0]
    SLICE_X59Y136        CARRY8 (Prop_CARRY8_SLICEL_S[0]_CO[7])
                                                      0.190     9.428 r  mhsa_i/mhsa_top_0/inst/grp_online_attention_row_fu_1064/grp_online_attention_row_Pipeline_tokens_fu_1773/mul_32s_16s_48_1_1_U185/ref_tmp38_1_152569_fu_706_reg[31]_i_32/CO[7]
                         net (fo=1, routed)           0.026     9.454    mhsa_i/mhsa_top_0/inst/grp_online_attention_row_fu_1064/grp_online_attention_row_Pipeline_tokens_fu_1773/mul_32s_16s_48_1_1_U185/ref_tmp38_1_152569_fu_706_reg[31]_i_32_n_2
    SLICE_X59Y137        CARRY8 (Prop_CARRY8_SLICEL_CI_CO[7])
                                                      0.015     9.469 r  mhsa_i/mhsa_top_0/inst/grp_online_attention_row_fu_1064/grp_online_attention_row_Pipeline_tokens_fu_1773/mul_32s_16s_48_1_1_U185/ref_tmp38_1_152569_fu_706_reg[31]_i_23/CO[7]
                         net (fo=1, routed)           0.026     9.495    mhsa_i/mhsa_top_0/inst/grp_online_attention_row_fu_1064/grp_online_attention_row_Pipeline_tokens_fu_1773/mul_32s_16s_48_1_1_U185/ref_tmp38_1_152569_fu_706_reg[31]_i_23_n_2
    SLICE_X59Y138        CARRY8 (Prop_CARRY8_SLICEL_CI_CO[7])
                                                      0.015     9.510 r  mhsa_i/mhsa_top_0/inst/grp_online_attention_row_fu_1064/grp_online_attention_row_Pipeline_tokens_fu_1773/mul_32s_16s_48_1_1_U185/ref_tmp38_1_152569_fu_706_reg[31]_i_13/CO[7]
                         net (fo=1, routed)           0.026     9.536    mhsa_i/mhsa_top_0/inst/grp_online_attention_row_fu_1064/grp_online_attention_row_Pipeline_tokens_fu_1773/mul_32s_16s_48_1_1_U185/ref_tmp38_1_152569_fu_706_reg[31]_i_13_n_2
    SLICE_X59Y139        CARRY8 (Prop_CARRY8_SLICEL_CI_O[7])
                                                      0.116     9.652 r  mhsa_i/mhsa_top_0/inst/grp_online_attention_row_fu_1064/grp_online_attention_row_Pipeline_tokens_fu_1773/mul_32s_16s_48_1_1_U185/ref_tmp38_1_152569_fu_706_reg[31]_i_3/O[7]
                         net (fo=32, routed)          0.500    10.152    mhsa_i/mhsa_top_0/inst/grp_online_attention_row_fu_1064/grp_online_attention_row_Pipeline_tokens_fu_1773/mul_32s_16s_48_1_1_U185/ref_tmp38_1_152569_fu_706[31]_i_22[0]
    SLICE_X64Y138        LUT6 (Prop_F6LUT_SLICEM_I4_O)
                                                      0.098    10.250 r  mhsa_i/mhsa_top_0/inst/grp_online_attention_row_fu_1064/grp_online_attention_row_Pipeline_tokens_fu_1773/mul_32s_16s_48_1_1_U185/ref_tmp38_1_152569_fu_706[7]_i_1/O
                         net (fo=3, routed)           0.623    10.874    mhsa_i/mhsa_top_0/inst/grp_online_attention_row_fu_1064/mul_32s_32s_64_1_1_U500/tmp_product/A[7]
    DSP48E2_X5Y60        DSP_A_B_DATA                                 r  mhsa_i/mhsa_top_0/inst/grp_online_attention_row_fu_1064/mul_32s_32s_64_1_1_U500/tmp_product/DSP_A_B_DATA_INST/A[7]
  -------------------------------------------------------------------    -------------------

                         (clock clk_pl_0 rise edge)
                                                     10.312    10.312 r  
    PS8_X0Y0             PS8                          0.000    10.312 r  mhsa_i/zynq_ultra_ps_e_0/inst/PS8_i/PLCLK[0]
                         net (fo=1, routed)           0.143    10.455    mhsa_i/zynq_ultra_ps_e_0/inst/pl_clk_unbuffered[0]
    BUFG_PS_X0Y80        BUFG_PS (Prop_BUFG_PS_I_O)
                                                      0.025    10.480 r  mhsa_i/zynq_ultra_ps_e_0/inst/buffer_pl_clk_0.PL_CLK_0_BUFG/O
    X1Y2 (CLOCK_ROOT)    net (fo=24188, routed)       1.539    12.019    mhsa_i/mhsa_top_0/inst/grp_online_attention_row_fu_1064/mul_32s_32s_64_1_1_U500/tmp_product/CLK
    DSP48E2_X5Y60        DSP_A_B_DATA                                 r  mhsa_i/mhsa_top_0/inst/grp_online_attention_row_fu_1064/mul_32s_32s_64_1_1_U500/tmp_product/DSP_A_B_DATA_INST/CLK
                         clock pessimism              0.161    12.180    
                         clock uncertainty           -0.159    12.021    
    DSP48E2_X5Y60        DSP_A_B_DATA (Setup_DSP_A_B_DATA_DSP48E2_CLK_A[7])
                                                     -0.256    11.765    mhsa_i/mhsa_top_0/inst/grp_online_attention_row_fu_1064/mul_32s_32s_64_1_1_U500/tmp_product/DSP_A_B_DATA_INST
  -------------------------------------------------------------------
                         required time                         11.765    
                         arrival time                         -10.874    
  -------------------------------------------------------------------
                         slack                                  0.891    

Slack (MET) :             0.895ns  (required time - arrival time)
  Source:                 mhsa_i/mhsa_top_0/inst/grp_online_attention_row_fu_1064/grp_online_attention_row_Pipeline_tokens_fu_1773/ap_enable_reg_pp0_iter35_reg/C
                            (rising edge-triggered cell FDRE clocked by clk_pl_0  {rise@0.000ns fall@5.156ns period=10.312ns})
  Destination:            mhsa_i/mhsa_top_0/inst/grp_online_attention_row_fu_1064/mul_32s_32s_64_1_1_U497/tmp_product__2/DSP_A_B_DATA_INST/B[16]
                            (rising edge-triggered cell DSP_A_B_DATA clocked by clk_pl_0  {rise@0.000ns fall@5.156ns period=10.312ns})
  Path Group:             clk_pl_0
  Path Type:              Setup (Max at Slow Process Corner)
  Requirement:            10.312ns  (clk_pl_0 rise@10.312ns - clk_pl_0 rise@0.000ns)
  Data Path Delay:        8.955ns  (logic 2.987ns (33.354%)  route 5.968ns (66.646%))
  Logic Levels:           16  (CARRY8=4 DSP_A_B_DATA=1 DSP_ALU=2 DSP_M_DATA=1 DSP_MULTIPLIER=1 DSP_OUTPUT=2 DSP_PREADD_DATA=1 LUT2=1 LUT4=1 LUT6=2)
  Clock Path Skew:        -0.049ns (DCD - SCD + CPR)
    Destination Clock Delay (DCD):    1.910ns = ( 12.222 - 10.312 ) 
    Source Clock Delay      (SCD):    2.056ns
    Clock Pessimism Removal (CPR):    0.097ns
  Clock Uncertainty:      0.159ns  ((TSJ^2 + DJ^2)^1/2) / 2 + PE
    Total System Jitter     (TSJ):    0.071ns
    Discrete Jitter          (DJ):    0.310ns
    Phase Error              (PE):    0.000ns
  Clock Net Delay (Source):      1.848ns (routing 0.569ns, distribution 1.279ns)
  Clock Net Delay (Destination): 1.742ns (routing 0.512ns, distribution 1.230ns)

    Location             Delay type                Incr(ns)  Path(ns)    Netlist Resource(s)
  -------------------------------------------------------------------    -------------------
                         (clock clk_pl_0 rise edge)
                                                      0.000     0.000 r  
    PS8_X0Y0             PS8                          0.000     0.000 r  mhsa_i/zynq_ultra_ps_e_0/inst/PS8_i/PLCLK[0]
                         net (fo=1, routed)           0.180     0.180    mhsa_i/zynq_ultra_ps_e_0/inst/pl_clk_unbuffered[0]
    BUFG_PS_X0Y80        BUFG_PS (Prop_BUFG_PS_I_O)
                                                      0.028     0.208 r  mhsa_i/zynq_ultra_ps_e_0/inst/buffer_pl_clk_0.PL_CLK_0_BUFG/O
    X1Y2 (CLOCK_ROOT)    net (fo=24188, routed)       1.848     2.056    mhsa_i/mhsa_top_0/inst/grp_online_attention_row_fu_1064/grp_online_attention_row_Pipeline_tokens_fu_1773/ap_clk
    SLICE_X68Y144        FDRE                                         r  mhsa_i/mhsa_top_0/inst/grp_online_attention_row_fu_1064/grp_online_attention_row_Pipeline_tokens_fu_1773/ap_enable_reg_pp0_iter35_reg/C
  -------------------------------------------------------------------    -------------------
    SLICE_X68Y144        FDRE (Prop_DFF_SLICEL_C_Q)
                                                      0.079     2.135 r  mhsa_i/mhsa_top_0/inst/grp_online_attention_row_fu_1064/grp_online_attention_row_Pipeline_tokens_fu_1773/ap_enable_reg_pp0_iter35_reg/Q
                         net (fo=18, routed)          0.371     2.506    mhsa_i/mhsa_top_0/inst/grp_online_attention_row_fu_1064/grp_online_attention_row_Pipeline_tokens_fu_1773/mul_32s_16s_48_1_1_U200/ap_enable_reg_pp0_iter35
    SLICE_X69Y138        LUT2 (Prop_G5LUT_SLICEL_I1_O)
                                                      0.067     2.573 r  mhsa_i/mhsa_top_0/inst/grp_online_attention_row_fu_1064/grp_online_attention_row_Pipeline_tokens_fu_1773/mul_32s_16s_48_1_1_U200/tmp_product_i_35__2/O
                         net (fo=108, routed)         1.275     3.848    mhsa_i/mhsa_top_0/inst/grp_online_attention_row_fu_1064/grp_online_attention_row_Pipeline_tokens_fu_1773/mul_32s_16s_48_1_1_U200/ap_CS_fsm_reg[0]
    SLICE_X58Y127        LUT6 (Prop_H6LUT_SLICEL_I1_O)
                                                      0.090     3.938 f  mhsa_i/mhsa_top_0/inst/grp_online_attention_row_fu_1064/grp_online_attention_row_Pipeline_tokens_fu_1773/mul_32s_16s_48_1_1_U200/tmp_product_i_21__6/O
                         net (fo=32, routed)          1.923     5.861    mhsa_i/mhsa_top_0/inst/grp_online_attention_row_fu_1064/grp_online_attention_row_Pipeline_tokens_fu_1773/mul_32s_16s_48_1_1_U182/tmp_product/A[12]
    DSP48E2_X7Y26        DSP_A_B_DATA (Prop_DSP_A_B_DATA_DSP48E2_A[12]_A2_DATA[12])
                                                      0.192     6.053 r  mhsa_i/mhsa_top_0/inst/grp_online_attention_row_fu_1064/grp_online_attention_row_Pipeline_tokens_fu_1773/mul_32s_16s_48_1_1_U182/tmp_product/DSP_A_B_DATA_INST/A2_DATA[12]
                         net (fo=1, routed)           0.000     6.053    mhsa_i/mhsa_top_0/inst/grp_online_attention_row_fu_1064/grp_online_attention_row_Pipeline_tokens_fu_1773/mul_32s_16s_48_1_1_U182/tmp_product/DSP_A_B_DATA.A2_DATA<12>
    DSP48E2_X7Y26        DSP_PREADD_DATA (Prop_DSP_PREADD_DATA_DSP48E2_A2_DATA[12]_A2A1[12])
                                                      0.076     6.129 r  mhsa_i/mhsa_top_0/inst/grp_online_attention_row_fu_1064/grp_online_attention_row_Pipeline_tokens_fu_1773/mul_32s_16s_48_1_1_U182/tmp_product/DSP_PREADD_DATA_INST/A2A1[12]
                         net (fo=1, routed)           0.000     6.129    mhsa_i/mhsa_top_0/inst/grp_online_attention_row_fu_1064/grp_online_attention_row_Pipeline_tokens_fu_1773/mul_32s_16s_48_1_1_U182/tmp_product/DSP_PREADD_DATA.A2A1<12>
    DSP48E2_X7Y26        DSP_MULTIPLIER (Prop_DSP_MULTIPLIER_DSP48E2_A2A1[12]_U[33])
                                                      0.505     6.634 f  mhsa_i/mhsa_top_0/inst/grp_online_attention_row_fu_1064/grp_online_attention_row_Pipeline_tokens_fu_1773/mul_32s_16s_48_1_1_U182/tmp_product/DSP_MULTIPLIER_INST/U[33]
                         net (fo=1, routed)           0.000     6.634    mhsa_i/mhsa_top_0/inst/grp_online_attention_row_fu_1064/grp_online_attention_row_Pipeline_tokens_fu_1773/mul_32s_16s_48_1_1_U182/tmp_product/DSP_MULTIPLIER.U<33>
    DSP48E2_X7Y26        DSP_M_DATA (Prop_DSP_M_DATA_DSP48E2_U[33]_U_DATA[33])
                                                      0.047     6.681 r  mhsa_i/mhsa_top_0/inst/grp_online_attention_row_fu_1064/grp_online_attention_row_Pipeline_tokens_fu_1773/mul_32s_16s_48_1_1_U182/tmp_product/DSP_M_DATA_INST/U_DATA[33]
                         net (fo=1, routed)           0.000     6.681    mhsa_i/mhsa_top_0/inst/grp_online_attention_row_fu_1064/grp_online_attention_row_Pipeline_tokens_fu_1773/mul_32s_16s_48_1_1_U182/tmp_product/DSP_M_DATA.U_DATA<33>
    DSP48E2_X7Y26        DSP_ALU (Prop_DSP_ALU_DSP48E2_U_DATA[33]_ALU_OUT[47])
                                                      0.585     7.266 f  mhsa_i/mhsa_top_0/inst/grp_online_attention_row_fu_1064/grp_online_attention_row_Pipeline_tokens_fu_1773/mul_32s_16s_48_1_1_U182/tmp_product/DSP_ALU_INST/ALU_OUT[47]
                         net (fo=1, routed)           0.000     7.266    mhsa_i/mhsa_top_0/inst/grp_online_attention_row_fu_1064/grp_online_attention_row_Pipeline_tokens_fu_1773/mul_32s_16s_48_1_1_U182/tmp_product/DSP_ALU.ALU_OUT<47>
    DSP48E2_X7Y26        DSP_OUTPUT (Prop_DSP_OUTPUT_DSP48E2_ALU_OUT[47]_PCOUT[47])
                                                      0.122     7.388 r  mhsa_i/mhsa_top_0/inst/grp_online_attention_row_fu_1064/grp_online_attention_row_Pipeline_tokens_fu_1773/mul_32s_16s_48_1_1_U182/tmp_product/DSP_OUTPUT_INST/PCOUT[47]
                         net (fo=1, routed)           0.014     7.402    mhsa_i/mhsa_top_0/inst/grp_online_attention_row_fu_1064/grp_online_attention_row_Pipeline_tokens_fu_1773/mul_32s_16s_48_1_1_U182/tmp_product__0/PCIN[47]
    DSP48E2_X7Y27        DSP_ALU (Prop_DSP_ALU_DSP48E2_PCIN[47]_ALU_OUT[5])
                                                      0.546     7.948 f  mhsa_i/mhsa_top_0/inst/grp_online_attention_row_fu_1064/grp_online_attention_row_Pipeline_tokens_fu_1773/mul_32s_16s_48_1_1_U182/tmp_product__0/DSP_ALU_INST/ALU_OUT[5]
                         net (fo=1, routed)           0.000     7.948    mhsa_i/mhsa_top_0/inst/grp_online_attention_row_fu_1064/grp_online_attention_row_Pipeline_tokens_fu_1773/mul_32s_16s_48_1_1_U182/tmp_product__0/DSP_ALU.ALU_OUT<5>
    DSP48E2_X7Y27        DSP_OUTPUT (Prop_DSP_OUTPUT_DSP48E2_ALU_OUT[5]_P[5])
                                                      0.109     8.057 r  mhsa_i/mhsa_top_0/inst/grp_online_attention_row_fu_1064/grp_online_attention_row_Pipeline_tokens_fu_1773/mul_32s_16s_48_1_1_U182/tmp_product__0/DSP_OUTPUT_INST/P[5]
                         net (fo=8, routed)           1.448     9.505    mhsa_i/mhsa_top_0/inst/grp_online_attention_row_fu_1064/grp_online_attention_row_Pipeline_tokens_fu_1773/mul_32s_32s_64_1_1_U215/ref_tmp38_1_122566_fu_694_reg[23]_i_2[4]
    SLICE_X66Y158        LUT4 (Prop_E6LUT_SLICEL_I3_O)
                                                      0.147     9.652 r  mhsa_i/mhsa_top_0/inst/grp_online_attention_row_fu_1064/grp_online_attention_row_Pipeline_tokens_fu_1773/mul_32s_32s_64_1_1_U215/ref_tmp38_1_122566_fu_694[7]_i_6/O
                         net (fo=1, routed)           0.007     9.659    mhsa_i/mhsa_top_0/inst/grp_online_attention_row_fu_1064/grp_online_attention_row_Pipeline_tokens_fu_1773/mul_32s_16s_48_1_1_U182/ref_tmp38_1_122566_fu_694_reg[7][4]
    SLICE_X66Y158        CARRY8 (Prop_CARRY8_SLICEL_S[4]_CO[7])
                                                      0.153     9.812 r  mhsa_i/mhsa_top_0/inst/grp_online_attention_row_fu_1064/grp_online_attention_row_Pipeline_tokens_fu_1773/mul_32s_16s_48_1_1_U182/ref_tmp38_1_122566_fu_694_reg[7]_i_2/CO[7]
                         net (fo=1, routed)           0.026     9.838    mhsa_i/mhsa_top_0/inst/grp_online_attention_row_fu_1064/grp_online_attention_row_Pipeline_tokens_fu_1773/mul_32s_16s_48_1_1_U182/ref_tmp38_1_122566_fu_694_reg[7]_i_2_n_2
    SLICE_X66Y159        CARRY8 (Prop_CARRY8_SLICEL_CI_CO[7])
                                                      0.015     9.853 r  mhsa_i/mhsa_top_0/inst/grp_online_attention_row_fu_1064/grp_online_attention_row_Pipeline_tokens_fu_1773/mul_32s_16s_48_1_1_U182/ref_tmp38_1_122566_fu_694_reg[15]_i_2/CO[7]
                         net (fo=1, routed)           0.026     9.879    mhsa_i/mhsa_top_0/inst/grp_online_attention_row_fu_1064/grp_online_attention_row_Pipeline_tokens_fu_1773/mul_32s_16s_48_1_1_U182/ref_tmp38_1_122566_fu_694_reg[15]_i_2_n_2
    SLICE_X66Y160        CARRY8 (Prop_CARRY8_SLICEL_CI_CO[7])
                                                      0.015     9.894 r  mhsa_i/mhsa_top_0/inst/grp_online_attention_row_fu_1064/grp_online_attention_row_Pipeline_tokens_fu_1773/mul_32s_16s_48_1_1_U182/ref_tmp38_1_122566_fu_694_reg[23]_i_2/CO[7]
                         net (fo=1, routed)           0.026     9.920    mhsa_i/mhsa_top_0/inst/grp_online_attention_row_fu_1064/grp_online_attention_row_Pipeline_tokens_fu_1773/mul_32s_32s_64_1_1_U215/ref_tmp38_1_122566_fu_694_reg[31]_0[0]
    SLICE_X66Y161        CARRY8 (Prop_CARRY8_SLICEL_CI_O[7])
                                                      0.116    10.036 r  mhsa_i/mhsa_top_0/inst/grp_online_attention_row_fu_1064/grp_online_attention_row_Pipeline_tokens_fu_1773/mul_32s_32s_64_1_1_U215/ref_tmp38_1_122566_fu_694_reg[31]_i_2/O[7]
                         net (fo=1, routed)           0.200    10.236    mhsa_i/mhsa_top_0/inst/grp_online_attention_row_fu_1064/grp_online_attention_row_Pipeline_tokens_fu_1773/mul_32s_32s_64_1_1_U215/ref_tmp38_1_122566_fu_694_reg[31]_i_2_n_10
    SLICE_X67Y161        LUT6 (Prop_C6LUT_SLICEM_I5_O)
                                                      0.123    10.359 r  mhsa_i/mhsa_top_0/inst/grp_online_attention_row_fu_1064/grp_online_attention_row_Pipeline_tokens_fu_1773/mul_32s_32s_64_1_1_U215/ref_tmp38_1_122566_fu_694[31]_i_1/O
                         net (fo=9, routed)           0.652    11.011    mhsa_i/mhsa_top_0/inst/grp_online_attention_row_fu_1064/mul_32s_32s_64_1_1_U497/tmp_product__2/B[16]
    DSP48E2_X8Y73        DSP_A_B_DATA                                 r  mhsa_i/mhsa_top_0/inst/grp_online_attention_row_fu_1064/mul_32s_32s_64_1_1_U497/tmp_product__2/DSP_A_B_DATA_INST/B[16]
  -------------------------------------------------------------------    -------------------

                         (clock clk_pl_0 rise edge)
                                                     10.312    10.312 r  
    PS8_X0Y0             PS8                          0.000    10.312 r  mhsa_i/zynq_ultra_ps_e_0/inst/PS8_i/PLCLK[0]
                         net (fo=1, routed)           0.143    10.455    mhsa_i/zynq_ultra_ps_e_0/inst/pl_clk_unbuffered[0]
    BUFG_PS_X0Y80        BUFG_PS (Prop_BUFG_PS_I_O)
                                                      0.025    10.480 r  mhsa_i/zynq_ultra_ps_e_0/inst/buffer_pl_clk_0.PL_CLK_0_BUFG/O
    X1Y2 (CLOCK_ROOT)    net (fo=24188, routed)       1.742    12.222    mhsa_i/mhsa_top_0/inst/grp_online_attention_row_fu_1064/mul_32s_32s_64_1_1_U497/tmp_product__2/CLK
    DSP48E2_X8Y73        DSP_A_B_DATA                                 r  mhsa_i/mhsa_top_0/inst/grp_online_attention_row_fu_1064/mul_32s_32s_64_1_1_U497/tmp_product__2/DSP_A_B_DATA_INST/CLK
                         clock pessimism              0.097    12.319    
                         clock uncertainty           -0.159    12.160    
    DSP48E2_X8Y73        DSP_A_B_DATA (Setup_DSP_A_B_DATA_DSP48E2_CLK_B[16])
                                                     -0.254    11.906    mhsa_i/mhsa_top_0/inst/grp_online_attention_row_fu_1064/mul_32s_32s_64_1_1_U497/tmp_product__2/DSP_A_B_DATA_INST
  -------------------------------------------------------------------
                         required time                         11.906    
                         arrival time                         -11.011    
  -------------------------------------------------------------------
                         slack                                  0.895    

Slack (MET) :             0.895ns  (required time - arrival time)
  Source:                 mhsa_i/mhsa_top_0/inst/grp_online_attention_row_fu_1064/grp_online_attention_row_Pipeline_tokens_fu_1773/ap_CS_fsm_reg[0]_replica_1/C
                            (rising edge-triggered cell FDSE clocked by clk_pl_0  {rise@0.000ns fall@5.156ns period=10.312ns})
  Destination:            mhsa_i/mhsa_top_0/inst/grp_online_attention_row_fu_1064/mul_32s_32s_64_1_1_U500/tmp_product__0/DSP_A_B_DATA_INST/B[4]
                            (rising edge-triggered cell DSP_A_B_DATA clocked by clk_pl_0  {rise@0.000ns fall@5.156ns period=10.312ns})
  Path Group:             clk_pl_0
  Path Type:              Setup (Max at Slow Process Corner)
  Requirement:            10.312ns  (clk_pl_0 rise@10.312ns - clk_pl_0 rise@0.000ns)
  Data Path Delay:        8.782ns  (logic 3.554ns (40.469%)  route 5.228ns (59.531%))
  Logic Levels:           24  (CARRY8=10 DSP_A_B_DATA=1 DSP_ALU=2 DSP_M_DATA=1 DSP_MULTIPLIER=1 DSP_OUTPUT=2 DSP_PREADD_DATA=1 LUT2=2 LUT3=1 LUT4=1 LUT5=1 LUT6=1)
  Clock Path Skew:        -0.212ns (DCD - SCD + CPR)
    Destination Clock Delay (DCD):    1.709ns = ( 12.021 - 10.312 ) 
    Source Clock Delay      (SCD):    2.082ns
    Clock Pessimism Removal (CPR):    0.161ns
  Clock Uncertainty:      0.159ns  ((TSJ^2 + DJ^2)^1/2) / 2 + PE
    Total System Jitter     (TSJ):    0.071ns
    Discrete Jitter          (DJ):    0.310ns
    Phase Error              (PE):    0.000ns
  Clock Net Delay (Source):      1.874ns (routing 0.569ns, distribution 1.305ns)
  Clock Net Delay (Destination): 1.541ns (routing 0.512ns, distribution 1.029ns)

    Location             Delay type                Incr(ns)  Path(ns)    Netlist Resource(s)
  -------------------------------------------------------------------    -------------------
                         (clock clk_pl_0 rise edge)
                                                      0.000     0.000 r  
    PS8_X0Y0             PS8                          0.000     0.000 r  mhsa_i/zynq_ultra_ps_e_0/inst/PS8_i/PLCLK[0]
                         net (fo=1, routed)           0.180     0.180    mhsa_i/zynq_ultra_ps_e_0/inst/pl_clk_unbuffered[0]
    BUFG_PS_X0Y80        BUFG_PS (Prop_BUFG_PS_I_O)
                                                      0.028     0.208 r  mhsa_i/zynq_ultra_ps_e_0/inst/buffer_pl_clk_0.PL_CLK_0_BUFG/O
    X1Y2 (CLOCK_ROOT)    net (fo=24188, routed)       1.874     2.082    mhsa_i/mhsa_top_0/inst/grp_online_attention_row_fu_1064/grp_online_attention_row_Pipeline_tokens_fu_1773/ap_clk
    SLICE_X68Y145        FDSE                                         r  mhsa_i/mhsa_top_0/inst/grp_online_attention_row_fu_1064/grp_online_attention_row_Pipeline_tokens_fu_1773/ap_CS_fsm_reg[0]_replica_1/C
  -------------------------------------------------------------------    -------------------
    SLICE_X68Y145        FDSE (Prop_EFF2_SLICEL_C_Q)
                                                      0.081     2.163 r  mhsa_i/mhsa_top_0/inst/grp_online_attention_row_fu_1064/grp_online_attention_row_Pipeline_tokens_fu_1773/ap_CS_fsm_reg[0]_replica_1/Q
                         net (fo=127, routed)         0.145     2.308    mhsa_i/mhsa_top_0/inst/grp_online_attention_row_fu_1064/grp_online_attention_row_Pipeline_tokens_fu_1773/mul_32s_32s_64_1_1_U216/ap_CS_fsm_pp0_stage0_repN_1_alias
    SLICE_X68Y146        LUT2 (Prop_G6LUT_SLICEL_I0_O)
                                                      0.050     2.358 r  mhsa_i/mhsa_top_0/inst/grp_online_attention_row_fu_1064/grp_online_attention_row_Pipeline_tokens_fu_1773/mul_32s_32s_64_1_1_U216/tmp_product_i_33__3/O
                         net (fo=119, routed)         0.956     3.314    mhsa_i/mhsa_top_0/inst/grp_online_attention_row_fu_1064/grp_online_attention_row_Pipeline_tokens_fu_1773/mul_32s_32s_64_1_1_U218/DSP_A_B_DATA_INST
    SLICE_X60Y141        LUT3 (Prop_A6LUT_SLICEL_I2_O)
                                                      0.149     3.463 f  mhsa_i/mhsa_top_0/inst/grp_online_attention_row_fu_1064/grp_online_attention_row_Pipeline_tokens_fu_1773/mul_32s_32s_64_1_1_U218/tmp_product_i_12__19/O
                         net (fo=2, routed)           1.041     4.504    mhsa_i/mhsa_top_0/inst/grp_online_attention_row_fu_1064/grp_online_attention_row_Pipeline_tokens_fu_1773/mul_32s_32s_64_1_1_U218/tmp_product__1/B[5]
    DSP48E2_X8Y50        DSP_A_B_DATA (Prop_DSP_A_B_DATA_DSP48E2_B[5]_B2_DATA[5])
                                                      0.151     4.655 r  mhsa_i/mhsa_top_0/inst/grp_online_attention_row_fu_1064/grp_online_attention_row_Pipeline_tokens_fu_1773/mul_32s_32s_64_1_1_U218/tmp_product__1/DSP_A_B_DATA_INST/B2_DATA[5]
                         net (fo=1, routed)           0.000     4.655    mhsa_i/mhsa_top_0/inst/grp_online_attention_row_fu_1064/grp_online_attention_row_Pipeline_tokens_fu_1773/mul_32s_32s_64_1_1_U218/tmp_product__1/DSP_A_B_DATA.B2_DATA<5>
    DSP48E2_X8Y50        DSP_PREADD_DATA (Prop_DSP_PREADD_DATA_DSP48E2_B2_DATA[5]_B2B1[5])
                                                      0.073     4.728 r  mhsa_i/mhsa_top_0/inst/grp_online_attention_row_fu_1064/grp_online_attention_row_Pipeline_tokens_fu_1773/mul_32s_32s_64_1_1_U218/tmp_product__1/DSP_PREADD_DATA_INST/B2B1[5]
                         net (fo=1, routed)           0.000     4.728    mhsa_i/mhsa_top_0/inst/grp_online_attention_row_fu_1064/grp_online_attention_row_Pipeline_tokens_fu_1773/mul_32s_32s_64_1_1_U218/tmp_product__1/DSP_PREADD_DATA.B2B1<5>
    DSP48E2_X8Y50        DSP_MULTIPLIER (Prop_DSP_MULTIPLIER_DSP48E2_B2B1[5]_V[35])
                                                      0.609     5.337 f  mhsa_i/mhsa_top_0/inst/grp_online_attention_row_fu_1064/grp_online_attention_row_Pipeline_tokens_fu_1773/mul_32s_32s_64_1_1_U218/tmp_product__1/DSP_MULTIPLIER_INST/V[35]
                         net (fo=1, routed)           0.000     5.337    mhsa_i/mhsa_top_0/inst/grp_online_attention_row_fu_1064/grp_online_attention_row_Pipeline_tokens_fu_1773/mul_32s_32s_64_1_1_U218/tmp_product__1/DSP_MULTIPLIER.V<35>
    DSP48E2_X8Y50        DSP_M_DATA (Prop_DSP_M_DATA_DSP48E2_V[35]_V_DATA[35])
                                                      0.046     5.383 r  mhsa_i/mhsa_top_0/inst/grp_online_attention_row_fu_1064/grp_online_attention_row_Pipeline_tokens_fu_1773/mul_32s_32s_64_1_1_U218/tmp_product__1/DSP_M_DATA_INST/V_DATA[35]
                         net (fo=1, routed)           0.000     5.383    mhsa_i/mhsa_top_0/inst/grp_online_attention_row_fu_1064/grp_online_attention_row_Pipeline_tokens_fu_1773/mul_32s_32s_64_1_1_U218/tmp_product__1/DSP_M_DATA.V_DATA<35>
    DSP48E2_X8Y50        DSP_ALU (Prop_DSP_ALU_DSP48E2_V_DATA[35]_ALU_OUT[47])
                                                      0.571     5.954 f  mhsa_i/mhsa_top_0/inst/grp_online_attention_row_fu_1064/grp_online_attention_row_Pipeline_tokens_fu_1773/mul_32s_32s_64_1_1_U218/tmp_product__1/DSP_ALU_INST/ALU_OUT[47]
                         net (fo=1, routed)           0.000     5.954    mhsa_i/mhsa_top_0/inst/grp_online_attention_row_fu_1064/grp_online_attention_row_Pipeline_tokens_fu_1773/mul_32s_32s_64_1_1_U218/tmp_product__1/DSP_ALU.ALU_OUT<47>
    DSP48E2_X8Y50        DSP_OUTPUT (Prop_DSP_OUTPUT_DSP48E2_ALU_OUT[47]_PCOUT[47])
                                                      0.122     6.076 r  mhsa_i/mhsa_top_0/inst/grp_online_attention_row_fu_1064/grp_online_attention_row_Pipeline_tokens_fu_1773/mul_32s_32s_64_1_1_U218/tmp_product__1/DSP_OUTPUT_INST/PCOUT[47]
                         net (fo=1, routed)           0.014     6.090    mhsa_i/mhsa_top_0/inst/grp_online_attention_row_fu_1064/grp_online_attention_row_Pipeline_tokens_fu_1773/mul_32s_32s_64_1_1_U218/tmp_product__2/PCIN[47]
    DSP48E2_X8Y51        DSP_ALU (Prop_DSP_ALU_DSP48E2_PCIN[47]_ALU_OUT[0])
                                                      0.546     6.636 f  mhsa_i/mhsa_top_0/inst/grp_online_attention_row_fu_1064/grp_online_attention_row_Pipeline_tokens_fu_1773/mul_32s_32s_64_1_1_U218/tmp_product__2/DSP_ALU_INST/ALU_OUT[0]
                         net (fo=1, routed)           0.000     6.636    mhsa_i/mhsa_top_0/inst/grp_online_attention_row_fu_1064/grp_online_attention_row_Pipeline_tokens_fu_1773/mul_32s_32s_64_1_1_U218/tmp_product__2/DSP_ALU.ALU_OUT<0>
    DSP48E2_X8Y51        DSP_OUTPUT (Prop_DSP_OUTPUT_DSP48E2_ALU_OUT[0]_P[0])
                                                      0.109     6.745 r  mhsa_i/mhsa_top_0/inst/grp_online_attention_row_fu_1064/grp_online_attention_row_Pipeline_tokens_fu_1773/mul_32s_32s_64_1_1_U218/tmp_product__2/DSP_OUTPUT_INST/P[0]
                         net (fo=2, routed)           0.357     7.102    mhsa_i/mhsa_top_0/inst/grp_online_attention_row_fu_1064/grp_online_attention_row_Pipeline_tokens_fu_1773/mul_32s_32s_64_1_1_U218/tmp_product__2_n_107
    SLICE_X70Y128        LUT2 (Prop_B6LUT_SLICEM_I0_O)
                                                      0.052     7.154 r  mhsa_i/mhsa_top_0/inst/grp_online_attention_row_fu_1064/grp_online_attention_row_Pipeline_tokens_fu_1773/mul_32s_32s_64_1_1_U218/tmp_product_carry_i_7__1/O
                         net (fo=1, routed)           0.016     7.170    mhsa_i/mhsa_top_0/inst/grp_online_attention_row_fu_1064/grp_online_attention_row_Pipeline_tokens_fu_1773/mul_32s_32s_64_1_1_U218/tmp_product_carry_i_7__1_n_2
    SLICE_X70Y128        CARRY8 (Prop_CARRY8_SLICEM_S[1]_CO[7])
                                                      0.190     7.360 r  mhsa_i/mhsa_top_0/inst/grp_online_attention_row_fu_1064/grp_online_attention_row_Pipeline_tokens_fu_1773/mul_32s_32s_64_1_1_U218/tmp_product_carry/CO[7]
                         net (fo=1, routed)           0.026     7.386    mhsa_i/mhsa_top_0/inst/grp_online_attention_row_fu_1064/grp_online_attention_row_Pipeline_tokens_fu_1773/mul_32s_32s_64_1_1_U218/tmp_product_carry_n_2
    SLICE_X70Y129        CARRY8 (Prop_CARRY8_SLICEM_CI_CO[7])
                                                      0.015     7.401 r  mhsa_i/mhsa_top_0/inst/grp_online_attention_row_fu_1064/grp_online_attention_row_Pipeline_tokens_fu_1773/mul_32s_32s_64_1_1_U218/tmp_product_carry__0/CO[7]
                         net (fo=1, routed)           0.026     7.427    mhsa_i/mhsa_top_0/inst/grp_online_attention_row_fu_1064/grp_online_attention_row_Pipeline_tokens_fu_1773/mul_32s_32s_64_1_1_U218/tmp_product_carry__0_n_2
    SLICE_X70Y130        CARRY8 (Prop_CARRY8_SLICEM_CI_CO[7])
                                                      0.015     7.442 r  mhsa_i/mhsa_top_0/inst/grp_online_attention_row_fu_1064/grp_online_attention_row_Pipeline_tokens_fu_1773/mul_32s_32s_64_1_1_U218/tmp_product_carry__1/CO[7]
                         net (fo=1, routed)           0.026     7.468    mhsa_i/mhsa_top_0/inst/grp_online_attention_row_fu_1064/grp_online_attention_row_Pipeline_tokens_fu_1773/mul_32s_32s_64_1_1_U218/tmp_product_carry__1_n_2
    SLICE_X70Y131        CARRY8 (Prop_CARRY8_SLICEM_CI_CO[7])
                                                      0.015     7.483 r  mhsa_i/mhsa_top_0/inst/grp_online_attention_row_fu_1064/grp_online_attention_row_Pipeline_tokens_fu_1773/mul_32s_32s_64_1_1_U218/tmp_product_carry__2/CO[7]
                         net (fo=1, routed)           0.026     7.509    mhsa_i/mhsa_top_0/inst/grp_online_attention_row_fu_1064/grp_online_attention_row_Pipeline_tokens_fu_1773/mul_32s_32s_64_1_1_U218/tmp_product_carry__2_n_2
    SLICE_X70Y132        CARRY8 (Prop_CARRY8_SLICEM_CI_CO[7])
                                                      0.015     7.524 r  mhsa_i/mhsa_top_0/inst/grp_online_attention_row_fu_1064/grp_online_attention_row_Pipeline_tokens_fu_1773/mul_32s_32s_64_1_1_U218/tmp_product_carry__3/CO[7]
                         net (fo=1, routed)           0.026     7.550    mhsa_i/mhsa_top_0/inst/grp_online_attention_row_fu_1064/grp_online_attention_row_Pipeline_tokens_fu_1773/mul_32s_32s_64_1_1_U218/tmp_product_carry__3_n_2
    SLICE_X70Y133        CARRY8 (Prop_CARRY8_SLICEM_CI_O[3])
                                                      0.082     7.632 r  mhsa_i/mhsa_top_0/inst/grp_online_attention_row_fu_1064/grp_online_attention_row_Pipeline_tokens_fu_1773/mul_32s_32s_64_1_1_U218/tmp_product_carry__4/O[3]
                         net (fo=7, routed)           0.750     8.382    mhsa_i/mhsa_top_0/inst/grp_online_attention_row_fu_1064/grp_online_attention_row_Pipeline_tokens_fu_1773/mul_32s_32s_64_1_1_U218/grp_fu_3267_p2[59]
    SLICE_X64Y134        LUT5 (Prop_C5LUT_SLICEM_I0_O)
                                                      0.137     8.519 r  mhsa_i/mhsa_top_0/inst/grp_online_attention_row_fu_1064/grp_online_attention_row_Pipeline_tokens_fu_1773/mul_32s_32s_64_1_1_U218/ref_tmp38_1_492603_fu_842[31]_i_25/O
                         net (fo=124, routed)         0.620     9.139    mhsa_i/mhsa_top_0/inst/grp_online_attention_row_fu_1064/grp_online_attention_row_Pipeline_tokens_fu_1773/mul_32s_32s_64_1_1_U218/ref_tmp38_1_492603_fu_842[31]_i_25_n_2
    SLICE_X59Y136        LUT4 (Prop_A6LUT_SLICEL_I2_O)
                                                      0.090     9.229 r  mhsa_i/mhsa_top_0/inst/grp_online_attention_row_fu_1064/grp_online_attention_row_Pipeline_tokens_fu_1773/mul_32s_32s_64_1_1_U218/ref_tmp38_1_152569_fu_706[31]_i_48/O
                         net (fo=1, routed)           0.009     9.238    mhsa_i/mhsa_top_0/inst/grp_online_attention_row_fu_1064/grp_online_attention_row_Pipeline_tokens_fu_1773/mul_32s_16s_48_1_1_U185/ref_tmp38_1_152569_fu_706_reg[31]_i_23_0[0]
    SLICE_X59Y136        CARRY8 (Prop_CARRY8_SLICEL_S[0]_CO[7])
                                                      0.190     9.428 r  mhsa_i/mhsa_top_0/inst/grp_online_attention_row_fu_1064/grp_online_attention_row_Pipeline_tokens_fu_1773/mul_32s_16s_48_1_1_U185/ref_tmp38_1_152569_fu_706_reg[31]_i_32/CO[7]
                         net (fo=1, routed)           0.026     9.454    mhsa_i/mhsa_top_0/inst/grp_online_attention_row_fu_1064/grp_online_attention_row_Pipeline_tokens_fu_1773/mul_32s_16s_48_1_1_U185/ref_tmp38_1_152569_fu_706_reg[31]_i_32_n_2
    SLICE_X59Y137        CARRY8 (Prop_CARRY8_SLICEL_CI_CO[7])
                                                      0.015     9.469 r  mhsa_i/mhsa_top_0/inst/grp_online_attention_row_fu_1064/grp_online_attention_row_Pipeline_tokens_fu_1773/mul_32s_16s_48_1_1_U185/ref_tmp38_1_152569_fu_706_reg[31]_i_23/CO[7]
                         net (fo=1, routed)           0.026     9.495    mhsa_i/mhsa_top_0/inst/grp_online_attention_row_fu_1064/grp_online_attention_row_Pipeline_tokens_fu_1773/mul_32s_16s_48_1_1_U185/ref_tmp38_1_152569_fu_706_reg[31]_i_23_n_2
    SLICE_X59Y138        CARRY8 (Prop_CARRY8_SLICEL_CI_CO[7])
                                                      0.015     9.510 r  mhsa_i/mhsa_top_0/inst/grp_online_attention_row_fu_1064/grp_online_attention_row_Pipeline_tokens_fu_1773/mul_32s_16s_48_1_1_U185/ref_tmp38_1_152569_fu_706_reg[31]_i_13/CO[7]
                         net (fo=1, routed)           0.026     9.536    mhsa_i/mhsa_top_0/inst/grp_online_attention_row_fu_1064/grp_online_attention_row_Pipeline_tokens_fu_1773/mul_32s_16s_48_1_1_U185/ref_tmp38_1_152569_fu_706_reg[31]_i_13_n_2
    SLICE_X59Y139        CARRY8 (Prop_CARRY8_SLICEL_CI_O[7])
                                                      0.116     9.652 r  mhsa_i/mhsa_top_0/inst/grp_online_attention_row_fu_1064/grp_online_attention_row_Pipeline_tokens_fu_1773/mul_32s_16s_48_1_1_U185/ref_tmp38_1_152569_fu_706_reg[31]_i_3/O[7]
                         net (fo=32, routed)          0.556    10.208    mhsa_i/mhsa_top_0/inst/grp_online_attention_row_fu_1064/grp_online_attention_row_Pipeline_tokens_fu_1773/mul_32s_16s_48_1_1_U185/ref_tmp38_1_152569_fu_706[31]_i_22[0]
    SLICE_X63Y144        LUT6 (Prop_G6LUT_SLICEM_I4_O)
                                                      0.100    10.308 r  mhsa_i/mhsa_top_0/inst/grp_online_attention_row_fu_1064/grp_online_attention_row_Pipeline_tokens_fu_1773/mul_32s_16s_48_1_1_U185/ref_tmp38_1_152569_fu_706[21]_i_1/O
                         net (fo=3, routed)           0.556    10.864    mhsa_i/mhsa_top_0/inst/grp_online_attention_row_fu_1064/mul_32s_32s_64_1_1_U500/tmp_product__0/B[4]
    DSP48E2_X5Y61        DSP_A_B_DATA                                 r  mhsa_i/mhsa_top_0/inst/grp_online_attention_row_fu_1064/mul_32s_32s_64_1_1_U500/tmp_product__0/DSP_A_B_DATA_INST/B[4]
  -------------------------------------------------------------------    -------------------

                         (clock clk_pl_0 rise edge)
                                                     10.312    10.312 r  
    PS8_X0Y0             PS8                          0.000    10.312 r  mhsa_i/zynq_ultra_ps_e_0/inst/PS8_i/PLCLK[0]
                         net (fo=1, routed)           0.143    10.455    mhsa_i/zynq_ultra_ps_e_0/inst/pl_clk_unbuffered[0]
    BUFG_PS_X0Y80        BUFG_PS (Prop_BUFG_PS_I_O)
                                                      0.025    10.480 r  mhsa_i/zynq_ultra_ps_e_0/inst/buffer_pl_clk_0.PL_CLK_0_BUFG/O
    X1Y2 (CLOCK_ROOT)    net (fo=24188, routed)       1.541    12.021    mhsa_i/mhsa_top_0/inst/grp_online_attention_row_fu_1064/mul_32s_32s_64_1_1_U500/tmp_product__0/CLK
    DSP48E2_X5Y61        DSP_A_B_DATA                                 r  mhsa_i/mhsa_top_0/inst/grp_online_attention_row_fu_1064/mul_32s_32s_64_1_1_U500/tmp_product__0/DSP_A_B_DATA_INST/CLK
                         clock pessimism              0.161    12.182    
                         clock uncertainty           -0.159    12.023    
    DSP48E2_X5Y61        DSP_A_B_DATA (Setup_DSP_A_B_DATA_DSP48E2_CLK_B[4])
                                                     -0.264    11.759    mhsa_i/mhsa_top_0/inst/grp_online_attention_row_fu_1064/mul_32s_32s_64_1_1_U500/tmp_product__0/DSP_A_B_DATA_INST
  -------------------------------------------------------------------
                         required time                         11.759    
                         arrival time                         -10.864    
  -------------------------------------------------------------------
                         slack                                  0.895    

Slack (MET) :             0.895ns  (required time - arrival time)
  Source:                 mhsa_i/mhsa_top_0/inst/grp_online_attention_row_fu_1064/grp_online_attention_row_Pipeline_tokens_fu_1773/ap_CS_fsm_reg[0]_replica_1/C
                            (rising edge-triggered cell FDSE clocked by clk_pl_0  {rise@0.000ns fall@5.156ns period=10.312ns})
  Destination:            mhsa_i/mhsa_top_0/inst/grp_online_attention_row_fu_1064/mul_32s_32s_64_1_1_U500/tmp_product__1/DSP_A_B_DATA_INST/B[9]
                            (rising edge-triggered cell DSP_A_B_DATA clocked by clk_pl_0  {rise@0.000ns fall@5.156ns period=10.312ns})
  Path Group:             clk_pl_0
  Path Type:              Setup (Max at Slow Process Corner)
  Requirement:            10.312ns  (clk_pl_0 rise@10.312ns - clk_pl_0 rise@0.000ns)
  Data Path Delay:        8.758ns  (logic 3.577ns (40.844%)  route 5.181ns (59.156%))
  Logic Levels:           24  (CARRY8=10 DSP_A_B_DATA=1 DSP_ALU=2 DSP_M_DATA=1 DSP_MULTIPLIER=1 DSP_OUTPUT=2 DSP_PREADD_DATA=1 LUT2=2 LUT3=1 LUT4=1 LUT5=1 LUT6=1)
  Clock Path Skew:        -0.208ns (DCD - SCD + CPR)
    Destination Clock Delay (DCD):    1.713ns = ( 12.025 - 10.312 ) 
    Source Clock Delay      (SCD):    2.082ns
    Clock Pessimism Removal (CPR):    0.161ns
  Clock Uncertainty:      0.159ns  ((TSJ^2 + DJ^2)^1/2) / 2 + PE
    Total System Jitter     (TSJ):    0.071ns
    Discrete Jitter          (DJ):    0.310ns
    Phase Error              (PE):    0.000ns
  Clock Net Delay (Source):      1.874ns (routing 0.569ns, distribution 1.305ns)
  Clock Net Delay (Destination): 1.545ns (routing 0.512ns, distribution 1.033ns)

    Location             Delay type                Incr(ns)  Path(ns)    Netlist Resource(s)
  -------------------------------------------------------------------    -------------------
                         (clock clk_pl_0 rise edge)
                                                      0.000     0.000 r  
    PS8_X0Y0             PS8                          0.000     0.000 r  mhsa_i/zynq_ultra_ps_e_0/inst/PS8_i/PLCLK[0]
                         net (fo=1, routed)           0.180     0.180    mhsa_i/zynq_ultra_ps_e_0/inst/pl_clk_unbuffered[0]
    BUFG_PS_X0Y80        BUFG_PS (Prop_BUFG_PS_I_O)
                                                      0.028     0.208 r  mhsa_i/zynq_ultra_ps_e_0/inst/buffer_pl_clk_0.PL_CLK_0_BUFG/O
    X1Y2 (CLOCK_ROOT)    net (fo=24188, routed)       1.874     2.082    mhsa_i/mhsa_top_0/inst/grp_online_attention_row_fu_1064/grp_online_attention_row_Pipeline_tokens_fu_1773/ap_clk
    SLICE_X68Y145        FDSE                                         r  mhsa_i/mhsa_top_0/inst/grp_online_attention_row_fu_1064/grp_online_attention_row_Pipeline_tokens_fu_1773/ap_CS_fsm_reg[0]_replica_1/C
  -------------------------------------------------------------------    -------------------
    SLICE_X68Y145        FDSE (Prop_EFF2_SLICEL_C_Q)
                                                      0.081     2.163 r  mhsa_i/mhsa_top_0/inst/grp_online_attention_row_fu_1064/grp_online_attention_row_Pipeline_tokens_fu_1773/ap_CS_fsm_reg[0]_replica_1/Q
                         net (fo=127, routed)         0.145     2.308    mhsa_i/mhsa_top_0/inst/grp_online_attention_row_fu_1064/grp_online_attention_row_Pipeline_tokens_fu_1773/mul_32s_32s_64_1_1_U216/ap_CS_fsm_pp0_stage0_repN_1_alias
    SLICE_X68Y146        LUT2 (Prop_G6LUT_SLICEL_I0_O)
                                                      0.050     2.358 r  mhsa_i/mhsa_top_0/inst/grp_online_attention_row_fu_1064/grp_online_attention_row_Pipeline_tokens_fu_1773/mul_32s_32s_64_1_1_U216/tmp_product_i_33__3/O
                         net (fo=119, routed)         0.956     3.314    mhsa_i/mhsa_top_0/inst/grp_online_attention_row_fu_1064/grp_online_attention_row_Pipeline_tokens_fu_1773/mul_32s_32s_64_1_1_U218/DSP_A_B_DATA_INST
    SLICE_X60Y141        LUT3 (Prop_A6LUT_SLICEL_I2_O)
                                                      0.149     3.463 f  mhsa_i/mhsa_top_0/inst/grp_online_attention_row_fu_1064/grp_online_attention_row_Pipeline_tokens_fu_1773/mul_32s_32s_64_1_1_U218/tmp_product_i_12__19/O
                         net (fo=2, routed)           1.041     4.504    mhsa_i/mhsa_top_0/inst/grp_online_attention_row_fu_1064/grp_online_attention_row_Pipeline_tokens_fu_1773/mul_32s_32s_64_1_1_U218/tmp_product__1/B[5]
    DSP48E2_X8Y50        DSP_A_B_DATA (Prop_DSP_A_B_DATA_DSP48E2_B[5]_B2_DATA[5])
                                                      0.151     4.655 r  mhsa_i/mhsa_top_0/inst/grp_online_attention_row_fu_1064/grp_online_attention_row_Pipeline_tokens_fu_1773/mul_32s_32s_64_1_1_U218/tmp_product__1/DSP_A_B_DATA_INST/B2_DATA[5]
                         net (fo=1, routed)           0.000     4.655    mhsa_i/mhsa_top_0/inst/grp_online_attention_row_fu_1064/grp_online_attention_row_Pipeline_tokens_fu_1773/mul_32s_32s_64_1_1_U218/tmp_product__1/DSP_A_B_DATA.B2_DATA<5>
    DSP48E2_X8Y50        DSP_PREADD_DATA (Prop_DSP_PREADD_DATA_DSP48E2_B2_DATA[5]_B2B1[5])
                                                      0.073     4.728 r  mhsa_i/mhsa_top_0/inst/grp_online_attention_row_fu_1064/grp_online_attention_row_Pipeline_tokens_fu_1773/mul_32s_32s_64_1_1_U218/tmp_product__1/DSP_PREADD_DATA_INST/B2B1[5]
                         net (fo=1, routed)           0.000     4.728    mhsa_i/mhsa_top_0/inst/grp_online_attention_row_fu_1064/grp_online_attention_row_Pipeline_tokens_fu_1773/mul_32s_32s_64_1_1_U218/tmp_product__1/DSP_PREADD_DATA.B2B1<5>
    DSP48E2_X8Y50        DSP_MULTIPLIER (Prop_DSP_MULTIPLIER_DSP48E2_B2B1[5]_V[35])
                                                      0.609     5.337 f  mhsa_i/mhsa_top_0/inst/grp_online_attention_row_fu_1064/grp_online_attention_row_Pipeline_tokens_fu_1773/mul_32s_32s_64_1_1_U218/tmp_product__1/DSP_MULTIPLIER_INST/V[35]
                         net (fo=1, routed)           0.000     5.337    mhsa_i/mhsa_top_0/inst/grp_online_attention_row_fu_1064/grp_online_attention_row_Pipeline_tokens_fu_1773/mul_32s_32s_64_1_1_U218/tmp_product__1/DSP_MULTIPLIER.V<35>
    DSP48E2_X8Y50        DSP_M_DATA (Prop_DSP_M_DATA_DSP48E2_V[35]_V_DATA[35])
                                                      0.046     5.383 r  mhsa_i/mhsa_top_0/inst/grp_online_attention_row_fu_1064/grp_online_attention_row_Pipeline_tokens_fu_1773/mul_32s_32s_64_1_1_U218/tmp_product__1/DSP_M_DATA_INST/V_DATA[35]
                         net (fo=1, routed)           0.000     5.383    mhsa_i/mhsa_top_0/inst/grp_online_attention_row_fu_1064/grp_online_attention_row_Pipeline_tokens_fu_1773/mul_32s_32s_64_1_1_U218/tmp_product__1/DSP_M_DATA.V_DATA<35>
    DSP48E2_X8Y50        DSP_ALU (Prop_DSP_ALU_DSP48E2_V_DATA[35]_ALU_OUT[47])
                                                      0.571     5.954 f  mhsa_i/mhsa_top_0/inst/grp_online_attention_row_fu_1064/grp_online_attention_row_Pipeline_tokens_fu_1773/mul_32s_32s_64_1_1_U218/tmp_product__1/DSP_ALU_INST/ALU_OUT[47]
                         net (fo=1, routed)           0.000     5.954    mhsa_i/mhsa_top_0/inst/grp_online_attention_row_fu_1064/grp_online_attention_row_Pipeline_tokens_fu_1773/mul_32s_32s_64_1_1_U218/tmp_product__1/DSP_ALU.ALU_OUT<47>
    DSP48E2_X8Y50        DSP_OUTPUT (Prop_DSP_OUTPUT_DSP48E2_ALU_OUT[47]_PCOUT[47])
                                                      0.122     6.076 r  mhsa_i/mhsa_top_0/inst/grp_online_attention_row_fu_1064/grp_online_attention_row_Pipeline_tokens_fu_1773/mul_32s_32s_64_1_1_U218/tmp_product__1/DSP_OUTPUT_INST/PCOUT[47]
                         net (fo=1, routed)           0.014     6.090    mhsa_i/mhsa_top_0/inst/grp_online_attention_row_fu_1064/grp_online_attention_row_Pipeline_tokens_fu_1773/mul_32s_32s_64_1_1_U218/tmp_product__2/PCIN[47]
    DSP48E2_X8Y51        DSP_ALU (Prop_DSP_ALU_DSP48E2_PCIN[47]_ALU_OUT[0])
                                                      0.546     6.636 f  mhsa_i/mhsa_top_0/inst/grp_online_attention_row_fu_1064/grp_online_attention_row_Pipeline_tokens_fu_1773/mul_32s_32s_64_1_1_U218/tmp_product__2/DSP_ALU_INST/ALU_OUT[0]
                         net (fo=1, routed)           0.000     6.636    mhsa_i/mhsa_top_0/inst/grp_online_attention_row_fu_1064/grp_online_attention_row_Pipeline_tokens_fu_1773/mul_32s_32s_64_1_1_U218/tmp_product__2/DSP_ALU.ALU_OUT<0>
    DSP48E2_X8Y51        DSP_OUTPUT (Prop_DSP_OUTPUT_DSP48E2_ALU_OUT[0]_P[0])
                                                      0.109     6.745 r  mhsa_i/mhsa_top_0/inst/grp_online_attention_row_fu_1064/grp_online_attention_row_Pipeline_tokens_fu_1773/mul_32s_32s_64_1_1_U218/tmp_product__2/DSP_OUTPUT_INST/P[0]
                         net (fo=2, routed)           0.357     7.102    mhsa_i/mhsa_top_0/inst/grp_online_attention_row_fu_1064/grp_online_attention_row_Pipeline_tokens_fu_1773/mul_32s_32s_64_1_1_U218/tmp_product__2_n_107
    SLICE_X70Y128        LUT2 (Prop_B6LUT_SLICEM_I0_O)
                                                      0.052     7.154 r  mhsa_i/mhsa_top_0/inst/grp_online_attention_row_fu_1064/grp_online_attention_row_Pipeline_tokens_fu_1773/mul_32s_32s_64_1_1_U218/tmp_product_carry_i_7__1/O
                         net (fo=1, routed)           0.016     7.170    mhsa_i/mhsa_top_0/inst/grp_online_attention_row_fu_1064/grp_online_attention_row_Pipeline_tokens_fu_1773/mul_32s_32s_64_1_1_U218/tmp_product_carry_i_7__1_n_2
    SLICE_X70Y128        CARRY8 (Prop_CARRY8_SLICEM_S[1]_CO[7])
                                                      0.190     7.360 r  mhsa_i/mhsa_top_0/inst/grp_online_attention_row_fu_1064/grp_online_attention_row_Pipeline_tokens_fu_1773/mul_32s_32s_64_1_1_U218/tmp_product_carry/CO[7]
                         net (fo=1, routed)           0.026     7.386    mhsa_i/mhsa_top_0/inst/grp_online_attention_row_fu_1064/grp_online_attention_row_Pipeline_tokens_fu_1773/mul_32s_32s_64_1_1_U218/tmp_product_carry_n_2
    SLICE_X70Y129        CARRY8 (Prop_CARRY8_SLICEM_CI_CO[7])
                                                      0.015     7.401 r  mhsa_i/mhsa_top_0/inst/grp_online_attention_row_fu_1064/grp_online_attention_row_Pipeline_tokens_fu_1773/mul_32s_32s_64_1_1_U218/tmp_product_carry__0/CO[7]
                         net (fo=1, routed)           0.026     7.427    mhsa_i/mhsa_top_0/inst/grp_online_attention_row_fu_1064/grp_online_attention_row_Pipeline_tokens_fu_1773/mul_32s_32s_64_1_1_U218/tmp_product_carry__0_n_2
    SLICE_X70Y130        CARRY8 (Prop_CARRY8_SLICEM_CI_CO[7])
                                                      0.015     7.442 r  mhsa_i/mhsa_top_0/inst/grp_online_attention_row_fu_1064/grp_online_attention_row_Pipeline_tokens_fu_1773/mul_32s_32s_64_1_1_U218/tmp_product_carry__1/CO[7]
                         net (fo=1, routed)           0.026     7.468    mhsa_i/mhsa_top_0/inst/grp_online_attention_row_fu_1064/grp_online_attention_row_Pipeline_tokens_fu_1773/mul_32s_32s_64_1_1_U218/tmp_product_carry__1_n_2
    SLICE_X70Y131        CARRY8 (Prop_CARRY8_SLICEM_CI_CO[7])
                                                      0.015     7.483 r  mhsa_i/mhsa_top_0/inst/grp_online_attention_row_fu_1064/grp_online_attention_row_Pipeline_tokens_fu_1773/mul_32s_32s_64_1_1_U218/tmp_product_carry__2/CO[7]
                         net (fo=1, routed)           0.026     7.509    mhsa_i/mhsa_top_0/inst/grp_online_attention_row_fu_1064/grp_online_attention_row_Pipeline_tokens_fu_1773/mul_32s_32s_64_1_1_U218/tmp_product_carry__2_n_2
    SLICE_X70Y132        CARRY8 (Prop_CARRY8_SLICEM_CI_CO[7])
                                                      0.015     7.524 r  mhsa_i/mhsa_top_0/inst/grp_online_attention_row_fu_1064/grp_online_attention_row_Pipeline_tokens_fu_1773/mul_32s_32s_64_1_1_U218/tmp_product_carry__3/CO[7]
                         net (fo=1, routed)           0.026     7.550    mhsa_i/mhsa_top_0/inst/grp_online_attention_row_fu_1064/grp_online_attention_row_Pipeline_tokens_fu_1773/mul_32s_32s_64_1_1_U218/tmp_product_carry__3_n_2
    SLICE_X70Y133        CARRY8 (Prop_CARRY8_SLICEM_CI_O[3])
                                                      0.082     7.632 r  mhsa_i/mhsa_top_0/inst/grp_online_attention_row_fu_1064/grp_online_attention_row_Pipeline_tokens_fu_1773/mul_32s_32s_64_1_1_U218/tmp_product_carry__4/O[3]
                         net (fo=7, routed)           0.750     8.382    mhsa_i/mhsa_top_0/inst/grp_online_attention_row_fu_1064/grp_online_attention_row_Pipeline_tokens_fu_1773/mul_32s_32s_64_1_1_U218/grp_fu_3267_p2[59]
    SLICE_X64Y134        LUT5 (Prop_C5LUT_SLICEM_I0_O)
                                                      0.137     8.519 r  mhsa_i/mhsa_top_0/inst/grp_online_attention_row_fu_1064/grp_online_attention_row_Pipeline_tokens_fu_1773/mul_32s_32s_64_1_1_U218/ref_tmp38_1_492603_fu_842[31]_i_25/O
                         net (fo=124, routed)         0.620     9.139    mhsa_i/mhsa_top_0/inst/grp_online_attention_row_fu_1064/grp_online_attention_row_Pipeline_tokens_fu_1773/mul_32s_32s_64_1_1_U218/ref_tmp38_1_492603_fu_842[31]_i_25_n_2
    SLICE_X59Y136        LUT4 (Prop_A6LUT_SLICEL_I2_O)
                                                      0.090     9.229 r  mhsa_i/mhsa_top_0/inst/grp_online_attention_row_fu_1064/grp_online_attention_row_Pipeline_tokens_fu_1773/mul_32s_32s_64_1_1_U218/ref_tmp38_1_152569_fu_706[31]_i_48/O
                         net (fo=1, routed)           0.009     9.238    mhsa_i/mhsa_top_0/inst/grp_online_attention_row_fu_1064/grp_online_attention_row_Pipeline_tokens_fu_1773/mul_32s_16s_48_1_1_U185/ref_tmp38_1_152569_fu_706_reg[31]_i_23_0[0]
    SLICE_X59Y136        CARRY8 (Prop_CARRY8_SLICEL_S[0]_CO[7])
                                                      0.190     9.428 r  mhsa_i/mhsa_top_0/inst/grp_online_attention_row_fu_1064/grp_online_attention_row_Pipeline_tokens_fu_1773/mul_32s_16s_48_1_1_U185/ref_tmp38_1_152569_fu_706_reg[31]_i_32/CO[7]
                         net (fo=1, routed)           0.026     9.454    mhsa_i/mhsa_top_0/inst/grp_online_attention_row_fu_1064/grp_online_attention_row_Pipeline_tokens_fu_1773/mul_32s_16s_48_1_1_U185/ref_tmp38_1_152569_fu_706_reg[31]_i_32_n_2
    SLICE_X59Y137        CARRY8 (Prop_CARRY8_SLICEL_CI_CO[7])
                                                      0.015     9.469 r  mhsa_i/mhsa_top_0/inst/grp_online_attention_row_fu_1064/grp_online_attention_row_Pipeline_tokens_fu_1773/mul_32s_16s_48_1_1_U185/ref_tmp38_1_152569_fu_706_reg[31]_i_23/CO[7]
                         net (fo=1, routed)           0.026     9.495    mhsa_i/mhsa_top_0/inst/grp_online_attention_row_fu_1064/grp_online_attention_row_Pipeline_tokens_fu_1773/mul_32s_16s_48_1_1_U185/ref_tmp38_1_152569_fu_706_reg[31]_i_23_n_2
    SLICE_X59Y138        CARRY8 (Prop_CARRY8_SLICEL_CI_CO[7])
                                                      0.015     9.510 r  mhsa_i/mhsa_top_0/inst/grp_online_attention_row_fu_1064/grp_online_attention_row_Pipeline_tokens_fu_1773/mul_32s_16s_48_1_1_U185/ref_tmp38_1_152569_fu_706_reg[31]_i_13/CO[7]
                         net (fo=1, routed)           0.026     9.536    mhsa_i/mhsa_top_0/inst/grp_online_attention_row_fu_1064/grp_online_attention_row_Pipeline_tokens_fu_1773/mul_32s_16s_48_1_1_U185/ref_tmp38_1_152569_fu_706_reg[31]_i_13_n_2
    SLICE_X59Y139        CARRY8 (Prop_CARRY8_SLICEL_CI_O[7])
                                                      0.116     9.652 r  mhsa_i/mhsa_top_0/inst/grp_online_attention_row_fu_1064/grp_online_attention_row_Pipeline_tokens_fu_1773/mul_32s_16s_48_1_1_U185/ref_tmp38_1_152569_fu_706_reg[31]_i_3/O[7]
                         net (fo=32, routed)          0.509    10.162    mhsa_i/mhsa_top_0/inst/grp_online_attention_row_fu_1064/grp_online_attention_row_Pipeline_tokens_fu_1773/mul_32s_16s_48_1_1_U185/ref_tmp38_1_152569_fu_706[31]_i_22[0]
    SLICE_X63Y144        LUT6 (Prop_F6LUT_SLICEM_I4_O)
                                                      0.123    10.285 r  mhsa_i/mhsa_top_0/inst/grp_online_attention_row_fu_1064/grp_online_attention_row_Pipeline_tokens_fu_1773/mul_32s_16s_48_1_1_U185/ref_tmp38_1_152569_fu_706[9]_i_1/O
                         net (fo=3, routed)           0.555    10.840    mhsa_i/mhsa_top_0/inst/grp_online_attention_row_fu_1064/mul_32s_32s_64_1_1_U500/tmp_product__1/B[9]
    DSP48E2_X5Y62        DSP_A_B_DATA                                 r  mhsa_i/mhsa_top_0/inst/grp_online_attention_row_fu_1064/mul_32s_32s_64_1_1_U500/tmp_product__1/DSP_A_B_DATA_INST/B[9]
  -------------------------------------------------------------------    -------------------

                         (clock clk_pl_0 rise edge)
                                                     10.312    10.312 r  
    PS8_X0Y0             PS8                          0.000    10.312 r  mhsa_i/zynq_ultra_ps_e_0/inst/PS8_i/PLCLK[0]
                         net (fo=1, routed)           0.143    10.455    mhsa_i/zynq_ultra_ps_e_0/inst/pl_clk_unbuffered[0]
    BUFG_PS_X0Y80        BUFG_PS (Prop_BUFG_PS_I_O)
                                                      0.025    10.480 r  mhsa_i/zynq_ultra_ps_e_0/inst/buffer_pl_clk_0.PL_CLK_0_BUFG/O
    X1Y2 (CLOCK_ROOT)    net (fo=24188, routed)       1.545    12.025    mhsa_i/mhsa_top_0/inst/grp_online_attention_row_fu_1064/mul_32s_32s_64_1_1_U500/tmp_product__1/CLK
    DSP48E2_X5Y62        DSP_A_B_DATA                                 r  mhsa_i/mhsa_top_0/inst/grp_online_attention_row_fu_1064/mul_32s_32s_64_1_1_U500/tmp_product__1/DSP_A_B_DATA_INST/CLK
                         clock pessimism              0.161    12.186    
                         clock uncertainty           -0.159    12.027    
    DSP48E2_X5Y62        DSP_A_B_DATA (Setup_DSP_A_B_DATA_DSP48E2_CLK_B[9])
                                                     -0.292    11.735    mhsa_i/mhsa_top_0/inst/grp_online_attention_row_fu_1064/mul_32s_32s_64_1_1_U500/tmp_product__1/DSP_A_B_DATA_INST
  -------------------------------------------------------------------
                         required time                         11.735    
                         arrival time                         -10.840    
  -------------------------------------------------------------------
                         slack                                  0.895    

Slack (MET) :             0.900ns  (required time - arrival time)
  Source:                 mhsa_i/mhsa_top_0/inst/grp_online_attention_row_fu_1064/grp_online_attention_row_Pipeline_tokens_fu_1773/ap_enable_reg_pp0_iter35_reg/C
                            (rising edge-triggered cell FDRE clocked by clk_pl_0  {rise@0.000ns fall@5.156ns period=10.312ns})
  Destination:            mhsa_i/mhsa_top_0/inst/grp_online_attention_row_fu_1064/mul_32s_32s_64_1_1_U497/tmp_product__2/DSP_A_B_DATA_INST/B[17]
                            (rising edge-triggered cell DSP_A_B_DATA clocked by clk_pl_0  {rise@0.000ns fall@5.156ns period=10.312ns})
  Path Group:             clk_pl_0
  Path Type:              Setup (Max at Slow Process Corner)
  Requirement:            10.312ns  (clk_pl_0 rise@10.312ns - clk_pl_0 rise@0.000ns)
  Data Path Delay:        8.941ns  (logic 2.987ns (33.406%)  route 5.954ns (66.594%))
  Logic Levels:           16  (CARRY8=4 DSP_A_B_DATA=1 DSP_ALU=2 DSP_M_DATA=1 DSP_MULTIPLIER=1 DSP_OUTPUT=2 DSP_PREADD_DATA=1 LUT2=1 LUT4=1 LUT6=2)
  Clock Path Skew:        -0.049ns (DCD - SCD + CPR)
    Destination Clock Delay (DCD):    1.910ns = ( 12.222 - 10.312 ) 
    Source Clock Delay      (SCD):    2.056ns
    Clock Pessimism Removal (CPR):    0.097ns
  Clock Uncertainty:      0.159ns  ((TSJ^2 + DJ^2)^1/2) / 2 + PE
    Total System Jitter     (TSJ):    0.071ns
    Discrete Jitter          (DJ):    0.310ns
    Phase Error              (PE):    0.000ns
  Clock Net Delay (Source):      1.848ns (routing 0.569ns, distribution 1.279ns)
  Clock Net Delay (Destination): 1.742ns (routing 0.512ns, distribution 1.230ns)

    Location             Delay type                Incr(ns)  Path(ns)    Netlist Resource(s)
  -------------------------------------------------------------------    -------------------
                         (clock clk_pl_0 rise edge)
                                                      0.000     0.000 r  
    PS8_X0Y0             PS8                          0.000     0.000 r  mhsa_i/zynq_ultra_ps_e_0/inst/PS8_i/PLCLK[0]
                         net (fo=1, routed)           0.180     0.180    mhsa_i/zynq_ultra_ps_e_0/inst/pl_clk_unbuffered[0]
    BUFG_PS_X0Y80        BUFG_PS (Prop_BUFG_PS_I_O)
                                                      0.028     0.208 r  mhsa_i/zynq_ultra_ps_e_0/inst/buffer_pl_clk_0.PL_CLK_0_BUFG/O
    X1Y2 (CLOCK_ROOT)    net (fo=24188, routed)       1.848     2.056    mhsa_i/mhsa_top_0/inst/grp_online_attention_row_fu_1064/grp_online_attention_row_Pipeline_tokens_fu_1773/ap_clk
    SLICE_X68Y144        FDRE                                         r  mhsa_i/mhsa_top_0/inst/grp_online_attention_row_fu_1064/grp_online_attention_row_Pipeline_tokens_fu_1773/ap_enable_reg_pp0_iter35_reg/C
  -------------------------------------------------------------------    -------------------
    SLICE_X68Y144        FDRE (Prop_DFF_SLICEL_C_Q)
                                                      0.079     2.135 r  mhsa_i/mhsa_top_0/inst/grp_online_attention_row_fu_1064/grp_online_attention_row_Pipeline_tokens_fu_1773/ap_enable_reg_pp0_iter35_reg/Q
                         net (fo=18, routed)          0.371     2.506    mhsa_i/mhsa_top_0/inst/grp_online_attention_row_fu_1064/grp_online_attention_row_Pipeline_tokens_fu_1773/mul_32s_16s_48_1_1_U200/ap_enable_reg_pp0_iter35
    SLICE_X69Y138        LUT2 (Prop_G5LUT_SLICEL_I1_O)
                                                      0.067     2.573 r  mhsa_i/mhsa_top_0/inst/grp_online_attention_row_fu_1064/grp_online_attention_row_Pipeline_tokens_fu_1773/mul_32s_16s_48_1_1_U200/tmp_product_i_35__2/O
                         net (fo=108, routed)         1.275     3.848    mhsa_i/mhsa_top_0/inst/grp_online_attention_row_fu_1064/grp_online_attention_row_Pipeline_tokens_fu_1773/mul_32s_16s_48_1_1_U200/ap_CS_fsm_reg[0]
    SLICE_X58Y127        LUT6 (Prop_H6LUT_SLICEL_I1_O)
                                                      0.090     3.938 f  mhsa_i/mhsa_top_0/inst/grp_online_attention_row_fu_1064/grp_online_attention_row_Pipeline_tokens_fu_1773/mul_32s_16s_48_1_1_U200/tmp_product_i_21__6/O
                         net (fo=32, routed)          1.923     5.861    mhsa_i/mhsa_top_0/inst/grp_online_attention_row_fu_1064/grp_online_attention_row_Pipeline_tokens_fu_1773/mul_32s_16s_48_1_1_U182/tmp_product/A[12]
    DSP48E2_X7Y26        DSP_A_B_DATA (Prop_DSP_A_B_DATA_DSP48E2_A[12]_A2_DATA[12])
                                                      0.192     6.053 r  mhsa_i/mhsa_top_0/inst/grp_online_attention_row_fu_1064/grp_online_attention_row_Pipeline_tokens_fu_1773/mul_32s_16s_48_1_1_U182/tmp_product/DSP_A_B_DATA_INST/A2_DATA[12]
                         net (fo=1, routed)           0.000     6.053    mhsa_i/mhsa_top_0/inst/grp_online_attention_row_fu_1064/grp_online_attention_row_Pipeline_tokens_fu_1773/mul_32s_16s_48_1_1_U182/tmp_product/DSP_A_B_DATA.A2_DATA<12>
    DSP48E2_X7Y26        DSP_PREADD_DATA (Prop_DSP_PREADD_DATA_DSP48E2_A2_DATA[12]_A2A1[12])
                                                      0.076     6.129 r  mhsa_i/mhsa_top_0/inst/grp_online_attention_row_fu_1064/grp_online_attention_row_Pipeline_tokens_fu_1773/mul_32s_16s_48_1_1_U182/tmp_product/DSP_PREADD_DATA_INST/A2A1[12]
                         net (fo=1, routed)           0.000     6.129    mhsa_i/mhsa_top_0/inst/grp_online_attention_row_fu_1064/grp_online_attention_row_Pipeline_tokens_fu_1773/mul_32s_16s_48_1_1_U182/tmp_product/DSP_PREADD_DATA.A2A1<12>
    DSP48E2_X7Y26        DSP_MULTIPLIER (Prop_DSP_MULTIPLIER_DSP48E2_A2A1[12]_U[33])
                                                      0.505     6.634 f  mhsa_i/mhsa_top_0/inst/grp_online_attention_row_fu_1064/grp_online_attention_row_Pipeline_tokens_fu_1773/mul_32s_16s_48_1_1_U182/tmp_product/DSP_MULTIPLIER_INST/U[33]
                         net (fo=1, routed)           0.000     6.634    mhsa_i/mhsa_top_0/inst/grp_online_attention_row_fu_1064/grp_online_attention_row_Pipeline_tokens_fu_1773/mul_32s_16s_48_1_1_U182/tmp_product/DSP_MULTIPLIER.U<33>
    DSP48E2_X7Y26        DSP_M_DATA (Prop_DSP_M_DATA_DSP48E2_U[33]_U_DATA[33])
                                                      0.047     6.681 r  mhsa_i/mhsa_top_0/inst/grp_online_attention_row_fu_1064/grp_online_attention_row_Pipeline_tokens_fu_1773/mul_32s_16s_48_1_1_U182/tmp_product/DSP_M_DATA_INST/U_DATA[33]
                         net (fo=1, routed)           0.000     6.681    mhsa_i/mhsa_top_0/inst/grp_online_attention_row_fu_1064/grp_online_attention_row_Pipeline_tokens_fu_1773/mul_32s_16s_48_1_1_U182/tmp_product/DSP_M_DATA.U_DATA<33>
    DSP48E2_X7Y26        DSP_ALU (Prop_DSP_ALU_DSP48E2_U_DATA[33]_ALU_OUT[47])
                                                      0.585     7.266 f  mhsa_i/mhsa_top_0/inst/grp_online_attention_row_fu_1064/grp_online_attention_row_Pipeline_tokens_fu_1773/mul_32s_16s_48_1_1_U182/tmp_product/DSP_ALU_INST/ALU_OUT[47]
                         net (fo=1, routed)           0.000     7.266    mhsa_i/mhsa_top_0/inst/grp_online_attention_row_fu_1064/grp_online_attention_row_Pipeline_tokens_fu_1773/mul_32s_16s_48_1_1_U182/tmp_product/DSP_ALU.ALU_OUT<47>
    DSP48E2_X7Y26        DSP_OUTPUT (Prop_DSP_OUTPUT_DSP48E2_ALU_OUT[47]_PCOUT[47])
                                                      0.122     7.388 r  mhsa_i/mhsa_top_0/inst/grp_online_attention_row_fu_1064/grp_online_attention_row_Pipeline_tokens_fu_1773/mul_32s_16s_48_1_1_U182/tmp_product/DSP_OUTPUT_INST/PCOUT[47]
                         net (fo=1, routed)           0.014     7.402    mhsa_i/mhsa_top_0/inst/grp_online_attention_row_fu_1064/grp_online_attention_row_Pipeline_tokens_fu_1773/mul_32s_16s_48_1_1_U182/tmp_product__0/PCIN[47]
    DSP48E2_X7Y27        DSP_ALU (Prop_DSP_ALU_DSP48E2_PCIN[47]_ALU_OUT[5])
                                                      0.546     7.948 f  mhsa_i/mhsa_top_0/inst/grp_online_attention_row_fu_1064/grp_online_attention_row_Pipeline_tokens_fu_1773/mul_32s_16s_48_1_1_U182/tmp_product__0/DSP_ALU_INST/ALU_OUT[5]
                         net (fo=1, routed)           0.000     7.948    mhsa_i/mhsa_top_0/inst/grp_online_attention_row_fu_1064/grp_online_attention_row_Pipeline_tokens_fu_1773/mul_32s_16s_48_1_1_U182/tmp_product__0/DSP_ALU.ALU_OUT<5>
    DSP48E2_X7Y27        DSP_OUTPUT (Prop_DSP_OUTPUT_DSP48E2_ALU_OUT[5]_P[5])
                                                      0.109     8.057 r  mhsa_i/mhsa_top_0/inst/grp_online_attention_row_fu_1064/grp_online_attention_row_Pipeline_tokens_fu_1773/mul_32s_16s_48_1_1_U182/tmp_product__0/DSP_OUTPUT_INST/P[5]
                         net (fo=8, routed)           1.448     9.505    mhsa_i/mhsa_top_0/inst/grp_online_attention_row_fu_1064/grp_online_attention_row_Pipeline_tokens_fu_1773/mul_32s_32s_64_1_1_U215/ref_tmp38_1_122566_fu_694_reg[23]_i_2[4]
    SLICE_X66Y158        LUT4 (Prop_E6LUT_SLICEL_I3_O)
                                                      0.147     9.652 r  mhsa_i/mhsa_top_0/inst/grp_online_attention_row_fu_1064/grp_online_attention_row_Pipeline_tokens_fu_1773/mul_32s_32s_64_1_1_U215/ref_tmp38_1_122566_fu_694[7]_i_6/O
                         net (fo=1, routed)           0.007     9.659    mhsa_i/mhsa_top_0/inst/grp_online_attention_row_fu_1064/grp_online_attention_row_Pipeline_tokens_fu_1773/mul_32s_16s_48_1_1_U182/ref_tmp38_1_122566_fu_694_reg[7][4]
    SLICE_X66Y158        CARRY8 (Prop_CARRY8_SLICEL_S[4]_CO[7])
                                                      0.153     9.812 r  mhsa_i/mhsa_top_0/inst/grp_online_attention_row_fu_1064/grp_online_attention_row_Pipeline_tokens_fu_1773/mul_32s_16s_48_1_1_U182/ref_tmp38_1_122566_fu_694_reg[7]_i_2/CO[7]
                         net (fo=1, routed)           0.026     9.838    mhsa_i/mhsa_top_0/inst/grp_online_attention_row_fu_1064/grp_online_attention_row_Pipeline_tokens_fu_1773/mul_32s_16s_48_1_1_U182/ref_tmp38_1_122566_fu_694_reg[7]_i_2_n_2
    SLICE_X66Y159        CARRY8 (Prop_CARRY8_SLICEL_CI_CO[7])
                                                      0.015     9.853 r  mhsa_i/mhsa_top_0/inst/grp_online_attention_row_fu_1064/grp_online_attention_row_Pipeline_tokens_fu_1773/mul_32s_16s_48_1_1_U182/ref_tmp38_1_122566_fu_694_reg[15]_i_2/CO[7]
                         net (fo=1, routed)           0.026     9.879    mhsa_i/mhsa_top_0/inst/grp_online_attention_row_fu_1064/grp_online_attention_row_Pipeline_tokens_fu_1773/mul_32s_16s_48_1_1_U182/ref_tmp38_1_122566_fu_694_reg[15]_i_2_n_2
    SLICE_X66Y160        CARRY8 (Prop_CARRY8_SLICEL_CI_CO[7])
                                                      0.015     9.894 r  mhsa_i/mhsa_top_0/inst/grp_online_attention_row_fu_1064/grp_online_attention_row_Pipeline_tokens_fu_1773/mul_32s_16s_48_1_1_U182/ref_tmp38_1_122566_fu_694_reg[23]_i_2/CO[7]
                         net (fo=1, routed)           0.026     9.920    mhsa_i/mhsa_top_0/inst/grp_online_attention_row_fu_1064/grp_online_attention_row_Pipeline_tokens_fu_1773/mul_32s_32s_64_1_1_U215/ref_tmp38_1_122566_fu_694_reg[31]_0[0]
    SLICE_X66Y161        CARRY8 (Prop_CARRY8_SLICEL_CI_O[7])
                                                      0.116    10.036 r  mhsa_i/mhsa_top_0/inst/grp_online_attention_row_fu_1064/grp_online_attention_row_Pipeline_tokens_fu_1773/mul_32s_32s_64_1_1_U215/ref_tmp38_1_122566_fu_694_reg[31]_i_2/O[7]
                         net (fo=1, routed)           0.200    10.236    mhsa_i/mhsa_top_0/inst/grp_online_attention_row_fu_1064/grp_online_attention_row_Pipeline_tokens_fu_1773/mul_32s_32s_64_1_1_U215/ref_tmp38_1_122566_fu_694_reg[31]_i_2_n_10
    SLICE_X67Y161        LUT6 (Prop_C6LUT_SLICEM_I5_O)
                                                      0.123    10.359 r  mhsa_i/mhsa_top_0/inst/grp_online_attention_row_fu_1064/grp_online_attention_row_Pipeline_tokens_fu_1773/mul_32s_32s_64_1_1_U215/ref_tmp38_1_122566_fu_694[31]_i_1/O
                         net (fo=9, routed)           0.638    10.997    mhsa_i/mhsa_top_0/inst/grp_online_attention_row_fu_1064/mul_32s_32s_64_1_1_U497/tmp_product__2/B[17]
    DSP48E2_X8Y73        DSP_A_B_DATA                                 r  mhsa_i/mhsa_top_0/inst/grp_online_attention_row_fu_1064/mul_32s_32s_64_1_1_U497/tmp_product__2/DSP_A_B_DATA_INST/B[17]
  -------------------------------------------------------------------    -------------------

                         (clock clk_pl_0 rise edge)
                                                     10.312    10.312 r  
    PS8_X0Y0             PS8                          0.000    10.312 r  mhsa_i/zynq_ultra_ps_e_0/inst/PS8_i/PLCLK[0]
                         net (fo=1, routed)           0.143    10.455    mhsa_i/zynq_ultra_ps_e_0/inst/pl_clk_unbuffered[0]
    BUFG_PS_X0Y80        BUFG_PS (Prop_BUFG_PS_I_O)
                                                      0.025    10.480 r  mhsa_i/zynq_ultra_ps_e_0/inst/buffer_pl_clk_0.PL_CLK_0_BUFG/O
    X1Y2 (CLOCK_ROOT)    net (fo=24188, routed)       1.742    12.222    mhsa_i/mhsa_top_0/inst/grp_online_attention_row_fu_1064/mul_32s_32s_64_1_1_U497/tmp_product__2/CLK
    DSP48E2_X8Y73        DSP_A_B_DATA                                 r  mhsa_i/mhsa_top_0/inst/grp_online_attention_row_fu_1064/mul_32s_32s_64_1_1_U497/tmp_product__2/DSP_A_B_DATA_INST/CLK
                         clock pessimism              0.097    12.319    
                         clock uncertainty           -0.159    12.160    
    DSP48E2_X8Y73        DSP_A_B_DATA (Setup_DSP_A_B_DATA_DSP48E2_CLK_B[17])
                                                     -0.263    11.897    mhsa_i/mhsa_top_0/inst/grp_online_attention_row_fu_1064/mul_32s_32s_64_1_1_U497/tmp_product__2/DSP_A_B_DATA_INST
  -------------------------------------------------------------------
                         required time                         11.897    
                         arrival time                         -10.997    
  -------------------------------------------------------------------
                         slack                                  0.900    

Slack (MET) :             0.912ns  (required time - arrival time)
  Source:                 mhsa_i/mhsa_top_0/inst/grp_online_attention_row_fu_1064/grp_online_attention_row_Pipeline_tokens_fu_1773/ap_enable_reg_pp0_iter35_reg/C
                            (rising edge-triggered cell FDRE clocked by clk_pl_0  {rise@0.000ns fall@5.156ns period=10.312ns})
  Destination:            mhsa_i/mhsa_top_0/inst/grp_online_attention_row_fu_1064/grp_online_attention_row_Pipeline_tokens_fu_1773/ref_tmp38_1_392593_fu_802_reg[0]/S
                            (rising edge-triggered cell FDSE clocked by clk_pl_0  {rise@0.000ns fall@5.156ns period=10.312ns})
  Path Group:             clk_pl_0
  Path Type:              Setup (Max at Slow Process Corner)
  Requirement:            10.312ns  (clk_pl_0 rise@10.312ns - clk_pl_0 rise@0.000ns)
  Data Path Delay:        8.921ns  (logic 2.992ns (33.540%)  route 5.929ns (66.460%))
  Logic Levels:           16  (CARRY8=4 DSP_A_B_DATA=1 DSP_ALU=2 DSP_M_DATA=1 DSP_MULTIPLIER=1 DSP_OUTPUT=2 DSP_PREADD_DATA=1 LUT2=1 LUT4=1 LUT5=1 LUT6=1)
  Clock Path Skew:        -0.246ns (DCD - SCD + CPR)
    Destination Clock Delay (DCD):    1.709ns = ( 12.021 - 10.312 ) 
    Source Clock Delay      (SCD):    2.056ns
    Clock Pessimism Removal (CPR):    0.101ns
  Clock Uncertainty:      0.159ns  ((TSJ^2 + DJ^2)^1/2) / 2 + PE
    Total System Jitter     (TSJ):    0.071ns
    Discrete Jitter          (DJ):    0.310ns
    Phase Error              (PE):    0.000ns
  Clock Net Delay (Source):      1.848ns (routing 0.569ns, distribution 1.279ns)
  Clock Net Delay (Destination): 1.541ns (routing 0.512ns, distribution 1.029ns)

    Location             Delay type                Incr(ns)  Path(ns)    Netlist Resource(s)
  -------------------------------------------------------------------    -------------------
                         (clock clk_pl_0 rise edge)
                                                      0.000     0.000 r  
    PS8_X0Y0             PS8                          0.000     0.000 r  mhsa_i/zynq_ultra_ps_e_0/inst/PS8_i/PLCLK[0]
                         net (fo=1, routed)           0.180     0.180    mhsa_i/zynq_ultra_ps_e_0/inst/pl_clk_unbuffered[0]
    BUFG_PS_X0Y80        BUFG_PS (Prop_BUFG_PS_I_O)
                                                      0.028     0.208 r  mhsa_i/zynq_ultra_ps_e_0/inst/buffer_pl_clk_0.PL_CLK_0_BUFG/O
    X1Y2 (CLOCK_ROOT)    net (fo=24188, routed)       1.848     2.056    mhsa_i/mhsa_top_0/inst/grp_online_attention_row_fu_1064/grp_online_attention_row_Pipeline_tokens_fu_1773/ap_clk
    SLICE_X68Y144        FDRE                                         r  mhsa_i/mhsa_top_0/inst/grp_online_attention_row_fu_1064/grp_online_attention_row_Pipeline_tokens_fu_1773/ap_enable_reg_pp0_iter35_reg/C
  -------------------------------------------------------------------    -------------------
    SLICE_X68Y144        FDRE (Prop_DFF_SLICEL_C_Q)
                                                      0.079     2.135 r  mhsa_i/mhsa_top_0/inst/grp_online_attention_row_fu_1064/grp_online_attention_row_Pipeline_tokens_fu_1773/ap_enable_reg_pp0_iter35_reg/Q
                         net (fo=18, routed)          0.371     2.506    mhsa_i/mhsa_top_0/inst/grp_online_attention_row_fu_1064/grp_online_attention_row_Pipeline_tokens_fu_1773/mul_32s_16s_48_1_1_U200/ap_enable_reg_pp0_iter35
    SLICE_X69Y138        LUT2 (Prop_G5LUT_SLICEL_I1_O)
                                                      0.067     2.573 r  mhsa_i/mhsa_top_0/inst/grp_online_attention_row_fu_1064/grp_online_attention_row_Pipeline_tokens_fu_1773/mul_32s_16s_48_1_1_U200/tmp_product_i_35__2/O
                         net (fo=108, routed)         1.316     3.889    mhsa_i/mhsa_top_0/inst/grp_online_attention_row_fu_1064/grp_online_attention_row_Pipeline_tokens_fu_1773/mul_32s_16s_48_1_1_U200/ap_CS_fsm_reg[0]
    SLICE_X57Y129        LUT6 (Prop_H6LUT_SLICEM_I1_O)
                                                      0.152     4.041 f  mhsa_i/mhsa_top_0/inst/grp_online_attention_row_fu_1064/grp_online_attention_row_Pipeline_tokens_fu_1773/mul_32s_16s_48_1_1_U200/tmp_product_i_17__24/O
                         net (fo=32, routed)          1.860     5.901    mhsa_i/mhsa_top_0/inst/grp_online_attention_row_fu_1064/grp_online_attention_row_Pipeline_tokens_fu_1773/mul_32s_16s_48_1_1_U177/tmp_product/A[16]
    DSP48E2_X7Y28        DSP_A_B_DATA (Prop_DSP_A_B_DATA_DSP48E2_A[16]_A2_DATA[16])
                                                      0.192     6.093 r  mhsa_i/mhsa_top_0/inst/grp_online_attention_row_fu_1064/grp_online_attention_row_Pipeline_tokens_fu_1773/mul_32s_16s_48_1_1_U177/tmp_product/DSP_A_B_DATA_INST/A2_DATA[16]
                         net (fo=1, routed)           0.000     6.093    mhsa_i/mhsa_top_0/inst/grp_online_attention_row_fu_1064/grp_online_attention_row_Pipeline_tokens_fu_1773/mul_32s_16s_48_1_1_U177/tmp_product/DSP_A_B_DATA.A2_DATA<16>
    DSP48E2_X7Y28        DSP_PREADD_DATA (Prop_DSP_PREADD_DATA_DSP48E2_A2_DATA[16]_A2A1[16])
                                                      0.076     6.169 r  mhsa_i/mhsa_top_0/inst/grp_online_attention_row_fu_1064/grp_online_attention_row_Pipeline_tokens_fu_1773/mul_32s_16s_48_1_1_U177/tmp_product/DSP_PREADD_DATA_INST/A2A1[16]
                         net (fo=1, routed)           0.000     6.169    mhsa_i/mhsa_top_0/inst/grp_online_attention_row_fu_1064/grp_online_attention_row_Pipeline_tokens_fu_1773/mul_32s_16s_48_1_1_U177/tmp_product/DSP_PREADD_DATA.A2A1<16>
    DSP48E2_X7Y28        DSP_MULTIPLIER (Prop_DSP_MULTIPLIER_DSP48E2_A2A1[16]_U[36])
                                                      0.505     6.674 f  mhsa_i/mhsa_top_0/inst/grp_online_attention_row_fu_1064/grp_online_attention_row_Pipeline_tokens_fu_1773/mul_32s_16s_48_1_1_U177/tmp_product/DSP_MULTIPLIER_INST/U[36]
                         net (fo=1, routed)           0.000     6.674    mhsa_i/mhsa_top_0/inst/grp_online_attention_row_fu_1064/grp_online_attention_row_Pipeline_tokens_fu_1773/mul_32s_16s_48_1_1_U177/tmp_product/DSP_MULTIPLIER.U<36>
    DSP48E2_X7Y28        DSP_M_DATA (Prop_DSP_M_DATA_DSP48E2_U[36]_U_DATA[36])
                                                      0.047     6.721 r  mhsa_i/mhsa_top_0/inst/grp_online_attention_row_fu_1064/grp_online_attention_row_Pipeline_tokens_fu_1773/mul_32s_16s_48_1_1_U177/tmp_product/DSP_M_DATA_INST/U_DATA[36]
                         net (fo=1, routed)           0.000     6.721    mhsa_i/mhsa_top_0/inst/grp_online_attention_row_fu_1064/grp_online_attention_row_Pipeline_tokens_fu_1773/mul_32s_16s_48_1_1_U177/tmp_product/DSP_M_DATA.U_DATA<36>
    DSP48E2_X7Y28        DSP_ALU (Prop_DSP_ALU_DSP48E2_U_DATA[36]_ALU_OUT[47])
                                                      0.585     7.306 f  mhsa_i/mhsa_top_0/inst/grp_online_attention_row_fu_1064/grp_online_attention_row_Pipeline_tokens_fu_1773/mul_32s_16s_48_1_1_U177/tmp_product/DSP_ALU_INST/ALU_OUT[47]
                         net (fo=1, routed)           0.000     7.306    mhsa_i/mhsa_top_0/inst/grp_online_attention_row_fu_1064/grp_online_attention_row_Pipeline_tokens_fu_1773/mul_32s_16s_48_1_1_U177/tmp_product/DSP_ALU.ALU_OUT<47>
    DSP48E2_X7Y28        DSP_OUTPUT (Prop_DSP_OUTPUT_DSP48E2_ALU_OUT[47]_PCOUT[47])
                                                      0.122     7.428 r  mhsa_i/mhsa_top_0/inst/grp_online_attention_row_fu_1064/grp_online_attention_row_Pipeline_tokens_fu_1773/mul_32s_16s_48_1_1_U177/tmp_product/DSP_OUTPUT_INST/PCOUT[47]
                         net (fo=1, routed)           0.014     7.442    mhsa_i/mhsa_top_0/inst/grp_online_attention_row_fu_1064/grp_online_attention_row_Pipeline_tokens_fu_1773/mul_32s_16s_48_1_1_U177/tmp_product__0/PCIN[47]
    DSP48E2_X7Y29        DSP_ALU (Prop_DSP_ALU_DSP48E2_PCIN[47]_ALU_OUT[4])
                                                      0.546     7.988 f  mhsa_i/mhsa_top_0/inst/grp_online_attention_row_fu_1064/grp_online_attention_row_Pipeline_tokens_fu_1773/mul_32s_16s_48_1_1_U177/tmp_product__0/DSP_ALU_INST/ALU_OUT[4]
                         net (fo=1, routed)           0.000     7.988    mhsa_i/mhsa_top_0/inst/grp_online_attention_row_fu_1064/grp_online_attention_row_Pipeline_tokens_fu_1773/mul_32s_16s_48_1_1_U177/tmp_product__0/DSP_ALU.ALU_OUT<4>
    DSP48E2_X7Y29        DSP_OUTPUT (Prop_DSP_OUTPUT_DSP48E2_ALU_OUT[4]_P[4])
                                                      0.109     8.097 r  mhsa_i/mhsa_top_0/inst/grp_online_attention_row_fu_1064/grp_online_attention_row_Pipeline_tokens_fu_1773/mul_32s_16s_48_1_1_U177/tmp_product__0/DSP_OUTPUT_INST/P[4]
                         net (fo=8, routed)           1.519     9.615    mhsa_i/mhsa_top_0/inst/grp_online_attention_row_fu_1064/grp_online_attention_row_Pipeline_tokens_fu_1773/mul_32s_32s_64_1_1_U208/P[3]
    SLICE_X52Y92         LUT4 (Prop_D6LUT_SLICEL_I3_O)
                                                      0.122     9.737 r  mhsa_i/mhsa_top_0/inst/grp_online_attention_row_fu_1064/grp_online_attention_row_Pipeline_tokens_fu_1773/mul_32s_32s_64_1_1_U208/ref_tmp38_1_392593_fu_802[31]_i_48/O
                         net (fo=1, routed)           0.009     9.746    mhsa_i/mhsa_top_0/inst/grp_online_attention_row_fu_1064/grp_online_attention_row_Pipeline_tokens_fu_1773/mul_32s_16s_48_1_1_U177/ref_tmp38_1_392593_fu_802_reg[31]_i_26_0[3]
    SLICE_X52Y92         CARRY8 (Prop_CARRY8_SLICEL_S[3]_CO[7])
                                                      0.154     9.900 r  mhsa_i/mhsa_top_0/inst/grp_online_attention_row_fu_1064/grp_online_attention_row_Pipeline_tokens_fu_1773/mul_32s_16s_48_1_1_U177/ref_tmp38_1_392593_fu_802_reg[31]_i_35/CO[7]
                         net (fo=1, routed)           0.026     9.926    mhsa_i/mhsa_top_0/inst/grp_online_attention_row_fu_1064/grp_online_attention_row_Pipeline_tokens_fu_1773/mul_32s_16s_48_1_1_U177/ref_tmp38_1_392593_fu_802_reg[31]_i_35_n_2
    SLICE_X52Y93         CARRY8 (Prop_CARRY8_SLICEL_CI_CO[7])
                                                      0.015     9.941 r  mhsa_i/mhsa_top_0/inst/grp_online_attention_row_fu_1064/grp_online_attention_row_Pipeline_tokens_fu_1773/mul_32s_16s_48_1_1_U177/ref_tmp38_1_392593_fu_802_reg[31]_i_26/CO[7]
                         net (fo=1, routed)           0.026     9.967    mhsa_i/mhsa_top_0/inst/grp_online_attention_row_fu_1064/grp_online_attention_row_Pipeline_tokens_fu_1773/mul_32s_16s_48_1_1_U177/ref_tmp38_1_392593_fu_802_reg[31]_i_26_n_2
    SLICE_X52Y94         CARRY8 (Prop_CARRY8_SLICEL_CI_CO[7])
                                                      0.015     9.982 r  mhsa_i/mhsa_top_0/inst/grp_online_attention_row_fu_1064/grp_online_attention_row_Pipeline_tokens_fu_1773/mul_32s_16s_48_1_1_U177/ref_tmp38_1_392593_fu_802_reg[31]_i_14/CO[7]
                         net (fo=1, routed)           0.026    10.008    mhsa_i/mhsa_top_0/inst/grp_online_attention_row_fu_1064/grp_online_attention_row_Pipeline_tokens_fu_1773/mul_32s_16s_48_1_1_U177/ref_tmp38_1_392593_fu_802_reg[31]_i_14_n_2
    SLICE_X52Y95         CARRY8 (Prop_CARRY8_SLICEL_CI_O[7])
                                                      0.116    10.124 r  mhsa_i/mhsa_top_0/inst/grp_online_attention_row_fu_1064/grp_online_attention_row_Pipeline_tokens_fu_1773/mul_32s_16s_48_1_1_U177/ref_tmp38_1_392593_fu_802_reg[31]_i_3/O[7]
                         net (fo=33, routed)          0.396    10.521    mhsa_i/mhsa_top_0/inst/grp_online_attention_row_fu_1064/grp_online_attention_row_Pipeline_tokens_fu_1773/flow_control_loop_pipe_sequential_init_U/ref_tmp38_1_392593_fu_802_reg[0]_0[0]
    SLICE_X54Y94         LUT5 (Prop_G6LUT_SLICEM_I4_O)
                                                      0.090    10.611 r  mhsa_i/mhsa_top_0/inst/grp_online_attention_row_fu_1064/grp_online_attention_row_Pipeline_tokens_fu_1773/flow_control_loop_pipe_sequential_init_U/ref_tmp38_1_392593_fu_802[30]_i_1/O
                         net (fo=31, routed)          0.366    10.977    mhsa_i/mhsa_top_0/inst/grp_online_attention_row_fu_1064/grp_online_attention_row_Pipeline_tokens_fu_1773/flow_control_loop_pipe_sequential_init_U_n_57
    SLICE_X54Y91         FDSE                                         r  mhsa_i/mhsa_top_0/inst/grp_online_attention_row_fu_1064/grp_online_attention_row_Pipeline_tokens_fu_1773/ref_tmp38_1_392593_fu_802_reg[0]/S
  -------------------------------------------------------------------    -------------------

                         (clock clk_pl_0 rise edge)
                                                     10.312    10.312 r  
    PS8_X0Y0             PS8                          0.000    10.312 r  mhsa_i/zynq_ultra_ps_e_0/inst/PS8_i/PLCLK[0]
                         net (fo=1, routed)           0.143    10.455    mhsa_i/zynq_ultra_ps_e_0/inst/pl_clk_unbuffered[0]
    BUFG_PS_X0Y80        BUFG_PS (Prop_BUFG_PS_I_O)
                                                      0.025    10.480 r  mhsa_i/zynq_ultra_ps_e_0/inst/buffer_pl_clk_0.PL_CLK_0_BUFG/O
    X1Y2 (CLOCK_ROOT)    net (fo=24188, routed)       1.541    12.021    mhsa_i/mhsa_top_0/inst/grp_online_attention_row_fu_1064/grp_online_attention_row_Pipeline_tokens_fu_1773/ap_clk
    SLICE_X54Y91         FDSE                                         r  mhsa_i/mhsa_top_0/inst/grp_online_attention_row_fu_1064/grp_online_attention_row_Pipeline_tokens_fu_1773/ref_tmp38_1_392593_fu_802_reg[0]/C
                         clock pessimism              0.101    12.122    
                         clock uncertainty           -0.159    11.963    
    SLICE_X54Y91         FDSE (Setup_AFF2_SLICEM_C_S)
                                                     -0.074    11.889    mhsa_i/mhsa_top_0/inst/grp_online_attention_row_fu_1064/grp_online_attention_row_Pipeline_tokens_fu_1773/ref_tmp38_1_392593_fu_802_reg[0]
  -------------------------------------------------------------------
                         required time                         11.889    
                         arrival time                         -10.977    
  -------------------------------------------------------------------
                         slack                                  0.912    

Slack (MET) :             0.912ns  (required time - arrival time)
  Source:                 mhsa_i/mhsa_top_0/inst/grp_online_attention_row_fu_1064/grp_online_attention_row_Pipeline_tokens_fu_1773/ap_enable_reg_pp0_iter35_reg/C
                            (rising edge-triggered cell FDRE clocked by clk_pl_0  {rise@0.000ns fall@5.156ns period=10.312ns})
  Destination:            mhsa_i/mhsa_top_0/inst/grp_online_attention_row_fu_1064/grp_online_attention_row_Pipeline_tokens_fu_1773/ref_tmp38_1_392593_fu_802_reg[18]/S
                            (rising edge-triggered cell FDSE clocked by clk_pl_0  {rise@0.000ns fall@5.156ns period=10.312ns})
  Path Group:             clk_pl_0
  Path Type:              Setup (Max at Slow Process Corner)
  Requirement:            10.312ns  (clk_pl_0 rise@10.312ns - clk_pl_0 rise@0.000ns)
  Data Path Delay:        8.921ns  (logic 2.992ns (33.540%)  route 5.929ns (66.460%))
  Logic Levels:           16  (CARRY8=4 DSP_A_B_DATA=1 DSP_ALU=2 DSP_M_DATA=1 DSP_MULTIPLIER=1 DSP_OUTPUT=2 DSP_PREADD_DATA=1 LUT2=1 LUT4=1 LUT5=1 LUT6=1)
  Clock Path Skew:        -0.246ns (DCD - SCD + CPR)
    Destination Clock Delay (DCD):    1.709ns = ( 12.021 - 10.312 ) 
    Source Clock Delay      (SCD):    2.056ns
    Clock Pessimism Removal (CPR):    0.101ns
  Clock Uncertainty:      0.159ns  ((TSJ^2 + DJ^2)^1/2) / 2 + PE
    Total System Jitter     (TSJ):    0.071ns
    Discrete Jitter          (DJ):    0.310ns
    Phase Error              (PE):    0.000ns
  Clock Net Delay (Source):      1.848ns (routing 0.569ns, distribution 1.279ns)
  Clock Net Delay (Destination): 1.541ns (routing 0.512ns, distribution 1.029ns)

    Location             Delay type                Incr(ns)  Path(ns)    Netlist Resource(s)
  -------------------------------------------------------------------    -------------------
                         (clock clk_pl_0 rise edge)
                                                      0.000     0.000 r  
    PS8_X0Y0             PS8                          0.000     0.000 r  mhsa_i/zynq_ultra_ps_e_0/inst/PS8_i/PLCLK[0]
                         net (fo=1, routed)           0.180     0.180    mhsa_i/zynq_ultra_ps_e_0/inst/pl_clk_unbuffered[0]
    BUFG_PS_X0Y80        BUFG_PS (Prop_BUFG_PS_I_O)
                                                      0.028     0.208 r  mhsa_i/zynq_ultra_ps_e_0/inst/buffer_pl_clk_0.PL_CLK_0_BUFG/O
    X1Y2 (CLOCK_ROOT)    net (fo=24188, routed)       1.848     2.056    mhsa_i/mhsa_top_0/inst/grp_online_attention_row_fu_1064/grp_online_attention_row_Pipeline_tokens_fu_1773/ap_clk
    SLICE_X68Y144        FDRE                                         r  mhsa_i/mhsa_top_0/inst/grp_online_attention_row_fu_1064/grp_online_attention_row_Pipeline_tokens_fu_1773/ap_enable_reg_pp0_iter35_reg/C
  -------------------------------------------------------------------    -------------------
    SLICE_X68Y144        FDRE (Prop_DFF_SLICEL_C_Q)
                                                      0.079     2.135 r  mhsa_i/mhsa_top_0/inst/grp_online_attention_row_fu_1064/grp_online_attention_row_Pipeline_tokens_fu_1773/ap_enable_reg_pp0_iter35_reg/Q
                         net (fo=18, routed)          0.371     2.506    mhsa_i/mhsa_top_0/inst/grp_online_attention_row_fu_1064/grp_online_attention_row_Pipeline_tokens_fu_1773/mul_32s_16s_48_1_1_U200/ap_enable_reg_pp0_iter35
    SLICE_X69Y138        LUT2 (Prop_G5LUT_SLICEL_I1_O)
                                                      0.067     2.573 r  mhsa_i/mhsa_top_0/inst/grp_online_attention_row_fu_1064/grp_online_attention_row_Pipeline_tokens_fu_1773/mul_32s_16s_48_1_1_U200/tmp_product_i_35__2/O
                         net (fo=108, routed)         1.316     3.889    mhsa_i/mhsa_top_0/inst/grp_online_attention_row_fu_1064/grp_online_attention_row_Pipeline_tokens_fu_1773/mul_32s_16s_48_1_1_U200/ap_CS_fsm_reg[0]
    SLICE_X57Y129        LUT6 (Prop_H6LUT_SLICEM_I1_O)
                                                      0.152     4.041 f  mhsa_i/mhsa_top_0/inst/grp_online_attention_row_fu_1064/grp_online_attention_row_Pipeline_tokens_fu_1773/mul_32s_16s_48_1_1_U200/tmp_product_i_17__24/O
                         net (fo=32, routed)          1.860     5.901    mhsa_i/mhsa_top_0/inst/grp_online_attention_row_fu_1064/grp_online_attention_row_Pipeline_tokens_fu_1773/mul_32s_16s_48_1_1_U177/tmp_product/A[16]
    DSP48E2_X7Y28        DSP_A_B_DATA (Prop_DSP_A_B_DATA_DSP48E2_A[16]_A2_DATA[16])
                                                      0.192     6.093 r  mhsa_i/mhsa_top_0/inst/grp_online_attention_row_fu_1064/grp_online_attention_row_Pipeline_tokens_fu_1773/mul_32s_16s_48_1_1_U177/tmp_product/DSP_A_B_DATA_INST/A2_DATA[16]
                         net (fo=1, routed)           0.000     6.093    mhsa_i/mhsa_top_0/inst/grp_online_attention_row_fu_1064/grp_online_attention_row_Pipeline_tokens_fu_1773/mul_32s_16s_48_1_1_U177/tmp_product/DSP_A_B_DATA.A2_DATA<16>
    DSP48E2_X7Y28        DSP_PREADD_DATA (Prop_DSP_PREADD_DATA_DSP48E2_A2_DATA[16]_A2A1[16])
                                                      0.076     6.169 r  mhsa_i/mhsa_top_0/inst/grp_online_attention_row_fu_1064/grp_online_attention_row_Pipeline_tokens_fu_1773/mul_32s_16s_48_1_1_U177/tmp_product/DSP_PREADD_DATA_INST/A2A1[16]
                         net (fo=1, routed)           0.000     6.169    mhsa_i/mhsa_top_0/inst/grp_online_attention_row_fu_1064/grp_online_attention_row_Pipeline_tokens_fu_1773/mul_32s_16s_48_1_1_U177/tmp_product/DSP_PREADD_DATA.A2A1<16>
    DSP48E2_X7Y28        DSP_MULTIPLIER (Prop_DSP_MULTIPLIER_DSP48E2_A2A1[16]_U[36])
                                                      0.505     6.674 f  mhsa_i/mhsa_top_0/inst/grp_online_attention_row_fu_1064/grp_online_attention_row_Pipeline_tokens_fu_1773/mul_32s_16s_48_1_1_U177/tmp_product/DSP_MULTIPLIER_INST/U[36]
                         net (fo=1, routed)           0.000     6.674    mhsa_i/mhsa_top_0/inst/grp_online_attention_row_fu_1064/grp_online_attention_row_Pipeline_tokens_fu_1773/mul_32s_16s_48_1_1_U177/tmp_product/DSP_MULTIPLIER.U<36>
    DSP48E2_X7Y28        DSP_M_DATA (Prop_DSP_M_DATA_DSP48E2_U[36]_U_DATA[36])
                                                      0.047     6.721 r  mhsa_i/mhsa_top_0/inst/grp_online_attention_row_fu_1064/grp_online_attention_row_Pipeline_tokens_fu_1773/mul_32s_16s_48_1_1_U177/tmp_product/DSP_M_DATA_INST/U_DATA[36]
                         net (fo=1, routed)           0.000     6.721    mhsa_i/mhsa_top_0/inst/grp_online_attention_row_fu_1064/grp_online_attention_row_Pipeline_tokens_fu_1773/mul_32s_16s_48_1_1_U177/tmp_product/DSP_M_DATA.U_DATA<36>
    DSP48E2_X7Y28        DSP_ALU (Prop_DSP_ALU_DSP48E2_U_DATA[36]_ALU_OUT[47])
                                                      0.585     7.306 f  mhsa_i/mhsa_top_0/inst/grp_online_attention_row_fu_1064/grp_online_attention_row_Pipeline_tokens_fu_1773/mul_32s_16s_48_1_1_U177/tmp_product/DSP_ALU_INST/ALU_OUT[47]
                         net (fo=1, routed)           0.000     7.306    mhsa_i/mhsa_top_0/inst/grp_online_attention_row_fu_1064/grp_online_attention_row_Pipeline_tokens_fu_1773/mul_32s_16s_48_1_1_U177/tmp_product/DSP_ALU.ALU_OUT<47>
    DSP48E2_X7Y28        DSP_OUTPUT (Prop_DSP_OUTPUT_DSP48E2_ALU_OUT[47]_PCOUT[47])
                                                      0.122     7.428 r  mhsa_i/mhsa_top_0/inst/grp_online_attention_row_fu_1064/grp_online_attention_row_Pipeline_tokens_fu_1773/mul_32s_16s_48_1_1_U177/tmp_product/DSP_OUTPUT_INST/PCOUT[47]
                         net (fo=1, routed)           0.014     7.442    mhsa_i/mhsa_top_0/inst/grp_online_attention_row_fu_1064/grp_online_attention_row_Pipeline_tokens_fu_1773/mul_32s_16s_48_1_1_U177/tmp_product__0/PCIN[47]
    DSP48E2_X7Y29        DSP_ALU (Prop_DSP_ALU_DSP48E2_PCIN[47]_ALU_OUT[4])
                                                      0.546     7.988 f  mhsa_i/mhsa_top_0/inst/grp_online_attention_row_fu_1064/grp_online_attention_row_Pipeline_tokens_fu_1773/mul_32s_16s_48_1_1_U177/tmp_product__0/DSP_ALU_INST/ALU_OUT[4]
                         net (fo=1, routed)           0.000     7.988    mhsa_i/mhsa_top_0/inst/grp_online_attention_row_fu_1064/grp_online_attention_row_Pipeline_tokens_fu_1773/mul_32s_16s_48_1_1_U177/tmp_product__0/DSP_ALU.ALU_OUT<4>
    DSP48E2_X7Y29        DSP_OUTPUT (Prop_DSP_OUTPUT_DSP48E2_ALU_OUT[4]_P[4])
                                                      0.109     8.097 r  mhsa_i/mhsa_top_0/inst/grp_online_attention_row_fu_1064/grp_online_attention_row_Pipeline_tokens_fu_1773/mul_32s_16s_48_1_1_U177/tmp_product__0/DSP_OUTPUT_INST/P[4]
                         net (fo=8, routed)           1.519     9.615    mhsa_i/mhsa_top_0/inst/grp_online_attention_row_fu_1064/grp_online_attention_row_Pipeline_tokens_fu_1773/mul_32s_32s_64_1_1_U208/P[3]
    SLICE_X52Y92         LUT4 (Prop_D6LUT_SLICEL_I3_O)
                                                      0.122     9.737 r  mhsa_i/mhsa_top_0/inst/grp_online_attention_row_fu_1064/grp_online_attention_row_Pipeline_tokens_fu_1773/mul_32s_32s_64_1_1_U208/ref_tmp38_1_392593_fu_802[31]_i_48/O
                         net (fo=1, routed)           0.009     9.746    mhsa_i/mhsa_top_0/inst/grp_online_attention_row_fu_1064/grp_online_attention_row_Pipeline_tokens_fu_1773/mul_32s_16s_48_1_1_U177/ref_tmp38_1_392593_fu_802_reg[31]_i_26_0[3]
    SLICE_X52Y92         CARRY8 (Prop_CARRY8_SLICEL_S[3]_CO[7])
                                                      0.154     9.900 r  mhsa_i/mhsa_top_0/inst/grp_online_attention_row_fu_1064/grp_online_attention_row_Pipeline_tokens_fu_1773/mul_32s_16s_48_1_1_U177/ref_tmp38_1_392593_fu_802_reg[31]_i_35/CO[7]
                         net (fo=1, routed)           0.026     9.926    mhsa_i/mhsa_top_0/inst/grp_online_attention_row_fu_1064/grp_online_attention_row_Pipeline_tokens_fu_1773/mul_32s_16s_48_1_1_U177/ref_tmp38_1_392593_fu_802_reg[31]_i_35_n_2
    SLICE_X52Y93         CARRY8 (Prop_CARRY8_SLICEL_CI_CO[7])
                                                      0.015     9.941 r  mhsa_i/mhsa_top_0/inst/grp_online_attention_row_fu_1064/grp_online_attention_row_Pipeline_tokens_fu_1773/mul_32s_16s_48_1_1_U177/ref_tmp38_1_392593_fu_802_reg[31]_i_26/CO[7]
                         net (fo=1, routed)           0.026     9.967    mhsa_i/mhsa_top_0/inst/grp_online_attention_row_fu_1064/grp_online_attention_row_Pipeline_tokens_fu_1773/mul_32s_16s_48_1_1_U177/ref_tmp38_1_392593_fu_802_reg[31]_i_26_n_2
    SLICE_X52Y94         CARRY8 (Prop_CARRY8_SLICEL_CI_CO[7])
                                                      0.015     9.982 r  mhsa_i/mhsa_top_0/inst/grp_online_attention_row_fu_1064/grp_online_attention_row_Pipeline_tokens_fu_1773/mul_32s_16s_48_1_1_U177/ref_tmp38_1_392593_fu_802_reg[31]_i_14/CO[7]
                         net (fo=1, routed)           0.026    10.008    mhsa_i/mhsa_top_0/inst/grp_online_attention_row_fu_1064/grp_online_attention_row_Pipeline_tokens_fu_1773/mul_32s_16s_48_1_1_U177/ref_tmp38_1_392593_fu_802_reg[31]_i_14_n_2
    SLICE_X52Y95         CARRY8 (Prop_CARRY8_SLICEL_CI_O[7])
                                                      0.116    10.124 r  mhsa_i/mhsa_top_0/inst/grp_online_attention_row_fu_1064/grp_online_attention_row_Pipeline_tokens_fu_1773/mul_32s_16s_48_1_1_U177/ref_tmp38_1_392593_fu_802_reg[31]_i_3/O[7]
                         net (fo=33, routed)          0.396    10.521    mhsa_i/mhsa_top_0/inst/grp_online_attention_row_fu_1064/grp_online_attention_row_Pipeline_tokens_fu_1773/flow_control_loop_pipe_sequential_init_U/ref_tmp38_1_392593_fu_802_reg[0]_0[0]
    SLICE_X54Y94         LUT5 (Prop_G6LUT_SLICEM_I4_O)
                                                      0.090    10.611 r  mhsa_i/mhsa_top_0/inst/grp_online_attention_row_fu_1064/grp_online_attention_row_Pipeline_tokens_fu_1773/flow_control_loop_pipe_sequential_init_U/ref_tmp38_1_392593_fu_802[30]_i_1/O
                         net (fo=31, routed)          0.366    10.977    mhsa_i/mhsa_top_0/inst/grp_online_attention_row_fu_1064/grp_online_attention_row_Pipeline_tokens_fu_1773/flow_control_loop_pipe_sequential_init_U_n_57
    SLICE_X54Y91         FDSE                                         r  mhsa_i/mhsa_top_0/inst/grp_online_attention_row_fu_1064/grp_online_attention_row_Pipeline_tokens_fu_1773/ref_tmp38_1_392593_fu_802_reg[18]/S
  -------------------------------------------------------------------    -------------------

                         (clock clk_pl_0 rise edge)
                                                     10.312    10.312 r  
    PS8_X0Y0             PS8                          0.000    10.312 r  mhsa_i/zynq_ultra_ps_e_0/inst/PS8_i/PLCLK[0]
                         net (fo=1, routed)           0.143    10.455    mhsa_i/zynq_ultra_ps_e_0/inst/pl_clk_unbuffered[0]
    BUFG_PS_X0Y80        BUFG_PS (Prop_BUFG_PS_I_O)
                                                      0.025    10.480 r  mhsa_i/zynq_ultra_ps_e_0/inst/buffer_pl_clk_0.PL_CLK_0_BUFG/O
    X1Y2 (CLOCK_ROOT)    net (fo=24188, routed)       1.541    12.021    mhsa_i/mhsa_top_0/inst/grp_online_attention_row_fu_1064/grp_online_attention_row_Pipeline_tokens_fu_1773/ap_clk
    SLICE_X54Y91         FDSE                                         r  mhsa_i/mhsa_top_0/inst/grp_online_attention_row_fu_1064/grp_online_attention_row_Pipeline_tokens_fu_1773/ref_tmp38_1_392593_fu_802_reg[18]/C
                         clock pessimism              0.101    12.122    
                         clock uncertainty           -0.159    11.963    
    SLICE_X54Y91         FDSE (Setup_DFF_SLICEM_C_S)
                                                     -0.074    11.889    mhsa_i/mhsa_top_0/inst/grp_online_attention_row_fu_1064/grp_online_attention_row_Pipeline_tokens_fu_1773/ref_tmp38_1_392593_fu_802_reg[18]
  -------------------------------------------------------------------
                         required time                         11.889    
                         arrival time                         -10.977    
  -------------------------------------------------------------------
                         slack                                  0.912    





Min Delay Paths
--------------------------------------------------------------------------------------
Slack (MET) :             0.010ns  (arrival time - required time)
  Source:                 mhsa_i/mhsa_top_0/inst/gmem_k_m_axi_U/bus_read/rreq_burst_conv/burst_sequential/rs_req/data_p1_reg[37]/C
                            (rising edge-triggered cell FDRE clocked by clk_pl_0  {rise@0.000ns fall@5.156ns period=10.312ns})
  Destination:            mhsa_i/mhsa_top_0/inst/gmem_k_m_axi_U/bus_read/rreq_burst_conv/burst_sequential/start_addr_reg[37]/D
                            (rising edge-triggered cell FDRE clocked by clk_pl_0  {rise@0.000ns fall@5.156ns period=10.312ns})
  Path Group:             clk_pl_0
  Path Type:              Hold (Min at Slow Process Corner)
  Requirement:            0.000ns  (clk_pl_0 rise@0.000ns - clk_pl_0 rise@0.000ns)
  Data Path Delay:        0.185ns  (logic 0.058ns (31.332%)  route 0.127ns (68.668%))
  Logic Levels:           0  
  Clock Path Skew:        0.113ns (DCD - SCD - CPR)
    Destination Clock Delay (DCD):    2.234ns
    Source Clock Delay      (SCD):    1.946ns
    Clock Pessimism Removal (CPR):    0.175ns
  Clock Net Delay (Source):      1.778ns (routing 0.512ns, distribution 1.266ns)
  Clock Net Delay (Destination): 2.026ns (routing 0.569ns, distribution 1.457ns)

    Location             Delay type                Incr(ns)  Path(ns)    Netlist Resource(s)
  -------------------------------------------------------------------    -------------------
                         (clock clk_pl_0 rise edge)
                                                      0.000     0.000 r  
    PS8_X0Y0             PS8                          0.000     0.000 r  mhsa_i/zynq_ultra_ps_e_0/inst/PS8_i/PLCLK[0]
                         net (fo=1, routed)           0.143     0.143    mhsa_i/zynq_ultra_ps_e_0/inst/pl_clk_unbuffered[0]
    BUFG_PS_X0Y80        BUFG_PS (Prop_BUFG_PS_I_O)
                                                      0.025     0.168 r  mhsa_i/zynq_ultra_ps_e_0/inst/buffer_pl_clk_0.PL_CLK_0_BUFG/O
    X1Y2 (CLOCK_ROOT)    net (fo=24188, routed)       1.778     1.946    mhsa_i/mhsa_top_0/inst/gmem_k_m_axi_U/bus_read/rreq_burst_conv/burst_sequential/rs_req/ap_clk
    SLICE_X6Y264         FDRE                                         r  mhsa_i/mhsa_top_0/inst/gmem_k_m_axi_U/bus_read/rreq_burst_conv/burst_sequential/rs_req/data_p1_reg[37]/C
  -------------------------------------------------------------------    -------------------
    SLICE_X6Y264         FDRE (Prop_CFF_SLICEM_C_Q)
                                                      0.058     2.004 r  mhsa_i/mhsa_top_0/inst/gmem_k_m_axi_U/bus_read/rreq_burst_conv/burst_sequential/rs_req/data_p1_reg[37]/Q
                         net (fo=2, routed)           0.127     2.131    mhsa_i/mhsa_top_0/inst/gmem_k_m_axi_U/bus_read/rreq_burst_conv/burst_sequential/start_addr_tmp[37]
    SLICE_X7Y262         FDRE                                         r  mhsa_i/mhsa_top_0/inst/gmem_k_m_axi_U/bus_read/rreq_burst_conv/burst_sequential/start_addr_reg[37]/D
  -------------------------------------------------------------------    -------------------

                         (clock clk_pl_0 rise edge)
                                                      0.000     0.000 r  
    PS8_X0Y0             PS8                          0.000     0.000 r  mhsa_i/zynq_ultra_ps_e_0/inst/PS8_i/PLCLK[0]
                         net (fo=1, routed)           0.180     0.180    mhsa_i/zynq_ultra_ps_e_0/inst/pl_clk_unbuffered[0]
    BUFG_PS_X0Y80        BUFG_PS (Prop_BUFG_PS_I_O)
                                                      0.028     0.208 r  mhsa_i/zynq_ultra_ps_e_0/inst/buffer_pl_clk_0.PL_CLK_0_BUFG/O
    X1Y2 (CLOCK_ROOT)    net (fo=24188, routed)       2.026     2.234    mhsa_i/mhsa_top_0/inst/gmem_k_m_axi_U/bus_read/rreq_burst_conv/burst_sequential/ap_clk
    SLICE_X7Y262         FDRE                                         r  mhsa_i/mhsa_top_0/inst/gmem_k_m_axi_U/bus_read/rreq_burst_conv/burst_sequential/start_addr_reg[37]/C
                         clock pessimism             -0.175     2.059    
    SLICE_X7Y262         FDRE (Hold_HFF2_SLICEM_C_D)
                                                      0.062     2.121    mhsa_i/mhsa_top_0/inst/gmem_k_m_axi_U/bus_read/rreq_burst_conv/burst_sequential/start_addr_reg[37]
  -------------------------------------------------------------------
                         required time                         -2.121    
                         arrival time                           2.131    
  -------------------------------------------------------------------
                         slack                                  0.010    

Slack (MET) :             0.010ns  (arrival time - required time)
  Source:                 mhsa_i/mhsa_top_0/inst/gmem_o_m_axi_U/bus_write/wreq_throttle/rs_req/data_p1_reg[51]/C
                            (rising edge-triggered cell FDRE clocked by clk_pl_0  {rise@0.000ns fall@5.156ns period=10.312ns})
  Destination:            mhsa_i/smartconnect_3/inst/s00_entry_pipeline/s00_mmu/inst/aw_sreg/skid_buffer_reg[1112]/D
                            (rising edge-triggered cell FDRE clocked by clk_pl_0  {rise@0.000ns fall@5.156ns period=10.312ns})
  Path Group:             clk_pl_0
  Path Type:              Hold (Min at Slow Process Corner)
  Requirement:            0.000ns  (clk_pl_0 rise@0.000ns - clk_pl_0 rise@0.000ns)
  Data Path Delay:        0.129ns  (logic 0.058ns (44.889%)  route 0.071ns (55.111%))
  Logic Levels:           0  
  Clock Path Skew:        0.057ns (DCD - SCD - CPR)
    Destination Clock Delay (DCD):    2.133ns
    Source Clock Delay      (SCD):    1.851ns
    Clock Pessimism Removal (CPR):    0.226ns
  Clock Net Delay (Source):      1.683ns (routing 0.512ns, distribution 1.171ns)
  Clock Net Delay (Destination): 1.925ns (routing 0.569ns, distribution 1.356ns)

    Location             Delay type                Incr(ns)  Path(ns)    Netlist Resource(s)
  -------------------------------------------------------------------    -------------------
                         (clock clk_pl_0 rise edge)
                                                      0.000     0.000 r  
    PS8_X0Y0             PS8                          0.000     0.000 r  mhsa_i/zynq_ultra_ps_e_0/inst/PS8_i/PLCLK[0]
                         net (fo=1, routed)           0.143     0.143    mhsa_i/zynq_ultra_ps_e_0/inst/pl_clk_unbuffered[0]
    BUFG_PS_X0Y80        BUFG_PS (Prop_BUFG_PS_I_O)
                                                      0.025     0.168 r  mhsa_i/zynq_ultra_ps_e_0/inst/buffer_pl_clk_0.PL_CLK_0_BUFG/O
    X1Y2 (CLOCK_ROOT)    net (fo=24188, routed)       1.683     1.851    mhsa_i/mhsa_top_0/inst/gmem_o_m_axi_U/bus_write/wreq_throttle/rs_req/ap_clk
    SLICE_X32Y277        FDRE                                         r  mhsa_i/mhsa_top_0/inst/gmem_o_m_axi_U/bus_write/wreq_throttle/rs_req/data_p1_reg[51]/C
  -------------------------------------------------------------------    -------------------
    SLICE_X32Y277        FDRE (Prop_HFF_SLICEL_C_Q)
                                                      0.058     1.909 r  mhsa_i/mhsa_top_0/inst/gmem_o_m_axi_U/bus_write/wreq_throttle/rs_req/data_p1_reg[51]/Q
                         net (fo=2, routed)           0.071     1.980    mhsa_i/smartconnect_3/inst/s00_entry_pipeline/s00_mmu/inst/aw_sreg/skid_buffer_reg[1144]_0[57]
    SLICE_X32Y276        FDRE                                         r  mhsa_i/smartconnect_3/inst/s00_entry_pipeline/s00_mmu/inst/aw_sreg/skid_buffer_reg[1112]/D
  -------------------------------------------------------------------    -------------------

                         (clock clk_pl_0 rise edge)
                                                      0.000     0.000 r  
    PS8_X0Y0             PS8                          0.000     0.000 r  mhsa_i/zynq_ultra_ps_e_0/inst/PS8_i/PLCLK[0]
                         net (fo=1, routed)           0.180     0.180    mhsa_i/zynq_ultra_ps_e_0/inst/pl_clk_unbuffered[0]
    BUFG_PS_X0Y80        BUFG_PS (Prop_BUFG_PS_I_O)
                                                      0.028     0.208 r  mhsa_i/zynq_ultra_ps_e_0/inst/buffer_pl_clk_0.PL_CLK_0_BUFG/O
    X1Y2 (CLOCK_ROOT)    net (fo=24188, routed)       1.925     2.133    mhsa_i/smartconnect_3/inst/s00_entry_pipeline/s00_mmu/inst/aw_sreg/aclk
    SLICE_X32Y276        FDRE                                         r  mhsa_i/smartconnect_3/inst/s00_entry_pipeline/s00_mmu/inst/aw_sreg/skid_buffer_reg[1112]/C
                         clock pessimism             -0.226     1.907    
    SLICE_X32Y276        FDRE (Hold_EFF2_SLICEL_C_D)
                                                      0.062     1.969    mhsa_i/smartconnect_3/inst/s00_entry_pipeline/s00_mmu/inst/aw_sreg/skid_buffer_reg[1112]
  -------------------------------------------------------------------
                         required time                         -1.969    
                         arrival time                           1.980    
  -------------------------------------------------------------------
                         slack                                  0.010    

Slack (MET) :             0.011ns  (arrival time - required time)
  Source:                 mhsa_i/mhsa_top_0/inst/gmem_k_m_axi_U/load_unit_0/tmp_addr_reg[5]/C
                            (rising edge-triggered cell FDRE clocked by clk_pl_0  {rise@0.000ns fall@5.156ns period=10.312ns})
  Destination:            mhsa_i/mhsa_top_0/inst/gmem_k_m_axi_U/bus_read/rreq_burst_conv/burst_sequential/rs_req/data_p2_reg[5]/D
                            (rising edge-triggered cell FDRE clocked by clk_pl_0  {rise@0.000ns fall@5.156ns period=10.312ns})
  Path Group:             clk_pl_0
  Path Type:              Hold (Min at Slow Process Corner)
  Requirement:            0.000ns  (clk_pl_0 rise@0.000ns - clk_pl_0 rise@0.000ns)
  Data Path Delay:        0.175ns  (logic 0.057ns (32.660%)  route 0.118ns (67.340%))
  Logic Levels:           0  
  Clock Path Skew:        0.102ns (DCD - SCD - CPR)
    Destination Clock Delay (DCD):    2.227ns
    Source Clock Delay      (SCD):    1.950ns
    Clock Pessimism Removal (CPR):    0.175ns
  Clock Net Delay (Source):      1.782ns (routing 0.512ns, distribution 1.270ns)
  Clock Net Delay (Destination): 2.019ns (routing 0.569ns, distribution 1.450ns)

    Location             Delay type                Incr(ns)  Path(ns)    Netlist Resource(s)
  -------------------------------------------------------------------    -------------------
                         (clock clk_pl_0 rise edge)
                                                      0.000     0.000 r  
    PS8_X0Y0             PS8                          0.000     0.000 r  mhsa_i/zynq_ultra_ps_e_0/inst/PS8_i/PLCLK[0]
                         net (fo=1, routed)           0.143     0.143    mhsa_i/zynq_ultra_ps_e_0/inst/pl_clk_unbuffered[0]
    BUFG_PS_X0Y80        BUFG_PS (Prop_BUFG_PS_I_O)
                                                      0.025     0.168 r  mhsa_i/zynq_ultra_ps_e_0/inst/buffer_pl_clk_0.PL_CLK_0_BUFG/O
    X1Y2 (CLOCK_ROOT)    net (fo=24188, routed)       1.782     1.950    mhsa_i/mhsa_top_0/inst/gmem_k_m_axi_U/load_unit_0/ap_clk
    SLICE_X13Y256        FDRE                                         r  mhsa_i/mhsa_top_0/inst/gmem_k_m_axi_U/load_unit_0/tmp_addr_reg[5]/C
  -------------------------------------------------------------------    -------------------
    SLICE_X13Y256        FDRE (Prop_FFF_SLICEM_C_Q)
                                                      0.057     2.007 r  mhsa_i/mhsa_top_0/inst/gmem_k_m_axi_U/load_unit_0/tmp_addr_reg[5]/Q
                         net (fo=2, routed)           0.118     2.124    mhsa_i/mhsa_top_0/inst/gmem_k_m_axi_U/bus_read/rreq_burst_conv/burst_sequential/rs_req/data_p2_reg[75]_0[4]
    SLICE_X15Y254        FDRE                                         r  mhsa_i/mhsa_top_0/inst/gmem_k_m_axi_U/bus_read/rreq_burst_conv/burst_sequential/rs_req/data_p2_reg[5]/D
  -------------------------------------------------------------------    -------------------

                         (clock clk_pl_0 rise edge)
                                                      0.000     0.000 r  
    PS8_X0Y0             PS8                          0.000     0.000 r  mhsa_i/zynq_ultra_ps_e_0/inst/PS8_i/PLCLK[0]
                         net (fo=1, routed)           0.180     0.180    mhsa_i/zynq_ultra_ps_e_0/inst/pl_clk_unbuffered[0]
    BUFG_PS_X0Y80        BUFG_PS (Prop_BUFG_PS_I_O)
                                                      0.028     0.208 r  mhsa_i/zynq_ultra_ps_e_0/inst/buffer_pl_clk_0.PL_CLK_0_BUFG/O
    X1Y2 (CLOCK_ROOT)    net (fo=24188, routed)       2.019     2.227    mhsa_i/mhsa_top_0/inst/gmem_k_m_axi_U/bus_read/rreq_burst_conv/burst_sequential/rs_req/ap_clk
    SLICE_X15Y254        FDRE                                         r  mhsa_i/mhsa_top_0/inst/gmem_k_m_axi_U/bus_read/rreq_burst_conv/burst_sequential/rs_req/data_p2_reg[5]/C
                         clock pessimism             -0.175     2.052    
    SLICE_X15Y254        FDRE (Hold_HFF2_SLICEM_C_D)
                                                      0.062     2.114    mhsa_i/mhsa_top_0/inst/gmem_k_m_axi_U/bus_read/rreq_burst_conv/burst_sequential/rs_req/data_p2_reg[5]
  -------------------------------------------------------------------
                         required time                         -2.114    
                         arrival time                           2.124    
  -------------------------------------------------------------------
                         slack                                  0.011    

Slack (MET) :             0.012ns  (arrival time - required time)
  Source:                 mhsa_i/smartconnect_3/inst/m00_nodes/m00_aw_node/inst/inst_mi_handler/gen_normal_area.inst_fifo_node_payld/gen_xpm_memory_fifo.inst_fifo/gen_mem_rep[0].inst_xpm_memory/xpm_memory_base_inst/gen_rd_b.gen_rd_b_synth_template.gen_rf_narrow_reg.doutb_reg_reg[6]/C
                            (rising edge-triggered cell FDRE clocked by clk_pl_0  {rise@0.000ns fall@5.156ns period=10.312ns})
  Destination:            mhsa_i/smartconnect_3/inst/m00_exit_pipeline/m00_exit/inst/aw_reg/skid_buffer_reg[1130]/D
                            (rising edge-triggered cell FDRE clocked by clk_pl_0  {rise@0.000ns fall@5.156ns period=10.312ns})
  Path Group:             clk_pl_0
  Path Type:              Hold (Min at Slow Process Corner)
  Requirement:            0.000ns  (clk_pl_0 rise@0.000ns - clk_pl_0 rise@0.000ns)
  Data Path Delay:        0.182ns  (logic 0.060ns (33.019%)  route 0.122ns (66.981%))
  Logic Levels:           0  
  Clock Path Skew:        0.108ns (DCD - SCD - CPR)
    Destination Clock Delay (DCD):    2.167ns
    Source Clock Delay      (SCD):    1.883ns
    Clock Pessimism Removal (CPR):    0.176ns
  Clock Net Delay (Source):      1.715ns (routing 0.512ns, distribution 1.203ns)
  Clock Net Delay (Destination): 1.959ns (routing 0.569ns, distribution 1.390ns)

    Location             Delay type                Incr(ns)  Path(ns)    Netlist Resource(s)
  -------------------------------------------------------------------    -------------------
                         (clock clk_pl_0 rise edge)
                                                      0.000     0.000 r  
    PS8_X0Y0             PS8                          0.000     0.000 r  mhsa_i/zynq_ultra_ps_e_0/inst/PS8_i/PLCLK[0]
                         net (fo=1, routed)           0.143     0.143    mhsa_i/zynq_ultra_ps_e_0/inst/pl_clk_unbuffered[0]
    BUFG_PS_X0Y80        BUFG_PS (Prop_BUFG_PS_I_O)
                                                      0.025     0.168 r  mhsa_i/zynq_ultra_ps_e_0/inst/buffer_pl_clk_0.PL_CLK_0_BUFG/O
    X1Y2 (CLOCK_ROOT)    net (fo=24188, routed)       1.715     1.883    mhsa_i/smartconnect_3/inst/m00_nodes/m00_aw_node/inst/inst_mi_handler/gen_normal_area.inst_fifo_node_payld/gen_xpm_memory_fifo.inst_fifo/gen_mem_rep[0].inst_xpm_memory/xpm_memory_base_inst/clka
    SLICE_X25Y260        FDRE                                         r  mhsa_i/smartconnect_3/inst/m00_nodes/m00_aw_node/inst/inst_mi_handler/gen_normal_area.inst_fifo_node_payld/gen_xpm_memory_fifo.inst_fifo/gen_mem_rep[0].inst_xpm_memory/xpm_memory_base_inst/gen_rd_b.gen_rd_b_synth_template.gen_rf_narrow_reg.doutb_reg_reg[6]/C
  -------------------------------------------------------------------    -------------------
    SLICE_X25Y260        FDRE (Prop_FFF2_SLICEM_C_Q)
                                                      0.060     1.943 r  mhsa_i/smartconnect_3/inst/m00_nodes/m00_aw_node/inst/inst_mi_handler/gen_normal_area.inst_fifo_node_payld/gen_xpm_memory_fifo.inst_fifo/gen_mem_rep[0].inst_xpm_memory/xpm_memory_base_inst/gen_rd_b.gen_rd_b_synth_template.gen_rf_narrow_reg.doutb_reg_reg[6]/Q
                         net (fo=3, routed)           0.122     2.065    mhsa_i/smartconnect_3/inst/m00_exit_pipeline/m00_exit/inst/aw_reg/D[54]
    SLICE_X24Y257        FDRE                                         r  mhsa_i/smartconnect_3/inst/m00_exit_pipeline/m00_exit/inst/aw_reg/skid_buffer_reg[1130]/D
  -------------------------------------------------------------------    -------------------

                         (clock clk_pl_0 rise edge)
                                                      0.000     0.000 r  
    PS8_X0Y0             PS8                          0.000     0.000 r  mhsa_i/zynq_ultra_ps_e_0/inst/PS8_i/PLCLK[0]
                         net (fo=1, routed)           0.180     0.180    mhsa_i/zynq_ultra_ps_e_0/inst/pl_clk_unbuffered[0]
    BUFG_PS_X0Y80        BUFG_PS (Prop_BUFG_PS_I_O)
                                                      0.028     0.208 r  mhsa_i/zynq_ultra_ps_e_0/inst/buffer_pl_clk_0.PL_CLK_0_BUFG/O
    X1Y2 (CLOCK_ROOT)    net (fo=24188, routed)       1.959     2.167    mhsa_i/smartconnect_3/inst/m00_exit_pipeline/m00_exit/inst/aw_reg/aclk
    SLICE_X24Y257        FDRE                                         r  mhsa_i/smartconnect_3/inst/m00_exit_pipeline/m00_exit/inst/aw_reg/skid_buffer_reg[1130]/C
                         clock pessimism             -0.176     1.991    
    SLICE_X24Y257        FDRE (Hold_HFF2_SLICEL_C_D)
                                                      0.062     2.053    mhsa_i/smartconnect_3/inst/m00_exit_pipeline/m00_exit/inst/aw_reg/skid_buffer_reg[1130]
  -------------------------------------------------------------------
                         required time                         -2.053    
                         arrival time                           2.065    
  -------------------------------------------------------------------
                         slack                                  0.012    

Slack (MET) :             0.012ns  (arrival time - required time)
  Source:                 mhsa_i/mhsa_top_0/inst/gmem_o_m_axi_U/store_unit_0/tmp_addr_reg[17]/C
                            (rising edge-triggered cell FDRE clocked by clk_pl_0  {rise@0.000ns fall@5.156ns period=10.312ns})
  Destination:            mhsa_i/mhsa_top_0/inst/gmem_o_m_axi_U/bus_write/wreq_burst_conv/burst_sequential/rs_req/data_p2_reg[17]/D
                            (rising edge-triggered cell FDRE clocked by clk_pl_0  {rise@0.000ns fall@5.156ns period=10.312ns})
  Path Group:             clk_pl_0
  Path Type:              Hold (Min at Slow Process Corner)
  Requirement:            0.000ns  (clk_pl_0 rise@0.000ns - clk_pl_0 rise@0.000ns)
  Data Path Delay:        0.129ns  (logic 0.058ns (44.884%)  route 0.071ns (55.116%))
  Logic Levels:           0  
  Clock Path Skew:        0.055ns (DCD - SCD - CPR)
    Destination Clock Delay (DCD):    2.164ns
    Source Clock Delay      (SCD):    1.880ns
    Clock Pessimism Removal (CPR):    0.229ns
  Clock Net Delay (Source):      1.712ns (routing 0.512ns, distribution 1.200ns)
  Clock Net Delay (Destination): 1.956ns (routing 0.569ns, distribution 1.387ns)

    Location             Delay type                Incr(ns)  Path(ns)    Netlist Resource(s)
  -------------------------------------------------------------------    -------------------
                         (clock clk_pl_0 rise edge)
                                                      0.000     0.000 r  
    PS8_X0Y0             PS8                          0.000     0.000 r  mhsa_i/zynq_ultra_ps_e_0/inst/PS8_i/PLCLK[0]
                         net (fo=1, routed)           0.143     0.143    mhsa_i/zynq_ultra_ps_e_0/inst/pl_clk_unbuffered[0]
    BUFG_PS_X0Y80        BUFG_PS (Prop_BUFG_PS_I_O)
                                                      0.025     0.168 r  mhsa_i/zynq_ultra_ps_e_0/inst/buffer_pl_clk_0.PL_CLK_0_BUFG/O
    X1Y2 (CLOCK_ROOT)    net (fo=24188, routed)       1.712     1.880    mhsa_i/mhsa_top_0/inst/gmem_o_m_axi_U/store_unit_0/ap_clk
    SLICE_X20Y271        FDRE                                         r  mhsa_i/mhsa_top_0/inst/gmem_o_m_axi_U/store_unit_0/tmp_addr_reg[17]/C
  -------------------------------------------------------------------    -------------------
    SLICE_X20Y271        FDRE (Prop_FFF_SLICEL_C_Q)
                                                      0.058     1.938 r  mhsa_i/mhsa_top_0/inst/gmem_o_m_axi_U/store_unit_0/tmp_addr_reg[17]/Q
                         net (fo=2, routed)           0.071     2.009    mhsa_i/mhsa_top_0/inst/gmem_o_m_axi_U/bus_write/wreq_burst_conv/burst_sequential/rs_req/data_p2_reg[75]_0[15]
    SLICE_X20Y273        FDRE                                         r  mhsa_i/mhsa_top_0/inst/gmem_o_m_axi_U/bus_write/wreq_burst_conv/burst_sequential/rs_req/data_p2_reg[17]/D
  -------------------------------------------------------------------    -------------------

                         (clock clk_pl_0 rise edge)
                                                      0.000     0.000 r  
    PS8_X0Y0             PS8                          0.000     0.000 r  mhsa_i/zynq_ultra_ps_e_0/inst/PS8_i/PLCLK[0]
                         net (fo=1, routed)           0.180     0.180    mhsa_i/zynq_ultra_ps_e_0/inst/pl_clk_unbuffered[0]
    BUFG_PS_X0Y80        BUFG_PS (Prop_BUFG_PS_I_O)
                                                      0.028     0.208 r  mhsa_i/zynq_ultra_ps_e_0/inst/buffer_pl_clk_0.PL_CLK_0_BUFG/O
    X1Y2 (CLOCK_ROOT)    net (fo=24188, routed)       1.956     2.164    mhsa_i/mhsa_top_0/inst/gmem_o_m_axi_U/bus_write/wreq_burst_conv/burst_sequential/rs_req/ap_clk
    SLICE_X20Y273        FDRE                                         r  mhsa_i/mhsa_top_0/inst/gmem_o_m_axi_U/bus_write/wreq_burst_conv/burst_sequential/rs_req/data_p2_reg[17]/C
                         clock pessimism             -0.229     1.935    
    SLICE_X20Y273        FDRE (Hold_GFF2_SLICEL_C_D)
                                                      0.062     1.997    mhsa_i/mhsa_top_0/inst/gmem_o_m_axi_U/bus_write/wreq_burst_conv/burst_sequential/rs_req/data_p2_reg[17]
  -------------------------------------------------------------------
                         required time                         -1.997    
                         arrival time                           2.009    
  -------------------------------------------------------------------
                         slack                                  0.012    

Slack (MET) :             0.014ns  (arrival time - required time)
  Source:                 mhsa_i/mhsa_top_0/inst/gmem_v_m_axi_U/load_unit_0/tmp_addr_reg[33]/C
                            (rising edge-triggered cell FDRE clocked by clk_pl_0  {rise@0.000ns fall@5.156ns period=10.312ns})
  Destination:            mhsa_i/mhsa_top_0/inst/gmem_v_m_axi_U/bus_read/rreq_burst_conv/burst_sequential/rs_req/data_p2_reg[33]/D
                            (rising edge-triggered cell FDRE clocked by clk_pl_0  {rise@0.000ns fall@5.156ns period=10.312ns})
  Path Group:             clk_pl_0
  Path Type:              Hold (Min at Slow Process Corner)
  Requirement:            0.000ns  (clk_pl_0 rise@0.000ns - clk_pl_0 rise@0.000ns)
  Data Path Delay:        0.179ns  (logic 0.060ns (33.520%)  route 0.119ns (66.480%))
  Logic Levels:           0  
  Clock Path Skew:        0.105ns (DCD - SCD - CPR)
    Destination Clock Delay (DCD):    2.236ns
    Source Clock Delay      (SCD):    1.956ns
    Clock Pessimism Removal (CPR):    0.175ns
  Clock Net Delay (Source):      1.788ns (routing 0.512ns, distribution 1.276ns)
  Clock Net Delay (Destination): 2.028ns (routing 0.569ns, distribution 1.459ns)

    Location             Delay type                Incr(ns)  Path(ns)    Netlist Resource(s)
  -------------------------------------------------------------------    -------------------
                         (clock clk_pl_0 rise edge)
                                                      0.000     0.000 r  
    PS8_X0Y0             PS8                          0.000     0.000 r  mhsa_i/zynq_ultra_ps_e_0/inst/PS8_i/PLCLK[0]
                         net (fo=1, routed)           0.143     0.143    mhsa_i/zynq_ultra_ps_e_0/inst/pl_clk_unbuffered[0]
    BUFG_PS_X0Y80        BUFG_PS (Prop_BUFG_PS_I_O)
                                                      0.025     0.168 r  mhsa_i/zynq_ultra_ps_e_0/inst/buffer_pl_clk_0.PL_CLK_0_BUFG/O
    X1Y2 (CLOCK_ROOT)    net (fo=24188, routed)       1.788     1.956    mhsa_i/mhsa_top_0/inst/gmem_v_m_axi_U/load_unit_0/ap_clk
    SLICE_X10Y253        FDRE                                         r  mhsa_i/mhsa_top_0/inst/gmem_v_m_axi_U/load_unit_0/tmp_addr_reg[33]/C
  -------------------------------------------------------------------    -------------------
    SLICE_X10Y253        FDRE (Prop_BFF2_SLICEL_C_Q)
                                                      0.060     2.016 r  mhsa_i/mhsa_top_0/inst/gmem_v_m_axi_U/load_unit_0/tmp_addr_reg[33]/Q
                         net (fo=2, routed)           0.119     2.135    mhsa_i/mhsa_top_0/inst/gmem_v_m_axi_U/bus_read/rreq_burst_conv/burst_sequential/rs_req/data_p2_reg[75]_0[32]
    SLICE_X11Y252        FDRE                                         r  mhsa_i/mhsa_top_0/inst/gmem_v_m_axi_U/bus_read/rreq_burst_conv/burst_sequential/rs_req/data_p2_reg[33]/D
  -------------------------------------------------------------------    -------------------

                         (clock clk_pl_0 rise edge)
                                                      0.000     0.000 r  
    PS8_X0Y0             PS8                          0.000     0.000 r  mhsa_i/zynq_ultra_ps_e_0/inst/PS8_i/PLCLK[0]
                         net (fo=1, routed)           0.180     0.180    mhsa_i/zynq_ultra_ps_e_0/inst/pl_clk_unbuffered[0]
    BUFG_PS_X0Y80        BUFG_PS (Prop_BUFG_PS_I_O)
                                                      0.028     0.208 r  mhsa_i/zynq_ultra_ps_e_0/inst/buffer_pl_clk_0.PL_CLK_0_BUFG/O
    X1Y2 (CLOCK_ROOT)    net (fo=24188, routed)       2.028     2.236    mhsa_i/mhsa_top_0/inst/gmem_v_m_axi_U/bus_read/rreq_burst_conv/burst_sequential/rs_req/ap_clk
    SLICE_X11Y252        FDRE                                         r  mhsa_i/mhsa_top_0/inst/gmem_v_m_axi_U/bus_read/rreq_burst_conv/burst_sequential/rs_req/data_p2_reg[33]/C
                         clock pessimism             -0.175     2.061    
    SLICE_X11Y252        FDRE (Hold_EFF_SLICEM_C_D)
                                                      0.060     2.121    mhsa_i/mhsa_top_0/inst/gmem_v_m_axi_U/bus_read/rreq_burst_conv/burst_sequential/rs_req/data_p2_reg[33]
  -------------------------------------------------------------------
                         required time                         -2.121    
                         arrival time                           2.135    
  -------------------------------------------------------------------
                         slack                                  0.014    

Slack (MET) :             0.014ns  (arrival time - required time)
  Source:                 mhsa_i/mhsa_top_0/inst/gmem_o_m_axi_U/bus_write/wreq_throttle/rs_req/data_p1_reg[56]/C
                            (rising edge-triggered cell FDRE clocked by clk_pl_0  {rise@0.000ns fall@5.156ns period=10.312ns})
  Destination:            mhsa_i/smartconnect_3/inst/s00_entry_pipeline/s00_mmu/inst/aw_sreg/skid_buffer_reg[1117]/D
                            (rising edge-triggered cell FDRE clocked by clk_pl_0  {rise@0.000ns fall@5.156ns period=10.312ns})
  Path Group:             clk_pl_0
  Path Type:              Hold (Min at Slow Process Corner)
  Requirement:            0.000ns  (clk_pl_0 rise@0.000ns - clk_pl_0 rise@0.000ns)
  Data Path Delay:        0.131ns  (logic 0.058ns (44.275%)  route 0.073ns (55.725%))
  Logic Levels:           0  
  Clock Path Skew:        0.057ns (DCD - SCD - CPR)
    Destination Clock Delay (DCD):    2.133ns
    Source Clock Delay      (SCD):    1.851ns
    Clock Pessimism Removal (CPR):    0.226ns
  Clock Net Delay (Source):      1.683ns (routing 0.512ns, distribution 1.171ns)
  Clock Net Delay (Destination): 1.925ns (routing 0.569ns, distribution 1.356ns)

    Location             Delay type                Incr(ns)  Path(ns)    Netlist Resource(s)
  -------------------------------------------------------------------    -------------------
                         (clock clk_pl_0 rise edge)
                                                      0.000     0.000 r  
    PS8_X0Y0             PS8                          0.000     0.000 r  mhsa_i/zynq_ultra_ps_e_0/inst/PS8_i/PLCLK[0]
                         net (fo=1, routed)           0.143     0.143    mhsa_i/zynq_ultra_ps_e_0/inst/pl_clk_unbuffered[0]
    BUFG_PS_X0Y80        BUFG_PS (Prop_BUFG_PS_I_O)
                                                      0.025     0.168 r  mhsa_i/zynq_ultra_ps_e_0/inst/buffer_pl_clk_0.PL_CLK_0_BUFG/O
    X1Y2 (CLOCK_ROOT)    net (fo=24188, routed)       1.683     1.851    mhsa_i/mhsa_top_0/inst/gmem_o_m_axi_U/bus_write/wreq_throttle/rs_req/ap_clk
    SLICE_X32Y277        FDRE                                         r  mhsa_i/mhsa_top_0/inst/gmem_o_m_axi_U/bus_write/wreq_throttle/rs_req/data_p1_reg[56]/C
  -------------------------------------------------------------------    -------------------
    SLICE_X32Y277        FDRE (Prop_FFF_SLICEL_C_Q)
                                                      0.058     1.909 r  mhsa_i/mhsa_top_0/inst/gmem_o_m_axi_U/bus_write/wreq_throttle/rs_req/data_p1_reg[56]/Q
                         net (fo=2, routed)           0.073     1.982    mhsa_i/smartconnect_3/inst/s00_entry_pipeline/s00_mmu/inst/aw_sreg/skid_buffer_reg[1144]_0[62]
    SLICE_X32Y276        FDRE                                         r  mhsa_i/smartconnect_3/inst/s00_entry_pipeline/s00_mmu/inst/aw_sreg/skid_buffer_reg[1117]/D
  -------------------------------------------------------------------    -------------------

                         (clock clk_pl_0 rise edge)
                                                      0.000     0.000 r  
    PS8_X0Y0             PS8                          0.000     0.000 r  mhsa_i/zynq_ultra_ps_e_0/inst/PS8_i/PLCLK[0]
                         net (fo=1, routed)           0.180     0.180    mhsa_i/zynq_ultra_ps_e_0/inst/pl_clk_unbuffered[0]
    BUFG_PS_X0Y80        BUFG_PS (Prop_BUFG_PS_I_O)
                                                      0.028     0.208 r  mhsa_i/zynq_ultra_ps_e_0/inst/buffer_pl_clk_0.PL_CLK_0_BUFG/O
    X1Y2 (CLOCK_ROOT)    net (fo=24188, routed)       1.925     2.133    mhsa_i/smartconnect_3/inst/s00_entry_pipeline/s00_mmu/inst/aw_sreg/aclk
    SLICE_X32Y276        FDRE                                         r  mhsa_i/smartconnect_3/inst/s00_entry_pipeline/s00_mmu/inst/aw_sreg/skid_buffer_reg[1117]/C
                         clock pessimism             -0.226     1.907    
    SLICE_X32Y276        FDRE (Hold_GFF_SLICEL_C_D)
                                                      0.060     1.967    mhsa_i/smartconnect_3/inst/s00_entry_pipeline/s00_mmu/inst/aw_sreg/skid_buffer_reg[1117]
  -------------------------------------------------------------------
                         required time                         -1.967    
                         arrival time                           1.982    
  -------------------------------------------------------------------
                         slack                                  0.014    

Slack (MET) :             0.014ns  (arrival time - required time)
  Source:                 mhsa_i/mhsa_top_0/inst/gmem_k_m_axi_U/load_unit_0/tmp_addr_reg[44]/C
                            (rising edge-triggered cell FDRE clocked by clk_pl_0  {rise@0.000ns fall@5.156ns period=10.312ns})
  Destination:            mhsa_i/mhsa_top_0/inst/gmem_k_m_axi_U/bus_read/rreq_burst_conv/burst_sequential/rs_req/data_p2_reg[44]/D
                            (rising edge-triggered cell FDRE clocked by clk_pl_0  {rise@0.000ns fall@5.156ns period=10.312ns})
  Path Group:             clk_pl_0
  Path Type:              Hold (Min at Slow Process Corner)
  Requirement:            0.000ns  (clk_pl_0 rise@0.000ns - clk_pl_0 rise@0.000ns)
  Data Path Delay:        0.133ns  (logic 0.059ns (44.314%)  route 0.074ns (55.686%))
  Logic Levels:           0  
  Clock Path Skew:        0.057ns (DCD - SCD - CPR)
    Destination Clock Delay (DCD):    2.234ns
    Source Clock Delay      (SCD):    1.942ns
    Clock Pessimism Removal (CPR):    0.236ns
  Clock Net Delay (Source):      1.774ns (routing 0.512ns, distribution 1.262ns)
  Clock Net Delay (Destination): 2.026ns (routing 0.569ns, distribution 1.457ns)

    Location             Delay type                Incr(ns)  Path(ns)    Netlist Resource(s)
  -------------------------------------------------------------------    -------------------
                         (clock clk_pl_0 rise edge)
                                                      0.000     0.000 r  
    PS8_X0Y0             PS8                          0.000     0.000 r  mhsa_i/zynq_ultra_ps_e_0/inst/PS8_i/PLCLK[0]
                         net (fo=1, routed)           0.143     0.143    mhsa_i/zynq_ultra_ps_e_0/inst/pl_clk_unbuffered[0]
    BUFG_PS_X0Y80        BUFG_PS (Prop_BUFG_PS_I_O)
                                                      0.025     0.168 r  mhsa_i/zynq_ultra_ps_e_0/inst/buffer_pl_clk_0.PL_CLK_0_BUFG/O
    X1Y2 (CLOCK_ROOT)    net (fo=24188, routed)       1.774     1.942    mhsa_i/mhsa_top_0/inst/gmem_k_m_axi_U/load_unit_0/ap_clk
    SLICE_X8Y263         FDRE                                         r  mhsa_i/mhsa_top_0/inst/gmem_k_m_axi_U/load_unit_0/tmp_addr_reg[44]/C
  -------------------------------------------------------------------    -------------------
    SLICE_X8Y263         FDRE (Prop_EFF_SLICEL_C_Q)
                                                      0.059     2.001 r  mhsa_i/mhsa_top_0/inst/gmem_k_m_axi_U/load_unit_0/tmp_addr_reg[44]/Q
                         net (fo=2, routed)           0.074     2.075    mhsa_i/mhsa_top_0/inst/gmem_k_m_axi_U/bus_read/rreq_burst_conv/burst_sequential/rs_req/data_p2_reg[75]_0[43]
    SLICE_X8Y262         FDRE                                         r  mhsa_i/mhsa_top_0/inst/gmem_k_m_axi_U/bus_read/rreq_burst_conv/burst_sequential/rs_req/data_p2_reg[44]/D
  -------------------------------------------------------------------    -------------------

                         (clock clk_pl_0 rise edge)
                                                      0.000     0.000 r  
    PS8_X0Y0             PS8                          0.000     0.000 r  mhsa_i/zynq_ultra_ps_e_0/inst/PS8_i/PLCLK[0]
                         net (fo=1, routed)           0.180     0.180    mhsa_i/zynq_ultra_ps_e_0/inst/pl_clk_unbuffered[0]
    BUFG_PS_X0Y80        BUFG_PS (Prop_BUFG_PS_I_O)
                                                      0.028     0.208 r  mhsa_i/zynq_ultra_ps_e_0/inst/buffer_pl_clk_0.PL_CLK_0_BUFG/O
    X1Y2 (CLOCK_ROOT)    net (fo=24188, routed)       2.026     2.234    mhsa_i/mhsa_top_0/inst/gmem_k_m_axi_U/bus_read/rreq_burst_conv/burst_sequential/rs_req/ap_clk
    SLICE_X8Y262         FDRE                                         r  mhsa_i/mhsa_top_0/inst/gmem_k_m_axi_U/bus_read/rreq_burst_conv/burst_sequential/rs_req/data_p2_reg[44]/C
                         clock pessimism             -0.236     1.998    
    SLICE_X8Y262         FDRE (Hold_FFF2_SLICEL_C_D)
                                                      0.062     2.060    mhsa_i/mhsa_top_0/inst/gmem_k_m_axi_U/bus_read/rreq_burst_conv/burst_sequential/rs_req/data_p2_reg[44]
  -------------------------------------------------------------------
                         required time                         -2.060    
                         arrival time                           2.075    
  -------------------------------------------------------------------
                         slack                                  0.014    

Slack (MET) :             0.015ns  (arrival time - required time)
  Source:                 mhsa_i/mhsa_top_0/inst/grp_online_attention_row_fu_1064/grp_online_attention_row_Pipeline_tokens_fu_1773/p_ZL5V_buf_0_load_reg_23955_reg[15]/C
                            (rising edge-triggered cell FDRE clocked by clk_pl_0  {rise@0.000ns fall@5.156ns period=10.312ns})
  Destination:            mhsa_i/mhsa_top_0/inst/grp_online_attention_row_fu_1064/grp_online_attention_row_Pipeline_tokens_fu_1773/p_ZL5V_buf_0_load_reg_23955_pp0_iter32_reg_reg[15]_srl32/D
                            (rising edge-triggered cell SRLC32E clocked by clk_pl_0  {rise@0.000ns fall@5.156ns period=10.312ns})
  Path Group:             clk_pl_0
  Path Type:              Hold (Min at Fast Process Corner)
  Requirement:            0.000ns  (clk_pl_0 rise@0.000ns - clk_pl_0 rise@0.000ns)
  Data Path Delay:        0.115ns  (logic 0.039ns (33.913%)  route 0.076ns (66.087%))
  Logic Levels:           0  
  Clock Path Skew:        0.038ns (DCD - SCD - CPR)
    Destination Clock Delay (DCD):    1.309ns
    Source Clock Delay      (SCD):    1.123ns
    Clock Pessimism Removal (CPR):    0.148ns
  Clock Net Delay (Source):      0.984ns (routing 0.311ns, distribution 0.673ns)
  Clock Net Delay (Destination): 1.137ns (routing 0.352ns, distribution 0.785ns)

    Location             Delay type                Incr(ns)  Path(ns)    Netlist Resource(s)
  -------------------------------------------------------------------    -------------------
                         (clock clk_pl_0 rise edge)
                                                      0.000     0.000 r  
    PS8_X0Y0             PS8                          0.000     0.000 r  mhsa_i/zynq_ultra_ps_e_0/inst/PS8_i/PLCLK[0]
                         net (fo=1, routed)           0.122     0.122    mhsa_i/zynq_ultra_ps_e_0/inst/pl_clk_unbuffered[0]
    BUFG_PS_X0Y80        BUFG_PS (Prop_BUFG_PS_I_O)
                                                      0.017     0.139 r  mhsa_i/zynq_ultra_ps_e_0/inst/buffer_pl_clk_0.PL_CLK_0_BUFG/O
    X1Y2 (CLOCK_ROOT)    net (fo=24188, routed)       0.984     1.123    mhsa_i/mhsa_top_0/inst/grp_online_attention_row_fu_1064/grp_online_attention_row_Pipeline_tokens_fu_1773/ap_clk
    SLICE_X61Y119        FDRE                                         r  mhsa_i/mhsa_top_0/inst/grp_online_attention_row_fu_1064/grp_online_attention_row_Pipeline_tokens_fu_1773/p_ZL5V_buf_0_load_reg_23955_reg[15]/C
  -------------------------------------------------------------------    -------------------
    SLICE_X61Y119        FDRE (Prop_GFF_SLICEM_C_Q)
                                                      0.039     1.162 r  mhsa_i/mhsa_top_0/inst/grp_online_attention_row_fu_1064/grp_online_attention_row_Pipeline_tokens_fu_1773/p_ZL5V_buf_0_load_reg_23955_reg[15]/Q
                         net (fo=1, routed)           0.076     1.238    mhsa_i/mhsa_top_0/inst/grp_online_attention_row_fu_1064/grp_online_attention_row_Pipeline_tokens_fu_1773/p_ZL5V_buf_0_load_reg_23955[15]
    SLICE_X61Y118        SRLC32E                                      r  mhsa_i/mhsa_top_0/inst/grp_online_attention_row_fu_1064/grp_online_attention_row_Pipeline_tokens_fu_1773/p_ZL5V_buf_0_load_reg_23955_pp0_iter32_reg_reg[15]_srl32/D
  -------------------------------------------------------------------    -------------------

                         (clock clk_pl_0 rise edge)
                                                      0.000     0.000 r  
    PS8_X0Y0             PS8                          0.000     0.000 r  mhsa_i/zynq_ultra_ps_e_0/inst/PS8_i/PLCLK[0]
                         net (fo=1, routed)           0.154     0.154    mhsa_i/zynq_ultra_ps_e_0/inst/pl_clk_unbuffered[0]
    BUFG_PS_X0Y80        BUFG_PS (Prop_BUFG_PS_I_O)
                                                      0.018     0.172 r  mhsa_i/zynq_ultra_ps_e_0/inst/buffer_pl_clk_0.PL_CLK_0_BUFG/O
    X1Y2 (CLOCK_ROOT)    net (fo=24188, routed)       1.137     1.309    mhsa_i/mhsa_top_0/inst/grp_online_attention_row_fu_1064/grp_online_attention_row_Pipeline_tokens_fu_1773/ap_clk
    SLICE_X61Y118        SRLC32E                                      r  mhsa_i/mhsa_top_0/inst/grp_online_attention_row_fu_1064/grp_online_attention_row_Pipeline_tokens_fu_1773/p_ZL5V_buf_0_load_reg_23955_pp0_iter32_reg_reg[15]_srl32/CLK
                         clock pessimism             -0.148     1.161    
    SLICE_X61Y118        SRLC32E (Hold_H6LUT_SLICEM_CLK_D)
                                                      0.062     1.223    mhsa_i/mhsa_top_0/inst/grp_online_attention_row_fu_1064/grp_online_attention_row_Pipeline_tokens_fu_1773/p_ZL5V_buf_0_load_reg_23955_pp0_iter32_reg_reg[15]_srl32
  -------------------------------------------------------------------
                         required time                         -1.223    
                         arrival time                           1.238    
  -------------------------------------------------------------------
                         slack                                  0.015    

Slack (MET) :             0.015ns  (arrival time - required time)
  Source:                 mhsa_i/mhsa_top_0/inst/gmem_o_m_axi_U/bus_write/wreq_burst_conv/burst_sequential/sect_cnt_msb_reg[23]/C
                            (rising edge-triggered cell FDRE clocked by clk_pl_0  {rise@0.000ns fall@5.156ns period=10.312ns})
  Destination:            mhsa_i/mhsa_top_0/inst/gmem_o_m_axi_U/bus_write/wreq_burst_conv/burst_sequential/sect_addr_buf_reg[55]/D
                            (rising edge-triggered cell FDRE clocked by clk_pl_0  {rise@0.000ns fall@5.156ns period=10.312ns})
  Path Group:             clk_pl_0
  Path Type:              Hold (Min at Slow Process Corner)
  Requirement:            0.000ns  (clk_pl_0 rise@0.000ns - clk_pl_0 rise@0.000ns)
  Data Path Delay:        0.185ns  (logic 0.082ns (44.274%)  route 0.103ns (55.726%))
  Logic Levels:           1  (LUT3=1)
  Clock Path Skew:        0.110ns (DCD - SCD - CPR)
    Destination Clock Delay (DCD):    2.166ns
    Source Clock Delay      (SCD):    1.880ns
    Clock Pessimism Removal (CPR):    0.176ns
  Clock Net Delay (Source):      1.712ns (routing 0.512ns, distribution 1.200ns)
  Clock Net Delay (Destination): 1.958ns (routing 0.569ns, distribution 1.389ns)

    Location             Delay type                Incr(ns)  Path(ns)    Netlist Resource(s)
  -------------------------------------------------------------------    -------------------
                         (clock clk_pl_0 rise edge)
                                                      0.000     0.000 r  
    PS8_X0Y0             PS8                          0.000     0.000 r  mhsa_i/zynq_ultra_ps_e_0/inst/PS8_i/PLCLK[0]
                         net (fo=1, routed)           0.143     0.143    mhsa_i/zynq_ultra_ps_e_0/inst/pl_clk_unbuffered[0]
    BUFG_PS_X0Y80        BUFG_PS (Prop_BUFG_PS_I_O)
                                                      0.025     0.168 r  mhsa_i/zynq_ultra_ps_e_0/inst/buffer_pl_clk_0.PL_CLK_0_BUFG/O
    X1Y2 (CLOCK_ROOT)    net (fo=24188, routed)       1.712     1.880    mhsa_i/mhsa_top_0/inst/gmem_o_m_axi_U/bus_write/wreq_burst_conv/burst_sequential/ap_clk
    SLICE_X20Y278        FDRE                                         r  mhsa_i/mhsa_top_0/inst/gmem_o_m_axi_U/bus_write/wreq_burst_conv/burst_sequential/sect_cnt_msb_reg[23]/C
  -------------------------------------------------------------------    -------------------
    SLICE_X20Y278        FDRE (Prop_EFF2_SLICEL_C_Q)
                                                      0.060     1.940 r  mhsa_i/mhsa_top_0/inst/gmem_o_m_axi_U/bus_write/wreq_burst_conv/burst_sequential/sect_cnt_msb_reg[23]/Q
                         net (fo=2, routed)           0.074     2.014    mhsa_i/mhsa_top_0/inst/gmem_o_m_axi_U/bus_write/wreq_burst_conv/burst_sequential/sect_cnt_msb[23]
    SLICE_X21Y278        LUT3 (Prop_B6LUT_SLICEM_I2_O)
                                                      0.022     2.036 r  mhsa_i/mhsa_top_0/inst/gmem_o_m_axi_U/bus_write/wreq_burst_conv/burst_sequential/sect_addr_buf[55]_i_1__0/O
                         net (fo=1, routed)           0.029     2.065    mhsa_i/mhsa_top_0/inst/gmem_o_m_axi_U/bus_write/wreq_burst_conv/burst_sequential/sect_addr[55]
    SLICE_X21Y278        FDRE                                         r  mhsa_i/mhsa_top_0/inst/gmem_o_m_axi_U/bus_write/wreq_burst_conv/burst_sequential/sect_addr_buf_reg[55]/D
  -------------------------------------------------------------------    -------------------

                         (clock clk_pl_0 rise edge)
                                                      0.000     0.000 r  
    PS8_X0Y0             PS8                          0.000     0.000 r  mhsa_i/zynq_ultra_ps_e_0/inst/PS8_i/PLCLK[0]
                         net (fo=1, routed)           0.180     0.180    mhsa_i/zynq_ultra_ps_e_0/inst/pl_clk_unbuffered[0]
    BUFG_PS_X0Y80        BUFG_PS (Prop_BUFG_PS_I_O)
                                                      0.028     0.208 r  mhsa_i/zynq_ultra_ps_e_0/inst/buffer_pl_clk_0.PL_CLK_0_BUFG/O
    X1Y2 (CLOCK_ROOT)    net (fo=24188, routed)       1.958     2.166    mhsa_i/mhsa_top_0/inst/gmem_o_m_axi_U/bus_write/wreq_burst_conv/burst_sequential/ap_clk
    SLICE_X21Y278        FDRE                                         r  mhsa_i/mhsa_top_0/inst/gmem_o_m_axi_U/bus_write/wreq_burst_conv/burst_sequential/sect_addr_buf_reg[55]/C
                         clock pessimism             -0.176     1.990    
    SLICE_X21Y278        FDRE (Hold_BFF_SLICEM_C_D)
                                                      0.060     2.050    mhsa_i/mhsa_top_0/inst/gmem_o_m_axi_U/bus_write/wreq_burst_conv/burst_sequential/sect_addr_buf_reg[55]
  -------------------------------------------------------------------
                         required time                         -2.050    
                         arrival time                           2.065    
  -------------------------------------------------------------------
                         slack                                  0.015    





Pulse Width Checks
--------------------------------------------------------------------------------------
Clock Name:         clk_pl_0
Waveform(ns):       { 0.000 5.156 }
Period(ns):         10.312
Sources:            { mhsa_i/zynq_ultra_ps_e_0/inst/PS8_i/PLCLK[0] }

Check Type        Corner  Lib Pin          Reference Pin  Required(ns)  Actual(ns)  Slack(ns)  Location       Pin
Min Period        n/a     PS8/MAXIGP2ACLK  n/a            3.000         10.312      7.312      PS8_X0Y0       mhsa_i/zynq_ultra_ps_e_0/inst/PS8_i/MAXIGP2ACLK
Min Period        n/a     PS8/SAXIGP2RCLK  n/a            3.000         10.312      7.312      PS8_X0Y0       mhsa_i/zynq_ultra_ps_e_0/inst/PS8_i/SAXIGP2RCLK
Min Period        n/a     PS8/SAXIGP2WCLK  n/a            3.000         10.312      7.312      PS8_X0Y0       mhsa_i/zynq_ultra_ps_e_0/inst/PS8_i/SAXIGP2WCLK
Min Period        n/a     PS8/SAXIGP3RCLK  n/a            3.000         10.312      7.312      PS8_X0Y0       mhsa_i/zynq_ultra_ps_e_0/inst/PS8_i/SAXIGP3RCLK
Min Period        n/a     PS8/SAXIGP3WCLK  n/a            3.000         10.312      7.312      PS8_X0Y0       mhsa_i/zynq_ultra_ps_e_0/inst/PS8_i/SAXIGP3WCLK
Min Period        n/a     PS8/SAXIGP4RCLK  n/a            3.000         10.312      7.312      PS8_X0Y0       mhsa_i/zynq_ultra_ps_e_0/inst/PS8_i/SAXIGP4RCLK
Min Period        n/a     PS8/SAXIGP4WCLK  n/a            3.000         10.312      7.312      PS8_X0Y0       mhsa_i/zynq_ultra_ps_e_0/inst/PS8_i/SAXIGP4WCLK
Min Period        n/a     PS8/SAXIGP5RCLK  n/a            3.000         10.312      7.312      PS8_X0Y0       mhsa_i/zynq_ultra_ps_e_0/inst/PS8_i/SAXIGP5RCLK
Min Period        n/a     PS8/SAXIGP5WCLK  n/a            3.000         10.312      7.312      PS8_X0Y0       mhsa_i/zynq_ultra_ps_e_0/inst/PS8_i/SAXIGP5WCLK
Min Period        n/a     URAM288/CLK      n/a            2.000         10.312      8.312      URAM288_X0Y60  mhsa_i/mhsa_top_0/inst/p_ZL5K_buf_0_U/ram_reg_uram_0/CLK
Low Pulse Width   Slow    PS8/MAXIGP2ACLK  n/a            1.500         5.156       3.656      PS8_X0Y0       mhsa_i/zynq_ultra_ps_e_0/inst/PS8_i/MAXIGP2ACLK
Low Pulse Width   Fast    PS8/MAXIGP2ACLK  n/a            1.500         5.156       3.656      PS8_X0Y0       mhsa_i/zynq_ultra_ps_e_0/inst/PS8_i/MAXIGP2ACLK
Low Pulse Width   Slow    PS8/SAXIGP2RCLK  n/a            1.500         5.156       3.656      PS8_X0Y0       mhsa_i/zynq_ultra_ps_e_0/inst/PS8_i/SAXIGP2RCLK
Low Pulse Width   Fast    PS8/SAXIGP2RCLK  n/a            1.500         5.156       3.656      PS8_X0Y0       mhsa_i/zynq_ultra_ps_e_0/inst/PS8_i/SAXIGP2RCLK
Low Pulse Width   Slow    PS8/SAXIGP2WCLK  n/a            1.500         5.156       3.656      PS8_X0Y0       mhsa_i/zynq_ultra_ps_e_0/inst/PS8_i/SAXIGP2WCLK
Low Pulse Width   Fast    PS8/SAXIGP2WCLK  n/a            1.500         5.156       3.656      PS8_X0Y0       mhsa_i/zynq_ultra_ps_e_0/inst/PS8_i/SAXIGP2WCLK
Low Pulse Width   Slow    PS8/SAXIGP3RCLK  n/a            1.500         5.156       3.656      PS8_X0Y0       mhsa_i/zynq_ultra_ps_e_0/inst/PS8_i/SAXIGP3RCLK
Low Pulse Width   Fast    PS8/SAXIGP3RCLK  n/a            1.500         5.156       3.656      PS8_X0Y0       mhsa_i/zynq_ultra_ps_e_0/inst/PS8_i/SAXIGP3RCLK
Low Pulse Width   Slow    PS8/SAXIGP3WCLK  n/a            1.500         5.156       3.656      PS8_X0Y0       mhsa_i/zynq_ultra_ps_e_0/inst/PS8_i/SAXIGP3WCLK
Low Pulse Width   Fast    PS8/SAXIGP3WCLK  n/a            1.500         5.156       3.656      PS8_X0Y0       mhsa_i/zynq_ultra_ps_e_0/inst/PS8_i/SAXIGP3WCLK
High Pulse Width  Slow    PS8/MAXIGP2ACLK  n/a            1.500         5.156       3.656      PS8_X0Y0       mhsa_i/zynq_ultra_ps_e_0/inst/PS8_i/MAXIGP2ACLK
High Pulse Width  Fast    PS8/MAXIGP2ACLK  n/a            1.500         5.156       3.656      PS8_X0Y0       mhsa_i/zynq_ultra_ps_e_0/inst/PS8_i/MAXIGP2ACLK
High Pulse Width  Slow    PS8/SAXIGP2RCLK  n/a            1.500         5.156       3.656      PS8_X0Y0       mhsa_i/zynq_ultra_ps_e_0/inst/PS8_i/SAXIGP2RCLK
High Pulse Width  Fast    PS8/SAXIGP2RCLK  n/a            1.500         5.156       3.656      PS8_X0Y0       mhsa_i/zynq_ultra_ps_e_0/inst/PS8_i/SAXIGP2RCLK
High Pulse Width  Slow    PS8/SAXIGP2WCLK  n/a            1.500         5.156       3.656      PS8_X0Y0       mhsa_i/zynq_ultra_ps_e_0/inst/PS8_i/SAXIGP2WCLK
High Pulse Width  Fast    PS8/SAXIGP2WCLK  n/a            1.500         5.156       3.656      PS8_X0Y0       mhsa_i/zynq_ultra_ps_e_0/inst/PS8_i/SAXIGP2WCLK
High Pulse Width  Slow    PS8/SAXIGP3RCLK  n/a            1.500         5.156       3.656      PS8_X0Y0       mhsa_i/zynq_ultra_ps_e_0/inst/PS8_i/SAXIGP3RCLK
High Pulse Width  Fast    PS8/SAXIGP3RCLK  n/a            1.500         5.156       3.656      PS8_X0Y0       mhsa_i/zynq_ultra_ps_e_0/inst/PS8_i/SAXIGP3RCLK
High Pulse Width  Slow    PS8/SAXIGP3WCLK  n/a            1.500         5.156       3.656      PS8_X0Y0       mhsa_i/zynq_ultra_ps_e_0/inst/PS8_i/SAXIGP3WCLK
High Pulse Width  Fast    PS8/SAXIGP3WCLK  n/a            1.500         5.156       3.656      PS8_X0Y0       mhsa_i/zynq_ultra_ps_e_0/inst/PS8_i/SAXIGP3WCLK



--------------------------------------------------------------------------------------
Path Group:  (none)
From Clock:  
  To Clock:  clk_pl_0

Max Delay             1 Endpoint
Min Delay             1 Endpoint
--------------------------------------------------------------------------------------


Max Delay Paths
--------------------------------------------------------------------------------------
Slack:                    inf
  Source:                 mhsa_i/zynq_ultra_ps_e_0/inst/PS8_i/EMIOGPIOO[95]
                            (internal pin)
  Destination:            mhsa_i/proc_sys_reset_0/U0/EXT_LPF/ACTIVE_LOW_EXT.ACT_LO_EXT/syncstages_ff_reg[0]/D
                            (rising edge-triggered cell FDRE clocked by clk_pl_0  {rise@0.000ns fall@5.156ns period=10.312ns})
  Path Group:             (none)
  Path Type:              Setup (Max at Slow Process Corner)
  Data Path Delay:        0.957ns  (logic 0.152ns (15.883%)  route 0.805ns (84.117%))
  Logic Levels:           1  (LUT1=1)
  Clock Uncertainty:      0.157ns  ((TSJ^2 + DJ^2)^1/2) / 2 + PE
    Total System Jitter     (TSJ):    0.050ns
    Discrete Jitter          (DJ):    0.310ns
    Phase Error              (PE):    0.000ns
  Clock Net Delay (Destination): 1.572ns (routing 0.512ns, distribution 1.060ns)
  Timing Exception:       False Path

    Location             Delay type                Incr(ns)  Path(ns)    Netlist Resource(s)
  -------------------------------------------------------------------    -------------------
    PS8_X0Y0             PS8                          0.000     0.000 f  mhsa_i/zynq_ultra_ps_e_0/inst/PS8_i/EMIOGPIOO[95]
                         net (fo=1, routed)           0.631     0.631    mhsa_i/proc_sys_reset_0/U0/EXT_LPF/ext_reset_in
    SLICE_X50Y200        LUT1 (Prop_H6LUT_SLICEM_I0_O)
                                                      0.152     0.783 r  mhsa_i/proc_sys_reset_0/U0/EXT_LPF/ACTIVE_LOW_EXT.ACT_LO_EXT_i_1/O
                         net (fo=1, routed)           0.174     0.957    mhsa_i/proc_sys_reset_0/U0/EXT_LPF/ACTIVE_LOW_EXT.ACT_LO_EXT/src_in
    SLICE_X50Y200        FDRE                                         r  mhsa_i/proc_sys_reset_0/U0/EXT_LPF/ACTIVE_LOW_EXT.ACT_LO_EXT/syncstages_ff_reg[0]/D
  -------------------------------------------------------------------    -------------------

                         (clock clk_pl_0 rise edge)
                                                      0.000     0.000 r  
    PS8_X0Y0             PS8                          0.000     0.000 r  mhsa_i/zynq_ultra_ps_e_0/inst/PS8_i/PLCLK[0]
                         net (fo=1, routed)           0.143     0.143    mhsa_i/zynq_ultra_ps_e_0/inst/pl_clk_unbuffered[0]
    BUFG_PS_X0Y80        BUFG_PS (Prop_BUFG_PS_I_O)
                                                      0.025     0.168 r  mhsa_i/zynq_ultra_ps_e_0/inst/buffer_pl_clk_0.PL_CLK_0_BUFG/O
    X1Y2 (CLOCK_ROOT)    net (fo=24188, routed)       1.572     1.740    mhsa_i/proc_sys_reset_0/U0/EXT_LPF/ACTIVE_LOW_EXT.ACT_LO_EXT/dest_clk
    SLICE_X50Y200        FDRE                                         r  mhsa_i/proc_sys_reset_0/U0/EXT_LPF/ACTIVE_LOW_EXT.ACT_LO_EXT/syncstages_ff_reg[0]/C





Min Delay Paths
--------------------------------------------------------------------------------------
Slack:                    inf
  Source:                 mhsa_i/zynq_ultra_ps_e_0/inst/PS8_i/EMIOGPIOO[95]
                            (internal pin)
  Destination:            mhsa_i/proc_sys_reset_0/U0/EXT_LPF/ACTIVE_LOW_EXT.ACT_LO_EXT/syncstages_ff_reg[0]/D
                            (rising edge-triggered cell FDRE clocked by clk_pl_0  {rise@0.000ns fall@5.156ns period=10.312ns})
  Path Group:             (none)
  Path Type:              Hold (Min at Fast Process Corner)
  Data Path Delay:        0.451ns  (logic 0.061ns (13.525%)  route 0.390ns (86.475%))
  Logic Levels:           1  (LUT1=1)
  Clock Uncertainty:      0.157ns  ((TSJ^2 + DJ^2)^1/2) / 2 + PE
    Total System Jitter     (TSJ):    0.050ns
    Discrete Jitter          (DJ):    0.310ns
    Phase Error              (PE):    0.000ns
  Clock Net Delay (Destination): 1.107ns (routing 0.352ns, distribution 0.755ns)
  Timing Exception:       False Path

    Location             Delay type                Incr(ns)  Path(ns)    Netlist Resource(s)
  -------------------------------------------------------------------    -------------------
    PS8_X0Y0             PS8                          0.000     0.000 f  mhsa_i/zynq_ultra_ps_e_0/inst/PS8_i/EMIOGPIOO[95]
                         net (fo=1, routed)           0.330     0.330    mhsa_i/proc_sys_reset_0/U0/EXT_LPF/ext_reset_in
    SLICE_X50Y200        LUT1 (Prop_H6LUT_SLICEM_I0_O)
                                                      0.061     0.391 r  mhsa_i/proc_sys_reset_0/U0/EXT_LPF/ACTIVE_LOW_EXT.ACT_LO_EXT_i_1/O
                         net (fo=1, routed)           0.060     0.451    mhsa_i/proc_sys_reset_0/U0/EXT_LPF/ACTIVE_LOW_EXT.ACT_LO_EXT/src_in
    SLICE_X50Y200        FDRE                                         r  mhsa_i/proc_sys_reset_0/U0/EXT_LPF/ACTIVE_LOW_EXT.ACT_LO_EXT/syncstages_ff_reg[0]/D
  -------------------------------------------------------------------    -------------------

                         (clock clk_pl_0 rise edge)
                                                      0.000     0.000 r  
    PS8_X0Y0             PS8                          0.000     0.000 r  mhsa_i/zynq_ultra_ps_e_0/inst/PS8_i/PLCLK[0]
                         net (fo=1, routed)           0.154     0.154    mhsa_i/zynq_ultra_ps_e_0/inst/pl_clk_unbuffered[0]
    BUFG_PS_X0Y80        BUFG_PS (Prop_BUFG_PS_I_O)
                                                      0.018     0.172 r  mhsa_i/zynq_ultra_ps_e_0/inst/buffer_pl_clk_0.PL_CLK_0_BUFG/O
    X1Y2 (CLOCK_ROOT)    net (fo=24188, routed)       1.107     1.279    mhsa_i/proc_sys_reset_0/U0/EXT_LPF/ACTIVE_LOW_EXT.ACT_LO_EXT/dest_clk
    SLICE_X50Y200        FDRE                                         r  mhsa_i/proc_sys_reset_0/U0/EXT_LPF/ACTIVE_LOW_EXT.ACT_LO_EXT/syncstages_ff_reg[0]/C





--------------------------------------------------------------------------------------
Path Group:  (none)
From Clock:  clk_pl_0
  To Clock:  clk_pl_0

Max Delay           116 Endpoints
Min Delay           116 Endpoints
--------------------------------------------------------------------------------------


Max Delay Paths
--------------------------------------------------------------------------------------
Slack:                    inf
  Source:                 mhsa_i/proc_sys_reset_0/U0/ACTIVE_LOW_PR_OUT_DFF[0].FDRE_PER_N_replica/C
                            (rising edge-triggered cell FDRE clocked by clk_pl_0  {rise@0.000ns fall@5.156ns period=10.312ns})
  Destination:            mhsa_i/smartconnect_1/inst/clk_map/psr_aclk/U0/EXT_LPF/ACTIVE_LOW_AUX.ACT_LO_AUX/syncstages_ff_reg[0]/D
                            (rising edge-triggered cell FDRE clocked by clk_pl_0  {rise@0.000ns fall@5.156ns period=10.312ns})
  Path Group:             (none)
  Path Type:              Setup (Max at Slow Process Corner)
  Data Path Delay:        3.113ns  (logic 0.227ns (7.292%)  route 2.886ns (92.708%))
  Logic Levels:           1  (LUT1=1)
  Clock Path Skew:        -0.272ns (DCD - SCD + CPR)
    Destination Clock Delay (DCD):    1.724ns
    Source Clock Delay      (SCD):    1.996ns
    Clock Pessimism Removal (CPR):    0.000ns
  Clock Uncertainty:      0.159ns  ((TSJ^2 + DJ^2)^1/2) / 2 + PE
    Total System Jitter     (TSJ):    0.071ns
    Discrete Jitter          (DJ):    0.310ns
    Phase Error              (PE):    0.000ns
  Clock Net Delay (Source):      1.788ns (routing 0.569ns, distribution 1.219ns)
  Clock Net Delay (Destination): 1.556ns (routing 0.512ns, distribution 1.044ns)
  Timing Exception:       False Path

    Location             Delay type                Incr(ns)  Path(ns)    Netlist Resource(s)
  -------------------------------------------------------------------    -------------------
                         (clock clk_pl_0 rise edge)
                                                      0.000     0.000 r  
    PS8_X0Y0             PS8                          0.000     0.000 r  mhsa_i/zynq_ultra_ps_e_0/inst/PS8_i/PLCLK[0]
                         net (fo=1, routed)           0.180     0.180    mhsa_i/zynq_ultra_ps_e_0/inst/pl_clk_unbuffered[0]
    BUFG_PS_X0Y80        BUFG_PS (Prop_BUFG_PS_I_O)
                                                      0.028     0.208 r  mhsa_i/zynq_ultra_ps_e_0/inst/buffer_pl_clk_0.PL_CLK_0_BUFG/O
    X1Y2 (CLOCK_ROOT)    net (fo=24188, routed)       1.788     1.996    mhsa_i/proc_sys_reset_0/U0/slowest_sync_clk
    SLICE_X53Y193        FDRE                                         r  mhsa_i/proc_sys_reset_0/U0/ACTIVE_LOW_PR_OUT_DFF[0].FDRE_PER_N_replica/C
  -------------------------------------------------------------------    -------------------
    SLICE_X53Y193        FDRE (Prop_AFF_SLICEM_C_Q)
                                                      0.077     2.073 f  mhsa_i/proc_sys_reset_0/U0/ACTIVE_LOW_PR_OUT_DFF[0].FDRE_PER_N_replica/Q
                         net (fo=51, routed)          2.729     4.802    mhsa_i/smartconnect_1/inst/clk_map/psr_aclk/U0/EXT_LPF/peripheral_aresetn[0]_bufg_place_replica
    SLICE_X50Y76         LUT1 (Prop_G6LUT_SLICEM_I0_O)
                                                      0.150     4.952 r  mhsa_i/smartconnect_1/inst/clk_map/psr_aclk/U0/EXT_LPF/ACTIVE_LOW_AUX.ACT_LO_AUX_i_1/O
                         net (fo=1, routed)           0.157     5.109    mhsa_i/smartconnect_1/inst/clk_map/psr_aclk/U0/EXT_LPF/ACTIVE_LOW_AUX.ACT_LO_AUX/src_in
    SLICE_X50Y76         FDRE                                         r  mhsa_i/smartconnect_1/inst/clk_map/psr_aclk/U0/EXT_LPF/ACTIVE_LOW_AUX.ACT_LO_AUX/syncstages_ff_reg[0]/D
  -------------------------------------------------------------------    -------------------

                         (clock clk_pl_0 rise edge)
                                                      0.000     0.000 r  
    PS8_X0Y0             PS8                          0.000     0.000 r  mhsa_i/zynq_ultra_ps_e_0/inst/PS8_i/PLCLK[0]
                         net (fo=1, routed)           0.143     0.143    mhsa_i/zynq_ultra_ps_e_0/inst/pl_clk_unbuffered[0]
    BUFG_PS_X0Y80        BUFG_PS (Prop_BUFG_PS_I_O)
                                                      0.025     0.168 r  mhsa_i/zynq_ultra_ps_e_0/inst/buffer_pl_clk_0.PL_CLK_0_BUFG/O
    X1Y2 (CLOCK_ROOT)    net (fo=24188, routed)       1.556     1.724    mhsa_i/smartconnect_1/inst/clk_map/psr_aclk/U0/EXT_LPF/ACTIVE_LOW_AUX.ACT_LO_AUX/dest_clk
    SLICE_X50Y76         FDRE                                         r  mhsa_i/smartconnect_1/inst/clk_map/psr_aclk/U0/EXT_LPF/ACTIVE_LOW_AUX.ACT_LO_AUX/syncstages_ff_reg[0]/C

Slack:                    inf
  Source:                 mhsa_i/proc_sys_reset_0/U0/ACTIVE_LOW_PR_OUT_DFF[0].FDRE_PER_N_replica/C
                            (rising edge-triggered cell FDRE clocked by clk_pl_0  {rise@0.000ns fall@5.156ns period=10.312ns})
  Destination:            mhsa_i/smartconnect_2/inst/clk_map/psr_aclk/U0/EXT_LPF/ACTIVE_LOW_AUX.ACT_LO_AUX/syncstages_ff_reg[0]/D
                            (rising edge-triggered cell FDRE clocked by clk_pl_0  {rise@0.000ns fall@5.156ns period=10.312ns})
  Path Group:             (none)
  Path Type:              Setup (Max at Slow Process Corner)
  Data Path Delay:        2.644ns  (logic 0.143ns (5.408%)  route 2.501ns (94.592%))
  Logic Levels:           1  (LUT1=1)
  Clock Path Skew:        -0.056ns (DCD - SCD + CPR)
    Destination Clock Delay (DCD):    1.940ns
    Source Clock Delay      (SCD):    1.996ns
    Clock Pessimism Removal (CPR):    0.000ns
  Clock Uncertainty:      0.159ns  ((TSJ^2 + DJ^2)^1/2) / 2 + PE
    Total System Jitter     (TSJ):    0.071ns
    Discrete Jitter          (DJ):    0.310ns
    Phase Error              (PE):    0.000ns
  Clock Net Delay (Source):      1.788ns (routing 0.569ns, distribution 1.219ns)
  Clock Net Delay (Destination): 1.772ns (routing 0.512ns, distribution 1.260ns)
  Timing Exception:       False Path

    Location             Delay type                Incr(ns)  Path(ns)    Netlist Resource(s)
  -------------------------------------------------------------------    -------------------
                         (clock clk_pl_0 rise edge)
                                                      0.000     0.000 r  
    PS8_X0Y0             PS8                          0.000     0.000 r  mhsa_i/zynq_ultra_ps_e_0/inst/PS8_i/PLCLK[0]
                         net (fo=1, routed)           0.180     0.180    mhsa_i/zynq_ultra_ps_e_0/inst/pl_clk_unbuffered[0]
    BUFG_PS_X0Y80        BUFG_PS (Prop_BUFG_PS_I_O)
                                                      0.028     0.208 r  mhsa_i/zynq_ultra_ps_e_0/inst/buffer_pl_clk_0.PL_CLK_0_BUFG/O
    X1Y2 (CLOCK_ROOT)    net (fo=24188, routed)       1.788     1.996    mhsa_i/proc_sys_reset_0/U0/slowest_sync_clk
    SLICE_X53Y193        FDRE                                         r  mhsa_i/proc_sys_reset_0/U0/ACTIVE_LOW_PR_OUT_DFF[0].FDRE_PER_N_replica/C
  -------------------------------------------------------------------    -------------------
    SLICE_X53Y193        FDRE (Prop_AFF_SLICEM_C_Q)
                                                      0.077     2.073 f  mhsa_i/proc_sys_reset_0/U0/ACTIVE_LOW_PR_OUT_DFF[0].FDRE_PER_N_replica/Q
                         net (fo=51, routed)          2.193     4.266    mhsa_i/smartconnect_2/inst/clk_map/psr_aclk/U0/EXT_LPF/peripheral_aresetn[0]_bufg_place_replica
    SLICE_X5Y270         LUT1 (Prop_D5LUT_SLICEL_I0_O)
                                                      0.066     4.332 r  mhsa_i/smartconnect_2/inst/clk_map/psr_aclk/U0/EXT_LPF/ACTIVE_LOW_AUX.ACT_LO_AUX_i_1/O
                         net (fo=1, routed)           0.308     4.640    mhsa_i/smartconnect_2/inst/clk_map/psr_aclk/U0/EXT_LPF/ACTIVE_LOW_AUX.ACT_LO_AUX/src_in
    SLICE_X4Y270         FDRE                                         r  mhsa_i/smartconnect_2/inst/clk_map/psr_aclk/U0/EXT_LPF/ACTIVE_LOW_AUX.ACT_LO_AUX/syncstages_ff_reg[0]/D
  -------------------------------------------------------------------    -------------------

                         (clock clk_pl_0 rise edge)
                                                      0.000     0.000 r  
    PS8_X0Y0             PS8                          0.000     0.000 r  mhsa_i/zynq_ultra_ps_e_0/inst/PS8_i/PLCLK[0]
                         net (fo=1, routed)           0.143     0.143    mhsa_i/zynq_ultra_ps_e_0/inst/pl_clk_unbuffered[0]
    BUFG_PS_X0Y80        BUFG_PS (Prop_BUFG_PS_I_O)
                                                      0.025     0.168 r  mhsa_i/zynq_ultra_ps_e_0/inst/buffer_pl_clk_0.PL_CLK_0_BUFG/O
    X1Y2 (CLOCK_ROOT)    net (fo=24188, routed)       1.772     1.940    mhsa_i/smartconnect_2/inst/clk_map/psr_aclk/U0/EXT_LPF/ACTIVE_LOW_AUX.ACT_LO_AUX/dest_clk
    SLICE_X4Y270         FDRE                                         r  mhsa_i/smartconnect_2/inst/clk_map/psr_aclk/U0/EXT_LPF/ACTIVE_LOW_AUX.ACT_LO_AUX/syncstages_ff_reg[0]/C

Slack:                    inf
  Source:                 mhsa_i/proc_sys_reset_0/U0/ACTIVE_LOW_PR_OUT_DFF[0].FDRE_PER_N_replica/C
                            (rising edge-triggered cell FDRE clocked by clk_pl_0  {rise@0.000ns fall@5.156ns period=10.312ns})
  Destination:            mhsa_i/smartconnect_0/inst/clk_map/psr_aclk/U0/EXT_LPF/ACTIVE_LOW_AUX.ACT_LO_AUX/syncstages_ff_reg[0]/D
                            (rising edge-triggered cell FDRE clocked by clk_pl_0  {rise@0.000ns fall@5.156ns period=10.312ns})
  Path Group:             (none)
  Path Type:              Setup (Max at Slow Process Corner)
  Data Path Delay:        2.472ns  (logic 0.167ns (6.757%)  route 2.305ns (93.243%))
  Logic Levels:           1  (LUT1=1)
  Clock Path Skew:        -0.042ns (DCD - SCD + CPR)
    Destination Clock Delay (DCD):    1.954ns
    Source Clock Delay      (SCD):    1.996ns
    Clock Pessimism Removal (CPR):    0.000ns
  Clock Uncertainty:      0.159ns  ((TSJ^2 + DJ^2)^1/2) / 2 + PE
    Total System Jitter     (TSJ):    0.071ns
    Discrete Jitter          (DJ):    0.310ns
    Phase Error              (PE):    0.000ns
  Clock Net Delay (Source):      1.788ns (routing 0.569ns, distribution 1.219ns)
  Clock Net Delay (Destination): 1.786ns (routing 0.512ns, distribution 1.274ns)
  Timing Exception:       False Path

    Location             Delay type                Incr(ns)  Path(ns)    Netlist Resource(s)
  -------------------------------------------------------------------    -------------------
                         (clock clk_pl_0 rise edge)
                                                      0.000     0.000 r  
    PS8_X0Y0             PS8                          0.000     0.000 r  mhsa_i/zynq_ultra_ps_e_0/inst/PS8_i/PLCLK[0]
                         net (fo=1, routed)           0.180     0.180    mhsa_i/zynq_ultra_ps_e_0/inst/pl_clk_unbuffered[0]
    BUFG_PS_X0Y80        BUFG_PS (Prop_BUFG_PS_I_O)
                                                      0.028     0.208 r  mhsa_i/zynq_ultra_ps_e_0/inst/buffer_pl_clk_0.PL_CLK_0_BUFG/O
    X1Y2 (CLOCK_ROOT)    net (fo=24188, routed)       1.788     1.996    mhsa_i/proc_sys_reset_0/U0/slowest_sync_clk
    SLICE_X53Y193        FDRE                                         r  mhsa_i/proc_sys_reset_0/U0/ACTIVE_LOW_PR_OUT_DFF[0].FDRE_PER_N_replica/C
  -------------------------------------------------------------------    -------------------
    SLICE_X53Y193        FDRE (Prop_AFF_SLICEM_C_Q)
                                                      0.077     2.073 f  mhsa_i/proc_sys_reset_0/U0/ACTIVE_LOW_PR_OUT_DFF[0].FDRE_PER_N_replica/Q
                         net (fo=51, routed)          2.007     4.080    mhsa_i/smartconnect_0/inst/clk_map/psr_aclk/U0/EXT_LPF/peripheral_aresetn[0]_bufg_place_replica
    SLICE_X5Y254         LUT1 (Prop_H6LUT_SLICEL_I0_O)
                                                      0.090     4.170 r  mhsa_i/smartconnect_0/inst/clk_map/psr_aclk/U0/EXT_LPF/ACTIVE_LOW_AUX.ACT_LO_AUX_i_1/O
                         net (fo=1, routed)           0.298     4.468    mhsa_i/smartconnect_0/inst/clk_map/psr_aclk/U0/EXT_LPF/ACTIVE_LOW_AUX.ACT_LO_AUX/src_in
    SLICE_X5Y254         FDRE                                         r  mhsa_i/smartconnect_0/inst/clk_map/psr_aclk/U0/EXT_LPF/ACTIVE_LOW_AUX.ACT_LO_AUX/syncstages_ff_reg[0]/D
  -------------------------------------------------------------------    -------------------

                         (clock clk_pl_0 rise edge)
                                                      0.000     0.000 r  
    PS8_X0Y0             PS8                          0.000     0.000 r  mhsa_i/zynq_ultra_ps_e_0/inst/PS8_i/PLCLK[0]
                         net (fo=1, routed)           0.143     0.143    mhsa_i/zynq_ultra_ps_e_0/inst/pl_clk_unbuffered[0]
    BUFG_PS_X0Y80        BUFG_PS (Prop_BUFG_PS_I_O)
                                                      0.025     0.168 r  mhsa_i/zynq_ultra_ps_e_0/inst/buffer_pl_clk_0.PL_CLK_0_BUFG/O
    X1Y2 (CLOCK_ROOT)    net (fo=24188, routed)       1.786     1.954    mhsa_i/smartconnect_0/inst/clk_map/psr_aclk/U0/EXT_LPF/ACTIVE_LOW_AUX.ACT_LO_AUX/dest_clk
    SLICE_X5Y254         FDRE                                         r  mhsa_i/smartconnect_0/inst/clk_map/psr_aclk/U0/EXT_LPF/ACTIVE_LOW_AUX.ACT_LO_AUX/syncstages_ff_reg[0]/C

Slack:                    inf
  Source:                 mhsa_i/proc_sys_reset_0/U0/ACTIVE_LOW_PR_OUT_DFF[0].FDRE_PER_N_replica/C
                            (rising edge-triggered cell FDRE clocked by clk_pl_0  {rise@0.000ns fall@5.156ns period=10.312ns})
  Destination:            mhsa_i/smartconnect_4/inst/clk_map/psr_aclk/U0/EXT_LPF/ACTIVE_LOW_AUX.ACT_LO_AUX/syncstages_ff_reg[0]/D
                            (rising edge-triggered cell FDRE clocked by clk_pl_0  {rise@0.000ns fall@5.156ns period=10.312ns})
  Path Group:             (none)
  Path Type:              Setup (Max at Slow Process Corner)
  Data Path Delay:        2.471ns  (logic 0.127ns (5.139%)  route 2.344ns (94.861%))
  Logic Levels:           1  (LUT1=1)
  Clock Path Skew:        -0.060ns (DCD - SCD + CPR)
    Destination Clock Delay (DCD):    1.936ns
    Source Clock Delay      (SCD):    1.996ns
    Clock Pessimism Removal (CPR):    0.000ns
  Clock Uncertainty:      0.159ns  ((TSJ^2 + DJ^2)^1/2) / 2 + PE
    Total System Jitter     (TSJ):    0.071ns
    Discrete Jitter          (DJ):    0.310ns
    Phase Error              (PE):    0.000ns
  Clock Net Delay (Source):      1.788ns (routing 0.569ns, distribution 1.219ns)
  Clock Net Delay (Destination): 1.768ns (routing 0.512ns, distribution 1.256ns)
  Timing Exception:       False Path

    Location             Delay type                Incr(ns)  Path(ns)    Netlist Resource(s)
  -------------------------------------------------------------------    -------------------
                         (clock clk_pl_0 rise edge)
                                                      0.000     0.000 r  
    PS8_X0Y0             PS8                          0.000     0.000 r  mhsa_i/zynq_ultra_ps_e_0/inst/PS8_i/PLCLK[0]
                         net (fo=1, routed)           0.180     0.180    mhsa_i/zynq_ultra_ps_e_0/inst/pl_clk_unbuffered[0]
    BUFG_PS_X0Y80        BUFG_PS (Prop_BUFG_PS_I_O)
                                                      0.028     0.208 r  mhsa_i/zynq_ultra_ps_e_0/inst/buffer_pl_clk_0.PL_CLK_0_BUFG/O
    X1Y2 (CLOCK_ROOT)    net (fo=24188, routed)       1.788     1.996    mhsa_i/proc_sys_reset_0/U0/slowest_sync_clk
    SLICE_X53Y193        FDRE                                         r  mhsa_i/proc_sys_reset_0/U0/ACTIVE_LOW_PR_OUT_DFF[0].FDRE_PER_N_replica/C
  -------------------------------------------------------------------    -------------------
    SLICE_X53Y193        FDRE (Prop_AFF_SLICEM_C_Q)
                                                      0.077     2.073 f  mhsa_i/proc_sys_reset_0/U0/ACTIVE_LOW_PR_OUT_DFF[0].FDRE_PER_N_replica/Q
                         net (fo=51, routed)          2.193     4.266    mhsa_i/smartconnect_4/inst/clk_map/psr_aclk/U0/EXT_LPF/peripheral_aresetn[0]_bufg_place_replica
    SLICE_X5Y270         LUT1 (Prop_D6LUT_SLICEL_I0_O)
                                                      0.050     4.316 r  mhsa_i/smartconnect_4/inst/clk_map/psr_aclk/U0/EXT_LPF/ACTIVE_LOW_AUX.ACT_LO_AUX_i_1/O
                         net (fo=1, routed)           0.151     4.467    mhsa_i/smartconnect_4/inst/clk_map/psr_aclk/U0/EXT_LPF/ACTIVE_LOW_AUX.ACT_LO_AUX/src_in
    SLICE_X5Y272         FDRE                                         r  mhsa_i/smartconnect_4/inst/clk_map/psr_aclk/U0/EXT_LPF/ACTIVE_LOW_AUX.ACT_LO_AUX/syncstages_ff_reg[0]/D
  -------------------------------------------------------------------    -------------------

                         (clock clk_pl_0 rise edge)
                                                      0.000     0.000 r  
    PS8_X0Y0             PS8                          0.000     0.000 r  mhsa_i/zynq_ultra_ps_e_0/inst/PS8_i/PLCLK[0]
                         net (fo=1, routed)           0.143     0.143    mhsa_i/zynq_ultra_ps_e_0/inst/pl_clk_unbuffered[0]
    BUFG_PS_X0Y80        BUFG_PS (Prop_BUFG_PS_I_O)
                                                      0.025     0.168 r  mhsa_i/zynq_ultra_ps_e_0/inst/buffer_pl_clk_0.PL_CLK_0_BUFG/O
    X1Y2 (CLOCK_ROOT)    net (fo=24188, routed)       1.768     1.936    mhsa_i/smartconnect_4/inst/clk_map/psr_aclk/U0/EXT_LPF/ACTIVE_LOW_AUX.ACT_LO_AUX/dest_clk
    SLICE_X5Y272         FDRE                                         r  mhsa_i/smartconnect_4/inst/clk_map/psr_aclk/U0/EXT_LPF/ACTIVE_LOW_AUX.ACT_LO_AUX/syncstages_ff_reg[0]/C

Slack:                    inf
  Source:                 mhsa_i/smartconnect_2/inst/clk_map/psr_aclk/U0/ACTIVE_LOW_BSR_OUT_DFF[0].FDRE_BSR_N/C
                            (rising edge-triggered cell FDRE clocked by clk_pl_0  {rise@0.000ns fall@5.156ns period=10.312ns})
  Destination:            mhsa_i/smartconnect_2/inst/m00_exit_pipeline/m00_exit/inst/xpm_cdc_async_rst_inst/arststages_ff_reg[0]/CLR
                            (recovery check against rising-edge clock clk_pl_0  {rise@0.000ns fall@5.156ns period=10.312ns})
  Path Group:             (none)
  Path Type:              Recovery (Max at Slow Process Corner)
  Data Path Delay:        2.039ns  (logic 0.079ns (3.875%)  route 1.960ns (96.125%))
  Logic Levels:           0  
  Clock Path Skew:        -0.452ns (DCD - SCD + CPR)
    Destination Clock Delay (DCD):    1.757ns
    Source Clock Delay      (SCD):    2.209ns
    Clock Pessimism Removal (CPR):    0.000ns
  Clock Uncertainty:      0.159ns  ((TSJ^2 + DJ^2)^1/2) / 2 + PE
    Total System Jitter     (TSJ):    0.071ns
    Discrete Jitter          (DJ):    0.310ns
    Phase Error              (PE):    0.000ns
  Clock Net Delay (Source):      2.001ns (routing 0.569ns, distribution 1.432ns)
  Clock Net Delay (Destination): 1.589ns (routing 0.512ns, distribution 1.077ns)
  Timing Exception:       False Path

    Location             Delay type                Incr(ns)  Path(ns)    Netlist Resource(s)
  -------------------------------------------------------------------    -------------------
                         (clock clk_pl_0 rise edge)
                                                      0.000     0.000 r  
    PS8_X0Y0             PS8                          0.000     0.000 r  mhsa_i/zynq_ultra_ps_e_0/inst/PS8_i/PLCLK[0]
                         net (fo=1, routed)           0.180     0.180    mhsa_i/zynq_ultra_ps_e_0/inst/pl_clk_unbuffered[0]
    BUFG_PS_X0Y80        BUFG_PS (Prop_BUFG_PS_I_O)
                                                      0.028     0.208 r  mhsa_i/zynq_ultra_ps_e_0/inst/buffer_pl_clk_0.PL_CLK_0_BUFG/O
    X1Y2 (CLOCK_ROOT)    net (fo=24188, routed)       2.001     2.209    mhsa_i/smartconnect_2/inst/clk_map/psr_aclk/U0/aclk
    SLICE_X4Y262         FDRE                                         r  mhsa_i/smartconnect_2/inst/clk_map/psr_aclk/U0/ACTIVE_LOW_BSR_OUT_DFF[0].FDRE_BSR_N/C
  -------------------------------------------------------------------    -------------------
    SLICE_X4Y262         FDRE (Prop_DFF_SLICEL_C_Q)
                                                      0.079     2.288 r  mhsa_i/smartconnect_2/inst/clk_map/psr_aclk/U0/ACTIVE_LOW_BSR_OUT_DFF[0].FDRE_BSR_N/Q
                         net (fo=18, routed)          1.960     4.248    mhsa_i/smartconnect_2/inst/m00_exit_pipeline/m00_exit/inst/xpm_cdc_async_rst_inst/src_arst
    SLICE_X54Y191        FDCE                                         f  mhsa_i/smartconnect_2/inst/m00_exit_pipeline/m00_exit/inst/xpm_cdc_async_rst_inst/arststages_ff_reg[0]/CLR  (IS_INVERTED)
  -------------------------------------------------------------------    -------------------

                         (clock clk_pl_0 rise edge)
                                                      0.000     0.000 r  
    PS8_X0Y0             PS8                          0.000     0.000 r  mhsa_i/zynq_ultra_ps_e_0/inst/PS8_i/PLCLK[0]
                         net (fo=1, routed)           0.143     0.143    mhsa_i/zynq_ultra_ps_e_0/inst/pl_clk_unbuffered[0]
    BUFG_PS_X0Y80        BUFG_PS (Prop_BUFG_PS_I_O)
                                                      0.025     0.168 r  mhsa_i/zynq_ultra_ps_e_0/inst/buffer_pl_clk_0.PL_CLK_0_BUFG/O
    X1Y2 (CLOCK_ROOT)    net (fo=24188, routed)       1.589     1.757    mhsa_i/smartconnect_2/inst/m00_exit_pipeline/m00_exit/inst/xpm_cdc_async_rst_inst/dest_clk
    SLICE_X54Y191        FDCE                                         r  mhsa_i/smartconnect_2/inst/m00_exit_pipeline/m00_exit/inst/xpm_cdc_async_rst_inst/arststages_ff_reg[0]/C

Slack:                    inf
  Source:                 mhsa_i/smartconnect_2/inst/clk_map/psr_aclk/U0/ACTIVE_LOW_BSR_OUT_DFF[0].FDRE_BSR_N/C
                            (rising edge-triggered cell FDRE clocked by clk_pl_0  {rise@0.000ns fall@5.156ns period=10.312ns})
  Destination:            mhsa_i/smartconnect_2/inst/m00_exit_pipeline/m00_exit/inst/xpm_cdc_async_rst_inst/arststages_ff_reg[1]/CLR
                            (recovery check against rising-edge clock clk_pl_0  {rise@0.000ns fall@5.156ns period=10.312ns})
  Path Group:             (none)
  Path Type:              Recovery (Max at Slow Process Corner)
  Data Path Delay:        2.039ns  (logic 0.079ns (3.875%)  route 1.960ns (96.125%))
  Logic Levels:           0  
  Clock Path Skew:        -0.452ns (DCD - SCD + CPR)
    Destination Clock Delay (DCD):    1.757ns
    Source Clock Delay      (SCD):    2.209ns
    Clock Pessimism Removal (CPR):    0.000ns
  Clock Uncertainty:      0.159ns  ((TSJ^2 + DJ^2)^1/2) / 2 + PE
    Total System Jitter     (TSJ):    0.071ns
    Discrete Jitter          (DJ):    0.310ns
    Phase Error              (PE):    0.000ns
  Clock Net Delay (Source):      2.001ns (routing 0.569ns, distribution 1.432ns)
  Clock Net Delay (Destination): 1.589ns (routing 0.512ns, distribution 1.077ns)
  Timing Exception:       False Path

    Location             Delay type                Incr(ns)  Path(ns)    Netlist Resource(s)
  -------------------------------------------------------------------    -------------------
                         (clock clk_pl_0 rise edge)
                                                      0.000     0.000 r  
    PS8_X0Y0             PS8                          0.000     0.000 r  mhsa_i/zynq_ultra_ps_e_0/inst/PS8_i/PLCLK[0]
                         net (fo=1, routed)           0.180     0.180    mhsa_i/zynq_ultra_ps_e_0/inst/pl_clk_unbuffered[0]
    BUFG_PS_X0Y80        BUFG_PS (Prop_BUFG_PS_I_O)
                                                      0.028     0.208 r  mhsa_i/zynq_ultra_ps_e_0/inst/buffer_pl_clk_0.PL_CLK_0_BUFG/O
    X1Y2 (CLOCK_ROOT)    net (fo=24188, routed)       2.001     2.209    mhsa_i/smartconnect_2/inst/clk_map/psr_aclk/U0/aclk
    SLICE_X4Y262         FDRE                                         r  mhsa_i/smartconnect_2/inst/clk_map/psr_aclk/U0/ACTIVE_LOW_BSR_OUT_DFF[0].FDRE_BSR_N/C
  -------------------------------------------------------------------    -------------------
    SLICE_X4Y262         FDRE (Prop_DFF_SLICEL_C_Q)
                                                      0.079     2.288 r  mhsa_i/smartconnect_2/inst/clk_map/psr_aclk/U0/ACTIVE_LOW_BSR_OUT_DFF[0].FDRE_BSR_N/Q
                         net (fo=18, routed)          1.960     4.248    mhsa_i/smartconnect_2/inst/m00_exit_pipeline/m00_exit/inst/xpm_cdc_async_rst_inst/src_arst
    SLICE_X54Y191        FDCE                                         f  mhsa_i/smartconnect_2/inst/m00_exit_pipeline/m00_exit/inst/xpm_cdc_async_rst_inst/arststages_ff_reg[1]/CLR  (IS_INVERTED)
  -------------------------------------------------------------------    -------------------

                         (clock clk_pl_0 rise edge)
                                                      0.000     0.000 r  
    PS8_X0Y0             PS8                          0.000     0.000 r  mhsa_i/zynq_ultra_ps_e_0/inst/PS8_i/PLCLK[0]
                         net (fo=1, routed)           0.143     0.143    mhsa_i/zynq_ultra_ps_e_0/inst/pl_clk_unbuffered[0]
    BUFG_PS_X0Y80        BUFG_PS (Prop_BUFG_PS_I_O)
                                                      0.025     0.168 r  mhsa_i/zynq_ultra_ps_e_0/inst/buffer_pl_clk_0.PL_CLK_0_BUFG/O
    X1Y2 (CLOCK_ROOT)    net (fo=24188, routed)       1.589     1.757    mhsa_i/smartconnect_2/inst/m00_exit_pipeline/m00_exit/inst/xpm_cdc_async_rst_inst/dest_clk
    SLICE_X54Y191        FDCE                                         r  mhsa_i/smartconnect_2/inst/m00_exit_pipeline/m00_exit/inst/xpm_cdc_async_rst_inst/arststages_ff_reg[1]/C

Slack:                    inf
  Source:                 mhsa_i/smartconnect_2/inst/clk_map/psr_aclk/U0/ACTIVE_LOW_BSR_OUT_DFF[0].FDRE_BSR_N/C
                            (rising edge-triggered cell FDRE clocked by clk_pl_0  {rise@0.000ns fall@5.156ns period=10.312ns})
  Destination:            mhsa_i/smartconnect_2/inst/m00_exit_pipeline/m00_exit/inst/xpm_cdc_async_rst_inst/arststages_ff_reg[2]/CLR
                            (recovery check against rising-edge clock clk_pl_0  {rise@0.000ns fall@5.156ns period=10.312ns})
  Path Group:             (none)
  Path Type:              Recovery (Max at Slow Process Corner)
  Data Path Delay:        2.039ns  (logic 0.079ns (3.875%)  route 1.960ns (96.125%))
  Logic Levels:           0  
  Clock Path Skew:        -0.452ns (DCD - SCD + CPR)
    Destination Clock Delay (DCD):    1.757ns
    Source Clock Delay      (SCD):    2.209ns
    Clock Pessimism Removal (CPR):    0.000ns
  Clock Uncertainty:      0.159ns  ((TSJ^2 + DJ^2)^1/2) / 2 + PE
    Total System Jitter     (TSJ):    0.071ns
    Discrete Jitter          (DJ):    0.310ns
    Phase Error              (PE):    0.000ns
  Clock Net Delay (Source):      2.001ns (routing 0.569ns, distribution 1.432ns)
  Clock Net Delay (Destination): 1.589ns (routing 0.512ns, distribution 1.077ns)
  Timing Exception:       False Path

    Location             Delay type                Incr(ns)  Path(ns)    Netlist Resource(s)
  -------------------------------------------------------------------    -------------------
                         (clock clk_pl_0 rise edge)
                                                      0.000     0.000 r  
    PS8_X0Y0             PS8                          0.000     0.000 r  mhsa_i/zynq_ultra_ps_e_0/inst/PS8_i/PLCLK[0]
                         net (fo=1, routed)           0.180     0.180    mhsa_i/zynq_ultra_ps_e_0/inst/pl_clk_unbuffered[0]
    BUFG_PS_X0Y80        BUFG_PS (Prop_BUFG_PS_I_O)
                                                      0.028     0.208 r  mhsa_i/zynq_ultra_ps_e_0/inst/buffer_pl_clk_0.PL_CLK_0_BUFG/O
    X1Y2 (CLOCK_ROOT)    net (fo=24188, routed)       2.001     2.209    mhsa_i/smartconnect_2/inst/clk_map/psr_aclk/U0/aclk
    SLICE_X4Y262         FDRE                                         r  mhsa_i/smartconnect_2/inst/clk_map/psr_aclk/U0/ACTIVE_LOW_BSR_OUT_DFF[0].FDRE_BSR_N/C
  -------------------------------------------------------------------    -------------------
    SLICE_X4Y262         FDRE (Prop_DFF_SLICEL_C_Q)
                                                      0.079     2.288 r  mhsa_i/smartconnect_2/inst/clk_map/psr_aclk/U0/ACTIVE_LOW_BSR_OUT_DFF[0].FDRE_BSR_N/Q
                         net (fo=18, routed)          1.960     4.248    mhsa_i/smartconnect_2/inst/m00_exit_pipeline/m00_exit/inst/xpm_cdc_async_rst_inst/src_arst
    SLICE_X54Y191        FDCE                                         f  mhsa_i/smartconnect_2/inst/m00_exit_pipeline/m00_exit/inst/xpm_cdc_async_rst_inst/arststages_ff_reg[2]/CLR  (IS_INVERTED)
  -------------------------------------------------------------------    -------------------

                         (clock clk_pl_0 rise edge)
                                                      0.000     0.000 r  
    PS8_X0Y0             PS8                          0.000     0.000 r  mhsa_i/zynq_ultra_ps_e_0/inst/PS8_i/PLCLK[0]
                         net (fo=1, routed)           0.143     0.143    mhsa_i/zynq_ultra_ps_e_0/inst/pl_clk_unbuffered[0]
    BUFG_PS_X0Y80        BUFG_PS (Prop_BUFG_PS_I_O)
                                                      0.025     0.168 r  mhsa_i/zynq_ultra_ps_e_0/inst/buffer_pl_clk_0.PL_CLK_0_BUFG/O
    X1Y2 (CLOCK_ROOT)    net (fo=24188, routed)       1.589     1.757    mhsa_i/smartconnect_2/inst/m00_exit_pipeline/m00_exit/inst/xpm_cdc_async_rst_inst/dest_clk
    SLICE_X54Y191        FDCE                                         r  mhsa_i/smartconnect_2/inst/m00_exit_pipeline/m00_exit/inst/xpm_cdc_async_rst_inst/arststages_ff_reg[2]/C

Slack:                    inf
  Source:                 mhsa_i/smartconnect_2/inst/clk_map/psr_aclk/U0/ACTIVE_LOW_BSR_OUT_DFF[0].FDRE_BSR_N/C
                            (rising edge-triggered cell FDRE clocked by clk_pl_0  {rise@0.000ns fall@5.156ns period=10.312ns})
  Destination:            mhsa_i/smartconnect_2/inst/s00_nodes/s00_r_node/inst/s_sc_xpm_cdc_async_rst_inst/arststages_ff_reg[0]/CLR
                            (recovery check against rising-edge clock clk_pl_0  {rise@0.000ns fall@5.156ns period=10.312ns})
  Path Group:             (none)
  Path Type:              Recovery (Max at Slow Process Corner)
  Data Path Delay:        2.036ns  (logic 0.079ns (3.881%)  route 1.957ns (96.119%))
  Logic Levels:           0  
  Clock Path Skew:        -0.453ns (DCD - SCD + CPR)
    Destination Clock Delay (DCD):    1.756ns
    Source Clock Delay      (SCD):    2.209ns
    Clock Pessimism Removal (CPR):    0.000ns
  Clock Uncertainty:      0.159ns  ((TSJ^2 + DJ^2)^1/2) / 2 + PE
    Total System Jitter     (TSJ):    0.071ns
    Discrete Jitter          (DJ):    0.310ns
    Phase Error              (PE):    0.000ns
  Clock Net Delay (Source):      2.001ns (routing 0.569ns, distribution 1.432ns)
  Clock Net Delay (Destination): 1.588ns (routing 0.512ns, distribution 1.076ns)
  Timing Exception:       False Path

    Location             Delay type                Incr(ns)  Path(ns)    Netlist Resource(s)
  -------------------------------------------------------------------    -------------------
                         (clock clk_pl_0 rise edge)
                                                      0.000     0.000 r  
    PS8_X0Y0             PS8                          0.000     0.000 r  mhsa_i/zynq_ultra_ps_e_0/inst/PS8_i/PLCLK[0]
                         net (fo=1, routed)           0.180     0.180    mhsa_i/zynq_ultra_ps_e_0/inst/pl_clk_unbuffered[0]
    BUFG_PS_X0Y80        BUFG_PS (Prop_BUFG_PS_I_O)
                                                      0.028     0.208 r  mhsa_i/zynq_ultra_ps_e_0/inst/buffer_pl_clk_0.PL_CLK_0_BUFG/O
    X1Y2 (CLOCK_ROOT)    net (fo=24188, routed)       2.001     2.209    mhsa_i/smartconnect_2/inst/clk_map/psr_aclk/U0/aclk
    SLICE_X4Y262         FDRE                                         r  mhsa_i/smartconnect_2/inst/clk_map/psr_aclk/U0/ACTIVE_LOW_BSR_OUT_DFF[0].FDRE_BSR_N/C
  -------------------------------------------------------------------    -------------------
    SLICE_X4Y262         FDRE (Prop_DFF_SLICEL_C_Q)
                                                      0.079     2.288 r  mhsa_i/smartconnect_2/inst/clk_map/psr_aclk/U0/ACTIVE_LOW_BSR_OUT_DFF[0].FDRE_BSR_N/Q
                         net (fo=18, routed)          1.957     4.245    mhsa_i/smartconnect_2/inst/s00_nodes/s00_r_node/inst/s_sc_xpm_cdc_async_rst_inst/src_arst
    SLICE_X54Y191        FDCE                                         f  mhsa_i/smartconnect_2/inst/s00_nodes/s00_r_node/inst/s_sc_xpm_cdc_async_rst_inst/arststages_ff_reg[0]/CLR  (IS_INVERTED)
  -------------------------------------------------------------------    -------------------

                         (clock clk_pl_0 rise edge)
                                                      0.000     0.000 r  
    PS8_X0Y0             PS8                          0.000     0.000 r  mhsa_i/zynq_ultra_ps_e_0/inst/PS8_i/PLCLK[0]
                         net (fo=1, routed)           0.143     0.143    mhsa_i/zynq_ultra_ps_e_0/inst/pl_clk_unbuffered[0]
    BUFG_PS_X0Y80        BUFG_PS (Prop_BUFG_PS_I_O)
                                                      0.025     0.168 r  mhsa_i/zynq_ultra_ps_e_0/inst/buffer_pl_clk_0.PL_CLK_0_BUFG/O
    X1Y2 (CLOCK_ROOT)    net (fo=24188, routed)       1.588     1.756    mhsa_i/smartconnect_2/inst/s00_nodes/s00_r_node/inst/s_sc_xpm_cdc_async_rst_inst/dest_clk
    SLICE_X54Y191        FDCE                                         r  mhsa_i/smartconnect_2/inst/s00_nodes/s00_r_node/inst/s_sc_xpm_cdc_async_rst_inst/arststages_ff_reg[0]/C

Slack:                    inf
  Source:                 mhsa_i/smartconnect_2/inst/clk_map/psr_aclk/U0/ACTIVE_LOW_BSR_OUT_DFF[0].FDRE_BSR_N/C
                            (rising edge-triggered cell FDRE clocked by clk_pl_0  {rise@0.000ns fall@5.156ns period=10.312ns})
  Destination:            mhsa_i/smartconnect_2/inst/s00_nodes/s00_r_node/inst/s_sc_xpm_cdc_async_rst_inst/arststages_ff_reg[1]/CLR
                            (recovery check against rising-edge clock clk_pl_0  {rise@0.000ns fall@5.156ns period=10.312ns})
  Path Group:             (none)
  Path Type:              Recovery (Max at Slow Process Corner)
  Data Path Delay:        2.036ns  (logic 0.079ns (3.881%)  route 1.957ns (96.119%))
  Logic Levels:           0  
  Clock Path Skew:        -0.453ns (DCD - SCD + CPR)
    Destination Clock Delay (DCD):    1.756ns
    Source Clock Delay      (SCD):    2.209ns
    Clock Pessimism Removal (CPR):    0.000ns
  Clock Uncertainty:      0.159ns  ((TSJ^2 + DJ^2)^1/2) / 2 + PE
    Total System Jitter     (TSJ):    0.071ns
    Discrete Jitter          (DJ):    0.310ns
    Phase Error              (PE):    0.000ns
  Clock Net Delay (Source):      2.001ns (routing 0.569ns, distribution 1.432ns)
  Clock Net Delay (Destination): 1.588ns (routing 0.512ns, distribution 1.076ns)
  Timing Exception:       False Path

    Location             Delay type                Incr(ns)  Path(ns)    Netlist Resource(s)
  -------------------------------------------------------------------    -------------------
                         (clock clk_pl_0 rise edge)
                                                      0.000     0.000 r  
    PS8_X0Y0             PS8                          0.000     0.000 r  mhsa_i/zynq_ultra_ps_e_0/inst/PS8_i/PLCLK[0]
                         net (fo=1, routed)           0.180     0.180    mhsa_i/zynq_ultra_ps_e_0/inst/pl_clk_unbuffered[0]
    BUFG_PS_X0Y80        BUFG_PS (Prop_BUFG_PS_I_O)
                                                      0.028     0.208 r  mhsa_i/zynq_ultra_ps_e_0/inst/buffer_pl_clk_0.PL_CLK_0_BUFG/O
    X1Y2 (CLOCK_ROOT)    net (fo=24188, routed)       2.001     2.209    mhsa_i/smartconnect_2/inst/clk_map/psr_aclk/U0/aclk
    SLICE_X4Y262         FDRE                                         r  mhsa_i/smartconnect_2/inst/clk_map/psr_aclk/U0/ACTIVE_LOW_BSR_OUT_DFF[0].FDRE_BSR_N/C
  -------------------------------------------------------------------    -------------------
    SLICE_X4Y262         FDRE (Prop_DFF_SLICEL_C_Q)
                                                      0.079     2.288 r  mhsa_i/smartconnect_2/inst/clk_map/psr_aclk/U0/ACTIVE_LOW_BSR_OUT_DFF[0].FDRE_BSR_N/Q
                         net (fo=18, routed)          1.957     4.245    mhsa_i/smartconnect_2/inst/s00_nodes/s00_r_node/inst/s_sc_xpm_cdc_async_rst_inst/src_arst
    SLICE_X54Y191        FDCE                                         f  mhsa_i/smartconnect_2/inst/s00_nodes/s00_r_node/inst/s_sc_xpm_cdc_async_rst_inst/arststages_ff_reg[1]/CLR  (IS_INVERTED)
  -------------------------------------------------------------------    -------------------

                         (clock clk_pl_0 rise edge)
                                                      0.000     0.000 r  
    PS8_X0Y0             PS8                          0.000     0.000 r  mhsa_i/zynq_ultra_ps_e_0/inst/PS8_i/PLCLK[0]
                         net (fo=1, routed)           0.143     0.143    mhsa_i/zynq_ultra_ps_e_0/inst/pl_clk_unbuffered[0]
    BUFG_PS_X0Y80        BUFG_PS (Prop_BUFG_PS_I_O)
                                                      0.025     0.168 r  mhsa_i/zynq_ultra_ps_e_0/inst/buffer_pl_clk_0.PL_CLK_0_BUFG/O
    X1Y2 (CLOCK_ROOT)    net (fo=24188, routed)       1.588     1.756    mhsa_i/smartconnect_2/inst/s00_nodes/s00_r_node/inst/s_sc_xpm_cdc_async_rst_inst/dest_clk
    SLICE_X54Y191        FDCE                                         r  mhsa_i/smartconnect_2/inst/s00_nodes/s00_r_node/inst/s_sc_xpm_cdc_async_rst_inst/arststages_ff_reg[1]/C

Slack:                    inf
  Source:                 mhsa_i/smartconnect_2/inst/clk_map/psr_aclk/U0/ACTIVE_LOW_BSR_OUT_DFF[0].FDRE_BSR_N/C
                            (rising edge-triggered cell FDRE clocked by clk_pl_0  {rise@0.000ns fall@5.156ns period=10.312ns})
  Destination:            mhsa_i/smartconnect_2/inst/s00_nodes/s00_r_node/inst/s_sc_xpm_cdc_async_rst_inst/arststages_ff_reg[2]/CLR
                            (recovery check against rising-edge clock clk_pl_0  {rise@0.000ns fall@5.156ns period=10.312ns})
  Path Group:             (none)
  Path Type:              Recovery (Max at Slow Process Corner)
  Data Path Delay:        2.036ns  (logic 0.079ns (3.881%)  route 1.957ns (96.119%))
  Logic Levels:           0  
  Clock Path Skew:        -0.453ns (DCD - SCD + CPR)
    Destination Clock Delay (DCD):    1.756ns
    Source Clock Delay      (SCD):    2.209ns
    Clock Pessimism Removal (CPR):    0.000ns
  Clock Uncertainty:      0.159ns  ((TSJ^2 + DJ^2)^1/2) / 2 + PE
    Total System Jitter     (TSJ):    0.071ns
    Discrete Jitter          (DJ):    0.310ns
    Phase Error              (PE):    0.000ns
  Clock Net Delay (Source):      2.001ns (routing 0.569ns, distribution 1.432ns)
  Clock Net Delay (Destination): 1.588ns (routing 0.512ns, distribution 1.076ns)
  Timing Exception:       False Path

    Location             Delay type                Incr(ns)  Path(ns)    Netlist Resource(s)
  -------------------------------------------------------------------    -------------------
                         (clock clk_pl_0 rise edge)
                                                      0.000     0.000 r  
    PS8_X0Y0             PS8                          0.000     0.000 r  mhsa_i/zynq_ultra_ps_e_0/inst/PS8_i/PLCLK[0]
                         net (fo=1, routed)           0.180     0.180    mhsa_i/zynq_ultra_ps_e_0/inst/pl_clk_unbuffered[0]
    BUFG_PS_X0Y80        BUFG_PS (Prop_BUFG_PS_I_O)
                                                      0.028     0.208 r  mhsa_i/zynq_ultra_ps_e_0/inst/buffer_pl_clk_0.PL_CLK_0_BUFG/O
    X1Y2 (CLOCK_ROOT)    net (fo=24188, routed)       2.001     2.209    mhsa_i/smartconnect_2/inst/clk_map/psr_aclk/U0/aclk
    SLICE_X4Y262         FDRE                                         r  mhsa_i/smartconnect_2/inst/clk_map/psr_aclk/U0/ACTIVE_LOW_BSR_OUT_DFF[0].FDRE_BSR_N/C
  -------------------------------------------------------------------    -------------------
    SLICE_X4Y262         FDRE (Prop_DFF_SLICEL_C_Q)
                                                      0.079     2.288 r  mhsa_i/smartconnect_2/inst/clk_map/psr_aclk/U0/ACTIVE_LOW_BSR_OUT_DFF[0].FDRE_BSR_N/Q
                         net (fo=18, routed)          1.957     4.245    mhsa_i/smartconnect_2/inst/s00_nodes/s00_r_node/inst/s_sc_xpm_cdc_async_rst_inst/src_arst
    SLICE_X54Y191        FDCE                                         f  mhsa_i/smartconnect_2/inst/s00_nodes/s00_r_node/inst/s_sc_xpm_cdc_async_rst_inst/arststages_ff_reg[2]/CLR  (IS_INVERTED)
  -------------------------------------------------------------------    -------------------

                         (clock clk_pl_0 rise edge)
                                                      0.000     0.000 r  
    PS8_X0Y0             PS8                          0.000     0.000 r  mhsa_i/zynq_ultra_ps_e_0/inst/PS8_i/PLCLK[0]
                         net (fo=1, routed)           0.143     0.143    mhsa_i/zynq_ultra_ps_e_0/inst/pl_clk_unbuffered[0]
    BUFG_PS_X0Y80        BUFG_PS (Prop_BUFG_PS_I_O)
                                                      0.025     0.168 r  mhsa_i/zynq_ultra_ps_e_0/inst/buffer_pl_clk_0.PL_CLK_0_BUFG/O
    X1Y2 (CLOCK_ROOT)    net (fo=24188, routed)       1.588     1.756    mhsa_i/smartconnect_2/inst/s00_nodes/s00_r_node/inst/s_sc_xpm_cdc_async_rst_inst/dest_clk
    SLICE_X54Y191        FDCE                                         r  mhsa_i/smartconnect_2/inst/s00_nodes/s00_r_node/inst/s_sc_xpm_cdc_async_rst_inst/arststages_ff_reg[2]/C





Min Delay Paths
--------------------------------------------------------------------------------------
Slack:                    inf
  Source:                 mhsa_i/smartconnect_1/inst/clk_map/psr_aclk/U0/ACTIVE_LOW_BSR_OUT_DFF[0].FDRE_BSR_N/C
                            (rising edge-triggered cell FDRE clocked by clk_pl_0  {rise@0.000ns fall@5.156ns period=10.312ns})
  Destination:            mhsa_i/smartconnect_1/inst/s00_entry_pipeline/s00_transaction_regulator/inst/xpm_cdc_async_rst_inst/arststages_ff_reg[0]/CLR
                            (removal check against rising-edge clock clk_pl_0  {rise@0.000ns fall@5.156ns period=10.312ns})
  Path Group:             (none)
  Path Type:              Removal (Min at Fast Process Corner)
  Data Path Delay:        0.179ns  (logic 0.039ns (21.790%)  route 0.140ns (78.210%))
  Logic Levels:           0  
  Clock Path Skew:        0.182ns (DCD - SCD - CPR)
    Destination Clock Delay (DCD):    1.295ns
    Source Clock Delay      (SCD):    1.114ns
    Clock Pessimism Removal (CPR):    -0.000ns
  Clock Uncertainty:      0.159ns  ((TSJ^2 + DJ^2)^1/2) / 2 + PE
    Total System Jitter     (TSJ):    0.071ns
    Discrete Jitter          (DJ):    0.310ns
    Phase Error              (PE):    0.000ns
  Clock Net Delay (Source):      0.975ns (routing 0.311ns, distribution 0.664ns)
  Clock Net Delay (Destination): 1.123ns (routing 0.352ns, distribution 0.771ns)
  Timing Exception:       False Path

    Location             Delay type                Incr(ns)  Path(ns)    Netlist Resource(s)
  -------------------------------------------------------------------    -------------------
                         (clock clk_pl_0 rise edge)
                                                      0.000     0.000 r  
    PS8_X0Y0             PS8                          0.000     0.000 r  mhsa_i/zynq_ultra_ps_e_0/inst/PS8_i/PLCLK[0]
                         net (fo=1, routed)           0.122     0.122    mhsa_i/zynq_ultra_ps_e_0/inst/pl_clk_unbuffered[0]
    BUFG_PS_X0Y80        BUFG_PS (Prop_BUFG_PS_I_O)
                                                      0.017     0.139 r  mhsa_i/zynq_ultra_ps_e_0/inst/buffer_pl_clk_0.PL_CLK_0_BUFG/O
    X1Y2 (CLOCK_ROOT)    net (fo=24188, routed)       0.975     1.114    mhsa_i/smartconnect_1/inst/clk_map/psr_aclk/U0/aclk
    SLICE_X50Y61         FDRE                                         r  mhsa_i/smartconnect_1/inst/clk_map/psr_aclk/U0/ACTIVE_LOW_BSR_OUT_DFF[0].FDRE_BSR_N/C
  -------------------------------------------------------------------    -------------------
    SLICE_X50Y61         FDRE (Prop_DFF_SLICEM_C_Q)
                                                      0.039     1.153 r  mhsa_i/smartconnect_1/inst/clk_map/psr_aclk/U0/ACTIVE_LOW_BSR_OUT_DFF[0].FDRE_BSR_N/Q
                         net (fo=18, routed)          0.140     1.293    mhsa_i/smartconnect_1/inst/s00_entry_pipeline/s00_transaction_regulator/inst/xpm_cdc_async_rst_inst/src_arst
    SLICE_X50Y55         FDCE                                         f  mhsa_i/smartconnect_1/inst/s00_entry_pipeline/s00_transaction_regulator/inst/xpm_cdc_async_rst_inst/arststages_ff_reg[0]/CLR  (IS_INVERTED)
  -------------------------------------------------------------------    -------------------

                         (clock clk_pl_0 rise edge)
                                                      0.000     0.000 r  
    PS8_X0Y0             PS8                          0.000     0.000 r  mhsa_i/zynq_ultra_ps_e_0/inst/PS8_i/PLCLK[0]
                         net (fo=1, routed)           0.154     0.154    mhsa_i/zynq_ultra_ps_e_0/inst/pl_clk_unbuffered[0]
    BUFG_PS_X0Y80        BUFG_PS (Prop_BUFG_PS_I_O)
                                                      0.018     0.172 r  mhsa_i/zynq_ultra_ps_e_0/inst/buffer_pl_clk_0.PL_CLK_0_BUFG/O
    X1Y2 (CLOCK_ROOT)    net (fo=24188, routed)       1.123     1.295    mhsa_i/smartconnect_1/inst/s00_entry_pipeline/s00_transaction_regulator/inst/xpm_cdc_async_rst_inst/dest_clk
    SLICE_X50Y55         FDCE                                         r  mhsa_i/smartconnect_1/inst/s00_entry_pipeline/s00_transaction_regulator/inst/xpm_cdc_async_rst_inst/arststages_ff_reg[0]/C

Slack:                    inf
  Source:                 mhsa_i/smartconnect_1/inst/clk_map/psr_aclk/U0/ACTIVE_LOW_BSR_OUT_DFF[0].FDRE_BSR_N/C
                            (rising edge-triggered cell FDRE clocked by clk_pl_0  {rise@0.000ns fall@5.156ns period=10.312ns})
  Destination:            mhsa_i/smartconnect_1/inst/s00_entry_pipeline/s00_transaction_regulator/inst/xpm_cdc_async_rst_inst/arststages_ff_reg[1]/CLR
                            (removal check against rising-edge clock clk_pl_0  {rise@0.000ns fall@5.156ns period=10.312ns})
  Path Group:             (none)
  Path Type:              Removal (Min at Fast Process Corner)
  Data Path Delay:        0.179ns  (logic 0.039ns (21.790%)  route 0.140ns (78.210%))
  Logic Levels:           0  
  Clock Path Skew:        0.182ns (DCD - SCD - CPR)
    Destination Clock Delay (DCD):    1.295ns
    Source Clock Delay      (SCD):    1.114ns
    Clock Pessimism Removal (CPR):    -0.000ns
  Clock Uncertainty:      0.159ns  ((TSJ^2 + DJ^2)^1/2) / 2 + PE
    Total System Jitter     (TSJ):    0.071ns
    Discrete Jitter          (DJ):    0.310ns
    Phase Error              (PE):    0.000ns
  Clock Net Delay (Source):      0.975ns (routing 0.311ns, distribution 0.664ns)
  Clock Net Delay (Destination): 1.123ns (routing 0.352ns, distribution 0.771ns)
  Timing Exception:       False Path

    Location             Delay type                Incr(ns)  Path(ns)    Netlist Resource(s)
  -------------------------------------------------------------------    -------------------
                         (clock clk_pl_0 rise edge)
                                                      0.000     0.000 r  
    PS8_X0Y0             PS8                          0.000     0.000 r  mhsa_i/zynq_ultra_ps_e_0/inst/PS8_i/PLCLK[0]
                         net (fo=1, routed)           0.122     0.122    mhsa_i/zynq_ultra_ps_e_0/inst/pl_clk_unbuffered[0]
    BUFG_PS_X0Y80        BUFG_PS (Prop_BUFG_PS_I_O)
                                                      0.017     0.139 r  mhsa_i/zynq_ultra_ps_e_0/inst/buffer_pl_clk_0.PL_CLK_0_BUFG/O
    X1Y2 (CLOCK_ROOT)    net (fo=24188, routed)       0.975     1.114    mhsa_i/smartconnect_1/inst/clk_map/psr_aclk/U0/aclk
    SLICE_X50Y61         FDRE                                         r  mhsa_i/smartconnect_1/inst/clk_map/psr_aclk/U0/ACTIVE_LOW_BSR_OUT_DFF[0].FDRE_BSR_N/C
  -------------------------------------------------------------------    -------------------
    SLICE_X50Y61         FDRE (Prop_DFF_SLICEM_C_Q)
                                                      0.039     1.153 r  mhsa_i/smartconnect_1/inst/clk_map/psr_aclk/U0/ACTIVE_LOW_BSR_OUT_DFF[0].FDRE_BSR_N/Q
                         net (fo=18, routed)          0.140     1.293    mhsa_i/smartconnect_1/inst/s00_entry_pipeline/s00_transaction_regulator/inst/xpm_cdc_async_rst_inst/src_arst
    SLICE_X50Y55         FDCE                                         f  mhsa_i/smartconnect_1/inst/s00_entry_pipeline/s00_transaction_regulator/inst/xpm_cdc_async_rst_inst/arststages_ff_reg[1]/CLR  (IS_INVERTED)
  -------------------------------------------------------------------    -------------------

                         (clock clk_pl_0 rise edge)
                                                      0.000     0.000 r  
    PS8_X0Y0             PS8                          0.000     0.000 r  mhsa_i/zynq_ultra_ps_e_0/inst/PS8_i/PLCLK[0]
                         net (fo=1, routed)           0.154     0.154    mhsa_i/zynq_ultra_ps_e_0/inst/pl_clk_unbuffered[0]
    BUFG_PS_X0Y80        BUFG_PS (Prop_BUFG_PS_I_O)
                                                      0.018     0.172 r  mhsa_i/zynq_ultra_ps_e_0/inst/buffer_pl_clk_0.PL_CLK_0_BUFG/O
    X1Y2 (CLOCK_ROOT)    net (fo=24188, routed)       1.123     1.295    mhsa_i/smartconnect_1/inst/s00_entry_pipeline/s00_transaction_regulator/inst/xpm_cdc_async_rst_inst/dest_clk
    SLICE_X50Y55         FDCE                                         r  mhsa_i/smartconnect_1/inst/s00_entry_pipeline/s00_transaction_regulator/inst/xpm_cdc_async_rst_inst/arststages_ff_reg[1]/C

Slack:                    inf
  Source:                 mhsa_i/smartconnect_1/inst/clk_map/psr_aclk/U0/ACTIVE_LOW_BSR_OUT_DFF[0].FDRE_BSR_N/C
                            (rising edge-triggered cell FDRE clocked by clk_pl_0  {rise@0.000ns fall@5.156ns period=10.312ns})
  Destination:            mhsa_i/smartconnect_1/inst/s00_entry_pipeline/s00_transaction_regulator/inst/xpm_cdc_async_rst_inst/arststages_ff_reg[2]/CLR
                            (removal check against rising-edge clock clk_pl_0  {rise@0.000ns fall@5.156ns period=10.312ns})
  Path Group:             (none)
  Path Type:              Removal (Min at Fast Process Corner)
  Data Path Delay:        0.179ns  (logic 0.039ns (21.790%)  route 0.140ns (78.210%))
  Logic Levels:           0  
  Clock Path Skew:        0.182ns (DCD - SCD - CPR)
    Destination Clock Delay (DCD):    1.295ns
    Source Clock Delay      (SCD):    1.114ns
    Clock Pessimism Removal (CPR):    -0.000ns
  Clock Uncertainty:      0.159ns  ((TSJ^2 + DJ^2)^1/2) / 2 + PE
    Total System Jitter     (TSJ):    0.071ns
    Discrete Jitter          (DJ):    0.310ns
    Phase Error              (PE):    0.000ns
  Clock Net Delay (Source):      0.975ns (routing 0.311ns, distribution 0.664ns)
  Clock Net Delay (Destination): 1.123ns (routing 0.352ns, distribution 0.771ns)
  Timing Exception:       False Path

    Location             Delay type                Incr(ns)  Path(ns)    Netlist Resource(s)
  -------------------------------------------------------------------    -------------------
                         (clock clk_pl_0 rise edge)
                                                      0.000     0.000 r  
    PS8_X0Y0             PS8                          0.000     0.000 r  mhsa_i/zynq_ultra_ps_e_0/inst/PS8_i/PLCLK[0]
                         net (fo=1, routed)           0.122     0.122    mhsa_i/zynq_ultra_ps_e_0/inst/pl_clk_unbuffered[0]
    BUFG_PS_X0Y80        BUFG_PS (Prop_BUFG_PS_I_O)
                                                      0.017     0.139 r  mhsa_i/zynq_ultra_ps_e_0/inst/buffer_pl_clk_0.PL_CLK_0_BUFG/O
    X1Y2 (CLOCK_ROOT)    net (fo=24188, routed)       0.975     1.114    mhsa_i/smartconnect_1/inst/clk_map/psr_aclk/U0/aclk
    SLICE_X50Y61         FDRE                                         r  mhsa_i/smartconnect_1/inst/clk_map/psr_aclk/U0/ACTIVE_LOW_BSR_OUT_DFF[0].FDRE_BSR_N/C
  -------------------------------------------------------------------    -------------------
    SLICE_X50Y61         FDRE (Prop_DFF_SLICEM_C_Q)
                                                      0.039     1.153 r  mhsa_i/smartconnect_1/inst/clk_map/psr_aclk/U0/ACTIVE_LOW_BSR_OUT_DFF[0].FDRE_BSR_N/Q
                         net (fo=18, routed)          0.140     1.293    mhsa_i/smartconnect_1/inst/s00_entry_pipeline/s00_transaction_regulator/inst/xpm_cdc_async_rst_inst/src_arst
    SLICE_X50Y55         FDCE                                         f  mhsa_i/smartconnect_1/inst/s00_entry_pipeline/s00_transaction_regulator/inst/xpm_cdc_async_rst_inst/arststages_ff_reg[2]/CLR  (IS_INVERTED)
  -------------------------------------------------------------------    -------------------

                         (clock clk_pl_0 rise edge)
                                                      0.000     0.000 r  
    PS8_X0Y0             PS8                          0.000     0.000 r  mhsa_i/zynq_ultra_ps_e_0/inst/PS8_i/PLCLK[0]
                         net (fo=1, routed)           0.154     0.154    mhsa_i/zynq_ultra_ps_e_0/inst/pl_clk_unbuffered[0]
    BUFG_PS_X0Y80        BUFG_PS (Prop_BUFG_PS_I_O)
                                                      0.018     0.172 r  mhsa_i/zynq_ultra_ps_e_0/inst/buffer_pl_clk_0.PL_CLK_0_BUFG/O
    X1Y2 (CLOCK_ROOT)    net (fo=24188, routed)       1.123     1.295    mhsa_i/smartconnect_1/inst/s00_entry_pipeline/s00_transaction_regulator/inst/xpm_cdc_async_rst_inst/dest_clk
    SLICE_X50Y55         FDCE                                         r  mhsa_i/smartconnect_1/inst/s00_entry_pipeline/s00_transaction_regulator/inst/xpm_cdc_async_rst_inst/arststages_ff_reg[2]/C

Slack:                    inf
  Source:                 mhsa_i/smartconnect_3/inst/clk_map/psr_aclk/U0/ACTIVE_LOW_BSR_OUT_DFF[0].FDRE_BSR_N/C
                            (rising edge-triggered cell FDRE clocked by clk_pl_0  {rise@0.000ns fall@5.156ns period=10.312ns})
  Destination:            mhsa_i/smartconnect_3/inst/s00_nodes/s00_w_node/inst/s_sc_xpm_cdc_async_rst_inst/arststages_ff_reg[0]/CLR
                            (removal check against rising-edge clock clk_pl_0  {rise@0.000ns fall@5.156ns period=10.312ns})
  Path Group:             (none)
  Path Type:              Removal (Min at Fast Process Corner)
  Data Path Delay:        0.157ns  (logic 0.039ns (24.850%)  route 0.118ns (75.150%))
  Logic Levels:           0  
  Clock Path Skew:        0.184ns (DCD - SCD - CPR)
    Destination Clock Delay (DCD):    1.363ns
    Source Clock Delay      (SCD):    1.180ns
    Clock Pessimism Removal (CPR):    -0.000ns
  Clock Uncertainty:      0.159ns  ((TSJ^2 + DJ^2)^1/2) / 2 + PE
    Total System Jitter     (TSJ):    0.071ns
    Discrete Jitter          (DJ):    0.310ns
    Phase Error              (PE):    0.000ns
  Clock Net Delay (Source):      1.041ns (routing 0.311ns, distribution 0.730ns)
  Clock Net Delay (Destination): 1.191ns (routing 0.352ns, distribution 0.839ns)
  Timing Exception:       False Path

    Location             Delay type                Incr(ns)  Path(ns)    Netlist Resource(s)
  -------------------------------------------------------------------    -------------------
                         (clock clk_pl_0 rise edge)
                                                      0.000     0.000 r  
    PS8_X0Y0             PS8                          0.000     0.000 r  mhsa_i/zynq_ultra_ps_e_0/inst/PS8_i/PLCLK[0]
                         net (fo=1, routed)           0.122     0.122    mhsa_i/zynq_ultra_ps_e_0/inst/pl_clk_unbuffered[0]
    BUFG_PS_X0Y80        BUFG_PS (Prop_BUFG_PS_I_O)
                                                      0.017     0.139 r  mhsa_i/zynq_ultra_ps_e_0/inst/buffer_pl_clk_0.PL_CLK_0_BUFG/O
    X1Y2 (CLOCK_ROOT)    net (fo=24188, routed)       1.041     1.180    mhsa_i/smartconnect_3/inst/clk_map/psr_aclk/U0/aclk
    SLICE_X41Y261        FDRE                                         r  mhsa_i/smartconnect_3/inst/clk_map/psr_aclk/U0/ACTIVE_LOW_BSR_OUT_DFF[0].FDRE_BSR_N/C
  -------------------------------------------------------------------    -------------------
    SLICE_X41Y261        FDRE (Prop_DFF_SLICEM_C_Q)
                                                      0.039     1.219 r  mhsa_i/smartconnect_3/inst/clk_map/psr_aclk/U0/ACTIVE_LOW_BSR_OUT_DFF[0].FDRE_BSR_N/Q
                         net (fo=30, routed)          0.118     1.336    mhsa_i/smartconnect_3/inst/s00_nodes/s00_w_node/inst/s_sc_xpm_cdc_async_rst_inst/src_arst
    SLICE_X36Y261        FDCE                                         f  mhsa_i/smartconnect_3/inst/s00_nodes/s00_w_node/inst/s_sc_xpm_cdc_async_rst_inst/arststages_ff_reg[0]/CLR  (IS_INVERTED)
  -------------------------------------------------------------------    -------------------

                         (clock clk_pl_0 rise edge)
                                                      0.000     0.000 r  
    PS8_X0Y0             PS8                          0.000     0.000 r  mhsa_i/zynq_ultra_ps_e_0/inst/PS8_i/PLCLK[0]
                         net (fo=1, routed)           0.154     0.154    mhsa_i/zynq_ultra_ps_e_0/inst/pl_clk_unbuffered[0]
    BUFG_PS_X0Y80        BUFG_PS (Prop_BUFG_PS_I_O)
                                                      0.018     0.172 r  mhsa_i/zynq_ultra_ps_e_0/inst/buffer_pl_clk_0.PL_CLK_0_BUFG/O
    X1Y2 (CLOCK_ROOT)    net (fo=24188, routed)       1.191     1.363    mhsa_i/smartconnect_3/inst/s00_nodes/s00_w_node/inst/s_sc_xpm_cdc_async_rst_inst/dest_clk
    SLICE_X36Y261        FDCE                                         r  mhsa_i/smartconnect_3/inst/s00_nodes/s00_w_node/inst/s_sc_xpm_cdc_async_rst_inst/arststages_ff_reg[0]/C

Slack:                    inf
  Source:                 mhsa_i/smartconnect_3/inst/clk_map/psr_aclk/U0/ACTIVE_LOW_BSR_OUT_DFF[0].FDRE_BSR_N/C
                            (rising edge-triggered cell FDRE clocked by clk_pl_0  {rise@0.000ns fall@5.156ns period=10.312ns})
  Destination:            mhsa_i/smartconnect_3/inst/s00_nodes/s00_w_node/inst/s_sc_xpm_cdc_async_rst_inst/arststages_ff_reg[1]/CLR
                            (removal check against rising-edge clock clk_pl_0  {rise@0.000ns fall@5.156ns period=10.312ns})
  Path Group:             (none)
  Path Type:              Removal (Min at Fast Process Corner)
  Data Path Delay:        0.157ns  (logic 0.039ns (24.850%)  route 0.118ns (75.150%))
  Logic Levels:           0  
  Clock Path Skew:        0.184ns (DCD - SCD - CPR)
    Destination Clock Delay (DCD):    1.363ns
    Source Clock Delay      (SCD):    1.180ns
    Clock Pessimism Removal (CPR):    -0.000ns
  Clock Uncertainty:      0.159ns  ((TSJ^2 + DJ^2)^1/2) / 2 + PE
    Total System Jitter     (TSJ):    0.071ns
    Discrete Jitter          (DJ):    0.310ns
    Phase Error              (PE):    0.000ns
  Clock Net Delay (Source):      1.041ns (routing 0.311ns, distribution 0.730ns)
  Clock Net Delay (Destination): 1.191ns (routing 0.352ns, distribution 0.839ns)
  Timing Exception:       False Path

    Location             Delay type                Incr(ns)  Path(ns)    Netlist Resource(s)
  -------------------------------------------------------------------    -------------------
                         (clock clk_pl_0 rise edge)
                                                      0.000     0.000 r  
    PS8_X0Y0             PS8                          0.000     0.000 r  mhsa_i/zynq_ultra_ps_e_0/inst/PS8_i/PLCLK[0]
                         net (fo=1, routed)           0.122     0.122    mhsa_i/zynq_ultra_ps_e_0/inst/pl_clk_unbuffered[0]
    BUFG_PS_X0Y80        BUFG_PS (Prop_BUFG_PS_I_O)
                                                      0.017     0.139 r  mhsa_i/zynq_ultra_ps_e_0/inst/buffer_pl_clk_0.PL_CLK_0_BUFG/O
    X1Y2 (CLOCK_ROOT)    net (fo=24188, routed)       1.041     1.180    mhsa_i/smartconnect_3/inst/clk_map/psr_aclk/U0/aclk
    SLICE_X41Y261        FDRE                                         r  mhsa_i/smartconnect_3/inst/clk_map/psr_aclk/U0/ACTIVE_LOW_BSR_OUT_DFF[0].FDRE_BSR_N/C
  -------------------------------------------------------------------    -------------------
    SLICE_X41Y261        FDRE (Prop_DFF_SLICEM_C_Q)
                                                      0.039     1.219 r  mhsa_i/smartconnect_3/inst/clk_map/psr_aclk/U0/ACTIVE_LOW_BSR_OUT_DFF[0].FDRE_BSR_N/Q
                         net (fo=30, routed)          0.118     1.336    mhsa_i/smartconnect_3/inst/s00_nodes/s00_w_node/inst/s_sc_xpm_cdc_async_rst_inst/src_arst
    SLICE_X36Y261        FDCE                                         f  mhsa_i/smartconnect_3/inst/s00_nodes/s00_w_node/inst/s_sc_xpm_cdc_async_rst_inst/arststages_ff_reg[1]/CLR  (IS_INVERTED)
  -------------------------------------------------------------------    -------------------

                         (clock clk_pl_0 rise edge)
                                                      0.000     0.000 r  
    PS8_X0Y0             PS8                          0.000     0.000 r  mhsa_i/zynq_ultra_ps_e_0/inst/PS8_i/PLCLK[0]
                         net (fo=1, routed)           0.154     0.154    mhsa_i/zynq_ultra_ps_e_0/inst/pl_clk_unbuffered[0]
    BUFG_PS_X0Y80        BUFG_PS (Prop_BUFG_PS_I_O)
                                                      0.018     0.172 r  mhsa_i/zynq_ultra_ps_e_0/inst/buffer_pl_clk_0.PL_CLK_0_BUFG/O
    X1Y2 (CLOCK_ROOT)    net (fo=24188, routed)       1.191     1.363    mhsa_i/smartconnect_3/inst/s00_nodes/s00_w_node/inst/s_sc_xpm_cdc_async_rst_inst/dest_clk
    SLICE_X36Y261        FDCE                                         r  mhsa_i/smartconnect_3/inst/s00_nodes/s00_w_node/inst/s_sc_xpm_cdc_async_rst_inst/arststages_ff_reg[1]/C

Slack:                    inf
  Source:                 mhsa_i/smartconnect_3/inst/clk_map/psr_aclk/U0/ACTIVE_LOW_BSR_OUT_DFF[0].FDRE_BSR_N/C
                            (rising edge-triggered cell FDRE clocked by clk_pl_0  {rise@0.000ns fall@5.156ns period=10.312ns})
  Destination:            mhsa_i/smartconnect_3/inst/s00_nodes/s00_w_node/inst/s_sc_xpm_cdc_async_rst_inst/arststages_ff_reg[2]/CLR
                            (removal check against rising-edge clock clk_pl_0  {rise@0.000ns fall@5.156ns period=10.312ns})
  Path Group:             (none)
  Path Type:              Removal (Min at Fast Process Corner)
  Data Path Delay:        0.157ns  (logic 0.039ns (24.850%)  route 0.118ns (75.150%))
  Logic Levels:           0  
  Clock Path Skew:        0.184ns (DCD - SCD - CPR)
    Destination Clock Delay (DCD):    1.363ns
    Source Clock Delay      (SCD):    1.180ns
    Clock Pessimism Removal (CPR):    -0.000ns
  Clock Uncertainty:      0.159ns  ((TSJ^2 + DJ^2)^1/2) / 2 + PE
    Total System Jitter     (TSJ):    0.071ns
    Discrete Jitter          (DJ):    0.310ns
    Phase Error              (PE):    0.000ns
  Clock Net Delay (Source):      1.041ns (routing 0.311ns, distribution 0.730ns)
  Clock Net Delay (Destination): 1.191ns (routing 0.352ns, distribution 0.839ns)
  Timing Exception:       False Path

    Location             Delay type                Incr(ns)  Path(ns)    Netlist Resource(s)
  -------------------------------------------------------------------    -------------------
                         (clock clk_pl_0 rise edge)
                                                      0.000     0.000 r  
    PS8_X0Y0             PS8                          0.000     0.000 r  mhsa_i/zynq_ultra_ps_e_0/inst/PS8_i/PLCLK[0]
                         net (fo=1, routed)           0.122     0.122    mhsa_i/zynq_ultra_ps_e_0/inst/pl_clk_unbuffered[0]
    BUFG_PS_X0Y80        BUFG_PS (Prop_BUFG_PS_I_O)
                                                      0.017     0.139 r  mhsa_i/zynq_ultra_ps_e_0/inst/buffer_pl_clk_0.PL_CLK_0_BUFG/O
    X1Y2 (CLOCK_ROOT)    net (fo=24188, routed)       1.041     1.180    mhsa_i/smartconnect_3/inst/clk_map/psr_aclk/U0/aclk
    SLICE_X41Y261        FDRE                                         r  mhsa_i/smartconnect_3/inst/clk_map/psr_aclk/U0/ACTIVE_LOW_BSR_OUT_DFF[0].FDRE_BSR_N/C
  -------------------------------------------------------------------    -------------------
    SLICE_X41Y261        FDRE (Prop_DFF_SLICEM_C_Q)
                                                      0.039     1.219 r  mhsa_i/smartconnect_3/inst/clk_map/psr_aclk/U0/ACTIVE_LOW_BSR_OUT_DFF[0].FDRE_BSR_N/Q
                         net (fo=30, routed)          0.118     1.336    mhsa_i/smartconnect_3/inst/s00_nodes/s00_w_node/inst/s_sc_xpm_cdc_async_rst_inst/src_arst
    SLICE_X36Y261        FDCE                                         f  mhsa_i/smartconnect_3/inst/s00_nodes/s00_w_node/inst/s_sc_xpm_cdc_async_rst_inst/arststages_ff_reg[2]/CLR  (IS_INVERTED)
  -------------------------------------------------------------------    -------------------

                         (clock clk_pl_0 rise edge)
                                                      0.000     0.000 r  
    PS8_X0Y0             PS8                          0.000     0.000 r  mhsa_i/zynq_ultra_ps_e_0/inst/PS8_i/PLCLK[0]
                         net (fo=1, routed)           0.154     0.154    mhsa_i/zynq_ultra_ps_e_0/inst/pl_clk_unbuffered[0]
    BUFG_PS_X0Y80        BUFG_PS (Prop_BUFG_PS_I_O)
                                                      0.018     0.172 r  mhsa_i/zynq_ultra_ps_e_0/inst/buffer_pl_clk_0.PL_CLK_0_BUFG/O
    X1Y2 (CLOCK_ROOT)    net (fo=24188, routed)       1.191     1.363    mhsa_i/smartconnect_3/inst/s00_nodes/s00_w_node/inst/s_sc_xpm_cdc_async_rst_inst/dest_clk
    SLICE_X36Y261        FDCE                                         r  mhsa_i/smartconnect_3/inst/s00_nodes/s00_w_node/inst/s_sc_xpm_cdc_async_rst_inst/arststages_ff_reg[2]/C

Slack:                    inf
  Source:                 mhsa_i/smartconnect_1/inst/clk_map/psr_aclk/U0/ACTIVE_LOW_BSR_OUT_DFF[0].FDRE_BSR_N/C
                            (rising edge-triggered cell FDRE clocked by clk_pl_0  {rise@0.000ns fall@5.156ns period=10.312ns})
  Destination:            mhsa_i/smartconnect_1/inst/s00_nodes/s00_ar_node/inst/s_sc_xpm_cdc_async_rst_inst/arststages_ff_reg[0]/CLR
                            (removal check against rising-edge clock clk_pl_0  {rise@0.000ns fall@5.156ns period=10.312ns})
  Path Group:             (none)
  Path Type:              Removal (Min at Fast Process Corner)
  Data Path Delay:        0.235ns  (logic 0.039ns (16.578%)  route 0.196ns (83.422%))
  Logic Levels:           0  
  Clock Path Skew:        0.150ns (DCD - SCD - CPR)
    Destination Clock Delay (DCD):    1.264ns
    Source Clock Delay      (SCD):    1.114ns
    Clock Pessimism Removal (CPR):    -0.000ns
  Clock Uncertainty:      0.159ns  ((TSJ^2 + DJ^2)^1/2) / 2 + PE
    Total System Jitter     (TSJ):    0.071ns
    Discrete Jitter          (DJ):    0.310ns
    Phase Error              (PE):    0.000ns
  Clock Net Delay (Source):      0.975ns (routing 0.311ns, distribution 0.664ns)
  Clock Net Delay (Destination): 1.092ns (routing 0.352ns, distribution 0.740ns)
  Timing Exception:       False Path

    Location             Delay type                Incr(ns)  Path(ns)    Netlist Resource(s)
  -------------------------------------------------------------------    -------------------
                         (clock clk_pl_0 rise edge)
                                                      0.000     0.000 r  
    PS8_X0Y0             PS8                          0.000     0.000 r  mhsa_i/zynq_ultra_ps_e_0/inst/PS8_i/PLCLK[0]
                         net (fo=1, routed)           0.122     0.122    mhsa_i/zynq_ultra_ps_e_0/inst/pl_clk_unbuffered[0]
    BUFG_PS_X0Y80        BUFG_PS (Prop_BUFG_PS_I_O)
                                                      0.017     0.139 r  mhsa_i/zynq_ultra_ps_e_0/inst/buffer_pl_clk_0.PL_CLK_0_BUFG/O
    X1Y2 (CLOCK_ROOT)    net (fo=24188, routed)       0.975     1.114    mhsa_i/smartconnect_1/inst/clk_map/psr_aclk/U0/aclk
    SLICE_X50Y61         FDRE                                         r  mhsa_i/smartconnect_1/inst/clk_map/psr_aclk/U0/ACTIVE_LOW_BSR_OUT_DFF[0].FDRE_BSR_N/C
  -------------------------------------------------------------------    -------------------
    SLICE_X50Y61         FDRE (Prop_DFF_SLICEM_C_Q)
                                                      0.039     1.153 r  mhsa_i/smartconnect_1/inst/clk_map/psr_aclk/U0/ACTIVE_LOW_BSR_OUT_DFF[0].FDRE_BSR_N/Q
                         net (fo=18, routed)          0.196     1.349    mhsa_i/smartconnect_1/inst/s00_nodes/s00_ar_node/inst/s_sc_xpm_cdc_async_rst_inst/src_arst
    SLICE_X51Y78         FDCE                                         f  mhsa_i/smartconnect_1/inst/s00_nodes/s00_ar_node/inst/s_sc_xpm_cdc_async_rst_inst/arststages_ff_reg[0]/CLR  (IS_INVERTED)
  -------------------------------------------------------------------    -------------------

                         (clock clk_pl_0 rise edge)
                                                      0.000     0.000 r  
    PS8_X0Y0             PS8                          0.000     0.000 r  mhsa_i/zynq_ultra_ps_e_0/inst/PS8_i/PLCLK[0]
                         net (fo=1, routed)           0.154     0.154    mhsa_i/zynq_ultra_ps_e_0/inst/pl_clk_unbuffered[0]
    BUFG_PS_X0Y80        BUFG_PS (Prop_BUFG_PS_I_O)
                                                      0.018     0.172 r  mhsa_i/zynq_ultra_ps_e_0/inst/buffer_pl_clk_0.PL_CLK_0_BUFG/O
    X1Y2 (CLOCK_ROOT)    net (fo=24188, routed)       1.092     1.264    mhsa_i/smartconnect_1/inst/s00_nodes/s00_ar_node/inst/s_sc_xpm_cdc_async_rst_inst/dest_clk
    SLICE_X51Y78         FDCE                                         r  mhsa_i/smartconnect_1/inst/s00_nodes/s00_ar_node/inst/s_sc_xpm_cdc_async_rst_inst/arststages_ff_reg[0]/C

Slack:                    inf
  Source:                 mhsa_i/smartconnect_1/inst/clk_map/psr_aclk/U0/ACTIVE_LOW_BSR_OUT_DFF[0].FDRE_BSR_N/C
                            (rising edge-triggered cell FDRE clocked by clk_pl_0  {rise@0.000ns fall@5.156ns period=10.312ns})
  Destination:            mhsa_i/smartconnect_1/inst/s00_nodes/s00_ar_node/inst/s_sc_xpm_cdc_async_rst_inst/arststages_ff_reg[1]/CLR
                            (removal check against rising-edge clock clk_pl_0  {rise@0.000ns fall@5.156ns period=10.312ns})
  Path Group:             (none)
  Path Type:              Removal (Min at Fast Process Corner)
  Data Path Delay:        0.235ns  (logic 0.039ns (16.578%)  route 0.196ns (83.422%))
  Logic Levels:           0  
  Clock Path Skew:        0.150ns (DCD - SCD - CPR)
    Destination Clock Delay (DCD):    1.264ns
    Source Clock Delay      (SCD):    1.114ns
    Clock Pessimism Removal (CPR):    -0.000ns
  Clock Uncertainty:      0.159ns  ((TSJ^2 + DJ^2)^1/2) / 2 + PE
    Total System Jitter     (TSJ):    0.071ns
    Discrete Jitter          (DJ):    0.310ns
    Phase Error              (PE):    0.000ns
  Clock Net Delay (Source):      0.975ns (routing 0.311ns, distribution 0.664ns)
  Clock Net Delay (Destination): 1.092ns (routing 0.352ns, distribution 0.740ns)
  Timing Exception:       False Path

    Location             Delay type                Incr(ns)  Path(ns)    Netlist Resource(s)
  -------------------------------------------------------------------    -------------------
                         (clock clk_pl_0 rise edge)
                                                      0.000     0.000 r  
    PS8_X0Y0             PS8                          0.000     0.000 r  mhsa_i/zynq_ultra_ps_e_0/inst/PS8_i/PLCLK[0]
                         net (fo=1, routed)           0.122     0.122    mhsa_i/zynq_ultra_ps_e_0/inst/pl_clk_unbuffered[0]
    BUFG_PS_X0Y80        BUFG_PS (Prop_BUFG_PS_I_O)
                                                      0.017     0.139 r  mhsa_i/zynq_ultra_ps_e_0/inst/buffer_pl_clk_0.PL_CLK_0_BUFG/O
    X1Y2 (CLOCK_ROOT)    net (fo=24188, routed)       0.975     1.114    mhsa_i/smartconnect_1/inst/clk_map/psr_aclk/U0/aclk
    SLICE_X50Y61         FDRE                                         r  mhsa_i/smartconnect_1/inst/clk_map/psr_aclk/U0/ACTIVE_LOW_BSR_OUT_DFF[0].FDRE_BSR_N/C
  -------------------------------------------------------------------    -------------------
    SLICE_X50Y61         FDRE (Prop_DFF_SLICEM_C_Q)
                                                      0.039     1.153 r  mhsa_i/smartconnect_1/inst/clk_map/psr_aclk/U0/ACTIVE_LOW_BSR_OUT_DFF[0].FDRE_BSR_N/Q
                         net (fo=18, routed)          0.196     1.349    mhsa_i/smartconnect_1/inst/s00_nodes/s00_ar_node/inst/s_sc_xpm_cdc_async_rst_inst/src_arst
    SLICE_X51Y78         FDCE                                         f  mhsa_i/smartconnect_1/inst/s00_nodes/s00_ar_node/inst/s_sc_xpm_cdc_async_rst_inst/arststages_ff_reg[1]/CLR  (IS_INVERTED)
  -------------------------------------------------------------------    -------------------

                         (clock clk_pl_0 rise edge)
                                                      0.000     0.000 r  
    PS8_X0Y0             PS8                          0.000     0.000 r  mhsa_i/zynq_ultra_ps_e_0/inst/PS8_i/PLCLK[0]
                         net (fo=1, routed)           0.154     0.154    mhsa_i/zynq_ultra_ps_e_0/inst/pl_clk_unbuffered[0]
    BUFG_PS_X0Y80        BUFG_PS (Prop_BUFG_PS_I_O)
                                                      0.018     0.172 r  mhsa_i/zynq_ultra_ps_e_0/inst/buffer_pl_clk_0.PL_CLK_0_BUFG/O
    X1Y2 (CLOCK_ROOT)    net (fo=24188, routed)       1.092     1.264    mhsa_i/smartconnect_1/inst/s00_nodes/s00_ar_node/inst/s_sc_xpm_cdc_async_rst_inst/dest_clk
    SLICE_X51Y78         FDCE                                         r  mhsa_i/smartconnect_1/inst/s00_nodes/s00_ar_node/inst/s_sc_xpm_cdc_async_rst_inst/arststages_ff_reg[1]/C

Slack:                    inf
  Source:                 mhsa_i/smartconnect_1/inst/clk_map/psr_aclk/U0/ACTIVE_LOW_BSR_OUT_DFF[0].FDRE_BSR_N/C
                            (rising edge-triggered cell FDRE clocked by clk_pl_0  {rise@0.000ns fall@5.156ns period=10.312ns})
  Destination:            mhsa_i/smartconnect_1/inst/s00_nodes/s00_ar_node/inst/s_sc_xpm_cdc_async_rst_inst/arststages_ff_reg[2]/CLR
                            (removal check against rising-edge clock clk_pl_0  {rise@0.000ns fall@5.156ns period=10.312ns})
  Path Group:             (none)
  Path Type:              Removal (Min at Fast Process Corner)
  Data Path Delay:        0.235ns  (logic 0.039ns (16.578%)  route 0.196ns (83.422%))
  Logic Levels:           0  
  Clock Path Skew:        0.150ns (DCD - SCD - CPR)
    Destination Clock Delay (DCD):    1.264ns
    Source Clock Delay      (SCD):    1.114ns
    Clock Pessimism Removal (CPR):    -0.000ns
  Clock Uncertainty:      0.159ns  ((TSJ^2 + DJ^2)^1/2) / 2 + PE
    Total System Jitter     (TSJ):    0.071ns
    Discrete Jitter          (DJ):    0.310ns
    Phase Error              (PE):    0.000ns
  Clock Net Delay (Source):      0.975ns (routing 0.311ns, distribution 0.664ns)
  Clock Net Delay (Destination): 1.092ns (routing 0.352ns, distribution 0.740ns)
  Timing Exception:       False Path

    Location             Delay type                Incr(ns)  Path(ns)    Netlist Resource(s)
  -------------------------------------------------------------------    -------------------
                         (clock clk_pl_0 rise edge)
                                                      0.000     0.000 r  
    PS8_X0Y0             PS8                          0.000     0.000 r  mhsa_i/zynq_ultra_ps_e_0/inst/PS8_i/PLCLK[0]
                         net (fo=1, routed)           0.122     0.122    mhsa_i/zynq_ultra_ps_e_0/inst/pl_clk_unbuffered[0]
    BUFG_PS_X0Y80        BUFG_PS (Prop_BUFG_PS_I_O)
                                                      0.017     0.139 r  mhsa_i/zynq_ultra_ps_e_0/inst/buffer_pl_clk_0.PL_CLK_0_BUFG/O
    X1Y2 (CLOCK_ROOT)    net (fo=24188, routed)       0.975     1.114    mhsa_i/smartconnect_1/inst/clk_map/psr_aclk/U0/aclk
    SLICE_X50Y61         FDRE                                         r  mhsa_i/smartconnect_1/inst/clk_map/psr_aclk/U0/ACTIVE_LOW_BSR_OUT_DFF[0].FDRE_BSR_N/C
  -------------------------------------------------------------------    -------------------
    SLICE_X50Y61         FDRE (Prop_DFF_SLICEM_C_Q)
                                                      0.039     1.153 r  mhsa_i/smartconnect_1/inst/clk_map/psr_aclk/U0/ACTIVE_LOW_BSR_OUT_DFF[0].FDRE_BSR_N/Q
                         net (fo=18, routed)          0.196     1.349    mhsa_i/smartconnect_1/inst/s00_nodes/s00_ar_node/inst/s_sc_xpm_cdc_async_rst_inst/src_arst
    SLICE_X51Y78         FDCE                                         f  mhsa_i/smartconnect_1/inst/s00_nodes/s00_ar_node/inst/s_sc_xpm_cdc_async_rst_inst/arststages_ff_reg[2]/CLR  (IS_INVERTED)
  -------------------------------------------------------------------    -------------------

                         (clock clk_pl_0 rise edge)
                                                      0.000     0.000 r  
    PS8_X0Y0             PS8                          0.000     0.000 r  mhsa_i/zynq_ultra_ps_e_0/inst/PS8_i/PLCLK[0]
                         net (fo=1, routed)           0.154     0.154    mhsa_i/zynq_ultra_ps_e_0/inst/pl_clk_unbuffered[0]
    BUFG_PS_X0Y80        BUFG_PS (Prop_BUFG_PS_I_O)
                                                      0.018     0.172 r  mhsa_i/zynq_ultra_ps_e_0/inst/buffer_pl_clk_0.PL_CLK_0_BUFG/O
    X1Y2 (CLOCK_ROOT)    net (fo=24188, routed)       1.092     1.264    mhsa_i/smartconnect_1/inst/s00_nodes/s00_ar_node/inst/s_sc_xpm_cdc_async_rst_inst/dest_clk
    SLICE_X51Y78         FDCE                                         r  mhsa_i/smartconnect_1/inst/s00_nodes/s00_ar_node/inst/s_sc_xpm_cdc_async_rst_inst/arststages_ff_reg[2]/C

Slack:                    inf
  Source:                 mhsa_i/smartconnect_1/inst/clk_map/psr_aclk/U0/ACTIVE_LOW_BSR_OUT_DFF[0].FDRE_BSR_N/C
                            (rising edge-triggered cell FDRE clocked by clk_pl_0  {rise@0.000ns fall@5.156ns period=10.312ns})
  Destination:            mhsa_i/smartconnect_1/inst/s00_nodes/s00_r_node/inst/s_sc_xpm_cdc_async_rst_inst/arststages_ff_reg[0]/CLR
                            (removal check against rising-edge clock clk_pl_0  {rise@0.000ns fall@5.156ns period=10.312ns})
  Path Group:             (none)
  Path Type:              Removal (Min at Fast Process Corner)
  Data Path Delay:        0.243ns  (logic 0.039ns (16.024%)  route 0.204ns (83.976%))
  Logic Levels:           0  
  Clock Path Skew:        0.183ns (DCD - SCD - CPR)
    Destination Clock Delay (DCD):    1.296ns
    Source Clock Delay      (SCD):    1.114ns
    Clock Pessimism Removal (CPR):    -0.000ns
  Clock Uncertainty:      0.159ns  ((TSJ^2 + DJ^2)^1/2) / 2 + PE
    Total System Jitter     (TSJ):    0.071ns
    Discrete Jitter          (DJ):    0.310ns
    Phase Error              (PE):    0.000ns
  Clock Net Delay (Source):      0.975ns (routing 0.311ns, distribution 0.664ns)
  Clock Net Delay (Destination): 1.124ns (routing 0.352ns, distribution 0.772ns)
  Timing Exception:       False Path

    Location             Delay type                Incr(ns)  Path(ns)    Netlist Resource(s)
  -------------------------------------------------------------------    -------------------
                         (clock clk_pl_0 rise edge)
                                                      0.000     0.000 r  
    PS8_X0Y0             PS8                          0.000     0.000 r  mhsa_i/zynq_ultra_ps_e_0/inst/PS8_i/PLCLK[0]
                         net (fo=1, routed)           0.122     0.122    mhsa_i/zynq_ultra_ps_e_0/inst/pl_clk_unbuffered[0]
    BUFG_PS_X0Y80        BUFG_PS (Prop_BUFG_PS_I_O)
                                                      0.017     0.139 r  mhsa_i/zynq_ultra_ps_e_0/inst/buffer_pl_clk_0.PL_CLK_0_BUFG/O
    X1Y2 (CLOCK_ROOT)    net (fo=24188, routed)       0.975     1.114    mhsa_i/smartconnect_1/inst/clk_map/psr_aclk/U0/aclk
    SLICE_X50Y61         FDRE                                         r  mhsa_i/smartconnect_1/inst/clk_map/psr_aclk/U0/ACTIVE_LOW_BSR_OUT_DFF[0].FDRE_BSR_N/C
  -------------------------------------------------------------------    -------------------
    SLICE_X50Y61         FDRE (Prop_DFF_SLICEM_C_Q)
                                                      0.039     1.153 r  mhsa_i/smartconnect_1/inst/clk_map/psr_aclk/U0/ACTIVE_LOW_BSR_OUT_DFF[0].FDRE_BSR_N/Q
                         net (fo=18, routed)          0.204     1.357    mhsa_i/smartconnect_1/inst/s00_nodes/s00_r_node/inst/s_sc_xpm_cdc_async_rst_inst/src_arst
    SLICE_X50Y49         FDCE                                         f  mhsa_i/smartconnect_1/inst/s00_nodes/s00_r_node/inst/s_sc_xpm_cdc_async_rst_inst/arststages_ff_reg[0]/CLR  (IS_INVERTED)
  -------------------------------------------------------------------    -------------------

                         (clock clk_pl_0 rise edge)
                                                      0.000     0.000 r  
    PS8_X0Y0             PS8                          0.000     0.000 r  mhsa_i/zynq_ultra_ps_e_0/inst/PS8_i/PLCLK[0]
                         net (fo=1, routed)           0.154     0.154    mhsa_i/zynq_ultra_ps_e_0/inst/pl_clk_unbuffered[0]
    BUFG_PS_X0Y80        BUFG_PS (Prop_BUFG_PS_I_O)
                                                      0.018     0.172 r  mhsa_i/zynq_ultra_ps_e_0/inst/buffer_pl_clk_0.PL_CLK_0_BUFG/O
    X1Y2 (CLOCK_ROOT)    net (fo=24188, routed)       1.124     1.296    mhsa_i/smartconnect_1/inst/s00_nodes/s00_r_node/inst/s_sc_xpm_cdc_async_rst_inst/dest_clk
    SLICE_X50Y49         FDCE                                         r  mhsa_i/smartconnect_1/inst/s00_nodes/s00_r_node/inst/s_sc_xpm_cdc_async_rst_inst/arststages_ff_reg[0]/C





--------------------------------------------------------------------------------------
Path Group:  (none)
From Clock:  
  To Clock:  clk_pl_0

Max Delay          1752 Endpoints
Min Delay          1752 Endpoints
--------------------------------------------------------------------------------------


Max Delay Paths
--------------------------------------------------------------------------------------
Slack:                    inf
  Source:                 mhsa_i/mhsa_top_0/inst/grp_online_attention_row_fu_1064/mul_32s_32s_64_1_1_U507/tmp_product__1/DSP_A_B_DATA_INST/A2_DATA[26]
                            (internal pin)
  Destination:            mhsa_i/mhsa_top_0/inst/O_row_6_U/ram_reg_bram_0/DINADIN[0]
                            (rising edge-triggered cell RAMB36E2 clocked by clk_pl_0  {rise@0.000ns fall@5.156ns period=10.312ns})
  Path Group:             (none)
  Path Type:              Setup (Max at Slow Process Corner)
  Data Path Delay:        5.302ns  (logic 2.701ns (50.945%)  route 2.601ns (49.055%))
  Logic Levels:           17  (CARRY8=6 DSP_ALU=2 DSP_M_DATA=1 DSP_MULTIPLIER=1 DSP_OUTPUT=2 DSP_PREADD_DATA=1 LUT2=1 LUT5=1 LUT6=2)
  Clock Uncertainty:      0.157ns  ((TSJ^2 + DJ^2)^1/2) / 2 + PE
    Total System Jitter     (TSJ):    0.050ns
    Discrete Jitter          (DJ):    0.310ns
    Phase Error              (PE):    0.000ns
  Clock Net Delay (Destination): 1.563ns (routing 0.512ns, distribution 1.051ns)

    Location             Delay type                Incr(ns)  Path(ns)    Netlist Resource(s)
  -------------------------------------------------------------------    -------------------
    DSP48E2_X11Y32       DSP_A_B_DATA                 0.000     0.000 r  mhsa_i/mhsa_top_0/inst/grp_online_attention_row_fu_1064/mul_32s_32s_64_1_1_U507/tmp_product__1/DSP_A_B_DATA_INST/A2_DATA[26]
                         net (fo=1, routed)           0.000     0.000    mhsa_i/mhsa_top_0/inst/grp_online_attention_row_fu_1064/mul_32s_32s_64_1_1_U507/tmp_product__1/DSP_A_B_DATA.A2_DATA<26>
    DSP48E2_X11Y32       DSP_PREADD_DATA (Prop_DSP_PREADD_DATA_DSP48E2_A2_DATA[26]_A2A1[26])
                                                      0.076     0.076 r  mhsa_i/mhsa_top_0/inst/grp_online_attention_row_fu_1064/mul_32s_32s_64_1_1_U507/tmp_product__1/DSP_PREADD_DATA_INST/A2A1[26]
                         net (fo=1, routed)           0.000     0.076    mhsa_i/mhsa_top_0/inst/grp_online_attention_row_fu_1064/mul_32s_32s_64_1_1_U507/tmp_product__1/DSP_PREADD_DATA.A2A1<26>
    DSP48E2_X11Y32       DSP_MULTIPLIER (Prop_DSP_MULTIPLIER_DSP48E2_A2A1[26]_U[43])
                                                      0.505     0.581 f  mhsa_i/mhsa_top_0/inst/grp_online_attention_row_fu_1064/mul_32s_32s_64_1_1_U507/tmp_product__1/DSP_MULTIPLIER_INST/U[43]
                         net (fo=1, routed)           0.000     0.581    mhsa_i/mhsa_top_0/inst/grp_online_attention_row_fu_1064/mul_32s_32s_64_1_1_U507/tmp_product__1/DSP_MULTIPLIER.U<43>
    DSP48E2_X11Y32       DSP_M_DATA (Prop_DSP_M_DATA_DSP48E2_U[43]_U_DATA[43])
                                                      0.047     0.628 r  mhsa_i/mhsa_top_0/inst/grp_online_attention_row_fu_1064/mul_32s_32s_64_1_1_U507/tmp_product__1/DSP_M_DATA_INST/U_DATA[43]
                         net (fo=1, routed)           0.000     0.628    mhsa_i/mhsa_top_0/inst/grp_online_attention_row_fu_1064/mul_32s_32s_64_1_1_U507/tmp_product__1/DSP_M_DATA.U_DATA<43>
    DSP48E2_X11Y32       DSP_ALU (Prop_DSP_ALU_DSP48E2_U_DATA[43]_ALU_OUT[47])
                                                      0.585     1.213 f  mhsa_i/mhsa_top_0/inst/grp_online_attention_row_fu_1064/mul_32s_32s_64_1_1_U507/tmp_product__1/DSP_ALU_INST/ALU_OUT[47]
                         net (fo=1, routed)           0.000     1.213    mhsa_i/mhsa_top_0/inst/grp_online_attention_row_fu_1064/mul_32s_32s_64_1_1_U507/tmp_product__1/DSP_ALU.ALU_OUT<47>
    DSP48E2_X11Y32       DSP_OUTPUT (Prop_DSP_OUTPUT_DSP48E2_ALU_OUT[47]_PCOUT[47])
                                                      0.122     1.335 r  mhsa_i/mhsa_top_0/inst/grp_online_attention_row_fu_1064/mul_32s_32s_64_1_1_U507/tmp_product__1/DSP_OUTPUT_INST/PCOUT[47]
                         net (fo=1, routed)           0.014     1.349    mhsa_i/mhsa_top_0/inst/grp_online_attention_row_fu_1064/mul_32s_32s_64_1_1_U507/tmp_product__2/PCIN[47]
    DSP48E2_X11Y33       DSP_ALU (Prop_DSP_ALU_DSP48E2_PCIN[47]_ALU_OUT[3])
                                                      0.546     1.895 f  mhsa_i/mhsa_top_0/inst/grp_online_attention_row_fu_1064/mul_32s_32s_64_1_1_U507/tmp_product__2/DSP_ALU_INST/ALU_OUT[3]
                         net (fo=1, routed)           0.000     1.895    mhsa_i/mhsa_top_0/inst/grp_online_attention_row_fu_1064/mul_32s_32s_64_1_1_U507/tmp_product__2/DSP_ALU.ALU_OUT<3>
    DSP48E2_X11Y33       DSP_OUTPUT (Prop_DSP_OUTPUT_DSP48E2_ALU_OUT[3]_P[3])
                                                      0.109     2.004 r  mhsa_i/mhsa_top_0/inst/grp_online_attention_row_fu_1064/mul_32s_32s_64_1_1_U507/tmp_product__2/DSP_OUTPUT_INST/P[3]
                         net (fo=2, routed)           0.344     2.348    mhsa_i/mhsa_top_0/inst/grp_online_attention_row_fu_1064/mul_32s_32s_64_1_1_U507/tmp_product__2_n_104
    SLICE_X85Y79         LUT2 (Prop_E6LUT_SLICEL_I0_O)
                                                      0.051     2.399 r  mhsa_i/mhsa_top_0/inst/grp_online_attention_row_fu_1064/mul_32s_32s_64_1_1_U507/tmp_product_carry_i_4__56/O
                         net (fo=1, routed)           0.007     2.406    mhsa_i/mhsa_top_0/inst/grp_online_attention_row_fu_1064/mul_32s_32s_64_1_1_U507/tmp_product_carry_i_4__56_n_2
    SLICE_X85Y79         CARRY8 (Prop_CARRY8_SLICEL_S[4]_CO[7])
                                                      0.153     2.559 r  mhsa_i/mhsa_top_0/inst/grp_online_attention_row_fu_1064/mul_32s_32s_64_1_1_U507/tmp_product_carry/CO[7]
                         net (fo=1, routed)           0.026     2.585    mhsa_i/mhsa_top_0/inst/grp_online_attention_row_fu_1064/mul_32s_32s_64_1_1_U507/tmp_product_carry_n_2
    SLICE_X85Y80         CARRY8 (Prop_CARRY8_SLICEL_CI_CO[7])
                                                      0.015     2.600 r  mhsa_i/mhsa_top_0/inst/grp_online_attention_row_fu_1064/mul_32s_32s_64_1_1_U507/tmp_product_carry__0/CO[7]
                         net (fo=1, routed)           0.026     2.626    mhsa_i/mhsa_top_0/inst/grp_online_attention_row_fu_1064/mul_32s_32s_64_1_1_U507/tmp_product_carry__0_n_2
    SLICE_X85Y81         CARRY8 (Prop_CARRY8_SLICEL_CI_CO[7])
                                                      0.015     2.641 r  mhsa_i/mhsa_top_0/inst/grp_online_attention_row_fu_1064/mul_32s_32s_64_1_1_U507/tmp_product_carry__1/CO[7]
                         net (fo=1, routed)           0.026     2.667    mhsa_i/mhsa_top_0/inst/grp_online_attention_row_fu_1064/mul_32s_32s_64_1_1_U507/tmp_product_carry__1_n_2
    SLICE_X85Y82         CARRY8 (Prop_CARRY8_SLICEL_CI_CO[7])
                                                      0.015     2.682 r  mhsa_i/mhsa_top_0/inst/grp_online_attention_row_fu_1064/mul_32s_32s_64_1_1_U507/tmp_product_carry__2/CO[7]
                         net (fo=1, routed)           0.026     2.708    mhsa_i/mhsa_top_0/inst/grp_online_attention_row_fu_1064/mul_32s_32s_64_1_1_U507/tmp_product_carry__2_n_2
    SLICE_X85Y83         CARRY8 (Prop_CARRY8_SLICEL_CI_CO[7])
                                                      0.015     2.723 r  mhsa_i/mhsa_top_0/inst/grp_online_attention_row_fu_1064/mul_32s_32s_64_1_1_U507/tmp_product_carry__3/CO[7]
                         net (fo=1, routed)           0.026     2.749    mhsa_i/mhsa_top_0/inst/grp_online_attention_row_fu_1064/mul_32s_32s_64_1_1_U507/tmp_product_carry__3_n_2
    SLICE_X85Y84         CARRY8 (Prop_CARRY8_SLICEL_CI_O[4])
                                                      0.086     2.835 r  mhsa_i/mhsa_top_0/inst/grp_online_attention_row_fu_1064/mul_32s_32s_64_1_1_U507/tmp_product_carry__4/O[4]
                         net (fo=2, routed)           0.241     3.076    mhsa_i/mhsa_top_0/inst/grp_online_attention_row_fu_1064/mul_32s_32s_64_1_1_U507/mul_ln105_22_fu_2132_p2[60]
    SLICE_X84Y83         LUT6 (Prop_G6LUT_SLICEM_I4_O)
                                                      0.150     3.226 f  mhsa_i/mhsa_top_0/inst/grp_online_attention_row_fu_1064/mul_32s_32s_64_1_1_U507/ram_reg_bram_0_i_72__5/O
                         net (fo=1, routed)           0.091     3.317    mhsa_i/mhsa_top_0/inst/grp_online_attention_row_fu_1064/mul_32s_32s_64_1_1_U507/ram_reg_bram_0_i_72__5_n_2
    SLICE_X84Y83         LUT6 (Prop_D6LUT_SLICEM_I1_O)
                                                      0.088     3.405 f  mhsa_i/mhsa_top_0/inst/grp_online_attention_row_fu_1064/mul_32s_32s_64_1_1_U507/ram_reg_bram_0_i_67__3/O
                         net (fo=31, routed)          0.508     3.914    mhsa_i/mhsa_top_0/inst/grp_online_attention_row_fu_1064/mul_32s_32s_64_1_1_U507/ram_reg_bram_0_i_67__3_n_2
    SLICE_X69Y79         LUT5 (Prop_G6LUT_SLICEL_I1_O)
                                                      0.123     4.037 r  mhsa_i/mhsa_top_0/inst/grp_online_attention_row_fu_1064/mul_32s_32s_64_1_1_U507/ram_reg_bram_0_i_33__5/O
                         net (fo=1, routed)           1.265     5.302    mhsa_i/mhsa_top_0/inst/O_row_6_U/out_6_d0[0]
    RAMB36_X1Y18         RAMB36E2                                     r  mhsa_i/mhsa_top_0/inst/O_row_6_U/ram_reg_bram_0/DINADIN[0]
  -------------------------------------------------------------------    -------------------

                         (clock clk_pl_0 rise edge)
                                                      0.000     0.000 r  
    PS8_X0Y0             PS8                          0.000     0.000 r  mhsa_i/zynq_ultra_ps_e_0/inst/PS8_i/PLCLK[0]
                         net (fo=1, routed)           0.143     0.143    mhsa_i/zynq_ultra_ps_e_0/inst/pl_clk_unbuffered[0]
    BUFG_PS_X0Y80        BUFG_PS (Prop_BUFG_PS_I_O)
                                                      0.025     0.168 r  mhsa_i/zynq_ultra_ps_e_0/inst/buffer_pl_clk_0.PL_CLK_0_BUFG/O
    X1Y2 (CLOCK_ROOT)    net (fo=24188, routed)       1.563     1.731    mhsa_i/mhsa_top_0/inst/O_row_6_U/ap_clk
    RAMB36_X1Y18         RAMB36E2                                     r  mhsa_i/mhsa_top_0/inst/O_row_6_U/ram_reg_bram_0/CLKARDCLK

Slack:                    inf
  Source:                 mhsa_i/mhsa_top_0/inst/grp_online_attention_row_fu_1064/mul_32s_32s_64_1_1_U515/tmp_product__1/DSP_A_B_DATA_INST/A2_DATA[26]
                            (internal pin)
  Destination:            mhsa_i/mhsa_top_0/inst/O_row_14_U/ram_reg_bram_0/DINADIN[1]
                            (rising edge-triggered cell RAMB36E2 clocked by clk_pl_0  {rise@0.000ns fall@5.156ns period=10.312ns})
  Path Group:             (none)
  Path Type:              Setup (Max at Slow Process Corner)
  Data Path Delay:        5.275ns  (logic 2.726ns (51.678%)  route 2.549ns (48.322%))
  Logic Levels:           17  (CARRY8=6 DSP_ALU=2 DSP_M_DATA=1 DSP_MULTIPLIER=1 DSP_OUTPUT=2 DSP_PREADD_DATA=1 LUT2=1 LUT4=2 LUT5=1)
  Clock Uncertainty:      0.157ns  ((TSJ^2 + DJ^2)^1/2) / 2 + PE
    Total System Jitter     (TSJ):    0.050ns
    Discrete Jitter          (DJ):    0.310ns
    Phase Error              (PE):    0.000ns
  Clock Net Delay (Destination): 1.564ns (routing 0.512ns, distribution 1.052ns)

    Location             Delay type                Incr(ns)  Path(ns)    Netlist Resource(s)
  -------------------------------------------------------------------    -------------------
    DSP48E2_X8Y76        DSP_A_B_DATA                 0.000     0.000 r  mhsa_i/mhsa_top_0/inst/grp_online_attention_row_fu_1064/mul_32s_32s_64_1_1_U515/tmp_product__1/DSP_A_B_DATA_INST/A2_DATA[26]
                         net (fo=1, routed)           0.000     0.000    mhsa_i/mhsa_top_0/inst/grp_online_attention_row_fu_1064/mul_32s_32s_64_1_1_U515/tmp_product__1/DSP_A_B_DATA.A2_DATA<26>
    DSP48E2_X8Y76        DSP_PREADD_DATA (Prop_DSP_PREADD_DATA_DSP48E2_A2_DATA[26]_A2A1[26])
                                                      0.076     0.076 r  mhsa_i/mhsa_top_0/inst/grp_online_attention_row_fu_1064/mul_32s_32s_64_1_1_U515/tmp_product__1/DSP_PREADD_DATA_INST/A2A1[26]
                         net (fo=1, routed)           0.000     0.076    mhsa_i/mhsa_top_0/inst/grp_online_attention_row_fu_1064/mul_32s_32s_64_1_1_U515/tmp_product__1/DSP_PREADD_DATA.A2A1<26>
    DSP48E2_X8Y76        DSP_MULTIPLIER (Prop_DSP_MULTIPLIER_DSP48E2_A2A1[26]_U[43])
                                                      0.505     0.581 f  mhsa_i/mhsa_top_0/inst/grp_online_attention_row_fu_1064/mul_32s_32s_64_1_1_U515/tmp_product__1/DSP_MULTIPLIER_INST/U[43]
                         net (fo=1, routed)           0.000     0.581    mhsa_i/mhsa_top_0/inst/grp_online_attention_row_fu_1064/mul_32s_32s_64_1_1_U515/tmp_product__1/DSP_MULTIPLIER.U<43>
    DSP48E2_X8Y76        DSP_M_DATA (Prop_DSP_M_DATA_DSP48E2_U[43]_U_DATA[43])
                                                      0.047     0.628 r  mhsa_i/mhsa_top_0/inst/grp_online_attention_row_fu_1064/mul_32s_32s_64_1_1_U515/tmp_product__1/DSP_M_DATA_INST/U_DATA[43]
                         net (fo=1, routed)           0.000     0.628    mhsa_i/mhsa_top_0/inst/grp_online_attention_row_fu_1064/mul_32s_32s_64_1_1_U515/tmp_product__1/DSP_M_DATA.U_DATA<43>
    DSP48E2_X8Y76        DSP_ALU (Prop_DSP_ALU_DSP48E2_U_DATA[43]_ALU_OUT[47])
                                                      0.585     1.213 f  mhsa_i/mhsa_top_0/inst/grp_online_attention_row_fu_1064/mul_32s_32s_64_1_1_U515/tmp_product__1/DSP_ALU_INST/ALU_OUT[47]
                         net (fo=1, routed)           0.000     1.213    mhsa_i/mhsa_top_0/inst/grp_online_attention_row_fu_1064/mul_32s_32s_64_1_1_U515/tmp_product__1/DSP_ALU.ALU_OUT<47>
    DSP48E2_X8Y76        DSP_OUTPUT (Prop_DSP_OUTPUT_DSP48E2_ALU_OUT[47]_PCOUT[47])
                                                      0.122     1.335 r  mhsa_i/mhsa_top_0/inst/grp_online_attention_row_fu_1064/mul_32s_32s_64_1_1_U515/tmp_product__1/DSP_OUTPUT_INST/PCOUT[47]
                         net (fo=1, routed)           0.014     1.349    mhsa_i/mhsa_top_0/inst/grp_online_attention_row_fu_1064/mul_32s_32s_64_1_1_U515/tmp_product__2/PCIN[47]
    DSP48E2_X8Y77        DSP_ALU (Prop_DSP_ALU_DSP48E2_PCIN[47]_ALU_OUT[0])
                                                      0.546     1.895 f  mhsa_i/mhsa_top_0/inst/grp_online_attention_row_fu_1064/mul_32s_32s_64_1_1_U515/tmp_product__2/DSP_ALU_INST/ALU_OUT[0]
                         net (fo=1, routed)           0.000     1.895    mhsa_i/mhsa_top_0/inst/grp_online_attention_row_fu_1064/mul_32s_32s_64_1_1_U515/tmp_product__2/DSP_ALU.ALU_OUT<0>
    DSP48E2_X8Y77        DSP_OUTPUT (Prop_DSP_OUTPUT_DSP48E2_ALU_OUT[0]_P[0])
                                                      0.109     2.004 r  mhsa_i/mhsa_top_0/inst/grp_online_attention_row_fu_1064/mul_32s_32s_64_1_1_U515/tmp_product__2/DSP_OUTPUT_INST/P[0]
                         net (fo=2, routed)           0.317     2.321    mhsa_i/mhsa_top_0/inst/grp_online_attention_row_fu_1064/mul_32s_32s_64_1_1_U515/tmp_product__2_n_107
    SLICE_X73Y185        LUT2 (Prop_B6LUT_SLICEM_I0_O)
                                                      0.100     2.421 r  mhsa_i/mhsa_top_0/inst/grp_online_attention_row_fu_1064/mul_32s_32s_64_1_1_U515/tmp_product_carry_i_7__64/O
                         net (fo=1, routed)           0.016     2.437    mhsa_i/mhsa_top_0/inst/grp_online_attention_row_fu_1064/mul_32s_32s_64_1_1_U515/tmp_product_carry_i_7__64_n_2
    SLICE_X73Y185        CARRY8 (Prop_CARRY8_SLICEM_S[1]_CO[7])
                                                      0.190     2.627 r  mhsa_i/mhsa_top_0/inst/grp_online_attention_row_fu_1064/mul_32s_32s_64_1_1_U515/tmp_product_carry/CO[7]
                         net (fo=1, routed)           0.026     2.653    mhsa_i/mhsa_top_0/inst/grp_online_attention_row_fu_1064/mul_32s_32s_64_1_1_U515/tmp_product_carry_n_2
    SLICE_X73Y186        CARRY8 (Prop_CARRY8_SLICEM_CI_CO[7])
                                                      0.015     2.668 r  mhsa_i/mhsa_top_0/inst/grp_online_attention_row_fu_1064/mul_32s_32s_64_1_1_U515/tmp_product_carry__0/CO[7]
                         net (fo=1, routed)           0.026     2.694    mhsa_i/mhsa_top_0/inst/grp_online_attention_row_fu_1064/mul_32s_32s_64_1_1_U515/tmp_product_carry__0_n_2
    SLICE_X73Y187        CARRY8 (Prop_CARRY8_SLICEM_CI_CO[7])
                                                      0.015     2.709 r  mhsa_i/mhsa_top_0/inst/grp_online_attention_row_fu_1064/mul_32s_32s_64_1_1_U515/tmp_product_carry__1/CO[7]
                         net (fo=1, routed)           0.026     2.735    mhsa_i/mhsa_top_0/inst/grp_online_attention_row_fu_1064/mul_32s_32s_64_1_1_U515/tmp_product_carry__1_n_2
    SLICE_X73Y188        CARRY8 (Prop_CARRY8_SLICEM_CI_CO[7])
                                                      0.015     2.750 r  mhsa_i/mhsa_top_0/inst/grp_online_attention_row_fu_1064/mul_32s_32s_64_1_1_U515/tmp_product_carry__2/CO[7]
                         net (fo=1, routed)           0.026     2.776    mhsa_i/mhsa_top_0/inst/grp_online_attention_row_fu_1064/mul_32s_32s_64_1_1_U515/tmp_product_carry__2_n_2
    SLICE_X73Y189        CARRY8 (Prop_CARRY8_SLICEM_CI_CO[7])
                                                      0.015     2.791 r  mhsa_i/mhsa_top_0/inst/grp_online_attention_row_fu_1064/mul_32s_32s_64_1_1_U515/tmp_product_carry__3/CO[7]
                         net (fo=1, routed)           0.026     2.817    mhsa_i/mhsa_top_0/inst/grp_online_attention_row_fu_1064/mul_32s_32s_64_1_1_U515/tmp_product_carry__3_n_2
    SLICE_X73Y190        CARRY8 (Prop_CARRY8_SLICEM_CI_O[6])
                                                      0.103     2.920 r  mhsa_i/mhsa_top_0/inst/grp_online_attention_row_fu_1064/mul_32s_32s_64_1_1_U515/tmp_product_carry__4/O[6]
                         net (fo=2, routed)           0.247     3.167    mhsa_i/mhsa_top_0/inst/grp_online_attention_row_fu_1064/mul_32s_32s_64_1_1_U515/mul_ln105_30_fu_2164_p2[62]
    SLICE_X72Y189        LUT4 (Prop_D5LUT_SLICEL_I0_O)
                                                      0.157     3.324 f  mhsa_i/mhsa_top_0/inst/grp_online_attention_row_fu_1064/mul_32s_32s_64_1_1_U515/ram_reg_bram_0_i_72__13/O
                         net (fo=1, routed)           0.200     3.524    mhsa_i/mhsa_top_0/inst/grp_online_attention_row_fu_1064/mul_32s_32s_64_1_1_U515/ram_reg_bram_0_i_72__13_n_2
    SLICE_X72Y189        LUT4 (Prop_E6LUT_SLICEL_I1_O)
                                                      0.035     3.559 r  mhsa_i/mhsa_top_0/inst/grp_online_attention_row_fu_1064/mul_32s_32s_64_1_1_U515/ram_reg_bram_0_i_67__14/O
                         net (fo=31, routed)          0.421     3.980    mhsa_i/mhsa_top_0/inst/grp_online_attention_row_fu_1064/mul_32s_32s_64_1_1_U515/ram_reg_bram_0_i_67__14_n_2
    SLICE_X73Y170        LUT5 (Prop_E6LUT_SLICEM_I4_O)
                                                      0.091     4.071 r  mhsa_i/mhsa_top_0/inst/grp_online_attention_row_fu_1064/mul_32s_32s_64_1_1_U515/ram_reg_bram_0_i_32__13/O
                         net (fo=1, routed)           1.204     5.275    mhsa_i/mhsa_top_0/inst/O_row_14_U/out_14_d0[1]
    RAMB36_X1Y33         RAMB36E2                                     r  mhsa_i/mhsa_top_0/inst/O_row_14_U/ram_reg_bram_0/DINADIN[1]
  -------------------------------------------------------------------    -------------------

                         (clock clk_pl_0 rise edge)
                                                      0.000     0.000 r  
    PS8_X0Y0             PS8                          0.000     0.000 r  mhsa_i/zynq_ultra_ps_e_0/inst/PS8_i/PLCLK[0]
                         net (fo=1, routed)           0.143     0.143    mhsa_i/zynq_ultra_ps_e_0/inst/pl_clk_unbuffered[0]
    BUFG_PS_X0Y80        BUFG_PS (Prop_BUFG_PS_I_O)
                                                      0.025     0.168 r  mhsa_i/zynq_ultra_ps_e_0/inst/buffer_pl_clk_0.PL_CLK_0_BUFG/O
    X1Y2 (CLOCK_ROOT)    net (fo=24188, routed)       1.564     1.732    mhsa_i/mhsa_top_0/inst/O_row_14_U/ap_clk
    RAMB36_X1Y33         RAMB36E2                                     r  mhsa_i/mhsa_top_0/inst/O_row_14_U/ram_reg_bram_0/CLKARDCLK

Slack:                    inf
  Source:                 mhsa_i/mhsa_top_0/inst/grp_online_attention_row_fu_1064/mul_32s_32s_64_1_1_U498/tmp_product__1/DSP_A_B_DATA_INST/A2_DATA[26]
                            (internal pin)
  Destination:            mhsa_i/mhsa_top_0/inst/O_row_13_U/ram_reg_bram_0/DINBDIN[27]
                            (rising edge-triggered cell RAMB36E2 clocked by clk_pl_0  {rise@0.000ns fall@5.156ns period=10.312ns})
  Path Group:             (none)
  Path Type:              Setup (Max at Slow Process Corner)
  Data Path Delay:        5.259ns  (logic 2.682ns (50.996%)  route 2.577ns (49.004%))
  Logic Levels:           17  (CARRY8=6 DSP_ALU=2 DSP_M_DATA=1 DSP_MULTIPLIER=1 DSP_OUTPUT=2 DSP_PREADD_DATA=1 LUT2=1 LUT4=2 LUT5=1)
  Clock Uncertainty:      0.157ns  ((TSJ^2 + DJ^2)^1/2) / 2 + PE
    Total System Jitter     (TSJ):    0.050ns
    Discrete Jitter          (DJ):    0.310ns
    Phase Error              (PE):    0.000ns
  Clock Net Delay (Destination): 1.552ns (routing 0.512ns, distribution 1.040ns)

    Location             Delay type                Incr(ns)  Path(ns)    Netlist Resource(s)
  -------------------------------------------------------------------    -------------------
    DSP48E2_X7Y58        DSP_A_B_DATA                 0.000     0.000 r  mhsa_i/mhsa_top_0/inst/grp_online_attention_row_fu_1064/mul_32s_32s_64_1_1_U498/tmp_product__1/DSP_A_B_DATA_INST/A2_DATA[26]
                         net (fo=1, routed)           0.000     0.000    mhsa_i/mhsa_top_0/inst/grp_online_attention_row_fu_1064/mul_32s_32s_64_1_1_U498/tmp_product__1/DSP_A_B_DATA.A2_DATA<26>
    DSP48E2_X7Y58        DSP_PREADD_DATA (Prop_DSP_PREADD_DATA_DSP48E2_A2_DATA[26]_A2A1[26])
                                                      0.076     0.076 r  mhsa_i/mhsa_top_0/inst/grp_online_attention_row_fu_1064/mul_32s_32s_64_1_1_U498/tmp_product__1/DSP_PREADD_DATA_INST/A2A1[26]
                         net (fo=1, routed)           0.000     0.076    mhsa_i/mhsa_top_0/inst/grp_online_attention_row_fu_1064/mul_32s_32s_64_1_1_U498/tmp_product__1/DSP_PREADD_DATA.A2A1<26>
    DSP48E2_X7Y58        DSP_MULTIPLIER (Prop_DSP_MULTIPLIER_DSP48E2_A2A1[26]_U[43])
                                                      0.505     0.581 f  mhsa_i/mhsa_top_0/inst/grp_online_attention_row_fu_1064/mul_32s_32s_64_1_1_U498/tmp_product__1/DSP_MULTIPLIER_INST/U[43]
                         net (fo=1, routed)           0.000     0.581    mhsa_i/mhsa_top_0/inst/grp_online_attention_row_fu_1064/mul_32s_32s_64_1_1_U498/tmp_product__1/DSP_MULTIPLIER.U<43>
    DSP48E2_X7Y58        DSP_M_DATA (Prop_DSP_M_DATA_DSP48E2_U[43]_U_DATA[43])
                                                      0.047     0.628 r  mhsa_i/mhsa_top_0/inst/grp_online_attention_row_fu_1064/mul_32s_32s_64_1_1_U498/tmp_product__1/DSP_M_DATA_INST/U_DATA[43]
                         net (fo=1, routed)           0.000     0.628    mhsa_i/mhsa_top_0/inst/grp_online_attention_row_fu_1064/mul_32s_32s_64_1_1_U498/tmp_product__1/DSP_M_DATA.U_DATA<43>
    DSP48E2_X7Y58        DSP_ALU (Prop_DSP_ALU_DSP48E2_U_DATA[43]_ALU_OUT[47])
                                                      0.585     1.213 f  mhsa_i/mhsa_top_0/inst/grp_online_attention_row_fu_1064/mul_32s_32s_64_1_1_U498/tmp_product__1/DSP_ALU_INST/ALU_OUT[47]
                         net (fo=1, routed)           0.000     1.213    mhsa_i/mhsa_top_0/inst/grp_online_attention_row_fu_1064/mul_32s_32s_64_1_1_U498/tmp_product__1/DSP_ALU.ALU_OUT<47>
    DSP48E2_X7Y58        DSP_OUTPUT (Prop_DSP_OUTPUT_DSP48E2_ALU_OUT[47]_PCOUT[47])
                                                      0.122     1.335 r  mhsa_i/mhsa_top_0/inst/grp_online_attention_row_fu_1064/mul_32s_32s_64_1_1_U498/tmp_product__1/DSP_OUTPUT_INST/PCOUT[47]
                         net (fo=1, routed)           0.014     1.349    mhsa_i/mhsa_top_0/inst/grp_online_attention_row_fu_1064/mul_32s_32s_64_1_1_U498/tmp_product__2/PCIN[47]
    DSP48E2_X7Y59        DSP_ALU (Prop_DSP_ALU_DSP48E2_PCIN[47]_ALU_OUT[3])
                                                      0.546     1.895 f  mhsa_i/mhsa_top_0/inst/grp_online_attention_row_fu_1064/mul_32s_32s_64_1_1_U498/tmp_product__2/DSP_ALU_INST/ALU_OUT[3]
                         net (fo=1, routed)           0.000     1.895    mhsa_i/mhsa_top_0/inst/grp_online_attention_row_fu_1064/mul_32s_32s_64_1_1_U498/tmp_product__2/DSP_ALU.ALU_OUT<3>
    DSP48E2_X7Y59        DSP_OUTPUT (Prop_DSP_OUTPUT_DSP48E2_ALU_OUT[3]_P[3])
                                                      0.109     2.004 r  mhsa_i/mhsa_top_0/inst/grp_online_attention_row_fu_1064/mul_32s_32s_64_1_1_U498/tmp_product__2/DSP_OUTPUT_INST/P[3]
                         net (fo=2, routed)           0.248     2.252    mhsa_i/mhsa_top_0/inst/grp_online_attention_row_fu_1064/mul_32s_32s_64_1_1_U498/tmp_product__2_n_104
    SLICE_X70Y145        LUT2 (Prop_E6LUT_SLICEM_I0_O)
                                                      0.124     2.376 r  mhsa_i/mhsa_top_0/inst/grp_online_attention_row_fu_1064/mul_32s_32s_64_1_1_U498/tmp_product_carry_i_4__47/O
                         net (fo=1, routed)           0.014     2.390    mhsa_i/mhsa_top_0/inst/grp_online_attention_row_fu_1064/mul_32s_32s_64_1_1_U498/tmp_product_carry_i_4__47_n_2
    SLICE_X70Y145        CARRY8 (Prop_CARRY8_SLICEM_S[4]_CO[7])
                                                      0.156     2.546 r  mhsa_i/mhsa_top_0/inst/grp_online_attention_row_fu_1064/mul_32s_32s_64_1_1_U498/tmp_product_carry/CO[7]
                         net (fo=1, routed)           0.026     2.572    mhsa_i/mhsa_top_0/inst/grp_online_attention_row_fu_1064/mul_32s_32s_64_1_1_U498/tmp_product_carry_n_2
    SLICE_X70Y146        CARRY8 (Prop_CARRY8_SLICEM_CI_CO[7])
                                                      0.015     2.587 r  mhsa_i/mhsa_top_0/inst/grp_online_attention_row_fu_1064/mul_32s_32s_64_1_1_U498/tmp_product_carry__0/CO[7]
                         net (fo=1, routed)           0.026     2.613    mhsa_i/mhsa_top_0/inst/grp_online_attention_row_fu_1064/mul_32s_32s_64_1_1_U498/tmp_product_carry__0_n_2
    SLICE_X70Y147        CARRY8 (Prop_CARRY8_SLICEM_CI_CO[7])
                                                      0.015     2.628 r  mhsa_i/mhsa_top_0/inst/grp_online_attention_row_fu_1064/mul_32s_32s_64_1_1_U498/tmp_product_carry__1/CO[7]
                         net (fo=1, routed)           0.026     2.654    mhsa_i/mhsa_top_0/inst/grp_online_attention_row_fu_1064/mul_32s_32s_64_1_1_U498/tmp_product_carry__1_n_2
    SLICE_X70Y148        CARRY8 (Prop_CARRY8_SLICEM_CI_CO[7])
                                                      0.015     2.669 r  mhsa_i/mhsa_top_0/inst/grp_online_attention_row_fu_1064/mul_32s_32s_64_1_1_U498/tmp_product_carry__2/CO[7]
                         net (fo=1, routed)           0.026     2.695    mhsa_i/mhsa_top_0/inst/grp_online_attention_row_fu_1064/mul_32s_32s_64_1_1_U498/tmp_product_carry__2_n_2
    SLICE_X70Y149        CARRY8 (Prop_CARRY8_SLICEM_CI_CO[7])
                                                      0.015     2.710 r  mhsa_i/mhsa_top_0/inst/grp_online_attention_row_fu_1064/mul_32s_32s_64_1_1_U498/tmp_product_carry__3/CO[7]
                         net (fo=1, routed)           0.052     2.762    mhsa_i/mhsa_top_0/inst/grp_online_attention_row_fu_1064/mul_32s_32s_64_1_1_U498/tmp_product_carry__3_n_2
    SLICE_X70Y150        CARRY8 (Prop_CARRY8_SLICEM_CI_O[2])
                                                      0.067     2.829 r  mhsa_i/mhsa_top_0/inst/grp_online_attention_row_fu_1064/mul_32s_32s_64_1_1_U498/tmp_product_carry__4/O[2]
                         net (fo=2, routed)           0.405     3.234    mhsa_i/mhsa_top_0/inst/grp_online_attention_row_fu_1064/mul_32s_32s_64_1_1_U498/mul_ln105_13_fu_2096_p2[58]
    SLICE_X68Y149        LUT4 (Prop_E6LUT_SLICEL_I3_O)
                                                      0.123     3.357 f  mhsa_i/mhsa_top_0/inst/grp_online_attention_row_fu_1064/mul_32s_32s_64_1_1_U498/ram_reg_bram_0_i_75__12/O
                         net (fo=1, routed)           0.091     3.448    mhsa_i/mhsa_top_0/inst/grp_online_attention_row_fu_1064/mul_32s_32s_64_1_1_U498/ram_reg_bram_0_i_75__12_n_2
    SLICE_X68Y149        LUT4 (Prop_H5LUT_SLICEL_I3_O)
                                                      0.109     3.557 r  mhsa_i/mhsa_top_0/inst/grp_online_attention_row_fu_1064/mul_32s_32s_64_1_1_U498/ram_reg_bram_0_i_68__12/O
                         net (fo=31, routed)          1.119     4.676    mhsa_i/mhsa_top_0/inst/grp_online_attention_row_fu_1064/mul_32s_32s_64_1_1_U498/ram_reg_bram_0_i_68__12_n_2
    SLICE_X63Y152        LUT5 (Prop_H6LUT_SLICEM_I2_O)
                                                      0.053     4.729 r  mhsa_i/mhsa_top_0/inst/grp_online_attention_row_fu_1064/mul_32s_32s_64_1_1_U498/ram_reg_bram_0_i_38__12/O
                         net (fo=1, routed)           0.530     5.259    mhsa_i/mhsa_top_0/inst/O_row_13_U/out_13_d1[27]
    RAMB36_X1Y30         RAMB36E2                                     r  mhsa_i/mhsa_top_0/inst/O_row_13_U/ram_reg_bram_0/DINBDIN[27]
  -------------------------------------------------------------------    -------------------

                         (clock clk_pl_0 rise edge)
                                                      0.000     0.000 r  
    PS8_X0Y0             PS8                          0.000     0.000 r  mhsa_i/zynq_ultra_ps_e_0/inst/PS8_i/PLCLK[0]
                         net (fo=1, routed)           0.143     0.143    mhsa_i/zynq_ultra_ps_e_0/inst/pl_clk_unbuffered[0]
    BUFG_PS_X0Y80        BUFG_PS (Prop_BUFG_PS_I_O)
                                                      0.025     0.168 r  mhsa_i/zynq_ultra_ps_e_0/inst/buffer_pl_clk_0.PL_CLK_0_BUFG/O
    X1Y2 (CLOCK_ROOT)    net (fo=24188, routed)       1.552     1.720    mhsa_i/mhsa_top_0/inst/O_row_13_U/ap_clk
    RAMB36_X1Y30         RAMB36E2                                     r  mhsa_i/mhsa_top_0/inst/O_row_13_U/ram_reg_bram_0/CLKBWRCLK

Slack:                    inf
  Source:                 mhsa_i/mhsa_top_0/inst/grp_online_attention_row_fu_1064/mul_32s_32s_64_1_1_U508/tmp_product__1/DSP_A_B_DATA_INST/A2_DATA[26]
                            (internal pin)
  Destination:            mhsa_i/mhsa_top_0/inst/O_row_7_U/ram_reg_bram_0/DINADIN[14]
                            (rising edge-triggered cell RAMB36E2 clocked by clk_pl_0  {rise@0.000ns fall@5.156ns period=10.312ns})
  Path Group:             (none)
  Path Type:              Setup (Max at Slow Process Corner)
  Data Path Delay:        5.254ns  (logic 2.751ns (52.361%)  route 2.503ns (47.639%))
  Logic Levels:           16  (CARRY8=5 DSP_ALU=2 DSP_M_DATA=1 DSP_MULTIPLIER=1 DSP_OUTPUT=2 DSP_PREADD_DATA=1 LUT2=1 LUT5=1 LUT6=2)
  Clock Uncertainty:      0.157ns  ((TSJ^2 + DJ^2)^1/2) / 2 + PE
    Total System Jitter     (TSJ):    0.050ns
    Discrete Jitter          (DJ):    0.310ns
    Phase Error              (PE):    0.000ns
  Clock Net Delay (Destination): 1.566ns (routing 0.512ns, distribution 1.054ns)

    Location             Delay type                Incr(ns)  Path(ns)    Netlist Resource(s)
  -------------------------------------------------------------------    -------------------
    DSP48E2_X12Y38       DSP_A_B_DATA                 0.000     0.000 r  mhsa_i/mhsa_top_0/inst/grp_online_attention_row_fu_1064/mul_32s_32s_64_1_1_U508/tmp_product__1/DSP_A_B_DATA_INST/A2_DATA[26]
                         net (fo=1, routed)           0.000     0.000    mhsa_i/mhsa_top_0/inst/grp_online_attention_row_fu_1064/mul_32s_32s_64_1_1_U508/tmp_product__1/DSP_A_B_DATA.A2_DATA<26>
    DSP48E2_X12Y38       DSP_PREADD_DATA (Prop_DSP_PREADD_DATA_DSP48E2_A2_DATA[26]_A2A1[26])
                                                      0.076     0.076 r  mhsa_i/mhsa_top_0/inst/grp_online_attention_row_fu_1064/mul_32s_32s_64_1_1_U508/tmp_product__1/DSP_PREADD_DATA_INST/A2A1[26]
                         net (fo=1, routed)           0.000     0.076    mhsa_i/mhsa_top_0/inst/grp_online_attention_row_fu_1064/mul_32s_32s_64_1_1_U508/tmp_product__1/DSP_PREADD_DATA.A2A1<26>
    DSP48E2_X12Y38       DSP_MULTIPLIER (Prop_DSP_MULTIPLIER_DSP48E2_A2A1[26]_U[43])
                                                      0.505     0.581 f  mhsa_i/mhsa_top_0/inst/grp_online_attention_row_fu_1064/mul_32s_32s_64_1_1_U508/tmp_product__1/DSP_MULTIPLIER_INST/U[43]
                         net (fo=1, routed)           0.000     0.581    mhsa_i/mhsa_top_0/inst/grp_online_attention_row_fu_1064/mul_32s_32s_64_1_1_U508/tmp_product__1/DSP_MULTIPLIER.U<43>
    DSP48E2_X12Y38       DSP_M_DATA (Prop_DSP_M_DATA_DSP48E2_U[43]_U_DATA[43])
                                                      0.047     0.628 r  mhsa_i/mhsa_top_0/inst/grp_online_attention_row_fu_1064/mul_32s_32s_64_1_1_U508/tmp_product__1/DSP_M_DATA_INST/U_DATA[43]
                         net (fo=1, routed)           0.000     0.628    mhsa_i/mhsa_top_0/inst/grp_online_attention_row_fu_1064/mul_32s_32s_64_1_1_U508/tmp_product__1/DSP_M_DATA.U_DATA<43>
    DSP48E2_X12Y38       DSP_ALU (Prop_DSP_ALU_DSP48E2_U_DATA[43]_ALU_OUT[47])
                                                      0.585     1.213 f  mhsa_i/mhsa_top_0/inst/grp_online_attention_row_fu_1064/mul_32s_32s_64_1_1_U508/tmp_product__1/DSP_ALU_INST/ALU_OUT[47]
                         net (fo=1, routed)           0.000     1.213    mhsa_i/mhsa_top_0/inst/grp_online_attention_row_fu_1064/mul_32s_32s_64_1_1_U508/tmp_product__1/DSP_ALU.ALU_OUT<47>
    DSP48E2_X12Y38       DSP_OUTPUT (Prop_DSP_OUTPUT_DSP48E2_ALU_OUT[47]_PCOUT[47])
                                                      0.122     1.335 r  mhsa_i/mhsa_top_0/inst/grp_online_attention_row_fu_1064/mul_32s_32s_64_1_1_U508/tmp_product__1/DSP_OUTPUT_INST/PCOUT[47]
                         net (fo=1, routed)           0.014     1.349    mhsa_i/mhsa_top_0/inst/grp_online_attention_row_fu_1064/mul_32s_32s_64_1_1_U508/tmp_product__2/PCIN[47]
    DSP48E2_X12Y39       DSP_ALU (Prop_DSP_ALU_DSP48E2_PCIN[47]_ALU_OUT[2])
                                                      0.546     1.895 f  mhsa_i/mhsa_top_0/inst/grp_online_attention_row_fu_1064/mul_32s_32s_64_1_1_U508/tmp_product__2/DSP_ALU_INST/ALU_OUT[2]
                         net (fo=1, routed)           0.000     1.895    mhsa_i/mhsa_top_0/inst/grp_online_attention_row_fu_1064/mul_32s_32s_64_1_1_U508/tmp_product__2/DSP_ALU.ALU_OUT<2>
    DSP48E2_X12Y39       DSP_OUTPUT (Prop_DSP_OUTPUT_DSP48E2_ALU_OUT[2]_P[2])
                                                      0.109     2.004 r  mhsa_i/mhsa_top_0/inst/grp_online_attention_row_fu_1064/mul_32s_32s_64_1_1_U508/tmp_product__2/DSP_OUTPUT_INST/P[2]
                         net (fo=2, routed)           0.285     2.289    mhsa_i/mhsa_top_0/inst/grp_online_attention_row_fu_1064/mul_32s_32s_64_1_1_U508/tmp_product__2_n_105
    SLICE_X88Y95         LUT2 (Prop_D6LUT_SLICEM_I0_O)
                                                      0.122     2.411 r  mhsa_i/mhsa_top_0/inst/grp_online_attention_row_fu_1064/mul_32s_32s_64_1_1_U508/tmp_product_carry_i_5__57/O
                         net (fo=1, routed)           0.025     2.436    mhsa_i/mhsa_top_0/inst/grp_online_attention_row_fu_1064/mul_32s_32s_64_1_1_U508/tmp_product_carry_i_5__57_n_2
    SLICE_X88Y95         CARRY8 (Prop_CARRY8_SLICEM_S[3]_CO[7])
                                                      0.163     2.599 r  mhsa_i/mhsa_top_0/inst/grp_online_attention_row_fu_1064/mul_32s_32s_64_1_1_U508/tmp_product_carry/CO[7]
                         net (fo=1, routed)           0.026     2.625    mhsa_i/mhsa_top_0/inst/grp_online_attention_row_fu_1064/mul_32s_32s_64_1_1_U508/tmp_product_carry_n_2
    SLICE_X88Y96         CARRY8 (Prop_CARRY8_SLICEM_CI_CO[7])
                                                      0.015     2.640 r  mhsa_i/mhsa_top_0/inst/grp_online_attention_row_fu_1064/mul_32s_32s_64_1_1_U508/tmp_product_carry__0/CO[7]
                         net (fo=1, routed)           0.026     2.666    mhsa_i/mhsa_top_0/inst/grp_online_attention_row_fu_1064/mul_32s_32s_64_1_1_U508/tmp_product_carry__0_n_2
    SLICE_X88Y97         CARRY8 (Prop_CARRY8_SLICEM_CI_CO[7])
                                                      0.015     2.681 r  mhsa_i/mhsa_top_0/inst/grp_online_attention_row_fu_1064/mul_32s_32s_64_1_1_U508/tmp_product_carry__1/CO[7]
                         net (fo=1, routed)           0.026     2.707    mhsa_i/mhsa_top_0/inst/grp_online_attention_row_fu_1064/mul_32s_32s_64_1_1_U508/tmp_product_carry__1_n_2
    SLICE_X88Y98         CARRY8 (Prop_CARRY8_SLICEM_CI_CO[7])
                                                      0.015     2.722 r  mhsa_i/mhsa_top_0/inst/grp_online_attention_row_fu_1064/mul_32s_32s_64_1_1_U508/tmp_product_carry__2/CO[7]
                         net (fo=1, routed)           0.026     2.748    mhsa_i/mhsa_top_0/inst/grp_online_attention_row_fu_1064/mul_32s_32s_64_1_1_U508/tmp_product_carry__2_n_2
    SLICE_X88Y99         CARRY8 (Prop_CARRY8_SLICEM_CI_O[6])
                                                      0.103     2.851 r  mhsa_i/mhsa_top_0/inst/grp_online_attention_row_fu_1064/mul_32s_32s_64_1_1_U508/tmp_product_carry__3/O[6]
                         net (fo=2, routed)           0.219     3.069    mhsa_i/mhsa_top_0/inst/grp_online_attention_row_fu_1064/mul_32s_32s_64_1_1_U508/mul_ln105_23_fu_2136_p2[54]
    SLICE_X89Y99         LUT6 (Prop_G6LUT_SLICEM_I2_O)
                                                      0.150     3.219 f  mhsa_i/mhsa_top_0/inst/grp_online_attention_row_fu_1064/mul_32s_32s_64_1_1_U508/ram_reg_bram_0_i_72__6/O
                         net (fo=1, routed)           0.093     3.312    mhsa_i/mhsa_top_0/inst/grp_online_attention_row_fu_1064/mul_32s_32s_64_1_1_U508/ram_reg_bram_0_i_72__6_n_2
    SLICE_X89Y99         LUT6 (Prop_D6LUT_SLICEM_I1_O)
                                                      0.088     3.400 f  mhsa_i/mhsa_top_0/inst/grp_online_attention_row_fu_1064/mul_32s_32s_64_1_1_U508/ram_reg_bram_0_i_67__4/O
                         net (fo=31, routed)          0.346     3.747    mhsa_i/mhsa_top_0/inst/grp_online_attention_row_fu_1064/mul_32s_32s_64_1_1_U508/ram_reg_bram_0_i_67__4_n_2
    SLICE_X86Y97         LUT5 (Prop_H6LUT_SLICEM_I1_O)
                                                      0.090     3.837 r  mhsa_i/mhsa_top_0/inst/grp_online_attention_row_fu_1064/mul_32s_32s_64_1_1_U508/ram_reg_bram_0_i_19__6/O
                         net (fo=1, routed)           1.417     5.254    mhsa_i/mhsa_top_0/inst/O_row_7_U/out_7_d0[14]
    RAMB36_X1Y19         RAMB36E2                                     r  mhsa_i/mhsa_top_0/inst/O_row_7_U/ram_reg_bram_0/DINADIN[14]
  -------------------------------------------------------------------    -------------------

                         (clock clk_pl_0 rise edge)
                                                      0.000     0.000 r  
    PS8_X0Y0             PS8                          0.000     0.000 r  mhsa_i/zynq_ultra_ps_e_0/inst/PS8_i/PLCLK[0]
                         net (fo=1, routed)           0.143     0.143    mhsa_i/zynq_ultra_ps_e_0/inst/pl_clk_unbuffered[0]
    BUFG_PS_X0Y80        BUFG_PS (Prop_BUFG_PS_I_O)
                                                      0.025     0.168 r  mhsa_i/zynq_ultra_ps_e_0/inst/buffer_pl_clk_0.PL_CLK_0_BUFG/O
    X1Y2 (CLOCK_ROOT)    net (fo=24188, routed)       1.566     1.734    mhsa_i/mhsa_top_0/inst/O_row_7_U/ap_clk
    RAMB36_X1Y19         RAMB36E2                                     r  mhsa_i/mhsa_top_0/inst/O_row_7_U/ram_reg_bram_0/CLKARDCLK

Slack:                    inf
  Source:                 mhsa_i/mhsa_top_0/inst/grp_online_attention_row_fu_1064/mul_32s_32s_64_1_1_U507/tmp_product__1/DSP_A_B_DATA_INST/A2_DATA[26]
                            (internal pin)
  Destination:            mhsa_i/mhsa_top_0/inst/O_row_6_U/ram_reg_bram_0/DINADIN[2]
                            (rising edge-triggered cell RAMB36E2 clocked by clk_pl_0  {rise@0.000ns fall@5.156ns period=10.312ns})
  Path Group:             (none)
  Path Type:              Setup (Max at Slow Process Corner)
  Data Path Delay:        5.254ns  (logic 2.697ns (51.336%)  route 2.557ns (48.664%))
  Logic Levels:           17  (CARRY8=6 DSP_ALU=2 DSP_M_DATA=1 DSP_MULTIPLIER=1 DSP_OUTPUT=2 DSP_PREADD_DATA=1 LUT2=1 LUT4=1 LUT5=1 LUT6=1)
  Clock Uncertainty:      0.157ns  ((TSJ^2 + DJ^2)^1/2) / 2 + PE
    Total System Jitter     (TSJ):    0.050ns
    Discrete Jitter          (DJ):    0.310ns
    Phase Error              (PE):    0.000ns
  Clock Net Delay (Destination): 1.563ns (routing 0.512ns, distribution 1.051ns)

    Location             Delay type                Incr(ns)  Path(ns)    Netlist Resource(s)
  -------------------------------------------------------------------    -------------------
    DSP48E2_X11Y32       DSP_A_B_DATA                 0.000     0.000 r  mhsa_i/mhsa_top_0/inst/grp_online_attention_row_fu_1064/mul_32s_32s_64_1_1_U507/tmp_product__1/DSP_A_B_DATA_INST/A2_DATA[26]
                         net (fo=1, routed)           0.000     0.000    mhsa_i/mhsa_top_0/inst/grp_online_attention_row_fu_1064/mul_32s_32s_64_1_1_U507/tmp_product__1/DSP_A_B_DATA.A2_DATA<26>
    DSP48E2_X11Y32       DSP_PREADD_DATA (Prop_DSP_PREADD_DATA_DSP48E2_A2_DATA[26]_A2A1[26])
                                                      0.076     0.076 r  mhsa_i/mhsa_top_0/inst/grp_online_attention_row_fu_1064/mul_32s_32s_64_1_1_U507/tmp_product__1/DSP_PREADD_DATA_INST/A2A1[26]
                         net (fo=1, routed)           0.000     0.076    mhsa_i/mhsa_top_0/inst/grp_online_attention_row_fu_1064/mul_32s_32s_64_1_1_U507/tmp_product__1/DSP_PREADD_DATA.A2A1<26>
    DSP48E2_X11Y32       DSP_MULTIPLIER (Prop_DSP_MULTIPLIER_DSP48E2_A2A1[26]_U[43])
                                                      0.505     0.581 f  mhsa_i/mhsa_top_0/inst/grp_online_attention_row_fu_1064/mul_32s_32s_64_1_1_U507/tmp_product__1/DSP_MULTIPLIER_INST/U[43]
                         net (fo=1, routed)           0.000     0.581    mhsa_i/mhsa_top_0/inst/grp_online_attention_row_fu_1064/mul_32s_32s_64_1_1_U507/tmp_product__1/DSP_MULTIPLIER.U<43>
    DSP48E2_X11Y32       DSP_M_DATA (Prop_DSP_M_DATA_DSP48E2_U[43]_U_DATA[43])
                                                      0.047     0.628 r  mhsa_i/mhsa_top_0/inst/grp_online_attention_row_fu_1064/mul_32s_32s_64_1_1_U507/tmp_product__1/DSP_M_DATA_INST/U_DATA[43]
                         net (fo=1, routed)           0.000     0.628    mhsa_i/mhsa_top_0/inst/grp_online_attention_row_fu_1064/mul_32s_32s_64_1_1_U507/tmp_product__1/DSP_M_DATA.U_DATA<43>
    DSP48E2_X11Y32       DSP_ALU (Prop_DSP_ALU_DSP48E2_U_DATA[43]_ALU_OUT[47])
                                                      0.585     1.213 f  mhsa_i/mhsa_top_0/inst/grp_online_attention_row_fu_1064/mul_32s_32s_64_1_1_U507/tmp_product__1/DSP_ALU_INST/ALU_OUT[47]
                         net (fo=1, routed)           0.000     1.213    mhsa_i/mhsa_top_0/inst/grp_online_attention_row_fu_1064/mul_32s_32s_64_1_1_U507/tmp_product__1/DSP_ALU.ALU_OUT<47>
    DSP48E2_X11Y32       DSP_OUTPUT (Prop_DSP_OUTPUT_DSP48E2_ALU_OUT[47]_PCOUT[47])
                                                      0.122     1.335 r  mhsa_i/mhsa_top_0/inst/grp_online_attention_row_fu_1064/mul_32s_32s_64_1_1_U507/tmp_product__1/DSP_OUTPUT_INST/PCOUT[47]
                         net (fo=1, routed)           0.014     1.349    mhsa_i/mhsa_top_0/inst/grp_online_attention_row_fu_1064/mul_32s_32s_64_1_1_U507/tmp_product__2/PCIN[47]
    DSP48E2_X11Y33       DSP_ALU (Prop_DSP_ALU_DSP48E2_PCIN[47]_ALU_OUT[3])
                                                      0.546     1.895 f  mhsa_i/mhsa_top_0/inst/grp_online_attention_row_fu_1064/mul_32s_32s_64_1_1_U507/tmp_product__2/DSP_ALU_INST/ALU_OUT[3]
                         net (fo=1, routed)           0.000     1.895    mhsa_i/mhsa_top_0/inst/grp_online_attention_row_fu_1064/mul_32s_32s_64_1_1_U507/tmp_product__2/DSP_ALU.ALU_OUT<3>
    DSP48E2_X11Y33       DSP_OUTPUT (Prop_DSP_OUTPUT_DSP48E2_ALU_OUT[3]_P[3])
                                                      0.109     2.004 r  mhsa_i/mhsa_top_0/inst/grp_online_attention_row_fu_1064/mul_32s_32s_64_1_1_U507/tmp_product__2/DSP_OUTPUT_INST/P[3]
                         net (fo=2, routed)           0.344     2.348    mhsa_i/mhsa_top_0/inst/grp_online_attention_row_fu_1064/mul_32s_32s_64_1_1_U507/tmp_product__2_n_104
    SLICE_X85Y79         LUT2 (Prop_E6LUT_SLICEL_I0_O)
                                                      0.051     2.399 r  mhsa_i/mhsa_top_0/inst/grp_online_attention_row_fu_1064/mul_32s_32s_64_1_1_U507/tmp_product_carry_i_4__56/O
                         net (fo=1, routed)           0.007     2.406    mhsa_i/mhsa_top_0/inst/grp_online_attention_row_fu_1064/mul_32s_32s_64_1_1_U507/tmp_product_carry_i_4__56_n_2
    SLICE_X85Y79         CARRY8 (Prop_CARRY8_SLICEL_S[4]_CO[7])
                                                      0.153     2.559 r  mhsa_i/mhsa_top_0/inst/grp_online_attention_row_fu_1064/mul_32s_32s_64_1_1_U507/tmp_product_carry/CO[7]
                         net (fo=1, routed)           0.026     2.585    mhsa_i/mhsa_top_0/inst/grp_online_attention_row_fu_1064/mul_32s_32s_64_1_1_U507/tmp_product_carry_n_2
    SLICE_X85Y80         CARRY8 (Prop_CARRY8_SLICEL_CI_CO[7])
                                                      0.015     2.600 r  mhsa_i/mhsa_top_0/inst/grp_online_attention_row_fu_1064/mul_32s_32s_64_1_1_U507/tmp_product_carry__0/CO[7]
                         net (fo=1, routed)           0.026     2.626    mhsa_i/mhsa_top_0/inst/grp_online_attention_row_fu_1064/mul_32s_32s_64_1_1_U507/tmp_product_carry__0_n_2
    SLICE_X85Y81         CARRY8 (Prop_CARRY8_SLICEL_CI_CO[7])
                                                      0.015     2.641 r  mhsa_i/mhsa_top_0/inst/grp_online_attention_row_fu_1064/mul_32s_32s_64_1_1_U507/tmp_product_carry__1/CO[7]
                         net (fo=1, routed)           0.026     2.667    mhsa_i/mhsa_top_0/inst/grp_online_attention_row_fu_1064/mul_32s_32s_64_1_1_U507/tmp_product_carry__1_n_2
    SLICE_X85Y82         CARRY8 (Prop_CARRY8_SLICEL_CI_CO[7])
                                                      0.015     2.682 r  mhsa_i/mhsa_top_0/inst/grp_online_attention_row_fu_1064/mul_32s_32s_64_1_1_U507/tmp_product_carry__2/CO[7]
                         net (fo=1, routed)           0.026     2.708    mhsa_i/mhsa_top_0/inst/grp_online_attention_row_fu_1064/mul_32s_32s_64_1_1_U507/tmp_product_carry__2_n_2
    SLICE_X85Y83         CARRY8 (Prop_CARRY8_SLICEL_CI_CO[7])
                                                      0.015     2.723 r  mhsa_i/mhsa_top_0/inst/grp_online_attention_row_fu_1064/mul_32s_32s_64_1_1_U507/tmp_product_carry__3/CO[7]
                         net (fo=1, routed)           0.026     2.749    mhsa_i/mhsa_top_0/inst/grp_online_attention_row_fu_1064/mul_32s_32s_64_1_1_U507/tmp_product_carry__3_n_2
    SLICE_X85Y84         CARRY8 (Prop_CARRY8_SLICEL_CI_O[0])
                                                      0.056     2.805 r  mhsa_i/mhsa_top_0/inst/grp_online_attention_row_fu_1064/mul_32s_32s_64_1_1_U507/tmp_product_carry__4/O[0]
                         net (fo=2, routed)           0.302     3.107    mhsa_i/mhsa_top_0/inst/grp_online_attention_row_fu_1064/mul_32s_32s_64_1_1_U507/mul_ln105_22_fu_2132_p2[56]
    SLICE_X84Y83         LUT6 (Prop_H6LUT_SLICEM_I2_O)
                                                      0.152     3.259 r  mhsa_i/mhsa_top_0/inst/grp_online_attention_row_fu_1064/mul_32s_32s_64_1_1_U507/ram_reg_bram_0_i_70__5/O
                         net (fo=1, routed)           0.041     3.300    mhsa_i/mhsa_top_0/inst/grp_online_attention_row_fu_1064/mul_32s_32s_64_1_1_U507/ram_reg_bram_0_i_70__5_n_2
    SLICE_X84Y83         LUT4 (Prop_F6LUT_SLICEM_I2_O)
                                                      0.088     3.388 r  mhsa_i/mhsa_top_0/inst/grp_online_attention_row_fu_1064/mul_32s_32s_64_1_1_U507/ram_reg_bram_0_i_66__5/O
                         net (fo=31, routed)          0.511     3.899    mhsa_i/mhsa_top_0/inst/grp_online_attention_row_fu_1064/mul_32s_32s_64_1_1_U507/ram_reg_bram_0_i_66__5_n_2
    SLICE_X69Y80         LUT5 (Prop_E6LUT_SLICEL_I2_O)
                                                      0.147     4.046 r  mhsa_i/mhsa_top_0/inst/grp_online_attention_row_fu_1064/mul_32s_32s_64_1_1_U507/ram_reg_bram_0_i_31__5/O
                         net (fo=1, routed)           1.208     5.254    mhsa_i/mhsa_top_0/inst/O_row_6_U/out_6_d0[2]
    RAMB36_X1Y18         RAMB36E2                                     r  mhsa_i/mhsa_top_0/inst/O_row_6_U/ram_reg_bram_0/DINADIN[2]
  -------------------------------------------------------------------    -------------------

                         (clock clk_pl_0 rise edge)
                                                      0.000     0.000 r  
    PS8_X0Y0             PS8                          0.000     0.000 r  mhsa_i/zynq_ultra_ps_e_0/inst/PS8_i/PLCLK[0]
                         net (fo=1, routed)           0.143     0.143    mhsa_i/zynq_ultra_ps_e_0/inst/pl_clk_unbuffered[0]
    BUFG_PS_X0Y80        BUFG_PS (Prop_BUFG_PS_I_O)
                                                      0.025     0.168 r  mhsa_i/zynq_ultra_ps_e_0/inst/buffer_pl_clk_0.PL_CLK_0_BUFG/O
    X1Y2 (CLOCK_ROOT)    net (fo=24188, routed)       1.563     1.731    mhsa_i/mhsa_top_0/inst/O_row_6_U/ap_clk
    RAMB36_X1Y18         RAMB36E2                                     r  mhsa_i/mhsa_top_0/inst/O_row_6_U/ram_reg_bram_0/CLKARDCLK

Slack:                    inf
  Source:                 mhsa_i/mhsa_top_0/inst/grp_online_attention_row_fu_1064/mul_32s_32s_64_1_1_U489/tmp_product__1/DSP_A_B_DATA_INST/A2_DATA[26]
                            (internal pin)
  Destination:            mhsa_i/mhsa_top_0/inst/O_row_4_U/ram_reg_bram_0/DINBDIN[23]
                            (rising edge-triggered cell RAMB36E2 clocked by clk_pl_0  {rise@0.000ns fall@5.156ns period=10.312ns})
  Path Group:             (none)
  Path Type:              Setup (Max at Slow Process Corner)
  Data Path Delay:        5.252ns  (logic 2.782ns (52.974%)  route 2.470ns (47.025%))
  Logic Levels:           17  (CARRY8=6 DSP_ALU=2 DSP_M_DATA=1 DSP_MULTIPLIER=1 DSP_OUTPUT=2 DSP_PREADD_DATA=1 LUT2=1 LUT4=2 LUT5=1)
  Clock Uncertainty:      0.157ns  ((TSJ^2 + DJ^2)^1/2) / 2 + PE
    Total System Jitter     (TSJ):    0.050ns
    Discrete Jitter          (DJ):    0.310ns
    Phase Error              (PE):    0.000ns
  Clock Net Delay (Destination): 1.576ns (routing 0.512ns, distribution 1.064ns)

    Location             Delay type                Incr(ns)  Path(ns)    Netlist Resource(s)
  -------------------------------------------------------------------    -------------------
    DSP48E2_X8Y46        DSP_A_B_DATA                 0.000     0.000 r  mhsa_i/mhsa_top_0/inst/grp_online_attention_row_fu_1064/mul_32s_32s_64_1_1_U489/tmp_product__1/DSP_A_B_DATA_INST/A2_DATA[26]
                         net (fo=1, routed)           0.000     0.000    mhsa_i/mhsa_top_0/inst/grp_online_attention_row_fu_1064/mul_32s_32s_64_1_1_U489/tmp_product__1/DSP_A_B_DATA.A2_DATA<26>
    DSP48E2_X8Y46        DSP_PREADD_DATA (Prop_DSP_PREADD_DATA_DSP48E2_A2_DATA[26]_A2A1[26])
                                                      0.076     0.076 r  mhsa_i/mhsa_top_0/inst/grp_online_attention_row_fu_1064/mul_32s_32s_64_1_1_U489/tmp_product__1/DSP_PREADD_DATA_INST/A2A1[26]
                         net (fo=1, routed)           0.000     0.076    mhsa_i/mhsa_top_0/inst/grp_online_attention_row_fu_1064/mul_32s_32s_64_1_1_U489/tmp_product__1/DSP_PREADD_DATA.A2A1<26>
    DSP48E2_X8Y46        DSP_MULTIPLIER (Prop_DSP_MULTIPLIER_DSP48E2_A2A1[26]_U[43])
                                                      0.505     0.581 f  mhsa_i/mhsa_top_0/inst/grp_online_attention_row_fu_1064/mul_32s_32s_64_1_1_U489/tmp_product__1/DSP_MULTIPLIER_INST/U[43]
                         net (fo=1, routed)           0.000     0.581    mhsa_i/mhsa_top_0/inst/grp_online_attention_row_fu_1064/mul_32s_32s_64_1_1_U489/tmp_product__1/DSP_MULTIPLIER.U<43>
    DSP48E2_X8Y46        DSP_M_DATA (Prop_DSP_M_DATA_DSP48E2_U[43]_U_DATA[43])
                                                      0.047     0.628 r  mhsa_i/mhsa_top_0/inst/grp_online_attention_row_fu_1064/mul_32s_32s_64_1_1_U489/tmp_product__1/DSP_M_DATA_INST/U_DATA[43]
                         net (fo=1, routed)           0.000     0.628    mhsa_i/mhsa_top_0/inst/grp_online_attention_row_fu_1064/mul_32s_32s_64_1_1_U489/tmp_product__1/DSP_M_DATA.U_DATA<43>
    DSP48E2_X8Y46        DSP_ALU (Prop_DSP_ALU_DSP48E2_U_DATA[43]_ALU_OUT[47])
                                                      0.585     1.213 f  mhsa_i/mhsa_top_0/inst/grp_online_attention_row_fu_1064/mul_32s_32s_64_1_1_U489/tmp_product__1/DSP_ALU_INST/ALU_OUT[47]
                         net (fo=1, routed)           0.000     1.213    mhsa_i/mhsa_top_0/inst/grp_online_attention_row_fu_1064/mul_32s_32s_64_1_1_U489/tmp_product__1/DSP_ALU.ALU_OUT<47>
    DSP48E2_X8Y46        DSP_OUTPUT (Prop_DSP_OUTPUT_DSP48E2_ALU_OUT[47]_PCOUT[47])
                                                      0.122     1.335 r  mhsa_i/mhsa_top_0/inst/grp_online_attention_row_fu_1064/mul_32s_32s_64_1_1_U489/tmp_product__1/DSP_OUTPUT_INST/PCOUT[47]
                         net (fo=1, routed)           0.014     1.349    mhsa_i/mhsa_top_0/inst/grp_online_attention_row_fu_1064/mul_32s_32s_64_1_1_U489/tmp_product__2/PCIN[47]
    DSP48E2_X8Y47        DSP_ALU (Prop_DSP_ALU_DSP48E2_PCIN[47]_ALU_OUT[3])
                                                      0.546     1.895 f  mhsa_i/mhsa_top_0/inst/grp_online_attention_row_fu_1064/mul_32s_32s_64_1_1_U489/tmp_product__2/DSP_ALU_INST/ALU_OUT[3]
                         net (fo=1, routed)           0.000     1.895    mhsa_i/mhsa_top_0/inst/grp_online_attention_row_fu_1064/mul_32s_32s_64_1_1_U489/tmp_product__2/DSP_ALU.ALU_OUT<3>
    DSP48E2_X8Y47        DSP_OUTPUT (Prop_DSP_OUTPUT_DSP48E2_ALU_OUT[3]_P[3])
                                                      0.109     2.004 r  mhsa_i/mhsa_top_0/inst/grp_online_attention_row_fu_1064/mul_32s_32s_64_1_1_U489/tmp_product__2/DSP_OUTPUT_INST/P[3]
                         net (fo=2, routed)           0.397     2.401    mhsa_i/mhsa_top_0/inst/grp_online_attention_row_fu_1064/mul_32s_32s_64_1_1_U489/tmp_product__2_n_104
    SLICE_X73Y112        LUT2 (Prop_E6LUT_SLICEM_I0_O)
                                                      0.037     2.438 r  mhsa_i/mhsa_top_0/inst/grp_online_attention_row_fu_1064/mul_32s_32s_64_1_1_U489/tmp_product_carry_i_4__38/O
                         net (fo=1, routed)           0.014     2.452    mhsa_i/mhsa_top_0/inst/grp_online_attention_row_fu_1064/mul_32s_32s_64_1_1_U489/tmp_product_carry_i_4__38_n_2
    SLICE_X73Y112        CARRY8 (Prop_CARRY8_SLICEM_S[4]_CO[7])
                                                      0.156     2.608 r  mhsa_i/mhsa_top_0/inst/grp_online_attention_row_fu_1064/mul_32s_32s_64_1_1_U489/tmp_product_carry/CO[7]
                         net (fo=1, routed)           0.026     2.634    mhsa_i/mhsa_top_0/inst/grp_online_attention_row_fu_1064/mul_32s_32s_64_1_1_U489/tmp_product_carry_n_2
    SLICE_X73Y113        CARRY8 (Prop_CARRY8_SLICEM_CI_CO[7])
                                                      0.015     2.649 r  mhsa_i/mhsa_top_0/inst/grp_online_attention_row_fu_1064/mul_32s_32s_64_1_1_U489/tmp_product_carry__0/CO[7]
                         net (fo=1, routed)           0.026     2.675    mhsa_i/mhsa_top_0/inst/grp_online_attention_row_fu_1064/mul_32s_32s_64_1_1_U489/tmp_product_carry__0_n_2
    SLICE_X73Y114        CARRY8 (Prop_CARRY8_SLICEM_CI_CO[7])
                                                      0.015     2.690 r  mhsa_i/mhsa_top_0/inst/grp_online_attention_row_fu_1064/mul_32s_32s_64_1_1_U489/tmp_product_carry__1/CO[7]
                         net (fo=1, routed)           0.026     2.716    mhsa_i/mhsa_top_0/inst/grp_online_attention_row_fu_1064/mul_32s_32s_64_1_1_U489/tmp_product_carry__1_n_2
    SLICE_X73Y115        CARRY8 (Prop_CARRY8_SLICEM_CI_CO[7])
                                                      0.015     2.731 r  mhsa_i/mhsa_top_0/inst/grp_online_attention_row_fu_1064/mul_32s_32s_64_1_1_U489/tmp_product_carry__2/CO[7]
                         net (fo=1, routed)           0.026     2.757    mhsa_i/mhsa_top_0/inst/grp_online_attention_row_fu_1064/mul_32s_32s_64_1_1_U489/tmp_product_carry__2_n_2
    SLICE_X73Y116        CARRY8 (Prop_CARRY8_SLICEM_CI_CO[7])
                                                      0.015     2.772 r  mhsa_i/mhsa_top_0/inst/grp_online_attention_row_fu_1064/mul_32s_32s_64_1_1_U489/tmp_product_carry__3/CO[7]
                         net (fo=1, routed)           0.026     2.798    mhsa_i/mhsa_top_0/inst/grp_online_attention_row_fu_1064/mul_32s_32s_64_1_1_U489/tmp_product_carry__3_n_2
    SLICE_X73Y117        CARRY8 (Prop_CARRY8_SLICEM_CI_O[5])
                                                      0.116     2.914 r  mhsa_i/mhsa_top_0/inst/grp_online_attention_row_fu_1064/mul_32s_32s_64_1_1_U489/tmp_product_carry__4/O[5]
                         net (fo=2, routed)           0.202     3.116    mhsa_i/mhsa_top_0/inst/grp_online_attention_row_fu_1064/mul_32s_32s_64_1_1_U489/mul_ln105_4_fu_2060_p2[61]
    SLICE_X71Y117        LUT4 (Prop_E6LUT_SLICEM_I2_O)
                                                      0.148     3.264 f  mhsa_i/mhsa_top_0/inst/grp_online_attention_row_fu_1064/mul_32s_32s_64_1_1_U489/ram_reg_bram_0_i_75__3/O
                         net (fo=1, routed)           0.099     3.363    mhsa_i/mhsa_top_0/inst/grp_online_attention_row_fu_1064/mul_32s_32s_64_1_1_U489/ram_reg_bram_0_i_75__3_n_2
    SLICE_X71Y117        LUT4 (Prop_F6LUT_SLICEM_I3_O)
                                                      0.123     3.486 r  mhsa_i/mhsa_top_0/inst/grp_online_attention_row_fu_1064/mul_32s_32s_64_1_1_U489/ram_reg_bram_0_i_68__3/O
                         net (fo=31, routed)          0.517     4.003    mhsa_i/mhsa_top_0/inst/grp_online_attention_row_fu_1064/mul_32s_32s_64_1_1_U489/ram_reg_bram_0_i_68__3_n_2
    SLICE_X70Y103        LUT5 (Prop_H6LUT_SLICEM_I2_O)
                                                      0.152     4.155 r  mhsa_i/mhsa_top_0/inst/grp_online_attention_row_fu_1064/mul_32s_32s_64_1_1_U489/ram_reg_bram_0_i_42__3/O
                         net (fo=1, routed)           1.097     5.252    mhsa_i/mhsa_top_0/inst/O_row_4_U/out_4_d1[23]
    RAMB36_X1Y20         RAMB36E2                                     r  mhsa_i/mhsa_top_0/inst/O_row_4_U/ram_reg_bram_0/DINBDIN[23]
  -------------------------------------------------------------------    -------------------

                         (clock clk_pl_0 rise edge)
                                                      0.000     0.000 r  
    PS8_X0Y0             PS8                          0.000     0.000 r  mhsa_i/zynq_ultra_ps_e_0/inst/PS8_i/PLCLK[0]
                         net (fo=1, routed)           0.143     0.143    mhsa_i/zynq_ultra_ps_e_0/inst/pl_clk_unbuffered[0]
    BUFG_PS_X0Y80        BUFG_PS (Prop_BUFG_PS_I_O)
                                                      0.025     0.168 r  mhsa_i/zynq_ultra_ps_e_0/inst/buffer_pl_clk_0.PL_CLK_0_BUFG/O
    X1Y2 (CLOCK_ROOT)    net (fo=24188, routed)       1.576     1.744    mhsa_i/mhsa_top_0/inst/O_row_4_U/ap_clk
    RAMB36_X1Y20         RAMB36E2                                     r  mhsa_i/mhsa_top_0/inst/O_row_4_U/ram_reg_bram_0/CLKBWRCLK

Slack:                    inf
  Source:                 mhsa_i/mhsa_top_0/inst/grp_online_attention_row_fu_1064/mul_32s_32s_64_1_1_U515/tmp_product__1/DSP_A_B_DATA_INST/A2_DATA[26]
                            (internal pin)
  Destination:            mhsa_i/mhsa_top_0/inst/O_row_14_U/ram_reg_bram_0/DINADIN[2]
                            (rising edge-triggered cell RAMB36E2 clocked by clk_pl_0  {rise@0.000ns fall@5.156ns period=10.312ns})
  Path Group:             (none)
  Path Type:              Setup (Max at Slow Process Corner)
  Data Path Delay:        5.243ns  (logic 2.686ns (51.233%)  route 2.557ns (48.767%))
  Logic Levels:           17  (CARRY8=6 DSP_ALU=2 DSP_M_DATA=1 DSP_MULTIPLIER=1 DSP_OUTPUT=2 DSP_PREADD_DATA=1 LUT2=1 LUT4=2 LUT5=1)
  Clock Uncertainty:      0.157ns  ((TSJ^2 + DJ^2)^1/2) / 2 + PE
    Total System Jitter     (TSJ):    0.050ns
    Discrete Jitter          (DJ):    0.310ns
    Phase Error              (PE):    0.000ns
  Clock Net Delay (Destination): 1.564ns (routing 0.512ns, distribution 1.052ns)

    Location             Delay type                Incr(ns)  Path(ns)    Netlist Resource(s)
  -------------------------------------------------------------------    -------------------
    DSP48E2_X8Y76        DSP_A_B_DATA                 0.000     0.000 r  mhsa_i/mhsa_top_0/inst/grp_online_attention_row_fu_1064/mul_32s_32s_64_1_1_U515/tmp_product__1/DSP_A_B_DATA_INST/A2_DATA[26]
                         net (fo=1, routed)           0.000     0.000    mhsa_i/mhsa_top_0/inst/grp_online_attention_row_fu_1064/mul_32s_32s_64_1_1_U515/tmp_product__1/DSP_A_B_DATA.A2_DATA<26>
    DSP48E2_X8Y76        DSP_PREADD_DATA (Prop_DSP_PREADD_DATA_DSP48E2_A2_DATA[26]_A2A1[26])
                                                      0.076     0.076 r  mhsa_i/mhsa_top_0/inst/grp_online_attention_row_fu_1064/mul_32s_32s_64_1_1_U515/tmp_product__1/DSP_PREADD_DATA_INST/A2A1[26]
                         net (fo=1, routed)           0.000     0.076    mhsa_i/mhsa_top_0/inst/grp_online_attention_row_fu_1064/mul_32s_32s_64_1_1_U515/tmp_product__1/DSP_PREADD_DATA.A2A1<26>
    DSP48E2_X8Y76        DSP_MULTIPLIER (Prop_DSP_MULTIPLIER_DSP48E2_A2A1[26]_U[43])
                                                      0.505     0.581 f  mhsa_i/mhsa_top_0/inst/grp_online_attention_row_fu_1064/mul_32s_32s_64_1_1_U515/tmp_product__1/DSP_MULTIPLIER_INST/U[43]
                         net (fo=1, routed)           0.000     0.581    mhsa_i/mhsa_top_0/inst/grp_online_attention_row_fu_1064/mul_32s_32s_64_1_1_U515/tmp_product__1/DSP_MULTIPLIER.U<43>
    DSP48E2_X8Y76        DSP_M_DATA (Prop_DSP_M_DATA_DSP48E2_U[43]_U_DATA[43])
                                                      0.047     0.628 r  mhsa_i/mhsa_top_0/inst/grp_online_attention_row_fu_1064/mul_32s_32s_64_1_1_U515/tmp_product__1/DSP_M_DATA_INST/U_DATA[43]
                         net (fo=1, routed)           0.000     0.628    mhsa_i/mhsa_top_0/inst/grp_online_attention_row_fu_1064/mul_32s_32s_64_1_1_U515/tmp_product__1/DSP_M_DATA.U_DATA<43>
    DSP48E2_X8Y76        DSP_ALU (Prop_DSP_ALU_DSP48E2_U_DATA[43]_ALU_OUT[47])
                                                      0.585     1.213 f  mhsa_i/mhsa_top_0/inst/grp_online_attention_row_fu_1064/mul_32s_32s_64_1_1_U515/tmp_product__1/DSP_ALU_INST/ALU_OUT[47]
                         net (fo=1, routed)           0.000     1.213    mhsa_i/mhsa_top_0/inst/grp_online_attention_row_fu_1064/mul_32s_32s_64_1_1_U515/tmp_product__1/DSP_ALU.ALU_OUT<47>
    DSP48E2_X8Y76        DSP_OUTPUT (Prop_DSP_OUTPUT_DSP48E2_ALU_OUT[47]_PCOUT[47])
                                                      0.122     1.335 r  mhsa_i/mhsa_top_0/inst/grp_online_attention_row_fu_1064/mul_32s_32s_64_1_1_U515/tmp_product__1/DSP_OUTPUT_INST/PCOUT[47]
                         net (fo=1, routed)           0.014     1.349    mhsa_i/mhsa_top_0/inst/grp_online_attention_row_fu_1064/mul_32s_32s_64_1_1_U515/tmp_product__2/PCIN[47]
    DSP48E2_X8Y77        DSP_ALU (Prop_DSP_ALU_DSP48E2_PCIN[47]_ALU_OUT[0])
                                                      0.546     1.895 f  mhsa_i/mhsa_top_0/inst/grp_online_attention_row_fu_1064/mul_32s_32s_64_1_1_U515/tmp_product__2/DSP_ALU_INST/ALU_OUT[0]
                         net (fo=1, routed)           0.000     1.895    mhsa_i/mhsa_top_0/inst/grp_online_attention_row_fu_1064/mul_32s_32s_64_1_1_U515/tmp_product__2/DSP_ALU.ALU_OUT<0>
    DSP48E2_X8Y77        DSP_OUTPUT (Prop_DSP_OUTPUT_DSP48E2_ALU_OUT[0]_P[0])
                                                      0.109     2.004 r  mhsa_i/mhsa_top_0/inst/grp_online_attention_row_fu_1064/mul_32s_32s_64_1_1_U515/tmp_product__2/DSP_OUTPUT_INST/P[0]
                         net (fo=2, routed)           0.317     2.321    mhsa_i/mhsa_top_0/inst/grp_online_attention_row_fu_1064/mul_32s_32s_64_1_1_U515/tmp_product__2_n_107
    SLICE_X73Y185        LUT2 (Prop_B6LUT_SLICEM_I0_O)
                                                      0.100     2.421 r  mhsa_i/mhsa_top_0/inst/grp_online_attention_row_fu_1064/mul_32s_32s_64_1_1_U515/tmp_product_carry_i_7__64/O
                         net (fo=1, routed)           0.016     2.437    mhsa_i/mhsa_top_0/inst/grp_online_attention_row_fu_1064/mul_32s_32s_64_1_1_U515/tmp_product_carry_i_7__64_n_2
    SLICE_X73Y185        CARRY8 (Prop_CARRY8_SLICEM_S[1]_CO[7])
                                                      0.190     2.627 r  mhsa_i/mhsa_top_0/inst/grp_online_attention_row_fu_1064/mul_32s_32s_64_1_1_U515/tmp_product_carry/CO[7]
                         net (fo=1, routed)           0.026     2.653    mhsa_i/mhsa_top_0/inst/grp_online_attention_row_fu_1064/mul_32s_32s_64_1_1_U515/tmp_product_carry_n_2
    SLICE_X73Y186        CARRY8 (Prop_CARRY8_SLICEM_CI_CO[7])
                                                      0.015     2.668 r  mhsa_i/mhsa_top_0/inst/grp_online_attention_row_fu_1064/mul_32s_32s_64_1_1_U515/tmp_product_carry__0/CO[7]
                         net (fo=1, routed)           0.026     2.694    mhsa_i/mhsa_top_0/inst/grp_online_attention_row_fu_1064/mul_32s_32s_64_1_1_U515/tmp_product_carry__0_n_2
    SLICE_X73Y187        CARRY8 (Prop_CARRY8_SLICEM_CI_CO[7])
                                                      0.015     2.709 r  mhsa_i/mhsa_top_0/inst/grp_online_attention_row_fu_1064/mul_32s_32s_64_1_1_U515/tmp_product_carry__1/CO[7]
                         net (fo=1, routed)           0.026     2.735    mhsa_i/mhsa_top_0/inst/grp_online_attention_row_fu_1064/mul_32s_32s_64_1_1_U515/tmp_product_carry__1_n_2
    SLICE_X73Y188        CARRY8 (Prop_CARRY8_SLICEM_CI_CO[7])
                                                      0.015     2.750 r  mhsa_i/mhsa_top_0/inst/grp_online_attention_row_fu_1064/mul_32s_32s_64_1_1_U515/tmp_product_carry__2/CO[7]
                         net (fo=1, routed)           0.026     2.776    mhsa_i/mhsa_top_0/inst/grp_online_attention_row_fu_1064/mul_32s_32s_64_1_1_U515/tmp_product_carry__2_n_2
    SLICE_X73Y189        CARRY8 (Prop_CARRY8_SLICEM_CI_CO[7])
                                                      0.015     2.791 r  mhsa_i/mhsa_top_0/inst/grp_online_attention_row_fu_1064/mul_32s_32s_64_1_1_U515/tmp_product_carry__3/CO[7]
                         net (fo=1, routed)           0.026     2.817    mhsa_i/mhsa_top_0/inst/grp_online_attention_row_fu_1064/mul_32s_32s_64_1_1_U515/tmp_product_carry__3_n_2
    SLICE_X73Y190        CARRY8 (Prop_CARRY8_SLICEM_CI_O[6])
                                                      0.103     2.920 r  mhsa_i/mhsa_top_0/inst/grp_online_attention_row_fu_1064/mul_32s_32s_64_1_1_U515/tmp_product_carry__4/O[6]
                         net (fo=2, routed)           0.247     3.167    mhsa_i/mhsa_top_0/inst/grp_online_attention_row_fu_1064/mul_32s_32s_64_1_1_U515/mul_ln105_30_fu_2164_p2[62]
    SLICE_X72Y189        LUT4 (Prop_D5LUT_SLICEL_I0_O)
                                                      0.157     3.324 f  mhsa_i/mhsa_top_0/inst/grp_online_attention_row_fu_1064/mul_32s_32s_64_1_1_U515/ram_reg_bram_0_i_72__13/O
                         net (fo=1, routed)           0.200     3.524    mhsa_i/mhsa_top_0/inst/grp_online_attention_row_fu_1064/mul_32s_32s_64_1_1_U515/ram_reg_bram_0_i_72__13_n_2
    SLICE_X72Y189        LUT4 (Prop_E6LUT_SLICEL_I1_O)
                                                      0.035     3.559 r  mhsa_i/mhsa_top_0/inst/grp_online_attention_row_fu_1064/mul_32s_32s_64_1_1_U515/ram_reg_bram_0_i_67__14/O
                         net (fo=31, routed)          0.511     4.071    mhsa_i/mhsa_top_0/inst/grp_online_attention_row_fu_1064/mul_32s_32s_64_1_1_U515/ram_reg_bram_0_i_67__14_n_2
    SLICE_X73Y172        LUT5 (Prop_F6LUT_SLICEM_I4_O)
                                                      0.051     4.122 r  mhsa_i/mhsa_top_0/inst/grp_online_attention_row_fu_1064/mul_32s_32s_64_1_1_U515/ram_reg_bram_0_i_31__13/O
                         net (fo=1, routed)           1.121     5.243    mhsa_i/mhsa_top_0/inst/O_row_14_U/out_14_d0[2]
    RAMB36_X1Y33         RAMB36E2                                     r  mhsa_i/mhsa_top_0/inst/O_row_14_U/ram_reg_bram_0/DINADIN[2]
  -------------------------------------------------------------------    -------------------

                         (clock clk_pl_0 rise edge)
                                                      0.000     0.000 r  
    PS8_X0Y0             PS8                          0.000     0.000 r  mhsa_i/zynq_ultra_ps_e_0/inst/PS8_i/PLCLK[0]
                         net (fo=1, routed)           0.143     0.143    mhsa_i/zynq_ultra_ps_e_0/inst/pl_clk_unbuffered[0]
    BUFG_PS_X0Y80        BUFG_PS (Prop_BUFG_PS_I_O)
                                                      0.025     0.168 r  mhsa_i/zynq_ultra_ps_e_0/inst/buffer_pl_clk_0.PL_CLK_0_BUFG/O
    X1Y2 (CLOCK_ROOT)    net (fo=24188, routed)       1.564     1.732    mhsa_i/mhsa_top_0/inst/O_row_14_U/ap_clk
    RAMB36_X1Y33         RAMB36E2                                     r  mhsa_i/mhsa_top_0/inst/O_row_14_U/ram_reg_bram_0/CLKARDCLK

Slack:                    inf
  Source:                 mhsa_i/mhsa_top_0/inst/grp_online_attention_row_fu_1064/mul_32s_32s_64_1_1_U498/tmp_product__1/DSP_A_B_DATA_INST/A2_DATA[26]
                            (internal pin)
  Destination:            mhsa_i/mhsa_top_0/inst/O_row_13_U/ram_reg_bram_0/DINBDIN[12]
                            (rising edge-triggered cell RAMB36E2 clocked by clk_pl_0  {rise@0.000ns fall@5.156ns period=10.312ns})
  Path Group:             (none)
  Path Type:              Setup (Max at Slow Process Corner)
  Data Path Delay:        5.238ns  (logic 2.726ns (52.042%)  route 2.512ns (47.958%))
  Logic Levels:           17  (CARRY8=6 DSP_ALU=2 DSP_M_DATA=1 DSP_MULTIPLIER=1 DSP_OUTPUT=2 DSP_PREADD_DATA=1 LUT2=1 LUT4=2 LUT5=1)
  Clock Uncertainty:      0.157ns  ((TSJ^2 + DJ^2)^1/2) / 2 + PE
    Total System Jitter     (TSJ):    0.050ns
    Discrete Jitter          (DJ):    0.310ns
    Phase Error              (PE):    0.000ns
  Clock Net Delay (Destination): 1.552ns (routing 0.512ns, distribution 1.040ns)

    Location             Delay type                Incr(ns)  Path(ns)    Netlist Resource(s)
  -------------------------------------------------------------------    -------------------
    DSP48E2_X7Y58        DSP_A_B_DATA                 0.000     0.000 r  mhsa_i/mhsa_top_0/inst/grp_online_attention_row_fu_1064/mul_32s_32s_64_1_1_U498/tmp_product__1/DSP_A_B_DATA_INST/A2_DATA[26]
                         net (fo=1, routed)           0.000     0.000    mhsa_i/mhsa_top_0/inst/grp_online_attention_row_fu_1064/mul_32s_32s_64_1_1_U498/tmp_product__1/DSP_A_B_DATA.A2_DATA<26>
    DSP48E2_X7Y58        DSP_PREADD_DATA (Prop_DSP_PREADD_DATA_DSP48E2_A2_DATA[26]_A2A1[26])
                                                      0.076     0.076 r  mhsa_i/mhsa_top_0/inst/grp_online_attention_row_fu_1064/mul_32s_32s_64_1_1_U498/tmp_product__1/DSP_PREADD_DATA_INST/A2A1[26]
                         net (fo=1, routed)           0.000     0.076    mhsa_i/mhsa_top_0/inst/grp_online_attention_row_fu_1064/mul_32s_32s_64_1_1_U498/tmp_product__1/DSP_PREADD_DATA.A2A1<26>
    DSP48E2_X7Y58        DSP_MULTIPLIER (Prop_DSP_MULTIPLIER_DSP48E2_A2A1[26]_U[43])
                                                      0.505     0.581 f  mhsa_i/mhsa_top_0/inst/grp_online_attention_row_fu_1064/mul_32s_32s_64_1_1_U498/tmp_product__1/DSP_MULTIPLIER_INST/U[43]
                         net (fo=1, routed)           0.000     0.581    mhsa_i/mhsa_top_0/inst/grp_online_attention_row_fu_1064/mul_32s_32s_64_1_1_U498/tmp_product__1/DSP_MULTIPLIER.U<43>
    DSP48E2_X7Y58        DSP_M_DATA (Prop_DSP_M_DATA_DSP48E2_U[43]_U_DATA[43])
                                                      0.047     0.628 r  mhsa_i/mhsa_top_0/inst/grp_online_attention_row_fu_1064/mul_32s_32s_64_1_1_U498/tmp_product__1/DSP_M_DATA_INST/U_DATA[43]
                         net (fo=1, routed)           0.000     0.628    mhsa_i/mhsa_top_0/inst/grp_online_attention_row_fu_1064/mul_32s_32s_64_1_1_U498/tmp_product__1/DSP_M_DATA.U_DATA<43>
    DSP48E2_X7Y58        DSP_ALU (Prop_DSP_ALU_DSP48E2_U_DATA[43]_ALU_OUT[47])
                                                      0.585     1.213 f  mhsa_i/mhsa_top_0/inst/grp_online_attention_row_fu_1064/mul_32s_32s_64_1_1_U498/tmp_product__1/DSP_ALU_INST/ALU_OUT[47]
                         net (fo=1, routed)           0.000     1.213    mhsa_i/mhsa_top_0/inst/grp_online_attention_row_fu_1064/mul_32s_32s_64_1_1_U498/tmp_product__1/DSP_ALU.ALU_OUT<47>
    DSP48E2_X7Y58        DSP_OUTPUT (Prop_DSP_OUTPUT_DSP48E2_ALU_OUT[47]_PCOUT[47])
                                                      0.122     1.335 r  mhsa_i/mhsa_top_0/inst/grp_online_attention_row_fu_1064/mul_32s_32s_64_1_1_U498/tmp_product__1/DSP_OUTPUT_INST/PCOUT[47]
                         net (fo=1, routed)           0.014     1.349    mhsa_i/mhsa_top_0/inst/grp_online_attention_row_fu_1064/mul_32s_32s_64_1_1_U498/tmp_product__2/PCIN[47]
    DSP48E2_X7Y59        DSP_ALU (Prop_DSP_ALU_DSP48E2_PCIN[47]_ALU_OUT[3])
                                                      0.546     1.895 f  mhsa_i/mhsa_top_0/inst/grp_online_attention_row_fu_1064/mul_32s_32s_64_1_1_U498/tmp_product__2/DSP_ALU_INST/ALU_OUT[3]
                         net (fo=1, routed)           0.000     1.895    mhsa_i/mhsa_top_0/inst/grp_online_attention_row_fu_1064/mul_32s_32s_64_1_1_U498/tmp_product__2/DSP_ALU.ALU_OUT<3>
    DSP48E2_X7Y59        DSP_OUTPUT (Prop_DSP_OUTPUT_DSP48E2_ALU_OUT[3]_P[3])
                                                      0.109     2.004 r  mhsa_i/mhsa_top_0/inst/grp_online_attention_row_fu_1064/mul_32s_32s_64_1_1_U498/tmp_product__2/DSP_OUTPUT_INST/P[3]
                         net (fo=2, routed)           0.248     2.252    mhsa_i/mhsa_top_0/inst/grp_online_attention_row_fu_1064/mul_32s_32s_64_1_1_U498/tmp_product__2_n_104
    SLICE_X70Y145        LUT2 (Prop_E6LUT_SLICEM_I0_O)
                                                      0.124     2.376 r  mhsa_i/mhsa_top_0/inst/grp_online_attention_row_fu_1064/mul_32s_32s_64_1_1_U498/tmp_product_carry_i_4__47/O
                         net (fo=1, routed)           0.014     2.390    mhsa_i/mhsa_top_0/inst/grp_online_attention_row_fu_1064/mul_32s_32s_64_1_1_U498/tmp_product_carry_i_4__47_n_2
    SLICE_X70Y145        CARRY8 (Prop_CARRY8_SLICEM_S[4]_CO[7])
                                                      0.156     2.546 r  mhsa_i/mhsa_top_0/inst/grp_online_attention_row_fu_1064/mul_32s_32s_64_1_1_U498/tmp_product_carry/CO[7]
                         net (fo=1, routed)           0.026     2.572    mhsa_i/mhsa_top_0/inst/grp_online_attention_row_fu_1064/mul_32s_32s_64_1_1_U498/tmp_product_carry_n_2
    SLICE_X70Y146        CARRY8 (Prop_CARRY8_SLICEM_CI_CO[7])
                                                      0.015     2.587 r  mhsa_i/mhsa_top_0/inst/grp_online_attention_row_fu_1064/mul_32s_32s_64_1_1_U498/tmp_product_carry__0/CO[7]
                         net (fo=1, routed)           0.026     2.613    mhsa_i/mhsa_top_0/inst/grp_online_attention_row_fu_1064/mul_32s_32s_64_1_1_U498/tmp_product_carry__0_n_2
    SLICE_X70Y147        CARRY8 (Prop_CARRY8_SLICEM_CI_CO[7])
                                                      0.015     2.628 r  mhsa_i/mhsa_top_0/inst/grp_online_attention_row_fu_1064/mul_32s_32s_64_1_1_U498/tmp_product_carry__1/CO[7]
                         net (fo=1, routed)           0.026     2.654    mhsa_i/mhsa_top_0/inst/grp_online_attention_row_fu_1064/mul_32s_32s_64_1_1_U498/tmp_product_carry__1_n_2
    SLICE_X70Y148        CARRY8 (Prop_CARRY8_SLICEM_CI_CO[7])
                                                      0.015     2.669 r  mhsa_i/mhsa_top_0/inst/grp_online_attention_row_fu_1064/mul_32s_32s_64_1_1_U498/tmp_product_carry__2/CO[7]
                         net (fo=1, routed)           0.026     2.695    mhsa_i/mhsa_top_0/inst/grp_online_attention_row_fu_1064/mul_32s_32s_64_1_1_U498/tmp_product_carry__2_n_2
    SLICE_X70Y149        CARRY8 (Prop_CARRY8_SLICEM_CI_CO[7])
                                                      0.015     2.710 r  mhsa_i/mhsa_top_0/inst/grp_online_attention_row_fu_1064/mul_32s_32s_64_1_1_U498/tmp_product_carry__3/CO[7]
                         net (fo=1, routed)           0.052     2.762    mhsa_i/mhsa_top_0/inst/grp_online_attention_row_fu_1064/mul_32s_32s_64_1_1_U498/tmp_product_carry__3_n_2
    SLICE_X70Y150        CARRY8 (Prop_CARRY8_SLICEM_CI_O[2])
                                                      0.067     2.829 r  mhsa_i/mhsa_top_0/inst/grp_online_attention_row_fu_1064/mul_32s_32s_64_1_1_U498/tmp_product_carry__4/O[2]
                         net (fo=2, routed)           0.405     3.234    mhsa_i/mhsa_top_0/inst/grp_online_attention_row_fu_1064/mul_32s_32s_64_1_1_U498/mul_ln105_13_fu_2096_p2[58]
    SLICE_X68Y149        LUT4 (Prop_E6LUT_SLICEL_I3_O)
                                                      0.123     3.357 f  mhsa_i/mhsa_top_0/inst/grp_online_attention_row_fu_1064/mul_32s_32s_64_1_1_U498/ram_reg_bram_0_i_75__12/O
                         net (fo=1, routed)           0.091     3.448    mhsa_i/mhsa_top_0/inst/grp_online_attention_row_fu_1064/mul_32s_32s_64_1_1_U498/ram_reg_bram_0_i_75__12_n_2
    SLICE_X68Y149        LUT4 (Prop_H5LUT_SLICEL_I3_O)
                                                      0.109     3.557 r  mhsa_i/mhsa_top_0/inst/grp_online_attention_row_fu_1064/mul_32s_32s_64_1_1_U498/ram_reg_bram_0_i_68__12/O
                         net (fo=31, routed)          1.143     4.700    mhsa_i/mhsa_top_0/inst/grp_online_attention_row_fu_1064/mul_32s_32s_64_1_1_U498/ram_reg_bram_0_i_68__12_n_2
    SLICE_X62Y148        LUT5 (Prop_G6LUT_SLICEL_I2_O)
                                                      0.097     4.797 r  mhsa_i/mhsa_top_0/inst/grp_online_attention_row_fu_1064/mul_32s_32s_64_1_1_U498/ram_reg_bram_0_i_53__12/O
                         net (fo=1, routed)           0.441     5.238    mhsa_i/mhsa_top_0/inst/O_row_13_U/out_13_d1[12]
    RAMB36_X1Y30         RAMB36E2                                     r  mhsa_i/mhsa_top_0/inst/O_row_13_U/ram_reg_bram_0/DINBDIN[12]
  -------------------------------------------------------------------    -------------------

                         (clock clk_pl_0 rise edge)
                                                      0.000     0.000 r  
    PS8_X0Y0             PS8                          0.000     0.000 r  mhsa_i/zynq_ultra_ps_e_0/inst/PS8_i/PLCLK[0]
                         net (fo=1, routed)           0.143     0.143    mhsa_i/zynq_ultra_ps_e_0/inst/pl_clk_unbuffered[0]
    BUFG_PS_X0Y80        BUFG_PS (Prop_BUFG_PS_I_O)
                                                      0.025     0.168 r  mhsa_i/zynq_ultra_ps_e_0/inst/buffer_pl_clk_0.PL_CLK_0_BUFG/O
    X1Y2 (CLOCK_ROOT)    net (fo=24188, routed)       1.552     1.720    mhsa_i/mhsa_top_0/inst/O_row_13_U/ap_clk
    RAMB36_X1Y30         RAMB36E2                                     r  mhsa_i/mhsa_top_0/inst/O_row_13_U/ram_reg_bram_0/CLKBWRCLK

Slack:                    inf
  Source:                 mhsa_i/mhsa_top_0/inst/grp_online_attention_row_fu_1064/mul_32s_32s_64_1_1_U508/tmp_product__1/DSP_A_B_DATA_INST/A2_DATA[26]
                            (internal pin)
  Destination:            mhsa_i/mhsa_top_0/inst/O_row_7_U/ram_reg_bram_0/DINADIN[9]
                            (rising edge-triggered cell RAMB36E2 clocked by clk_pl_0  {rise@0.000ns fall@5.156ns period=10.312ns})
  Path Group:             (none)
  Path Type:              Setup (Max at Slow Process Corner)
  Data Path Delay:        5.230ns  (logic 2.800ns (53.534%)  route 2.430ns (46.466%))
  Logic Levels:           16  (CARRY8=5 DSP_ALU=2 DSP_M_DATA=1 DSP_MULTIPLIER=1 DSP_OUTPUT=2 DSP_PREADD_DATA=1 LUT2=1 LUT4=1 LUT5=1 LUT6=1)
  Clock Uncertainty:      0.157ns  ((TSJ^2 + DJ^2)^1/2) / 2 + PE
    Total System Jitter     (TSJ):    0.050ns
    Discrete Jitter          (DJ):    0.310ns
    Phase Error              (PE):    0.000ns
  Clock Net Delay (Destination): 1.566ns (routing 0.512ns, distribution 1.054ns)

    Location             Delay type                Incr(ns)  Path(ns)    Netlist Resource(s)
  -------------------------------------------------------------------    -------------------
    DSP48E2_X12Y38       DSP_A_B_DATA                 0.000     0.000 r  mhsa_i/mhsa_top_0/inst/grp_online_attention_row_fu_1064/mul_32s_32s_64_1_1_U508/tmp_product__1/DSP_A_B_DATA_INST/A2_DATA[26]
                         net (fo=1, routed)           0.000     0.000    mhsa_i/mhsa_top_0/inst/grp_online_attention_row_fu_1064/mul_32s_32s_64_1_1_U508/tmp_product__1/DSP_A_B_DATA.A2_DATA<26>
    DSP48E2_X12Y38       DSP_PREADD_DATA (Prop_DSP_PREADD_DATA_DSP48E2_A2_DATA[26]_A2A1[26])
                                                      0.076     0.076 r  mhsa_i/mhsa_top_0/inst/grp_online_attention_row_fu_1064/mul_32s_32s_64_1_1_U508/tmp_product__1/DSP_PREADD_DATA_INST/A2A1[26]
                         net (fo=1, routed)           0.000     0.076    mhsa_i/mhsa_top_0/inst/grp_online_attention_row_fu_1064/mul_32s_32s_64_1_1_U508/tmp_product__1/DSP_PREADD_DATA.A2A1<26>
    DSP48E2_X12Y38       DSP_MULTIPLIER (Prop_DSP_MULTIPLIER_DSP48E2_A2A1[26]_U[43])
                                                      0.505     0.581 f  mhsa_i/mhsa_top_0/inst/grp_online_attention_row_fu_1064/mul_32s_32s_64_1_1_U508/tmp_product__1/DSP_MULTIPLIER_INST/U[43]
                         net (fo=1, routed)           0.000     0.581    mhsa_i/mhsa_top_0/inst/grp_online_attention_row_fu_1064/mul_32s_32s_64_1_1_U508/tmp_product__1/DSP_MULTIPLIER.U<43>
    DSP48E2_X12Y38       DSP_M_DATA (Prop_DSP_M_DATA_DSP48E2_U[43]_U_DATA[43])
                                                      0.047     0.628 r  mhsa_i/mhsa_top_0/inst/grp_online_attention_row_fu_1064/mul_32s_32s_64_1_1_U508/tmp_product__1/DSP_M_DATA_INST/U_DATA[43]
                         net (fo=1, routed)           0.000     0.628    mhsa_i/mhsa_top_0/inst/grp_online_attention_row_fu_1064/mul_32s_32s_64_1_1_U508/tmp_product__1/DSP_M_DATA.U_DATA<43>
    DSP48E2_X12Y38       DSP_ALU (Prop_DSP_ALU_DSP48E2_U_DATA[43]_ALU_OUT[47])
                                                      0.585     1.213 f  mhsa_i/mhsa_top_0/inst/grp_online_attention_row_fu_1064/mul_32s_32s_64_1_1_U508/tmp_product__1/DSP_ALU_INST/ALU_OUT[47]
                         net (fo=1, routed)           0.000     1.213    mhsa_i/mhsa_top_0/inst/grp_online_attention_row_fu_1064/mul_32s_32s_64_1_1_U508/tmp_product__1/DSP_ALU.ALU_OUT<47>
    DSP48E2_X12Y38       DSP_OUTPUT (Prop_DSP_OUTPUT_DSP48E2_ALU_OUT[47]_PCOUT[47])
                                                      0.122     1.335 r  mhsa_i/mhsa_top_0/inst/grp_online_attention_row_fu_1064/mul_32s_32s_64_1_1_U508/tmp_product__1/DSP_OUTPUT_INST/PCOUT[47]
                         net (fo=1, routed)           0.014     1.349    mhsa_i/mhsa_top_0/inst/grp_online_attention_row_fu_1064/mul_32s_32s_64_1_1_U508/tmp_product__2/PCIN[47]
    DSP48E2_X12Y39       DSP_ALU (Prop_DSP_ALU_DSP48E2_PCIN[47]_ALU_OUT[2])
                                                      0.546     1.895 f  mhsa_i/mhsa_top_0/inst/grp_online_attention_row_fu_1064/mul_32s_32s_64_1_1_U508/tmp_product__2/DSP_ALU_INST/ALU_OUT[2]
                         net (fo=1, routed)           0.000     1.895    mhsa_i/mhsa_top_0/inst/grp_online_attention_row_fu_1064/mul_32s_32s_64_1_1_U508/tmp_product__2/DSP_ALU.ALU_OUT<2>
    DSP48E2_X12Y39       DSP_OUTPUT (Prop_DSP_OUTPUT_DSP48E2_ALU_OUT[2]_P[2])
                                                      0.109     2.004 r  mhsa_i/mhsa_top_0/inst/grp_online_attention_row_fu_1064/mul_32s_32s_64_1_1_U508/tmp_product__2/DSP_OUTPUT_INST/P[2]
                         net (fo=2, routed)           0.285     2.289    mhsa_i/mhsa_top_0/inst/grp_online_attention_row_fu_1064/mul_32s_32s_64_1_1_U508/tmp_product__2_n_105
    SLICE_X88Y95         LUT2 (Prop_D6LUT_SLICEM_I0_O)
                                                      0.122     2.411 r  mhsa_i/mhsa_top_0/inst/grp_online_attention_row_fu_1064/mul_32s_32s_64_1_1_U508/tmp_product_carry_i_5__57/O
                         net (fo=1, routed)           0.025     2.436    mhsa_i/mhsa_top_0/inst/grp_online_attention_row_fu_1064/mul_32s_32s_64_1_1_U508/tmp_product_carry_i_5__57_n_2
    SLICE_X88Y95         CARRY8 (Prop_CARRY8_SLICEM_S[3]_CO[7])
                                                      0.163     2.599 r  mhsa_i/mhsa_top_0/inst/grp_online_attention_row_fu_1064/mul_32s_32s_64_1_1_U508/tmp_product_carry/CO[7]
                         net (fo=1, routed)           0.026     2.625    mhsa_i/mhsa_top_0/inst/grp_online_attention_row_fu_1064/mul_32s_32s_64_1_1_U508/tmp_product_carry_n_2
    SLICE_X88Y96         CARRY8 (Prop_CARRY8_SLICEM_CI_CO[7])
                                                      0.015     2.640 r  mhsa_i/mhsa_top_0/inst/grp_online_attention_row_fu_1064/mul_32s_32s_64_1_1_U508/tmp_product_carry__0/CO[7]
                         net (fo=1, routed)           0.026     2.666    mhsa_i/mhsa_top_0/inst/grp_online_attention_row_fu_1064/mul_32s_32s_64_1_1_U508/tmp_product_carry__0_n_2
    SLICE_X88Y97         CARRY8 (Prop_CARRY8_SLICEM_CI_CO[7])
                                                      0.015     2.681 r  mhsa_i/mhsa_top_0/inst/grp_online_attention_row_fu_1064/mul_32s_32s_64_1_1_U508/tmp_product_carry__1/CO[7]
                         net (fo=1, routed)           0.026     2.707    mhsa_i/mhsa_top_0/inst/grp_online_attention_row_fu_1064/mul_32s_32s_64_1_1_U508/tmp_product_carry__1_n_2
    SLICE_X88Y98         CARRY8 (Prop_CARRY8_SLICEM_CI_CO[7])
                                                      0.015     2.722 r  mhsa_i/mhsa_top_0/inst/grp_online_attention_row_fu_1064/mul_32s_32s_64_1_1_U508/tmp_product_carry__2/CO[7]
                         net (fo=1, routed)           0.026     2.748    mhsa_i/mhsa_top_0/inst/grp_online_attention_row_fu_1064/mul_32s_32s_64_1_1_U508/tmp_product_carry__2_n_2
    SLICE_X88Y99         CARRY8 (Prop_CARRY8_SLICEM_CI_O[7])
                                                      0.116     2.864 r  mhsa_i/mhsa_top_0/inst/grp_online_attention_row_fu_1064/mul_32s_32s_64_1_1_U508/tmp_product_carry__3/O[7]
                         net (fo=2, routed)           0.247     3.111    mhsa_i/mhsa_top_0/inst/grp_online_attention_row_fu_1064/mul_32s_32s_64_1_1_U508/mul_ln105_23_fu_2136_p2[55]
    SLICE_X89Y99         LUT6 (Prop_H6LUT_SLICEM_I5_O)
                                                      0.152     3.263 r  mhsa_i/mhsa_top_0/inst/grp_online_attention_row_fu_1064/mul_32s_32s_64_1_1_U508/ram_reg_bram_0_i_70__6/O
                         net (fo=1, routed)           0.041     3.304    mhsa_i/mhsa_top_0/inst/grp_online_attention_row_fu_1064/mul_32s_32s_64_1_1_U508/ram_reg_bram_0_i_70__6_n_2
    SLICE_X89Y99         LUT4 (Prop_F6LUT_SLICEM_I2_O)
                                                      0.088     3.392 r  mhsa_i/mhsa_top_0/inst/grp_online_attention_row_fu_1064/mul_32s_32s_64_1_1_U508/ram_reg_bram_0_i_66__6/O
                         net (fo=31, routed)          0.284     3.675    mhsa_i/mhsa_top_0/inst/grp_online_attention_row_fu_1064/mul_32s_32s_64_1_1_U508/ram_reg_bram_0_i_66__6_n_2
    SLICE_X87Y96         LUT5 (Prop_A6LUT_SLICEL_I2_O)
                                                      0.124     3.799 r  mhsa_i/mhsa_top_0/inst/grp_online_attention_row_fu_1064/mul_32s_32s_64_1_1_U508/ram_reg_bram_0_i_24__6/O
                         net (fo=1, routed)           1.431     5.230    mhsa_i/mhsa_top_0/inst/O_row_7_U/out_7_d0[9]
    RAMB36_X1Y19         RAMB36E2                                     r  mhsa_i/mhsa_top_0/inst/O_row_7_U/ram_reg_bram_0/DINADIN[9]
  -------------------------------------------------------------------    -------------------

                         (clock clk_pl_0 rise edge)
                                                      0.000     0.000 r  
    PS8_X0Y0             PS8                          0.000     0.000 r  mhsa_i/zynq_ultra_ps_e_0/inst/PS8_i/PLCLK[0]
                         net (fo=1, routed)           0.143     0.143    mhsa_i/zynq_ultra_ps_e_0/inst/pl_clk_unbuffered[0]
    BUFG_PS_X0Y80        BUFG_PS (Prop_BUFG_PS_I_O)
                                                      0.025     0.168 r  mhsa_i/zynq_ultra_ps_e_0/inst/buffer_pl_clk_0.PL_CLK_0_BUFG/O
    X1Y2 (CLOCK_ROOT)    net (fo=24188, routed)       1.566     1.734    mhsa_i/mhsa_top_0/inst/O_row_7_U/ap_clk
    RAMB36_X1Y19         RAMB36E2                                     r  mhsa_i/mhsa_top_0/inst/O_row_7_U/ram_reg_bram_0/CLKARDCLK

Slack:                    inf
  Source:                 mhsa_i/mhsa_top_0/inst/grp_online_attention_row_fu_1064/mul_32s_32s_64_1_1_U498/tmp_product__1/DSP_A_B_DATA_INST/A2_DATA[26]
                            (internal pin)
  Destination:            mhsa_i/mhsa_top_0/inst/O_row_13_U/ram_reg_bram_0/DINBDIN[30]
                            (rising edge-triggered cell RAMB36E2 clocked by clk_pl_0  {rise@0.000ns fall@5.156ns period=10.312ns})
  Path Group:             (none)
  Path Type:              Setup (Max at Slow Process Corner)
  Data Path Delay:        5.227ns  (logic 2.753ns (52.672%)  route 2.474ns (47.328%))
  Logic Levels:           17  (CARRY8=6 DSP_ALU=2 DSP_M_DATA=1 DSP_MULTIPLIER=1 DSP_OUTPUT=2 DSP_PREADD_DATA=1 LUT2=1 LUT4=2 LUT5=1)
  Clock Uncertainty:      0.157ns  ((TSJ^2 + DJ^2)^1/2) / 2 + PE
    Total System Jitter     (TSJ):    0.050ns
    Discrete Jitter          (DJ):    0.310ns
    Phase Error              (PE):    0.000ns
  Clock Net Delay (Destination): 1.552ns (routing 0.512ns, distribution 1.040ns)

    Location             Delay type                Incr(ns)  Path(ns)    Netlist Resource(s)
  -------------------------------------------------------------------    -------------------
    DSP48E2_X7Y58        DSP_A_B_DATA                 0.000     0.000 r  mhsa_i/mhsa_top_0/inst/grp_online_attention_row_fu_1064/mul_32s_32s_64_1_1_U498/tmp_product__1/DSP_A_B_DATA_INST/A2_DATA[26]
                         net (fo=1, routed)           0.000     0.000    mhsa_i/mhsa_top_0/inst/grp_online_attention_row_fu_1064/mul_32s_32s_64_1_1_U498/tmp_product__1/DSP_A_B_DATA.A2_DATA<26>
    DSP48E2_X7Y58        DSP_PREADD_DATA (Prop_DSP_PREADD_DATA_DSP48E2_A2_DATA[26]_A2A1[26])
                                                      0.076     0.076 r  mhsa_i/mhsa_top_0/inst/grp_online_attention_row_fu_1064/mul_32s_32s_64_1_1_U498/tmp_product__1/DSP_PREADD_DATA_INST/A2A1[26]
                         net (fo=1, routed)           0.000     0.076    mhsa_i/mhsa_top_0/inst/grp_online_attention_row_fu_1064/mul_32s_32s_64_1_1_U498/tmp_product__1/DSP_PREADD_DATA.A2A1<26>
    DSP48E2_X7Y58        DSP_MULTIPLIER (Prop_DSP_MULTIPLIER_DSP48E2_A2A1[26]_U[43])
                                                      0.505     0.581 f  mhsa_i/mhsa_top_0/inst/grp_online_attention_row_fu_1064/mul_32s_32s_64_1_1_U498/tmp_product__1/DSP_MULTIPLIER_INST/U[43]
                         net (fo=1, routed)           0.000     0.581    mhsa_i/mhsa_top_0/inst/grp_online_attention_row_fu_1064/mul_32s_32s_64_1_1_U498/tmp_product__1/DSP_MULTIPLIER.U<43>
    DSP48E2_X7Y58        DSP_M_DATA (Prop_DSP_M_DATA_DSP48E2_U[43]_U_DATA[43])
                                                      0.047     0.628 r  mhsa_i/mhsa_top_0/inst/grp_online_attention_row_fu_1064/mul_32s_32s_64_1_1_U498/tmp_product__1/DSP_M_DATA_INST/U_DATA[43]
                         net (fo=1, routed)           0.000     0.628    mhsa_i/mhsa_top_0/inst/grp_online_attention_row_fu_1064/mul_32s_32s_64_1_1_U498/tmp_product__1/DSP_M_DATA.U_DATA<43>
    DSP48E2_X7Y58        DSP_ALU (Prop_DSP_ALU_DSP48E2_U_DATA[43]_ALU_OUT[47])
                                                      0.585     1.213 f  mhsa_i/mhsa_top_0/inst/grp_online_attention_row_fu_1064/mul_32s_32s_64_1_1_U498/tmp_product__1/DSP_ALU_INST/ALU_OUT[47]
                         net (fo=1, routed)           0.000     1.213    mhsa_i/mhsa_top_0/inst/grp_online_attention_row_fu_1064/mul_32s_32s_64_1_1_U498/tmp_product__1/DSP_ALU.ALU_OUT<47>
    DSP48E2_X7Y58        DSP_OUTPUT (Prop_DSP_OUTPUT_DSP48E2_ALU_OUT[47]_PCOUT[47])
                                                      0.122     1.335 r  mhsa_i/mhsa_top_0/inst/grp_online_attention_row_fu_1064/mul_32s_32s_64_1_1_U498/tmp_product__1/DSP_OUTPUT_INST/PCOUT[47]
                         net (fo=1, routed)           0.014     1.349    mhsa_i/mhsa_top_0/inst/grp_online_attention_row_fu_1064/mul_32s_32s_64_1_1_U498/tmp_product__2/PCIN[47]
    DSP48E2_X7Y59        DSP_ALU (Prop_DSP_ALU_DSP48E2_PCIN[47]_ALU_OUT[3])
                                                      0.546     1.895 f  mhsa_i/mhsa_top_0/inst/grp_online_attention_row_fu_1064/mul_32s_32s_64_1_1_U498/tmp_product__2/DSP_ALU_INST/ALU_OUT[3]
                         net (fo=1, routed)           0.000     1.895    mhsa_i/mhsa_top_0/inst/grp_online_attention_row_fu_1064/mul_32s_32s_64_1_1_U498/tmp_product__2/DSP_ALU.ALU_OUT<3>
    DSP48E2_X7Y59        DSP_OUTPUT (Prop_DSP_OUTPUT_DSP48E2_ALU_OUT[3]_P[3])
                                                      0.109     2.004 r  mhsa_i/mhsa_top_0/inst/grp_online_attention_row_fu_1064/mul_32s_32s_64_1_1_U498/tmp_product__2/DSP_OUTPUT_INST/P[3]
                         net (fo=2, routed)           0.248     2.252    mhsa_i/mhsa_top_0/inst/grp_online_attention_row_fu_1064/mul_32s_32s_64_1_1_U498/tmp_product__2_n_104
    SLICE_X70Y145        LUT2 (Prop_E6LUT_SLICEM_I0_O)
                                                      0.124     2.376 r  mhsa_i/mhsa_top_0/inst/grp_online_attention_row_fu_1064/mul_32s_32s_64_1_1_U498/tmp_product_carry_i_4__47/O
                         net (fo=1, routed)           0.014     2.390    mhsa_i/mhsa_top_0/inst/grp_online_attention_row_fu_1064/mul_32s_32s_64_1_1_U498/tmp_product_carry_i_4__47_n_2
    SLICE_X70Y145        CARRY8 (Prop_CARRY8_SLICEM_S[4]_CO[7])
                                                      0.156     2.546 r  mhsa_i/mhsa_top_0/inst/grp_online_attention_row_fu_1064/mul_32s_32s_64_1_1_U498/tmp_product_carry/CO[7]
                         net (fo=1, routed)           0.026     2.572    mhsa_i/mhsa_top_0/inst/grp_online_attention_row_fu_1064/mul_32s_32s_64_1_1_U498/tmp_product_carry_n_2
    SLICE_X70Y146        CARRY8 (Prop_CARRY8_SLICEM_CI_CO[7])
                                                      0.015     2.587 r  mhsa_i/mhsa_top_0/inst/grp_online_attention_row_fu_1064/mul_32s_32s_64_1_1_U498/tmp_product_carry__0/CO[7]
                         net (fo=1, routed)           0.026     2.613    mhsa_i/mhsa_top_0/inst/grp_online_attention_row_fu_1064/mul_32s_32s_64_1_1_U498/tmp_product_carry__0_n_2
    SLICE_X70Y147        CARRY8 (Prop_CARRY8_SLICEM_CI_CO[7])
                                                      0.015     2.628 r  mhsa_i/mhsa_top_0/inst/grp_online_attention_row_fu_1064/mul_32s_32s_64_1_1_U498/tmp_product_carry__1/CO[7]
                         net (fo=1, routed)           0.026     2.654    mhsa_i/mhsa_top_0/inst/grp_online_attention_row_fu_1064/mul_32s_32s_64_1_1_U498/tmp_product_carry__1_n_2
    SLICE_X70Y148        CARRY8 (Prop_CARRY8_SLICEM_CI_CO[7])
                                                      0.015     2.669 r  mhsa_i/mhsa_top_0/inst/grp_online_attention_row_fu_1064/mul_32s_32s_64_1_1_U498/tmp_product_carry__2/CO[7]
                         net (fo=1, routed)           0.026     2.695    mhsa_i/mhsa_top_0/inst/grp_online_attention_row_fu_1064/mul_32s_32s_64_1_1_U498/tmp_product_carry__2_n_2
    SLICE_X70Y149        CARRY8 (Prop_CARRY8_SLICEM_CI_CO[7])
                                                      0.015     2.710 r  mhsa_i/mhsa_top_0/inst/grp_online_attention_row_fu_1064/mul_32s_32s_64_1_1_U498/tmp_product_carry__3/CO[7]
                         net (fo=1, routed)           0.052     2.762    mhsa_i/mhsa_top_0/inst/grp_online_attention_row_fu_1064/mul_32s_32s_64_1_1_U498/tmp_product_carry__3_n_2
    SLICE_X70Y150        CARRY8 (Prop_CARRY8_SLICEM_CI_O[2])
                                                      0.067     2.829 r  mhsa_i/mhsa_top_0/inst/grp_online_attention_row_fu_1064/mul_32s_32s_64_1_1_U498/tmp_product_carry__4/O[2]
                         net (fo=2, routed)           0.405     3.234    mhsa_i/mhsa_top_0/inst/grp_online_attention_row_fu_1064/mul_32s_32s_64_1_1_U498/mul_ln105_13_fu_2096_p2[58]
    SLICE_X68Y149        LUT4 (Prop_E6LUT_SLICEL_I3_O)
                                                      0.123     3.357 f  mhsa_i/mhsa_top_0/inst/grp_online_attention_row_fu_1064/mul_32s_32s_64_1_1_U498/ram_reg_bram_0_i_75__12/O
                         net (fo=1, routed)           0.091     3.448    mhsa_i/mhsa_top_0/inst/grp_online_attention_row_fu_1064/mul_32s_32s_64_1_1_U498/ram_reg_bram_0_i_75__12_n_2
    SLICE_X68Y149        LUT4 (Prop_H5LUT_SLICEL_I3_O)
                                                      0.109     3.557 r  mhsa_i/mhsa_top_0/inst/grp_online_attention_row_fu_1064/mul_32s_32s_64_1_1_U498/ram_reg_bram_0_i_68__12/O
                         net (fo=31, routed)          1.056     4.614    mhsa_i/mhsa_top_0/inst/grp_online_attention_row_fu_1064/mul_32s_32s_64_1_1_U498/ram_reg_bram_0_i_68__12_n_2
    SLICE_X62Y149        LUT5 (Prop_H6LUT_SLICEL_I0_O)
                                                      0.124     4.738 r  mhsa_i/mhsa_top_0/inst/grp_online_attention_row_fu_1064/mul_32s_32s_64_1_1_U498/ram_reg_bram_0_i_35__12/O
                         net (fo=1, routed)           0.489     5.227    mhsa_i/mhsa_top_0/inst/O_row_13_U/out_13_d1[30]
    RAMB36_X1Y30         RAMB36E2                                     r  mhsa_i/mhsa_top_0/inst/O_row_13_U/ram_reg_bram_0/DINBDIN[30]
  -------------------------------------------------------------------    -------------------

                         (clock clk_pl_0 rise edge)
                                                      0.000     0.000 r  
    PS8_X0Y0             PS8                          0.000     0.000 r  mhsa_i/zynq_ultra_ps_e_0/inst/PS8_i/PLCLK[0]
                         net (fo=1, routed)           0.143     0.143    mhsa_i/zynq_ultra_ps_e_0/inst/pl_clk_unbuffered[0]
    BUFG_PS_X0Y80        BUFG_PS (Prop_BUFG_PS_I_O)
                                                      0.025     0.168 r  mhsa_i/zynq_ultra_ps_e_0/inst/buffer_pl_clk_0.PL_CLK_0_BUFG/O
    X1Y2 (CLOCK_ROOT)    net (fo=24188, routed)       1.552     1.720    mhsa_i/mhsa_top_0/inst/O_row_13_U/ap_clk
    RAMB36_X1Y30         RAMB36E2                                     r  mhsa_i/mhsa_top_0/inst/O_row_13_U/ram_reg_bram_0/CLKBWRCLK





Min Delay Paths
--------------------------------------------------------------------------------------
Slack:                    inf
  Source:                 mhsa_i/mhsa_top_0/inst/grp_online_attention_row_fu_1064/grp_online_attention_row_Pipeline_tokens_fu_1773/mul_40s_24s_64_1_1_U236/tmp_product__1/DSP_A_B_DATA_INST/B2_DATA[17]
                            (internal pin)
  Destination:            mhsa_i/mhsa_top_0/inst/grp_online_attention_row_fu_1064/grp_online_attention_row_Pipeline_tokens_fu_1773/s_2_reg_25060_reg[23]/D
                            (rising edge-triggered cell FDRE clocked by clk_pl_0  {rise@0.000ns fall@5.156ns period=10.312ns})
  Path Group:             (none)
  Path Type:              Hold (Min at Fast Process Corner)
  Data Path Delay:        0.432ns  (logic 0.293ns (67.822%)  route 0.139ns (32.178%))
  Logic Levels:           6  (CARRY8=1 DSP_ALU=1 DSP_M_DATA=1 DSP_MULTIPLIER=1 DSP_OUTPUT=1 DSP_PREADD_DATA=1)
  Clock Uncertainty:      0.157ns  ((TSJ^2 + DJ^2)^1/2) / 2 + PE
    Total System Jitter     (TSJ):    0.050ns
    Discrete Jitter          (DJ):    0.310ns
    Phase Error              (PE):    0.000ns
  Clock Net Delay (Destination): 1.106ns (routing 0.352ns, distribution 0.754ns)

    Location             Delay type                Incr(ns)  Path(ns)    Netlist Resource(s)
  -------------------------------------------------------------------    -------------------
    DSP48E2_X3Y86        DSP_A_B_DATA                 0.000     0.000 r  mhsa_i/mhsa_top_0/inst/grp_online_attention_row_fu_1064/grp_online_attention_row_Pipeline_tokens_fu_1773/mul_40s_24s_64_1_1_U236/tmp_product__1/DSP_A_B_DATA_INST/B2_DATA[17]
                         net (fo=1, routed)           0.000     0.000    mhsa_i/mhsa_top_0/inst/grp_online_attention_row_fu_1064/grp_online_attention_row_Pipeline_tokens_fu_1773/mul_40s_24s_64_1_1_U236/tmp_product__1/DSP_A_B_DATA.B2_DATA<17>
    DSP48E2_X3Y86        DSP_PREADD_DATA (Prop_DSP_PREADD_DATA_DSP48E2_B2_DATA[17]_B2B1[17])
                                                      0.020     0.020 r  mhsa_i/mhsa_top_0/inst/grp_online_attention_row_fu_1064/grp_online_attention_row_Pipeline_tokens_fu_1773/mul_40s_24s_64_1_1_U236/tmp_product__1/DSP_PREADD_DATA_INST/B2B1[17]
                         net (fo=1, routed)           0.000     0.020    mhsa_i/mhsa_top_0/inst/grp_online_attention_row_fu_1064/grp_online_attention_row_Pipeline_tokens_fu_1773/mul_40s_24s_64_1_1_U236/tmp_product__1/DSP_PREADD_DATA.B2B1<17>
    DSP48E2_X3Y86        DSP_MULTIPLIER (Prop_DSP_MULTIPLIER_DSP48E2_B2B1[17]_U[43])
                                                      0.075     0.095 f  mhsa_i/mhsa_top_0/inst/grp_online_attention_row_fu_1064/grp_online_attention_row_Pipeline_tokens_fu_1773/mul_40s_24s_64_1_1_U236/tmp_product__1/DSP_MULTIPLIER_INST/U[43]
                         net (fo=1, routed)           0.000     0.095    mhsa_i/mhsa_top_0/inst/grp_online_attention_row_fu_1064/grp_online_attention_row_Pipeline_tokens_fu_1773/mul_40s_24s_64_1_1_U236/tmp_product__1/DSP_MULTIPLIER.U<43>
    DSP48E2_X3Y86        DSP_M_DATA (Prop_DSP_M_DATA_DSP48E2_U[43]_U_DATA[43])
                                                      0.012     0.107 r  mhsa_i/mhsa_top_0/inst/grp_online_attention_row_fu_1064/grp_online_attention_row_Pipeline_tokens_fu_1773/mul_40s_24s_64_1_1_U236/tmp_product__1/DSP_M_DATA_INST/U_DATA[43]
                         net (fo=1, routed)           0.000     0.107    mhsa_i/mhsa_top_0/inst/grp_online_attention_row_fu_1064/grp_online_attention_row_Pipeline_tokens_fu_1773/mul_40s_24s_64_1_1_U236/tmp_product__1/DSP_M_DATA.U_DATA<43>
    DSP48E2_X3Y86        DSP_ALU (Prop_DSP_ALU_DSP48E2_U_DATA[43]_ALU_OUT[44])
                                                      0.113     0.220 f  mhsa_i/mhsa_top_0/inst/grp_online_attention_row_fu_1064/grp_online_attention_row_Pipeline_tokens_fu_1773/mul_40s_24s_64_1_1_U236/tmp_product__1/DSP_ALU_INST/ALU_OUT[44]
                         net (fo=1, routed)           0.000     0.220    mhsa_i/mhsa_top_0/inst/grp_online_attention_row_fu_1064/grp_online_attention_row_Pipeline_tokens_fu_1773/mul_40s_24s_64_1_1_U236/tmp_product__1/DSP_ALU.ALU_OUT<44>
    DSP48E2_X3Y86        DSP_OUTPUT (Prop_DSP_OUTPUT_DSP48E2_ALU_OUT[44]_P[44])
                                                      0.030     0.250 r  mhsa_i/mhsa_top_0/inst/grp_online_attention_row_fu_1064/grp_online_attention_row_Pipeline_tokens_fu_1773/mul_40s_24s_64_1_1_U236/tmp_product__1/DSP_OUTPUT_INST/P[44]
                         net (fo=2, routed)           0.132     0.382    mhsa_i/mhsa_top_0/inst/grp_online_attention_row_fu_1064/grp_online_attention_row_Pipeline_tokens_fu_1773/mul_40s_24s_64_1_1_U236/tmp_product__1_n_63
    SLICE_X50Y213        CARRY8 (Prop_CARRY8_SLICEM_DI[4]_O[6])
                                                      0.043     0.425 r  mhsa_i/mhsa_top_0/inst/grp_online_attention_row_fu_1064/grp_online_attention_row_Pipeline_tokens_fu_1773/mul_40s_24s_64_1_1_U236/tmp_product_carry__2/O[6]
                         net (fo=25, routed)          0.007     0.432    mhsa_i/mhsa_top_0/inst/grp_online_attention_row_fu_1064/grp_online_attention_row_Pipeline_tokens_fu_1773/mul_40s_24s_64_1_1_U236_n_2
    SLICE_X50Y213        FDRE                                         r  mhsa_i/mhsa_top_0/inst/grp_online_attention_row_fu_1064/grp_online_attention_row_Pipeline_tokens_fu_1773/s_2_reg_25060_reg[23]/D
  -------------------------------------------------------------------    -------------------

                         (clock clk_pl_0 rise edge)
                                                      0.000     0.000 r  
    PS8_X0Y0             PS8                          0.000     0.000 r  mhsa_i/zynq_ultra_ps_e_0/inst/PS8_i/PLCLK[0]
                         net (fo=1, routed)           0.154     0.154    mhsa_i/zynq_ultra_ps_e_0/inst/pl_clk_unbuffered[0]
    BUFG_PS_X0Y80        BUFG_PS (Prop_BUFG_PS_I_O)
                                                      0.018     0.172 r  mhsa_i/zynq_ultra_ps_e_0/inst/buffer_pl_clk_0.PL_CLK_0_BUFG/O
    X1Y2 (CLOCK_ROOT)    net (fo=24188, routed)       1.106     1.278    mhsa_i/mhsa_top_0/inst/grp_online_attention_row_fu_1064/grp_online_attention_row_Pipeline_tokens_fu_1773/ap_clk
    SLICE_X50Y213        FDRE                                         r  mhsa_i/mhsa_top_0/inst/grp_online_attention_row_fu_1064/grp_online_attention_row_Pipeline_tokens_fu_1773/s_2_reg_25060_reg[23]/C

Slack:                    inf
  Source:                 mhsa_i/mhsa_top_0/inst/grp_online_attention_row_fu_1064/mul_32s_32s_64_1_1_U519/tmp_product__2/DSP_A_B_DATA_INST/A2_DATA[26]
                            (internal pin)
  Destination:            mhsa_i/mhsa_top_0/inst/grp_online_attention_row_fu_1064/select_ln105_69_reg_11298_reg[29]/D
                            (rising edge-triggered cell FDSE clocked by clk_pl_0  {rise@0.000ns fall@5.156ns period=10.312ns})
  Path Group:             (none)
  Path Type:              Hold (Min at Fast Process Corner)
  Data Path Delay:        0.445ns  (logic 0.291ns (65.325%)  route 0.154ns (34.675%))
  Logic Levels:           7  (CARRY8=1 DSP_ALU=1 DSP_M_DATA=1 DSP_MULTIPLIER=1 DSP_OUTPUT=1 DSP_PREADD_DATA=1 LUT6=1)
  Clock Uncertainty:      0.157ns  ((TSJ^2 + DJ^2)^1/2) / 2 + PE
    Total System Jitter     (TSJ):    0.050ns
    Discrete Jitter          (DJ):    0.310ns
    Phase Error              (PE):    0.000ns
  Clock Net Delay (Destination): 1.099ns (routing 0.352ns, distribution 0.747ns)

    Location             Delay type                Incr(ns)  Path(ns)    Netlist Resource(s)
  -------------------------------------------------------------------    -------------------
    DSP48E2_X5Y31        DSP_A_B_DATA                 0.000     0.000 r  mhsa_i/mhsa_top_0/inst/grp_online_attention_row_fu_1064/mul_32s_32s_64_1_1_U519/tmp_product__2/DSP_A_B_DATA_INST/A2_DATA[26]
                         net (fo=1, routed)           0.000     0.000    mhsa_i/mhsa_top_0/inst/grp_online_attention_row_fu_1064/mul_32s_32s_64_1_1_U519/tmp_product__2/DSP_A_B_DATA.A2_DATA<26>
    DSP48E2_X5Y31        DSP_PREADD_DATA (Prop_DSP_PREADD_DATA_DSP48E2_A2_DATA[26]_A2A1[26])
                                                      0.019     0.019 r  mhsa_i/mhsa_top_0/inst/grp_online_attention_row_fu_1064/mul_32s_32s_64_1_1_U519/tmp_product__2/DSP_PREADD_DATA_INST/A2A1[26]
                         net (fo=1, routed)           0.000     0.019    mhsa_i/mhsa_top_0/inst/grp_online_attention_row_fu_1064/mul_32s_32s_64_1_1_U519/tmp_product__2/DSP_PREADD_DATA.A2A1<26>
    DSP48E2_X5Y31        DSP_MULTIPLIER (Prop_DSP_MULTIPLIER_DSP48E2_A2A1[26]_U[33])
                                                      0.066     0.085 f  mhsa_i/mhsa_top_0/inst/grp_online_attention_row_fu_1064/mul_32s_32s_64_1_1_U519/tmp_product__2/DSP_MULTIPLIER_INST/U[33]
                         net (fo=1, routed)           0.000     0.085    mhsa_i/mhsa_top_0/inst/grp_online_attention_row_fu_1064/mul_32s_32s_64_1_1_U519/tmp_product__2/DSP_MULTIPLIER.U<33>
    DSP48E2_X5Y31        DSP_M_DATA (Prop_DSP_M_DATA_DSP48E2_U[33]_U_DATA[33])
                                                      0.012     0.097 r  mhsa_i/mhsa_top_0/inst/grp_online_attention_row_fu_1064/mul_32s_32s_64_1_1_U519/tmp_product__2/DSP_M_DATA_INST/U_DATA[33]
                         net (fo=1, routed)           0.000     0.097    mhsa_i/mhsa_top_0/inst/grp_online_attention_row_fu_1064/mul_32s_32s_64_1_1_U519/tmp_product__2/DSP_M_DATA.U_DATA<33>
    DSP48E2_X5Y31        DSP_ALU (Prop_DSP_ALU_DSP48E2_U_DATA[33]_ALU_OUT[33])
                                                      0.113     0.210 f  mhsa_i/mhsa_top_0/inst/grp_online_attention_row_fu_1064/mul_32s_32s_64_1_1_U519/tmp_product__2/DSP_ALU_INST/ALU_OUT[33]
                         net (fo=1, routed)           0.000     0.210    mhsa_i/mhsa_top_0/inst/grp_online_attention_row_fu_1064/mul_32s_32s_64_1_1_U519/tmp_product__2/DSP_ALU.ALU_OUT<33>
    DSP48E2_X5Y31        DSP_OUTPUT (Prop_DSP_OUTPUT_DSP48E2_ALU_OUT[33]_P[33])
                                                      0.030     0.240 r  mhsa_i/mhsa_top_0/inst/grp_online_attention_row_fu_1064/mul_32s_32s_64_1_1_U519/tmp_product__2/DSP_OUTPUT_INST/P[33]
                         net (fo=2, routed)           0.075     0.315    mhsa_i/mhsa_top_0/inst/grp_online_attention_row_fu_1064/mul_32s_32s_64_1_1_U519/tmp_product__2_n_74
    SLICE_X56Y79         CARRY8 (Prop_CARRY8_SLICEM_DI[2]_O[3])
                                                      0.036     0.351 r  mhsa_i/mhsa_top_0/inst/grp_online_attention_row_fu_1064/mul_32s_32s_64_1_1_U519/tmp_product_carry__3/O[3]
                         net (fo=1, routed)           0.064     0.415    mhsa_i/mhsa_top_0/inst/grp_online_attention_row_fu_1064/mul_32s_32s_64_1_1_U519/trunc_ln105_33_fu_7085_p4[29]
    SLICE_X55Y79         LUT6 (Prop_B6LUT_SLICEL_I5_O)
                                                      0.015     0.430 r  mhsa_i/mhsa_top_0/inst/grp_online_attention_row_fu_1064/mul_32s_32s_64_1_1_U519/select_ln105_69_reg_11298[29]_i_1/O
                         net (fo=1, routed)           0.015     0.445    mhsa_i/mhsa_top_0/inst/grp_online_attention_row_fu_1064/mul_32s_32s_64_1_1_U519_n_32
    SLICE_X55Y79         FDSE                                         r  mhsa_i/mhsa_top_0/inst/grp_online_attention_row_fu_1064/select_ln105_69_reg_11298_reg[29]/D
  -------------------------------------------------------------------    -------------------

                         (clock clk_pl_0 rise edge)
                                                      0.000     0.000 r  
    PS8_X0Y0             PS8                          0.000     0.000 r  mhsa_i/zynq_ultra_ps_e_0/inst/PS8_i/PLCLK[0]
                         net (fo=1, routed)           0.154     0.154    mhsa_i/zynq_ultra_ps_e_0/inst/pl_clk_unbuffered[0]
    BUFG_PS_X0Y80        BUFG_PS (Prop_BUFG_PS_I_O)
                                                      0.018     0.172 r  mhsa_i/zynq_ultra_ps_e_0/inst/buffer_pl_clk_0.PL_CLK_0_BUFG/O
    X1Y2 (CLOCK_ROOT)    net (fo=24188, routed)       1.099     1.271    mhsa_i/mhsa_top_0/inst/grp_online_attention_row_fu_1064/ap_clk
    SLICE_X55Y79         FDSE                                         r  mhsa_i/mhsa_top_0/inst/grp_online_attention_row_fu_1064/select_ln105_69_reg_11298_reg[29]/C

Slack:                    inf
  Source:                 mhsa_i/mhsa_top_0/inst/grp_online_attention_row_fu_1064/mul_32s_32s_64_1_1_U517/tmp_product__2/DSP_A_B_DATA_INST/A2_DATA[24]
                            (internal pin)
  Destination:            mhsa_i/mhsa_top_0/inst/grp_online_attention_row_fu_1064/select_ln105_65_reg_11288_reg[21]/D
                            (rising edge-triggered cell FDSE clocked by clk_pl_0  {rise@0.000ns fall@5.156ns period=10.312ns})
  Path Group:             (none)
  Path Type:              Hold (Min at Fast Process Corner)
  Data Path Delay:        0.446ns  (logic 0.290ns (65.045%)  route 0.156ns (34.955%))
  Logic Levels:           7  (CARRY8=1 DSP_ALU=1 DSP_M_DATA=1 DSP_MULTIPLIER=1 DSP_OUTPUT=1 DSP_PREADD_DATA=1 LUT6=1)
  Clock Uncertainty:      0.157ns  ((TSJ^2 + DJ^2)^1/2) / 2 + PE
    Total System Jitter     (TSJ):    0.050ns
    Discrete Jitter          (DJ):    0.310ns
    Phase Error              (PE):    0.000ns
  Clock Net Delay (Destination): 1.110ns (routing 0.352ns, distribution 0.758ns)

    Location             Delay type                Incr(ns)  Path(ns)    Netlist Resource(s)
  -------------------------------------------------------------------    -------------------
    DSP48E2_X4Y75        DSP_A_B_DATA                 0.000     0.000 r  mhsa_i/mhsa_top_0/inst/grp_online_attention_row_fu_1064/mul_32s_32s_64_1_1_U517/tmp_product__2/DSP_A_B_DATA_INST/A2_DATA[24]
                         net (fo=1, routed)           0.000     0.000    mhsa_i/mhsa_top_0/inst/grp_online_attention_row_fu_1064/mul_32s_32s_64_1_1_U517/tmp_product__2/DSP_A_B_DATA.A2_DATA<24>
    DSP48E2_X4Y75        DSP_PREADD_DATA (Prop_DSP_PREADD_DATA_DSP48E2_A2_DATA[24]_A2A1[24])
                                                      0.019     0.019 r  mhsa_i/mhsa_top_0/inst/grp_online_attention_row_fu_1064/mul_32s_32s_64_1_1_U517/tmp_product__2/DSP_PREADD_DATA_INST/A2A1[24]
                         net (fo=1, routed)           0.000     0.019    mhsa_i/mhsa_top_0/inst/grp_online_attention_row_fu_1064/mul_32s_32s_64_1_1_U517/tmp_product__2/DSP_PREADD_DATA.A2A1<24>
    DSP48E2_X4Y75        DSP_MULTIPLIER (Prop_DSP_MULTIPLIER_DSP48E2_A2A1[24]_U[25])
                                                      0.066     0.085 f  mhsa_i/mhsa_top_0/inst/grp_online_attention_row_fu_1064/mul_32s_32s_64_1_1_U517/tmp_product__2/DSP_MULTIPLIER_INST/U[25]
                         net (fo=1, routed)           0.000     0.085    mhsa_i/mhsa_top_0/inst/grp_online_attention_row_fu_1064/mul_32s_32s_64_1_1_U517/tmp_product__2/DSP_MULTIPLIER.U<25>
    DSP48E2_X4Y75        DSP_M_DATA (Prop_DSP_M_DATA_DSP48E2_U[25]_U_DATA[25])
                                                      0.012     0.097 r  mhsa_i/mhsa_top_0/inst/grp_online_attention_row_fu_1064/mul_32s_32s_64_1_1_U517/tmp_product__2/DSP_M_DATA_INST/U_DATA[25]
                         net (fo=1, routed)           0.000     0.097    mhsa_i/mhsa_top_0/inst/grp_online_attention_row_fu_1064/mul_32s_32s_64_1_1_U517/tmp_product__2/DSP_M_DATA.U_DATA<25>
    DSP48E2_X4Y75        DSP_ALU (Prop_DSP_ALU_DSP48E2_U_DATA[25]_ALU_OUT[25])
                                                      0.113     0.210 f  mhsa_i/mhsa_top_0/inst/grp_online_attention_row_fu_1064/mul_32s_32s_64_1_1_U517/tmp_product__2/DSP_ALU_INST/ALU_OUT[25]
                         net (fo=1, routed)           0.000     0.210    mhsa_i/mhsa_top_0/inst/grp_online_attention_row_fu_1064/mul_32s_32s_64_1_1_U517/tmp_product__2/DSP_ALU.ALU_OUT<25>
    DSP48E2_X4Y75        DSP_OUTPUT (Prop_DSP_OUTPUT_DSP48E2_ALU_OUT[25]_P[25])
                                                      0.030     0.240 r  mhsa_i/mhsa_top_0/inst/grp_online_attention_row_fu_1064/mul_32s_32s_64_1_1_U517/tmp_product__2/DSP_OUTPUT_INST/P[25]
                         net (fo=2, routed)           0.075     0.315    mhsa_i/mhsa_top_0/inst/grp_online_attention_row_fu_1064/mul_32s_32s_64_1_1_U517/tmp_product__2_n_82
    SLICE_X53Y188        CARRY8 (Prop_CARRY8_SLICEM_DI[2]_O[3])
                                                      0.036     0.351 r  mhsa_i/mhsa_top_0/inst/grp_online_attention_row_fu_1064/mul_32s_32s_64_1_1_U517/tmp_product_carry__2/O[3]
                         net (fo=1, routed)           0.065     0.416    mhsa_i/mhsa_top_0/inst/grp_online_attention_row_fu_1064/mul_32s_32s_64_1_1_U517/trunc_ln105_31_fu_6869_p4[21]
    SLICE_X52Y188        LUT6 (Prop_D6LUT_SLICEL_I5_O)
                                                      0.014     0.430 r  mhsa_i/mhsa_top_0/inst/grp_online_attention_row_fu_1064/mul_32s_32s_64_1_1_U517/select_ln105_65_reg_11288[21]_i_1/O
                         net (fo=1, routed)           0.016     0.446    mhsa_i/mhsa_top_0/inst/grp_online_attention_row_fu_1064/mul_32s_32s_64_1_1_U517_n_38
    SLICE_X52Y188        FDSE                                         r  mhsa_i/mhsa_top_0/inst/grp_online_attention_row_fu_1064/select_ln105_65_reg_11288_reg[21]/D
  -------------------------------------------------------------------    -------------------

                         (clock clk_pl_0 rise edge)
                                                      0.000     0.000 r  
    PS8_X0Y0             PS8                          0.000     0.000 r  mhsa_i/zynq_ultra_ps_e_0/inst/PS8_i/PLCLK[0]
                         net (fo=1, routed)           0.154     0.154    mhsa_i/zynq_ultra_ps_e_0/inst/pl_clk_unbuffered[0]
    BUFG_PS_X0Y80        BUFG_PS (Prop_BUFG_PS_I_O)
                                                      0.018     0.172 r  mhsa_i/zynq_ultra_ps_e_0/inst/buffer_pl_clk_0.PL_CLK_0_BUFG/O
    X1Y2 (CLOCK_ROOT)    net (fo=24188, routed)       1.110     1.282    mhsa_i/mhsa_top_0/inst/grp_online_attention_row_fu_1064/ap_clk
    SLICE_X52Y188        FDSE                                         r  mhsa_i/mhsa_top_0/inst/grp_online_attention_row_fu_1064/select_ln105_65_reg_11288_reg[21]/C

Slack:                    inf
  Source:                 mhsa_i/mhsa_top_0/inst/grp_online_attention_row_fu_1064/mul_32s_32s_64_1_1_U537/tmp_product__2/DSP_A_B_DATA_INST/A2_DATA[26]
                            (internal pin)
  Destination:            mhsa_i/mhsa_top_0/inst/grp_online_attention_row_fu_1064/select_ln105_105_reg_11388_reg[23]/D
                            (rising edge-triggered cell FDSE clocked by clk_pl_0  {rise@0.000ns fall@5.156ns period=10.312ns})
  Path Group:             (none)
  Path Type:              Hold (Min at Fast Process Corner)
  Data Path Delay:        0.447ns  (logic 0.287ns (64.140%)  route 0.160ns (35.860%))
  Logic Levels:           7  (CARRY8=1 DSP_ALU=1 DSP_M_DATA=1 DSP_MULTIPLIER=1 DSP_OUTPUT=1 DSP_PREADD_DATA=1 LUT6=1)
  Clock Uncertainty:      0.157ns  ((TSJ^2 + DJ^2)^1/2) / 2 + PE
    Total System Jitter     (TSJ):    0.050ns
    Discrete Jitter          (DJ):    0.310ns
    Phase Error              (PE):    0.000ns
  Clock Net Delay (Destination): 1.110ns (routing 0.352ns, distribution 0.758ns)

    Location             Delay type                Incr(ns)  Path(ns)    Netlist Resource(s)
  -------------------------------------------------------------------    -------------------
    DSP48E2_X6Y35        DSP_A_B_DATA                 0.000     0.000 r  mhsa_i/mhsa_top_0/inst/grp_online_attention_row_fu_1064/mul_32s_32s_64_1_1_U537/tmp_product__2/DSP_A_B_DATA_INST/A2_DATA[26]
                         net (fo=1, routed)           0.000     0.000    mhsa_i/mhsa_top_0/inst/grp_online_attention_row_fu_1064/mul_32s_32s_64_1_1_U537/tmp_product__2/DSP_A_B_DATA.A2_DATA<26>
    DSP48E2_X6Y35        DSP_PREADD_DATA (Prop_DSP_PREADD_DATA_DSP48E2_A2_DATA[26]_A2A1[26])
                                                      0.019     0.019 r  mhsa_i/mhsa_top_0/inst/grp_online_attention_row_fu_1064/mul_32s_32s_64_1_1_U537/tmp_product__2/DSP_PREADD_DATA_INST/A2A1[26]
                         net (fo=1, routed)           0.000     0.019    mhsa_i/mhsa_top_0/inst/grp_online_attention_row_fu_1064/mul_32s_32s_64_1_1_U537/tmp_product__2/DSP_PREADD_DATA.A2A1<26>
    DSP48E2_X6Y35        DSP_MULTIPLIER (Prop_DSP_MULTIPLIER_DSP48E2_A2A1[26]_U[27])
                                                      0.066     0.085 f  mhsa_i/mhsa_top_0/inst/grp_online_attention_row_fu_1064/mul_32s_32s_64_1_1_U537/tmp_product__2/DSP_MULTIPLIER_INST/U[27]
                         net (fo=1, routed)           0.000     0.085    mhsa_i/mhsa_top_0/inst/grp_online_attention_row_fu_1064/mul_32s_32s_64_1_1_U537/tmp_product__2/DSP_MULTIPLIER.U<27>
    DSP48E2_X6Y35        DSP_M_DATA (Prop_DSP_M_DATA_DSP48E2_U[27]_U_DATA[27])
                                                      0.012     0.097 r  mhsa_i/mhsa_top_0/inst/grp_online_attention_row_fu_1064/mul_32s_32s_64_1_1_U537/tmp_product__2/DSP_M_DATA_INST/U_DATA[27]
                         net (fo=1, routed)           0.000     0.097    mhsa_i/mhsa_top_0/inst/grp_online_attention_row_fu_1064/mul_32s_32s_64_1_1_U537/tmp_product__2/DSP_M_DATA.U_DATA<27>
    DSP48E2_X6Y35        DSP_ALU (Prop_DSP_ALU_DSP48E2_U_DATA[27]_ALU_OUT[27])
                                                      0.113     0.210 f  mhsa_i/mhsa_top_0/inst/grp_online_attention_row_fu_1064/mul_32s_32s_64_1_1_U537/tmp_product__2/DSP_ALU_INST/ALU_OUT[27]
                         net (fo=1, routed)           0.000     0.210    mhsa_i/mhsa_top_0/inst/grp_online_attention_row_fu_1064/mul_32s_32s_64_1_1_U537/tmp_product__2/DSP_ALU.ALU_OUT<27>
    DSP48E2_X6Y35        DSP_OUTPUT (Prop_DSP_OUTPUT_DSP48E2_ALU_OUT[27]_P[27])
                                                      0.030     0.240 r  mhsa_i/mhsa_top_0/inst/grp_online_attention_row_fu_1064/mul_32s_32s_64_1_1_U537/tmp_product__2/DSP_OUTPUT_INST/P[27]
                         net (fo=2, routed)           0.077     0.317    mhsa_i/mhsa_top_0/inst/grp_online_attention_row_fu_1064/mul_32s_32s_64_1_1_U537/tmp_product__2_n_80
    SLICE_X63Y88         CARRY8 (Prop_CARRY8_SLICEM_DI[4]_O[5])
                                                      0.032     0.349 r  mhsa_i/mhsa_top_0/inst/grp_online_attention_row_fu_1064/mul_32s_32s_64_1_1_U537/tmp_product_carry__2/O[5]
                         net (fo=1, routed)           0.068     0.417    mhsa_i/mhsa_top_0/inst/grp_online_attention_row_fu_1064/mul_32s_32s_64_1_1_U537/trunc_ln105_51_fu_9029_p4[23]
    SLICE_X62Y88         LUT6 (Prop_B6LUT_SLICEL_I5_O)
                                                      0.015     0.432 r  mhsa_i/mhsa_top_0/inst/grp_online_attention_row_fu_1064/mul_32s_32s_64_1_1_U537/select_ln105_105_reg_11388[23]_i_1/O
                         net (fo=1, routed)           0.015     0.447    mhsa_i/mhsa_top_0/inst/grp_online_attention_row_fu_1064/mul_32s_32s_64_1_1_U537_n_26
    SLICE_X62Y88         FDSE                                         r  mhsa_i/mhsa_top_0/inst/grp_online_attention_row_fu_1064/select_ln105_105_reg_11388_reg[23]/D
  -------------------------------------------------------------------    -------------------

                         (clock clk_pl_0 rise edge)
                                                      0.000     0.000 r  
    PS8_X0Y0             PS8                          0.000     0.000 r  mhsa_i/zynq_ultra_ps_e_0/inst/PS8_i/PLCLK[0]
                         net (fo=1, routed)           0.154     0.154    mhsa_i/zynq_ultra_ps_e_0/inst/pl_clk_unbuffered[0]
    BUFG_PS_X0Y80        BUFG_PS (Prop_BUFG_PS_I_O)
                                                      0.018     0.172 r  mhsa_i/zynq_ultra_ps_e_0/inst/buffer_pl_clk_0.PL_CLK_0_BUFG/O
    X1Y2 (CLOCK_ROOT)    net (fo=24188, routed)       1.110     1.282    mhsa_i/mhsa_top_0/inst/grp_online_attention_row_fu_1064/ap_clk
    SLICE_X62Y88         FDSE                                         r  mhsa_i/mhsa_top_0/inst/grp_online_attention_row_fu_1064/select_ln105_105_reg_11388_reg[23]/C

Slack:                    inf
  Source:                 mhsa_i/mhsa_top_0/inst/grp_online_attention_row_fu_1064/mul_32s_32s_64_1_1_U519/tmp_product__2/DSP_A_B_DATA_INST/A2_DATA[26]
                            (internal pin)
  Destination:            mhsa_i/mhsa_top_0/inst/grp_online_attention_row_fu_1064/select_ln105_69_reg_11298_reg[31]/D
                            (rising edge-triggered cell FDRE clocked by clk_pl_0  {rise@0.000ns fall@5.156ns period=10.312ns})
  Path Group:             (none)
  Path Type:              Hold (Min at Fast Process Corner)
  Data Path Delay:        0.449ns  (logic 0.287ns (63.860%)  route 0.162ns (36.140%))
  Logic Levels:           8  (CARRY8=1 DSP_ALU=1 DSP_M_DATA=1 DSP_MULTIPLIER=1 DSP_OUTPUT=1 DSP_PREADD_DATA=1 LUT2=1 LUT6=1)
  Clock Uncertainty:      0.157ns  ((TSJ^2 + DJ^2)^1/2) / 2 + PE
    Total System Jitter     (TSJ):    0.050ns
    Discrete Jitter          (DJ):    0.310ns
    Phase Error              (PE):    0.000ns
  Clock Net Delay (Destination): 1.099ns (routing 0.352ns, distribution 0.747ns)

    Location             Delay type                Incr(ns)  Path(ns)    Netlist Resource(s)
  -------------------------------------------------------------------    -------------------
    DSP48E2_X5Y31        DSP_A_B_DATA                 0.000     0.000 r  mhsa_i/mhsa_top_0/inst/grp_online_attention_row_fu_1064/mul_32s_32s_64_1_1_U519/tmp_product__2/DSP_A_B_DATA_INST/A2_DATA[26]
                         net (fo=1, routed)           0.000     0.000    mhsa_i/mhsa_top_0/inst/grp_online_attention_row_fu_1064/mul_32s_32s_64_1_1_U519/tmp_product__2/DSP_A_B_DATA.A2_DATA<26>
    DSP48E2_X5Y31        DSP_PREADD_DATA (Prop_DSP_PREADD_DATA_DSP48E2_A2_DATA[26]_A2A1[26])
                                                      0.019     0.019 r  mhsa_i/mhsa_top_0/inst/grp_online_attention_row_fu_1064/mul_32s_32s_64_1_1_U519/tmp_product__2/DSP_PREADD_DATA_INST/A2A1[26]
                         net (fo=1, routed)           0.000     0.019    mhsa_i/mhsa_top_0/inst/grp_online_attention_row_fu_1064/mul_32s_32s_64_1_1_U519/tmp_product__2/DSP_PREADD_DATA.A2A1<26>
    DSP48E2_X5Y31        DSP_MULTIPLIER (Prop_DSP_MULTIPLIER_DSP48E2_A2A1[26]_U[36])
                                                      0.066     0.085 f  mhsa_i/mhsa_top_0/inst/grp_online_attention_row_fu_1064/mul_32s_32s_64_1_1_U519/tmp_product__2/DSP_MULTIPLIER_INST/U[36]
                         net (fo=1, routed)           0.000     0.085    mhsa_i/mhsa_top_0/inst/grp_online_attention_row_fu_1064/mul_32s_32s_64_1_1_U519/tmp_product__2/DSP_MULTIPLIER.U<36>
    DSP48E2_X5Y31        DSP_M_DATA (Prop_DSP_M_DATA_DSP48E2_U[36]_U_DATA[36])
                                                      0.012     0.097 r  mhsa_i/mhsa_top_0/inst/grp_online_attention_row_fu_1064/mul_32s_32s_64_1_1_U519/tmp_product__2/DSP_M_DATA_INST/U_DATA[36]
                         net (fo=1, routed)           0.000     0.097    mhsa_i/mhsa_top_0/inst/grp_online_attention_row_fu_1064/mul_32s_32s_64_1_1_U519/tmp_product__2/DSP_M_DATA.U_DATA<36>
    DSP48E2_X5Y31        DSP_ALU (Prop_DSP_ALU_DSP48E2_U_DATA[36]_ALU_OUT[36])
                                                      0.113     0.210 f  mhsa_i/mhsa_top_0/inst/grp_online_attention_row_fu_1064/mul_32s_32s_64_1_1_U519/tmp_product__2/DSP_ALU_INST/ALU_OUT[36]
                         net (fo=1, routed)           0.000     0.210    mhsa_i/mhsa_top_0/inst/grp_online_attention_row_fu_1064/mul_32s_32s_64_1_1_U519/tmp_product__2/DSP_ALU.ALU_OUT<36>
    DSP48E2_X5Y31        DSP_OUTPUT (Prop_DSP_OUTPUT_DSP48E2_ALU_OUT[36]_P[36])
                                                      0.030     0.240 r  mhsa_i/mhsa_top_0/inst/grp_online_attention_row_fu_1064/mul_32s_32s_64_1_1_U519/tmp_product__2/DSP_OUTPUT_INST/P[36]
                         net (fo=2, routed)           0.060     0.300    mhsa_i/mhsa_top_0/inst/grp_online_attention_row_fu_1064/mul_32s_32s_64_1_1_U519/tmp_product__2_n_71
    SLICE_X56Y79         LUT2 (Prop_F6LUT_SLICEM_I0_O)
                                                      0.014     0.314 r  mhsa_i/mhsa_top_0/inst/grp_online_attention_row_fu_1064/mul_32s_32s_64_1_1_U519/tmp_product_carry__3_i_3__67/O
                         net (fo=1, routed)           0.015     0.329    mhsa_i/mhsa_top_0/inst/grp_online_attention_row_fu_1064/mul_32s_32s_64_1_1_U519/tmp_product_carry__3_i_3__67_n_2
    SLICE_X56Y79         CARRY8 (Prop_CARRY8_SLICEM_S[5]_O[5])
                                                      0.019     0.348 r  mhsa_i/mhsa_top_0/inst/grp_online_attention_row_fu_1064/mul_32s_32s_64_1_1_U519/tmp_product_carry__3/O[5]
                         net (fo=3, routed)           0.072     0.419    mhsa_i/mhsa_top_0/inst/grp_online_attention_row_fu_1064/mul_32s_32s_64_1_1_U519/mul_ln105_34_fu_2180_p2[53]
    SLICE_X55Y79         LUT6 (Prop_A6LUT_SLICEL_I5_O)
                                                      0.014     0.433 r  mhsa_i/mhsa_top_0/inst/grp_online_attention_row_fu_1064/mul_32s_32s_64_1_1_U519/select_ln105_69_reg_11298[31]_i_1/O
                         net (fo=1, routed)           0.016     0.449    mhsa_i/mhsa_top_0/inst/grp_online_attention_row_fu_1064/mul_32s_32s_64_1_1_U519_n_2
    SLICE_X55Y79         FDRE                                         r  mhsa_i/mhsa_top_0/inst/grp_online_attention_row_fu_1064/select_ln105_69_reg_11298_reg[31]/D
  -------------------------------------------------------------------    -------------------

                         (clock clk_pl_0 rise edge)
                                                      0.000     0.000 r  
    PS8_X0Y0             PS8                          0.000     0.000 r  mhsa_i/zynq_ultra_ps_e_0/inst/PS8_i/PLCLK[0]
                         net (fo=1, routed)           0.154     0.154    mhsa_i/zynq_ultra_ps_e_0/inst/pl_clk_unbuffered[0]
    BUFG_PS_X0Y80        BUFG_PS (Prop_BUFG_PS_I_O)
                                                      0.018     0.172 r  mhsa_i/zynq_ultra_ps_e_0/inst/buffer_pl_clk_0.PL_CLK_0_BUFG/O
    X1Y2 (CLOCK_ROOT)    net (fo=24188, routed)       1.099     1.271    mhsa_i/mhsa_top_0/inst/grp_online_attention_row_fu_1064/ap_clk
    SLICE_X55Y79         FDRE                                         r  mhsa_i/mhsa_top_0/inst/grp_online_attention_row_fu_1064/select_ln105_69_reg_11298_reg[31]/C

Slack:                    inf
  Source:                 mhsa_i/mhsa_top_0/inst/grp_online_attention_row_fu_1064/mul_32s_32s_64_1_1_U519/tmp_product__2/DSP_A_B_DATA_INST/A2_DATA[21]
                            (internal pin)
  Destination:            mhsa_i/mhsa_top_0/inst/grp_online_attention_row_fu_1064/select_ln105_69_reg_11298_reg[17]/D
                            (rising edge-triggered cell FDSE clocked by clk_pl_0  {rise@0.000ns fall@5.156ns period=10.312ns})
  Path Group:             (none)
  Path Type:              Hold (Min at Fast Process Corner)
  Data Path Delay:        0.449ns  (logic 0.287ns (63.854%)  route 0.162ns (36.146%))
  Logic Levels:           8  (CARRY8=1 DSP_ALU=1 DSP_M_DATA=1 DSP_MULTIPLIER=1 DSP_OUTPUT=1 DSP_PREADD_DATA=1 LUT2=1 LUT6=1)
  Clock Uncertainty:      0.157ns  ((TSJ^2 + DJ^2)^1/2) / 2 + PE
    Total System Jitter     (TSJ):    0.050ns
    Discrete Jitter          (DJ):    0.310ns
    Phase Error              (PE):    0.000ns
  Clock Net Delay (Destination): 1.112ns (routing 0.352ns, distribution 0.760ns)

    Location             Delay type                Incr(ns)  Path(ns)    Netlist Resource(s)
  -------------------------------------------------------------------    -------------------
    DSP48E2_X5Y31        DSP_A_B_DATA                 0.000     0.000 r  mhsa_i/mhsa_top_0/inst/grp_online_attention_row_fu_1064/mul_32s_32s_64_1_1_U519/tmp_product__2/DSP_A_B_DATA_INST/A2_DATA[21]
                         net (fo=1, routed)           0.000     0.000    mhsa_i/mhsa_top_0/inst/grp_online_attention_row_fu_1064/mul_32s_32s_64_1_1_U519/tmp_product__2/DSP_A_B_DATA.A2_DATA<21>
    DSP48E2_X5Y31        DSP_PREADD_DATA (Prop_DSP_PREADD_DATA_DSP48E2_A2_DATA[21]_A2A1[21])
                                                      0.019     0.019 r  mhsa_i/mhsa_top_0/inst/grp_online_attention_row_fu_1064/mul_32s_32s_64_1_1_U519/tmp_product__2/DSP_PREADD_DATA_INST/A2A1[21]
                         net (fo=1, routed)           0.000     0.019    mhsa_i/mhsa_top_0/inst/grp_online_attention_row_fu_1064/mul_32s_32s_64_1_1_U519/tmp_product__2/DSP_PREADD_DATA.A2A1<21>
    DSP48E2_X5Y31        DSP_MULTIPLIER (Prop_DSP_MULTIPLIER_DSP48E2_A2A1[21]_U[22])
                                                      0.066     0.085 f  mhsa_i/mhsa_top_0/inst/grp_online_attention_row_fu_1064/mul_32s_32s_64_1_1_U519/tmp_product__2/DSP_MULTIPLIER_INST/U[22]
                         net (fo=1, routed)           0.000     0.085    mhsa_i/mhsa_top_0/inst/grp_online_attention_row_fu_1064/mul_32s_32s_64_1_1_U519/tmp_product__2/DSP_MULTIPLIER.U<22>
    DSP48E2_X5Y31        DSP_M_DATA (Prop_DSP_M_DATA_DSP48E2_U[22]_U_DATA[22])
                                                      0.012     0.097 r  mhsa_i/mhsa_top_0/inst/grp_online_attention_row_fu_1064/mul_32s_32s_64_1_1_U519/tmp_product__2/DSP_M_DATA_INST/U_DATA[22]
                         net (fo=1, routed)           0.000     0.097    mhsa_i/mhsa_top_0/inst/grp_online_attention_row_fu_1064/mul_32s_32s_64_1_1_U519/tmp_product__2/DSP_M_DATA.U_DATA<22>
    DSP48E2_X5Y31        DSP_ALU (Prop_DSP_ALU_DSP48E2_U_DATA[22]_ALU_OUT[22])
                                                      0.113     0.210 f  mhsa_i/mhsa_top_0/inst/grp_online_attention_row_fu_1064/mul_32s_32s_64_1_1_U519/tmp_product__2/DSP_ALU_INST/ALU_OUT[22]
                         net (fo=1, routed)           0.000     0.210    mhsa_i/mhsa_top_0/inst/grp_online_attention_row_fu_1064/mul_32s_32s_64_1_1_U519/tmp_product__2/DSP_ALU.ALU_OUT<22>
    DSP48E2_X5Y31        DSP_OUTPUT (Prop_DSP_OUTPUT_DSP48E2_ALU_OUT[22]_P[22])
                                                      0.030     0.240 r  mhsa_i/mhsa_top_0/inst/grp_online_attention_row_fu_1064/mul_32s_32s_64_1_1_U519/tmp_product__2/DSP_OUTPUT_INST/P[22]
                         net (fo=2, routed)           0.062     0.302    mhsa_i/mhsa_top_0/inst/grp_online_attention_row_fu_1064/mul_32s_32s_64_1_1_U519/tmp_product__2_n_85
    SLICE_X56Y77         LUT2 (Prop_H6LUT_SLICEM_I0_O)
                                                      0.015     0.317 r  mhsa_i/mhsa_top_0/inst/grp_online_attention_row_fu_1064/mul_32s_32s_64_1_1_U519/tmp_product_carry__1_i_1__68/O
                         net (fo=1, routed)           0.012     0.329    mhsa_i/mhsa_top_0/inst/grp_online_attention_row_fu_1064/mul_32s_32s_64_1_1_U519/tmp_product_carry__1_i_1__68_n_2
    SLICE_X56Y77         CARRY8 (Prop_CARRY8_SLICEM_S[7]_O[7])
                                                      0.018     0.347 r  mhsa_i/mhsa_top_0/inst/grp_online_attention_row_fu_1064/mul_32s_32s_64_1_1_U519/tmp_product_carry__1/O[7]
                         net (fo=1, routed)           0.067     0.414    mhsa_i/mhsa_top_0/inst/grp_online_attention_row_fu_1064/mul_32s_32s_64_1_1_U519/trunc_ln105_33_fu_7085_p4[17]
    SLICE_X54Y77         LUT6 (Prop_B6LUT_SLICEM_I5_O)
                                                      0.014     0.428 r  mhsa_i/mhsa_top_0/inst/grp_online_attention_row_fu_1064/mul_32s_32s_64_1_1_U519/select_ln105_69_reg_11298[17]_i_1/O
                         net (fo=1, routed)           0.021     0.449    mhsa_i/mhsa_top_0/inst/grp_online_attention_row_fu_1064/mul_32s_32s_64_1_1_U519_n_20
    SLICE_X54Y77         FDSE                                         r  mhsa_i/mhsa_top_0/inst/grp_online_attention_row_fu_1064/select_ln105_69_reg_11298_reg[17]/D
  -------------------------------------------------------------------    -------------------

                         (clock clk_pl_0 rise edge)
                                                      0.000     0.000 r  
    PS8_X0Y0             PS8                          0.000     0.000 r  mhsa_i/zynq_ultra_ps_e_0/inst/PS8_i/PLCLK[0]
                         net (fo=1, routed)           0.154     0.154    mhsa_i/zynq_ultra_ps_e_0/inst/pl_clk_unbuffered[0]
    BUFG_PS_X0Y80        BUFG_PS (Prop_BUFG_PS_I_O)
                                                      0.018     0.172 r  mhsa_i/zynq_ultra_ps_e_0/inst/buffer_pl_clk_0.PL_CLK_0_BUFG/O
    X1Y2 (CLOCK_ROOT)    net (fo=24188, routed)       1.112     1.284    mhsa_i/mhsa_top_0/inst/grp_online_attention_row_fu_1064/ap_clk
    SLICE_X54Y77         FDSE                                         r  mhsa_i/mhsa_top_0/inst/grp_online_attention_row_fu_1064/select_ln105_69_reg_11298_reg[17]/C

Slack:                    inf
  Source:                 mhsa_i/mhsa_top_0/inst/grp_online_attention_row_fu_1064/mul_32s_32s_64_1_1_U517/tmp_product__2/DSP_A_B_DATA_INST/A2_DATA[18]
                            (internal pin)
  Destination:            mhsa_i/mhsa_top_0/inst/grp_online_attention_row_fu_1064/select_ln105_65_reg_11288_reg[15]/D
                            (rising edge-triggered cell FDSE clocked by clk_pl_0  {rise@0.000ns fall@5.156ns period=10.312ns})
  Path Group:             (none)
  Path Type:              Hold (Min at Fast Process Corner)
  Data Path Delay:        0.451ns  (logic 0.287ns (63.571%)  route 0.164ns (36.429%))
  Logic Levels:           7  (CARRY8=1 DSP_ALU=1 DSP_M_DATA=1 DSP_MULTIPLIER=1 DSP_OUTPUT=1 DSP_PREADD_DATA=1 LUT6=1)
  Clock Uncertainty:      0.157ns  ((TSJ^2 + DJ^2)^1/2) / 2 + PE
    Total System Jitter     (TSJ):    0.050ns
    Discrete Jitter          (DJ):    0.310ns
    Phase Error              (PE):    0.000ns
  Clock Net Delay (Destination): 1.114ns (routing 0.352ns, distribution 0.762ns)

    Location             Delay type                Incr(ns)  Path(ns)    Netlist Resource(s)
  -------------------------------------------------------------------    -------------------
    DSP48E2_X4Y75        DSP_A_B_DATA                 0.000     0.000 r  mhsa_i/mhsa_top_0/inst/grp_online_attention_row_fu_1064/mul_32s_32s_64_1_1_U517/tmp_product__2/DSP_A_B_DATA_INST/A2_DATA[18]
                         net (fo=1, routed)           0.000     0.000    mhsa_i/mhsa_top_0/inst/grp_online_attention_row_fu_1064/mul_32s_32s_64_1_1_U517/tmp_product__2/DSP_A_B_DATA.A2_DATA<18>
    DSP48E2_X4Y75        DSP_PREADD_DATA (Prop_DSP_PREADD_DATA_DSP48E2_A2_DATA[18]_A2A1[18])
                                                      0.019     0.019 r  mhsa_i/mhsa_top_0/inst/grp_online_attention_row_fu_1064/mul_32s_32s_64_1_1_U517/tmp_product__2/DSP_PREADD_DATA_INST/A2A1[18]
                         net (fo=1, routed)           0.000     0.019    mhsa_i/mhsa_top_0/inst/grp_online_attention_row_fu_1064/mul_32s_32s_64_1_1_U517/tmp_product__2/DSP_PREADD_DATA.A2A1<18>
    DSP48E2_X4Y75        DSP_MULTIPLIER (Prop_DSP_MULTIPLIER_DSP48E2_A2A1[18]_U[19])
                                                      0.066     0.085 f  mhsa_i/mhsa_top_0/inst/grp_online_attention_row_fu_1064/mul_32s_32s_64_1_1_U517/tmp_product__2/DSP_MULTIPLIER_INST/U[19]
                         net (fo=1, routed)           0.000     0.085    mhsa_i/mhsa_top_0/inst/grp_online_attention_row_fu_1064/mul_32s_32s_64_1_1_U517/tmp_product__2/DSP_MULTIPLIER.U<19>
    DSP48E2_X4Y75        DSP_M_DATA (Prop_DSP_M_DATA_DSP48E2_U[19]_U_DATA[19])
                                                      0.012     0.097 r  mhsa_i/mhsa_top_0/inst/grp_online_attention_row_fu_1064/mul_32s_32s_64_1_1_U517/tmp_product__2/DSP_M_DATA_INST/U_DATA[19]
                         net (fo=1, routed)           0.000     0.097    mhsa_i/mhsa_top_0/inst/grp_online_attention_row_fu_1064/mul_32s_32s_64_1_1_U517/tmp_product__2/DSP_M_DATA.U_DATA<19>
    DSP48E2_X4Y75        DSP_ALU (Prop_DSP_ALU_DSP48E2_U_DATA[19]_ALU_OUT[19])
                                                      0.113     0.210 f  mhsa_i/mhsa_top_0/inst/grp_online_attention_row_fu_1064/mul_32s_32s_64_1_1_U517/tmp_product__2/DSP_ALU_INST/ALU_OUT[19]
                         net (fo=1, routed)           0.000     0.210    mhsa_i/mhsa_top_0/inst/grp_online_attention_row_fu_1064/mul_32s_32s_64_1_1_U517/tmp_product__2/DSP_ALU.ALU_OUT<19>
    DSP48E2_X4Y75        DSP_OUTPUT (Prop_DSP_OUTPUT_DSP48E2_ALU_OUT[19]_P[19])
                                                      0.030     0.240 r  mhsa_i/mhsa_top_0/inst/grp_online_attention_row_fu_1064/mul_32s_32s_64_1_1_U517/tmp_product__2/DSP_OUTPUT_INST/P[19]
                         net (fo=2, routed)           0.079     0.319    mhsa_i/mhsa_top_0/inst/grp_online_attention_row_fu_1064/mul_32s_32s_64_1_1_U517/tmp_product__2_n_88
    SLICE_X53Y187        CARRY8 (Prop_CARRY8_SLICEM_DI[4]_O[5])
                                                      0.032     0.351 r  mhsa_i/mhsa_top_0/inst/grp_online_attention_row_fu_1064/mul_32s_32s_64_1_1_U517/tmp_product_carry__1/O[5]
                         net (fo=1, routed)           0.068     0.419    mhsa_i/mhsa_top_0/inst/grp_online_attention_row_fu_1064/mul_32s_32s_64_1_1_U517/trunc_ln105_31_fu_6869_p4[15]
    SLICE_X52Y186        LUT6 (Prop_H6LUT_SLICEL_I5_O)
                                                      0.015     0.434 r  mhsa_i/mhsa_top_0/inst/grp_online_attention_row_fu_1064/mul_32s_32s_64_1_1_U517/select_ln105_65_reg_11288[15]_i_1/O
                         net (fo=1, routed)           0.017     0.451    mhsa_i/mhsa_top_0/inst/grp_online_attention_row_fu_1064/mul_32s_32s_64_1_1_U517_n_32
    SLICE_X52Y186        FDSE                                         r  mhsa_i/mhsa_top_0/inst/grp_online_attention_row_fu_1064/select_ln105_65_reg_11288_reg[15]/D
  -------------------------------------------------------------------    -------------------

                         (clock clk_pl_0 rise edge)
                                                      0.000     0.000 r  
    PS8_X0Y0             PS8                          0.000     0.000 r  mhsa_i/zynq_ultra_ps_e_0/inst/PS8_i/PLCLK[0]
                         net (fo=1, routed)           0.154     0.154    mhsa_i/zynq_ultra_ps_e_0/inst/pl_clk_unbuffered[0]
    BUFG_PS_X0Y80        BUFG_PS (Prop_BUFG_PS_I_O)
                                                      0.018     0.172 r  mhsa_i/zynq_ultra_ps_e_0/inst/buffer_pl_clk_0.PL_CLK_0_BUFG/O
    X1Y2 (CLOCK_ROOT)    net (fo=24188, routed)       1.114     1.286    mhsa_i/mhsa_top_0/inst/grp_online_attention_row_fu_1064/ap_clk
    SLICE_X52Y186        FDSE                                         r  mhsa_i/mhsa_top_0/inst/grp_online_attention_row_fu_1064/select_ln105_65_reg_11288_reg[15]/C

Slack:                    inf
  Source:                 mhsa_i/mhsa_top_0/inst/grp_online_attention_row_fu_1064/mul_32s_32s_64_1_1_U519/tmp_product__2/DSP_A_B_DATA_INST/A2_DATA[26]
                            (internal pin)
  Destination:            mhsa_i/mhsa_top_0/inst/grp_online_attention_row_fu_1064/select_ln105_69_reg_11298_reg[25]/D
                            (rising edge-triggered cell FDSE clocked by clk_pl_0  {rise@0.000ns fall@5.156ns period=10.312ns})
  Path Group:             (none)
  Path Type:              Hold (Min at Fast Process Corner)
  Data Path Delay:        0.452ns  (logic 0.299ns (66.083%)  route 0.153ns (33.917%))
  Logic Levels:           7  (CARRY8=1 DSP_ALU=1 DSP_M_DATA=1 DSP_MULTIPLIER=1 DSP_OUTPUT=1 DSP_PREADD_DATA=1 LUT6=1)
  Clock Uncertainty:      0.157ns  ((TSJ^2 + DJ^2)^1/2) / 2 + PE
    Total System Jitter     (TSJ):    0.050ns
    Discrete Jitter          (DJ):    0.310ns
    Phase Error              (PE):    0.000ns
  Clock Net Delay (Destination): 1.099ns (routing 0.352ns, distribution 0.747ns)

    Location             Delay type                Incr(ns)  Path(ns)    Netlist Resource(s)
  -------------------------------------------------------------------    -------------------
    DSP48E2_X5Y31        DSP_A_B_DATA                 0.000     0.000 r  mhsa_i/mhsa_top_0/inst/grp_online_attention_row_fu_1064/mul_32s_32s_64_1_1_U519/tmp_product__2/DSP_A_B_DATA_INST/A2_DATA[26]
                         net (fo=1, routed)           0.000     0.000    mhsa_i/mhsa_top_0/inst/grp_online_attention_row_fu_1064/mul_32s_32s_64_1_1_U519/tmp_product__2/DSP_A_B_DATA.A2_DATA<26>
    DSP48E2_X5Y31        DSP_PREADD_DATA (Prop_DSP_PREADD_DATA_DSP48E2_A2_DATA[26]_A2A1[26])
                                                      0.019     0.019 r  mhsa_i/mhsa_top_0/inst/grp_online_attention_row_fu_1064/mul_32s_32s_64_1_1_U519/tmp_product__2/DSP_PREADD_DATA_INST/A2A1[26]
                         net (fo=1, routed)           0.000     0.019    mhsa_i/mhsa_top_0/inst/grp_online_attention_row_fu_1064/mul_32s_32s_64_1_1_U519/tmp_product__2/DSP_PREADD_DATA.A2A1<26>
    DSP48E2_X5Y31        DSP_MULTIPLIER (Prop_DSP_MULTIPLIER_DSP48E2_A2A1[26]_U[29])
                                                      0.066     0.085 f  mhsa_i/mhsa_top_0/inst/grp_online_attention_row_fu_1064/mul_32s_32s_64_1_1_U519/tmp_product__2/DSP_MULTIPLIER_INST/U[29]
                         net (fo=1, routed)           0.000     0.085    mhsa_i/mhsa_top_0/inst/grp_online_attention_row_fu_1064/mul_32s_32s_64_1_1_U519/tmp_product__2/DSP_MULTIPLIER.U<29>
    DSP48E2_X5Y31        DSP_M_DATA (Prop_DSP_M_DATA_DSP48E2_U[29]_U_DATA[29])
                                                      0.012     0.097 r  mhsa_i/mhsa_top_0/inst/grp_online_attention_row_fu_1064/mul_32s_32s_64_1_1_U519/tmp_product__2/DSP_M_DATA_INST/U_DATA[29]
                         net (fo=1, routed)           0.000     0.097    mhsa_i/mhsa_top_0/inst/grp_online_attention_row_fu_1064/mul_32s_32s_64_1_1_U519/tmp_product__2/DSP_M_DATA.U_DATA<29>
    DSP48E2_X5Y31        DSP_ALU (Prop_DSP_ALU_DSP48E2_U_DATA[29]_ALU_OUT[29])
                                                      0.113     0.210 f  mhsa_i/mhsa_top_0/inst/grp_online_attention_row_fu_1064/mul_32s_32s_64_1_1_U519/tmp_product__2/DSP_ALU_INST/ALU_OUT[29]
                         net (fo=1, routed)           0.000     0.210    mhsa_i/mhsa_top_0/inst/grp_online_attention_row_fu_1064/mul_32s_32s_64_1_1_U519/tmp_product__2/DSP_ALU.ALU_OUT<29>
    DSP48E2_X5Y31        DSP_OUTPUT (Prop_DSP_OUTPUT_DSP48E2_ALU_OUT[29]_P[29])
                                                      0.030     0.240 r  mhsa_i/mhsa_top_0/inst/grp_online_attention_row_fu_1064/mul_32s_32s_64_1_1_U519/tmp_product__2/DSP_OUTPUT_INST/P[29]
                         net (fo=2, routed)           0.074     0.314    mhsa_i/mhsa_top_0/inst/grp_online_attention_row_fu_1064/mul_32s_32s_64_1_1_U519/tmp_product__2_n_78
    SLICE_X56Y78         CARRY8 (Prop_CARRY8_SLICEM_DI[6]_O[7])
                                                      0.036     0.350 r  mhsa_i/mhsa_top_0/inst/grp_online_attention_row_fu_1064/mul_32s_32s_64_1_1_U519/tmp_product_carry__2/O[7]
                         net (fo=1, routed)           0.064     0.414    mhsa_i/mhsa_top_0/inst/grp_online_attention_row_fu_1064/mul_32s_32s_64_1_1_U519/trunc_ln105_33_fu_7085_p4[25]
    SLICE_X55Y78         LUT6 (Prop_B6LUT_SLICEL_I5_O)
                                                      0.023     0.437 r  mhsa_i/mhsa_top_0/inst/grp_online_attention_row_fu_1064/mul_32s_32s_64_1_1_U519/select_ln105_69_reg_11298[25]_i_1/O
                         net (fo=1, routed)           0.015     0.452    mhsa_i/mhsa_top_0/inst/grp_online_attention_row_fu_1064/mul_32s_32s_64_1_1_U519_n_28
    SLICE_X55Y78         FDSE                                         r  mhsa_i/mhsa_top_0/inst/grp_online_attention_row_fu_1064/select_ln105_69_reg_11298_reg[25]/D
  -------------------------------------------------------------------    -------------------

                         (clock clk_pl_0 rise edge)
                                                      0.000     0.000 r  
    PS8_X0Y0             PS8                          0.000     0.000 r  mhsa_i/zynq_ultra_ps_e_0/inst/PS8_i/PLCLK[0]
                         net (fo=1, routed)           0.154     0.154    mhsa_i/zynq_ultra_ps_e_0/inst/pl_clk_unbuffered[0]
    BUFG_PS_X0Y80        BUFG_PS (Prop_BUFG_PS_I_O)
                                                      0.018     0.172 r  mhsa_i/zynq_ultra_ps_e_0/inst/buffer_pl_clk_0.PL_CLK_0_BUFG/O
    X1Y2 (CLOCK_ROOT)    net (fo=24188, routed)       1.099     1.271    mhsa_i/mhsa_top_0/inst/grp_online_attention_row_fu_1064/ap_clk
    SLICE_X55Y78         FDSE                                         r  mhsa_i/mhsa_top_0/inst/grp_online_attention_row_fu_1064/select_ln105_69_reg_11298_reg[25]/C

Slack:                    inf
  Source:                 mhsa_i/mhsa_top_0/inst/grp_online_attention_row_fu_1064/mul_32s_32s_64_1_1_U529/tmp_product__2/DSP_A_B_DATA_INST/A2_DATA[26]
                            (internal pin)
  Destination:            mhsa_i/mhsa_top_0/inst/grp_online_attention_row_fu_1064/select_ln105_89_reg_11348_reg[28]/D
                            (rising edge-triggered cell FDSE clocked by clk_pl_0  {rise@0.000ns fall@5.156ns period=10.312ns})
  Path Group:             (none)
  Path Type:              Hold (Min at Fast Process Corner)
  Data Path Delay:        0.468ns  (logic 0.287ns (61.323%)  route 0.181ns (38.677%))
  Logic Levels:           8  (CARRY8=1 DSP_ALU=1 DSP_M_DATA=1 DSP_MULTIPLIER=1 DSP_OUTPUT=1 DSP_PREADD_DATA=1 LUT2=1 LUT6=1)
  Clock Uncertainty:      0.157ns  ((TSJ^2 + DJ^2)^1/2) / 2 + PE
    Total System Jitter     (TSJ):    0.050ns
    Discrete Jitter          (DJ):    0.310ns
    Phase Error              (PE):    0.000ns
  Clock Net Delay (Destination): 1.165ns (routing 0.352ns, distribution 0.813ns)

    Location             Delay type                Incr(ns)  Path(ns)    Netlist Resource(s)
  -------------------------------------------------------------------    -------------------
    DSP48E2_X7Y69        DSP_A_B_DATA                 0.000     0.000 r  mhsa_i/mhsa_top_0/inst/grp_online_attention_row_fu_1064/mul_32s_32s_64_1_1_U529/tmp_product__2/DSP_A_B_DATA_INST/A2_DATA[26]
                         net (fo=1, routed)           0.000     0.000    mhsa_i/mhsa_top_0/inst/grp_online_attention_row_fu_1064/mul_32s_32s_64_1_1_U529/tmp_product__2/DSP_A_B_DATA.A2_DATA<26>
    DSP48E2_X7Y69        DSP_PREADD_DATA (Prop_DSP_PREADD_DATA_DSP48E2_A2_DATA[26]_A2A1[26])
                                                      0.019     0.019 r  mhsa_i/mhsa_top_0/inst/grp_online_attention_row_fu_1064/mul_32s_32s_64_1_1_U529/tmp_product__2/DSP_PREADD_DATA_INST/A2A1[26]
                         net (fo=1, routed)           0.000     0.019    mhsa_i/mhsa_top_0/inst/grp_online_attention_row_fu_1064/mul_32s_32s_64_1_1_U529/tmp_product__2/DSP_PREADD_DATA.A2A1<26>
    DSP48E2_X7Y69        DSP_MULTIPLIER (Prop_DSP_MULTIPLIER_DSP48E2_A2A1[26]_U[33])
                                                      0.066     0.085 f  mhsa_i/mhsa_top_0/inst/grp_online_attention_row_fu_1064/mul_32s_32s_64_1_1_U529/tmp_product__2/DSP_MULTIPLIER_INST/U[33]
                         net (fo=1, routed)           0.000     0.085    mhsa_i/mhsa_top_0/inst/grp_online_attention_row_fu_1064/mul_32s_32s_64_1_1_U529/tmp_product__2/DSP_MULTIPLIER.U<33>
    DSP48E2_X7Y69        DSP_M_DATA (Prop_DSP_M_DATA_DSP48E2_U[33]_U_DATA[33])
                                                      0.012     0.097 r  mhsa_i/mhsa_top_0/inst/grp_online_attention_row_fu_1064/mul_32s_32s_64_1_1_U529/tmp_product__2/DSP_M_DATA_INST/U_DATA[33]
                         net (fo=1, routed)           0.000     0.097    mhsa_i/mhsa_top_0/inst/grp_online_attention_row_fu_1064/mul_32s_32s_64_1_1_U529/tmp_product__2/DSP_M_DATA.U_DATA<33>
    DSP48E2_X7Y69        DSP_ALU (Prop_DSP_ALU_DSP48E2_U_DATA[33]_ALU_OUT[33])
                                                      0.113     0.210 f  mhsa_i/mhsa_top_0/inst/grp_online_attention_row_fu_1064/mul_32s_32s_64_1_1_U529/tmp_product__2/DSP_ALU_INST/ALU_OUT[33]
                         net (fo=1, routed)           0.000     0.210    mhsa_i/mhsa_top_0/inst/grp_online_attention_row_fu_1064/mul_32s_32s_64_1_1_U529/tmp_product__2/DSP_ALU.ALU_OUT<33>
    DSP48E2_X7Y69        DSP_OUTPUT (Prop_DSP_OUTPUT_DSP48E2_ALU_OUT[33]_P[33])
                                                      0.030     0.240 r  mhsa_i/mhsa_top_0/inst/grp_online_attention_row_fu_1064/mul_32s_32s_64_1_1_U529/tmp_product__2/DSP_OUTPUT_INST/P[33]
                         net (fo=2, routed)           0.085     0.325    mhsa_i/mhsa_top_0/inst/grp_online_attention_row_fu_1064/mul_32s_32s_64_1_1_U529/tmp_product__2_n_74
    SLICE_X70Y176        LUT2 (Prop_C6LUT_SLICEM_I0_O)
                                                      0.014     0.339 r  mhsa_i/mhsa_top_0/inst/grp_online_attention_row_fu_1064/mul_32s_32s_64_1_1_U529/tmp_product_carry__3_i_6__77/O
                         net (fo=1, routed)           0.014     0.353    mhsa_i/mhsa_top_0/inst/grp_online_attention_row_fu_1064/mul_32s_32s_64_1_1_U529/tmp_product_carry__3_i_6__77_n_2
    SLICE_X70Y176        CARRY8 (Prop_CARRY8_SLICEM_S[2]_O[2])
                                                      0.019     0.372 r  mhsa_i/mhsa_top_0/inst/grp_online_attention_row_fu_1064/mul_32s_32s_64_1_1_U529/tmp_product_carry__3/O[2]
                         net (fo=1, routed)           0.066     0.438    mhsa_i/mhsa_top_0/inst/grp_online_attention_row_fu_1064/mul_32s_32s_64_1_1_U529/trunc_ln105_43_fu_8165_p4[28]
    SLICE_X69Y177        LUT6 (Prop_D6LUT_SLICEL_I5_O)
                                                      0.014     0.452 r  mhsa_i/mhsa_top_0/inst/grp_online_attention_row_fu_1064/mul_32s_32s_64_1_1_U529/select_ln105_89_reg_11348[28]_i_1/O
                         net (fo=1, routed)           0.016     0.468    mhsa_i/mhsa_top_0/inst/grp_online_attention_row_fu_1064/mul_32s_32s_64_1_1_U529_n_31
    SLICE_X69Y177        FDSE                                         r  mhsa_i/mhsa_top_0/inst/grp_online_attention_row_fu_1064/select_ln105_89_reg_11348_reg[28]/D
  -------------------------------------------------------------------    -------------------

                         (clock clk_pl_0 rise edge)
                                                      0.000     0.000 r  
    PS8_X0Y0             PS8                          0.000     0.000 r  mhsa_i/zynq_ultra_ps_e_0/inst/PS8_i/PLCLK[0]
                         net (fo=1, routed)           0.154     0.154    mhsa_i/zynq_ultra_ps_e_0/inst/pl_clk_unbuffered[0]
    BUFG_PS_X0Y80        BUFG_PS (Prop_BUFG_PS_I_O)
                                                      0.018     0.172 r  mhsa_i/zynq_ultra_ps_e_0/inst/buffer_pl_clk_0.PL_CLK_0_BUFG/O
    X1Y2 (CLOCK_ROOT)    net (fo=24188, routed)       1.165     1.337    mhsa_i/mhsa_top_0/inst/grp_online_attention_row_fu_1064/ap_clk
    SLICE_X69Y177        FDSE                                         r  mhsa_i/mhsa_top_0/inst/grp_online_attention_row_fu_1064/select_ln105_89_reg_11348_reg[28]/C

Slack:                    inf
  Source:                 mhsa_i/mhsa_top_0/inst/grp_online_attention_row_fu_1064/mul_32s_32s_64_1_1_U538/tmp_product__2/DSP_A_B_DATA_INST/A2_DATA[24]
                            (internal pin)
  Destination:            mhsa_i/mhsa_top_0/inst/grp_online_attention_row_fu_1064/select_ln105_107_reg_11393_reg[21]/D
                            (rising edge-triggered cell FDSE clocked by clk_pl_0  {rise@0.000ns fall@5.156ns period=10.312ns})
  Path Group:             (none)
  Path Type:              Hold (Min at Fast Process Corner)
  Data Path Delay:        0.469ns  (logic 0.290ns (61.773%)  route 0.179ns (38.227%))
  Logic Levels:           7  (CARRY8=1 DSP_ALU=1 DSP_M_DATA=1 DSP_MULTIPLIER=1 DSP_OUTPUT=1 DSP_PREADD_DATA=1 LUT6=1)
  Clock Uncertainty:      0.157ns  ((TSJ^2 + DJ^2)^1/2) / 2 + PE
    Total System Jitter     (TSJ):    0.050ns
    Discrete Jitter          (DJ):    0.310ns
    Phase Error              (PE):    0.000ns
  Clock Net Delay (Destination): 1.199ns (routing 0.352ns, distribution 0.847ns)

    Location             Delay type                Incr(ns)  Path(ns)    Netlist Resource(s)
  -------------------------------------------------------------------    -------------------
    DSP48E2_X9Y29        DSP_A_B_DATA                 0.000     0.000 r  mhsa_i/mhsa_top_0/inst/grp_online_attention_row_fu_1064/mul_32s_32s_64_1_1_U538/tmp_product__2/DSP_A_B_DATA_INST/A2_DATA[24]
                         net (fo=1, routed)           0.000     0.000    mhsa_i/mhsa_top_0/inst/grp_online_attention_row_fu_1064/mul_32s_32s_64_1_1_U538/tmp_product__2/DSP_A_B_DATA.A2_DATA<24>
    DSP48E2_X9Y29        DSP_PREADD_DATA (Prop_DSP_PREADD_DATA_DSP48E2_A2_DATA[24]_A2A1[24])
                                                      0.019     0.019 r  mhsa_i/mhsa_top_0/inst/grp_online_attention_row_fu_1064/mul_32s_32s_64_1_1_U538/tmp_product__2/DSP_PREADD_DATA_INST/A2A1[24]
                         net (fo=1, routed)           0.000     0.019    mhsa_i/mhsa_top_0/inst/grp_online_attention_row_fu_1064/mul_32s_32s_64_1_1_U538/tmp_product__2/DSP_PREADD_DATA.A2A1<24>
    DSP48E2_X9Y29        DSP_MULTIPLIER (Prop_DSP_MULTIPLIER_DSP48E2_A2A1[24]_U[25])
                                                      0.066     0.085 f  mhsa_i/mhsa_top_0/inst/grp_online_attention_row_fu_1064/mul_32s_32s_64_1_1_U538/tmp_product__2/DSP_MULTIPLIER_INST/U[25]
                         net (fo=1, routed)           0.000     0.085    mhsa_i/mhsa_top_0/inst/grp_online_attention_row_fu_1064/mul_32s_32s_64_1_1_U538/tmp_product__2/DSP_MULTIPLIER.U<25>
    DSP48E2_X9Y29        DSP_M_DATA (Prop_DSP_M_DATA_DSP48E2_U[25]_U_DATA[25])
                                                      0.012     0.097 r  mhsa_i/mhsa_top_0/inst/grp_online_attention_row_fu_1064/mul_32s_32s_64_1_1_U538/tmp_product__2/DSP_M_DATA_INST/U_DATA[25]
                         net (fo=1, routed)           0.000     0.097    mhsa_i/mhsa_top_0/inst/grp_online_attention_row_fu_1064/mul_32s_32s_64_1_1_U538/tmp_product__2/DSP_M_DATA.U_DATA<25>
    DSP48E2_X9Y29        DSP_ALU (Prop_DSP_ALU_DSP48E2_U_DATA[25]_ALU_OUT[25])
                                                      0.113     0.210 f  mhsa_i/mhsa_top_0/inst/grp_online_attention_row_fu_1064/mul_32s_32s_64_1_1_U538/tmp_product__2/DSP_ALU_INST/ALU_OUT[25]
                         net (fo=1, routed)           0.000     0.210    mhsa_i/mhsa_top_0/inst/grp_online_attention_row_fu_1064/mul_32s_32s_64_1_1_U538/tmp_product__2/DSP_ALU.ALU_OUT<25>
    DSP48E2_X9Y29        DSP_OUTPUT (Prop_DSP_OUTPUT_DSP48E2_ALU_OUT[25]_P[25])
                                                      0.030     0.240 r  mhsa_i/mhsa_top_0/inst/grp_online_attention_row_fu_1064/mul_32s_32s_64_1_1_U538/tmp_product__2/DSP_OUTPUT_INST/P[25]
                         net (fo=2, routed)           0.074     0.314    mhsa_i/mhsa_top_0/inst/grp_online_attention_row_fu_1064/mul_32s_32s_64_1_1_U538/tmp_product__2_n_82
    SLICE_X78Y73         CARRY8 (Prop_CARRY8_SLICEM_DI[2]_O[3])
                                                      0.036     0.350 r  mhsa_i/mhsa_top_0/inst/grp_online_attention_row_fu_1064/mul_32s_32s_64_1_1_U538/tmp_product_carry__2/O[3]
                         net (fo=1, routed)           0.088     0.438    mhsa_i/mhsa_top_0/inst/grp_online_attention_row_fu_1064/mul_32s_32s_64_1_1_U538/trunc_ln105_52_fu_9137_p4[21]
    SLICE_X77Y74         LUT6 (Prop_C6LUT_SLICEL_I5_O)
                                                      0.014     0.452 r  mhsa_i/mhsa_top_0/inst/grp_online_attention_row_fu_1064/mul_32s_32s_64_1_1_U538/select_ln105_107_reg_11393[21]_i_1/O
                         net (fo=1, routed)           0.017     0.469    mhsa_i/mhsa_top_0/inst/grp_online_attention_row_fu_1064/mul_32s_32s_64_1_1_U538_n_24
    SLICE_X77Y74         FDSE                                         r  mhsa_i/mhsa_top_0/inst/grp_online_attention_row_fu_1064/select_ln105_107_reg_11393_reg[21]/D
  -------------------------------------------------------------------    -------------------

                         (clock clk_pl_0 rise edge)
                                                      0.000     0.000 r  
    PS8_X0Y0             PS8                          0.000     0.000 r  mhsa_i/zynq_ultra_ps_e_0/inst/PS8_i/PLCLK[0]
                         net (fo=1, routed)           0.154     0.154    mhsa_i/zynq_ultra_ps_e_0/inst/pl_clk_unbuffered[0]
    BUFG_PS_X0Y80        BUFG_PS (Prop_BUFG_PS_I_O)
                                                      0.018     0.172 r  mhsa_i/zynq_ultra_ps_e_0/inst/buffer_pl_clk_0.PL_CLK_0_BUFG/O
    X1Y2 (CLOCK_ROOT)    net (fo=24188, routed)       1.199     1.371    mhsa_i/mhsa_top_0/inst/grp_online_attention_row_fu_1064/ap_clk
    SLICE_X77Y74         FDSE                                         r  mhsa_i/mhsa_top_0/inst/grp_online_attention_row_fu_1064/select_ln105_107_reg_11393_reg[21]/C





