

================================================================
== Synthesis Summary Report of 'mhsa_top'
================================================================
+ General Information: 
    * Date:           Wed Aug 26 15:47:57 2026
    * Version:        2025.2 (Build 6295257 on Nov 14 2025)
    * Project:        vit_base16
    * Solution:       hls (Vivado IP Flow Target)
    * Product family: zynquplus
    * Target device:  xczu7ev-ffvc1156-2-e
    

* Performance & Resource Estimates: 
+-----------------------------------------------+------+---------------------+----------+---------+-------+----------+---------+-----------+------+---------+-----------+------------+-------------+----------+
|                    Modules                    | Issue|                     | Iteration|         |  Trip |          |       Latency       |      |         |           |            |             |          |
|                    & Loops                    | Type |    Violation Type   |  Latency | Interval| Count | Pipelined| (cycles)|    (ns)   | Slack|  BRAM   |    DSP    |     FF     |     LUT     |   URAM   |
+-----------------------------------------------+------+---------------------+----------+---------+-------+----------+---------+-----------+------+---------+-----------+------------+-------------+----------+
|+ mhsa_top                                     |     -|                    -|         -|  1647878|      -|        no|  1647877|  1.648e+07|  0.00|  6 (~0%)|  527 (30%)|  22936 (4%)|  50466 (21%)|  32 (33%)|
| o heads                                       |     -|                    -|    137323|        -|     12|        no|  1647876|  1.648e+07|  7.30|        -|          -|           -|            -|         -|
|  + mhsa_top_Pipeline_load_kv_VITIS_LOOP_91_1  |     -|                    -|         -|        -|      -|       yes|    12619|  1.262e+05|  0.00|        -|          -|   422 (~0%)|    517 (~0%)|         -|
|   o load_kv_VITIS_LOOP_91_1                   |     -|                    -|        11|        1|  12608|       yes|    12617|  1.262e+05|  7.30|        -|          -|           -|            -|         -|
|  o rows                                       |     -|                    -|       633|        -|    197|        no|   124701|  1.247e+06|  7.30|        -|          -|           -|            -|         -|
|   + mhsa_top_Pipeline_load_q                  |     -|                    -|         -|        -|      -|       yes|       67|    670.000|  0.00|        -|          -|  1124 (~0%)|    654 (~0%)|         -|
|    o load_q                                   |     -|                    -|         3|        1|     64|       yes|       65|    650.000|  7.30|        -|          -|           -|            -|         -|
|   + online_attention_row                      |     -|                    -|         -|      479|      -|        no|      479|  4.790e+03|  0.05|        -|  527 (30%)|  15785 (3%)|  42750 (18%)|         -|
|    + online_attention_row_Pipeline_tokens     |     -|                    -|         -|        -|      -|       yes|      464|  4.640e+03|  0.05|        -|  271 (15%)|  14608 (3%)|  31030 (13%)|         -|
|     o tokens                                  |    II|  Resource Limitation|        71|        2|    197|       yes|      462|  4.620e+03|  7.30|        -|          -|           -|            -|         -|
|   + mhsa_top_Pipeline_store_o                 |     -|                    -|         -|        -|      -|       yes|       67|    670.000|  0.00|        -|          -|    48 (~0%)|    143 (~0%)|         -|
|    o store_o                                  |     -|                    -|         3|        1|     64|       yes|       65|    650.000|  7.30|        -|          -|           -|            -|         -|
+-----------------------------------------------+------+---------------------+----------+---------+-------+----------+---------+-----------+------+---------+-----------+------------+-------------+----------+
    II Violation Information: docs.amd.com/access/sources/dita/topic?Doc_Version=2025.2%20English&url=ug1448-hls-guidance&resourceid=200-880.html
    Name Prefix: '+' for module, 'o' for loop, '*' for dataflow


================================================================
== HW Interfaces
================================================================
* M_AXI
+--------------+------------+------------+---------------+---------+--------+----------+-----------+--------------+--------------+-------------+-------------+-------------------+
| Interface    | Read/Write | Data Width | Address Width | Latency | Offset | Register | Max Widen | Max Read     | Max Write    | Num Read    | Num Write   | Resource Estimate |
|              |            | (SW->HW)   |               |         |        |          | Bitwidth  | Burst Length | Burst Length | Outstanding | Outstanding |                   |
+--------------+------------+------------+---------------+---------+--------+----------+-----------+--------------+--------------+-------------+-------------+-------------------+
| m_axi_gmem_k | READ_ONLY  | 16 -> 16   | 64            | 0       | slave  | 0        | 0         | 16           | 16           | 16          | 16          | BRAM=2            |
| m_axi_gmem_o | WRITE_ONLY | 32 -> 32   | 64            | 0       | slave  | 0        | 0         | 16           | 16           | 16          | 16          |                   |
| m_axi_gmem_q | READ_ONLY  | 16 -> 16   | 64            | 0       | slave  | 0        | 0         | 16           | 16           | 16          | 16          | BRAM=2            |
| m_axi_gmem_v | READ_ONLY  | 16 -> 16   | 64            | 0       | slave  | 0        | 0         | 16           | 16           | 16          | 16          | BRAM=2            |
+--------------+------------+------------+---------------+---------+--------+----------+-----------+--------------+--------------+-------------+-------------+-------------------+

* S_AXILITE Interfaces
+---------------+------------+---------------+--------+----------+
| Interface     | Data Width | Address Width | Offset | Register |
+---------------+------------+---------------+--------+----------+
| s_axi_control | 32         | 7             | 16     | 0        |
+---------------+------------+---------------+--------+----------+

* S_AXILITE Registers
+---------------+----------+--------+-------+--------+----------------------------------+----------------------------------------------------------------------+
| Interface     | Register | Offset | Width | Access | Description                      | Bit Fields                                                           |
+---------------+----------+--------+-------+--------+----------------------------------+----------------------------------------------------------------------+
| s_axi_control | CTRL     | 0x00   | 32    | RW     | Control signals                  | 0=AP_START 1=AP_DONE 2=AP_IDLE 3=AP_READY 7=AUTO_RESTART 9=INTERRUPT |
| s_axi_control | GIER     | 0x04   | 32    | RW     | Global Interrupt Enable Register | 0=Enable                                                             |
| s_axi_control | IP_IER   | 0x08   | 32    | RW     | IP Interrupt Enable Register     | 0=CHAN0_INT_EN 1=CHAN1_INT_EN                                        |
| s_axi_control | IP_ISR   | 0x0c   | 32    | RW     | IP Interrupt Status Register     | 0=CHAN0_INT_ST 1=CHAN1_INT_ST                                        |
| s_axi_control | Q_1      | 0x10   | 32    | W      | Data signal of Q                 |                                                                      |
| s_axi_control | Q_2      | 0x14   | 32    | W      | Data signal of Q                 |                                                                      |
| s_axi_control | K_1      | 0x1c   | 32    | W      | Data signal of K                 |                                                                      |
| s_axi_control | K_2      | 0x20   | 32    | W      | Data signal of K                 |                                                                      |
| s_axi_control | V_1      | 0x28   | 32    | W      | Data signal of V                 |                                                                      |
| s_axi_control | V_2      | 0x2c   | 32    | W      | Data signal of V                 |                                                                      |
| s_axi_control | O_1      | 0x34   | 32    | W      | Data signal of O                 |                                                                      |
| s_axi_control | O_2      | 0x38   | 32    | W      | Data signal of O                 |                                                                      |
| s_axi_control | scale    | 0x40   | 32    | W      | Data signal of scale             |                                                                      |
+---------------+----------+--------+-------+--------+----------------------------------+----------------------------------------------------------------------+

* TOP LEVEL CONTROL
+-----------+------------+-----------+
| Interface | Type       | Ports     |
+-----------+------------+-----------+
| ap_clk    | clock      | ap_clk    |
| ap_rst_n  | reset      | ap_rst_n  |
| interrupt | interrupt  | interrupt |
| ap_ctrl   | ap_ctrl_hs |           |
+-----------+------------+-----------+


================================================================
== SW I/O Information
================================================================
* Top Function Arguments
+----------+-----------+--------------------------------------------------------+
| Argument | Direction | Datatype                                               |
+----------+-----------+--------------------------------------------------------+
| Q        | in        | ap_fixed<16, 4, (ap_q_mode)5, (ap_o_mode)3, 0> const * |
| K        | in        | ap_fixed<16, 4, (ap_q_mode)5, (ap_o_mode)3, 0> const * |
| V        | in        | ap_fixed<16, 4, (ap_q_mode)5, (ap_o_mode)3, 0> const * |
| O        | out       | ap_fixed<32, 10, (ap_q_mode)5, (ap_o_mode)0, 0>*       |
| scale    | in        | ap_fixed<24, 12, (ap_q_mode)5, (ap_o_mode)0, 0>        |
+----------+-----------+--------------------------------------------------------+

* SW-to-HW Mapping
+----------+---------------+-----------+----------+---------------------------------+
| Argument | HW Interface  | HW Type   | HW Usage | HW Info                         |
+----------+---------------+-----------+----------+---------------------------------+
| Q        | m_axi_gmem_q  | interface |          | channel=0                       |
| Q        | s_axi_control | register  | offset   | name=Q_1 offset=0x10 range=32   |
| Q        | s_axi_control | register  | offset   | name=Q_2 offset=0x14 range=32   |
| K        | m_axi_gmem_k  | interface |          | channel=0                       |
| K        | s_axi_control | register  | offset   | name=K_1 offset=0x1c range=32   |
| K        | s_axi_control | register  | offset   | name=K_2 offset=0x20 range=32   |
| V        | m_axi_gmem_v  | interface |          | channel=0                       |
| V        | s_axi_control | register  | offset   | name=V_1 offset=0x28 range=32   |
| V        | s_axi_control | register  | offset   | name=V_2 offset=0x2c range=32   |
| O        | m_axi_gmem_o  | interface |          | channel=0                       |
| O        | s_axi_control | register  | offset   | name=O_1 offset=0x34 range=32   |
| O        | s_axi_control | register  | offset   | name=O_2 offset=0x38 range=32   |
| scale    | s_axi_control | register  |          | name=scale offset=0x40 range=32 |
+----------+---------------+-----------+----------+---------------------------------+


================================================================
== M_AXI Burst Information
================================================================
 Note: All burst requests might be further partitioned into multiple requests during RTL generation based on max_read_burst_length or max_write_burst_length settings.

* Inferred Burst Summary
+--------------+-----------+--------+-------+-----------------+---------------------+
| HW Interface | Direction | Length | Width | Loop            | Loop Location       |
+--------------+-----------+--------+-------+-----------------+---------------------+
| m_axi_gmem_k | read      | 64     | 16    | VITIS_LOOP_91_1 | mhsa_top.cpp:91:30  |
| m_axi_gmem_o | write     | 64     | 32    | store_o         | mhsa_top.cpp:107:22 |
| m_axi_gmem_q | read      | 64     | 16    | load_q          | mhsa_top.cpp:100:21 |
| m_axi_gmem_v | read      | 64     | 16    | VITIS_LOOP_91_1 | mhsa_top.cpp:91:30  |
+--------------+-----------+--------+-------+-----------------+---------------------+

* All M_AXI Variable Accesses
+--------------+----------+---------------------+-----------+--------------+--------+-----------------+---------------------+------------+-------------------------------------------------------------------------------------------------------+
| HW Interface | Variable | Access Location     | Direction | Burst Status | Length | Loop            | Loop Location       | Resolution | Problem                                                                                               |
+--------------+----------+---------------------+-----------+--------------+--------+-----------------+---------------------+------------+-------------------------------------------------------------------------------------------------------+
| m_axi_gmem_k | K        | mhsa_top.cpp:93:29  | read      | Widen Fail   |        | VITIS_LOOP_91_1 | mhsa_top.cpp:91:30  | 214-353    | Could not widen since type i16 size is greater than or equal to the max_widen_bitwidth threshold of 0 |
| m_axi_gmem_k | K        | mhsa_top.cpp:93:29  | read      | Fail         |        | load_kv         | mhsa_top.cpp:90:18  | 214-230    | Stride is incompatible                                                                                |
| m_axi_gmem_k | K        | mhsa_top.cpp:93:29  | read      | Inferred     | 64     | VITIS_LOOP_91_1 | mhsa_top.cpp:91:30  |            |                                                                                                       |
| m_axi_gmem_o | O        | mhsa_top.cpp:109:48 | write     | Widen Fail   |        | store_o         | mhsa_top.cpp:107:22 | 214-353    | Could not widen since type i32 size is greater than or equal to the max_widen_bitwidth threshold of 0 |
| m_axi_gmem_o | O        | mhsa_top.cpp:109:48 | write     | Fail         |        | rows            | mhsa_top.cpp:99:15  | 214-230    | Stride is incompatible                                                                                |
| m_axi_gmem_o | O        | mhsa_top.cpp:109:48 | write     | Inferred     | 64     | store_o         | mhsa_top.cpp:107:22 |            |                                                                                                       |
| m_axi_gmem_q | Q        | mhsa_top.cpp:102:26 | read      | Widen Fail   |        | load_q          | mhsa_top.cpp:100:21 | 214-353    | Could not widen since type i16 size is greater than or equal to the max_widen_bitwidth threshold of 0 |
| m_axi_gmem_q | Q        | mhsa_top.cpp:102:26 | read      | Fail         |        | rows            | mhsa_top.cpp:99:15  | 214-230    | Stride is incompatible                                                                                |
| m_axi_gmem_q | Q        | mhsa_top.cpp:102:26 | read      | Inferred     | 64     | load_q          | mhsa_top.cpp:100:21 |            |                                                                                                       |
| m_axi_gmem_v | V        | mhsa_top.cpp:94:29  | read      | Widen Fail   |        | VITIS_LOOP_91_1 | mhsa_top.cpp:91:30  | 214-353    | Could not widen since type i16 size is greater than or equal to the max_widen_bitwidth threshold of 0 |
| m_axi_gmem_v | V        | mhsa_top.cpp:94:29  | read      | Fail         |        | load_kv         | mhsa_top.cpp:90:18  | 214-230    | Stride is incompatible                                                                                |
| m_axi_gmem_v | V        | mhsa_top.cpp:94:29  | read      | Inferred     | 64     | VITIS_LOOP_91_1 | mhsa_top.cpp:91:30  |            |                                                                                                       |
+--------------+----------+---------------------+-----------+--------------+--------+-----------------+---------------------+------------+-------------------------------------------------------------------------------------------------------+

    * Resolution URL: docs.amd.com/access/sources/dita/topic?Doc_Version=2025.2%20English&url=ug1448-hls-guidance&resourceid=XXX-YYY.html (replace XXX-YYY with column value)

================================================================
== Bind Op Report
================================================================
+----------------------------------------------+-----+--------+---------------------+-----------+--------------------------+---------+
| Name                                         | DSP | Pragma | Variable            | Op        | Impl                     | Latency |
+----------------------------------------------+-----+--------+---------------------+-----------+--------------------------+---------+
| + mhsa_top                                   | 527 |        |                     |           |                          |         |
|   icmp_ln84_fu_1244_p2                       |     |        | icmp_ln84           | seteq     | auto                     | 0       |
|   add_ln84_fu_1250_p2                        |     |        | add_ln84            | add       | fabric                   | 0       |
|   icmp_ln99_fu_1268_p2                       |     |        | icmp_ln99           | seteq     | auto                     | 0       |
|   add_ln99_fu_1274_p2                        |     |        | add_ln99            | add       | fabric                   | 0       |
|   add_ln102_1_fu_1323_p2                     |     |        | add_ln102_1         | add       | fabric                   | 0       |
|   add_ln102_2_fu_1350_p2                     |     |        | add_ln102_2         | add       | fabric                   | 0       |
|  + mhsa_top_Pipeline_load_kv_VITIS_LOOP_91_1 | 0   |        |                     |           |                          |         |
|    icmp_ln90_fu_818_p2                       |     |        | icmp_ln90           | seteq     | auto                     | 0       |
|    add_ln90_4_fu_824_p2                      |     |        | add_ln90_4          | add       | fabric                   | 0       |
|    add_ln90_3_fu_836_p2                      |     |        | add_ln90_3          | add       | fabric                   | 0       |
|    icmp_ln91_fu_842_p2                       |     |        | icmp_ln91           | seteq     | auto                     | 0       |
|    select_ln90_fu_848_p3                     |     |        | select_ln90         | select    | auto_sel                 | 0       |
|    select_ln90_1_fu_856_p3                   |     |        | select_ln90_1       | select    | auto_sel                 | 0       |
|    first_iter_0_fu_864_p2                    |     |        | first_iter_0        | seteq     | auto                     | 0       |
|    add_ln90_1_fu_914_p2                      |     |        | add_ln90_1          | add       | fabric                   | 0       |
|    add_ln90_2_fu_920_p2                      |     |        | add_ln90_2          | add       | fabric                   | 0       |
|    add_ln91_fu_1014_p2                       |     |        | add_ln91            | add       | fabric                   | 0       |
|  + mhsa_top_Pipeline_load_q                  | 0   |        |                     |           |                          |         |
|    icmp_ln100_fu_1869_p2                     |     |        | icmp_ln100          | seteq     | auto                     | 0       |
|    add_ln100_fu_1875_p2                      |     |        | add_ln100           | add       | fabric                   | 0       |
|  + online_attention_row                      | 527 |        |                     |           |                          |         |
|    icmp_ln96_fu_2499_p2                      |     |        | icmp_ln96           | setgt     | auto                     | 0       |
|    ctlz_32_32_1_1_U549                       |     |        | tmp_132             | ctlz      | auto                     | 0       |
|    sub_ln97_fu_2525_p2                       |     |        | sub_ln97            | sub       | fabric                   | 0       |
|    add_ln97_fu_2535_p2                       |     |        | add_ln97            | add       | fabric                   | 0       |
|    icmp_ln97_fu_2555_p2                      |     |        | icmp_ln97           | setgt     | auto                     | 0       |
|    sub_ln97_6_fu_2561_p2                     |     |        | sub_ln97_6          | sub       | fabric                   | 0       |
|    lshr_ln97_4_fu_2571_p2                    |     |        | lshr_ln97_4         | lshr      | auto_pipe                | 0       |
|    and_ln97_10_fu_2581_p2                    |     |        | and_ln97_10         | and       | auto                     | 0       |
|    icmp_ln97_1_fu_2587_p2                    |     |        | icmp_ln97_1         | setne     | auto                     | 0       |
|    phi_ln97_fu_2593_p2                       |     |        | phi_ln97            | and       | auto                     | 0       |
|    xor_ln97_6_fu_2607_p2                     |     |        | xor_ln97_6          | xor       | auto                     | 0       |
|    bitselect_1ns_32ns_5ns_1_1_1_U550         |     |        | tmp_478             | bitselect | auto                     | 0       |
|    and_ln97_fu_2621_p2                       |     |        | and_ln97            | and       | auto                     | 0       |
|    or_ln97_1_fu_2627_p2                      |     |        | or_ln97_1           | or        | auto                     | 0       |
|    icmp_ln97_2_fu_2637_p2                    |     |        | icmp_ln97_2         | setgt     | auto                     | 0       |
|    add_ln97_1_fu_2643_p2                     |     |        | add_ln97_1          | add       | fabric                   | 0       |
|    lshr_ln97_fu_2657_p2                      |     |        | lshr_ln97           | lshr      | auto_pipe                | 0       |
|    sub_ln97_1_fu_2663_p2                     |     |        | sub_ln97_1          | sub       | fabric                   | 0       |
|    shl_ln97_fu_2677_p2                       |     |        | shl_ln97            | shl       | auto_pipe                | 0       |
|    cond45_i_i_fu_2683_p3                     |     |        | cond45_i_i          | select    | auto_sel                 | 0       |
|    add_ln97_2_fu_2695_p2                     |     |        | add_ln97_2          | add       | fabric                   | 0       |
|    select_ln97_fu_2723_p3                    |     |        | select_ln97         | select    | auto_sel                 | 0       |
|    sub_ln97_2_fu_2731_p2                     |     |        | sub_ln97_2          | sub       | fabric                   | 0       |
|    add_ln97_3_fu_2741_p2                     |     |        | add_ln97_3          | add       | fabric                   | 0       |
|    fdiv_32ns_32ns_32_9_no_dsp_1_U483         |     |        | div                 | fdiv      | fabric                   | 8       |
|    fpext_32ns_64_2_no_dsp_1_U484             |     |        | pf                  | fpext     | auto                     | 1       |
|    sub_ln97_3_fu_2815_p2                     |     |        | sub_ln97_3          | sub       | fabric                   | 0       |
|    select_ln97_1_fu_2821_p3                  |     |        | select_ln97_1       | select    | auto_sel                 | 0       |
|    icmp_ln97_3_fu_2829_p2                    |     |        | icmp_ln97_3         | seteq     | auto                     | 0       |
|    sub_ln97_4_fu_2835_p2                     |     |        | sub_ln97_4          | sub       | fabric                   | 0       |
|    icmp_ln97_4_fu_2845_p2                    |     |        | icmp_ln97_4         | setgt     | auto                     | 0       |
|    add_ln97_4_fu_2851_p2                     |     |        | add_ln97_4          | add       | fabric                   | 0       |
|    sub_ln97_5_fu_2857_p2                     |     |        | sub_ln97_5          | sub       | fabric                   | 0       |
|    select_ln97_2_fu_2863_p3                  |     |        | select_ln97_2       | select    | auto_sel                 | 0       |
|    icmp_ln97_5_fu_2875_p2                    |     |        | icmp_ln97_5         | seteq     | auto                     | 0       |
|    icmp_ln97_6_fu_2885_p2                    |     |        | icmp_ln97_6         | setlt     | auto                     | 0       |
|    select_ln97_8_fu_2891_p3                  |     |        | select_ln97_8       | select    | auto_sel                 | 0       |
|    ashr_ln97_fu_2903_p2                      |     |        | ashr_ln97           | ashr      | auto_pipe                | 0       |
|    tmp_s_fu_2971_p4                          |     |        | select_ln97_3       | select    | auto_sel                 | 0       |
|    icmp_ln97_7_fu_2931_p2                    |     |        | icmp_ln97_7         | seteq     | auto                     | 0       |
|    shl_ln97_1_fu_2937_p2                     |     |        | shl_ln97_1          | shl       | auto_pipe                | 0       |
|    tmp_s_fu_2971_p6                          |     |        | select_ln97_4       | select    | auto_sel                 | 0       |
|    xor_ln97_1_fu_2951_p2                     |     |        | xor_ln97_1          | xor       | auto                     | 0       |
|    and_ln97_2_fu_2957_p2                     |     |        | and_ln97_2          | and       | auto                     | 0       |
|    sparsemux_7_2_32_1_1_U551                 |     |        | tmp_s               | sparsemux | onehotencoding_realdef   | 0       |
|    add_ln97_5_fu_2991_p2                     |     |        | add_ln97_5          | add       | fabric                   | 0       |
|    icmp_ln97_8_fu_2997_p2                    |     |        | icmp_ln97_8         | setgt     | auto                     | 0       |
|    add_ln97_6_fu_3003_p2                     |     |        | add_ln97_6          | add       | fabric                   | 0       |
|    add_ln97_7_fu_3013_p2                     |     |        | add_ln97_7          | add       | fabric                   | 0       |
|    icmp_ln97_9_fu_3027_p2                    |     |        | icmp_ln97_9         | setlt     | auto                     | 0       |
|    xor_ln97_7_fu_3041_p2                     |     |        | xor_ln97_7          | xor       | auto                     | 0       |
|    icmp_ln97_10_fu_3047_p2                   |     |        | icmp_ln97_10        | setlt     | auto                     | 0       |
|    bitselect_1ns_54ns_6ns_1_1_1_U552         |     |        | tobool_i            | bitselect | auto                     | 0       |
|    lD_0_i_fu_3061_p2                         |     |        | lD_0_i              | and       | auto                     | 0       |
|    icmp_ln97_11_fu_3067_p2                   |     |        | icmp_ln97_11        | setlt     | auto                     | 0       |
|    icmp_ln97_12_fu_3073_p2                   |     |        | icmp_ln97_12        | setlt     | auto                     | 0       |
|    lshr_ln97_2_fu_3087_p2                    |     |        | lshr_ln97_2         | lshr      | auto_pipe                | 0       |
|    lshr_ln97_3_fu_3093_p2                    |     |        | lshr_ln97_3         | lshr      | auto_pipe                | 0       |
|    icmp_ln97_13_fu_3099_p2                   |     |        | icmp_ln97_13        | seteq     | auto                     | 0       |
|    xor_ln97_8_fu_3113_p2                     |     |        | xor_ln97_8          | xor       | auto                     | 0       |
|    Range2_all_ones_1_i_fu_3119_p3            |     |        | Range2_all_ones_1_i | select    | auto_sel                 | 0       |
|    deleted_ones_0_i_fu_3219_p4               |     |        | and_ln97_3          | and       | auto                     | 0       |
|    xor_ln97_fu_3133_p2                       |     |        | xor_ln97            | xor       | auto                     | 0       |
|    icmp_ln97_14_fu_3139_p2                   |     |        | icmp_ln97_14        | seteq     | auto                     | 0       |
|    deleted_zeros_0_i_fu_3199_p4              |     |        | and_ln97_4          | and       | auto                     | 0       |
|    icmp_ln97_15_fu_3151_p2                   |     |        | icmp_ln97_15        | seteq     | auto                     | 0       |
|    deleted_zeros_0_i_fu_3199_p6              |     |        | select_ln97_5       | select    | auto_sel                 | 0       |
|    deleted_ones_0_i_fu_3219_p6               |     |        | select_ln97_7       | select    | auto_sel                 | 0       |
|    xor_ln97_5_fu_3173_p2                     |     |        | xor_ln97_5          | xor       | auto                     | 0       |
|    and_ln97_8_fu_3179_p2                     |     |        | and_ln97_8          | and       | auto                     | 0       |
|    and_ln97_9_fu_3185_p2                     |     |        | and_ln97_9          | and       | auto                     | 0       |
|    sparsemux_7_2_1_1_1_U553                  |     |        | deleted_zeros_0_i   | sparsemux | onehotencoding_realdef   | 0       |
|    sparsemux_7_2_1_1_1_U554                  |     |        | deleted_ones_0_i    | sparsemux | onehotencoding_realdef   | 0       |
|    and_ln97_1_fu_3257_p2                     |     |        | and_ln97_1          | or        | auto                     | 0       |
|    neg_src_0_i_fu_3261_p2                    |     |        | neg_src_0_i         | and       | auto                     | 0       |
|    xor_ln97_2_fu_3239_p2                     |     |        | xor_ln97_2          | xor       | auto                     | 0       |
|    or_ln97_fu_3266_p2                        |     |        | or_ln97             | or        | auto                     | 0       |
|    xor_ln97_3_fu_3270_p2                     |     |        | xor_ln97_3          | xor       | auto                     | 0       |
|    and_ln97_5_fu_3275_p2                     |     |        | and_ln97_5          | and       | auto                     | 0       |
|    and_ln97_6_fu_3245_p2                     |     |        | and_ln97_6          | and       | auto                     | 0       |
|    xor_ln97_4_fu_3251_p2                     |     |        | xor_ln97_4          | xor       | auto                     | 0       |
|    and_ln97_7_fu_3281_p2                     |     |        | and_ln97_7          | and       | auto                     | 0       |
|    or_ln97_2_fu_3286_p2                      |     |        | or_ln97_2           | or        | auto                     | 0       |
|    select_ln97_6_fu_3292_p3                  |     |        | select_ln97_6       | select    | auto_sel                 | 0       |
|    mul_32s_32s_64_1_1_U485                   | 4   |        | mul_ln105           | mul       | auto                     | 0       |
|    icmp_ln105_fu_3407_p2                     |     |        | icmp_ln105          | setne     | auto                     | 0       |
|    icmp_ln105_1_fu_3413_p2                   |     |        | icmp_ln105_1        | setne     | auto                     | 0       |
|    or_ln105_fu_3419_p2                       |     |        | or_ln105            | or        | auto                     | 0       |
|    xor_ln105_fu_3425_p2                      |     |        | xor_ln105           | xor       | auto                     | 0       |
|    and_ln105_fu_3431_p2                      |     |        | and_ln105           | and       | auto                     | 0       |
|    xor_ln105_1_fu_3437_p2                    |     |        | xor_ln105_1         | xor       | auto                     | 0       |
|    or_ln105_1_fu_3443_p2                     |     |        | or_ln105_1          | or        | auto                     | 0       |
|    and_ln105_1_fu_3449_p2                    |     |        | and_ln105_1         | and       | auto                     | 0       |
|    select_ln105_fu_3455_p3                   |     |        | select_ln105        | select    | auto_sel                 | 0       |
|    or_ln105_2_fu_3463_p2                     |     |        | or_ln105_2          | or        | auto                     | 0       |
|    select_ln105_1_fu_3469_p3                 |     |        | select_ln105_1      | select    | auto_sel                 | 0       |
|    mul_32s_32s_64_1_1_U486                   | 4   |        | mul_ln105_1         | mul       | auto                     | 0       |
|    icmp_ln105_2_fu_3516_p2                   |     |        | icmp_ln105_2        | setne     | auto                     | 0       |
|    icmp_ln105_3_fu_3522_p2                   |     |        | icmp_ln105_3        | setne     | auto                     | 0       |
|    or_ln105_3_fu_3528_p2                     |     |        | or_ln105_3          | or        | auto                     | 0       |
|    xor_ln105_2_fu_3534_p2                    |     |        | xor_ln105_2         | xor       | auto                     | 0       |
|    and_ln105_2_fu_3540_p2                    |     |        | and_ln105_2         | and       | auto                     | 0       |
|    xor_ln105_3_fu_3546_p2                    |     |        | xor_ln105_3         | xor       | auto                     | 0       |
|    or_ln105_4_fu_3552_p2                     |     |        | or_ln105_4          | or        | auto                     | 0       |
|    and_ln105_3_fu_3558_p2                    |     |        | and_ln105_3         | and       | auto                     | 0       |
|    select_ln105_2_fu_3564_p3                 |     |        | select_ln105_2      | select    | auto_sel                 | 0       |
|    or_ln105_5_fu_3572_p2                     |     |        | or_ln105_5          | or        | auto                     | 0       |
|    select_ln105_3_fu_3578_p3                 |     |        | select_ln105_3      | select    | auto_sel                 | 0       |
|    mul_32s_32s_64_1_1_U487                   | 4   |        | mul_ln105_2         | mul       | auto                     | 0       |
|    icmp_ln105_4_fu_3625_p2                   |     |        | icmp_ln105_4        | setne     | auto                     | 0       |
|    icmp_ln105_5_fu_3631_p2                   |     |        | icmp_ln105_5        | setne     | auto                     | 0       |
|    or_ln105_6_fu_3637_p2                     |     |        | or_ln105_6          | or        | auto                     | 0       |
|    xor_ln105_4_fu_3643_p2                    |     |        | xor_ln105_4         | xor       | auto                     | 0       |
|    and_ln105_4_fu_3649_p2                    |     |        | and_ln105_4         | and       | auto                     | 0       |
|    xor_ln105_5_fu_3655_p2                    |     |        | xor_ln105_5         | xor       | auto                     | 0       |
|    or_ln105_7_fu_3661_p2                     |     |        | or_ln105_7          | or        | auto                     | 0       |
|    and_ln105_5_fu_3667_p2                    |     |        | and_ln105_5         | and       | auto                     | 0       |
|    select_ln105_4_fu_3673_p3                 |     |        | select_ln105_4      | select    | auto_sel                 | 0       |
|    or_ln105_8_fu_3681_p2                     |     |        | or_ln105_8          | or        | auto                     | 0       |
|    select_ln105_5_fu_3687_p3                 |     |        | select_ln105_5      | select    | auto_sel                 | 0       |
|    mul_32s_32s_64_1_1_U488                   | 4   |        | mul_ln105_3         | mul       | auto                     | 0       |
|    icmp_ln105_6_fu_3734_p2                   |     |        | icmp_ln105_6        | setne     | auto                     | 0       |
|    icmp_ln105_7_fu_3740_p2                   |     |        | icmp_ln105_7        | setne     | auto                     | 0       |
|    or_ln105_9_fu_3746_p2                     |     |        | or_ln105_9          | or        | auto                     | 0       |
|    xor_ln105_6_fu_3752_p2                    |     |        | xor_ln105_6         | xor       | auto                     | 0       |
|    and_ln105_6_fu_3758_p2                    |     |        | and_ln105_6         | and       | auto                     | 0       |
|    xor_ln105_7_fu_3764_p2                    |     |        | xor_ln105_7         | xor       | auto                     | 0       |
|    or_ln105_10_fu_3770_p2                    |     |        | or_ln105_10         | or        | auto                     | 0       |
|    and_ln105_7_fu_3776_p2                    |     |        | and_ln105_7         | and       | auto                     | 0       |
|    select_ln105_6_fu_3782_p3                 |     |        | select_ln105_6      | select    | auto_sel                 | 0       |
|    or_ln105_11_fu_3790_p2                    |     |        | or_ln105_11         | or        | auto                     | 0       |
|    select_ln105_7_fu_3796_p3                 |     |        | select_ln105_7      | select    | auto_sel                 | 0       |
|    mul_32s_32s_64_1_1_U489                   | 4   |        | mul_ln105_4         | mul       | auto                     | 0       |
|    icmp_ln105_8_fu_3843_p2                   |     |        | icmp_ln105_8        | setne     | auto                     | 0       |
|    icmp_ln105_9_fu_3849_p2                   |     |        | icmp_ln105_9        | setne     | auto                     | 0       |
|    or_ln105_12_fu_3855_p2                    |     |        | or_ln105_12         | or        | auto                     | 0       |
|    xor_ln105_8_fu_3861_p2                    |     |        | xor_ln105_8         | xor       | auto                     | 0       |
|    and_ln105_8_fu_3867_p2                    |     |        | and_ln105_8         | and       | auto                     | 0       |
|    xor_ln105_9_fu_3873_p2                    |     |        | xor_ln105_9         | xor       | auto                     | 0       |
|    or_ln105_13_fu_3879_p2                    |     |        | or_ln105_13         | or        | auto                     | 0       |
|    and_ln105_9_fu_3885_p2                    |     |        | and_ln105_9         | and       | auto                     | 0       |
|    select_ln105_8_fu_3891_p3                 |     |        | select_ln105_8      | select    | auto_sel                 | 0       |
|    or_ln105_14_fu_3899_p2                    |     |        | or_ln105_14         | or        | auto                     | 0       |
|    select_ln105_9_fu_3905_p3                 |     |        | select_ln105_9      | select    | auto_sel                 | 0       |
|    mul_32s_32s_64_1_1_U490                   | 4   |        | mul_ln105_5         | mul       | auto                     | 0       |
|    icmp_ln105_10_fu_3952_p2                  |     |        | icmp_ln105_10       | setne     | auto                     | 0       |
|    icmp_ln105_11_fu_3958_p2                  |     |        | icmp_ln105_11       | setne     | auto                     | 0       |
|    or_ln105_15_fu_3964_p2                    |     |        | or_ln105_15         | or        | auto                     | 0       |
|    xor_ln105_10_fu_3970_p2                   |     |        | xor_ln105_10        | xor       | auto                     | 0       |
|    and_ln105_10_fu_3976_p2                   |     |        | and_ln105_10        | and       | auto                     | 0       |
|    xor_ln105_11_fu_3982_p2                   |     |        | xor_ln105_11        | xor       | auto                     | 0       |
|    or_ln105_16_fu_3988_p2                    |     |        | or_ln105_16         | or        | auto                     | 0       |
|    and_ln105_11_fu_3994_p2                   |     |        | and_ln105_11        | and       | auto                     | 0       |
|    select_ln105_10_fu_4000_p3                |     |        | select_ln105_10     | select    | auto_sel                 | 0       |
|    or_ln105_17_fu_4008_p2                    |     |        | or_ln105_17         | or        | auto                     | 0       |
|    select_ln105_11_fu_4014_p3                |     |        | select_ln105_11     | select    | auto_sel                 | 0       |
|    mul_32s_32s_64_1_1_U491                   | 4   |        | mul_ln105_6         | mul       | auto                     | 0       |
|    icmp_ln105_12_fu_4061_p2                  |     |        | icmp_ln105_12       | setne     | auto                     | 0       |
|    icmp_ln105_13_fu_4067_p2                  |     |        | icmp_ln105_13       | setne     | auto                     | 0       |
|    or_ln105_18_fu_4073_p2                    |     |        | or_ln105_18         | or        | auto                     | 0       |
|    xor_ln105_12_fu_4079_p2                   |     |        | xor_ln105_12        | xor       | auto                     | 0       |
|    and_ln105_12_fu_4085_p2                   |     |        | and_ln105_12        | and       | auto                     | 0       |
|    xor_ln105_13_fu_4091_p2                   |     |        | xor_ln105_13        | xor       | auto                     | 0       |
|    or_ln105_19_fu_4097_p2                    |     |        | or_ln105_19         | or        | auto                     | 0       |
|    and_ln105_13_fu_4103_p2                   |     |        | and_ln105_13        | and       | auto                     | 0       |
|    select_ln105_12_fu_4109_p3                |     |        | select_ln105_12     | select    | auto_sel                 | 0       |
|    or_ln105_20_fu_4117_p2                    |     |        | or_ln105_20         | or        | auto                     | 0       |
|    select_ln105_13_fu_4123_p3                |     |        | select_ln105_13     | select    | auto_sel                 | 0       |
|    mul_32s_32s_64_1_1_U492                   | 4   |        | mul_ln105_7         | mul       | auto                     | 0       |
|    icmp_ln105_14_fu_4170_p2                  |     |        | icmp_ln105_14       | setne     | auto                     | 0       |
|    icmp_ln105_15_fu_4176_p2                  |     |        | icmp_ln105_15       | setne     | auto                     | 0       |
|    or_ln105_21_fu_4182_p2                    |     |        | or_ln105_21         | or        | auto                     | 0       |
|    xor_ln105_14_fu_4188_p2                   |     |        | xor_ln105_14        | xor       | auto                     | 0       |
|    and_ln105_14_fu_4194_p2                   |     |        | and_ln105_14        | and       | auto                     | 0       |
|    xor_ln105_15_fu_4200_p2                   |     |        | xor_ln105_15        | xor       | auto                     | 0       |
|    or_ln105_22_fu_4206_p2                    |     |        | or_ln105_22         | or        | auto                     | 0       |
|    and_ln105_15_fu_4212_p2                   |     |        | and_ln105_15        | and       | auto                     | 0       |
|    select_ln105_14_fu_4218_p3                |     |        | select_ln105_14     | select    | auto_sel                 | 0       |
|    or_ln105_23_fu_4226_p2                    |     |        | or_ln105_23         | or        | auto                     | 0       |
|    select_ln105_15_fu_4232_p3                |     |        | select_ln105_15     | select    | auto_sel                 | 0       |
|    mul_32s_32s_64_1_1_U493                   | 4   |        | mul_ln105_8         | mul       | auto                     | 0       |
|    icmp_ln105_16_fu_4279_p2                  |     |        | icmp_ln105_16       | setne     | auto                     | 0       |
|    icmp_ln105_17_fu_4285_p2                  |     |        | icmp_ln105_17       | setne     | auto                     | 0       |
|    or_ln105_24_fu_4291_p2                    |     |        | or_ln105_24         | or        | auto                     | 0       |
|    xor_ln105_16_fu_4297_p2                   |     |        | xor_ln105_16        | xor       | auto                     | 0       |
|    and_ln105_16_fu_4303_p2                   |     |        | and_ln105_16        | and       | auto                     | 0       |
|    xor_ln105_17_fu_4309_p2                   |     |        | xor_ln105_17        | xor       | auto                     | 0       |
|    or_ln105_25_fu_4315_p2                    |     |        | or_ln105_25         | or        | auto                     | 0       |
|    and_ln105_17_fu_4321_p2                   |     |        | and_ln105_17        | and       | auto                     | 0       |
|    select_ln105_16_fu_4327_p3                |     |        | select_ln105_16     | select    | auto_sel                 | 0       |
|    or_ln105_26_fu_4335_p2                    |     |        | or_ln105_26         | or        | auto                     | 0       |
|    select_ln105_17_fu_4341_p3                |     |        | select_ln105_17     | select    | auto_sel                 | 0       |
|    mul_32s_32s_64_1_1_U494                   | 4   |        | mul_ln105_9         | mul       | auto                     | 0       |
|    icmp_ln105_18_fu_4388_p2                  |     |        | icmp_ln105_18       | setne     | auto                     | 0       |
|    icmp_ln105_19_fu_4394_p2                  |     |        | icmp_ln105_19       | setne     | auto                     | 0       |
|    or_ln105_27_fu_4400_p2                    |     |        | or_ln105_27         | or        | auto                     | 0       |
|    xor_ln105_18_fu_4406_p2                   |     |        | xor_ln105_18        | xor       | auto                     | 0       |
|    and_ln105_18_fu_4412_p2                   |     |        | and_ln105_18        | and       | auto                     | 0       |
|    xor_ln105_19_fu_4418_p2                   |     |        | xor_ln105_19        | xor       | auto                     | 0       |
|    or_ln105_28_fu_4424_p2                    |     |        | or_ln105_28         | or        | auto                     | 0       |
|    and_ln105_19_fu_4430_p2                   |     |        | and_ln105_19        | and       | auto                     | 0       |
|    select_ln105_18_fu_4436_p3                |     |        | select_ln105_18     | select    | auto_sel                 | 0       |
|    or_ln105_29_fu_4444_p2                    |     |        | or_ln105_29         | or        | auto                     | 0       |
|    select_ln105_19_fu_4450_p3                |     |        | select_ln105_19     | select    | auto_sel                 | 0       |
|    mul_32s_32s_64_1_1_U495                   | 4   |        | mul_ln105_10        | mul       | auto                     | 0       |
|    icmp_ln105_20_fu_4497_p2                  |     |        | icmp_ln105_20       | setne     | auto                     | 0       |
|    icmp_ln105_21_fu_4503_p2                  |     |        | icmp_ln105_21       | setne     | auto                     | 0       |
|    or_ln105_30_fu_4509_p2                    |     |        | or_ln105_30         | or        | auto                     | 0       |
|    xor_ln105_20_fu_4515_p2                   |     |        | xor_ln105_20        | xor       | auto                     | 0       |
|    and_ln105_20_fu_4521_p2                   |     |        | and_ln105_20        | and       | auto                     | 0       |
|    xor_ln105_21_fu_4527_p2                   |     |        | xor_ln105_21        | xor       | auto                     | 0       |
|    or_ln105_31_fu_4533_p2                    |     |        | or_ln105_31         | or        | auto                     | 0       |
|    and_ln105_21_fu_4539_p2                   |     |        | and_ln105_21        | and       | auto                     | 0       |
|    select_ln105_20_fu_4545_p3                |     |        | select_ln105_20     | select    | auto_sel                 | 0       |
|    or_ln105_32_fu_4553_p2                    |     |        | or_ln105_32         | or        | auto                     | 0       |
|    select_ln105_21_fu_4559_p3                |     |        | select_ln105_21     | select    | auto_sel                 | 0       |
|    mul_32s_32s_64_1_1_U496                   | 4   |        | mul_ln105_11        | mul       | auto                     | 0       |
|    icmp_ln105_22_fu_4606_p2                  |     |        | icmp_ln105_22       | setne     | auto                     | 0       |
|    icmp_ln105_23_fu_4612_p2                  |     |        | icmp_ln105_23       | setne     | auto                     | 0       |
|    or_ln105_33_fu_4618_p2                    |     |        | or_ln105_33         | or        | auto                     | 0       |
|    xor_ln105_22_fu_4624_p2                   |     |        | xor_ln105_22        | xor       | auto                     | 0       |
|    and_ln105_22_fu_4630_p2                   |     |        | and_ln105_22        | and       | auto                     | 0       |
|    xor_ln105_23_fu_4636_p2                   |     |        | xor_ln105_23        | xor       | auto                     | 0       |
|    or_ln105_34_fu_4642_p2                    |     |        | or_ln105_34         | or        | auto                     | 0       |
|    and_ln105_23_fu_4648_p2                   |     |        | and_ln105_23        | and       | auto                     | 0       |
|    select_ln105_22_fu_4654_p3                |     |        | select_ln105_22     | select    | auto_sel                 | 0       |
|    or_ln105_35_fu_4662_p2                    |     |        | or_ln105_35         | or        | auto                     | 0       |
|    select_ln105_23_fu_4668_p3                |     |        | select_ln105_23     | select    | auto_sel                 | 0       |
|    mul_32s_32s_64_1_1_U497                   | 4   |        | mul_ln105_12        | mul       | auto                     | 0       |
|    icmp_ln105_24_fu_4715_p2                  |     |        | icmp_ln105_24       | setne     | auto                     | 0       |
|    icmp_ln105_25_fu_4721_p2                  |     |        | icmp_ln105_25       | setne     | auto                     | 0       |
|    or_ln105_36_fu_4727_p2                    |     |        | or_ln105_36         | or        | auto                     | 0       |
|    xor_ln105_24_fu_4733_p2                   |     |        | xor_ln105_24        | xor       | auto                     | 0       |
|    and_ln105_24_fu_4739_p2                   |     |        | and_ln105_24        | and       | auto                     | 0       |
|    xor_ln105_25_fu_4745_p2                   |     |        | xor_ln105_25        | xor       | auto                     | 0       |
|    or_ln105_37_fu_4751_p2                    |     |        | or_ln105_37         | or        | auto                     | 0       |
|    and_ln105_25_fu_4757_p2                   |     |        | and_ln105_25        | and       | auto                     | 0       |
|    select_ln105_24_fu_4763_p3                |     |        | select_ln105_24     | select    | auto_sel                 | 0       |
|    or_ln105_38_fu_4771_p2                    |     |        | or_ln105_38         | or        | auto                     | 0       |
|    select_ln105_25_fu_4777_p3                |     |        | select_ln105_25     | select    | auto_sel                 | 0       |
|    mul_32s_32s_64_1_1_U498                   | 4   |        | mul_ln105_13        | mul       | auto                     | 0       |
|    icmp_ln105_26_fu_4824_p2                  |     |        | icmp_ln105_26       | setne     | auto                     | 0       |
|    icmp_ln105_27_fu_4830_p2                  |     |        | icmp_ln105_27       | setne     | auto                     | 0       |
|    or_ln105_39_fu_4836_p2                    |     |        | or_ln105_39         | or        | auto                     | 0       |
|    xor_ln105_26_fu_4842_p2                   |     |        | xor_ln105_26        | xor       | auto                     | 0       |
|    and_ln105_26_fu_4848_p2                   |     |        | and_ln105_26        | and       | auto                     | 0       |
|    xor_ln105_27_fu_4854_p2                   |     |        | xor_ln105_27        | xor       | auto                     | 0       |
|    or_ln105_40_fu_4860_p2                    |     |        | or_ln105_40         | or        | auto                     | 0       |
|    and_ln105_27_fu_4866_p2                   |     |        | and_ln105_27        | and       | auto                     | 0       |
|    select_ln105_26_fu_4872_p3                |     |        | select_ln105_26     | select    | auto_sel                 | 0       |
|    or_ln105_41_fu_4880_p2                    |     |        | or_ln105_41         | or        | auto                     | 0       |
|    select_ln105_27_fu_4886_p3                |     |        | select_ln105_27     | select    | auto_sel                 | 0       |
|    mul_32s_32s_64_1_1_U499                   | 4   |        | mul_ln105_14        | mul       | auto                     | 0       |
|    icmp_ln105_28_fu_4933_p2                  |     |        | icmp_ln105_28       | setne     | auto                     | 0       |
|    icmp_ln105_29_fu_4939_p2                  |     |        | icmp_ln105_29       | setne     | auto                     | 0       |
|    or_ln105_42_fu_4945_p2                    |     |        | or_ln105_42         | or        | auto                     | 0       |
|    xor_ln105_28_fu_4951_p2                   |     |        | xor_ln105_28        | xor       | auto                     | 0       |
|    and_ln105_28_fu_4957_p2                   |     |        | and_ln105_28        | and       | auto                     | 0       |
|    xor_ln105_29_fu_4963_p2                   |     |        | xor_ln105_29        | xor       | auto                     | 0       |
|    or_ln105_43_fu_4969_p2                    |     |        | or_ln105_43         | or        | auto                     | 0       |
|    and_ln105_29_fu_4975_p2                   |     |        | and_ln105_29        | and       | auto                     | 0       |
|    select_ln105_28_fu_4981_p3                |     |        | select_ln105_28     | select    | auto_sel                 | 0       |
|    or_ln105_44_fu_4989_p2                    |     |        | or_ln105_44         | or        | auto                     | 0       |
|    select_ln105_29_fu_4995_p3                |     |        | select_ln105_29     | select    | auto_sel                 | 0       |
|    mul_32s_32s_64_1_1_U500                   | 4   |        | mul_ln105_15        | mul       | auto                     | 0       |
|    icmp_ln105_30_fu_5042_p2                  |     |        | icmp_ln105_30       | setne     | auto                     | 0       |
|    icmp_ln105_31_fu_5048_p2                  |     |        | icmp_ln105_31       | setne     | auto                     | 0       |
|    or_ln105_45_fu_5054_p2                    |     |        | or_ln105_45         | or        | auto                     | 0       |
|    xor_ln105_30_fu_5060_p2                   |     |        | xor_ln105_30        | xor       | auto                     | 0       |
|    and_ln105_30_fu_5066_p2                   |     |        | and_ln105_30        | and       | auto                     | 0       |
|    xor_ln105_31_fu_5072_p2                   |     |        | xor_ln105_31        | xor       | auto                     | 0       |
|    or_ln105_46_fu_5078_p2                    |     |        | or_ln105_46         | or        | auto                     | 0       |
|    and_ln105_31_fu_5084_p2                   |     |        | and_ln105_31        | and       | auto                     | 0       |
|    select_ln105_30_fu_5090_p3                |     |        | select_ln105_30     | select    | auto_sel                 | 0       |
|    or_ln105_47_fu_5098_p2                    |     |        | or_ln105_47         | or        | auto                     | 0       |
|    select_ln105_31_fu_5104_p3                |     |        | select_ln105_31     | select    | auto_sel                 | 0       |
|    mul_32s_32s_64_1_1_U501                   | 4   |        | mul_ln105_16        | mul       | auto                     | 0       |
|    icmp_ln105_32_fu_5151_p2                  |     |        | icmp_ln105_32       | setne     | auto                     | 0       |
|    icmp_ln105_33_fu_5157_p2                  |     |        | icmp_ln105_33       | setne     | auto                     | 0       |
|    or_ln105_48_fu_5163_p2                    |     |        | or_ln105_48         | or        | auto                     | 0       |
|    xor_ln105_32_fu_5169_p2                   |     |        | xor_ln105_32        | xor       | auto                     | 0       |
|    and_ln105_32_fu_5175_p2                   |     |        | and_ln105_32        | and       | auto                     | 0       |
|    xor_ln105_33_fu_5181_p2                   |     |        | xor_ln105_33        | xor       | auto                     | 0       |
|    or_ln105_49_fu_5187_p2                    |     |        | or_ln105_49         | or        | auto                     | 0       |
|    and_ln105_33_fu_5193_p2                   |     |        | and_ln105_33        | and       | auto                     | 0       |
|    select_ln105_32_fu_5199_p3                |     |        | select_ln105_32     | select    | auto_sel                 | 0       |
|    or_ln105_50_fu_5207_p2                    |     |        | or_ln105_50         | or        | auto                     | 0       |
|    select_ln105_33_fu_5213_p3                |     |        | select_ln105_33     | select    | auto_sel                 | 0       |
|    mul_32s_32s_64_1_1_U502                   | 4   |        | mul_ln105_17        | mul       | auto                     | 0       |
|    icmp_ln105_34_fu_5260_p2                  |     |        | icmp_ln105_34       | setne     | auto                     | 0       |
|    icmp_ln105_35_fu_5266_p2                  |     |        | icmp_ln105_35       | setne     | auto                     | 0       |
|    or_ln105_51_fu_5272_p2                    |     |        | or_ln105_51         | or        | auto                     | 0       |
|    xor_ln105_34_fu_5278_p2                   |     |        | xor_ln105_34        | xor       | auto                     | 0       |
|    and_ln105_34_fu_5284_p2                   |     |        | and_ln105_34        | and       | auto                     | 0       |
|    xor_ln105_35_fu_5290_p2                   |     |        | xor_ln105_35        | xor       | auto                     | 0       |
|    or_ln105_52_fu_5296_p2                    |     |        | or_ln105_52         | or        | auto                     | 0       |
|    and_ln105_35_fu_5302_p2                   |     |        | and_ln105_35        | and       | auto                     | 0       |
|    select_ln105_34_fu_5308_p3                |     |        | select_ln105_34     | select    | auto_sel                 | 0       |
|    or_ln105_53_fu_5316_p2                    |     |        | or_ln105_53         | or        | auto                     | 0       |
|    select_ln105_35_fu_5322_p3                |     |        | select_ln105_35     | select    | auto_sel                 | 0       |
|    mul_32s_32s_64_1_1_U503                   | 4   |        | mul_ln105_18        | mul       | auto                     | 0       |
|    icmp_ln105_36_fu_5369_p2                  |     |        | icmp_ln105_36       | setne     | auto                     | 0       |
|    icmp_ln105_37_fu_5375_p2                  |     |        | icmp_ln105_37       | setne     | auto                     | 0       |
|    or_ln105_54_fu_5381_p2                    |     |        | or_ln105_54         | or        | auto                     | 0       |
|    xor_ln105_36_fu_5387_p2                   |     |        | xor_ln105_36        | xor       | auto                     | 0       |
|    and_ln105_36_fu_5393_p2                   |     |        | and_ln105_36        | and       | auto                     | 0       |
|    xor_ln105_37_fu_5399_p2                   |     |        | xor_ln105_37        | xor       | auto                     | 0       |
|    or_ln105_55_fu_5405_p2                    |     |        | or_ln105_55         | or        | auto                     | 0       |
|    and_ln105_37_fu_5411_p2                   |     |        | and_ln105_37        | and       | auto                     | 0       |
|    select_ln105_36_fu_5417_p3                |     |        | select_ln105_36     | select    | auto_sel                 | 0       |
|    or_ln105_56_fu_5425_p2                    |     |        | or_ln105_56         | or        | auto                     | 0       |
|    select_ln105_37_fu_5431_p3                |     |        | select_ln105_37     | select    | auto_sel                 | 0       |
|    mul_32s_32s_64_1_1_U504                   | 4   |        | mul_ln105_19        | mul       | auto                     | 0       |
|    icmp_ln105_38_fu_5478_p2                  |     |        | icmp_ln105_38       | setne     | auto                     | 0       |
|    icmp_ln105_39_fu_5484_p2                  |     |        | icmp_ln105_39       | setne     | auto                     | 0       |
|    or_ln105_57_fu_5490_p2                    |     |        | or_ln105_57         | or        | auto                     | 0       |
|    xor_ln105_38_fu_5496_p2                   |     |        | xor_ln105_38        | xor       | auto                     | 0       |
|    and_ln105_38_fu_5502_p2                   |     |        | and_ln105_38        | and       | auto                     | 0       |
|    xor_ln105_39_fu_5508_p2                   |     |        | xor_ln105_39        | xor       | auto                     | 0       |
|    or_ln105_58_fu_5514_p2                    |     |        | or_ln105_58         | or        | auto                     | 0       |
|    and_ln105_39_fu_5520_p2                   |     |        | and_ln105_39        | and       | auto                     | 0       |
|    select_ln105_38_fu_5526_p3                |     |        | select_ln105_38     | select    | auto_sel                 | 0       |
|    or_ln105_59_fu_5534_p2                    |     |        | or_ln105_59         | or        | auto                     | 0       |
|    select_ln105_39_fu_5540_p3                |     |        | select_ln105_39     | select    | auto_sel                 | 0       |
|    mul_32s_32s_64_1_1_U505                   | 4   |        | mul_ln105_20        | mul       | auto                     | 0       |
|    icmp_ln105_40_fu_5587_p2                  |     |        | icmp_ln105_40       | setne     | auto                     | 0       |
|    icmp_ln105_41_fu_5593_p2                  |     |        | icmp_ln105_41       | setne     | auto                     | 0       |
|    or_ln105_60_fu_5599_p2                    |     |        | or_ln105_60         | or        | auto                     | 0       |
|    xor_ln105_40_fu_5605_p2                   |     |        | xor_ln105_40        | xor       | auto                     | 0       |
|    and_ln105_40_fu_5611_p2                   |     |        | and_ln105_40        | and       | auto                     | 0       |
|    xor_ln105_41_fu_5617_p2                   |     |        | xor_ln105_41        | xor       | auto                     | 0       |
|    or_ln105_61_fu_5623_p2                    |     |        | or_ln105_61         | or        | auto                     | 0       |
|    and_ln105_41_fu_5629_p2                   |     |        | and_ln105_41        | and       | auto                     | 0       |
|    select_ln105_40_fu_5635_p3                |     |        | select_ln105_40     | select    | auto_sel                 | 0       |
|    or_ln105_62_fu_5643_p2                    |     |        | or_ln105_62         | or        | auto                     | 0       |
|    select_ln105_41_fu_5649_p3                |     |        | select_ln105_41     | select    | auto_sel                 | 0       |
|    mul_32s_32s_64_1_1_U506                   | 4   |        | mul_ln105_21        | mul       | auto                     | 0       |
|    icmp_ln105_42_fu_5696_p2                  |     |        | icmp_ln105_42       | setne     | auto                     | 0       |
|    icmp_ln105_43_fu_5702_p2                  |     |        | icmp_ln105_43       | setne     | auto                     | 0       |
|    or_ln105_63_fu_5708_p2                    |     |        | or_ln105_63         | or        | auto                     | 0       |
|    xor_ln105_42_fu_5714_p2                   |     |        | xor_ln105_42        | xor       | auto                     | 0       |
|    and_ln105_42_fu_5720_p2                   |     |        | and_ln105_42        | and       | auto                     | 0       |
|    xor_ln105_43_fu_5726_p2                   |     |        | xor_ln105_43        | xor       | auto                     | 0       |
|    or_ln105_64_fu_5732_p2                    |     |        | or_ln105_64         | or        | auto                     | 0       |
|    and_ln105_43_fu_5738_p2                   |     |        | and_ln105_43        | and       | auto                     | 0       |
|    select_ln105_42_fu_5744_p3                |     |        | select_ln105_42     | select    | auto_sel                 | 0       |
|    or_ln105_65_fu_5752_p2                    |     |        | or_ln105_65         | or        | auto                     | 0       |
|    select_ln105_43_fu_5758_p3                |     |        | select_ln105_43     | select    | auto_sel                 | 0       |
|    mul_32s_32s_64_1_1_U507                   | 4   |        | mul_ln105_22        | mul       | auto                     | 0       |
|    icmp_ln105_44_fu_5805_p2                  |     |        | icmp_ln105_44       | setne     | auto                     | 0       |
|    icmp_ln105_45_fu_5811_p2                  |     |        | icmp_ln105_45       | setne     | auto                     | 0       |
|    or_ln105_66_fu_5817_p2                    |     |        | or_ln105_66         | or        | auto                     | 0       |
|    xor_ln105_44_fu_5823_p2                   |     |        | xor_ln105_44        | xor       | auto                     | 0       |
|    and_ln105_44_fu_5829_p2                   |     |        | and_ln105_44        | and       | auto                     | 0       |
|    xor_ln105_45_fu_5835_p2                   |     |        | xor_ln105_45        | xor       | auto                     | 0       |
|    or_ln105_67_fu_5841_p2                    |     |        | or_ln105_67         | or        | auto                     | 0       |
|    and_ln105_45_fu_5847_p2                   |     |        | and_ln105_45        | and       | auto                     | 0       |
|    select_ln105_44_fu_5853_p3                |     |        | select_ln105_44     | select    | auto_sel                 | 0       |
|    or_ln105_68_fu_5861_p2                    |     |        | or_ln105_68         | or        | auto                     | 0       |
|    select_ln105_45_fu_5867_p3                |     |        | select_ln105_45     | select    | auto_sel                 | 0       |
|    mul_32s_32s_64_1_1_U508                   | 4   |        | mul_ln105_23        | mul       | auto                     | 0       |
|    icmp_ln105_46_fu_5914_p2                  |     |        | icmp_ln105_46       | setne     | auto                     | 0       |
|    icmp_ln105_47_fu_5920_p2                  |     |        | icmp_ln105_47       | setne     | auto                     | 0       |
|    or_ln105_69_fu_5926_p2                    |     |        | or_ln105_69         | or        | auto                     | 0       |
|    xor_ln105_46_fu_5932_p2                   |     |        | xor_ln105_46        | xor       | auto                     | 0       |
|    and_ln105_46_fu_5938_p2                   |     |        | and_ln105_46        | and       | auto                     | 0       |
|    xor_ln105_47_fu_5944_p2                   |     |        | xor_ln105_47        | xor       | auto                     | 0       |
|    or_ln105_70_fu_5950_p2                    |     |        | or_ln105_70         | or        | auto                     | 0       |
|    and_ln105_47_fu_5956_p2                   |     |        | and_ln105_47        | and       | auto                     | 0       |
|    select_ln105_46_fu_5962_p3                |     |        | select_ln105_46     | select    | auto_sel                 | 0       |
|    or_ln105_71_fu_5970_p2                    |     |        | or_ln105_71         | or        | auto                     | 0       |
|    select_ln105_47_fu_5976_p3                |     |        | select_ln105_47     | select    | auto_sel                 | 0       |
|    mul_32s_32s_64_1_1_U509                   | 4   |        | mul_ln105_24        | mul       | auto                     | 0       |
|    icmp_ln105_48_fu_6023_p2                  |     |        | icmp_ln105_48       | setne     | auto                     | 0       |
|    icmp_ln105_49_fu_6029_p2                  |     |        | icmp_ln105_49       | setne     | auto                     | 0       |
|    or_ln105_72_fu_6035_p2                    |     |        | or_ln105_72         | or        | auto                     | 0       |
|    xor_ln105_48_fu_6041_p2                   |     |        | xor_ln105_48        | xor       | auto                     | 0       |
|    and_ln105_48_fu_6047_p2                   |     |        | and_ln105_48        | and       | auto                     | 0       |
|    xor_ln105_49_fu_6053_p2                   |     |        | xor_ln105_49        | xor       | auto                     | 0       |
|    or_ln105_73_fu_6059_p2                    |     |        | or_ln105_73         | or        | auto                     | 0       |
|    and_ln105_49_fu_6065_p2                   |     |        | and_ln105_49        | and       | auto                     | 0       |
|    select_ln105_48_fu_6071_p3                |     |        | select_ln105_48     | select    | auto_sel                 | 0       |
|    or_ln105_74_fu_6079_p2                    |     |        | or_ln105_74         | or        | auto                     | 0       |
|    select_ln105_49_fu_6085_p3                |     |        | select_ln105_49     | select    | auto_sel                 | 0       |
|    mul_32s_32s_64_1_1_U510                   | 4   |        | mul_ln105_25        | mul       | auto                     | 0       |
|    icmp_ln105_50_fu_6132_p2                  |     |        | icmp_ln105_50       | setne     | auto                     | 0       |
|    icmp_ln105_51_fu_6138_p2                  |     |        | icmp_ln105_51       | setne     | auto                     | 0       |
|    or_ln105_75_fu_6144_p2                    |     |        | or_ln105_75         | or        | auto                     | 0       |
|    xor_ln105_50_fu_6150_p2                   |     |        | xor_ln105_50        | xor       | auto                     | 0       |
|    and_ln105_50_fu_6156_p2                   |     |        | and_ln105_50        | and       | auto                     | 0       |
|    xor_ln105_51_fu_6162_p2                   |     |        | xor_ln105_51        | xor       | auto                     | 0       |
|    or_ln105_76_fu_6168_p2                    |     |        | or_ln105_76         | or        | auto                     | 0       |
|    and_ln105_51_fu_6174_p2                   |     |        | and_ln105_51        | and       | auto                     | 0       |
|    select_ln105_50_fu_6180_p3                |     |        | select_ln105_50     | select    | auto_sel                 | 0       |
|    or_ln105_77_fu_6188_p2                    |     |        | or_ln105_77         | or        | auto                     | 0       |
|    select_ln105_51_fu_6194_p3                |     |        | select_ln105_51     | select    | auto_sel                 | 0       |
|    mul_32s_32s_64_1_1_U511                   | 4   |        | mul_ln105_26        | mul       | auto                     | 0       |
|    icmp_ln105_52_fu_6241_p2                  |     |        | icmp_ln105_52       | setne     | auto                     | 0       |
|    icmp_ln105_53_fu_6247_p2                  |     |        | icmp_ln105_53       | setne     | auto                     | 0       |
|    or_ln105_78_fu_6253_p2                    |     |        | or_ln105_78         | or        | auto                     | 0       |
|    xor_ln105_52_fu_6259_p2                   |     |        | xor_ln105_52        | xor       | auto                     | 0       |
|    and_ln105_52_fu_6265_p2                   |     |        | and_ln105_52        | and       | auto                     | 0       |
|    xor_ln105_53_fu_6271_p2                   |     |        | xor_ln105_53        | xor       | auto                     | 0       |
|    or_ln105_79_fu_6277_p2                    |     |        | or_ln105_79         | or        | auto                     | 0       |
|    and_ln105_53_fu_6283_p2                   |     |        | and_ln105_53        | and       | auto                     | 0       |
|    select_ln105_52_fu_6289_p3                |     |        | select_ln105_52     | select    | auto_sel                 | 0       |
|    or_ln105_80_fu_6297_p2                    |     |        | or_ln105_80         | or        | auto                     | 0       |
|    select_ln105_53_fu_6303_p3                |     |        | select_ln105_53     | select    | auto_sel                 | 0       |
|    mul_32s_32s_64_1_1_U512                   | 4   |        | mul_ln105_27        | mul       | auto                     | 0       |
|    icmp_ln105_54_fu_6350_p2                  |     |        | icmp_ln105_54       | setne     | auto                     | 0       |
|    icmp_ln105_55_fu_6356_p2                  |     |        | icmp_ln105_55       | setne     | auto                     | 0       |
|    or_ln105_81_fu_6362_p2                    |     |        | or_ln105_81         | or        | auto                     | 0       |
|    xor_ln105_54_fu_6368_p2                   |     |        | xor_ln105_54        | xor       | auto                     | 0       |
|    and_ln105_54_fu_6374_p2                   |     |        | and_ln105_54        | and       | auto                     | 0       |
|    xor_ln105_55_fu_6380_p2                   |     |        | xor_ln105_55        | xor       | auto                     | 0       |
|    or_ln105_82_fu_6386_p2                    |     |        | or_ln105_82         | or        | auto                     | 0       |
|    and_ln105_55_fu_6392_p2                   |     |        | and_ln105_55        | and       | auto                     | 0       |
|    select_ln105_54_fu_6398_p3                |     |        | select_ln105_54     | select    | auto_sel                 | 0       |
|    or_ln105_83_fu_6406_p2                    |     |        | or_ln105_83         | or        | auto                     | 0       |
|    select_ln105_55_fu_6412_p3                |     |        | select_ln105_55     | select    | auto_sel                 | 0       |
|    mul_32s_32s_64_1_1_U513                   | 4   |        | mul_ln105_28        | mul       | auto                     | 0       |
|    icmp_ln105_56_fu_6459_p2                  |     |        | icmp_ln105_56       | setne     | auto                     | 0       |
|    icmp_ln105_57_fu_6465_p2                  |     |        | icmp_ln105_57       | setne     | auto                     | 0       |
|    or_ln105_84_fu_6471_p2                    |     |        | or_ln105_84         | or        | auto                     | 0       |
|    xor_ln105_56_fu_6477_p2                   |     |        | xor_ln105_56        | xor       | auto                     | 0       |
|    and_ln105_56_fu_6483_p2                   |     |        | and_ln105_56        | and       | auto                     | 0       |
|    xor_ln105_57_fu_6489_p2                   |     |        | xor_ln105_57        | xor       | auto                     | 0       |
|    or_ln105_85_fu_6495_p2                    |     |        | or_ln105_85         | or        | auto                     | 0       |
|    and_ln105_57_fu_6501_p2                   |     |        | and_ln105_57        | and       | auto                     | 0       |
|    select_ln105_56_fu_6507_p3                |     |        | select_ln105_56     | select    | auto_sel                 | 0       |
|    or_ln105_86_fu_6515_p2                    |     |        | or_ln105_86         | or        | auto                     | 0       |
|    select_ln105_57_fu_6521_p3                |     |        | select_ln105_57     | select    | auto_sel                 | 0       |
|    mul_32s_32s_64_1_1_U514                   | 4   |        | mul_ln105_29        | mul       | auto                     | 0       |
|    icmp_ln105_58_fu_6568_p2                  |     |        | icmp_ln105_58       | setne     | auto                     | 0       |
|    icmp_ln105_59_fu_6574_p2                  |     |        | icmp_ln105_59       | setne     | auto                     | 0       |
|    or_ln105_87_fu_6580_p2                    |     |        | or_ln105_87         | or        | auto                     | 0       |
|    xor_ln105_58_fu_6586_p2                   |     |        | xor_ln105_58        | xor       | auto                     | 0       |
|    and_ln105_58_fu_6592_p2                   |     |        | and_ln105_58        | and       | auto                     | 0       |
|    xor_ln105_59_fu_6598_p2                   |     |        | xor_ln105_59        | xor       | auto                     | 0       |
|    or_ln105_88_fu_6604_p2                    |     |        | or_ln105_88         | or        | auto                     | 0       |
|    and_ln105_59_fu_6610_p2                   |     |        | and_ln105_59        | and       | auto                     | 0       |
|    select_ln105_58_fu_6616_p3                |     |        | select_ln105_58     | select    | auto_sel                 | 0       |
|    or_ln105_89_fu_6624_p2                    |     |        | or_ln105_89         | or        | auto                     | 0       |
|    select_ln105_59_fu_6630_p3                |     |        | select_ln105_59     | select    | auto_sel                 | 0       |
|    mul_32s_32s_64_1_1_U515                   | 4   |        | mul_ln105_30        | mul       | auto                     | 0       |
|    icmp_ln105_60_fu_6677_p2                  |     |        | icmp_ln105_60       | setne     | auto                     | 0       |
|    icmp_ln105_61_fu_6683_p2                  |     |        | icmp_ln105_61       | setne     | auto                     | 0       |
|    or_ln105_90_fu_6689_p2                    |     |        | or_ln105_90         | or        | auto                     | 0       |
|    xor_ln105_60_fu_6695_p2                   |     |        | xor_ln105_60        | xor       | auto                     | 0       |
|    and_ln105_60_fu_6701_p2                   |     |        | and_ln105_60        | and       | auto                     | 0       |
|    xor_ln105_61_fu_6707_p2                   |     |        | xor_ln105_61        | xor       | auto                     | 0       |
|    or_ln105_91_fu_6713_p2                    |     |        | or_ln105_91         | or        | auto                     | 0       |
|    and_ln105_61_fu_6719_p2                   |     |        | and_ln105_61        | and       | auto                     | 0       |
|    select_ln105_60_fu_6725_p3                |     |        | select_ln105_60     | select    | auto_sel                 | 0       |
|    or_ln105_92_fu_6733_p2                    |     |        | or_ln105_92         | or        | auto                     | 0       |
|    select_ln105_61_fu_6739_p3                |     |        | select_ln105_61     | select    | auto_sel                 | 0       |
|    mul_32s_32s_64_1_1_U516                   | 4   |        | mul_ln105_31        | mul       | auto                     | 0       |
|    icmp_ln105_62_fu_6786_p2                  |     |        | icmp_ln105_62       | setne     | auto                     | 0       |
|    icmp_ln105_63_fu_6792_p2                  |     |        | icmp_ln105_63       | setne     | auto                     | 0       |
|    or_ln105_93_fu_6798_p2                    |     |        | or_ln105_93         | or        | auto                     | 0       |
|    xor_ln105_62_fu_6804_p2                   |     |        | xor_ln105_62        | xor       | auto                     | 0       |
|    and_ln105_62_fu_6810_p2                   |     |        | and_ln105_62        | and       | auto                     | 0       |
|    xor_ln105_63_fu_6816_p2                   |     |        | xor_ln105_63        | xor       | auto                     | 0       |
|    or_ln105_94_fu_6822_p2                    |     |        | or_ln105_94         | or        | auto                     | 0       |
|    and_ln105_63_fu_6828_p2                   |     |        | and_ln105_63        | and       | auto                     | 0       |
|    select_ln105_62_fu_6834_p3                |     |        | select_ln105_62     | select    | auto_sel                 | 0       |
|    or_ln105_95_fu_6842_p2                    |     |        | or_ln105_95         | or        | auto                     | 0       |
|    select_ln105_63_fu_6848_p3                |     |        | select_ln105_63     | select    | auto_sel                 | 0       |
|    mul_32s_32s_64_1_1_U517                   | 4   |        | mul_ln105_32        | mul       | auto                     | 0       |
|    icmp_ln105_64_fu_6895_p2                  |     |        | icmp_ln105_64       | setne     | auto                     | 0       |
|    icmp_ln105_65_fu_6901_p2                  |     |        | icmp_ln105_65       | setne     | auto                     | 0       |
|    or_ln105_96_fu_6907_p2                    |     |        | or_ln105_96         | or        | auto                     | 0       |
|    xor_ln105_64_fu_6913_p2                   |     |        | xor_ln105_64        | xor       | auto                     | 0       |
|    and_ln105_64_fu_6919_p2                   |     |        | and_ln105_64        | and       | auto                     | 0       |
|    xor_ln105_65_fu_6925_p2                   |     |        | xor_ln105_65        | xor       | auto                     | 0       |
|    or_ln105_97_fu_6931_p2                    |     |        | or_ln105_97         | or        | auto                     | 0       |
|    and_ln105_65_fu_6937_p2                   |     |        | and_ln105_65        | and       | auto                     | 0       |
|    select_ln105_64_fu_6943_p3                |     |        | select_ln105_64     | select    | auto_sel                 | 0       |
|    or_ln105_98_fu_6951_p2                    |     |        | or_ln105_98         | or        | auto                     | 0       |
|    select_ln105_65_fu_6957_p3                |     |        | select_ln105_65     | select    | auto_sel                 | 0       |
|    mul_32s_32s_64_1_1_U518                   | 4   |        | mul_ln105_33        | mul       | auto                     | 0       |
|    icmp_ln105_66_fu_7003_p2                  |     |        | icmp_ln105_66       | setne     | auto                     | 0       |
|    icmp_ln105_67_fu_7009_p2                  |     |        | icmp_ln105_67       | setne     | auto                     | 0       |
|    or_ln105_99_fu_7015_p2                    |     |        | or_ln105_99         | or        | auto                     | 0       |
|    xor_ln105_66_fu_7021_p2                   |     |        | xor_ln105_66        | xor       | auto                     | 0       |
|    and_ln105_66_fu_7027_p2                   |     |        | and_ln105_66        | and       | auto                     | 0       |
|    xor_ln105_67_fu_7033_p2                   |     |        | xor_ln105_67        | xor       | auto                     | 0       |
|    or_ln105_100_fu_7039_p2                   |     |        | or_ln105_100        | or        | auto                     | 0       |
|    and_ln105_67_fu_7045_p2                   |     |        | and_ln105_67        | and       | auto                     | 0       |
|    select_ln105_66_fu_7051_p3                |     |        | select_ln105_66     | select    | auto_sel                 | 0       |
|    or_ln105_101_fu_7059_p2                   |     |        | or_ln105_101        | or        | auto                     | 0       |
|    select_ln105_67_fu_7065_p3                |     |        | select_ln105_67     | select    | auto_sel                 | 0       |
|    mul_32s_32s_64_1_1_U519                   | 4   |        | mul_ln105_34        | mul       | auto                     | 0       |
|    icmp_ln105_68_fu_7111_p2                  |     |        | icmp_ln105_68       | setne     | auto                     | 0       |
|    icmp_ln105_69_fu_7117_p2                  |     |        | icmp_ln105_69       | setne     | auto                     | 0       |
|    or_ln105_102_fu_7123_p2                   |     |        | or_ln105_102        | or        | auto                     | 0       |
|    xor_ln105_68_fu_7129_p2                   |     |        | xor_ln105_68        | xor       | auto                     | 0       |
|    and_ln105_68_fu_7135_p2                   |     |        | and_ln105_68        | and       | auto                     | 0       |
|    xor_ln105_69_fu_7141_p2                   |     |        | xor_ln105_69        | xor       | auto                     | 0       |
|    or_ln105_103_fu_7147_p2                   |     |        | or_ln105_103        | or        | auto                     | 0       |
|    and_ln105_69_fu_7153_p2                   |     |        | and_ln105_69        | and       | auto                     | 0       |
|    select_ln105_68_fu_7159_p3                |     |        | select_ln105_68     | select    | auto_sel                 | 0       |
|    or_ln105_104_fu_7167_p2                   |     |        | or_ln105_104        | or        | auto                     | 0       |
|    select_ln105_69_fu_7173_p3                |     |        | select_ln105_69     | select    | auto_sel                 | 0       |
|    mul_32s_32s_64_1_1_U520                   | 4   |        | mul_ln105_35        | mul       | auto                     | 0       |
|    icmp_ln105_70_fu_7219_p2                  |     |        | icmp_ln105_70       | setne     | auto                     | 0       |
|    icmp_ln105_71_fu_7225_p2                  |     |        | icmp_ln105_71       | setne     | auto                     | 0       |
|    or_ln105_105_fu_7231_p2                   |     |        | or_ln105_105        | or        | auto                     | 0       |
|    xor_ln105_70_fu_7237_p2                   |     |        | xor_ln105_70        | xor       | auto                     | 0       |
|    and_ln105_70_fu_7243_p2                   |     |        | and_ln105_70        | and       | auto                     | 0       |
|    xor_ln105_71_fu_7249_p2                   |     |        | xor_ln105_71        | xor       | auto                     | 0       |
|    or_ln105_106_fu_7255_p2                   |     |        | or_ln105_106        | or        | auto                     | 0       |
|    and_ln105_71_fu_7261_p2                   |     |        | and_ln105_71        | and       | auto                     | 0       |
|    select_ln105_70_fu_7267_p3                |     |        | select_ln105_70     | select    | auto_sel                 | 0       |
|    or_ln105_107_fu_7275_p2                   |     |        | or_ln105_107        | or        | auto                     | 0       |
|    select_ln105_71_fu_7281_p3                |     |        | select_ln105_71     | select    | auto_sel                 | 0       |
|    mul_32s_32s_64_1_1_U521                   | 4   |        | mul_ln105_36        | mul       | auto                     | 0       |
|    icmp_ln105_72_fu_7327_p2                  |     |        | icmp_ln105_72       | setne     | auto                     | 0       |
|    icmp_ln105_73_fu_7333_p2                  |     |        | icmp_ln105_73       | setne     | auto                     | 0       |
|    or_ln105_108_fu_7339_p2                   |     |        | or_ln105_108        | or        | auto                     | 0       |
|    xor_ln105_72_fu_7345_p2                   |     |        | xor_ln105_72        | xor       | auto                     | 0       |
|    and_ln105_72_fu_7351_p2                   |     |        | and_ln105_72        | and       | auto                     | 0       |
|    xor_ln105_73_fu_7357_p2                   |     |        | xor_ln105_73        | xor       | auto                     | 0       |
|    or_ln105_109_fu_7363_p2                   |     |        | or_ln105_109        | or        | auto                     | 0       |
|    and_ln105_73_fu_7369_p2                   |     |        | and_ln105_73        | and       | auto                     | 0       |
|    select_ln105_72_fu_7375_p3                |     |        | select_ln105_72     | select    | auto_sel                 | 0       |
|    or_ln105_110_fu_7383_p2                   |     |        | or_ln105_110        | or        | auto                     | 0       |
|    select_ln105_73_fu_7389_p3                |     |        | select_ln105_73     | select    | auto_sel                 | 0       |
|    mul_32s_32s_64_1_1_U522                   | 4   |        | mul_ln105_37        | mul       | auto                     | 0       |
|    icmp_ln105_74_fu_7435_p2                  |     |        | icmp_ln105_74       | setne     | auto                     | 0       |
|    icmp_ln105_75_fu_7441_p2                  |     |        | icmp_ln105_75       | setne     | auto                     | 0       |
|    or_ln105_111_fu_7447_p2                   |     |        | or_ln105_111        | or        | auto                     | 0       |
|    xor_ln105_74_fu_7453_p2                   |     |        | xor_ln105_74        | xor       | auto                     | 0       |
|    and_ln105_74_fu_7459_p2                   |     |        | and_ln105_74        | and       | auto                     | 0       |
|    xor_ln105_75_fu_7465_p2                   |     |        | xor_ln105_75        | xor       | auto                     | 0       |
|    or_ln105_112_fu_7471_p2                   |     |        | or_ln105_112        | or        | auto                     | 0       |
|    and_ln105_75_fu_7477_p2                   |     |        | and_ln105_75        | and       | auto                     | 0       |
|    select_ln105_74_fu_7483_p3                |     |        | select_ln105_74     | select    | auto_sel                 | 0       |
|    or_ln105_113_fu_7491_p2                   |     |        | or_ln105_113        | or        | auto                     | 0       |
|    select_ln105_75_fu_7497_p3                |     |        | select_ln105_75     | select    | auto_sel                 | 0       |
|    mul_32s_32s_64_1_1_U523                   | 4   |        | mul_ln105_38        | mul       | auto                     | 0       |
|    icmp_ln105_76_fu_7543_p2                  |     |        | icmp_ln105_76       | setne     | auto                     | 0       |
|    icmp_ln105_77_fu_7549_p2                  |     |        | icmp_ln105_77       | setne     | auto                     | 0       |
|    or_ln105_114_fu_7555_p2                   |     |        | or_ln105_114        | or        | auto                     | 0       |
|    xor_ln105_76_fu_7561_p2                   |     |        | xor_ln105_76        | xor       | auto                     | 0       |
|    and_ln105_76_fu_7567_p2                   |     |        | and_ln105_76        | and       | auto                     | 0       |
|    xor_ln105_77_fu_7573_p2                   |     |        | xor_ln105_77        | xor       | auto                     | 0       |
|    or_ln105_115_fu_7579_p2                   |     |        | or_ln105_115        | or        | auto                     | 0       |
|    and_ln105_77_fu_7585_p2                   |     |        | and_ln105_77        | and       | auto                     | 0       |
|    select_ln105_76_fu_7591_p3                |     |        | select_ln105_76     | select    | auto_sel                 | 0       |
|    or_ln105_116_fu_7599_p2                   |     |        | or_ln105_116        | or        | auto                     | 0       |
|    select_ln105_77_fu_7605_p3                |     |        | select_ln105_77     | select    | auto_sel                 | 0       |
|    mul_32s_32s_64_1_1_U524                   | 4   |        | mul_ln105_39        | mul       | auto                     | 0       |
|    icmp_ln105_78_fu_7651_p2                  |     |        | icmp_ln105_78       | setne     | auto                     | 0       |
|    icmp_ln105_79_fu_7657_p2                  |     |        | icmp_ln105_79       | setne     | auto                     | 0       |
|    or_ln105_117_fu_7663_p2                   |     |        | or_ln105_117        | or        | auto                     | 0       |
|    xor_ln105_78_fu_7669_p2                   |     |        | xor_ln105_78        | xor       | auto                     | 0       |
|    and_ln105_78_fu_7675_p2                   |     |        | and_ln105_78        | and       | auto                     | 0       |
|    xor_ln105_79_fu_7681_p2                   |     |        | xor_ln105_79        | xor       | auto                     | 0       |
|    or_ln105_118_fu_7687_p2                   |     |        | or_ln105_118        | or        | auto                     | 0       |
|    and_ln105_79_fu_7693_p2                   |     |        | and_ln105_79        | and       | auto                     | 0       |
|    select_ln105_78_fu_7699_p3                |     |        | select_ln105_78     | select    | auto_sel                 | 0       |
|    or_ln105_119_fu_7707_p2                   |     |        | or_ln105_119        | or        | auto                     | 0       |
|    select_ln105_79_fu_7713_p3                |     |        | select_ln105_79     | select    | auto_sel                 | 0       |
|    mul_32s_32s_64_1_1_U525                   | 4   |        | mul_ln105_40        | mul       | auto                     | 0       |
|    icmp_ln105_80_fu_7759_p2                  |     |        | icmp_ln105_80       | setne     | auto                     | 0       |
|    icmp_ln105_81_fu_7765_p2                  |     |        | icmp_ln105_81       | setne     | auto                     | 0       |
|    or_ln105_120_fu_7771_p2                   |     |        | or_ln105_120        | or        | auto                     | 0       |
|    xor_ln105_80_fu_7777_p2                   |     |        | xor_ln105_80        | xor       | auto                     | 0       |
|    and_ln105_80_fu_7783_p2                   |     |        | and_ln105_80        | and       | auto                     | 0       |
|    xor_ln105_81_fu_7789_p2                   |     |        | xor_ln105_81        | xor       | auto                     | 0       |
|    or_ln105_121_fu_7795_p2                   |     |        | or_ln105_121        | or        | auto                     | 0       |
|    and_ln105_81_fu_7801_p2                   |     |        | and_ln105_81        | and       | auto                     | 0       |
|    select_ln105_80_fu_7807_p3                |     |        | select_ln105_80     | select    | auto_sel                 | 0       |
|    or_ln105_122_fu_7815_p2                   |     |        | or_ln105_122        | or        | auto                     | 0       |
|    select_ln105_81_fu_7821_p3                |     |        | select_ln105_81     | select    | auto_sel                 | 0       |
|    mul_32s_32s_64_1_1_U526                   | 4   |        | mul_ln105_41        | mul       | auto                     | 0       |
|    icmp_ln105_82_fu_7867_p2                  |     |        | icmp_ln105_82       | setne     | auto                     | 0       |
|    icmp_ln105_83_fu_7873_p2                  |     |        | icmp_ln105_83       | setne     | auto                     | 0       |
|    or_ln105_123_fu_7879_p2                   |     |        | or_ln105_123        | or        | auto                     | 0       |
|    xor_ln105_82_fu_7885_p2                   |     |        | xor_ln105_82        | xor       | auto                     | 0       |
|    and_ln105_82_fu_7891_p2                   |     |        | and_ln105_82        | and       | auto                     | 0       |
|    xor_ln105_83_fu_7897_p2                   |     |        | xor_ln105_83        | xor       | auto                     | 0       |
|    or_ln105_124_fu_7903_p2                   |     |        | or_ln105_124        | or        | auto                     | 0       |
|    and_ln105_83_fu_7909_p2                   |     |        | and_ln105_83        | and       | auto                     | 0       |
|    select_ln105_82_fu_7915_p3                |     |        | select_ln105_82     | select    | auto_sel                 | 0       |
|    or_ln105_125_fu_7923_p2                   |     |        | or_ln105_125        | or        | auto                     | 0       |
|    select_ln105_83_fu_7929_p3                |     |        | select_ln105_83     | select    | auto_sel                 | 0       |
|    mul_32s_32s_64_1_1_U527                   | 4   |        | mul_ln105_42        | mul       | auto                     | 0       |
|    icmp_ln105_84_fu_7975_p2                  |     |        | icmp_ln105_84       | setne     | auto                     | 0       |
|    icmp_ln105_85_fu_7981_p2                  |     |        | icmp_ln105_85       | setne     | auto                     | 0       |
|    or_ln105_126_fu_7987_p2                   |     |        | or_ln105_126        | or        | auto                     | 0       |
|    xor_ln105_84_fu_7993_p2                   |     |        | xor_ln105_84        | xor       | auto                     | 0       |
|    and_ln105_84_fu_7999_p2                   |     |        | and_ln105_84        | and       | auto                     | 0       |
|    xor_ln105_85_fu_8005_p2                   |     |        | xor_ln105_85        | xor       | auto                     | 0       |
|    or_ln105_127_fu_8011_p2                   |     |        | or_ln105_127        | or        | auto                     | 0       |
|    and_ln105_85_fu_8017_p2                   |     |        | and_ln105_85        | and       | auto                     | 0       |
|    select_ln105_84_fu_8023_p3                |     |        | select_ln105_84     | select    | auto_sel                 | 0       |
|    or_ln105_128_fu_8031_p2                   |     |        | or_ln105_128        | or        | auto                     | 0       |
|    select_ln105_85_fu_8037_p3                |     |        | select_ln105_85     | select    | auto_sel                 | 0       |
|    mul_32s_32s_64_1_1_U528                   | 4   |        | mul_ln105_43        | mul       | auto                     | 0       |
|    icmp_ln105_86_fu_8083_p2                  |     |        | icmp_ln105_86       | setne     | auto                     | 0       |
|    icmp_ln105_87_fu_8089_p2                  |     |        | icmp_ln105_87       | setne     | auto                     | 0       |
|    or_ln105_129_fu_8095_p2                   |     |        | or_ln105_129        | or        | auto                     | 0       |
|    xor_ln105_86_fu_8101_p2                   |     |        | xor_ln105_86        | xor       | auto                     | 0       |
|    and_ln105_86_fu_8107_p2                   |     |        | and_ln105_86        | and       | auto                     | 0       |
|    xor_ln105_87_fu_8113_p2                   |     |        | xor_ln105_87        | xor       | auto                     | 0       |
|    or_ln105_130_fu_8119_p2                   |     |        | or_ln105_130        | or        | auto                     | 0       |
|    and_ln105_87_fu_8125_p2                   |     |        | and_ln105_87        | and       | auto                     | 0       |
|    select_ln105_86_fu_8131_p3                |     |        | select_ln105_86     | select    | auto_sel                 | 0       |
|    or_ln105_131_fu_8139_p2                   |     |        | or_ln105_131        | or        | auto                     | 0       |
|    select_ln105_87_fu_8145_p3                |     |        | select_ln105_87     | select    | auto_sel                 | 0       |
|    mul_32s_32s_64_1_1_U529                   | 4   |        | mul_ln105_44        | mul       | auto                     | 0       |
|    icmp_ln105_88_fu_8191_p2                  |     |        | icmp_ln105_88       | setne     | auto                     | 0       |
|    icmp_ln105_89_fu_8197_p2                  |     |        | icmp_ln105_89       | setne     | auto                     | 0       |
|    or_ln105_132_fu_8203_p2                   |     |        | or_ln105_132        | or        | auto                     | 0       |
|    xor_ln105_88_fu_8209_p2                   |     |        | xor_ln105_88        | xor       | auto                     | 0       |
|    and_ln105_88_fu_8215_p2                   |     |        | and_ln105_88        | and       | auto                     | 0       |
|    xor_ln105_89_fu_8221_p2                   |     |        | xor_ln105_89        | xor       | auto                     | 0       |
|    or_ln105_133_fu_8227_p2                   |     |        | or_ln105_133        | or        | auto                     | 0       |
|    and_ln105_89_fu_8233_p2                   |     |        | and_ln105_89        | and       | auto                     | 0       |
|    select_ln105_88_fu_8239_p3                |     |        | select_ln105_88     | select    | auto_sel                 | 0       |
|    or_ln105_134_fu_8247_p2                   |     |        | or_ln105_134        | or        | auto                     | 0       |
|    select_ln105_89_fu_8253_p3                |     |        | select_ln105_89     | select    | auto_sel                 | 0       |
|    mul_32s_32s_64_1_1_U530                   | 4   |        | mul_ln105_45        | mul       | auto                     | 0       |
|    icmp_ln105_90_fu_8299_p2                  |     |        | icmp_ln105_90       | setne     | auto                     | 0       |
|    icmp_ln105_91_fu_8305_p2                  |     |        | icmp_ln105_91       | setne     | auto                     | 0       |
|    or_ln105_135_fu_8311_p2                   |     |        | or_ln105_135        | or        | auto                     | 0       |
|    xor_ln105_90_fu_8317_p2                   |     |        | xor_ln105_90        | xor       | auto                     | 0       |
|    and_ln105_90_fu_8323_p2                   |     |        | and_ln105_90        | and       | auto                     | 0       |
|    xor_ln105_91_fu_8329_p2                   |     |        | xor_ln105_91        | xor       | auto                     | 0       |
|    or_ln105_136_fu_8335_p2                   |     |        | or_ln105_136        | or        | auto                     | 0       |
|    and_ln105_91_fu_8341_p2                   |     |        | and_ln105_91        | and       | auto                     | 0       |
|    select_ln105_90_fu_8347_p3                |     |        | select_ln105_90     | select    | auto_sel                 | 0       |
|    or_ln105_137_fu_8355_p2                   |     |        | or_ln105_137        | or        | auto                     | 0       |
|    select_ln105_91_fu_8361_p3                |     |        | select_ln105_91     | select    | auto_sel                 | 0       |
|    mul_32s_32s_64_1_1_U531                   | 4   |        | mul_ln105_46        | mul       | auto                     | 0       |
|    icmp_ln105_92_fu_8407_p2                  |     |        | icmp_ln105_92       | setne     | auto                     | 0       |
|    icmp_ln105_93_fu_8413_p2                  |     |        | icmp_ln105_93       | setne     | auto                     | 0       |
|    or_ln105_138_fu_8419_p2                   |     |        | or_ln105_138        | or        | auto                     | 0       |
|    xor_ln105_92_fu_8425_p2                   |     |        | xor_ln105_92        | xor       | auto                     | 0       |
|    and_ln105_92_fu_8431_p2                   |     |        | and_ln105_92        | and       | auto                     | 0       |
|    xor_ln105_93_fu_8437_p2                   |     |        | xor_ln105_93        | xor       | auto                     | 0       |
|    or_ln105_139_fu_8443_p2                   |     |        | or_ln105_139        | or        | auto                     | 0       |
|    and_ln105_93_fu_8449_p2                   |     |        | and_ln105_93        | and       | auto                     | 0       |
|    select_ln105_92_fu_8455_p3                |     |        | select_ln105_92     | select    | auto_sel                 | 0       |
|    or_ln105_140_fu_8463_p2                   |     |        | or_ln105_140        | or        | auto                     | 0       |
|    select_ln105_93_fu_8469_p3                |     |        | select_ln105_93     | select    | auto_sel                 | 0       |
|    mul_32s_32s_64_1_1_U532                   | 4   |        | mul_ln105_47        | mul       | auto                     | 0       |
|    icmp_ln105_94_fu_8515_p2                  |     |        | icmp_ln105_94       | setne     | auto                     | 0       |
|    icmp_ln105_95_fu_8521_p2                  |     |        | icmp_ln105_95       | setne     | auto                     | 0       |
|    or_ln105_141_fu_8527_p2                   |     |        | or_ln105_141        | or        | auto                     | 0       |
|    xor_ln105_94_fu_8533_p2                   |     |        | xor_ln105_94        | xor       | auto                     | 0       |
|    and_ln105_94_fu_8539_p2                   |     |        | and_ln105_94        | and       | auto                     | 0       |
|    xor_ln105_95_fu_8545_p2                   |     |        | xor_ln105_95        | xor       | auto                     | 0       |
|    or_ln105_142_fu_8551_p2                   |     |        | or_ln105_142        | or        | auto                     | 0       |
|    and_ln105_95_fu_8557_p2                   |     |        | and_ln105_95        | and       | auto                     | 0       |
|    select_ln105_94_fu_8563_p3                |     |        | select_ln105_94     | select    | auto_sel                 | 0       |
|    or_ln105_143_fu_8571_p2                   |     |        | or_ln105_143        | or        | auto                     | 0       |
|    select_ln105_95_fu_8577_p3                |     |        | select_ln105_95     | select    | auto_sel                 | 0       |
|    mul_32s_32s_64_1_1_U533                   | 4   |        | mul_ln105_48        | mul       | auto                     | 0       |
|    icmp_ln105_96_fu_8623_p2                  |     |        | icmp_ln105_96       | setne     | auto                     | 0       |
|    icmp_ln105_97_fu_8629_p2                  |     |        | icmp_ln105_97       | setne     | auto                     | 0       |
|    or_ln105_144_fu_8635_p2                   |     |        | or_ln105_144        | or        | auto                     | 0       |
|    xor_ln105_96_fu_8641_p2                   |     |        | xor_ln105_96        | xor       | auto                     | 0       |
|    and_ln105_96_fu_8647_p2                   |     |        | and_ln105_96        | and       | auto                     | 0       |
|    xor_ln105_97_fu_8653_p2                   |     |        | xor_ln105_97        | xor       | auto                     | 0       |
|    or_ln105_145_fu_8659_p2                   |     |        | or_ln105_145        | or        | auto                     | 0       |
|    and_ln105_97_fu_8665_p2                   |     |        | and_ln105_97        | and       | auto                     | 0       |
|    select_ln105_96_fu_8671_p3                |     |        | select_ln105_96     | select    | auto_sel                 | 0       |
|    or_ln105_146_fu_8679_p2                   |     |        | or_ln105_146        | or        | auto                     | 0       |
|    select_ln105_97_fu_8685_p3                |     |        | select_ln105_97     | select    | auto_sel                 | 0       |
|    mul_32s_32s_64_1_1_U534                   | 4   |        | mul_ln105_49        | mul       | auto                     | 0       |
|    icmp_ln105_98_fu_8731_p2                  |     |        | icmp_ln105_98       | setne     | auto                     | 0       |
|    icmp_ln105_99_fu_8737_p2                  |     |        | icmp_ln105_99       | setne     | auto                     | 0       |
|    or_ln105_147_fu_8743_p2                   |     |        | or_ln105_147        | or        | auto                     | 0       |
|    xor_ln105_98_fu_8749_p2                   |     |        | xor_ln105_98        | xor       | auto                     | 0       |
|    and_ln105_98_fu_8755_p2                   |     |        | and_ln105_98        | and       | auto                     | 0       |
|    xor_ln105_99_fu_8761_p2                   |     |        | xor_ln105_99        | xor       | auto                     | 0       |
|    or_ln105_148_fu_8767_p2                   |     |        | or_ln105_148        | or        | auto                     | 0       |
|    and_ln105_99_fu_8773_p2                   |     |        | and_ln105_99        | and       | auto                     | 0       |
|    select_ln105_98_fu_8779_p3                |     |        | select_ln105_98     | select    | auto_sel                 | 0       |
|    or_ln105_149_fu_8787_p2                   |     |        | or_ln105_149        | or        | auto                     | 0       |
|    select_ln105_99_fu_8793_p3                |     |        | select_ln105_99     | select    | auto_sel                 | 0       |
|    mul_32s_32s_64_1_1_U535                   | 4   |        | mul_ln105_50        | mul       | auto                     | 0       |
|    icmp_ln105_100_fu_8839_p2                 |     |        | icmp_ln105_100      | setne     | auto                     | 0       |
|    icmp_ln105_101_fu_8845_p2                 |     |        | icmp_ln105_101      | setne     | auto                     | 0       |
|    or_ln105_150_fu_8851_p2                   |     |        | or_ln105_150        | or        | auto                     | 0       |
|    xor_ln105_100_fu_8857_p2                  |     |        | xor_ln105_100       | xor       | auto                     | 0       |
|    and_ln105_100_fu_8863_p2                  |     |        | and_ln105_100       | and       | auto                     | 0       |
|    xor_ln105_101_fu_8869_p2                  |     |        | xor_ln105_101       | xor       | auto                     | 0       |
|    or_ln105_151_fu_8875_p2                   |     |        | or_ln105_151        | or        | auto                     | 0       |
|    and_ln105_101_fu_8881_p2                  |     |        | and_ln105_101       | and       | auto                     | 0       |
|    select_ln105_100_fu_8887_p3               |     |        | select_ln105_100    | select    | auto_sel                 | 0       |
|    or_ln105_152_fu_8895_p2                   |     |        | or_ln105_152        | or        | auto                     | 0       |
|    select_ln105_101_fu_8901_p3               |     |        | select_ln105_101    | select    | auto_sel                 | 0       |
|    mul_32s_32s_64_1_1_U536                   | 4   |        | mul_ln105_51        | mul       | auto                     | 0       |
|    icmp_ln105_102_fu_8947_p2                 |     |        | icmp_ln105_102      | setne     | auto                     | 0       |
|    icmp_ln105_103_fu_8953_p2                 |     |        | icmp_ln105_103      | setne     | auto                     | 0       |
|    or_ln105_153_fu_8959_p2                   |     |        | or_ln105_153        | or        | auto                     | 0       |
|    xor_ln105_102_fu_8965_p2                  |     |        | xor_ln105_102       | xor       | auto                     | 0       |
|    and_ln105_102_fu_8971_p2                  |     |        | and_ln105_102       | and       | auto                     | 0       |
|    xor_ln105_103_fu_8977_p2                  |     |        | xor_ln105_103       | xor       | auto                     | 0       |
|    or_ln105_154_fu_8983_p2                   |     |        | or_ln105_154        | or        | auto                     | 0       |
|    and_ln105_103_fu_8989_p2                  |     |        | and_ln105_103       | and       | auto                     | 0       |
|    select_ln105_102_fu_8995_p3               |     |        | select_ln105_102    | select    | auto_sel                 | 0       |
|    or_ln105_155_fu_9003_p2                   |     |        | or_ln105_155        | or        | auto                     | 0       |
|    select_ln105_103_fu_9009_p3               |     |        | select_ln105_103    | select    | auto_sel                 | 0       |
|    mul_32s_32s_64_1_1_U537                   | 4   |        | mul_ln105_52        | mul       | auto                     | 0       |
|    icmp_ln105_104_fu_9055_p2                 |     |        | icmp_ln105_104      | setne     | auto                     | 0       |
|    icmp_ln105_105_fu_9061_p2                 |     |        | icmp_ln105_105      | setne     | auto                     | 0       |
|    or_ln105_156_fu_9067_p2                   |     |        | or_ln105_156        | or        | auto                     | 0       |
|    xor_ln105_104_fu_9073_p2                  |     |        | xor_ln105_104       | xor       | auto                     | 0       |
|    and_ln105_104_fu_9079_p2                  |     |        | and_ln105_104       | and       | auto                     | 0       |
|    xor_ln105_105_fu_9085_p2                  |     |        | xor_ln105_105       | xor       | auto                     | 0       |
|    or_ln105_157_fu_9091_p2                   |     |        | or_ln105_157        | or        | auto                     | 0       |
|    and_ln105_105_fu_9097_p2                  |     |        | and_ln105_105       | and       | auto                     | 0       |
|    select_ln105_104_fu_9103_p3               |     |        | select_ln105_104    | select    | auto_sel                 | 0       |
|    or_ln105_158_fu_9111_p2                   |     |        | or_ln105_158        | or        | auto                     | 0       |
|    select_ln105_105_fu_9117_p3               |     |        | select_ln105_105    | select    | auto_sel                 | 0       |
|    mul_32s_32s_64_1_1_U538                   | 4   |        | mul_ln105_53        | mul       | auto                     | 0       |
|    icmp_ln105_106_fu_9163_p2                 |     |        | icmp_ln105_106      | setne     | auto                     | 0       |
|    icmp_ln105_107_fu_9169_p2                 |     |        | icmp_ln105_107      | setne     | auto                     | 0       |
|    or_ln105_159_fu_9175_p2                   |     |        | or_ln105_159        | or        | auto                     | 0       |
|    xor_ln105_106_fu_9181_p2                  |     |        | xor_ln105_106       | xor       | auto                     | 0       |
|    and_ln105_106_fu_9187_p2                  |     |        | and_ln105_106       | and       | auto                     | 0       |
|    xor_ln105_107_fu_9193_p2                  |     |        | xor_ln105_107       | xor       | auto                     | 0       |
|    or_ln105_160_fu_9199_p2                   |     |        | or_ln105_160        | or        | auto                     | 0       |
|    and_ln105_107_fu_9205_p2                  |     |        | and_ln105_107       | and       | auto                     | 0       |
|    select_ln105_106_fu_9211_p3               |     |        | select_ln105_106    | select    | auto_sel                 | 0       |
|    or_ln105_161_fu_9219_p2                   |     |        | or_ln105_161        | or        | auto                     | 0       |
|    select_ln105_107_fu_9225_p3               |     |        | select_ln105_107    | select    | auto_sel                 | 0       |
|    mul_32s_32s_64_1_1_U539                   | 4   |        | mul_ln105_54        | mul       | auto                     | 0       |
|    icmp_ln105_108_fu_9271_p2                 |     |        | icmp_ln105_108      | setne     | auto                     | 0       |
|    icmp_ln105_109_fu_9277_p2                 |     |        | icmp_ln105_109      | setne     | auto                     | 0       |
|    or_ln105_162_fu_9283_p2                   |     |        | or_ln105_162        | or        | auto                     | 0       |
|    xor_ln105_108_fu_9289_p2                  |     |        | xor_ln105_108       | xor       | auto                     | 0       |
|    and_ln105_108_fu_9295_p2                  |     |        | and_ln105_108       | and       | auto                     | 0       |
|    xor_ln105_109_fu_9301_p2                  |     |        | xor_ln105_109       | xor       | auto                     | 0       |
|    or_ln105_163_fu_9307_p2                   |     |        | or_ln105_163        | or        | auto                     | 0       |
|    and_ln105_109_fu_9313_p2                  |     |        | and_ln105_109       | and       | auto                     | 0       |
|    select_ln105_108_fu_9319_p3               |     |        | select_ln105_108    | select    | auto_sel                 | 0       |
|    or_ln105_164_fu_9327_p2                   |     |        | or_ln105_164        | or        | auto                     | 0       |
|    select_ln105_109_fu_9333_p3               |     |        | select_ln105_109    | select    | auto_sel                 | 0       |
|    mul_32s_32s_64_1_1_U540                   | 4   |        | mul_ln105_55        | mul       | auto                     | 0       |
|    icmp_ln105_110_fu_9379_p2                 |     |        | icmp_ln105_110      | setne     | auto                     | 0       |
|    icmp_ln105_111_fu_9385_p2                 |     |        | icmp_ln105_111      | setne     | auto                     | 0       |
|    or_ln105_165_fu_9391_p2                   |     |        | or_ln105_165        | or        | auto                     | 0       |
|    xor_ln105_110_fu_9397_p2                  |     |        | xor_ln105_110       | xor       | auto                     | 0       |
|    and_ln105_110_fu_9403_p2                  |     |        | and_ln105_110       | and       | auto                     | 0       |
|    xor_ln105_111_fu_9409_p2                  |     |        | xor_ln105_111       | xor       | auto                     | 0       |
|    or_ln105_166_fu_9415_p2                   |     |        | or_ln105_166        | or        | auto                     | 0       |
|    and_ln105_111_fu_9421_p2                  |     |        | and_ln105_111       | and       | auto                     | 0       |
|    select_ln105_110_fu_9427_p3               |     |        | select_ln105_110    | select    | auto_sel                 | 0       |
|    or_ln105_167_fu_9435_p2                   |     |        | or_ln105_167        | or        | auto                     | 0       |
|    select_ln105_111_fu_9441_p3               |     |        | select_ln105_111    | select    | auto_sel                 | 0       |
|    mul_32s_32s_64_1_1_U541                   | 4   |        | mul_ln105_56        | mul       | auto                     | 0       |
|    icmp_ln105_112_fu_9487_p2                 |     |        | icmp_ln105_112      | setne     | auto                     | 0       |
|    icmp_ln105_113_fu_9493_p2                 |     |        | icmp_ln105_113      | setne     | auto                     | 0       |
|    or_ln105_168_fu_9499_p2                   |     |        | or_ln105_168        | or        | auto                     | 0       |
|    xor_ln105_112_fu_9505_p2                  |     |        | xor_ln105_112       | xor       | auto                     | 0       |
|    and_ln105_112_fu_9511_p2                  |     |        | and_ln105_112       | and       | auto                     | 0       |
|    xor_ln105_113_fu_9517_p2                  |     |        | xor_ln105_113       | xor       | auto                     | 0       |
|    or_ln105_169_fu_9523_p2                   |     |        | or_ln105_169        | or        | auto                     | 0       |
|    and_ln105_113_fu_9529_p2                  |     |        | and_ln105_113       | and       | auto                     | 0       |
|    select_ln105_112_fu_9535_p3               |     |        | select_ln105_112    | select    | auto_sel                 | 0       |
|    or_ln105_170_fu_9543_p2                   |     |        | or_ln105_170        | or        | auto                     | 0       |
|    select_ln105_113_fu_9549_p3               |     |        | select_ln105_113    | select    | auto_sel                 | 0       |
|    mul_32s_32s_64_1_1_U542                   | 4   |        | mul_ln105_57        | mul       | auto                     | 0       |
|    icmp_ln105_114_fu_9595_p2                 |     |        | icmp_ln105_114      | setne     | auto                     | 0       |
|    icmp_ln105_115_fu_9601_p2                 |     |        | icmp_ln105_115      | setne     | auto                     | 0       |
|    or_ln105_171_fu_9607_p2                   |     |        | or_ln105_171        | or        | auto                     | 0       |
|    xor_ln105_114_fu_9613_p2                  |     |        | xor_ln105_114       | xor       | auto                     | 0       |
|    and_ln105_114_fu_9619_p2                  |     |        | and_ln105_114       | and       | auto                     | 0       |
|    xor_ln105_115_fu_9625_p2                  |     |        | xor_ln105_115       | xor       | auto                     | 0       |
|    or_ln105_172_fu_9631_p2                   |     |        | or_ln105_172        | or        | auto                     | 0       |
|    and_ln105_115_fu_9637_p2                  |     |        | and_ln105_115       | and       | auto                     | 0       |
|    select_ln105_114_fu_9643_p3               |     |        | select_ln105_114    | select    | auto_sel                 | 0       |
|    or_ln105_173_fu_9651_p2                   |     |        | or_ln105_173        | or        | auto                     | 0       |
|    select_ln105_115_fu_9657_p3               |     |        | select_ln105_115    | select    | auto_sel                 | 0       |
|    mul_32s_32s_64_1_1_U543                   | 4   |        | mul_ln105_58        | mul       | auto                     | 0       |
|    icmp_ln105_116_fu_9703_p2                 |     |        | icmp_ln105_116      | setne     | auto                     | 0       |
|    icmp_ln105_117_fu_9709_p2                 |     |        | icmp_ln105_117      | setne     | auto                     | 0       |
|    or_ln105_174_fu_9715_p2                   |     |        | or_ln105_174        | or        | auto                     | 0       |
|    xor_ln105_116_fu_9721_p2                  |     |        | xor_ln105_116       | xor       | auto                     | 0       |
|    and_ln105_116_fu_9727_p2                  |     |        | and_ln105_116       | and       | auto                     | 0       |
|    xor_ln105_117_fu_9733_p2                  |     |        | xor_ln105_117       | xor       | auto                     | 0       |
|    or_ln105_175_fu_9739_p2                   |     |        | or_ln105_175        | or        | auto                     | 0       |
|    and_ln105_117_fu_9745_p2                  |     |        | and_ln105_117       | and       | auto                     | 0       |
|    select_ln105_116_fu_9751_p3               |     |        | select_ln105_116    | select    | auto_sel                 | 0       |
|    or_ln105_176_fu_9759_p2                   |     |        | or_ln105_176        | or        | auto                     | 0       |
|    select_ln105_117_fu_9765_p3               |     |        | select_ln105_117    | select    | auto_sel                 | 0       |
|    mul_32s_32s_64_1_1_U544                   | 4   |        | mul_ln105_59        | mul       | auto                     | 0       |
|    icmp_ln105_118_fu_9811_p2                 |     |        | icmp_ln105_118      | setne     | auto                     | 0       |
|    icmp_ln105_119_fu_9817_p2                 |     |        | icmp_ln105_119      | setne     | auto                     | 0       |
|    or_ln105_177_fu_9823_p2                   |     |        | or_ln105_177        | or        | auto                     | 0       |
|    xor_ln105_118_fu_9829_p2                  |     |        | xor_ln105_118       | xor       | auto                     | 0       |
|    and_ln105_118_fu_9835_p2                  |     |        | and_ln105_118       | and       | auto                     | 0       |
|    xor_ln105_119_fu_9841_p2                  |     |        | xor_ln105_119       | xor       | auto                     | 0       |
|    or_ln105_178_fu_9847_p2                   |     |        | or_ln105_178        | or        | auto                     | 0       |
|    and_ln105_119_fu_9853_p2                  |     |        | and_ln105_119       | and       | auto                     | 0       |
|    select_ln105_118_fu_9859_p3               |     |        | select_ln105_118    | select    | auto_sel                 | 0       |
|    or_ln105_179_fu_9867_p2                   |     |        | or_ln105_179        | or        | auto                     | 0       |
|    select_ln105_119_fu_9873_p3               |     |        | select_ln105_119    | select    | auto_sel                 | 0       |
|    mul_32s_32s_64_1_1_U545                   | 4   |        | mul_ln105_60        | mul       | auto                     | 0       |
|    icmp_ln105_120_fu_9919_p2                 |     |        | icmp_ln105_120      | setne     | auto                     | 0       |
|    icmp_ln105_121_fu_9925_p2                 |     |        | icmp_ln105_121      | setne     | auto                     | 0       |
|    or_ln105_180_fu_9931_p2                   |     |        | or_ln105_180        | or        | auto                     | 0       |
|    xor_ln105_120_fu_9937_p2                  |     |        | xor_ln105_120       | xor       | auto                     | 0       |
|    and_ln105_120_fu_9943_p2                  |     |        | and_ln105_120       | and       | auto                     | 0       |
|    xor_ln105_121_fu_9949_p2                  |     |        | xor_ln105_121       | xor       | auto                     | 0       |
|    or_ln105_181_fu_9955_p2                   |     |        | or_ln105_181        | or        | auto                     | 0       |
|    and_ln105_121_fu_9961_p2                  |     |        | and_ln105_121       | and       | auto                     | 0       |
|    select_ln105_120_fu_9967_p3               |     |        | select_ln105_120    | select    | auto_sel                 | 0       |
|    or_ln105_182_fu_9975_p2                   |     |        | or_ln105_182        | or        | auto                     | 0       |
|    select_ln105_121_fu_9981_p3               |     |        | select_ln105_121    | select    | auto_sel                 | 0       |
|    mul_32s_32s_64_1_1_U546                   | 4   |        | mul_ln105_61        | mul       | auto                     | 0       |
|    icmp_ln105_122_fu_10027_p2                |     |        | icmp_ln105_122      | setne     | auto                     | 0       |
|    icmp_ln105_123_fu_10033_p2                |     |        | icmp_ln105_123      | setne     | auto                     | 0       |
|    or_ln105_183_fu_10039_p2                  |     |        | or_ln105_183        | or        | auto                     | 0       |
|    xor_ln105_122_fu_10045_p2                 |     |        | xor_ln105_122       | xor       | auto                     | 0       |
|    and_ln105_122_fu_10051_p2                 |     |        | and_ln105_122       | and       | auto                     | 0       |
|    xor_ln105_123_fu_10057_p2                 |     |        | xor_ln105_123       | xor       | auto                     | 0       |
|    or_ln105_184_fu_10063_p2                  |     |        | or_ln105_184        | or        | auto                     | 0       |
|    and_ln105_123_fu_10069_p2                 |     |        | and_ln105_123       | and       | auto                     | 0       |
|    select_ln105_122_fu_10075_p3              |     |        | select_ln105_122    | select    | auto_sel                 | 0       |
|    or_ln105_185_fu_10083_p2                  |     |        | or_ln105_185        | or        | auto                     | 0       |
|    select_ln105_123_fu_10089_p3              |     |        | select_ln105_123    | select    | auto_sel                 | 0       |
|    mul_32s_32s_64_1_1_U547                   | 4   |        | mul_ln105_62        | mul       | auto                     | 0       |
|    icmp_ln105_124_fu_10135_p2                |     |        | icmp_ln105_124      | setne     | auto                     | 0       |
|    icmp_ln105_125_fu_10141_p2                |     |        | icmp_ln105_125      | setne     | auto                     | 0       |
|    or_ln105_186_fu_10147_p2                  |     |        | or_ln105_186        | or        | auto                     | 0       |
|    xor_ln105_124_fu_10153_p2                 |     |        | xor_ln105_124       | xor       | auto                     | 0       |
|    and_ln105_124_fu_10159_p2                 |     |        | and_ln105_124       | and       | auto                     | 0       |
|    xor_ln105_125_fu_10165_p2                 |     |        | xor_ln105_125       | xor       | auto                     | 0       |
|    or_ln105_187_fu_10171_p2                  |     |        | or_ln105_187        | or        | auto                     | 0       |
|    and_ln105_125_fu_10177_p2                 |     |        | and_ln105_125       | and       | auto                     | 0       |
|    select_ln105_124_fu_10183_p3              |     |        | select_ln105_124    | select    | auto_sel                 | 0       |
|    or_ln105_188_fu_10191_p2                  |     |        | or_ln105_188        | or        | auto                     | 0       |
|    select_ln105_125_fu_10197_p3              |     |        | select_ln105_125    | select    | auto_sel                 | 0       |
|    mul_32s_32s_64_1_1_U548                   | 4   |        | mul_ln105_63        | mul       | auto                     | 0       |
|    icmp_ln105_126_fu_10243_p2                |     |        | icmp_ln105_126      | setne     | auto                     | 0       |
|    icmp_ln105_127_fu_10249_p2                |     |        | icmp_ln105_127      | setne     | auto                     | 0       |
|    or_ln105_189_fu_10255_p2                  |     |        | or_ln105_189        | or        | auto                     | 0       |
|    xor_ln105_126_fu_10261_p2                 |     |        | xor_ln105_126       | xor       | auto                     | 0       |
|    and_ln105_126_fu_10267_p2                 |     |        | and_ln105_126       | and       | auto                     | 0       |
|    xor_ln105_127_fu_10273_p2                 |     |        | xor_ln105_127       | xor       | auto                     | 0       |
|    or_ln105_190_fu_10279_p2                  |     |        | or_ln105_190        | or        | auto                     | 0       |
|    and_ln105_127_fu_10285_p2                 |     |        | and_ln105_127       | and       | auto                     | 0       |
|    select_ln105_126_fu_10291_p3              |     |        | select_ln105_126    | select    | auto_sel                 | 0       |
|    or_ln105_191_fu_10299_p2                  |     |        | or_ln105_191        | or        | auto                     | 0       |
|    select_ln105_127_fu_10305_p3              |     |        | select_ln105_127    | select    | auto_sel                 | 0       |
|   + online_attention_row_Pipeline_tokens     | 271 |        |                     |           |                          |         |
|     icmp_ln45_fu_5377_p2                     |     |        | icmp_ln45           | seteq     | auto                     | 0       |
|     add_ln45_fu_5383_p2                      |     |        | add_ln45            | add       | fabric                   | 0       |
|     mul_16s_16s_32_1_1_U237                  | 1   |        | mul_ln61            | mul       | auto                     | 0       |
|     mac_muladd_16s_16s_32s_33_4_1_U246       | 1   |        | mul_ln61_1          | mul       | dsp_slice                | 3       |
|     mac_muladd_16s_16s_32s_33_4_1_U246       | 1   |        | sext_ln61_67        | sext      | dsp_slice                | 3       |
|     mac_muladd_16s_16s_33s_33_4_1_U247       | 1   |        | mul_ln61_2          | mul       | dsp_slice                | 3       |
|     mac_muladd_16s_16s_33s_33_4_1_U247       | 1   |        | sext_ln61_69        | sext      | dsp_slice                | 3       |
|     mac_muladd_16s_16s_32s_33_4_1_U246       | 1   |        | s_acc_124           | add       | dsp_slice                | 3       |
|     mac_muladd_16s_16s_33s_33_4_1_U247       | 1   |        | s_acc               | add       | dsp_slice                | 3       |
|     xor_ln61_fu_5615_p2                      |     |        | xor_ln61            | xor       | auto                     | 0       |
|     and_ln61_fu_5621_p2                      |     |        | and_ln61            | and       | auto                     | 0       |
|     xor_ln61_1_fu_5627_p2                    |     |        | xor_ln61_1          | xor       | auto                     | 0       |
|     select_ln61_fu_5633_p3                   |     |        | select_ln61         | select    | auto_sel                 | 0       |
|     s_acc_1_fu_5641_p3                       |     |        | s_acc_1             | select    | auto_sel                 | 0       |
|     mac_muladd_16s_16s_40s_41_4_1_U248       | 1   |        | mul_ln61_3          | mul       | dsp_slice                | 3       |
|     mac_muladd_16s_16s_40s_41_4_1_U248       | 1   |        | sext_ln61_73        | sext      | dsp_slice                | 3       |
|     mac_muladd_16s_16s_40s_41_4_1_U248       | 1   |        | add_ln61_1          | add       | dsp_slice                | 3       |
|     xor_ln61_2_fu_5673_p2                    |     |        | xor_ln61_2          | xor       | auto                     | 0       |
|     and_ln61_1_fu_5679_p2                    |     |        | and_ln61_1          | and       | auto                     | 0       |
|     xor_ln61_3_fu_5685_p2                    |     |        | xor_ln61_3          | xor       | auto                     | 0       |
|     select_ln61_2_fu_5691_p3                 |     |        | select_ln61_2       | select    | auto_sel                 | 0       |
|     s_acc_3_fu_5699_p3                       |     |        | s_acc_3             | select    | auto_sel                 | 0       |
|     mac_muladd_16s_16s_40s_41_4_1_U249       | 1   |        | mul_ln61_4          | mul       | dsp_slice                | 3       |
|     mac_muladd_16s_16s_40s_41_4_1_U249       | 1   |        | sext_ln61_76        | sext      | dsp_slice                | 3       |
|     mac_muladd_16s_16s_40s_41_4_1_U249       | 1   |        | add_ln61_2          | add       | dsp_slice                | 3       |
|     xor_ln61_4_fu_5731_p2                    |     |        | xor_ln61_4          | xor       | auto                     | 0       |
|     and_ln61_2_fu_5737_p2                    |     |        | and_ln61_2          | and       | auto                     | 0       |
|     xor_ln61_5_fu_5743_p2                    |     |        | xor_ln61_5          | xor       | auto                     | 0       |
|     select_ln61_4_fu_5749_p3                 |     |        | select_ln61_4       | select    | auto_sel                 | 0       |
|     s_acc_5_fu_5757_p3                       |     |        | s_acc_5             | select    | auto_sel                 | 0       |
|     mac_muladd_16s_16s_40s_41_4_1_U250       | 1   |        | mul_ln61_5          | mul       | dsp_slice                | 3       |
|     mac_muladd_16s_16s_40s_41_4_1_U250       | 1   |        | sext_ln61_79        | sext      | dsp_slice                | 3       |
|     mac_muladd_16s_16s_40s_41_4_1_U250       | 1   |        | add_ln61_3          | add       | dsp_slice                | 3       |
|     xor_ln61_6_fu_5789_p2                    |     |        | xor_ln61_6          | xor       | auto                     | 0       |
|     and_ln61_3_fu_5795_p2                    |     |        | and_ln61_3          | and       | auto                     | 0       |
|     xor_ln61_7_fu_5801_p2                    |     |        | xor_ln61_7          | xor       | auto                     | 0       |
|     select_ln61_6_fu_5807_p3                 |     |        | select_ln61_6       | select    | auto_sel                 | 0       |
|     s_acc_7_fu_5815_p3                       |     |        | s_acc_7             | select    | auto_sel                 | 0       |
|     mac_muladd_16s_16s_40s_41_4_1_U251       | 1   |        | mul_ln61_6          | mul       | dsp_slice                | 3       |
|     mac_muladd_16s_16s_40s_41_4_1_U251       | 1   |        | sext_ln61_82        | sext      | dsp_slice                | 3       |
|     mac_muladd_16s_16s_40s_41_4_1_U251       | 1   |        | add_ln61_4          | add       | dsp_slice                | 3       |
|     xor_ln61_8_fu_5847_p2                    |     |        | xor_ln61_8          | xor       | auto                     | 0       |
|     and_ln61_4_fu_5853_p2                    |     |        | and_ln61_4          | and       | auto                     | 0       |
|     xor_ln61_9_fu_5859_p2                    |     |        | xor_ln61_9          | xor       | auto                     | 0       |
|     select_ln61_8_fu_5865_p3                 |     |        | select_ln61_8       | select    | auto_sel                 | 0       |
|     s_acc_9_fu_5873_p3                       |     |        | s_acc_9             | select    | auto_sel                 | 0       |
|     mac_muladd_16s_16s_40s_41_4_1_U252       | 1   |        | mul_ln61_7          | mul       | dsp_slice                | 3       |
|     mac_muladd_16s_16s_40s_41_4_1_U252       | 1   |        | sext_ln61_85        | sext      | dsp_slice                | 3       |
|     mac_muladd_16s_16s_40s_41_4_1_U252       | 1   |        | add_ln61_5          | add       | dsp_slice                | 3       |
|     xor_ln61_10_fu_5905_p2                   |     |        | xor_ln61_10         | xor       | auto                     | 0       |
|     and_ln61_5_fu_5911_p2                    |     |        | and_ln61_5          | and       | auto                     | 0       |
|     xor_ln61_11_fu_5917_p2                   |     |        | xor_ln61_11         | xor       | auto                     | 0       |
|     select_ln61_10_fu_5923_p3                |     |        | select_ln61_10      | select    | auto_sel                 | 0       |
|     s_acc_11_fu_5931_p3                      |     |        | s_acc_11            | select    | auto_sel                 | 0       |
|     mac_muladd_16s_16s_40s_41_4_1_U253       | 1   |        | mul_ln61_8          | mul       | dsp_slice                | 3       |
|     mac_muladd_16s_16s_40s_41_4_1_U253       | 1   |        | sext_ln61_88        | sext      | dsp_slice                | 3       |
|     mac_muladd_16s_16s_40s_41_4_1_U253       | 1   |        | add_ln61_6          | add       | dsp_slice                | 3       |
|     xor_ln61_12_fu_5963_p2                   |     |        | xor_ln61_12         | xor       | auto                     | 0       |
|     and_ln61_6_fu_5969_p2                    |     |        | and_ln61_6          | and       | auto                     | 0       |
|     xor_ln61_13_fu_5975_p2                   |     |        | xor_ln61_13         | xor       | auto                     | 0       |
|     select_ln61_12_fu_5981_p3                |     |        | select_ln61_12      | select    | auto_sel                 | 0       |
|     s_acc_13_fu_5989_p3                      |     |        | s_acc_13            | select    | auto_sel                 | 0       |
|     mac_muladd_16s_16s_40s_41_4_1_U254       | 1   |        | mul_ln61_9          | mul       | dsp_slice                | 3       |
|     mac_muladd_16s_16s_40s_41_4_1_U254       | 1   |        | sext_ln61_91        | sext      | dsp_slice                | 3       |
|     mac_muladd_16s_16s_40s_41_4_1_U254       | 1   |        | add_ln61_7          | add       | dsp_slice                | 3       |
|     xor_ln61_14_fu_6021_p2                   |     |        | xor_ln61_14         | xor       | auto                     | 0       |
|     and_ln61_7_fu_6027_p2                    |     |        | and_ln61_7          | and       | auto                     | 0       |
|     xor_ln61_15_fu_6033_p2                   |     |        | xor_ln61_15         | xor       | auto                     | 0       |
|     select_ln61_14_fu_6039_p3                |     |        | select_ln61_14      | select    | auto_sel                 | 0       |
|     s_acc_15_fu_6047_p3                      |     |        | s_acc_15            | select    | auto_sel                 | 0       |
|     mac_muladd_16s_16s_40s_41_4_1_U255       | 1   |        | mul_ln61_10         | mul       | dsp_slice                | 3       |
|     mac_muladd_16s_16s_40s_41_4_1_U255       | 1   |        | sext_ln61_94        | sext      | dsp_slice                | 3       |
|     mac_muladd_16s_16s_40s_41_4_1_U255       | 1   |        | add_ln61_8          | add       | dsp_slice                | 3       |
|     xor_ln61_16_fu_6079_p2                   |     |        | xor_ln61_16         | xor       | auto                     | 0       |
|     and_ln61_8_fu_6085_p2                    |     |        | and_ln61_8          | and       | auto                     | 0       |
|     xor_ln61_17_fu_6091_p2                   |     |        | xor_ln61_17         | xor       | auto                     | 0       |
|     select_ln61_16_fu_6097_p3                |     |        | select_ln61_16      | select    | auto_sel                 | 0       |
|     s_acc_17_fu_6105_p3                      |     |        | s_acc_17            | select    | auto_sel                 | 0       |
|     mac_muladd_16s_16s_40s_41_4_1_U256       | 1   |        | mul_ln61_11         | mul       | dsp_slice                | 3       |
|     mac_muladd_16s_16s_40s_41_4_1_U256       | 1   |        | sext_ln61_97        | sext      | dsp_slice                | 3       |
|     mac_muladd_16s_16s_40s_41_4_1_U256       | 1   |        | add_ln61_9          | add       | dsp_slice                | 3       |
|     xor_ln61_18_fu_6137_p2                   |     |        | xor_ln61_18         | xor       | auto                     | 0       |
|     and_ln61_9_fu_6143_p2                    |     |        | and_ln61_9          | and       | auto                     | 0       |
|     xor_ln61_19_fu_6149_p2                   |     |        | xor_ln61_19         | xor       | auto                     | 0       |
|     select_ln61_18_fu_6155_p3                |     |        | select_ln61_18      | select    | auto_sel                 | 0       |
|     s_acc_19_fu_6163_p3                      |     |        | s_acc_19            | select    | auto_sel                 | 0       |
|     mac_muladd_16s_16s_40s_41_4_1_U257       | 1   |        | mul_ln61_12         | mul       | dsp_slice                | 3       |
|     mac_muladd_16s_16s_40s_41_4_1_U257       | 1   |        | sext_ln61_100       | sext      | dsp_slice                | 3       |
|     mac_muladd_16s_16s_40s_41_4_1_U257       | 1   |        | add_ln61_10         | add       | dsp_slice                | 3       |
|     xor_ln61_20_fu_6195_p2                   |     |        | xor_ln61_20         | xor       | auto                     | 0       |
|     and_ln61_10_fu_6201_p2                   |     |        | and_ln61_10         | and       | auto                     | 0       |
|     xor_ln61_21_fu_6207_p2                   |     |        | xor_ln61_21         | xor       | auto                     | 0       |
|     select_ln61_20_fu_6213_p3                |     |        | select_ln61_20      | select    | auto_sel                 | 0       |
|     s_acc_21_fu_6221_p3                      |     |        | s_acc_21            | select    | auto_sel                 | 0       |
|     mac_muladd_16s_16s_40s_41_4_1_U258       | 1   |        | mul_ln61_13         | mul       | dsp_slice                | 3       |
|     mac_muladd_16s_16s_40s_41_4_1_U258       | 1   |        | sext_ln61_103       | sext      | dsp_slice                | 3       |
|     mac_muladd_16s_16s_40s_41_4_1_U258       | 1   |        | add_ln61_11         | add       | dsp_slice                | 3       |
|     xor_ln61_22_fu_6253_p2                   |     |        | xor_ln61_22         | xor       | auto                     | 0       |
|     and_ln61_11_fu_6259_p2                   |     |        | and_ln61_11         | and       | auto                     | 0       |
|     xor_ln61_23_fu_6265_p2                   |     |        | xor_ln61_23         | xor       | auto                     | 0       |
|     select_ln61_22_fu_6271_p3                |     |        | select_ln61_22      | select    | auto_sel                 | 0       |
|     s_acc_23_fu_6279_p3                      |     |        | s_acc_23            | select    | auto_sel                 | 0       |
|     mac_muladd_16s_16s_40s_41_4_1_U259       | 1   |        | mul_ln61_14         | mul       | dsp_slice                | 3       |
|     mac_muladd_16s_16s_40s_41_4_1_U259       | 1   |        | sext_ln61_106       | sext      | dsp_slice                | 3       |
|     mac_muladd_16s_16s_40s_41_4_1_U259       | 1   |        | add_ln61_12         | add       | dsp_slice                | 3       |
|     xor_ln61_24_fu_6311_p2                   |     |        | xor_ln61_24         | xor       | auto                     | 0       |
|     and_ln61_12_fu_6317_p2                   |     |        | and_ln61_12         | and       | auto                     | 0       |
|     xor_ln61_25_fu_6323_p2                   |     |        | xor_ln61_25         | xor       | auto                     | 0       |
|     select_ln61_24_fu_6329_p3                |     |        | select_ln61_24      | select    | auto_sel                 | 0       |
|     s_acc_25_fu_6337_p3                      |     |        | s_acc_25            | select    | auto_sel                 | 0       |
|     mac_muladd_16s_16s_40s_41_4_1_U260       | 1   |        | mul_ln61_15         | mul       | dsp_slice                | 3       |
|     mac_muladd_16s_16s_40s_41_4_1_U260       | 1   |        | sext_ln61_109       | sext      | dsp_slice                | 3       |
|     mac_muladd_16s_16s_40s_41_4_1_U260       | 1   |        | add_ln61_13         | add       | dsp_slice                | 3       |
|     xor_ln61_26_fu_6369_p2                   |     |        | xor_ln61_26         | xor       | auto                     | 0       |
|     and_ln61_13_fu_6375_p2                   |     |        | and_ln61_13         | and       | auto                     | 0       |
|     xor_ln61_27_fu_6381_p2                   |     |        | xor_ln61_27         | xor       | auto                     | 0       |
|     select_ln61_26_fu_6387_p3                |     |        | select_ln61_26      | select    | auto_sel                 | 0       |
|     s_acc_27_fu_6395_p3                      |     |        | s_acc_27            | select    | auto_sel                 | 0       |
|     mac_muladd_16s_16s_40s_41_4_1_U261       | 1   |        | mul_ln61_16         | mul       | dsp_slice                | 3       |
|     mac_muladd_16s_16s_40s_41_4_1_U261       | 1   |        | sext_ln61_112       | sext      | dsp_slice                | 3       |
|     mac_muladd_16s_16s_40s_41_4_1_U261       | 1   |        | add_ln61_14         | add       | dsp_slice                | 3       |
|     xor_ln61_28_fu_6427_p2                   |     |        | xor_ln61_28         | xor       | auto                     | 0       |
|     and_ln61_14_fu_6433_p2                   |     |        | and_ln61_14         | and       | auto                     | 0       |
|     xor_ln61_29_fu_6439_p2                   |     |        | xor_ln61_29         | xor       | auto                     | 0       |
|     select_ln61_28_fu_6445_p3                |     |        | select_ln61_28      | select    | auto_sel                 | 0       |
|     s_acc_29_fu_6453_p3                      |     |        | s_acc_29            | select    | auto_sel                 | 0       |
|     mac_muladd_16s_16s_40s_41_4_1_U262       | 1   |        | mul_ln61_17         | mul       | dsp_slice                | 3       |
|     mac_muladd_16s_16s_40s_41_4_1_U262       | 1   |        | sext_ln61_115       | sext      | dsp_slice                | 3       |
|     mac_muladd_16s_16s_40s_41_4_1_U262       | 1   |        | add_ln61_15         | add       | dsp_slice                | 3       |
|     xor_ln61_30_fu_6485_p2                   |     |        | xor_ln61_30         | xor       | auto                     | 0       |
|     and_ln61_15_fu_6491_p2                   |     |        | and_ln61_15         | and       | auto                     | 0       |
|     xor_ln61_31_fu_6497_p2                   |     |        | xor_ln61_31         | xor       | auto                     | 0       |
|     select_ln61_30_fu_6503_p3                |     |        | select_ln61_30      | select    | auto_sel                 | 0       |
|     s_acc_31_fu_6511_p3                      |     |        | s_acc_31            | select    | auto_sel                 | 0       |
|     mac_muladd_16s_16s_40s_41_4_1_U263       | 1   |        | mul_ln61_18         | mul       | dsp_slice                | 3       |
|     mac_muladd_16s_16s_40s_41_4_1_U263       | 1   |        | sext_ln61_118       | sext      | dsp_slice                | 3       |
|     mac_muladd_16s_16s_40s_41_4_1_U263       | 1   |        | add_ln61_16         | add       | dsp_slice                | 3       |
|     xor_ln61_32_fu_6543_p2                   |     |        | xor_ln61_32         | xor       | auto                     | 0       |
|     and_ln61_16_fu_6549_p2                   |     |        | and_ln61_16         | and       | auto                     | 0       |
|     xor_ln61_33_fu_6555_p2                   |     |        | xor_ln61_33         | xor       | auto                     | 0       |
|     select_ln61_32_fu_6561_p3                |     |        | select_ln61_32      | select    | auto_sel                 | 0       |
|     s_acc_33_fu_6569_p3                      |     |        | s_acc_33            | select    | auto_sel                 | 0       |
|     mac_muladd_16s_16s_40s_41_4_1_U264       | 1   |        | mul_ln61_19         | mul       | dsp_slice                | 3       |
|     mac_muladd_16s_16s_40s_41_4_1_U264       | 1   |        | sext_ln61_121       | sext      | dsp_slice                | 3       |
|     mac_muladd_16s_16s_40s_41_4_1_U264       | 1   |        | add_ln61_17         | add       | dsp_slice                | 3       |
|     xor_ln61_34_fu_6601_p2                   |     |        | xor_ln61_34         | xor       | auto                     | 0       |
|     and_ln61_17_fu_6607_p2                   |     |        | and_ln61_17         | and       | auto                     | 0       |
|     xor_ln61_35_fu_6613_p2                   |     |        | xor_ln61_35         | xor       | auto                     | 0       |
|     select_ln61_34_fu_6619_p3                |     |        | select_ln61_34      | select    | auto_sel                 | 0       |
|     s_acc_35_fu_6627_p3                      |     |        | s_acc_35            | select    | auto_sel                 | 0       |
|     mac_muladd_16s_16s_40s_41_4_1_U265       | 1   |        | mul_ln61_20         | mul       | dsp_slice                | 3       |
|     mac_muladd_16s_16s_40s_41_4_1_U265       | 1   |        | sext_ln61_124       | sext      | dsp_slice                | 3       |
|     mac_muladd_16s_16s_40s_41_4_1_U265       | 1   |        | add_ln61_18         | add       | dsp_slice                | 3       |
|     xor_ln61_36_fu_6659_p2                   |     |        | xor_ln61_36         | xor       | auto                     | 0       |
|     and_ln61_18_fu_6665_p2                   |     |        | and_ln61_18         | and       | auto                     | 0       |
|     xor_ln61_37_fu_6671_p2                   |     |        | xor_ln61_37         | xor       | auto                     | 0       |
|     select_ln61_36_fu_6677_p3                |     |        | select_ln61_36      | select    | auto_sel                 | 0       |
|     s_acc_37_fu_6685_p3                      |     |        | s_acc_37            | select    | auto_sel                 | 0       |
|     mac_muladd_16s_16s_40s_41_4_1_U266       | 1   |        | mul_ln61_21         | mul       | dsp_slice                | 3       |
|     mac_muladd_16s_16s_40s_41_4_1_U266       | 1   |        | sext_ln61_127       | sext      | dsp_slice                | 3       |
|     mac_muladd_16s_16s_40s_41_4_1_U266       | 1   |        | add_ln61_19         | add       | dsp_slice                | 3       |
|     xor_ln61_38_fu_6717_p2                   |     |        | xor_ln61_38         | xor       | auto                     | 0       |
|     and_ln61_19_fu_6723_p2                   |     |        | and_ln61_19         | and       | auto                     | 0       |
|     xor_ln61_39_fu_6729_p2                   |     |        | xor_ln61_39         | xor       | auto                     | 0       |
|     select_ln61_38_fu_6735_p3                |     |        | select_ln61_38      | select    | auto_sel                 | 0       |
|     s_acc_39_fu_6743_p3                      |     |        | s_acc_39            | select    | auto_sel                 | 0       |
|     mac_muladd_16s_16s_40s_41_4_1_U267       | 1   |        | mul_ln61_22         | mul       | dsp_slice                | 3       |
|     mac_muladd_16s_16s_40s_41_4_1_U267       | 1   |        | sext_ln61_130       | sext      | dsp_slice                | 3       |
|     mac_muladd_16s_16s_40s_41_4_1_U267       | 1   |        | add_ln61_20         | add       | dsp_slice                | 3       |
|     xor_ln61_40_fu_6775_p2                   |     |        | xor_ln61_40         | xor       | auto                     | 0       |
|     and_ln61_20_fu_6781_p2                   |     |        | and_ln61_20         | and       | auto                     | 0       |
|     xor_ln61_41_fu_6787_p2                   |     |        | xor_ln61_41         | xor       | auto                     | 0       |
|     select_ln61_40_fu_6793_p3                |     |        | select_ln61_40      | select    | auto_sel                 | 0       |
|     s_acc_41_fu_6801_p3                      |     |        | s_acc_41            | select    | auto_sel                 | 0       |
|     mac_muladd_16s_16s_40s_41_4_1_U268       | 1   |        | mul_ln61_23         | mul       | dsp_slice                | 3       |
|     mac_muladd_16s_16s_40s_41_4_1_U268       | 1   |        | sext_ln61_133       | sext      | dsp_slice                | 3       |
|     mac_muladd_16s_16s_40s_41_4_1_U268       | 1   |        | add_ln61_21         | add       | dsp_slice                | 3       |
|     xor_ln61_42_fu_6833_p2                   |     |        | xor_ln61_42         | xor       | auto                     | 0       |
|     and_ln61_21_fu_6839_p2                   |     |        | and_ln61_21         | and       | auto                     | 0       |
|     xor_ln61_43_fu_6845_p2                   |     |        | xor_ln61_43         | xor       | auto                     | 0       |
|     select_ln61_42_fu_6851_p3                |     |        | select_ln61_42      | select    | auto_sel                 | 0       |
|     s_acc_43_fu_6859_p3                      |     |        | s_acc_43            | select    | auto_sel                 | 0       |
|     mac_muladd_16s_16s_40s_41_4_1_U269       | 1   |        | mul_ln61_24         | mul       | dsp_slice                | 3       |
|     mac_muladd_16s_16s_40s_41_4_1_U269       | 1   |        | sext_ln61_136       | sext      | dsp_slice                | 3       |
|     mac_muladd_16s_16s_40s_41_4_1_U269       | 1   |        | add_ln61_22         | add       | dsp_slice                | 3       |
|     xor_ln61_44_fu_6891_p2                   |     |        | xor_ln61_44         | xor       | auto                     | 0       |
|     and_ln61_22_fu_6897_p2                   |     |        | and_ln61_22         | and       | auto                     | 0       |
|     xor_ln61_45_fu_6903_p2                   |     |        | xor_ln61_45         | xor       | auto                     | 0       |
|     select_ln61_44_fu_6909_p3                |     |        | select_ln61_44      | select    | auto_sel                 | 0       |
|     s_acc_45_fu_6917_p3                      |     |        | s_acc_45            | select    | auto_sel                 | 0       |
|     mac_muladd_16s_16s_40s_41_4_1_U270       | 1   |        | mul_ln61_25         | mul       | dsp_slice                | 3       |
|     mac_muladd_16s_16s_40s_41_4_1_U270       | 1   |        | sext_ln61_139       | sext      | dsp_slice                | 3       |
|     mac_muladd_16s_16s_40s_41_4_1_U270       | 1   |        | add_ln61_23         | add       | dsp_slice                | 3       |
|     xor_ln61_46_fu_6949_p2                   |     |        | xor_ln61_46         | xor       | auto                     | 0       |
|     and_ln61_23_fu_6955_p2                   |     |        | and_ln61_23         | and       | auto                     | 0       |
|     xor_ln61_47_fu_6961_p2                   |     |        | xor_ln61_47         | xor       | auto                     | 0       |
|     select_ln61_46_fu_6967_p3                |     |        | select_ln61_46      | select    | auto_sel                 | 0       |
|     s_acc_47_fu_6975_p3                      |     |        | s_acc_47            | select    | auto_sel                 | 0       |
|     mac_muladd_16s_16s_40s_41_4_1_U271       | 1   |        | mul_ln61_26         | mul       | dsp_slice                | 3       |
|     mac_muladd_16s_16s_40s_41_4_1_U271       | 1   |        | sext_ln61_142       | sext      | dsp_slice                | 3       |
|     mac_muladd_16s_16s_40s_41_4_1_U271       | 1   |        | add_ln61_24         | add       | dsp_slice                | 3       |
|     xor_ln61_48_fu_7007_p2                   |     |        | xor_ln61_48         | xor       | auto                     | 0       |
|     and_ln61_24_fu_7013_p2                   |     |        | and_ln61_24         | and       | auto                     | 0       |
|     xor_ln61_49_fu_7019_p2                   |     |        | xor_ln61_49         | xor       | auto                     | 0       |
|     select_ln61_48_fu_7025_p3                |     |        | select_ln61_48      | select    | auto_sel                 | 0       |
|     s_acc_49_fu_7033_p3                      |     |        | s_acc_49            | select    | auto_sel                 | 0       |
|     mac_muladd_16s_16s_40s_41_4_1_U272       | 1   |        | mul_ln61_27         | mul       | dsp_slice                | 3       |
|     mac_muladd_16s_16s_40s_41_4_1_U272       | 1   |        | sext_ln61_145       | sext      | dsp_slice                | 3       |
|     mac_muladd_16s_16s_40s_41_4_1_U272       | 1   |        | add_ln61_25         | add       | dsp_slice                | 3       |
|     xor_ln61_50_fu_7065_p2                   |     |        | xor_ln61_50         | xor       | auto                     | 0       |
|     and_ln61_25_fu_7071_p2                   |     |        | and_ln61_25         | and       | auto                     | 0       |
|     xor_ln61_51_fu_7077_p2                   |     |        | xor_ln61_51         | xor       | auto                     | 0       |
|     select_ln61_50_fu_7083_p3                |     |        | select_ln61_50      | select    | auto_sel                 | 0       |
|     s_acc_51_fu_7091_p3                      |     |        | s_acc_51            | select    | auto_sel                 | 0       |
|     mac_muladd_16s_16s_40s_41_4_1_U273       | 1   |        | mul_ln61_28         | mul       | dsp_slice                | 3       |
|     mac_muladd_16s_16s_40s_41_4_1_U273       | 1   |        | sext_ln61_148       | sext      | dsp_slice                | 3       |
|     mac_muladd_16s_16s_40s_41_4_1_U273       | 1   |        | add_ln61_26         | add       | dsp_slice                | 3       |
|     xor_ln61_52_fu_7123_p2                   |     |        | xor_ln61_52         | xor       | auto                     | 0       |
|     and_ln61_26_fu_7129_p2                   |     |        | and_ln61_26         | and       | auto                     | 0       |
|     xor_ln61_53_fu_7135_p2                   |     |        | xor_ln61_53         | xor       | auto                     | 0       |
|     select_ln61_52_fu_7141_p3                |     |        | select_ln61_52      | select    | auto_sel                 | 0       |
|     s_acc_53_fu_7149_p3                      |     |        | s_acc_53            | select    | auto_sel                 | 0       |
|     mac_muladd_16s_16s_40s_41_4_1_U274       | 1   |        | mul_ln61_29         | mul       | dsp_slice                | 3       |
|     mac_muladd_16s_16s_40s_41_4_1_U274       | 1   |        | sext_ln61_151       | sext      | dsp_slice                | 3       |
|     mac_muladd_16s_16s_40s_41_4_1_U274       | 1   |        | add_ln61_27         | add       | dsp_slice                | 3       |
|     xor_ln61_54_fu_7181_p2                   |     |        | xor_ln61_54         | xor       | auto                     | 0       |
|     and_ln61_27_fu_7187_p2                   |     |        | and_ln61_27         | and       | auto                     | 0       |
|     xor_ln61_55_fu_7193_p2                   |     |        | xor_ln61_55         | xor       | auto                     | 0       |
|     select_ln61_54_fu_7199_p3                |     |        | select_ln61_54      | select    | auto_sel                 | 0       |
|     s_acc_55_fu_7207_p3                      |     |        | s_acc_55            | select    | auto_sel                 | 0       |
|     mac_muladd_16s_16s_40s_41_4_1_U275       | 1   |        | mul_ln61_30         | mul       | dsp_slice                | 3       |
|     mac_muladd_16s_16s_40s_41_4_1_U275       | 1   |        | sext_ln61_154       | sext      | dsp_slice                | 3       |
|     mac_muladd_16s_16s_40s_41_4_1_U275       | 1   |        | add_ln61_28         | add       | dsp_slice                | 3       |
|     xor_ln61_56_fu_7239_p2                   |     |        | xor_ln61_56         | xor       | auto                     | 0       |
|     and_ln61_28_fu_7245_p2                   |     |        | and_ln61_28         | and       | auto                     | 0       |
|     xor_ln61_57_fu_7251_p2                   |     |        | xor_ln61_57         | xor       | auto                     | 0       |
|     select_ln61_56_fu_7257_p3                |     |        | select_ln61_56      | select    | auto_sel                 | 0       |
|     s_acc_57_fu_7265_p3                      |     |        | s_acc_57            | select    | auto_sel                 | 0       |
|     mac_muladd_16s_16s_40s_41_4_1_U276       | 1   |        | mul_ln61_31         | mul       | dsp_slice                | 3       |
|     mac_muladd_16s_16s_40s_41_4_1_U276       | 1   |        | sext_ln61_157       | sext      | dsp_slice                | 3       |
|     mac_muladd_16s_16s_40s_41_4_1_U276       | 1   |        | add_ln61_29         | add       | dsp_slice                | 3       |
|     xor_ln61_58_fu_7297_p2                   |     |        | xor_ln61_58         | xor       | auto                     | 0       |
|     and_ln61_29_fu_7303_p2                   |     |        | and_ln61_29         | and       | auto                     | 0       |
|     xor_ln61_59_fu_7309_p2                   |     |        | xor_ln61_59         | xor       | auto                     | 0       |
|     select_ln61_58_fu_7315_p3                |     |        | select_ln61_58      | select    | auto_sel                 | 0       |
|     s_acc_59_fu_7323_p3                      |     |        | s_acc_59            | select    | auto_sel                 | 0       |
|     mac_muladd_16s_16s_40s_41_4_1_U277       | 1   |        | mul_ln61_32         | mul       | dsp_slice                | 3       |
|     mac_muladd_16s_16s_40s_41_4_1_U277       | 1   |        | sext_ln61_160       | sext      | dsp_slice                | 3       |
|     mac_muladd_16s_16s_40s_41_4_1_U277       | 1   |        | add_ln61_30         | add       | dsp_slice                | 3       |
|     xor_ln61_60_fu_7355_p2                   |     |        | xor_ln61_60         | xor       | auto                     | 0       |
|     and_ln61_30_fu_7361_p2                   |     |        | and_ln61_30         | and       | auto                     | 0       |
|     xor_ln61_61_fu_7367_p2                   |     |        | xor_ln61_61         | xor       | auto                     | 0       |
|     select_ln61_60_fu_7373_p3                |     |        | select_ln61_60      | select    | auto_sel                 | 0       |
|     s_acc_61_fu_7381_p3                      |     |        | s_acc_61            | select    | auto_sel                 | 0       |
|     mac_muladd_16s_16s_40s_41_4_1_U278       | 1   |        | mul_ln61_33         | mul       | dsp_slice                | 3       |
|     mac_muladd_16s_16s_40s_41_4_1_U278       | 1   |        | sext_ln61_163       | sext      | dsp_slice                | 3       |
|     mac_muladd_16s_16s_40s_41_4_1_U278       | 1   |        | add_ln61_31         | add       | dsp_slice                | 3       |
|     xor_ln61_62_fu_7413_p2                   |     |        | xor_ln61_62         | xor       | auto                     | 0       |
|     and_ln61_31_fu_7419_p2                   |     |        | and_ln61_31         | and       | auto                     | 0       |
|     xor_ln61_63_fu_7425_p2                   |     |        | xor_ln61_63         | xor       | auto                     | 0       |
|     select_ln61_62_fu_7431_p3                |     |        | select_ln61_62      | select    | auto_sel                 | 0       |
|     s_acc_63_fu_7439_p3                      |     |        | s_acc_63            | select    | auto_sel                 | 0       |
|     mac_muladd_16s_16s_40s_41_4_1_U279       | 1   |        | mul_ln61_34         | mul       | dsp_slice                | 3       |
|     mac_muladd_16s_16s_40s_41_4_1_U279       | 1   |        | sext_ln61_166       | sext      | dsp_slice                | 3       |
|     mac_muladd_16s_16s_40s_41_4_1_U279       | 1   |        | add_ln61_32         | add       | dsp_slice                | 3       |
|     xor_ln61_64_fu_7471_p2                   |     |        | xor_ln61_64         | xor       | auto                     | 0       |
|     and_ln61_32_fu_7477_p2                   |     |        | and_ln61_32         | and       | auto                     | 0       |
|     xor_ln61_65_fu_7483_p2                   |     |        | xor_ln61_65         | xor       | auto                     | 0       |
|     select_ln61_64_fu_7489_p3                |     |        | select_ln61_64      | select    | auto_sel                 | 0       |
|     s_acc_65_fu_7497_p3                      |     |        | s_acc_65            | select    | auto_sel                 | 0       |
|     mac_muladd_16s_16s_40s_41_4_1_U280       | 1   |        | mul_ln61_35         | mul       | dsp_slice                | 3       |
|     mac_muladd_16s_16s_40s_41_4_1_U280       | 1   |        | sext_ln61_169       | sext      | dsp_slice                | 3       |
|     mac_muladd_16s_16s_40s_41_4_1_U280       | 1   |        | add_ln61_33         | add       | dsp_slice                | 3       |
|     xor_ln61_66_fu_7529_p2                   |     |        | xor_ln61_66         | xor       | auto                     | 0       |
|     and_ln61_33_fu_7535_p2                   |     |        | and_ln61_33         | and       | auto                     | 0       |
|     xor_ln61_67_fu_7541_p2                   |     |        | xor_ln61_67         | xor       | auto                     | 0       |
|     select_ln61_66_fu_7547_p3                |     |        | select_ln61_66      | select    | auto_sel                 | 0       |
|     s_acc_67_fu_7555_p3                      |     |        | s_acc_67            | select    | auto_sel                 | 0       |
|     mac_muladd_16s_16s_40s_41_4_1_U281       | 1   |        | mul_ln61_36         | mul       | dsp_slice                | 3       |
|     mac_muladd_16s_16s_40s_41_4_1_U281       | 1   |        | sext_ln61_172       | sext      | dsp_slice                | 3       |
|     mac_muladd_16s_16s_40s_41_4_1_U281       | 1   |        | add_ln61_34         | add       | dsp_slice                | 3       |
|     xor_ln61_68_fu_7587_p2                   |     |        | xor_ln61_68         | xor       | auto                     | 0       |
|     and_ln61_34_fu_7593_p2                   |     |        | and_ln61_34         | and       | auto                     | 0       |
|     xor_ln61_69_fu_7599_p2                   |     |        | xor_ln61_69         | xor       | auto                     | 0       |
|     select_ln61_68_fu_7605_p3                |     |        | select_ln61_68      | select    | auto_sel                 | 0       |
|     s_acc_69_fu_7613_p3                      |     |        | s_acc_69            | select    | auto_sel                 | 0       |
|     mac_muladd_16s_16s_40s_41_4_1_U282       | 1   |        | mul_ln61_37         | mul       | dsp_slice                | 3       |
|     mac_muladd_16s_16s_40s_41_4_1_U282       | 1   |        | sext_ln61_175       | sext      | dsp_slice                | 3       |
|     mac_muladd_16s_16s_40s_41_4_1_U282       | 1   |        | add_ln61_35         | add       | dsp_slice                | 3       |
|     xor_ln61_70_fu_7645_p2                   |     |        | xor_ln61_70         | xor       | auto                     | 0       |
|     and_ln61_35_fu_7651_p2                   |     |        | and_ln61_35         | and       | auto                     | 0       |
|     xor_ln61_71_fu_7657_p2                   |     |        | xor_ln61_71         | xor       | auto                     | 0       |
|     select_ln61_70_fu_7663_p3                |     |        | select_ln61_70      | select    | auto_sel                 | 0       |
|     s_acc_71_fu_7671_p3                      |     |        | s_acc_71            | select    | auto_sel                 | 0       |
|     mac_muladd_16s_16s_40s_41_4_1_U283       | 1   |        | mul_ln61_38         | mul       | dsp_slice                | 3       |
|     mac_muladd_16s_16s_40s_41_4_1_U283       | 1   |        | sext_ln61_178       | sext      | dsp_slice                | 3       |
|     mac_muladd_16s_16s_40s_41_4_1_U283       | 1   |        | add_ln61_36         | add       | dsp_slice                | 3       |
|     xor_ln61_72_fu_7703_p2                   |     |        | xor_ln61_72         | xor       | auto                     | 0       |
|     and_ln61_36_fu_7709_p2                   |     |        | and_ln61_36         | and       | auto                     | 0       |
|     xor_ln61_73_fu_7715_p2                   |     |        | xor_ln61_73         | xor       | auto                     | 0       |
|     select_ln61_72_fu_7721_p3                |     |        | select_ln61_72      | select    | auto_sel                 | 0       |
|     s_acc_73_fu_7729_p3                      |     |        | s_acc_73            | select    | auto_sel                 | 0       |
|     mac_muladd_16s_16s_40s_41_4_1_U284       | 1   |        | mul_ln61_39         | mul       | dsp_slice                | 3       |
|     mac_muladd_16s_16s_40s_41_4_1_U284       | 1   |        | sext_ln61_181       | sext      | dsp_slice                | 3       |
|     mac_muladd_16s_16s_40s_41_4_1_U284       | 1   |        | add_ln61_37         | add       | dsp_slice                | 3       |
|     xor_ln61_74_fu_7761_p2                   |     |        | xor_ln61_74         | xor       | auto                     | 0       |
|     and_ln61_37_fu_7767_p2                   |     |        | and_ln61_37         | and       | auto                     | 0       |
|     xor_ln61_75_fu_7773_p2                   |     |        | xor_ln61_75         | xor       | auto                     | 0       |
|     select_ln61_74_fu_7779_p3                |     |        | select_ln61_74      | select    | auto_sel                 | 0       |
|     s_acc_75_fu_7787_p3                      |     |        | s_acc_75            | select    | auto_sel                 | 0       |
|     mac_muladd_16s_16s_40s_41_4_1_U285       | 1   |        | mul_ln61_40         | mul       | dsp_slice                | 3       |
|     mac_muladd_16s_16s_40s_41_4_1_U285       | 1   |        | sext_ln61_184       | sext      | dsp_slice                | 3       |
|     mac_muladd_16s_16s_40s_41_4_1_U285       | 1   |        | add_ln61_38         | add       | dsp_slice                | 3       |
|     xor_ln61_76_fu_7819_p2                   |     |        | xor_ln61_76         | xor       | auto                     | 0       |
|     and_ln61_38_fu_7825_p2                   |     |        | and_ln61_38         | and       | auto                     | 0       |
|     xor_ln61_77_fu_7831_p2                   |     |        | xor_ln61_77         | xor       | auto                     | 0       |
|     select_ln61_76_fu_7837_p3                |     |        | select_ln61_76      | select    | auto_sel                 | 0       |
|     s_acc_77_fu_7845_p3                      |     |        | s_acc_77            | select    | auto_sel                 | 0       |
|     mac_muladd_16s_16s_40s_41_4_1_U286       | 1   |        | mul_ln61_41         | mul       | dsp_slice                | 3       |
|     mac_muladd_16s_16s_40s_41_4_1_U286       | 1   |        | sext_ln61_187       | sext      | dsp_slice                | 3       |
|     mac_muladd_16s_16s_40s_41_4_1_U286       | 1   |        | add_ln61_39         | add       | dsp_slice                | 3       |
|     xor_ln61_78_fu_7877_p2                   |     |        | xor_ln61_78         | xor       | auto                     | 0       |
|     and_ln61_39_fu_7883_p2                   |     |        | and_ln61_39         | and       | auto                     | 0       |
|     xor_ln61_79_fu_7889_p2                   |     |        | xor_ln61_79         | xor       | auto                     | 0       |
|     select_ln61_78_fu_7895_p3                |     |        | select_ln61_78      | select    | auto_sel                 | 0       |
|     s_acc_79_fu_7903_p3                      |     |        | s_acc_79            | select    | auto_sel                 | 0       |
|     mac_muladd_16s_16s_40s_41_4_1_U287       | 1   |        | mul_ln61_42         | mul       | dsp_slice                | 3       |
|     mac_muladd_16s_16s_40s_41_4_1_U287       | 1   |        | sext_ln61_190       | sext      | dsp_slice                | 3       |
|     mac_muladd_16s_16s_40s_41_4_1_U287       | 1   |        | add_ln61_40         | add       | dsp_slice                | 3       |
|     xor_ln61_80_fu_7935_p2                   |     |        | xor_ln61_80         | xor       | auto                     | 0       |
|     and_ln61_40_fu_7941_p2                   |     |        | and_ln61_40         | and       | auto                     | 0       |
|     xor_ln61_81_fu_7947_p2                   |     |        | xor_ln61_81         | xor       | auto                     | 0       |
|     select_ln61_80_fu_7953_p3                |     |        | select_ln61_80      | select    | auto_sel                 | 0       |
|     s_acc_81_fu_7961_p3                      |     |        | s_acc_81            | select    | auto_sel                 | 0       |
|     mac_muladd_16s_16s_40s_41_4_1_U288       | 1   |        | mul_ln61_43         | mul       | dsp_slice                | 3       |
|     mac_muladd_16s_16s_40s_41_4_1_U288       | 1   |        | sext_ln61_193       | sext      | dsp_slice                | 3       |
|     mac_muladd_16s_16s_40s_41_4_1_U288       | 1   |        | add_ln61_41         | add       | dsp_slice                | 3       |
|     xor_ln61_82_fu_7993_p2                   |     |        | xor_ln61_82         | xor       | auto                     | 0       |
|     and_ln61_41_fu_7999_p2                   |     |        | and_ln61_41         | and       | auto                     | 0       |
|     xor_ln61_83_fu_8005_p2                   |     |        | xor_ln61_83         | xor       | auto                     | 0       |
|     select_ln61_82_fu_8011_p3                |     |        | select_ln61_82      | select    | auto_sel                 | 0       |
|     s_acc_83_fu_8019_p3                      |     |        | s_acc_83            | select    | auto_sel                 | 0       |
|     mac_muladd_16s_16s_40s_41_4_1_U289       | 1   |        | mul_ln61_44         | mul       | dsp_slice                | 3       |
|     mac_muladd_16s_16s_40s_41_4_1_U289       | 1   |        | sext_ln61_196       | sext      | dsp_slice                | 3       |
|     mac_muladd_16s_16s_40s_41_4_1_U289       | 1   |        | add_ln61_42         | add       | dsp_slice                | 3       |
|     xor_ln61_84_fu_8051_p2                   |     |        | xor_ln61_84         | xor       | auto                     | 0       |
|     and_ln61_42_fu_8057_p2                   |     |        | and_ln61_42         | and       | auto                     | 0       |
|     xor_ln61_85_fu_8063_p2                   |     |        | xor_ln61_85         | xor       | auto                     | 0       |
|     select_ln61_84_fu_8069_p3                |     |        | select_ln61_84      | select    | auto_sel                 | 0       |
|     s_acc_85_fu_8077_p3                      |     |        | s_acc_85            | select    | auto_sel                 | 0       |
|     mac_muladd_16s_16s_40s_41_4_1_U290       | 1   |        | mul_ln61_45         | mul       | dsp_slice                | 3       |
|     mac_muladd_16s_16s_40s_41_4_1_U290       | 1   |        | sext_ln61_199       | sext      | dsp_slice                | 3       |
|     mac_muladd_16s_16s_40s_41_4_1_U290       | 1   |        | add_ln61_43         | add       | dsp_slice                | 3       |
|     xor_ln61_86_fu_8109_p2                   |     |        | xor_ln61_86         | xor       | auto                     | 0       |
|     and_ln61_43_fu_8115_p2                   |     |        | and_ln61_43         | and       | auto                     | 0       |
|     xor_ln61_87_fu_8121_p2                   |     |        | xor_ln61_87         | xor       | auto                     | 0       |
|     select_ln61_86_fu_8127_p3                |     |        | select_ln61_86      | select    | auto_sel                 | 0       |
|     s_acc_87_fu_8135_p3                      |     |        | s_acc_87            | select    | auto_sel                 | 0       |
|     mac_muladd_16s_16s_40s_41_4_1_U291       | 1   |        | mul_ln61_46         | mul       | dsp_slice                | 3       |
|     mac_muladd_16s_16s_40s_41_4_1_U291       | 1   |        | sext_ln61_202       | sext      | dsp_slice                | 3       |
|     mac_muladd_16s_16s_40s_41_4_1_U291       | 1   |        | add_ln61_44         | add       | dsp_slice                | 3       |
|     xor_ln61_88_fu_8167_p2                   |     |        | xor_ln61_88         | xor       | auto                     | 0       |
|     and_ln61_44_fu_8173_p2                   |     |        | and_ln61_44         | and       | auto                     | 0       |
|     xor_ln61_89_fu_8179_p2                   |     |        | xor_ln61_89         | xor       | auto                     | 0       |
|     select_ln61_88_fu_8185_p3                |     |        | select_ln61_88      | select    | auto_sel                 | 0       |
|     s_acc_89_fu_8193_p3                      |     |        | s_acc_89            | select    | auto_sel                 | 0       |
|     mac_muladd_16s_16s_40s_41_4_1_U292       | 1   |        | mul_ln61_47         | mul       | dsp_slice                | 3       |
|     mac_muladd_16s_16s_40s_41_4_1_U292       | 1   |        | sext_ln61_205       | sext      | dsp_slice                | 3       |
|     mac_muladd_16s_16s_40s_41_4_1_U292       | 1   |        | add_ln61_45         | add       | dsp_slice                | 3       |
|     xor_ln61_90_fu_8225_p2                   |     |        | xor_ln61_90         | xor       | auto                     | 0       |
|     and_ln61_45_fu_8231_p2                   |     |        | and_ln61_45         | and       | auto                     | 0       |
|     xor_ln61_91_fu_8237_p2                   |     |        | xor_ln61_91         | xor       | auto                     | 0       |
|     select_ln61_90_fu_8243_p3                |     |        | select_ln61_90      | select    | auto_sel                 | 0       |
|     s_acc_91_fu_8251_p3                      |     |        | s_acc_91            | select    | auto_sel                 | 0       |
|     mac_muladd_16s_16s_40s_41_4_1_U293       | 1   |        | mul_ln61_48         | mul       | dsp_slice                | 3       |
|     mac_muladd_16s_16s_40s_41_4_1_U293       | 1   |        | sext_ln61_208       | sext      | dsp_slice                | 3       |
|     mac_muladd_16s_16s_40s_41_4_1_U293       | 1   |        | add_ln61_46         | add       | dsp_slice                | 3       |
|     xor_ln61_92_fu_8283_p2                   |     |        | xor_ln61_92         | xor       | auto                     | 0       |
|     and_ln61_46_fu_8289_p2                   |     |        | and_ln61_46         | and       | auto                     | 0       |
|     xor_ln61_93_fu_8295_p2                   |     |        | xor_ln61_93         | xor       | auto                     | 0       |
|     select_ln61_92_fu_8301_p3                |     |        | select_ln61_92      | select    | auto_sel                 | 0       |
|     s_acc_93_fu_8309_p3                      |     |        | s_acc_93            | select    | auto_sel                 | 0       |
|     mac_muladd_16s_16s_40s_41_4_1_U294       | 1   |        | mul_ln61_49         | mul       | dsp_slice                | 3       |
|     mac_muladd_16s_16s_40s_41_4_1_U294       | 1   |        | sext_ln61_211       | sext      | dsp_slice                | 3       |
|     mac_muladd_16s_16s_40s_41_4_1_U294       | 1   |        | add_ln61_47         | add       | dsp_slice                | 3       |
|     xor_ln61_94_fu_8341_p2                   |     |        | xor_ln61_94         | xor       | auto                     | 0       |
|     and_ln61_47_fu_8347_p2                   |     |        | and_ln61_47         | and       | auto                     | 0       |
|     xor_ln61_95_fu_8353_p2                   |     |        | xor_ln61_95         | xor       | auto                     | 0       |
|     select_ln61_94_fu_8359_p3                |     |        | select_ln61_94      | select    | auto_sel                 | 0       |
|     s_acc_95_fu_8367_p3                      |     |        | s_acc_95            | select    | auto_sel                 | 0       |
|     mac_muladd_16s_16s_40s_41_4_1_U295       | 1   |        | mul_ln61_50         | mul       | dsp_slice                | 3       |
|     mac_muladd_16s_16s_40s_41_4_1_U295       | 1   |        | sext_ln61_214       | sext      | dsp_slice                | 3       |
|     mac_muladd_16s_16s_40s_41_4_1_U295       | 1   |        | add_ln61_48         | add       | dsp_slice                | 3       |
|     xor_ln61_96_fu_8399_p2                   |     |        | xor_ln61_96         | xor       | auto                     | 0       |
|     and_ln61_48_fu_8405_p2                   |     |        | and_ln61_48         | and       | auto                     | 0       |
|     xor_ln61_97_fu_8411_p2                   |     |        | xor_ln61_97         | xor       | auto                     | 0       |
|     select_ln61_96_fu_8417_p3                |     |        | select_ln61_96      | select    | auto_sel                 | 0       |
|     s_acc_97_fu_8425_p3                      |     |        | s_acc_97            | select    | auto_sel                 | 0       |
|     mac_muladd_16s_16s_40s_41_4_1_U296       | 1   |        | mul_ln61_51         | mul       | dsp_slice                | 3       |
|     mac_muladd_16s_16s_40s_41_4_1_U296       | 1   |        | sext_ln61_217       | sext      | dsp_slice                | 3       |
|     mac_muladd_16s_16s_40s_41_4_1_U296       | 1   |        | add_ln61_49         | add       | dsp_slice                | 3       |
|     xor_ln61_98_fu_8457_p2                   |     |        | xor_ln61_98         | xor       | auto                     | 0       |
|     and_ln61_49_fu_8463_p2                   |     |        | and_ln61_49         | and       | auto                     | 0       |
|     xor_ln61_99_fu_8469_p2                   |     |        | xor_ln61_99         | xor       | auto                     | 0       |
|     select_ln61_98_fu_8475_p3                |     |        | select_ln61_98      | select    | auto_sel                 | 0       |
|     s_acc_99_fu_8483_p3                      |     |        | s_acc_99            | select    | auto_sel                 | 0       |
|     mac_muladd_16s_16s_40s_41_4_1_U297       | 1   |        | mul_ln61_52         | mul       | dsp_slice                | 3       |
|     mac_muladd_16s_16s_40s_41_4_1_U297       | 1   |        | sext_ln61_220       | sext      | dsp_slice                | 3       |
|     mac_muladd_16s_16s_40s_41_4_1_U297       | 1   |        | add_ln61_50         | add       | dsp_slice                | 3       |
|     xor_ln61_100_fu_8515_p2                  |     |        | xor_ln61_100        | xor       | auto                     | 0       |
|     and_ln61_50_fu_8521_p2                   |     |        | and_ln61_50         | and       | auto                     | 0       |
|     xor_ln61_101_fu_8527_p2                  |     |        | xor_ln61_101        | xor       | auto                     | 0       |
|     select_ln61_100_fu_8533_p3               |     |        | select_ln61_100     | select    | auto_sel                 | 0       |
|     s_acc_101_fu_8541_p3                     |     |        | s_acc_101           | select    | auto_sel                 | 0       |
|     mac_muladd_16s_16s_40s_41_4_1_U298       | 1   |        | mul_ln61_53         | mul       | dsp_slice                | 3       |
|     mac_muladd_16s_16s_40s_41_4_1_U298       | 1   |        | sext_ln61_223       | sext      | dsp_slice                | 3       |
|     mac_muladd_16s_16s_40s_41_4_1_U298       | 1   |        | add_ln61_51         | add       | dsp_slice                | 3       |
|     xor_ln61_102_fu_8573_p2                  |     |        | xor_ln61_102        | xor       | auto                     | 0       |
|     and_ln61_51_fu_8579_p2                   |     |        | and_ln61_51         | and       | auto                     | 0       |
|     xor_ln61_103_fu_8585_p2                  |     |        | xor_ln61_103        | xor       | auto                     | 0       |
|     select_ln61_102_fu_8591_p3               |     |        | select_ln61_102     | select    | auto_sel                 | 0       |
|     s_acc_103_fu_8599_p3                     |     |        | s_acc_103           | select    | auto_sel                 | 0       |
|     mac_muladd_16s_16s_40s_41_4_1_U299       | 1   |        | mul_ln61_54         | mul       | dsp_slice                | 3       |
|     mac_muladd_16s_16s_40s_41_4_1_U299       | 1   |        | sext_ln61_226       | sext      | dsp_slice                | 3       |
|     mac_muladd_16s_16s_40s_41_4_1_U299       | 1   |        | add_ln61_52         | add       | dsp_slice                | 3       |
|     xor_ln61_104_fu_8631_p2                  |     |        | xor_ln61_104        | xor       | auto                     | 0       |
|     and_ln61_52_fu_8637_p2                   |     |        | and_ln61_52         | and       | auto                     | 0       |
|     xor_ln61_105_fu_8643_p2                  |     |        | xor_ln61_105        | xor       | auto                     | 0       |
|     select_ln61_104_fu_8649_p3               |     |        | select_ln61_104     | select    | auto_sel                 | 0       |
|     s_acc_105_fu_8657_p3                     |     |        | s_acc_105           | select    | auto_sel                 | 0       |
|     mac_muladd_16s_16s_40s_41_4_1_U300       | 1   |        | mul_ln61_55         | mul       | dsp_slice                | 3       |
|     mac_muladd_16s_16s_40s_41_4_1_U300       | 1   |        | sext_ln61_229       | sext      | dsp_slice                | 3       |
|     mac_muladd_16s_16s_40s_41_4_1_U300       | 1   |        | add_ln61_53         | add       | dsp_slice                | 3       |
|     xor_ln61_106_fu_8689_p2                  |     |        | xor_ln61_106        | xor       | auto                     | 0       |
|     and_ln61_53_fu_8695_p2                   |     |        | and_ln61_53         | and       | auto                     | 0       |
|     xor_ln61_107_fu_8701_p2                  |     |        | xor_ln61_107        | xor       | auto                     | 0       |
|     select_ln61_106_fu_8707_p3               |     |        | select_ln61_106     | select    | auto_sel                 | 0       |
|     s_acc_107_fu_8715_p3                     |     |        | s_acc_107           | select    | auto_sel                 | 0       |
|     mac_muladd_16s_16s_40s_41_4_1_U301       | 1   |        | mul_ln61_56         | mul       | dsp_slice                | 3       |
|     mac_muladd_16s_16s_40s_41_4_1_U301       | 1   |        | sext_ln61_232       | sext      | dsp_slice                | 3       |
|     mac_muladd_16s_16s_40s_41_4_1_U301       | 1   |        | add_ln61_54         | add       | dsp_slice                | 3       |
|     xor_ln61_108_fu_8747_p2                  |     |        | xor_ln61_108        | xor       | auto                     | 0       |
|     and_ln61_54_fu_8753_p2                   |     |        | and_ln61_54         | and       | auto                     | 0       |
|     xor_ln61_109_fu_8759_p2                  |     |        | xor_ln61_109        | xor       | auto                     | 0       |
|     select_ln61_108_fu_8765_p3               |     |        | select_ln61_108     | select    | auto_sel                 | 0       |
|     s_acc_109_fu_8773_p3                     |     |        | s_acc_109           | select    | auto_sel                 | 0       |
|     mac_muladd_16s_16s_40s_41_4_1_U302       | 1   |        | mul_ln61_57         | mul       | dsp_slice                | 3       |
|     mac_muladd_16s_16s_40s_41_4_1_U302       | 1   |        | sext_ln61_235       | sext      | dsp_slice                | 3       |
|     mac_muladd_16s_16s_40s_41_4_1_U302       | 1   |        | add_ln61_55         | add       | dsp_slice                | 3       |
|     xor_ln61_110_fu_8805_p2                  |     |        | xor_ln61_110        | xor       | auto                     | 0       |
|     and_ln61_55_fu_8811_p2                   |     |        | and_ln61_55         | and       | auto                     | 0       |
|     xor_ln61_111_fu_8817_p2                  |     |        | xor_ln61_111        | xor       | auto                     | 0       |
|     select_ln61_110_fu_8823_p3               |     |        | select_ln61_110     | select    | auto_sel                 | 0       |
|     s_acc_111_fu_8831_p3                     |     |        | s_acc_111           | select    | auto_sel                 | 0       |
|     mac_muladd_16s_16s_40s_41_4_1_U303       | 1   |        | mul_ln61_58         | mul       | dsp_slice                | 3       |
|     mac_muladd_16s_16s_40s_41_4_1_U303       | 1   |        | sext_ln61_238       | sext      | dsp_slice                | 3       |
|     mac_muladd_16s_16s_40s_41_4_1_U303       | 1   |        | add_ln61_56         | add       | dsp_slice                | 3       |
|     xor_ln61_112_fu_8863_p2                  |     |        | xor_ln61_112        | xor       | auto                     | 0       |
|     and_ln61_56_fu_8869_p2                   |     |        | and_ln61_56         | and       | auto                     | 0       |
|     xor_ln61_113_fu_8875_p2                  |     |        | xor_ln61_113        | xor       | auto                     | 0       |
|     select_ln61_112_fu_8881_p3               |     |        | select_ln61_112     | select    | auto_sel                 | 0       |
|     s_acc_113_fu_8889_p3                     |     |        | s_acc_113           | select    | auto_sel                 | 0       |
|     mac_muladd_16s_16s_40s_41_4_1_U304       | 1   |        | mul_ln61_59         | mul       | dsp_slice                | 3       |
|     mac_muladd_16s_16s_40s_41_4_1_U304       | 1   |        | sext_ln61_241       | sext      | dsp_slice                | 3       |
|     mac_muladd_16s_16s_40s_41_4_1_U304       | 1   |        | add_ln61_57         | add       | dsp_slice                | 3       |
|     xor_ln61_114_fu_8921_p2                  |     |        | xor_ln61_114        | xor       | auto                     | 0       |
|     and_ln61_57_fu_8927_p2                   |     |        | and_ln61_57         | and       | auto                     | 0       |
|     xor_ln61_115_fu_8933_p2                  |     |        | xor_ln61_115        | xor       | auto                     | 0       |
|     select_ln61_114_fu_8939_p3               |     |        | select_ln61_114     | select    | auto_sel                 | 0       |
|     s_acc_115_fu_8947_p3                     |     |        | s_acc_115           | select    | auto_sel                 | 0       |
|     mac_muladd_16s_16s_40s_41_4_1_U305       | 1   |        | mul_ln61_60         | mul       | dsp_slice                | 3       |
|     mac_muladd_16s_16s_40s_41_4_1_U305       | 1   |        | sext_ln61_244       | sext      | dsp_slice                | 3       |
|     mac_muladd_16s_16s_40s_41_4_1_U305       | 1   |        | add_ln61_58         | add       | dsp_slice                | 3       |
|     xor_ln61_116_fu_8979_p2                  |     |        | xor_ln61_116        | xor       | auto                     | 0       |
|     and_ln61_58_fu_8985_p2                   |     |        | and_ln61_58         | and       | auto                     | 0       |
|     xor_ln61_117_fu_8991_p2                  |     |        | xor_ln61_117        | xor       | auto                     | 0       |
|     select_ln61_116_fu_8997_p3               |     |        | select_ln61_116     | select    | auto_sel                 | 0       |
|     s_acc_117_fu_9005_p3                     |     |        | s_acc_117           | select    | auto_sel                 | 0       |
|     mac_muladd_16s_16s_40s_41_4_1_U306       | 1   |        | mul_ln61_61         | mul       | dsp_slice                | 3       |
|     mac_muladd_16s_16s_40s_41_4_1_U306       | 1   |        | sext_ln61_247       | sext      | dsp_slice                | 3       |
|     mac_muladd_16s_16s_40s_41_4_1_U306       | 1   |        | add_ln61_59         | add       | dsp_slice                | 3       |
|     xor_ln61_118_fu_9037_p2                  |     |        | xor_ln61_118        | xor       | auto                     | 0       |
|     and_ln61_59_fu_9043_p2                   |     |        | and_ln61_59         | and       | auto                     | 0       |
|     xor_ln61_119_fu_9049_p2                  |     |        | xor_ln61_119        | xor       | auto                     | 0       |
|     select_ln61_118_fu_9055_p3               |     |        | select_ln61_118     | select    | auto_sel                 | 0       |
|     s_acc_119_fu_9063_p3                     |     |        | s_acc_119           | select    | auto_sel                 | 0       |
|     mac_muladd_16s_16s_40s_41_4_1_U307       | 1   |        | mul_ln61_62         | mul       | dsp_slice                | 3       |
|     mac_muladd_16s_16s_40s_41_4_1_U307       | 1   |        | sext_ln61_250       | sext      | dsp_slice                | 3       |
|     mac_muladd_16s_16s_40s_41_4_1_U307       | 1   |        | add_ln61_60         | add       | dsp_slice                | 3       |
|     xor_ln61_120_fu_9092_p2                  |     |        | xor_ln61_120        | xor       | auto                     | 0       |
|     and_ln61_60_fu_9098_p2                   |     |        | and_ln61_60         | and       | auto                     | 0       |
|     xor_ln61_121_fu_9104_p2                  |     |        | xor_ln61_121        | xor       | auto                     | 0       |
|     select_ln61_120_fu_9110_p3               |     |        | select_ln61_120     | select    | auto_sel                 | 0       |
|     s_acc_121_fu_9118_p3                     |     |        | s_acc_121           | select    | auto_sel                 | 0       |
|     mac_muladd_16s_16s_40s_41_4_1_U308       | 1   |        | mul_ln61_63         | mul       | dsp_slice                | 3       |
|     mac_muladd_16s_16s_40s_41_4_1_U308       | 1   |        | sext_ln61_253       | sext      | dsp_slice                | 3       |
|     mac_muladd_16s_16s_40s_41_4_1_U308       | 1   |        | add_ln61_61         | add       | dsp_slice                | 3       |
|     xor_ln61_122_fu_9147_p2                  |     |        | xor_ln61_122        | xor       | auto                     | 0       |
|     and_ln61_61_fu_9153_p2                   |     |        | and_ln61_61         | and       | auto                     | 0       |
|     xor_ln61_123_fu_9159_p2                  |     |        | xor_ln61_123        | xor       | auto                     | 0       |
|     select_ln61_122_fu_9165_p3               |     |        | select_ln61_122     | select    | auto_sel                 | 0       |
|     s_acc_123_fu_9173_p3                     |     |        | s_acc_123           | select    | auto_sel                 | 0       |
|     mul_40s_24s_64_1_1_U236                  | 3   |        | mul_ln69            | mul       | auto                     | 0       |
|     icmp_ln69_fu_9220_p2                     |     |        | icmp_ln69           | setne     | auto                     | 0       |
|     icmp_ln69_1_fu_9226_p2                   |     |        | icmp_ln69_1         | setne     | auto                     | 0       |
|     or_ln69_fu_9232_p2                       |     |        | or_ln69             | or        | auto                     | 0       |
|     xor_ln69_fu_9238_p2                      |     |        | xor_ln69            | xor       | auto                     | 0       |
|     and_ln69_fu_9244_p2                      |     |        | and_ln69            | and       | auto                     | 0       |
|     xor_ln69_1_fu_9250_p2                    |     |        | xor_ln69_1          | xor       | auto                     | 0       |
|     or_ln69_1_fu_9256_p2                     |     |        | or_ln69_1           | or        | auto                     | 0       |
|     and_ln69_1_fu_9262_p2                    |     |        | and_ln69_1          | and       | auto                     | 0       |
|     select_ln69_fu_9268_p3                   |     |        | select_ln69         | select    | auto_sel                 | 0       |
|     or_ln69_2_fu_9276_p2                     |     |        | or_ln69_2           | or        | auto                     | 0       |
|     s_2_fu_9282_p3                           |     |        | s_2                 | select    | auto_sel                 | 0       |
|     icmp_ln72_fu_9293_p2                     |     |        | icmp_ln72           | setgt     | auto                     | 0       |
|     b_fu_9298_p3                             |     |        | b                   | select    | auto_sel                 | 0       |
|     sub_ln11_fu_9313_p2                      |     |        | sub_ln11            | sub       | fabric                   | 0       |
|     xor_ln11_fu_9339_p2                      |     |        | xor_ln11            | xor       | auto                     | 0       |
|     and_ln11_fu_9345_p2                      |     |        | and_ln11            | and       | auto                     | 0       |
|     xor_ln11_1_fu_9351_p2                    |     |        | xor_ln11_1          | xor       | auto                     | 0       |
|     select_ln11_fu_9357_p3                   |     |        | select_ln11         | select    | auto_sel                 | 0       |
|     x_fu_9365_p3                             |     |        | x                   | select    | auto_sel                 | 0       |
|     icmp_ln44_fu_9373_p2                     |     |        | icmp_ln44           | setlt     | auto                     | 0       |
|     pos_fu_9399_p2                           |     |        | pos                 | add       | fabric                   | 0       |
|     icmp_ln49_fu_9447_p2                     |     |        | icmp_ln49           | setne     | auto                     | 0       |
|     add_ln49_fu_9453_p2                      |     |        | add_ln49            | add       | fabric                   | 0       |
|     select_ln49_fu_9459_p3                   |     |        | select_ln49         | select    | auto_sel                 | 0       |
|     seg_fu_9467_p3                           |     |        | seg                 | select    | auto_sel                 | 0       |
|     seg_1_fu_9487_p3                         |     |        | seg_1               | select    | auto_sel                 | 0       |
|     sparsemux_33_4_28_1_1_U238               |     |        | y0                  | sparsemux | compactencoding_dontcare | 0       |
|     sparsemux_33_4_29_1_1_U239               |     |        | y1                  | sparsemux | compactencoding_dontcare | 0       |
|     sub_ln55_fu_9651_p2                      |     |        | sub_ln55            | sub       | fabric                   | 0       |
|     sub_ln56_fu_9661_p2                      |     |        | sub_ln56            | sub       | fabric                   | 0       |
|     mul_29s_18s_47_1_1_U168                  | 2   |        | mul_ln56            | mul       | auto                     | 0       |
|     corr_3_fu_9874_p2                        |     |        | corr_3              | add       | fabric                   | 0       |
|     xor_ln56_fu_9904_p2                      |     |        | xor_ln56            | xor       | auto                     | 0       |
|     and_ln56_fu_9910_p2                      |     |        | and_ln56            | and       | auto                     | 0       |
|     xor_ln56_1_fu_9916_p2                    |     |        | xor_ln56_1          | xor       | auto                     | 0       |
|     select_ln56_fu_9922_p3                   |     |        | select_ln56         | select    | auto_sel                 | 0       |
|     y_7_fu_9930_p3                           |     |        | y_7                 | select    | auto_sel                 | 0       |
|     sparsemux_33_4_24_1_1_U240               |     |        | tmp_138             | sparsemux | compactencoding_dontcare | 0       |
|     add_ln58_2_fu_10021_p2                   |     |        | add_ln58_2          | add       | fabric                   | 0       |
|     add_ln58_fu_10027_p2                     |     |        | add_ln58            | add       | fabric                   | 0       |
|     xor_ln58_fu_10053_p2                     |     |        | xor_ln58            | xor       | auto                     | 0       |
|     and_ln58_fu_10059_p2                     |     |        | and_ln58            | and       | auto                     | 0       |
|     xor_ln58_1_fu_10065_p2                   |     |        | xor_ln58_1          | xor       | auto                     | 0       |
|     y_8_fu_10114_p6                          |     |        | select_ln58         | select    | auto_sel                 | 0       |
|     or_ln45_fu_10079_p2                      |     |        | or_ln45             | or        | auto                     | 0       |
|     xor_ln45_2_fu_10083_p2                   |     |        | xor_ln45_2          | xor       | auto                     | 0       |
|     xor_ln45_3_fu_10089_p2                   |     |        | xor_ln45_3          | xor       | auto                     | 0       |
|     and_ln45_fu_10094_p2                     |     |        | and_ln45            | and       | auto                     | 0       |
|     and_ln58_2_fu_10099_p2                   |     |        | and_ln58_2          | and       | auto                     | 0       |
|     sparsemux_9_3_32_1_1_U241                |     |        | y_8                 | sparsemux | onehotencoding_realdef   | 0       |
|     sub_ln11_1_fu_9670_p2                    |     |        | sub_ln11_1          | sub       | fabric                   | 0       |
|     xor_ln11_2_fu_9696_p2                    |     |        | xor_ln11_2          | xor       | auto                     | 0       |
|     and_ln11_1_fu_9702_p2                    |     |        | and_ln11_1          | and       | auto                     | 0       |
|     xor_ln11_3_fu_9708_p2                    |     |        | xor_ln11_3          | xor       | auto                     | 0       |
|     select_ln11_2_fu_9714_p3                 |     |        | select_ln11_2       | select    | auto_sel                 | 0       |
|     x_1_fu_9722_p3                           |     |        | x_1                 | select    | auto_sel                 | 0       |
|     icmp_ln44_1_fu_9730_p2                   |     |        | icmp_ln44_1         | setlt     | auto                     | 0       |
|     pos_1_fu_9756_p2                         |     |        | pos_1               | add       | fabric                   | 0       |
|     icmp_ln49_1_fu_9796_p2                   |     |        | icmp_ln49_1         | setne     | auto                     | 0       |
|     add_ln49_1_fu_9802_p2                    |     |        | add_ln49_1          | add       | fabric                   | 0       |
|     select_ln49_1_fu_9808_p3                 |     |        | select_ln49_1       | select    | auto_sel                 | 0       |
|     seg_2_fu_9816_p3                         |     |        | seg_2               | select    | auto_sel                 | 0       |
|     seg_3_fu_10145_p3                        |     |        | seg_3               | select    | auto_sel                 | 0       |
|     sparsemux_33_4_28_1_1_U242               |     |        | y0_1                | sparsemux | compactencoding_dontcare | 0       |
|     sparsemux_33_4_29_1_1_U243               |     |        | y1_1                | sparsemux | compactencoding_dontcare | 0       |
|     sub_ln55_1_fu_10307_p2                   |     |        | sub_ln55_1          | sub       | fabric                   | 0       |
|     sub_ln56_1_fu_10329_p2                   |     |        | sub_ln56_1          | sub       | fabric                   | 0       |
|     mul_29s_18s_47_1_1_U169                  | 2   |        | mul_ln56_1          | mul       | auto                     | 0       |
|     p_3_fu_10359_p2                          |     |        | p_3                 | add       | fabric                   | 0       |
|     xor_ln56_2_fu_10389_p2                   |     |        | xor_ln56_2          | xor       | auto                     | 0       |
|     and_ln56_1_fu_10395_p2                   |     |        | and_ln56_1          | and       | auto                     | 0       |
|     xor_ln56_3_fu_10401_p2                   |     |        | xor_ln56_3          | xor       | auto                     | 0       |
|     select_ln56_2_fu_10407_p3                |     |        | select_ln56_2       | select    | auto_sel                 | 0       |
|     y_fu_10415_p3                            |     |        | y                   | select    | auto_sel                 | 0       |
|     sparsemux_33_4_24_1_1_U244               |     |        | tmp_149             | sparsemux | compactencoding_dontcare | 0       |
|     add_ln58_3_fu_10606_p2                   |     |        | add_ln58_3          | add       | fabric                   | 0       |
|     add_ln58_1_fu_10611_p2                   |     |        | add_ln58_1          | add       | fabric                   | 0       |
|     xor_ln58_2_fu_10637_p2                   |     |        | xor_ln58_2          | xor       | auto                     | 0       |
|     and_ln58_1_fu_10643_p2                   |     |        | and_ln58_1          | and       | auto                     | 0       |
|     xor_ln58_3_fu_10649_p2                   |     |        | xor_ln58_3          | xor       | auto                     | 0       |
|     y_9_fu_10698_p6                          |     |        | select_ln58_1       | select    | auto_sel                 | 0       |
|     or_ln45_1_fu_10663_p2                    |     |        | or_ln45_1           | or        | auto                     | 0       |
|     xor_ln45_fu_10667_p2                     |     |        | xor_ln45            | xor       | auto                     | 0       |
|     xor_ln45_4_fu_10673_p2                   |     |        | xor_ln45_4          | xor       | auto                     | 0       |
|     and_ln45_1_fu_10678_p2                   |     |        | and_ln45_1          | and       | auto                     | 0       |
|     and_ln58_3_fu_10683_p2                   |     |        | and_ln58_3          | and       | auto                     | 0       |
|     sparsemux_9_3_32_1_1_U245                |     |        | y_9                 | sparsemux | onehotencoding_realdef   | 0       |
|     mul_32s_32s_64_1_1_U202                  | 4   |        | mul_ln77            | mul       | auto                     | 0       |
|     grp_fu_3367_p2                           |     |        | icmp_ln77           | setne     | auto                     | 0       |
|     grp_fu_3373_p2                           |     |        | icmp_ln77_1         | setne     | auto                     | 0       |
|     or_ln77_fu_10774_p2                      |     |        | or_ln77             | or        | auto                     | 0       |
|     xor_ln77_fu_10780_p2                     |     |        | xor_ln77            | xor       | auto                     | 0       |
|     and_ln77_fu_10786_p2                     |     |        | and_ln77            | and       | auto                     | 0       |
|     xor_ln77_1_fu_10792_p2                   |     |        | xor_ln77_1          | xor       | auto                     | 0       |
|     or_ln77_1_fu_10798_p2                    |     |        | or_ln77_1           | or        | auto                     | 0       |
|     and_ln77_1_fu_10804_p2                   |     |        | and_ln77_1          | and       | auto                     | 0       |
|     select_ln77_fu_10810_p3                  |     |        | select_ln77         | select    | auto_sel                 | 0       |
|     or_ln77_2_fu_10818_p2                    |     |        | or_ln77_2           | or        | auto                     | 0       |
|     select_ln77_1_fu_10824_p3                |     |        | select_ln77_1       | select    | auto_sel                 | 0       |
|     add_ln77_1_fu_10854_p2                   |     |        | add_ln77_1          | add       | fabric                   | 0       |
|     add_ln77_fu_10860_p2                     |     |        | add_ln77            | add       | fabric                   | 0       |
|     xor_ln77_2_fu_10886_p2                   |     |        | xor_ln77_2          | xor       | auto                     | 0       |
|     and_ln77_2_fu_10892_p2                   |     |        | and_ln77_2          | and       | auto                     | 0       |
|     xor_ln77_3_fu_10898_p2                   |     |        | xor_ln77_3          | xor       | auto                     | 0       |
|     select_ln77_2_fu_10904_p3                |     |        | select_ln77_2       | select    | auto_sel                 | 0       |
|     d_1_fu_10912_p3                          |     |        | d_1                 | select    | auto_sel                 | 0       |
|     mul_32s_32s_64_1_1_U203                  | 4   |        | mul_ln84            | mul       | auto                     | 0       |
|     grp_fu_3403_p2                           |     |        | icmp_ln84           | setne     | auto                     | 0       |
|     grp_fu_3409_p2                           |     |        | icmp_ln84_1         | setne     | auto                     | 0       |
|     or_ln84_fu_10971_p2                      |     |        | or_ln84             | or        | auto                     | 0       |
|     xor_ln84_fu_10977_p2                     |     |        | xor_ln84            | xor       | auto                     | 0       |
|     and_ln84_fu_10983_p2                     |     |        | and_ln84            | and       | auto                     | 0       |
|     xor_ln84_1_fu_10989_p2                   |     |        | xor_ln84_1          | xor       | auto                     | 0       |
|     or_ln84_1_fu_10995_p2                    |     |        | or_ln84_1           | or        | auto                     | 0       |
|     and_ln84_1_fu_11001_p2                   |     |        | and_ln84_1          | and       | auto                     | 0       |
|     select_ln84_fu_11007_p3                  |     |        | select_ln84         | select    | auto_sel                 | 0       |
|     or_ln84_2_fu_11015_p2                    |     |        | or_ln84_2           | or        | auto                     | 0       |
|     select_ln84_1_fu_11021_p3                |     |        | select_ln84_1       | select    | auto_sel                 | 0       |
|     mul_32s_16s_48_1_1_U170                  | 2   |        | mul_ln85            | mul       | auto                     | 0       |
|     add_ln85_64_fu_11045_p2                  |     |        | add_ln85_64         | add       | fabric                   | 0       |
|     add_ln85_fu_11051_p2                     |     |        | add_ln85            | add       | fabric                   | 0       |
|     xor_ln84_2_fu_11077_p2                   |     |        | xor_ln84_2          | xor       | auto                     | 0       |
|     and_ln84_2_fu_11083_p2                   |     |        | and_ln84_2          | and       | auto                     | 0       |
|     xor_ln84_3_fu_11089_p2                   |     |        | xor_ln84_3          | xor       | auto                     | 0       |
|     select_ln84_2_fu_11095_p3                |     |        | select_ln84_2       | select    | auto_sel                 | 0       |
|     select_ln84_3_fu_11103_p3                |     |        | select_ln84_3       | select    | auto_sel                 | 0       |
|     mul_32s_32s_64_1_1_U204                  | 4   |        | mul_ln84_1          | mul       | auto                     | 0       |
|     grp_fu_3449_p2                           |     |        | icmp_ln84_2         | setne     | auto                     | 0       |
|     grp_fu_3455_p2                           |     |        | icmp_ln84_3         | setne     | auto                     | 0       |
|     or_ln84_3_fu_11126_p2                    |     |        | or_ln84_3           | or        | auto                     | 0       |
|     xor_ln84_4_fu_11132_p2                   |     |        | xor_ln84_4          | xor       | auto                     | 0       |
|     and_ln84_3_fu_11138_p2                   |     |        | and_ln84_3          | and       | auto                     | 0       |
|     xor_ln84_5_fu_11144_p2                   |     |        | xor_ln84_5          | xor       | auto                     | 0       |
|     or_ln84_4_fu_11150_p2                    |     |        | or_ln84_4           | or        | auto                     | 0       |
|     and_ln84_4_fu_11156_p2                   |     |        | and_ln84_4          | and       | auto                     | 0       |
|     select_ln84_4_fu_11162_p3                |     |        | select_ln84_4       | select    | auto_sel                 | 0       |
|     or_ln84_5_fu_11170_p2                    |     |        | or_ln84_5           | or        | auto                     | 0       |
|     select_ln84_5_fu_11176_p3                |     |        | select_ln84_5       | select    | auto_sel                 | 0       |
|     mul_32s_16s_48_1_1_U171                  | 2   |        | mul_ln85_1          | mul       | auto                     | 0       |
|     add_ln85_65_fu_11200_p2                  |     |        | add_ln85_65         | add       | fabric                   | 0       |
|     add_ln85_1_fu_11206_p2                   |     |        | add_ln85_1          | add       | fabric                   | 0       |
|     xor_ln84_6_fu_11232_p2                   |     |        | xor_ln84_6          | xor       | auto                     | 0       |
|     and_ln84_5_fu_11238_p2                   |     |        | and_ln84_5          | and       | auto                     | 0       |
|     xor_ln84_7_fu_11244_p2                   |     |        | xor_ln84_7          | xor       | auto                     | 0       |
|     select_ln84_6_fu_11250_p3                |     |        | select_ln84_6       | select    | auto_sel                 | 0       |
|     select_ln84_7_fu_11258_p3                |     |        | select_ln84_7       | select    | auto_sel                 | 0       |
|     mul_32s_32s_64_1_1_U205                  | 4   |        | mul_ln84_2          | mul       | auto                     | 0       |
|     grp_fu_3495_p2                           |     |        | icmp_ln84_4         | setne     | auto                     | 0       |
|     grp_fu_3501_p2                           |     |        | icmp_ln84_5         | setne     | auto                     | 0       |
|     or_ln84_6_fu_11281_p2                    |     |        | or_ln84_6           | or        | auto                     | 0       |
|     xor_ln84_8_fu_11287_p2                   |     |        | xor_ln84_8          | xor       | auto                     | 0       |
|     and_ln84_6_fu_11293_p2                   |     |        | and_ln84_6          | and       | auto                     | 0       |
|     xor_ln84_9_fu_11299_p2                   |     |        | xor_ln84_9          | xor       | auto                     | 0       |
|     or_ln84_7_fu_11305_p2                    |     |        | or_ln84_7           | or        | auto                     | 0       |
|     and_ln84_7_fu_11311_p2                   |     |        | and_ln84_7          | and       | auto                     | 0       |
|     select_ln84_8_fu_11317_p3                |     |        | select_ln84_8       | select    | auto_sel                 | 0       |
|     or_ln84_8_fu_11325_p2                    |     |        | or_ln84_8           | or        | auto                     | 0       |
|     select_ln84_9_fu_11331_p3                |     |        | select_ln84_9       | select    | auto_sel                 | 0       |
|     mul_32s_16s_48_1_1_U172                  | 2   |        | mul_ln85_2          | mul       | auto                     | 0       |
|     add_ln85_66_fu_11355_p2                  |     |        | add_ln85_66         | add       | fabric                   | 0       |
|     add_ln85_2_fu_11361_p2                   |     |        | add_ln85_2          | add       | fabric                   | 0       |
|     xor_ln84_10_fu_11387_p2                  |     |        | xor_ln84_10         | xor       | auto                     | 0       |
|     and_ln84_8_fu_11393_p2                   |     |        | and_ln84_8          | and       | auto                     | 0       |
|     xor_ln84_11_fu_11399_p2                  |     |        | xor_ln84_11         | xor       | auto                     | 0       |
|     select_ln84_10_fu_11405_p3               |     |        | select_ln84_10      | select    | auto_sel                 | 0       |
|     select_ln84_11_fu_11413_p3               |     |        | select_ln84_11      | select    | auto_sel                 | 0       |
|     mul_32s_32s_64_1_1_U206                  | 4   |        | mul_ln84_3          | mul       | auto                     | 0       |
|     grp_fu_3541_p2                           |     |        | icmp_ln84_6         | setne     | auto                     | 0       |
|     grp_fu_3547_p2                           |     |        | icmp_ln84_7         | setne     | auto                     | 0       |
|     or_ln84_9_fu_11436_p2                    |     |        | or_ln84_9           | or        | auto                     | 0       |
|     xor_ln84_12_fu_11442_p2                  |     |        | xor_ln84_12         | xor       | auto                     | 0       |
|     and_ln84_9_fu_11448_p2                   |     |        | and_ln84_9          | and       | auto                     | 0       |
|     xor_ln84_13_fu_11454_p2                  |     |        | xor_ln84_13         | xor       | auto                     | 0       |
|     or_ln84_10_fu_11460_p2                   |     |        | or_ln84_10          | or        | auto                     | 0       |
|     and_ln84_10_fu_11466_p2                  |     |        | and_ln84_10         | and       | auto                     | 0       |
|     select_ln84_12_fu_11472_p3               |     |        | select_ln84_12      | select    | auto_sel                 | 0       |
|     or_ln84_11_fu_11480_p2                   |     |        | or_ln84_11          | or        | auto                     | 0       |
|     select_ln84_13_fu_11486_p3               |     |        | select_ln84_13      | select    | auto_sel                 | 0       |
|     mul_32s_16s_48_1_1_U173                  | 2   |        | mul_ln85_3          | mul       | auto                     | 0       |
|     add_ln85_67_fu_11510_p2                  |     |        | add_ln85_67         | add       | fabric                   | 0       |
|     add_ln85_3_fu_11516_p2                   |     |        | add_ln85_3          | add       | fabric                   | 0       |
|     xor_ln84_14_fu_11542_p2                  |     |        | xor_ln84_14         | xor       | auto                     | 0       |
|     and_ln84_11_fu_11548_p2                  |     |        | and_ln84_11         | and       | auto                     | 0       |
|     xor_ln84_15_fu_11554_p2                  |     |        | xor_ln84_15         | xor       | auto                     | 0       |
|     select_ln84_14_fu_11560_p3               |     |        | select_ln84_14      | select    | auto_sel                 | 0       |
|     select_ln84_15_fu_11568_p3               |     |        | select_ln84_15      | select    | auto_sel                 | 0       |
|     mul_32s_32s_64_1_1_U207                  | 4   |        | mul_ln84_4          | mul       | auto                     | 0       |
|     grp_fu_3587_p2                           |     |        | icmp_ln84_8         | setne     | auto                     | 0       |
|     grp_fu_3593_p2                           |     |        | icmp_ln84_9         | setne     | auto                     | 0       |
|     or_ln84_12_fu_11591_p2                   |     |        | or_ln84_12          | or        | auto                     | 0       |
|     xor_ln84_16_fu_11597_p2                  |     |        | xor_ln84_16         | xor       | auto                     | 0       |
|     and_ln84_12_fu_11603_p2                  |     |        | and_ln84_12         | and       | auto                     | 0       |
|     xor_ln84_17_fu_11609_p2                  |     |        | xor_ln84_17         | xor       | auto                     | 0       |
|     or_ln84_13_fu_11615_p2                   |     |        | or_ln84_13          | or        | auto                     | 0       |
|     and_ln84_13_fu_11621_p2                  |     |        | and_ln84_13         | and       | auto                     | 0       |
|     select_ln84_16_fu_11627_p3               |     |        | select_ln84_16      | select    | auto_sel                 | 0       |
|     or_ln84_14_fu_11635_p2                   |     |        | or_ln84_14          | or        | auto                     | 0       |
|     select_ln84_17_fu_11641_p3               |     |        | select_ln84_17      | select    | auto_sel                 | 0       |
|     mul_32s_16s_48_1_1_U174                  | 2   |        | mul_ln85_4          | mul       | auto                     | 0       |
|     add_ln85_68_fu_11665_p2                  |     |        | add_ln85_68         | add       | fabric                   | 0       |
|     add_ln85_4_fu_11671_p2                   |     |        | add_ln85_4          | add       | fabric                   | 0       |
|     xor_ln84_18_fu_11697_p2                  |     |        | xor_ln84_18         | xor       | auto                     | 0       |
|     and_ln84_14_fu_11703_p2                  |     |        | and_ln84_14         | and       | auto                     | 0       |
|     xor_ln84_19_fu_11709_p2                  |     |        | xor_ln84_19         | xor       | auto                     | 0       |
|     select_ln84_18_fu_11715_p3               |     |        | select_ln84_18      | select    | auto_sel                 | 0       |
|     select_ln84_19_fu_11723_p3               |     |        | select_ln84_19      | select    | auto_sel                 | 0       |
|     mul_32s_32s_64_1_1_U208                  | 4   |        | mul_ln84_5          | mul       | auto                     | 0       |
|     grp_fu_3633_p2                           |     |        | icmp_ln84_10        | setne     | auto                     | 0       |
|     grp_fu_3639_p2                           |     |        | icmp_ln84_11        | setne     | auto                     | 0       |
|     or_ln84_15_fu_11746_p2                   |     |        | or_ln84_15          | or        | auto                     | 0       |
|     xor_ln84_20_fu_11752_p2                  |     |        | xor_ln84_20         | xor       | auto                     | 0       |
|     and_ln84_15_fu_11758_p2                  |     |        | and_ln84_15         | and       | auto                     | 0       |
|     xor_ln84_21_fu_11764_p2                  |     |        | xor_ln84_21         | xor       | auto                     | 0       |
|     or_ln84_16_fu_11770_p2                   |     |        | or_ln84_16          | or        | auto                     | 0       |
|     and_ln84_16_fu_11776_p2                  |     |        | and_ln84_16         | and       | auto                     | 0       |
|     select_ln84_20_fu_11782_p3               |     |        | select_ln84_20      | select    | auto_sel                 | 0       |
|     or_ln84_17_fu_11790_p2                   |     |        | or_ln84_17          | or        | auto                     | 0       |
|     select_ln84_21_fu_11796_p3               |     |        | select_ln84_21      | select    | auto_sel                 | 0       |
|     mul_32s_16s_48_1_1_U175                  | 2   |        | mul_ln85_5          | mul       | auto                     | 0       |
|     add_ln85_69_fu_11820_p2                  |     |        | add_ln85_69         | add       | fabric                   | 0       |
|     add_ln85_5_fu_11826_p2                   |     |        | add_ln85_5          | add       | fabric                   | 0       |
|     xor_ln84_22_fu_11852_p2                  |     |        | xor_ln84_22         | xor       | auto                     | 0       |
|     and_ln84_17_fu_11858_p2                  |     |        | and_ln84_17         | and       | auto                     | 0       |
|     xor_ln84_23_fu_11864_p2                  |     |        | xor_ln84_23         | xor       | auto                     | 0       |
|     select_ln84_22_fu_11870_p3               |     |        | select_ln84_22      | select    | auto_sel                 | 0       |
|     select_ln84_23_fu_11878_p3               |     |        | select_ln84_23      | select    | auto_sel                 | 0       |
|     mul_32s_32s_64_1_1_U209                  | 4   |        | mul_ln84_6          | mul       | auto                     | 0       |
|     grp_fu_3679_p2                           |     |        | icmp_ln84_12        | setne     | auto                     | 0       |
|     grp_fu_3685_p2                           |     |        | icmp_ln84_13        | setne     | auto                     | 0       |
|     or_ln84_18_fu_11901_p2                   |     |        | or_ln84_18          | or        | auto                     | 0       |
|     xor_ln84_24_fu_11907_p2                  |     |        | xor_ln84_24         | xor       | auto                     | 0       |
|     and_ln84_18_fu_11913_p2                  |     |        | and_ln84_18         | and       | auto                     | 0       |
|     xor_ln84_25_fu_11919_p2                  |     |        | xor_ln84_25         | xor       | auto                     | 0       |
|     or_ln84_19_fu_11925_p2                   |     |        | or_ln84_19          | or        | auto                     | 0       |
|     and_ln84_19_fu_11931_p2                  |     |        | and_ln84_19         | and       | auto                     | 0       |
|     select_ln84_24_fu_11937_p3               |     |        | select_ln84_24      | select    | auto_sel                 | 0       |
|     or_ln84_20_fu_11945_p2                   |     |        | or_ln84_20          | or        | auto                     | 0       |
|     select_ln84_25_fu_11951_p3               |     |        | select_ln84_25      | select    | auto_sel                 | 0       |
|     mul_32s_16s_48_1_1_U176                  | 2   |        | mul_ln85_6          | mul       | auto                     | 0       |
|     add_ln85_70_fu_11975_p2                  |     |        | add_ln85_70         | add       | fabric                   | 0       |
|     add_ln85_6_fu_11981_p2                   |     |        | add_ln85_6          | add       | fabric                   | 0       |
|     xor_ln84_26_fu_12007_p2                  |     |        | xor_ln84_26         | xor       | auto                     | 0       |
|     and_ln84_20_fu_12013_p2                  |     |        | and_ln84_20         | and       | auto                     | 0       |
|     xor_ln84_27_fu_12019_p2                  |     |        | xor_ln84_27         | xor       | auto                     | 0       |
|     select_ln84_26_fu_12025_p3               |     |        | select_ln84_26      | select    | auto_sel                 | 0       |
|     select_ln84_27_fu_12033_p3               |     |        | select_ln84_27      | select    | auto_sel                 | 0       |
|     mul_32s_32s_64_1_1_U210                  | 4   |        | mul_ln84_7          | mul       | auto                     | 0       |
|     grp_fu_3725_p2                           |     |        | icmp_ln84_14        | setne     | auto                     | 0       |
|     grp_fu_3731_p2                           |     |        | icmp_ln84_15        | setne     | auto                     | 0       |
|     or_ln84_21_fu_12056_p2                   |     |        | or_ln84_21          | or        | auto                     | 0       |
|     xor_ln84_28_fu_12062_p2                  |     |        | xor_ln84_28         | xor       | auto                     | 0       |
|     and_ln84_21_fu_12068_p2                  |     |        | and_ln84_21         | and       | auto                     | 0       |
|     xor_ln84_29_fu_12074_p2                  |     |        | xor_ln84_29         | xor       | auto                     | 0       |
|     or_ln84_22_fu_12080_p2                   |     |        | or_ln84_22          | or        | auto                     | 0       |
|     and_ln84_22_fu_12086_p2                  |     |        | and_ln84_22         | and       | auto                     | 0       |
|     select_ln84_28_fu_12092_p3               |     |        | select_ln84_28      | select    | auto_sel                 | 0       |
|     or_ln84_23_fu_12100_p2                   |     |        | or_ln84_23          | or        | auto                     | 0       |
|     select_ln84_29_fu_12106_p3               |     |        | select_ln84_29      | select    | auto_sel                 | 0       |
|     mul_32s_16s_48_1_1_U177                  | 2   |        | mul_ln85_7          | mul       | auto                     | 0       |
|     add_ln85_71_fu_12130_p2                  |     |        | add_ln85_71         | add       | fabric                   | 0       |
|     add_ln85_7_fu_12136_p2                   |     |        | add_ln85_7          | add       | fabric                   | 0       |
|     xor_ln84_30_fu_12162_p2                  |     |        | xor_ln84_30         | xor       | auto                     | 0       |
|     and_ln84_23_fu_12168_p2                  |     |        | and_ln84_23         | and       | auto                     | 0       |
|     xor_ln84_31_fu_12174_p2                  |     |        | xor_ln84_31         | xor       | auto                     | 0       |
|     select_ln84_30_fu_12180_p3               |     |        | select_ln84_30      | select    | auto_sel                 | 0       |
|     select_ln84_31_fu_12188_p3               |     |        | select_ln84_31      | select    | auto_sel                 | 0       |
|     mul_32s_32s_64_1_1_U211                  | 4   |        | mul_ln84_8          | mul       | auto                     | 0       |
|     grp_fu_3771_p2                           |     |        | icmp_ln84_16        | setne     | auto                     | 0       |
|     grp_fu_3777_p2                           |     |        | icmp_ln84_17        | setne     | auto                     | 0       |
|     or_ln84_24_fu_12211_p2                   |     |        | or_ln84_24          | or        | auto                     | 0       |
|     xor_ln84_32_fu_12217_p2                  |     |        | xor_ln84_32         | xor       | auto                     | 0       |
|     and_ln84_24_fu_12223_p2                  |     |        | and_ln84_24         | and       | auto                     | 0       |
|     xor_ln84_33_fu_12229_p2                  |     |        | xor_ln84_33         | xor       | auto                     | 0       |
|     or_ln84_25_fu_12235_p2                   |     |        | or_ln84_25          | or        | auto                     | 0       |
|     and_ln84_25_fu_12241_p2                  |     |        | and_ln84_25         | and       | auto                     | 0       |
|     select_ln84_32_fu_12247_p3               |     |        | select_ln84_32      | select    | auto_sel                 | 0       |
|     or_ln84_26_fu_12255_p2                   |     |        | or_ln84_26          | or        | auto                     | 0       |
|     select_ln84_33_fu_12261_p3               |     |        | select_ln84_33      | select    | auto_sel                 | 0       |
|     mul_32s_16s_48_1_1_U178                  | 2   |        | mul_ln85_8          | mul       | auto                     | 0       |
|     add_ln85_72_fu_12285_p2                  |     |        | add_ln85_72         | add       | fabric                   | 0       |
|     add_ln85_8_fu_12291_p2                   |     |        | add_ln85_8          | add       | fabric                   | 0       |
|     xor_ln84_34_fu_12317_p2                  |     |        | xor_ln84_34         | xor       | auto                     | 0       |
|     and_ln84_26_fu_12323_p2                  |     |        | and_ln84_26         | and       | auto                     | 0       |
|     xor_ln84_35_fu_12329_p2                  |     |        | xor_ln84_35         | xor       | auto                     | 0       |
|     select_ln84_34_fu_12335_p3               |     |        | select_ln84_34      | select    | auto_sel                 | 0       |
|     select_ln84_35_fu_12343_p3               |     |        | select_ln84_35      | select    | auto_sel                 | 0       |
|     mul_32s_32s_64_1_1_U212                  | 4   |        | mul_ln84_9          | mul       | auto                     | 0       |
|     grp_fu_3817_p2                           |     |        | icmp_ln84_18        | setne     | auto                     | 0       |
|     grp_fu_3823_p2                           |     |        | icmp_ln84_19        | setne     | auto                     | 0       |
|     or_ln84_27_fu_12366_p2                   |     |        | or_ln84_27          | or        | auto                     | 0       |
|     xor_ln84_36_fu_12372_p2                  |     |        | xor_ln84_36         | xor       | auto                     | 0       |
|     and_ln84_27_fu_12378_p2                  |     |        | and_ln84_27         | and       | auto                     | 0       |
|     xor_ln84_37_fu_12384_p2                  |     |        | xor_ln84_37         | xor       | auto                     | 0       |
|     or_ln84_28_fu_12390_p2                   |     |        | or_ln84_28          | or        | auto                     | 0       |
|     and_ln84_28_fu_12396_p2                  |     |        | and_ln84_28         | and       | auto                     | 0       |
|     select_ln84_36_fu_12402_p3               |     |        | select_ln84_36      | select    | auto_sel                 | 0       |
|     or_ln84_29_fu_12410_p2                   |     |        | or_ln84_29          | or        | auto                     | 0       |
|     select_ln84_37_fu_12416_p3               |     |        | select_ln84_37      | select    | auto_sel                 | 0       |
|     mul_32s_16s_48_1_1_U179                  | 2   |        | mul_ln85_9          | mul       | auto                     | 0       |
|     add_ln85_73_fu_12440_p2                  |     |        | add_ln85_73         | add       | fabric                   | 0       |
|     add_ln85_9_fu_12446_p2                   |     |        | add_ln85_9          | add       | fabric                   | 0       |
|     xor_ln84_38_fu_12472_p2                  |     |        | xor_ln84_38         | xor       | auto                     | 0       |
|     and_ln84_29_fu_12478_p2                  |     |        | and_ln84_29         | and       | auto                     | 0       |
|     xor_ln84_39_fu_12484_p2                  |     |        | xor_ln84_39         | xor       | auto                     | 0       |
|     select_ln84_38_fu_12490_p3               |     |        | select_ln84_38      | select    | auto_sel                 | 0       |
|     select_ln84_39_fu_12498_p3               |     |        | select_ln84_39      | select    | auto_sel                 | 0       |
|     mul_32s_32s_64_1_1_U213                  | 4   |        | mul_ln84_10         | mul       | auto                     | 0       |
|     grp_fu_3863_p2                           |     |        | icmp_ln84_20        | setne     | auto                     | 0       |
|     grp_fu_3869_p2                           |     |        | icmp_ln84_21        | setne     | auto                     | 0       |
|     or_ln84_30_fu_12521_p2                   |     |        | or_ln84_30          | or        | auto                     | 0       |
|     xor_ln84_40_fu_12527_p2                  |     |        | xor_ln84_40         | xor       | auto                     | 0       |
|     and_ln84_30_fu_12533_p2                  |     |        | and_ln84_30         | and       | auto                     | 0       |
|     xor_ln84_41_fu_12539_p2                  |     |        | xor_ln84_41         | xor       | auto                     | 0       |
|     or_ln84_31_fu_12545_p2                   |     |        | or_ln84_31          | or        | auto                     | 0       |
|     and_ln84_31_fu_12551_p2                  |     |        | and_ln84_31         | and       | auto                     | 0       |
|     select_ln84_40_fu_12557_p3               |     |        | select_ln84_40      | select    | auto_sel                 | 0       |
|     or_ln84_32_fu_12565_p2                   |     |        | or_ln84_32          | or        | auto                     | 0       |
|     select_ln84_41_fu_12571_p3               |     |        | select_ln84_41      | select    | auto_sel                 | 0       |
|     mul_32s_16s_48_1_1_U180                  | 2   |        | mul_ln85_10         | mul       | auto                     | 0       |
|     add_ln85_74_fu_12595_p2                  |     |        | add_ln85_74         | add       | fabric                   | 0       |
|     add_ln85_10_fu_12601_p2                  |     |        | add_ln85_10         | add       | fabric                   | 0       |
|     xor_ln84_42_fu_12627_p2                  |     |        | xor_ln84_42         | xor       | auto                     | 0       |
|     and_ln84_32_fu_12633_p2                  |     |        | and_ln84_32         | and       | auto                     | 0       |
|     xor_ln84_43_fu_12639_p2                  |     |        | xor_ln84_43         | xor       | auto                     | 0       |
|     select_ln84_42_fu_12645_p3               |     |        | select_ln84_42      | select    | auto_sel                 | 0       |
|     select_ln84_43_fu_12653_p3               |     |        | select_ln84_43      | select    | auto_sel                 | 0       |
|     mul_32s_32s_64_1_1_U214                  | 4   |        | mul_ln84_11         | mul       | auto                     | 0       |
|     grp_fu_3909_p2                           |     |        | icmp_ln84_22        | setne     | auto                     | 0       |
|     grp_fu_3915_p2                           |     |        | icmp_ln84_23        | setne     | auto                     | 0       |
|     or_ln84_33_fu_12676_p2                   |     |        | or_ln84_33          | or        | auto                     | 0       |
|     xor_ln84_44_fu_12682_p2                  |     |        | xor_ln84_44         | xor       | auto                     | 0       |
|     and_ln84_33_fu_12688_p2                  |     |        | and_ln84_33         | and       | auto                     | 0       |
|     xor_ln84_45_fu_12694_p2                  |     |        | xor_ln84_45         | xor       | auto                     | 0       |
|     or_ln84_34_fu_12700_p2                   |     |        | or_ln84_34          | or        | auto                     | 0       |
|     and_ln84_34_fu_12706_p2                  |     |        | and_ln84_34         | and       | auto                     | 0       |
|     select_ln84_44_fu_12712_p3               |     |        | select_ln84_44      | select    | auto_sel                 | 0       |
|     or_ln84_35_fu_12720_p2                   |     |        | or_ln84_35          | or        | auto                     | 0       |
|     select_ln84_45_fu_12726_p3               |     |        | select_ln84_45      | select    | auto_sel                 | 0       |
|     mul_32s_16s_48_1_1_U181                  | 2   |        | mul_ln85_11         | mul       | auto                     | 0       |
|     add_ln85_75_fu_12750_p2                  |     |        | add_ln85_75         | add       | fabric                   | 0       |
|     add_ln85_11_fu_12756_p2                  |     |        | add_ln85_11         | add       | fabric                   | 0       |
|     xor_ln84_46_fu_12782_p2                  |     |        | xor_ln84_46         | xor       | auto                     | 0       |
|     and_ln84_35_fu_12788_p2                  |     |        | and_ln84_35         | and       | auto                     | 0       |
|     xor_ln84_47_fu_12794_p2                  |     |        | xor_ln84_47         | xor       | auto                     | 0       |
|     select_ln84_46_fu_12800_p3               |     |        | select_ln84_46      | select    | auto_sel                 | 0       |
|     select_ln84_47_fu_12808_p3               |     |        | select_ln84_47      | select    | auto_sel                 | 0       |
|     mul_32s_32s_64_1_1_U215                  | 4   |        | mul_ln84_12         | mul       | auto                     | 0       |
|     grp_fu_3955_p2                           |     |        | icmp_ln84_24        | setne     | auto                     | 0       |
|     grp_fu_3961_p2                           |     |        | icmp_ln84_25        | setne     | auto                     | 0       |
|     or_ln84_36_fu_12831_p2                   |     |        | or_ln84_36          | or        | auto                     | 0       |
|     xor_ln84_48_fu_12837_p2                  |     |        | xor_ln84_48         | xor       | auto                     | 0       |
|     and_ln84_36_fu_12843_p2                  |     |        | and_ln84_36         | and       | auto                     | 0       |
|     xor_ln84_49_fu_12849_p2                  |     |        | xor_ln84_49         | xor       | auto                     | 0       |
|     or_ln84_37_fu_12855_p2                   |     |        | or_ln84_37          | or        | auto                     | 0       |
|     and_ln84_37_fu_12861_p2                  |     |        | and_ln84_37         | and       | auto                     | 0       |
|     select_ln84_48_fu_12867_p3               |     |        | select_ln84_48      | select    | auto_sel                 | 0       |
|     or_ln84_38_fu_12875_p2                   |     |        | or_ln84_38          | or        | auto                     | 0       |
|     select_ln84_49_fu_12881_p3               |     |        | select_ln84_49      | select    | auto_sel                 | 0       |
|     mul_32s_16s_48_1_1_U182                  | 2   |        | mul_ln85_12         | mul       | auto                     | 0       |
|     add_ln85_76_fu_12905_p2                  |     |        | add_ln85_76         | add       | fabric                   | 0       |
|     add_ln85_12_fu_12911_p2                  |     |        | add_ln85_12         | add       | fabric                   | 0       |
|     xor_ln84_50_fu_12937_p2                  |     |        | xor_ln84_50         | xor       | auto                     | 0       |
|     and_ln84_38_fu_12943_p2                  |     |        | and_ln84_38         | and       | auto                     | 0       |
|     xor_ln84_51_fu_12949_p2                  |     |        | xor_ln84_51         | xor       | auto                     | 0       |
|     select_ln84_50_fu_12955_p3               |     |        | select_ln84_50      | select    | auto_sel                 | 0       |
|     select_ln84_51_fu_12963_p3               |     |        | select_ln84_51      | select    | auto_sel                 | 0       |
|     mul_32s_32s_64_1_1_U216                  | 4   |        | mul_ln84_13         | mul       | auto                     | 0       |
|     grp_fu_4001_p2                           |     |        | icmp_ln84_26        | setne     | auto                     | 0       |
|     grp_fu_4007_p2                           |     |        | icmp_ln84_27        | setne     | auto                     | 0       |
|     or_ln84_39_fu_12986_p2                   |     |        | or_ln84_39          | or        | auto                     | 0       |
|     xor_ln84_52_fu_12992_p2                  |     |        | xor_ln84_52         | xor       | auto                     | 0       |
|     and_ln84_39_fu_12998_p2                  |     |        | and_ln84_39         | and       | auto                     | 0       |
|     xor_ln84_53_fu_13004_p2                  |     |        | xor_ln84_53         | xor       | auto                     | 0       |
|     or_ln84_40_fu_13010_p2                   |     |        | or_ln84_40          | or        | auto                     | 0       |
|     and_ln84_40_fu_13016_p2                  |     |        | and_ln84_40         | and       | auto                     | 0       |
|     select_ln84_52_fu_13022_p3               |     |        | select_ln84_52      | select    | auto_sel                 | 0       |
|     or_ln84_41_fu_13030_p2                   |     |        | or_ln84_41          | or        | auto                     | 0       |
|     select_ln84_53_fu_13036_p3               |     |        | select_ln84_53      | select    | auto_sel                 | 0       |
|     mul_32s_16s_48_1_1_U183                  | 2   |        | mul_ln85_13         | mul       | auto                     | 0       |
|     add_ln85_77_fu_13060_p2                  |     |        | add_ln85_77         | add       | fabric                   | 0       |
|     add_ln85_13_fu_13066_p2                  |     |        | add_ln85_13         | add       | fabric                   | 0       |
|     xor_ln84_54_fu_13092_p2                  |     |        | xor_ln84_54         | xor       | auto                     | 0       |
|     and_ln84_41_fu_13098_p2                  |     |        | and_ln84_41         | and       | auto                     | 0       |
|     xor_ln84_55_fu_13104_p2                  |     |        | xor_ln84_55         | xor       | auto                     | 0       |
|     select_ln84_54_fu_13110_p3               |     |        | select_ln84_54      | select    | auto_sel                 | 0       |
|     select_ln84_55_fu_13118_p3               |     |        | select_ln84_55      | select    | auto_sel                 | 0       |
|     mul_32s_32s_64_1_1_U217                  | 4   |        | mul_ln84_14         | mul       | auto                     | 0       |
|     grp_fu_4047_p2                           |     |        | icmp_ln84_28        | setne     | auto                     | 0       |
|     grp_fu_4053_p2                           |     |        | icmp_ln84_29        | setne     | auto                     | 0       |
|     or_ln84_42_fu_13141_p2                   |     |        | or_ln84_42          | or        | auto                     | 0       |
|     xor_ln84_56_fu_13147_p2                  |     |        | xor_ln84_56         | xor       | auto                     | 0       |
|     and_ln84_42_fu_13153_p2                  |     |        | and_ln84_42         | and       | auto                     | 0       |
|     xor_ln84_57_fu_13159_p2                  |     |        | xor_ln84_57         | xor       | auto                     | 0       |
|     or_ln84_43_fu_13165_p2                   |     |        | or_ln84_43          | or        | auto                     | 0       |
|     and_ln84_43_fu_13171_p2                  |     |        | and_ln84_43         | and       | auto                     | 0       |
|     select_ln84_56_fu_13177_p3               |     |        | select_ln84_56      | select    | auto_sel                 | 0       |
|     or_ln84_44_fu_13185_p2                   |     |        | or_ln84_44          | or        | auto                     | 0       |
|     select_ln84_57_fu_13191_p3               |     |        | select_ln84_57      | select    | auto_sel                 | 0       |
|     mul_32s_16s_48_1_1_U184                  | 2   |        | mul_ln85_14         | mul       | auto                     | 0       |
|     add_ln85_78_fu_13215_p2                  |     |        | add_ln85_78         | add       | fabric                   | 0       |
|     add_ln85_14_fu_13221_p2                  |     |        | add_ln85_14         | add       | fabric                   | 0       |
|     xor_ln84_58_fu_13247_p2                  |     |        | xor_ln84_58         | xor       | auto                     | 0       |
|     and_ln84_44_fu_13253_p2                  |     |        | and_ln84_44         | and       | auto                     | 0       |
|     xor_ln84_59_fu_13259_p2                  |     |        | xor_ln84_59         | xor       | auto                     | 0       |
|     select_ln84_58_fu_13265_p3               |     |        | select_ln84_58      | select    | auto_sel                 | 0       |
|     select_ln84_59_fu_13273_p3               |     |        | select_ln84_59      | select    | auto_sel                 | 0       |
|     mul_32s_32s_64_1_1_U218                  | 4   |        | mul_ln84_15         | mul       | auto                     | 0       |
|     grp_fu_4093_p2                           |     |        | icmp_ln84_30        | setne     | auto                     | 0       |
|     grp_fu_4099_p2                           |     |        | icmp_ln84_31        | setne     | auto                     | 0       |
|     or_ln84_45_fu_13296_p2                   |     |        | or_ln84_45          | or        | auto                     | 0       |
|     xor_ln84_60_fu_13302_p2                  |     |        | xor_ln84_60         | xor       | auto                     | 0       |
|     and_ln84_45_fu_13308_p2                  |     |        | and_ln84_45         | and       | auto                     | 0       |
|     xor_ln84_61_fu_13314_p2                  |     |        | xor_ln84_61         | xor       | auto                     | 0       |
|     or_ln84_46_fu_13320_p2                   |     |        | or_ln84_46          | or        | auto                     | 0       |
|     and_ln84_46_fu_13326_p2                  |     |        | and_ln84_46         | and       | auto                     | 0       |
|     select_ln84_60_fu_13332_p3               |     |        | select_ln84_60      | select    | auto_sel                 | 0       |
|     or_ln84_47_fu_13340_p2                   |     |        | or_ln84_47          | or        | auto                     | 0       |
|     select_ln84_61_fu_13346_p3               |     |        | select_ln84_61      | select    | auto_sel                 | 0       |
|     mul_32s_16s_48_1_1_U185                  | 2   |        | mul_ln85_15         | mul       | auto                     | 0       |
|     add_ln85_79_fu_13370_p2                  |     |        | add_ln85_79         | add       | fabric                   | 0       |
|     add_ln85_15_fu_13376_p2                  |     |        | add_ln85_15         | add       | fabric                   | 0       |
|     xor_ln84_62_fu_13402_p2                  |     |        | xor_ln84_62         | xor       | auto                     | 0       |
|     and_ln84_47_fu_13408_p2                  |     |        | and_ln84_47         | and       | auto                     | 0       |
|     xor_ln84_63_fu_13414_p2                  |     |        | xor_ln84_63         | xor       | auto                     | 0       |
|     select_ln84_62_fu_13420_p3               |     |        | select_ln84_62      | select    | auto_sel                 | 0       |
|     select_ln84_63_fu_13428_p3               |     |        | select_ln84_63      | select    | auto_sel                 | 0       |
|     mul_32s_32s_64_1_1_U219                  | 4   |        | mul_ln84_16         | mul       | auto                     | 0       |
|     grp_fu_4139_p2                           |     |        | icmp_ln84_32        | setne     | auto                     | 0       |
|     grp_fu_4145_p2                           |     |        | icmp_ln84_33        | setne     | auto                     | 0       |
|     or_ln84_48_fu_13451_p2                   |     |        | or_ln84_48          | or        | auto                     | 0       |
|     xor_ln84_64_fu_13457_p2                  |     |        | xor_ln84_64         | xor       | auto                     | 0       |
|     and_ln84_48_fu_13463_p2                  |     |        | and_ln84_48         | and       | auto                     | 0       |
|     xor_ln84_65_fu_13469_p2                  |     |        | xor_ln84_65         | xor       | auto                     | 0       |
|     or_ln84_49_fu_13475_p2                   |     |        | or_ln84_49          | or        | auto                     | 0       |
|     and_ln84_49_fu_13481_p2                  |     |        | and_ln84_49         | and       | auto                     | 0       |
|     select_ln84_64_fu_13487_p3               |     |        | select_ln84_64      | select    | auto_sel                 | 0       |
|     or_ln84_50_fu_13495_p2                   |     |        | or_ln84_50          | or        | auto                     | 0       |
|     select_ln84_65_fu_13501_p3               |     |        | select_ln84_65      | select    | auto_sel                 | 0       |
|     mul_32s_16s_48_1_1_U186                  | 2   |        | mul_ln85_16         | mul       | auto                     | 0       |
|     add_ln85_80_fu_13525_p2                  |     |        | add_ln85_80         | add       | fabric                   | 0       |
|     add_ln85_16_fu_13531_p2                  |     |        | add_ln85_16         | add       | fabric                   | 0       |
|     xor_ln84_66_fu_13557_p2                  |     |        | xor_ln84_66         | xor       | auto                     | 0       |
|     and_ln84_50_fu_13563_p2                  |     |        | and_ln84_50         | and       | auto                     | 0       |
|     xor_ln84_67_fu_13569_p2                  |     |        | xor_ln84_67         | xor       | auto                     | 0       |
|     select_ln84_66_fu_13575_p3               |     |        | select_ln84_66      | select    | auto_sel                 | 0       |
|     select_ln84_67_fu_13583_p3               |     |        | select_ln84_67      | select    | auto_sel                 | 0       |
|     mul_32s_32s_64_1_1_U220                  | 4   |        | mul_ln84_17         | mul       | auto                     | 0       |
|     grp_fu_4185_p2                           |     |        | icmp_ln84_34        | setne     | auto                     | 0       |
|     grp_fu_4191_p2                           |     |        | icmp_ln84_35        | setne     | auto                     | 0       |
|     or_ln84_51_fu_13606_p2                   |     |        | or_ln84_51          | or        | auto                     | 0       |
|     xor_ln84_68_fu_13612_p2                  |     |        | xor_ln84_68         | xor       | auto                     | 0       |
|     and_ln84_51_fu_13618_p2                  |     |        | and_ln84_51         | and       | auto                     | 0       |
|     xor_ln84_69_fu_13624_p2                  |     |        | xor_ln84_69         | xor       | auto                     | 0       |
|     or_ln84_52_fu_13630_p2                   |     |        | or_ln84_52          | or        | auto                     | 0       |
|     and_ln84_52_fu_13636_p2                  |     |        | and_ln84_52         | and       | auto                     | 0       |
|     select_ln84_68_fu_13642_p3               |     |        | select_ln84_68      | select    | auto_sel                 | 0       |
|     or_ln84_53_fu_13650_p2                   |     |        | or_ln84_53          | or        | auto                     | 0       |
|     select_ln84_69_fu_13656_p3               |     |        | select_ln84_69      | select    | auto_sel                 | 0       |
|     mul_32s_16s_48_1_1_U187                  | 2   |        | mul_ln85_17         | mul       | auto                     | 0       |
|     add_ln85_81_fu_13680_p2                  |     |        | add_ln85_81         | add       | fabric                   | 0       |
|     add_ln85_17_fu_13686_p2                  |     |        | add_ln85_17         | add       | fabric                   | 0       |
|     xor_ln84_70_fu_13712_p2                  |     |        | xor_ln84_70         | xor       | auto                     | 0       |
|     and_ln84_53_fu_13718_p2                  |     |        | and_ln84_53         | and       | auto                     | 0       |
|     xor_ln84_71_fu_13724_p2                  |     |        | xor_ln84_71         | xor       | auto                     | 0       |
|     select_ln84_70_fu_13730_p3               |     |        | select_ln84_70      | select    | auto_sel                 | 0       |
|     select_ln84_71_fu_13738_p3               |     |        | select_ln84_71      | select    | auto_sel                 | 0       |
|     mul_32s_32s_64_1_1_U221                  | 4   |        | mul_ln84_18         | mul       | auto                     | 0       |
|     grp_fu_4231_p2                           |     |        | icmp_ln84_36        | setne     | auto                     | 0       |
|     grp_fu_4237_p2                           |     |        | icmp_ln84_37        | setne     | auto                     | 0       |
|     or_ln84_54_fu_13761_p2                   |     |        | or_ln84_54          | or        | auto                     | 0       |
|     xor_ln84_72_fu_13767_p2                  |     |        | xor_ln84_72         | xor       | auto                     | 0       |
|     and_ln84_54_fu_13773_p2                  |     |        | and_ln84_54         | and       | auto                     | 0       |
|     xor_ln84_73_fu_13779_p2                  |     |        | xor_ln84_73         | xor       | auto                     | 0       |
|     or_ln84_55_fu_13785_p2                   |     |        | or_ln84_55          | or        | auto                     | 0       |
|     and_ln84_55_fu_13791_p2                  |     |        | and_ln84_55         | and       | auto                     | 0       |
|     select_ln84_72_fu_13797_p3               |     |        | select_ln84_72      | select    | auto_sel                 | 0       |
|     or_ln84_56_fu_13805_p2                   |     |        | or_ln84_56          | or        | auto                     | 0       |
|     select_ln84_73_fu_13811_p3               |     |        | select_ln84_73      | select    | auto_sel                 | 0       |
|     mul_32s_16s_48_1_1_U188                  | 2   |        | mul_ln85_18         | mul       | auto                     | 0       |
|     add_ln85_82_fu_13835_p2                  |     |        | add_ln85_82         | add       | fabric                   | 0       |
|     add_ln85_18_fu_13841_p2                  |     |        | add_ln85_18         | add       | fabric                   | 0       |
|     xor_ln84_74_fu_13867_p2                  |     |        | xor_ln84_74         | xor       | auto                     | 0       |
|     and_ln84_56_fu_13873_p2                  |     |        | and_ln84_56         | and       | auto                     | 0       |
|     xor_ln84_75_fu_13879_p2                  |     |        | xor_ln84_75         | xor       | auto                     | 0       |
|     select_ln84_74_fu_13885_p3               |     |        | select_ln84_74      | select    | auto_sel                 | 0       |
|     select_ln84_75_fu_13893_p3               |     |        | select_ln84_75      | select    | auto_sel                 | 0       |
|     mul_32s_32s_64_1_1_U222                  | 4   |        | mul_ln84_19         | mul       | auto                     | 0       |
|     grp_fu_4277_p2                           |     |        | icmp_ln84_38        | setne     | auto                     | 0       |
|     grp_fu_4283_p2                           |     |        | icmp_ln84_39        | setne     | auto                     | 0       |
|     or_ln84_57_fu_13916_p2                   |     |        | or_ln84_57          | or        | auto                     | 0       |
|     xor_ln84_76_fu_13922_p2                  |     |        | xor_ln84_76         | xor       | auto                     | 0       |
|     and_ln84_57_fu_13928_p2                  |     |        | and_ln84_57         | and       | auto                     | 0       |
|     xor_ln84_77_fu_13934_p2                  |     |        | xor_ln84_77         | xor       | auto                     | 0       |
|     or_ln84_58_fu_13940_p2                   |     |        | or_ln84_58          | or        | auto                     | 0       |
|     and_ln84_58_fu_13946_p2                  |     |        | and_ln84_58         | and       | auto                     | 0       |
|     select_ln84_76_fu_13952_p3               |     |        | select_ln84_76      | select    | auto_sel                 | 0       |
|     or_ln84_59_fu_13960_p2                   |     |        | or_ln84_59          | or        | auto                     | 0       |
|     select_ln84_77_fu_13966_p3               |     |        | select_ln84_77      | select    | auto_sel                 | 0       |
|     mul_32s_16s_48_1_1_U189                  | 2   |        | mul_ln85_19         | mul       | auto                     | 0       |
|     add_ln85_83_fu_13990_p2                  |     |        | add_ln85_83         | add       | fabric                   | 0       |
|     add_ln85_19_fu_13996_p2                  |     |        | add_ln85_19         | add       | fabric                   | 0       |
|     xor_ln84_78_fu_14022_p2                  |     |        | xor_ln84_78         | xor       | auto                     | 0       |
|     and_ln84_59_fu_14028_p2                  |     |        | and_ln84_59         | and       | auto                     | 0       |
|     xor_ln84_79_fu_14034_p2                  |     |        | xor_ln84_79         | xor       | auto                     | 0       |
|     select_ln84_78_fu_14040_p3               |     |        | select_ln84_78      | select    | auto_sel                 | 0       |
|     select_ln84_79_fu_14048_p3               |     |        | select_ln84_79      | select    | auto_sel                 | 0       |
|     mul_32s_32s_64_1_1_U223                  | 4   |        | mul_ln84_20         | mul       | auto                     | 0       |
|     grp_fu_4323_p2                           |     |        | icmp_ln84_40        | setne     | auto                     | 0       |
|     grp_fu_4329_p2                           |     |        | icmp_ln84_41        | setne     | auto                     | 0       |
|     or_ln84_60_fu_14071_p2                   |     |        | or_ln84_60          | or        | auto                     | 0       |
|     xor_ln84_80_fu_14077_p2                  |     |        | xor_ln84_80         | xor       | auto                     | 0       |
|     and_ln84_60_fu_14083_p2                  |     |        | and_ln84_60         | and       | auto                     | 0       |
|     xor_ln84_81_fu_14089_p2                  |     |        | xor_ln84_81         | xor       | auto                     | 0       |
|     or_ln84_61_fu_14095_p2                   |     |        | or_ln84_61          | or        | auto                     | 0       |
|     and_ln84_61_fu_14101_p2                  |     |        | and_ln84_61         | and       | auto                     | 0       |
|     select_ln84_80_fu_14107_p3               |     |        | select_ln84_80      | select    | auto_sel                 | 0       |
|     or_ln84_62_fu_14115_p2                   |     |        | or_ln84_62          | or        | auto                     | 0       |
|     select_ln84_81_fu_14121_p3               |     |        | select_ln84_81      | select    | auto_sel                 | 0       |
|     mul_32s_16s_48_1_1_U190                  | 2   |        | mul_ln85_20         | mul       | auto                     | 0       |
|     add_ln85_84_fu_14145_p2                  |     |        | add_ln85_84         | add       | fabric                   | 0       |
|     add_ln85_20_fu_14151_p2                  |     |        | add_ln85_20         | add       | fabric                   | 0       |
|     xor_ln84_82_fu_14177_p2                  |     |        | xor_ln84_82         | xor       | auto                     | 0       |
|     and_ln84_62_fu_14183_p2                  |     |        | and_ln84_62         | and       | auto                     | 0       |
|     xor_ln84_83_fu_14189_p2                  |     |        | xor_ln84_83         | xor       | auto                     | 0       |
|     select_ln84_82_fu_14195_p3               |     |        | select_ln84_82      | select    | auto_sel                 | 0       |
|     select_ln84_83_fu_14203_p3               |     |        | select_ln84_83      | select    | auto_sel                 | 0       |
|     mul_32s_32s_64_1_1_U224                  | 4   |        | mul_ln84_21         | mul       | auto                     | 0       |
|     grp_fu_4369_p2                           |     |        | icmp_ln84_42        | setne     | auto                     | 0       |
|     grp_fu_4375_p2                           |     |        | icmp_ln84_43        | setne     | auto                     | 0       |
|     or_ln84_63_fu_14226_p2                   |     |        | or_ln84_63          | or        | auto                     | 0       |
|     xor_ln84_84_fu_14232_p2                  |     |        | xor_ln84_84         | xor       | auto                     | 0       |
|     and_ln84_63_fu_14238_p2                  |     |        | and_ln84_63         | and       | auto                     | 0       |
|     xor_ln84_85_fu_14244_p2                  |     |        | xor_ln84_85         | xor       | auto                     | 0       |
|     or_ln84_64_fu_14250_p2                   |     |        | or_ln84_64          | or        | auto                     | 0       |
|     and_ln84_64_fu_14256_p2                  |     |        | and_ln84_64         | and       | auto                     | 0       |
|     select_ln84_84_fu_14262_p3               |     |        | select_ln84_84      | select    | auto_sel                 | 0       |
|     or_ln84_65_fu_14270_p2                   |     |        | or_ln84_65          | or        | auto                     | 0       |
|     select_ln84_85_fu_14276_p3               |     |        | select_ln84_85      | select    | auto_sel                 | 0       |
|     mul_32s_16s_48_1_1_U191                  | 2   |        | mul_ln85_21         | mul       | auto                     | 0       |
|     add_ln85_85_fu_14300_p2                  |     |        | add_ln85_85         | add       | fabric                   | 0       |
|     add_ln85_21_fu_14306_p2                  |     |        | add_ln85_21         | add       | fabric                   | 0       |
|     xor_ln84_86_fu_14332_p2                  |     |        | xor_ln84_86         | xor       | auto                     | 0       |
|     and_ln84_65_fu_14338_p2                  |     |        | and_ln84_65         | and       | auto                     | 0       |
|     xor_ln84_87_fu_14344_p2                  |     |        | xor_ln84_87         | xor       | auto                     | 0       |
|     select_ln84_86_fu_14350_p3               |     |        | select_ln84_86      | select    | auto_sel                 | 0       |
|     select_ln84_87_fu_14358_p3               |     |        | select_ln84_87      | select    | auto_sel                 | 0       |
|     mul_32s_32s_64_1_1_U225                  | 4   |        | mul_ln84_22         | mul       | auto                     | 0       |
|     grp_fu_4415_p2                           |     |        | icmp_ln84_44        | setne     | auto                     | 0       |
|     grp_fu_4421_p2                           |     |        | icmp_ln84_45        | setne     | auto                     | 0       |
|     or_ln84_66_fu_14381_p2                   |     |        | or_ln84_66          | or        | auto                     | 0       |
|     xor_ln84_88_fu_14387_p2                  |     |        | xor_ln84_88         | xor       | auto                     | 0       |
|     and_ln84_66_fu_14393_p2                  |     |        | and_ln84_66         | and       | auto                     | 0       |
|     xor_ln84_89_fu_14399_p2                  |     |        | xor_ln84_89         | xor       | auto                     | 0       |
|     or_ln84_67_fu_14405_p2                   |     |        | or_ln84_67          | or        | auto                     | 0       |
|     and_ln84_67_fu_14411_p2                  |     |        | and_ln84_67         | and       | auto                     | 0       |
|     select_ln84_88_fu_14417_p3               |     |        | select_ln84_88      | select    | auto_sel                 | 0       |
|     or_ln84_68_fu_14425_p2                   |     |        | or_ln84_68          | or        | auto                     | 0       |
|     select_ln84_89_fu_14431_p3               |     |        | select_ln84_89      | select    | auto_sel                 | 0       |
|     mul_32s_16s_48_1_1_U192                  | 2   |        | mul_ln85_22         | mul       | auto                     | 0       |
|     add_ln85_86_fu_14455_p2                  |     |        | add_ln85_86         | add       | fabric                   | 0       |
|     add_ln85_22_fu_14461_p2                  |     |        | add_ln85_22         | add       | fabric                   | 0       |
|     xor_ln84_90_fu_14487_p2                  |     |        | xor_ln84_90         | xor       | auto                     | 0       |
|     and_ln84_68_fu_14493_p2                  |     |        | and_ln84_68         | and       | auto                     | 0       |
|     xor_ln84_91_fu_14499_p2                  |     |        | xor_ln84_91         | xor       | auto                     | 0       |
|     select_ln84_90_fu_14505_p3               |     |        | select_ln84_90      | select    | auto_sel                 | 0       |
|     select_ln84_91_fu_14513_p3               |     |        | select_ln84_91      | select    | auto_sel                 | 0       |
|     mul_32s_32s_64_1_1_U226                  | 4   |        | mul_ln84_23         | mul       | auto                     | 0       |
|     grp_fu_4461_p2                           |     |        | icmp_ln84_46        | setne     | auto                     | 0       |
|     grp_fu_4467_p2                           |     |        | icmp_ln84_47        | setne     | auto                     | 0       |
|     or_ln84_69_fu_14536_p2                   |     |        | or_ln84_69          | or        | auto                     | 0       |
|     xor_ln84_92_fu_14542_p2                  |     |        | xor_ln84_92         | xor       | auto                     | 0       |
|     and_ln84_69_fu_14548_p2                  |     |        | and_ln84_69         | and       | auto                     | 0       |
|     xor_ln84_93_fu_14554_p2                  |     |        | xor_ln84_93         | xor       | auto                     | 0       |
|     or_ln84_70_fu_14560_p2                   |     |        | or_ln84_70          | or        | auto                     | 0       |
|     and_ln84_70_fu_14566_p2                  |     |        | and_ln84_70         | and       | auto                     | 0       |
|     select_ln84_92_fu_14572_p3               |     |        | select_ln84_92      | select    | auto_sel                 | 0       |
|     or_ln84_71_fu_14580_p2                   |     |        | or_ln84_71          | or        | auto                     | 0       |
|     select_ln84_93_fu_14586_p3               |     |        | select_ln84_93      | select    | auto_sel                 | 0       |
|     mul_32s_16s_48_1_1_U193                  | 2   |        | mul_ln85_23         | mul       | auto                     | 0       |
|     add_ln85_87_fu_14610_p2                  |     |        | add_ln85_87         | add       | fabric                   | 0       |
|     add_ln85_23_fu_14616_p2                  |     |        | add_ln85_23         | add       | fabric                   | 0       |
|     xor_ln84_94_fu_14642_p2                  |     |        | xor_ln84_94         | xor       | auto                     | 0       |
|     and_ln84_71_fu_14648_p2                  |     |        | and_ln84_71         | and       | auto                     | 0       |
|     xor_ln84_95_fu_14654_p2                  |     |        | xor_ln84_95         | xor       | auto                     | 0       |
|     select_ln84_94_fu_14660_p3               |     |        | select_ln84_94      | select    | auto_sel                 | 0       |
|     select_ln84_95_fu_14668_p3               |     |        | select_ln84_95      | select    | auto_sel                 | 0       |
|     mul_32s_32s_64_1_1_U227                  | 4   |        | mul_ln84_24         | mul       | auto                     | 0       |
|     grp_fu_4507_p2                           |     |        | icmp_ln84_48        | setne     | auto                     | 0       |
|     grp_fu_4513_p2                           |     |        | icmp_ln84_49        | setne     | auto                     | 0       |
|     or_ln84_72_fu_14691_p2                   |     |        | or_ln84_72          | or        | auto                     | 0       |
|     xor_ln84_96_fu_14697_p2                  |     |        | xor_ln84_96         | xor       | auto                     | 0       |
|     and_ln84_72_fu_14703_p2                  |     |        | and_ln84_72         | and       | auto                     | 0       |
|     xor_ln84_97_fu_14709_p2                  |     |        | xor_ln84_97         | xor       | auto                     | 0       |
|     or_ln84_73_fu_14715_p2                   |     |        | or_ln84_73          | or        | auto                     | 0       |
|     and_ln84_73_fu_14721_p2                  |     |        | and_ln84_73         | and       | auto                     | 0       |
|     select_ln84_96_fu_14727_p3               |     |        | select_ln84_96      | select    | auto_sel                 | 0       |
|     or_ln84_74_fu_14735_p2                   |     |        | or_ln84_74          | or        | auto                     | 0       |
|     select_ln84_97_fu_14741_p3               |     |        | select_ln84_97      | select    | auto_sel                 | 0       |
|     mul_32s_16s_48_1_1_U194                  | 2   |        | mul_ln85_24         | mul       | auto                     | 0       |
|     add_ln85_88_fu_14765_p2                  |     |        | add_ln85_88         | add       | fabric                   | 0       |
|     add_ln85_24_fu_14771_p2                  |     |        | add_ln85_24         | add       | fabric                   | 0       |
|     xor_ln84_98_fu_14797_p2                  |     |        | xor_ln84_98         | xor       | auto                     | 0       |
|     and_ln84_74_fu_14803_p2                  |     |        | and_ln84_74         | and       | auto                     | 0       |
|     xor_ln84_99_fu_14809_p2                  |     |        | xor_ln84_99         | xor       | auto                     | 0       |
|     select_ln84_98_fu_14815_p3               |     |        | select_ln84_98      | select    | auto_sel                 | 0       |
|     select_ln84_99_fu_14823_p3               |     |        | select_ln84_99      | select    | auto_sel                 | 0       |
|     mul_32s_32s_64_1_1_U228                  | 4   |        | mul_ln84_25         | mul       | auto                     | 0       |
|     grp_fu_4553_p2                           |     |        | icmp_ln84_50        | setne     | auto                     | 0       |
|     grp_fu_4559_p2                           |     |        | icmp_ln84_51        | setne     | auto                     | 0       |
|     or_ln84_75_fu_14846_p2                   |     |        | or_ln84_75          | or        | auto                     | 0       |
|     xor_ln84_100_fu_14852_p2                 |     |        | xor_ln84_100        | xor       | auto                     | 0       |
|     and_ln84_75_fu_14858_p2                  |     |        | and_ln84_75         | and       | auto                     | 0       |
|     xor_ln84_101_fu_14864_p2                 |     |        | xor_ln84_101        | xor       | auto                     | 0       |
|     or_ln84_76_fu_14870_p2                   |     |        | or_ln84_76          | or        | auto                     | 0       |
|     and_ln84_76_fu_14876_p2                  |     |        | and_ln84_76         | and       | auto                     | 0       |
|     select_ln84_100_fu_14882_p3              |     |        | select_ln84_100     | select    | auto_sel                 | 0       |
|     or_ln84_77_fu_14890_p2                   |     |        | or_ln84_77          | or        | auto                     | 0       |
|     select_ln84_101_fu_14896_p3              |     |        | select_ln84_101     | select    | auto_sel                 | 0       |
|     mul_32s_16s_48_1_1_U195                  | 2   |        | mul_ln85_25         | mul       | auto                     | 0       |
|     add_ln85_89_fu_14920_p2                  |     |        | add_ln85_89         | add       | fabric                   | 0       |
|     add_ln85_25_fu_14926_p2                  |     |        | add_ln85_25         | add       | fabric                   | 0       |
|     xor_ln84_102_fu_14952_p2                 |     |        | xor_ln84_102        | xor       | auto                     | 0       |
|     and_ln84_77_fu_14958_p2                  |     |        | and_ln84_77         | and       | auto                     | 0       |
|     xor_ln84_103_fu_14964_p2                 |     |        | xor_ln84_103        | xor       | auto                     | 0       |
|     select_ln84_102_fu_14970_p3              |     |        | select_ln84_102     | select    | auto_sel                 | 0       |
|     select_ln84_103_fu_14978_p3              |     |        | select_ln84_103     | select    | auto_sel                 | 0       |
|     mul_32s_32s_64_1_1_U229                  | 4   |        | mul_ln84_26         | mul       | auto                     | 0       |
|     grp_fu_4599_p2                           |     |        | icmp_ln84_52        | setne     | auto                     | 0       |
|     grp_fu_4605_p2                           |     |        | icmp_ln84_53        | setne     | auto                     | 0       |
|     or_ln84_78_fu_15001_p2                   |     |        | or_ln84_78          | or        | auto                     | 0       |
|     xor_ln84_104_fu_15007_p2                 |     |        | xor_ln84_104        | xor       | auto                     | 0       |
|     and_ln84_78_fu_15013_p2                  |     |        | and_ln84_78         | and       | auto                     | 0       |
|     xor_ln84_105_fu_15019_p2                 |     |        | xor_ln84_105        | xor       | auto                     | 0       |
|     or_ln84_79_fu_15025_p2                   |     |        | or_ln84_79          | or        | auto                     | 0       |
|     and_ln84_79_fu_15031_p2                  |     |        | and_ln84_79         | and       | auto                     | 0       |
|     select_ln84_104_fu_15037_p3              |     |        | select_ln84_104     | select    | auto_sel                 | 0       |
|     or_ln84_80_fu_15045_p2                   |     |        | or_ln84_80          | or        | auto                     | 0       |
|     select_ln84_105_fu_15051_p3              |     |        | select_ln84_105     | select    | auto_sel                 | 0       |
|     mul_32s_16s_48_1_1_U196                  | 2   |        | mul_ln85_26         | mul       | auto                     | 0       |
|     add_ln85_90_fu_15075_p2                  |     |        | add_ln85_90         | add       | fabric                   | 0       |
|     add_ln85_26_fu_15081_p2                  |     |        | add_ln85_26         | add       | fabric                   | 0       |
|     xor_ln84_106_fu_15107_p2                 |     |        | xor_ln84_106        | xor       | auto                     | 0       |
|     and_ln84_80_fu_15113_p2                  |     |        | and_ln84_80         | and       | auto                     | 0       |
|     xor_ln84_107_fu_15119_p2                 |     |        | xor_ln84_107        | xor       | auto                     | 0       |
|     select_ln84_106_fu_15125_p3              |     |        | select_ln84_106     | select    | auto_sel                 | 0       |
|     select_ln84_107_fu_15133_p3              |     |        | select_ln84_107     | select    | auto_sel                 | 0       |
|     mul_32s_32s_64_1_1_U230                  | 4   |        | mul_ln84_27         | mul       | auto                     | 0       |
|     grp_fu_4645_p2                           |     |        | icmp_ln84_54        | setne     | auto                     | 0       |
|     grp_fu_4651_p2                           |     |        | icmp_ln84_55        | setne     | auto                     | 0       |
|     or_ln84_81_fu_15156_p2                   |     |        | or_ln84_81          | or        | auto                     | 0       |
|     xor_ln84_108_fu_15162_p2                 |     |        | xor_ln84_108        | xor       | auto                     | 0       |
|     and_ln84_81_fu_15168_p2                  |     |        | and_ln84_81         | and       | auto                     | 0       |
|     xor_ln84_109_fu_15174_p2                 |     |        | xor_ln84_109        | xor       | auto                     | 0       |
|     or_ln84_82_fu_15180_p2                   |     |        | or_ln84_82          | or        | auto                     | 0       |
|     and_ln84_82_fu_15186_p2                  |     |        | and_ln84_82         | and       | auto                     | 0       |
|     select_ln84_108_fu_15192_p3              |     |        | select_ln84_108     | select    | auto_sel                 | 0       |
|     or_ln84_83_fu_15200_p2                   |     |        | or_ln84_83          | or        | auto                     | 0       |
|     select_ln84_109_fu_15206_p3              |     |        | select_ln84_109     | select    | auto_sel                 | 0       |
|     mul_32s_16s_48_1_1_U197                  | 2   |        | mul_ln85_27         | mul       | auto                     | 0       |
|     add_ln85_91_fu_15230_p2                  |     |        | add_ln85_91         | add       | fabric                   | 0       |
|     add_ln85_27_fu_15236_p2                  |     |        | add_ln85_27         | add       | fabric                   | 0       |
|     xor_ln84_110_fu_15262_p2                 |     |        | xor_ln84_110        | xor       | auto                     | 0       |
|     and_ln84_83_fu_15268_p2                  |     |        | and_ln84_83         | and       | auto                     | 0       |
|     xor_ln84_111_fu_15274_p2                 |     |        | xor_ln84_111        | xor       | auto                     | 0       |
|     select_ln84_110_fu_15280_p3              |     |        | select_ln84_110     | select    | auto_sel                 | 0       |
|     select_ln84_111_fu_15288_p3              |     |        | select_ln84_111     | select    | auto_sel                 | 0       |
|     mul_32s_32s_64_1_1_U231                  | 4   |        | mul_ln84_28         | mul       | auto                     | 0       |
|     grp_fu_4691_p2                           |     |        | icmp_ln84_56        | setne     | auto                     | 0       |
|     grp_fu_4697_p2                           |     |        | icmp_ln84_57        | setne     | auto                     | 0       |
|     or_ln84_84_fu_15311_p2                   |     |        | or_ln84_84          | or        | auto                     | 0       |
|     xor_ln84_112_fu_15317_p2                 |     |        | xor_ln84_112        | xor       | auto                     | 0       |
|     and_ln84_84_fu_15323_p2                  |     |        | and_ln84_84         | and       | auto                     | 0       |
|     xor_ln84_113_fu_15329_p2                 |     |        | xor_ln84_113        | xor       | auto                     | 0       |
|     or_ln84_85_fu_15335_p2                   |     |        | or_ln84_85          | or        | auto                     | 0       |
|     and_ln84_85_fu_15341_p2                  |     |        | and_ln84_85         | and       | auto                     | 0       |
|     select_ln84_112_fu_15347_p3              |     |        | select_ln84_112     | select    | auto_sel                 | 0       |
|     or_ln84_86_fu_15355_p2                   |     |        | or_ln84_86          | or        | auto                     | 0       |
|     select_ln84_113_fu_15361_p3              |     |        | select_ln84_113     | select    | auto_sel                 | 0       |
|     mul_32s_16s_48_1_1_U198                  | 2   |        | mul_ln85_28         | mul       | auto                     | 0       |
|     add_ln85_92_fu_15385_p2                  |     |        | add_ln85_92         | add       | fabric                   | 0       |
|     add_ln85_28_fu_15391_p2                  |     |        | add_ln85_28         | add       | fabric                   | 0       |
|     xor_ln84_114_fu_15417_p2                 |     |        | xor_ln84_114        | xor       | auto                     | 0       |
|     and_ln84_86_fu_15423_p2                  |     |        | and_ln84_86         | and       | auto                     | 0       |
|     xor_ln84_115_fu_15429_p2                 |     |        | xor_ln84_115        | xor       | auto                     | 0       |
|     select_ln84_114_fu_15435_p3              |     |        | select_ln84_114     | select    | auto_sel                 | 0       |
|     select_ln84_115_fu_15443_p3              |     |        | select_ln84_115     | select    | auto_sel                 | 0       |
|     mul_32s_32s_64_1_1_U232                  | 4   |        | mul_ln84_29         | mul       | auto                     | 0       |
|     grp_fu_4737_p2                           |     |        | icmp_ln84_58        | setne     | auto                     | 0       |
|     grp_fu_4743_p2                           |     |        | icmp_ln84_59        | setne     | auto                     | 0       |
|     or_ln84_87_fu_15466_p2                   |     |        | or_ln84_87          | or        | auto                     | 0       |
|     xor_ln84_116_fu_15472_p2                 |     |        | xor_ln84_116        | xor       | auto                     | 0       |
|     and_ln84_87_fu_15478_p2                  |     |        | and_ln84_87         | and       | auto                     | 0       |
|     xor_ln84_117_fu_15484_p2                 |     |        | xor_ln84_117        | xor       | auto                     | 0       |
|     or_ln84_88_fu_15490_p2                   |     |        | or_ln84_88          | or        | auto                     | 0       |
|     and_ln84_88_fu_15496_p2                  |     |        | and_ln84_88         | and       | auto                     | 0       |
|     select_ln84_116_fu_15502_p3              |     |        | select_ln84_116     | select    | auto_sel                 | 0       |
|     or_ln84_89_fu_15510_p2                   |     |        | or_ln84_89          | or        | auto                     | 0       |
|     select_ln84_117_fu_15516_p3              |     |        | select_ln84_117     | select    | auto_sel                 | 0       |
|     mul_32s_16s_48_1_1_U199                  | 2   |        | mul_ln85_29         | mul       | auto                     | 0       |
|     add_ln85_93_fu_15540_p2                  |     |        | add_ln85_93         | add       | fabric                   | 0       |
|     add_ln85_29_fu_15546_p2                  |     |        | add_ln85_29         | add       | fabric                   | 0       |
|     xor_ln84_118_fu_15572_p2                 |     |        | xor_ln84_118        | xor       | auto                     | 0       |
|     and_ln84_89_fu_15578_p2                  |     |        | and_ln84_89         | and       | auto                     | 0       |
|     xor_ln84_119_fu_15584_p2                 |     |        | xor_ln84_119        | xor       | auto                     | 0       |
|     select_ln84_118_fu_15590_p3              |     |        | select_ln84_118     | select    | auto_sel                 | 0       |
|     select_ln84_119_fu_15598_p3              |     |        | select_ln84_119     | select    | auto_sel                 | 0       |
|     mul_32s_32s_64_1_1_U233                  | 4   |        | mul_ln84_30         | mul       | auto                     | 0       |
|     icmp_ln84_60_fu_15645_p2                 |     |        | icmp_ln84_60        | setne     | auto                     | 0       |
|     icmp_ln84_61_fu_15651_p2                 |     |        | icmp_ln84_61        | setne     | auto                     | 0       |
|     or_ln84_90_fu_15657_p2                   |     |        | or_ln84_90          | or        | auto                     | 0       |
|     xor_ln84_120_fu_15663_p2                 |     |        | xor_ln84_120        | xor       | auto                     | 0       |
|     and_ln84_90_fu_15669_p2                  |     |        | and_ln84_90         | and       | auto                     | 0       |
|     xor_ln84_121_fu_15675_p2                 |     |        | xor_ln84_121        | xor       | auto                     | 0       |
|     or_ln84_91_fu_15681_p2                   |     |        | or_ln84_91          | or        | auto                     | 0       |
|     and_ln84_91_fu_15687_p2                  |     |        | and_ln84_91         | and       | auto                     | 0       |
|     select_ln84_120_fu_15693_p3              |     |        | select_ln84_120     | select    | auto_sel                 | 0       |
|     or_ln84_92_fu_15701_p2                   |     |        | or_ln84_92          | or        | auto                     | 0       |
|     select_ln84_121_fu_15707_p3              |     |        | select_ln84_121     | select    | auto_sel                 | 0       |
|     mul_32s_16s_48_1_1_U200                  | 2   |        | mul_ln85_30         | mul       | auto                     | 0       |
|     add_ln85_94_fu_15731_p2                  |     |        | add_ln85_94         | add       | fabric                   | 0       |
|     add_ln85_30_fu_15737_p2                  |     |        | add_ln85_30         | add       | fabric                   | 0       |
|     xor_ln84_122_fu_15763_p2                 |     |        | xor_ln84_122        | xor       | auto                     | 0       |
|     and_ln84_92_fu_15769_p2                  |     |        | and_ln84_92         | and       | auto                     | 0       |
|     xor_ln84_123_fu_15775_p2                 |     |        | xor_ln84_123        | xor       | auto                     | 0       |
|     select_ln84_122_fu_15781_p3              |     |        | select_ln84_122     | select    | auto_sel                 | 0       |
|     select_ln84_123_fu_15789_p3              |     |        | select_ln84_123     | select    | auto_sel                 | 0       |
|     mul_32s_32s_64_1_1_U234                  | 4   |        | mul_ln84_31         | mul       | auto                     | 0       |
|     icmp_ln84_62_fu_15836_p2                 |     |        | icmp_ln84_62        | setne     | auto                     | 0       |
|     icmp_ln84_63_fu_15842_p2                 |     |        | icmp_ln84_63        | setne     | auto                     | 0       |
|     or_ln84_93_fu_15848_p2                   |     |        | or_ln84_93          | or        | auto                     | 0       |
|     xor_ln84_124_fu_15854_p2                 |     |        | xor_ln84_124        | xor       | auto                     | 0       |
|     and_ln84_93_fu_15860_p2                  |     |        | and_ln84_93         | and       | auto                     | 0       |
|     xor_ln84_125_fu_15866_p2                 |     |        | xor_ln84_125        | xor       | auto                     | 0       |
|     or_ln84_94_fu_15872_p2                   |     |        | or_ln84_94          | or        | auto                     | 0       |
|     and_ln84_94_fu_15878_p2                  |     |        | and_ln84_94         | and       | auto                     | 0       |
|     select_ln84_124_fu_15884_p3              |     |        | select_ln84_124     | select    | auto_sel                 | 0       |
|     or_ln84_95_fu_15892_p2                   |     |        | or_ln84_95          | or        | auto                     | 0       |
|     select_ln84_125_fu_15898_p3              |     |        | select_ln84_125     | select    | auto_sel                 | 0       |
|     mul_32s_16s_48_1_1_U201                  | 2   |        | mul_ln85_31         | mul       | auto                     | 0       |
|     add_ln85_95_fu_15922_p2                  |     |        | add_ln85_95         | add       | fabric                   | 0       |
|     add_ln85_31_fu_15928_p2                  |     |        | add_ln85_31         | add       | fabric                   | 0       |
|     xor_ln84_126_fu_15954_p2                 |     |        | xor_ln84_126        | xor       | auto                     | 0       |
|     and_ln84_95_fu_15960_p2                  |     |        | and_ln84_95         | and       | auto                     | 0       |
|     xor_ln84_127_fu_15966_p2                 |     |        | xor_ln84_127        | xor       | auto                     | 0       |
|     select_ln84_126_fu_15972_p3              |     |        | select_ln84_126     | select    | auto_sel                 | 0       |
|     select_ln84_127_fu_15980_p3              |     |        | select_ln84_127     | select    | auto_sel                 | 0       |
|     mul_32s_32s_64_1_1_U235                  | 4   |        | mul_ln84_32         | mul       | auto                     | 0       |
|     icmp_ln84_64_fu_16027_p2                 |     |        | icmp_ln84_64        | setne     | auto                     | 0       |
|     icmp_ln84_65_fu_16033_p2                 |     |        | icmp_ln84_65        | setne     | auto                     | 0       |
|     or_ln84_96_fu_16039_p2                   |     |        | or_ln84_96          | or        | auto                     | 0       |
|     xor_ln84_128_fu_16045_p2                 |     |        | xor_ln84_128        | xor       | auto                     | 0       |
|     and_ln84_96_fu_16051_p2                  |     |        | and_ln84_96         | and       | auto                     | 0       |
|     xor_ln84_129_fu_16057_p2                 |     |        | xor_ln84_129        | xor       | auto                     | 0       |
|     or_ln84_97_fu_16063_p2                   |     |        | or_ln84_97          | or        | auto                     | 0       |
|     and_ln84_97_fu_16069_p2                  |     |        | and_ln84_97         | and       | auto                     | 0       |
|     select_ln84_128_fu_16075_p3              |     |        | select_ln84_128     | select    | auto_sel                 | 0       |
|     or_ln84_98_fu_16083_p2                   |     |        | or_ln84_98          | or        | auto                     | 0       |
|     select_ln84_129_fu_16089_p3              |     |        | select_ln84_129     | select    | auto_sel                 | 0       |
|     mul_32s_16s_48_1_1_U170                  | 2   |        | mul_ln85_32         | mul       | auto                     | 0       |
|     add_ln85_96_fu_16370_p2                  |     |        | add_ln85_96         | add       | fabric                   | 0       |
|     add_ln85_32_fu_16375_p2                  |     |        | add_ln85_32         | add       | fabric                   | 0       |
|     xor_ln84_130_fu_16401_p2                 |     |        | xor_ln84_130        | xor       | auto                     | 0       |
|     and_ln84_98_fu_16407_p2                  |     |        | and_ln84_98         | and       | auto                     | 0       |
|     xor_ln84_131_fu_16413_p2                 |     |        | xor_ln84_131        | xor       | auto                     | 0       |
|     select_ln84_130_fu_16419_p3              |     |        | select_ln84_130     | select    | auto_sel                 | 0       |
|     select_ln84_131_fu_16427_p3              |     |        | select_ln84_131     | select    | auto_sel                 | 0       |
|     mul_32s_32s_64_1_1_U202                  | 4   |        | mul_ln84_33         | mul       | auto                     | 0       |
|     grp_fu_3367_p2                           |     |        | icmp_ln84_66        | setne     | auto                     | 0       |
|     grp_fu_3373_p2                           |     |        | icmp_ln84_67        | setne     | auto                     | 0       |
|     or_ln84_99_fu_16450_p2                   |     |        | or_ln84_99          | or        | auto                     | 0       |
|     xor_ln84_132_fu_16456_p2                 |     |        | xor_ln84_132        | xor       | auto                     | 0       |
|     and_ln84_99_fu_16462_p2                  |     |        | and_ln84_99         | and       | auto                     | 0       |
|     xor_ln84_133_fu_16468_p2                 |     |        | xor_ln84_133        | xor       | auto                     | 0       |
|     or_ln84_100_fu_16474_p2                  |     |        | or_ln84_100         | or        | auto                     | 0       |
|     and_ln84_100_fu_16480_p2                 |     |        | and_ln84_100        | and       | auto                     | 0       |
|     select_ln84_132_fu_16486_p3              |     |        | select_ln84_132     | select    | auto_sel                 | 0       |
|     or_ln84_101_fu_16494_p2                  |     |        | or_ln84_101         | or        | auto                     | 0       |
|     select_ln84_133_fu_16500_p3              |     |        | select_ln84_133     | select    | auto_sel                 | 0       |
|     mul_32s_16s_48_1_1_U171                  | 2   |        | mul_ln85_33         | mul       | auto                     | 0       |
|     add_ln85_97_fu_16524_p2                  |     |        | add_ln85_97         | add       | fabric                   | 0       |
|     add_ln85_33_fu_16530_p2                  |     |        | add_ln85_33         | add       | fabric                   | 0       |
|     xor_ln84_134_fu_16556_p2                 |     |        | xor_ln84_134        | xor       | auto                     | 0       |
|     and_ln84_101_fu_16562_p2                 |     |        | and_ln84_101        | and       | auto                     | 0       |
|     xor_ln84_135_fu_16568_p2                 |     |        | xor_ln84_135        | xor       | auto                     | 0       |
|     select_ln84_134_fu_16574_p3              |     |        | select_ln84_134     | select    | auto_sel                 | 0       |
|     select_ln84_135_fu_16582_p3              |     |        | select_ln84_135     | select    | auto_sel                 | 0       |
|     mul_32s_32s_64_1_1_U203                  | 4   |        | mul_ln84_34         | mul       | auto                     | 0       |
|     grp_fu_3403_p2                           |     |        | icmp_ln84_68        | setne     | auto                     | 0       |
|     grp_fu_3409_p2                           |     |        | icmp_ln84_69        | setne     | auto                     | 0       |
|     or_ln84_102_fu_16605_p2                  |     |        | or_ln84_102         | or        | auto                     | 0       |
|     xor_ln84_136_fu_16611_p2                 |     |        | xor_ln84_136        | xor       | auto                     | 0       |
|     and_ln84_102_fu_16617_p2                 |     |        | and_ln84_102        | and       | auto                     | 0       |
|     xor_ln84_137_fu_16623_p2                 |     |        | xor_ln84_137        | xor       | auto                     | 0       |
|     or_ln84_103_fu_16629_p2                  |     |        | or_ln84_103         | or        | auto                     | 0       |
|     and_ln84_103_fu_16635_p2                 |     |        | and_ln84_103        | and       | auto                     | 0       |
|     select_ln84_136_fu_16641_p3              |     |        | select_ln84_136     | select    | auto_sel                 | 0       |
|     or_ln84_104_fu_16649_p2                  |     |        | or_ln84_104         | or        | auto                     | 0       |
|     select_ln84_137_fu_16655_p3              |     |        | select_ln84_137     | select    | auto_sel                 | 0       |
|     mul_32s_16s_48_1_1_U172                  | 2   |        | mul_ln85_34         | mul       | auto                     | 0       |
|     add_ln85_98_fu_16679_p2                  |     |        | add_ln85_98         | add       | fabric                   | 0       |
|     add_ln85_34_fu_16685_p2                  |     |        | add_ln85_34         | add       | fabric                   | 0       |
|     xor_ln84_138_fu_16711_p2                 |     |        | xor_ln84_138        | xor       | auto                     | 0       |
|     and_ln84_104_fu_16717_p2                 |     |        | and_ln84_104        | and       | auto                     | 0       |
|     xor_ln84_139_fu_16723_p2                 |     |        | xor_ln84_139        | xor       | auto                     | 0       |
|     select_ln84_138_fu_16729_p3              |     |        | select_ln84_138     | select    | auto_sel                 | 0       |
|     select_ln84_139_fu_16737_p3              |     |        | select_ln84_139     | select    | auto_sel                 | 0       |
|     mul_32s_32s_64_1_1_U204                  | 4   |        | mul_ln84_35         | mul       | auto                     | 0       |
|     grp_fu_3449_p2                           |     |        | icmp_ln84_70        | setne     | auto                     | 0       |
|     grp_fu_3455_p2                           |     |        | icmp_ln84_71        | setne     | auto                     | 0       |
|     or_ln84_105_fu_16760_p2                  |     |        | or_ln84_105         | or        | auto                     | 0       |
|     xor_ln84_140_fu_16766_p2                 |     |        | xor_ln84_140        | xor       | auto                     | 0       |
|     and_ln84_105_fu_16772_p2                 |     |        | and_ln84_105        | and       | auto                     | 0       |
|     xor_ln84_141_fu_16778_p2                 |     |        | xor_ln84_141        | xor       | auto                     | 0       |
|     or_ln84_106_fu_16784_p2                  |     |        | or_ln84_106         | or        | auto                     | 0       |
|     and_ln84_106_fu_16790_p2                 |     |        | and_ln84_106        | and       | auto                     | 0       |
|     select_ln84_140_fu_16796_p3              |     |        | select_ln84_140     | select    | auto_sel                 | 0       |
|     or_ln84_107_fu_16804_p2                  |     |        | or_ln84_107         | or        | auto                     | 0       |
|     select_ln84_141_fu_16810_p3              |     |        | select_ln84_141     | select    | auto_sel                 | 0       |
|     mul_32s_16s_48_1_1_U173                  | 2   |        | mul_ln85_35         | mul       | auto                     | 0       |
|     add_ln85_99_fu_16834_p2                  |     |        | add_ln85_99         | add       | fabric                   | 0       |
|     add_ln85_35_fu_16840_p2                  |     |        | add_ln85_35         | add       | fabric                   | 0       |
|     xor_ln84_142_fu_16866_p2                 |     |        | xor_ln84_142        | xor       | auto                     | 0       |
|     and_ln84_107_fu_16872_p2                 |     |        | and_ln84_107        | and       | auto                     | 0       |
|     xor_ln84_143_fu_16878_p2                 |     |        | xor_ln84_143        | xor       | auto                     | 0       |
|     select_ln84_142_fu_16884_p3              |     |        | select_ln84_142     | select    | auto_sel                 | 0       |
|     select_ln84_143_fu_16892_p3              |     |        | select_ln84_143     | select    | auto_sel                 | 0       |
|     mul_32s_32s_64_1_1_U205                  | 4   |        | mul_ln84_36         | mul       | auto                     | 0       |
|     grp_fu_3495_p2                           |     |        | icmp_ln84_72        | setne     | auto                     | 0       |
|     grp_fu_3501_p2                           |     |        | icmp_ln84_73        | setne     | auto                     | 0       |
|     or_ln84_108_fu_16915_p2                  |     |        | or_ln84_108         | or        | auto                     | 0       |
|     xor_ln84_144_fu_16921_p2                 |     |        | xor_ln84_144        | xor       | auto                     | 0       |
|     and_ln84_108_fu_16927_p2                 |     |        | and_ln84_108        | and       | auto                     | 0       |
|     xor_ln84_145_fu_16933_p2                 |     |        | xor_ln84_145        | xor       | auto                     | 0       |
|     or_ln84_109_fu_16939_p2                  |     |        | or_ln84_109         | or        | auto                     | 0       |
|     and_ln84_109_fu_16945_p2                 |     |        | and_ln84_109        | and       | auto                     | 0       |
|     select_ln84_144_fu_16951_p3              |     |        | select_ln84_144     | select    | auto_sel                 | 0       |
|     or_ln84_110_fu_16959_p2                  |     |        | or_ln84_110         | or        | auto                     | 0       |
|     select_ln84_145_fu_16965_p3              |     |        | select_ln84_145     | select    | auto_sel                 | 0       |
|     mul_32s_16s_48_1_1_U174                  | 2   |        | mul_ln85_36         | mul       | auto                     | 0       |
|     add_ln85_100_fu_16989_p2                 |     |        | add_ln85_100        | add       | fabric                   | 0       |
|     add_ln85_36_fu_16995_p2                  |     |        | add_ln85_36         | add       | fabric                   | 0       |
|     xor_ln84_146_fu_17021_p2                 |     |        | xor_ln84_146        | xor       | auto                     | 0       |
|     and_ln84_110_fu_17027_p2                 |     |        | and_ln84_110        | and       | auto                     | 0       |
|     xor_ln84_147_fu_17033_p2                 |     |        | xor_ln84_147        | xor       | auto                     | 0       |
|     select_ln84_146_fu_17039_p3              |     |        | select_ln84_146     | select    | auto_sel                 | 0       |
|     select_ln84_147_fu_17047_p3              |     |        | select_ln84_147     | select    | auto_sel                 | 0       |
|     mul_32s_32s_64_1_1_U206                  | 4   |        | mul_ln84_37         | mul       | auto                     | 0       |
|     grp_fu_3541_p2                           |     |        | icmp_ln84_74        | setne     | auto                     | 0       |
|     grp_fu_3547_p2                           |     |        | icmp_ln84_75        | setne     | auto                     | 0       |
|     or_ln84_111_fu_17070_p2                  |     |        | or_ln84_111         | or        | auto                     | 0       |
|     xor_ln84_148_fu_17076_p2                 |     |        | xor_ln84_148        | xor       | auto                     | 0       |
|     and_ln84_111_fu_17082_p2                 |     |        | and_ln84_111        | and       | auto                     | 0       |
|     xor_ln84_149_fu_17088_p2                 |     |        | xor_ln84_149        | xor       | auto                     | 0       |
|     or_ln84_112_fu_17094_p2                  |     |        | or_ln84_112         | or        | auto                     | 0       |
|     and_ln84_112_fu_17100_p2                 |     |        | and_ln84_112        | and       | auto                     | 0       |
|     select_ln84_148_fu_17106_p3              |     |        | select_ln84_148     | select    | auto_sel                 | 0       |
|     or_ln84_113_fu_17114_p2                  |     |        | or_ln84_113         | or        | auto                     | 0       |
|     select_ln84_149_fu_17120_p3              |     |        | select_ln84_149     | select    | auto_sel                 | 0       |
|     mul_32s_16s_48_1_1_U175                  | 2   |        | mul_ln85_37         | mul       | auto                     | 0       |
|     add_ln85_101_fu_17144_p2                 |     |        | add_ln85_101        | add       | fabric                   | 0       |
|     add_ln85_37_fu_17150_p2                  |     |        | add_ln85_37         | add       | fabric                   | 0       |
|     xor_ln84_150_fu_17176_p2                 |     |        | xor_ln84_150        | xor       | auto                     | 0       |
|     and_ln84_113_fu_17182_p2                 |     |        | and_ln84_113        | and       | auto                     | 0       |
|     xor_ln84_151_fu_17188_p2                 |     |        | xor_ln84_151        | xor       | auto                     | 0       |
|     select_ln84_150_fu_17194_p3              |     |        | select_ln84_150     | select    | auto_sel                 | 0       |
|     select_ln84_151_fu_17202_p3              |     |        | select_ln84_151     | select    | auto_sel                 | 0       |
|     mul_32s_32s_64_1_1_U207                  | 4   |        | mul_ln84_38         | mul       | auto                     | 0       |
|     grp_fu_3587_p2                           |     |        | icmp_ln84_76        | setne     | auto                     | 0       |
|     grp_fu_3593_p2                           |     |        | icmp_ln84_77        | setne     | auto                     | 0       |
|     or_ln84_114_fu_17225_p2                  |     |        | or_ln84_114         | or        | auto                     | 0       |
|     xor_ln84_152_fu_17231_p2                 |     |        | xor_ln84_152        | xor       | auto                     | 0       |
|     and_ln84_114_fu_17237_p2                 |     |        | and_ln84_114        | and       | auto                     | 0       |
|     xor_ln84_153_fu_17243_p2                 |     |        | xor_ln84_153        | xor       | auto                     | 0       |
|     or_ln84_115_fu_17249_p2                  |     |        | or_ln84_115         | or        | auto                     | 0       |
|     and_ln84_115_fu_17255_p2                 |     |        | and_ln84_115        | and       | auto                     | 0       |
|     select_ln84_152_fu_17261_p3              |     |        | select_ln84_152     | select    | auto_sel                 | 0       |
|     or_ln84_116_fu_17269_p2                  |     |        | or_ln84_116         | or        | auto                     | 0       |
|     select_ln84_153_fu_17275_p3              |     |        | select_ln84_153     | select    | auto_sel                 | 0       |
|     mul_32s_16s_48_1_1_U176                  | 2   |        | mul_ln85_38         | mul       | auto                     | 0       |
|     add_ln85_102_fu_17299_p2                 |     |        | add_ln85_102        | add       | fabric                   | 0       |
|     add_ln85_38_fu_17305_p2                  |     |        | add_ln85_38         | add       | fabric                   | 0       |
|     xor_ln84_154_fu_17331_p2                 |     |        | xor_ln84_154        | xor       | auto                     | 0       |
|     and_ln84_116_fu_17337_p2                 |     |        | and_ln84_116        | and       | auto                     | 0       |
|     xor_ln84_155_fu_17343_p2                 |     |        | xor_ln84_155        | xor       | auto                     | 0       |
|     select_ln84_154_fu_17349_p3              |     |        | select_ln84_154     | select    | auto_sel                 | 0       |
|     select_ln84_155_fu_17357_p3              |     |        | select_ln84_155     | select    | auto_sel                 | 0       |
|     mul_32s_32s_64_1_1_U208                  | 4   |        | mul_ln84_39         | mul       | auto                     | 0       |
|     grp_fu_3633_p2                           |     |        | icmp_ln84_78        | setne     | auto                     | 0       |
|     grp_fu_3639_p2                           |     |        | icmp_ln84_79        | setne     | auto                     | 0       |
|     or_ln84_117_fu_17380_p2                  |     |        | or_ln84_117         | or        | auto                     | 0       |
|     xor_ln84_156_fu_17386_p2                 |     |        | xor_ln84_156        | xor       | auto                     | 0       |
|     and_ln84_117_fu_17392_p2                 |     |        | and_ln84_117        | and       | auto                     | 0       |
|     xor_ln84_157_fu_17398_p2                 |     |        | xor_ln84_157        | xor       | auto                     | 0       |
|     or_ln84_118_fu_17404_p2                  |     |        | or_ln84_118         | or        | auto                     | 0       |
|     and_ln84_118_fu_17410_p2                 |     |        | and_ln84_118        | and       | auto                     | 0       |
|     select_ln84_156_fu_17416_p3              |     |        | select_ln84_156     | select    | auto_sel                 | 0       |
|     or_ln84_119_fu_17424_p2                  |     |        | or_ln84_119         | or        | auto                     | 0       |
|     select_ln84_157_fu_17430_p3              |     |        | select_ln84_157     | select    | auto_sel                 | 0       |
|     mul_32s_16s_48_1_1_U177                  | 2   |        | mul_ln85_39         | mul       | auto                     | 0       |
|     add_ln85_103_fu_17454_p2                 |     |        | add_ln85_103        | add       | fabric                   | 0       |
|     add_ln85_39_fu_17460_p2                  |     |        | add_ln85_39         | add       | fabric                   | 0       |
|     xor_ln84_158_fu_17486_p2                 |     |        | xor_ln84_158        | xor       | auto                     | 0       |
|     and_ln84_119_fu_17492_p2                 |     |        | and_ln84_119        | and       | auto                     | 0       |
|     xor_ln84_159_fu_17498_p2                 |     |        | xor_ln84_159        | xor       | auto                     | 0       |
|     select_ln84_158_fu_17504_p3              |     |        | select_ln84_158     | select    | auto_sel                 | 0       |
|     select_ln84_159_fu_17512_p3              |     |        | select_ln84_159     | select    | auto_sel                 | 0       |
|     mul_32s_32s_64_1_1_U209                  | 4   |        | mul_ln84_40         | mul       | auto                     | 0       |
|     grp_fu_3679_p2                           |     |        | icmp_ln84_80        | setne     | auto                     | 0       |
|     grp_fu_3685_p2                           |     |        | icmp_ln84_81        | setne     | auto                     | 0       |
|     or_ln84_120_fu_17535_p2                  |     |        | or_ln84_120         | or        | auto                     | 0       |
|     xor_ln84_160_fu_17541_p2                 |     |        | xor_ln84_160        | xor       | auto                     | 0       |
|     and_ln84_120_fu_17547_p2                 |     |        | and_ln84_120        | and       | auto                     | 0       |
|     xor_ln84_161_fu_17553_p2                 |     |        | xor_ln84_161        | xor       | auto                     | 0       |
|     or_ln84_121_fu_17559_p2                  |     |        | or_ln84_121         | or        | auto                     | 0       |
|     and_ln84_121_fu_17565_p2                 |     |        | and_ln84_121        | and       | auto                     | 0       |
|     select_ln84_160_fu_17571_p3              |     |        | select_ln84_160     | select    | auto_sel                 | 0       |
|     or_ln84_122_fu_17579_p2                  |     |        | or_ln84_122         | or        | auto                     | 0       |
|     select_ln84_161_fu_17585_p3              |     |        | select_ln84_161     | select    | auto_sel                 | 0       |
|     mul_32s_16s_48_1_1_U178                  | 2   |        | mul_ln85_40         | mul       | auto                     | 0       |
|     add_ln85_104_fu_17609_p2                 |     |        | add_ln85_104        | add       | fabric                   | 0       |
|     add_ln85_40_fu_17615_p2                  |     |        | add_ln85_40         | add       | fabric                   | 0       |
|     xor_ln84_162_fu_17641_p2                 |     |        | xor_ln84_162        | xor       | auto                     | 0       |
|     and_ln84_122_fu_17647_p2                 |     |        | and_ln84_122        | and       | auto                     | 0       |
|     xor_ln84_163_fu_17653_p2                 |     |        | xor_ln84_163        | xor       | auto                     | 0       |
|     select_ln84_162_fu_17659_p3              |     |        | select_ln84_162     | select    | auto_sel                 | 0       |
|     select_ln84_163_fu_17667_p3              |     |        | select_ln84_163     | select    | auto_sel                 | 0       |
|     mul_32s_32s_64_1_1_U210                  | 4   |        | mul_ln84_41         | mul       | auto                     | 0       |
|     grp_fu_3725_p2                           |     |        | icmp_ln84_82        | setne     | auto                     | 0       |
|     grp_fu_3731_p2                           |     |        | icmp_ln84_83        | setne     | auto                     | 0       |
|     or_ln84_123_fu_17690_p2                  |     |        | or_ln84_123         | or        | auto                     | 0       |
|     xor_ln84_164_fu_17696_p2                 |     |        | xor_ln84_164        | xor       | auto                     | 0       |
|     and_ln84_123_fu_17702_p2                 |     |        | and_ln84_123        | and       | auto                     | 0       |
|     xor_ln84_165_fu_17708_p2                 |     |        | xor_ln84_165        | xor       | auto                     | 0       |
|     or_ln84_124_fu_17714_p2                  |     |        | or_ln84_124         | or        | auto                     | 0       |
|     and_ln84_124_fu_17720_p2                 |     |        | and_ln84_124        | and       | auto                     | 0       |
|     select_ln84_164_fu_17726_p3              |     |        | select_ln84_164     | select    | auto_sel                 | 0       |
|     or_ln84_125_fu_17734_p2                  |     |        | or_ln84_125         | or        | auto                     | 0       |
|     select_ln84_165_fu_17740_p3              |     |        | select_ln84_165     | select    | auto_sel                 | 0       |
|     mul_32s_16s_48_1_1_U179                  | 2   |        | mul_ln85_41         | mul       | auto                     | 0       |
|     add_ln85_105_fu_17764_p2                 |     |        | add_ln85_105        | add       | fabric                   | 0       |
|     add_ln85_41_fu_17770_p2                  |     |        | add_ln85_41         | add       | fabric                   | 0       |
|     xor_ln84_166_fu_17796_p2                 |     |        | xor_ln84_166        | xor       | auto                     | 0       |
|     and_ln84_125_fu_17802_p2                 |     |        | and_ln84_125        | and       | auto                     | 0       |
|     xor_ln84_167_fu_17808_p2                 |     |        | xor_ln84_167        | xor       | auto                     | 0       |
|     select_ln84_166_fu_17814_p3              |     |        | select_ln84_166     | select    | auto_sel                 | 0       |
|     select_ln84_167_fu_17822_p3              |     |        | select_ln84_167     | select    | auto_sel                 | 0       |
|     mul_32s_32s_64_1_1_U211                  | 4   |        | mul_ln84_42         | mul       | auto                     | 0       |
|     grp_fu_3771_p2                           |     |        | icmp_ln84_84        | setne     | auto                     | 0       |
|     grp_fu_3777_p2                           |     |        | icmp_ln84_85        | setne     | auto                     | 0       |
|     or_ln84_126_fu_17845_p2                  |     |        | or_ln84_126         | or        | auto                     | 0       |
|     xor_ln84_168_fu_17851_p2                 |     |        | xor_ln84_168        | xor       | auto                     | 0       |
|     and_ln84_126_fu_17857_p2                 |     |        | and_ln84_126        | and       | auto                     | 0       |
|     xor_ln84_169_fu_17863_p2                 |     |        | xor_ln84_169        | xor       | auto                     | 0       |
|     or_ln84_127_fu_17869_p2                  |     |        | or_ln84_127         | or        | auto                     | 0       |
|     and_ln84_127_fu_17875_p2                 |     |        | and_ln84_127        | and       | auto                     | 0       |
|     select_ln84_168_fu_17881_p3              |     |        | select_ln84_168     | select    | auto_sel                 | 0       |
|     or_ln84_128_fu_17889_p2                  |     |        | or_ln84_128         | or        | auto                     | 0       |
|     select_ln84_169_fu_17895_p3              |     |        | select_ln84_169     | select    | auto_sel                 | 0       |
|     mul_32s_16s_48_1_1_U180                  | 2   |        | mul_ln85_42         | mul       | auto                     | 0       |
|     add_ln85_106_fu_17919_p2                 |     |        | add_ln85_106        | add       | fabric                   | 0       |
|     add_ln85_42_fu_17925_p2                  |     |        | add_ln85_42         | add       | fabric                   | 0       |
|     xor_ln84_170_fu_17951_p2                 |     |        | xor_ln84_170        | xor       | auto                     | 0       |
|     and_ln84_128_fu_17957_p2                 |     |        | and_ln84_128        | and       | auto                     | 0       |
|     xor_ln84_171_fu_17963_p2                 |     |        | xor_ln84_171        | xor       | auto                     | 0       |
|     select_ln84_170_fu_17969_p3              |     |        | select_ln84_170     | select    | auto_sel                 | 0       |
|     select_ln84_171_fu_17977_p3              |     |        | select_ln84_171     | select    | auto_sel                 | 0       |
|     mul_32s_32s_64_1_1_U212                  | 4   |        | mul_ln84_43         | mul       | auto                     | 0       |
|     grp_fu_3817_p2                           |     |        | icmp_ln84_86        | setne     | auto                     | 0       |
|     grp_fu_3823_p2                           |     |        | icmp_ln84_87        | setne     | auto                     | 0       |
|     or_ln84_129_fu_18000_p2                  |     |        | or_ln84_129         | or        | auto                     | 0       |
|     xor_ln84_172_fu_18006_p2                 |     |        | xor_ln84_172        | xor       | auto                     | 0       |
|     and_ln84_129_fu_18012_p2                 |     |        | and_ln84_129        | and       | auto                     | 0       |
|     xor_ln84_173_fu_18018_p2                 |     |        | xor_ln84_173        | xor       | auto                     | 0       |
|     or_ln84_130_fu_18024_p2                  |     |        | or_ln84_130         | or        | auto                     | 0       |
|     and_ln84_130_fu_18030_p2                 |     |        | and_ln84_130        | and       | auto                     | 0       |
|     select_ln84_172_fu_18036_p3              |     |        | select_ln84_172     | select    | auto_sel                 | 0       |
|     or_ln84_131_fu_18044_p2                  |     |        | or_ln84_131         | or        | auto                     | 0       |
|     select_ln84_173_fu_18050_p3              |     |        | select_ln84_173     | select    | auto_sel                 | 0       |
|     mul_32s_16s_48_1_1_U181                  | 2   |        | mul_ln85_43         | mul       | auto                     | 0       |
|     add_ln85_107_fu_18074_p2                 |     |        | add_ln85_107        | add       | fabric                   | 0       |
|     add_ln85_43_fu_18080_p2                  |     |        | add_ln85_43         | add       | fabric                   | 0       |
|     xor_ln84_174_fu_18106_p2                 |     |        | xor_ln84_174        | xor       | auto                     | 0       |
|     and_ln84_131_fu_18112_p2                 |     |        | and_ln84_131        | and       | auto                     | 0       |
|     xor_ln84_175_fu_18118_p2                 |     |        | xor_ln84_175        | xor       | auto                     | 0       |
|     select_ln84_174_fu_18124_p3              |     |        | select_ln84_174     | select    | auto_sel                 | 0       |
|     select_ln84_175_fu_18132_p3              |     |        | select_ln84_175     | select    | auto_sel                 | 0       |
|     mul_32s_32s_64_1_1_U213                  | 4   |        | mul_ln84_44         | mul       | auto                     | 0       |
|     grp_fu_3863_p2                           |     |        | icmp_ln84_88        | setne     | auto                     | 0       |
|     grp_fu_3869_p2                           |     |        | icmp_ln84_89        | setne     | auto                     | 0       |
|     or_ln84_132_fu_18155_p2                  |     |        | or_ln84_132         | or        | auto                     | 0       |
|     xor_ln84_176_fu_18161_p2                 |     |        | xor_ln84_176        | xor       | auto                     | 0       |
|     and_ln84_132_fu_18167_p2                 |     |        | and_ln84_132        | and       | auto                     | 0       |
|     xor_ln84_177_fu_18173_p2                 |     |        | xor_ln84_177        | xor       | auto                     | 0       |
|     or_ln84_133_fu_18179_p2                  |     |        | or_ln84_133         | or        | auto                     | 0       |
|     and_ln84_133_fu_18185_p2                 |     |        | and_ln84_133        | and       | auto                     | 0       |
|     select_ln84_176_fu_18191_p3              |     |        | select_ln84_176     | select    | auto_sel                 | 0       |
|     or_ln84_134_fu_18199_p2                  |     |        | or_ln84_134         | or        | auto                     | 0       |
|     select_ln84_177_fu_18205_p3              |     |        | select_ln84_177     | select    | auto_sel                 | 0       |
|     mul_32s_16s_48_1_1_U182                  | 2   |        | mul_ln85_44         | mul       | auto                     | 0       |
|     add_ln85_108_fu_18229_p2                 |     |        | add_ln85_108        | add       | fabric                   | 0       |
|     add_ln85_44_fu_18235_p2                  |     |        | add_ln85_44         | add       | fabric                   | 0       |
|     xor_ln84_178_fu_18261_p2                 |     |        | xor_ln84_178        | xor       | auto                     | 0       |
|     and_ln84_134_fu_18267_p2                 |     |        | and_ln84_134        | and       | auto                     | 0       |
|     xor_ln84_179_fu_18273_p2                 |     |        | xor_ln84_179        | xor       | auto                     | 0       |
|     select_ln84_178_fu_18279_p3              |     |        | select_ln84_178     | select    | auto_sel                 | 0       |
|     select_ln84_179_fu_18287_p3              |     |        | select_ln84_179     | select    | auto_sel                 | 0       |
|     mul_32s_32s_64_1_1_U214                  | 4   |        | mul_ln84_45         | mul       | auto                     | 0       |
|     grp_fu_3909_p2                           |     |        | icmp_ln84_90        | setne     | auto                     | 0       |
|     grp_fu_3915_p2                           |     |        | icmp_ln84_91        | setne     | auto                     | 0       |
|     or_ln84_135_fu_18310_p2                  |     |        | or_ln84_135         | or        | auto                     | 0       |
|     xor_ln84_180_fu_18316_p2                 |     |        | xor_ln84_180        | xor       | auto                     | 0       |
|     and_ln84_135_fu_18322_p2                 |     |        | and_ln84_135        | and       | auto                     | 0       |
|     xor_ln84_181_fu_18328_p2                 |     |        | xor_ln84_181        | xor       | auto                     | 0       |
|     or_ln84_136_fu_18334_p2                  |     |        | or_ln84_136         | or        | auto                     | 0       |
|     and_ln84_136_fu_18340_p2                 |     |        | and_ln84_136        | and       | auto                     | 0       |
|     select_ln84_180_fu_18346_p3              |     |        | select_ln84_180     | select    | auto_sel                 | 0       |
|     or_ln84_137_fu_18354_p2                  |     |        | or_ln84_137         | or        | auto                     | 0       |
|     select_ln84_181_fu_18360_p3              |     |        | select_ln84_181     | select    | auto_sel                 | 0       |
|     mul_32s_16s_48_1_1_U183                  | 2   |        | mul_ln85_45         | mul       | auto                     | 0       |
|     add_ln85_109_fu_18384_p2                 |     |        | add_ln85_109        | add       | fabric                   | 0       |
|     add_ln85_45_fu_18390_p2                  |     |        | add_ln85_45         | add       | fabric                   | 0       |
|     xor_ln84_182_fu_18416_p2                 |     |        | xor_ln84_182        | xor       | auto                     | 0       |
|     and_ln84_137_fu_18422_p2                 |     |        | and_ln84_137        | and       | auto                     | 0       |
|     xor_ln84_183_fu_18428_p2                 |     |        | xor_ln84_183        | xor       | auto                     | 0       |
|     select_ln84_182_fu_18434_p3              |     |        | select_ln84_182     | select    | auto_sel                 | 0       |
|     select_ln84_183_fu_18442_p3              |     |        | select_ln84_183     | select    | auto_sel                 | 0       |
|     mul_32s_32s_64_1_1_U215                  | 4   |        | mul_ln84_46         | mul       | auto                     | 0       |
|     grp_fu_3955_p2                           |     |        | icmp_ln84_92        | setne     | auto                     | 0       |
|     grp_fu_3961_p2                           |     |        | icmp_ln84_93        | setne     | auto                     | 0       |
|     or_ln84_138_fu_18465_p2                  |     |        | or_ln84_138         | or        | auto                     | 0       |
|     xor_ln84_184_fu_18471_p2                 |     |        | xor_ln84_184        | xor       | auto                     | 0       |
|     and_ln84_138_fu_18477_p2                 |     |        | and_ln84_138        | and       | auto                     | 0       |
|     xor_ln84_185_fu_18483_p2                 |     |        | xor_ln84_185        | xor       | auto                     | 0       |
|     or_ln84_139_fu_18489_p2                  |     |        | or_ln84_139         | or        | auto                     | 0       |
|     and_ln84_139_fu_18495_p2                 |     |        | and_ln84_139        | and       | auto                     | 0       |
|     select_ln84_184_fu_18501_p3              |     |        | select_ln84_184     | select    | auto_sel                 | 0       |
|     or_ln84_140_fu_18509_p2                  |     |        | or_ln84_140         | or        | auto                     | 0       |
|     select_ln84_185_fu_18515_p3              |     |        | select_ln84_185     | select    | auto_sel                 | 0       |
|     mul_32s_16s_48_1_1_U184                  | 2   |        | mul_ln85_46         | mul       | auto                     | 0       |
|     add_ln85_110_fu_18539_p2                 |     |        | add_ln85_110        | add       | fabric                   | 0       |
|     add_ln85_46_fu_18545_p2                  |     |        | add_ln85_46         | add       | fabric                   | 0       |
|     xor_ln84_186_fu_18571_p2                 |     |        | xor_ln84_186        | xor       | auto                     | 0       |
|     and_ln84_140_fu_18577_p2                 |     |        | and_ln84_140        | and       | auto                     | 0       |
|     xor_ln84_187_fu_18583_p2                 |     |        | xor_ln84_187        | xor       | auto                     | 0       |
|     select_ln84_186_fu_18589_p3              |     |        | select_ln84_186     | select    | auto_sel                 | 0       |
|     select_ln84_187_fu_18597_p3              |     |        | select_ln84_187     | select    | auto_sel                 | 0       |
|     mul_32s_32s_64_1_1_U216                  | 4   |        | mul_ln84_47         | mul       | auto                     | 0       |
|     grp_fu_4001_p2                           |     |        | icmp_ln84_94        | setne     | auto                     | 0       |
|     grp_fu_4007_p2                           |     |        | icmp_ln84_95        | setne     | auto                     | 0       |
|     or_ln84_141_fu_18620_p2                  |     |        | or_ln84_141         | or        | auto                     | 0       |
|     xor_ln84_188_fu_18626_p2                 |     |        | xor_ln84_188        | xor       | auto                     | 0       |
|     and_ln84_141_fu_18632_p2                 |     |        | and_ln84_141        | and       | auto                     | 0       |
|     xor_ln84_189_fu_18638_p2                 |     |        | xor_ln84_189        | xor       | auto                     | 0       |
|     or_ln84_142_fu_18644_p2                  |     |        | or_ln84_142         | or        | auto                     | 0       |
|     and_ln84_142_fu_18650_p2                 |     |        | and_ln84_142        | and       | auto                     | 0       |
|     select_ln84_188_fu_18656_p3              |     |        | select_ln84_188     | select    | auto_sel                 | 0       |
|     or_ln84_143_fu_18664_p2                  |     |        | or_ln84_143         | or        | auto                     | 0       |
|     select_ln84_189_fu_18670_p3              |     |        | select_ln84_189     | select    | auto_sel                 | 0       |
|     mul_32s_16s_48_1_1_U185                  | 2   |        | mul_ln85_47         | mul       | auto                     | 0       |
|     add_ln85_111_fu_18694_p2                 |     |        | add_ln85_111        | add       | fabric                   | 0       |
|     add_ln85_47_fu_18700_p2                  |     |        | add_ln85_47         | add       | fabric                   | 0       |
|     xor_ln84_190_fu_18726_p2                 |     |        | xor_ln84_190        | xor       | auto                     | 0       |
|     and_ln84_143_fu_18732_p2                 |     |        | and_ln84_143        | and       | auto                     | 0       |
|     xor_ln84_191_fu_18738_p2                 |     |        | xor_ln84_191        | xor       | auto                     | 0       |
|     select_ln84_190_fu_18744_p3              |     |        | select_ln84_190     | select    | auto_sel                 | 0       |
|     select_ln84_191_fu_18752_p3              |     |        | select_ln84_191     | select    | auto_sel                 | 0       |
|     mul_32s_32s_64_1_1_U217                  | 4   |        | mul_ln84_48         | mul       | auto                     | 0       |
|     grp_fu_4047_p2                           |     |        | icmp_ln84_96        | setne     | auto                     | 0       |
|     grp_fu_4053_p2                           |     |        | icmp_ln84_97        | setne     | auto                     | 0       |
|     or_ln84_144_fu_18775_p2                  |     |        | or_ln84_144         | or        | auto                     | 0       |
|     xor_ln84_192_fu_18781_p2                 |     |        | xor_ln84_192        | xor       | auto                     | 0       |
|     and_ln84_144_fu_18787_p2                 |     |        | and_ln84_144        | and       | auto                     | 0       |
|     xor_ln84_193_fu_18793_p2                 |     |        | xor_ln84_193        | xor       | auto                     | 0       |
|     or_ln84_145_fu_18799_p2                  |     |        | or_ln84_145         | or        | auto                     | 0       |
|     and_ln84_145_fu_18805_p2                 |     |        | and_ln84_145        | and       | auto                     | 0       |
|     select_ln84_192_fu_18811_p3              |     |        | select_ln84_192     | select    | auto_sel                 | 0       |
|     or_ln84_146_fu_18819_p2                  |     |        | or_ln84_146         | or        | auto                     | 0       |
|     select_ln84_193_fu_18825_p3              |     |        | select_ln84_193     | select    | auto_sel                 | 0       |
|     mul_32s_16s_48_1_1_U186                  | 2   |        | mul_ln85_48         | mul       | auto                     | 0       |
|     add_ln85_112_fu_18849_p2                 |     |        | add_ln85_112        | add       | fabric                   | 0       |
|     add_ln85_48_fu_18855_p2                  |     |        | add_ln85_48         | add       | fabric                   | 0       |
|     xor_ln84_194_fu_18881_p2                 |     |        | xor_ln84_194        | xor       | auto                     | 0       |
|     and_ln84_146_fu_18887_p2                 |     |        | and_ln84_146        | and       | auto                     | 0       |
|     xor_ln84_195_fu_18893_p2                 |     |        | xor_ln84_195        | xor       | auto                     | 0       |
|     select_ln84_194_fu_18899_p3              |     |        | select_ln84_194     | select    | auto_sel                 | 0       |
|     select_ln84_195_fu_18907_p3              |     |        | select_ln84_195     | select    | auto_sel                 | 0       |
|     mul_32s_32s_64_1_1_U218                  | 4   |        | mul_ln84_49         | mul       | auto                     | 0       |
|     grp_fu_4093_p2                           |     |        | icmp_ln84_98        | setne     | auto                     | 0       |
|     grp_fu_4099_p2                           |     |        | icmp_ln84_99        | setne     | auto                     | 0       |
|     or_ln84_147_fu_18930_p2                  |     |        | or_ln84_147         | or        | auto                     | 0       |
|     xor_ln84_196_fu_18936_p2                 |     |        | xor_ln84_196        | xor       | auto                     | 0       |
|     and_ln84_147_fu_18942_p2                 |     |        | and_ln84_147        | and       | auto                     | 0       |
|     xor_ln84_197_fu_18948_p2                 |     |        | xor_ln84_197        | xor       | auto                     | 0       |
|     or_ln84_148_fu_18954_p2                  |     |        | or_ln84_148         | or        | auto                     | 0       |
|     and_ln84_148_fu_18960_p2                 |     |        | and_ln84_148        | and       | auto                     | 0       |
|     select_ln84_196_fu_18966_p3              |     |        | select_ln84_196     | select    | auto_sel                 | 0       |
|     or_ln84_149_fu_18974_p2                  |     |        | or_ln84_149         | or        | auto                     | 0       |
|     select_ln84_197_fu_18980_p3              |     |        | select_ln84_197     | select    | auto_sel                 | 0       |
|     mul_32s_16s_48_1_1_U187                  | 2   |        | mul_ln85_49         | mul       | auto                     | 0       |
|     add_ln85_113_fu_19004_p2                 |     |        | add_ln85_113        | add       | fabric                   | 0       |
|     add_ln85_49_fu_19010_p2                  |     |        | add_ln85_49         | add       | fabric                   | 0       |
|     xor_ln84_198_fu_19036_p2                 |     |        | xor_ln84_198        | xor       | auto                     | 0       |
|     and_ln84_149_fu_19042_p2                 |     |        | and_ln84_149        | and       | auto                     | 0       |
|     xor_ln84_199_fu_19048_p2                 |     |        | xor_ln84_199        | xor       | auto                     | 0       |
|     select_ln84_198_fu_19054_p3              |     |        | select_ln84_198     | select    | auto_sel                 | 0       |
|     select_ln84_199_fu_19062_p3              |     |        | select_ln84_199     | select    | auto_sel                 | 0       |
|     mul_32s_32s_64_1_1_U219                  | 4   |        | mul_ln84_50         | mul       | auto                     | 0       |
|     grp_fu_4139_p2                           |     |        | icmp_ln84_100       | setne     | auto                     | 0       |
|     grp_fu_4145_p2                           |     |        | icmp_ln84_101       | setne     | auto                     | 0       |
|     or_ln84_150_fu_19085_p2                  |     |        | or_ln84_150         | or        | auto                     | 0       |
|     xor_ln84_200_fu_19091_p2                 |     |        | xor_ln84_200        | xor       | auto                     | 0       |
|     and_ln84_150_fu_19097_p2                 |     |        | and_ln84_150        | and       | auto                     | 0       |
|     xor_ln84_201_fu_19103_p2                 |     |        | xor_ln84_201        | xor       | auto                     | 0       |
|     or_ln84_151_fu_19109_p2                  |     |        | or_ln84_151         | or        | auto                     | 0       |
|     and_ln84_151_fu_19115_p2                 |     |        | and_ln84_151        | and       | auto                     | 0       |
|     select_ln84_200_fu_19121_p3              |     |        | select_ln84_200     | select    | auto_sel                 | 0       |
|     or_ln84_152_fu_19129_p2                  |     |        | or_ln84_152         | or        | auto                     | 0       |
|     select_ln84_201_fu_19135_p3              |     |        | select_ln84_201     | select    | auto_sel                 | 0       |
|     mul_32s_16s_48_1_1_U188                  | 2   |        | mul_ln85_50         | mul       | auto                     | 0       |
|     add_ln85_114_fu_19159_p2                 |     |        | add_ln85_114        | add       | fabric                   | 0       |
|     add_ln85_50_fu_19165_p2                  |     |        | add_ln85_50         | add       | fabric                   | 0       |
|     xor_ln84_202_fu_19191_p2                 |     |        | xor_ln84_202        | xor       | auto                     | 0       |
|     and_ln84_152_fu_19197_p2                 |     |        | and_ln84_152        | and       | auto                     | 0       |
|     xor_ln84_203_fu_19203_p2                 |     |        | xor_ln84_203        | xor       | auto                     | 0       |
|     select_ln84_202_fu_19209_p3              |     |        | select_ln84_202     | select    | auto_sel                 | 0       |
|     select_ln84_203_fu_19217_p3              |     |        | select_ln84_203     | select    | auto_sel                 | 0       |
|     mul_32s_32s_64_1_1_U220                  | 4   |        | mul_ln84_51         | mul       | auto                     | 0       |
|     grp_fu_4185_p2                           |     |        | icmp_ln84_102       | setne     | auto                     | 0       |
|     grp_fu_4191_p2                           |     |        | icmp_ln84_103       | setne     | auto                     | 0       |
|     or_ln84_153_fu_19240_p2                  |     |        | or_ln84_153         | or        | auto                     | 0       |
|     xor_ln84_204_fu_19246_p2                 |     |        | xor_ln84_204        | xor       | auto                     | 0       |
|     and_ln84_153_fu_19252_p2                 |     |        | and_ln84_153        | and       | auto                     | 0       |
|     xor_ln84_205_fu_19258_p2                 |     |        | xor_ln84_205        | xor       | auto                     | 0       |
|     or_ln84_154_fu_19264_p2                  |     |        | or_ln84_154         | or        | auto                     | 0       |
|     and_ln84_154_fu_19270_p2                 |     |        | and_ln84_154        | and       | auto                     | 0       |
|     select_ln84_204_fu_19276_p3              |     |        | select_ln84_204     | select    | auto_sel                 | 0       |
|     or_ln84_155_fu_19284_p2                  |     |        | or_ln84_155         | or        | auto                     | 0       |
|     select_ln84_205_fu_19290_p3              |     |        | select_ln84_205     | select    | auto_sel                 | 0       |
|     mul_32s_16s_48_1_1_U189                  | 2   |        | mul_ln85_51         | mul       | auto                     | 0       |
|     add_ln85_115_fu_19314_p2                 |     |        | add_ln85_115        | add       | fabric                   | 0       |
|     add_ln85_51_fu_19320_p2                  |     |        | add_ln85_51         | add       | fabric                   | 0       |
|     xor_ln84_206_fu_19346_p2                 |     |        | xor_ln84_206        | xor       | auto                     | 0       |
|     and_ln84_155_fu_19352_p2                 |     |        | and_ln84_155        | and       | auto                     | 0       |
|     xor_ln84_207_fu_19358_p2                 |     |        | xor_ln84_207        | xor       | auto                     | 0       |
|     select_ln84_206_fu_19364_p3              |     |        | select_ln84_206     | select    | auto_sel                 | 0       |
|     select_ln84_207_fu_19372_p3              |     |        | select_ln84_207     | select    | auto_sel                 | 0       |
|     mul_32s_32s_64_1_1_U221                  | 4   |        | mul_ln84_52         | mul       | auto                     | 0       |
|     grp_fu_4231_p2                           |     |        | icmp_ln84_104       | setne     | auto                     | 0       |
|     grp_fu_4237_p2                           |     |        | icmp_ln84_105       | setne     | auto                     | 0       |
|     or_ln84_156_fu_19395_p2                  |     |        | or_ln84_156         | or        | auto                     | 0       |
|     xor_ln84_208_fu_19401_p2                 |     |        | xor_ln84_208        | xor       | auto                     | 0       |
|     and_ln84_156_fu_19407_p2                 |     |        | and_ln84_156        | and       | auto                     | 0       |
|     xor_ln84_209_fu_19413_p2                 |     |        | xor_ln84_209        | xor       | auto                     | 0       |
|     or_ln84_157_fu_19419_p2                  |     |        | or_ln84_157         | or        | auto                     | 0       |
|     and_ln84_157_fu_19425_p2                 |     |        | and_ln84_157        | and       | auto                     | 0       |
|     select_ln84_208_fu_19431_p3              |     |        | select_ln84_208     | select    | auto_sel                 | 0       |
|     or_ln84_158_fu_19439_p2                  |     |        | or_ln84_158         | or        | auto                     | 0       |
|     select_ln84_209_fu_19445_p3              |     |        | select_ln84_209     | select    | auto_sel                 | 0       |
|     mul_32s_16s_48_1_1_U190                  | 2   |        | mul_ln85_52         | mul       | auto                     | 0       |
|     add_ln85_116_fu_19469_p2                 |     |        | add_ln85_116        | add       | fabric                   | 0       |
|     add_ln85_52_fu_19475_p2                  |     |        | add_ln85_52         | add       | fabric                   | 0       |
|     xor_ln84_210_fu_19501_p2                 |     |        | xor_ln84_210        | xor       | auto                     | 0       |
|     and_ln84_158_fu_19507_p2                 |     |        | and_ln84_158        | and       | auto                     | 0       |
|     xor_ln84_211_fu_19513_p2                 |     |        | xor_ln84_211        | xor       | auto                     | 0       |
|     select_ln84_210_fu_19519_p3              |     |        | select_ln84_210     | select    | auto_sel                 | 0       |
|     select_ln84_211_fu_19527_p3              |     |        | select_ln84_211     | select    | auto_sel                 | 0       |
|     mul_32s_32s_64_1_1_U222                  | 4   |        | mul_ln84_53         | mul       | auto                     | 0       |
|     grp_fu_4277_p2                           |     |        | icmp_ln84_106       | setne     | auto                     | 0       |
|     grp_fu_4283_p2                           |     |        | icmp_ln84_107       | setne     | auto                     | 0       |
|     or_ln84_159_fu_19550_p2                  |     |        | or_ln84_159         | or        | auto                     | 0       |
|     xor_ln84_212_fu_19556_p2                 |     |        | xor_ln84_212        | xor       | auto                     | 0       |
|     and_ln84_159_fu_19562_p2                 |     |        | and_ln84_159        | and       | auto                     | 0       |
|     xor_ln84_213_fu_19568_p2                 |     |        | xor_ln84_213        | xor       | auto                     | 0       |
|     or_ln84_160_fu_19574_p2                  |     |        | or_ln84_160         | or        | auto                     | 0       |
|     and_ln84_160_fu_19580_p2                 |     |        | and_ln84_160        | and       | auto                     | 0       |
|     select_ln84_212_fu_19586_p3              |     |        | select_ln84_212     | select    | auto_sel                 | 0       |
|     or_ln84_161_fu_19594_p2                  |     |        | or_ln84_161         | or        | auto                     | 0       |
|     select_ln84_213_fu_19600_p3              |     |        | select_ln84_213     | select    | auto_sel                 | 0       |
|     mul_32s_16s_48_1_1_U191                  | 2   |        | mul_ln85_53         | mul       | auto                     | 0       |
|     add_ln85_117_fu_19624_p2                 |     |        | add_ln85_117        | add       | fabric                   | 0       |
|     add_ln85_53_fu_19630_p2                  |     |        | add_ln85_53         | add       | fabric                   | 0       |
|     xor_ln84_214_fu_19656_p2                 |     |        | xor_ln84_214        | xor       | auto                     | 0       |
|     and_ln84_161_fu_19662_p2                 |     |        | and_ln84_161        | and       | auto                     | 0       |
|     xor_ln84_215_fu_19668_p2                 |     |        | xor_ln84_215        | xor       | auto                     | 0       |
|     select_ln84_214_fu_19674_p3              |     |        | select_ln84_214     | select    | auto_sel                 | 0       |
|     select_ln84_215_fu_19682_p3              |     |        | select_ln84_215     | select    | auto_sel                 | 0       |
|     mul_32s_32s_64_1_1_U223                  | 4   |        | mul_ln84_54         | mul       | auto                     | 0       |
|     grp_fu_4323_p2                           |     |        | icmp_ln84_108       | setne     | auto                     | 0       |
|     grp_fu_4329_p2                           |     |        | icmp_ln84_109       | setne     | auto                     | 0       |
|     or_ln84_162_fu_19705_p2                  |     |        | or_ln84_162         | or        | auto                     | 0       |
|     xor_ln84_216_fu_19711_p2                 |     |        | xor_ln84_216        | xor       | auto                     | 0       |
|     and_ln84_162_fu_19717_p2                 |     |        | and_ln84_162        | and       | auto                     | 0       |
|     xor_ln84_217_fu_19723_p2                 |     |        | xor_ln84_217        | xor       | auto                     | 0       |
|     or_ln84_163_fu_19729_p2                  |     |        | or_ln84_163         | or        | auto                     | 0       |
|     and_ln84_163_fu_19735_p2                 |     |        | and_ln84_163        | and       | auto                     | 0       |
|     select_ln84_216_fu_19741_p3              |     |        | select_ln84_216     | select    | auto_sel                 | 0       |
|     or_ln84_164_fu_19749_p2                  |     |        | or_ln84_164         | or        | auto                     | 0       |
|     select_ln84_217_fu_19755_p3              |     |        | select_ln84_217     | select    | auto_sel                 | 0       |
|     mul_32s_16s_48_1_1_U192                  | 2   |        | mul_ln85_54         | mul       | auto                     | 0       |
|     add_ln85_118_fu_19779_p2                 |     |        | add_ln85_118        | add       | fabric                   | 0       |
|     add_ln85_54_fu_19785_p2                  |     |        | add_ln85_54         | add       | fabric                   | 0       |
|     xor_ln84_218_fu_19811_p2                 |     |        | xor_ln84_218        | xor       | auto                     | 0       |
|     and_ln84_164_fu_19817_p2                 |     |        | and_ln84_164        | and       | auto                     | 0       |
|     xor_ln84_219_fu_19823_p2                 |     |        | xor_ln84_219        | xor       | auto                     | 0       |
|     select_ln84_218_fu_19829_p3              |     |        | select_ln84_218     | select    | auto_sel                 | 0       |
|     select_ln84_219_fu_19837_p3              |     |        | select_ln84_219     | select    | auto_sel                 | 0       |
|     mul_32s_32s_64_1_1_U224                  | 4   |        | mul_ln84_55         | mul       | auto                     | 0       |
|     grp_fu_4369_p2                           |     |        | icmp_ln84_110       | setne     | auto                     | 0       |
|     grp_fu_4375_p2                           |     |        | icmp_ln84_111       | setne     | auto                     | 0       |
|     or_ln84_165_fu_19860_p2                  |     |        | or_ln84_165         | or        | auto                     | 0       |
|     xor_ln84_220_fu_19866_p2                 |     |        | xor_ln84_220        | xor       | auto                     | 0       |
|     and_ln84_165_fu_19872_p2                 |     |        | and_ln84_165        | and       | auto                     | 0       |
|     xor_ln84_221_fu_19878_p2                 |     |        | xor_ln84_221        | xor       | auto                     | 0       |
|     or_ln84_166_fu_19884_p2                  |     |        | or_ln84_166         | or        | auto                     | 0       |
|     and_ln84_166_fu_19890_p2                 |     |        | and_ln84_166        | and       | auto                     | 0       |
|     select_ln84_220_fu_19896_p3              |     |        | select_ln84_220     | select    | auto_sel                 | 0       |
|     or_ln84_167_fu_19904_p2                  |     |        | or_ln84_167         | or        | auto                     | 0       |
|     select_ln84_221_fu_19910_p3              |     |        | select_ln84_221     | select    | auto_sel                 | 0       |
|     mul_32s_16s_48_1_1_U193                  | 2   |        | mul_ln85_55         | mul       | auto                     | 0       |
|     add_ln85_119_fu_19934_p2                 |     |        | add_ln85_119        | add       | fabric                   | 0       |
|     add_ln85_55_fu_19940_p2                  |     |        | add_ln85_55         | add       | fabric                   | 0       |
|     xor_ln84_222_fu_19966_p2                 |     |        | xor_ln84_222        | xor       | auto                     | 0       |
|     and_ln84_167_fu_19972_p2                 |     |        | and_ln84_167        | and       | auto                     | 0       |
|     xor_ln84_223_fu_19978_p2                 |     |        | xor_ln84_223        | xor       | auto                     | 0       |
|     select_ln84_222_fu_19984_p3              |     |        | select_ln84_222     | select    | auto_sel                 | 0       |
|     select_ln84_223_fu_19992_p3              |     |        | select_ln84_223     | select    | auto_sel                 | 0       |
|     mul_32s_32s_64_1_1_U225                  | 4   |        | mul_ln84_56         | mul       | auto                     | 0       |
|     grp_fu_4415_p2                           |     |        | icmp_ln84_112       | setne     | auto                     | 0       |
|     grp_fu_4421_p2                           |     |        | icmp_ln84_113       | setne     | auto                     | 0       |
|     or_ln84_168_fu_20015_p2                  |     |        | or_ln84_168         | or        | auto                     | 0       |
|     xor_ln84_224_fu_20021_p2                 |     |        | xor_ln84_224        | xor       | auto                     | 0       |
|     and_ln84_168_fu_20027_p2                 |     |        | and_ln84_168        | and       | auto                     | 0       |
|     xor_ln84_225_fu_20033_p2                 |     |        | xor_ln84_225        | xor       | auto                     | 0       |
|     or_ln84_169_fu_20039_p2                  |     |        | or_ln84_169         | or        | auto                     | 0       |
|     and_ln84_169_fu_20045_p2                 |     |        | and_ln84_169        | and       | auto                     | 0       |
|     select_ln84_224_fu_20051_p3              |     |        | select_ln84_224     | select    | auto_sel                 | 0       |
|     or_ln84_170_fu_20059_p2                  |     |        | or_ln84_170         | or        | auto                     | 0       |
|     select_ln84_225_fu_20065_p3              |     |        | select_ln84_225     | select    | auto_sel                 | 0       |
|     mul_32s_16s_48_1_1_U194                  | 2   |        | mul_ln85_56         | mul       | auto                     | 0       |
|     add_ln85_120_fu_20089_p2                 |     |        | add_ln85_120        | add       | fabric                   | 0       |
|     add_ln85_56_fu_20095_p2                  |     |        | add_ln85_56         | add       | fabric                   | 0       |
|     xor_ln84_226_fu_20121_p2                 |     |        | xor_ln84_226        | xor       | auto                     | 0       |
|     and_ln84_170_fu_20127_p2                 |     |        | and_ln84_170        | and       | auto                     | 0       |
|     xor_ln84_227_fu_20133_p2                 |     |        | xor_ln84_227        | xor       | auto                     | 0       |
|     select_ln84_226_fu_20139_p3              |     |        | select_ln84_226     | select    | auto_sel                 | 0       |
|     select_ln84_227_fu_20147_p3              |     |        | select_ln84_227     | select    | auto_sel                 | 0       |
|     mul_32s_32s_64_1_1_U226                  | 4   |        | mul_ln84_57         | mul       | auto                     | 0       |
|     grp_fu_4461_p2                           |     |        | icmp_ln84_114       | setne     | auto                     | 0       |
|     grp_fu_4467_p2                           |     |        | icmp_ln84_115       | setne     | auto                     | 0       |
|     or_ln84_171_fu_20170_p2                  |     |        | or_ln84_171         | or        | auto                     | 0       |
|     xor_ln84_228_fu_20176_p2                 |     |        | xor_ln84_228        | xor       | auto                     | 0       |
|     and_ln84_171_fu_20182_p2                 |     |        | and_ln84_171        | and       | auto                     | 0       |
|     xor_ln84_229_fu_20188_p2                 |     |        | xor_ln84_229        | xor       | auto                     | 0       |
|     or_ln84_172_fu_20194_p2                  |     |        | or_ln84_172         | or        | auto                     | 0       |
|     and_ln84_172_fu_20200_p2                 |     |        | and_ln84_172        | and       | auto                     | 0       |
|     select_ln84_228_fu_20206_p3              |     |        | select_ln84_228     | select    | auto_sel                 | 0       |
|     or_ln84_173_fu_20214_p2                  |     |        | or_ln84_173         | or        | auto                     | 0       |
|     select_ln84_229_fu_20220_p3              |     |        | select_ln84_229     | select    | auto_sel                 | 0       |
|     mul_32s_16s_48_1_1_U195                  | 2   |        | mul_ln85_57         | mul       | auto                     | 0       |
|     add_ln85_121_fu_20244_p2                 |     |        | add_ln85_121        | add       | fabric                   | 0       |
|     add_ln85_57_fu_20250_p2                  |     |        | add_ln85_57         | add       | fabric                   | 0       |
|     xor_ln84_230_fu_20276_p2                 |     |        | xor_ln84_230        | xor       | auto                     | 0       |
|     and_ln84_173_fu_20282_p2                 |     |        | and_ln84_173        | and       | auto                     | 0       |
|     xor_ln84_231_fu_20288_p2                 |     |        | xor_ln84_231        | xor       | auto                     | 0       |
|     select_ln84_230_fu_20294_p3              |     |        | select_ln84_230     | select    | auto_sel                 | 0       |
|     select_ln84_231_fu_20302_p3              |     |        | select_ln84_231     | select    | auto_sel                 | 0       |
|     mul_32s_32s_64_1_1_U227                  | 4   |        | mul_ln84_58         | mul       | auto                     | 0       |
|     grp_fu_4507_p2                           |     |        | icmp_ln84_116       | setne     | auto                     | 0       |
|     grp_fu_4513_p2                           |     |        | icmp_ln84_117       | setne     | auto                     | 0       |
|     or_ln84_174_fu_20325_p2                  |     |        | or_ln84_174         | or        | auto                     | 0       |
|     xor_ln84_232_fu_20331_p2                 |     |        | xor_ln84_232        | xor       | auto                     | 0       |
|     and_ln84_174_fu_20337_p2                 |     |        | and_ln84_174        | and       | auto                     | 0       |
|     xor_ln84_233_fu_20343_p2                 |     |        | xor_ln84_233        | xor       | auto                     | 0       |
|     or_ln84_175_fu_20349_p2                  |     |        | or_ln84_175         | or        | auto                     | 0       |
|     and_ln84_175_fu_20355_p2                 |     |        | and_ln84_175        | and       | auto                     | 0       |
|     select_ln84_232_fu_20361_p3              |     |        | select_ln84_232     | select    | auto_sel                 | 0       |
|     or_ln84_176_fu_20369_p2                  |     |        | or_ln84_176         | or        | auto                     | 0       |
|     select_ln84_233_fu_20375_p3              |     |        | select_ln84_233     | select    | auto_sel                 | 0       |
|     mul_32s_16s_48_1_1_U196                  | 2   |        | mul_ln85_58         | mul       | auto                     | 0       |
|     add_ln85_122_fu_20399_p2                 |     |        | add_ln85_122        | add       | fabric                   | 0       |
|     add_ln85_58_fu_20405_p2                  |     |        | add_ln85_58         | add       | fabric                   | 0       |
|     xor_ln84_234_fu_20431_p2                 |     |        | xor_ln84_234        | xor       | auto                     | 0       |
|     and_ln84_176_fu_20437_p2                 |     |        | and_ln84_176        | and       | auto                     | 0       |
|     xor_ln84_235_fu_20443_p2                 |     |        | xor_ln84_235        | xor       | auto                     | 0       |
|     select_ln84_234_fu_20449_p3              |     |        | select_ln84_234     | select    | auto_sel                 | 0       |
|     select_ln84_235_fu_20457_p3              |     |        | select_ln84_235     | select    | auto_sel                 | 0       |
|     mul_32s_32s_64_1_1_U228                  | 4   |        | mul_ln84_59         | mul       | auto                     | 0       |
|     grp_fu_4553_p2                           |     |        | icmp_ln84_118       | setne     | auto                     | 0       |
|     grp_fu_4559_p2                           |     |        | icmp_ln84_119       | setne     | auto                     | 0       |
|     or_ln84_177_fu_20480_p2                  |     |        | or_ln84_177         | or        | auto                     | 0       |
|     xor_ln84_236_fu_20486_p2                 |     |        | xor_ln84_236        | xor       | auto                     | 0       |
|     and_ln84_177_fu_20492_p2                 |     |        | and_ln84_177        | and       | auto                     | 0       |
|     xor_ln84_237_fu_20498_p2                 |     |        | xor_ln84_237        | xor       | auto                     | 0       |
|     or_ln84_178_fu_20504_p2                  |     |        | or_ln84_178         | or        | auto                     | 0       |
|     and_ln84_178_fu_20510_p2                 |     |        | and_ln84_178        | and       | auto                     | 0       |
|     select_ln84_236_fu_20516_p3              |     |        | select_ln84_236     | select    | auto_sel                 | 0       |
|     or_ln84_179_fu_20524_p2                  |     |        | or_ln84_179         | or        | auto                     | 0       |
|     select_ln84_237_fu_20530_p3              |     |        | select_ln84_237     | select    | auto_sel                 | 0       |
|     mul_32s_16s_48_1_1_U197                  | 2   |        | mul_ln85_59         | mul       | auto                     | 0       |
|     add_ln85_123_fu_20554_p2                 |     |        | add_ln85_123        | add       | fabric                   | 0       |
|     add_ln85_59_fu_20560_p2                  |     |        | add_ln85_59         | add       | fabric                   | 0       |
|     xor_ln84_238_fu_20586_p2                 |     |        | xor_ln84_238        | xor       | auto                     | 0       |
|     and_ln84_179_fu_20592_p2                 |     |        | and_ln84_179        | and       | auto                     | 0       |
|     xor_ln84_239_fu_20598_p2                 |     |        | xor_ln84_239        | xor       | auto                     | 0       |
|     select_ln84_238_fu_20604_p3              |     |        | select_ln84_238     | select    | auto_sel                 | 0       |
|     select_ln84_239_fu_20612_p3              |     |        | select_ln84_239     | select    | auto_sel                 | 0       |
|     mul_32s_32s_64_1_1_U229                  | 4   |        | mul_ln84_60         | mul       | auto                     | 0       |
|     grp_fu_4599_p2                           |     |        | icmp_ln84_120       | setne     | auto                     | 0       |
|     grp_fu_4605_p2                           |     |        | icmp_ln84_121       | setne     | auto                     | 0       |
|     or_ln84_180_fu_20635_p2                  |     |        | or_ln84_180         | or        | auto                     | 0       |
|     xor_ln84_240_fu_20641_p2                 |     |        | xor_ln84_240        | xor       | auto                     | 0       |
|     and_ln84_180_fu_20647_p2                 |     |        | and_ln84_180        | and       | auto                     | 0       |
|     xor_ln84_241_fu_20653_p2                 |     |        | xor_ln84_241        | xor       | auto                     | 0       |
|     or_ln84_181_fu_20659_p2                  |     |        | or_ln84_181         | or        | auto                     | 0       |
|     and_ln84_181_fu_20665_p2                 |     |        | and_ln84_181        | and       | auto                     | 0       |
|     select_ln84_240_fu_20671_p3              |     |        | select_ln84_240     | select    | auto_sel                 | 0       |
|     or_ln84_182_fu_20679_p2                  |     |        | or_ln84_182         | or        | auto                     | 0       |
|     select_ln84_241_fu_20685_p3              |     |        | select_ln84_241     | select    | auto_sel                 | 0       |
|     mul_32s_16s_48_1_1_U198                  | 2   |        | mul_ln85_60         | mul       | auto                     | 0       |
|     add_ln85_124_fu_20709_p2                 |     |        | add_ln85_124        | add       | fabric                   | 0       |
|     add_ln85_60_fu_20715_p2                  |     |        | add_ln85_60         | add       | fabric                   | 0       |
|     xor_ln84_242_fu_20741_p2                 |     |        | xor_ln84_242        | xor       | auto                     | 0       |
|     and_ln84_182_fu_20747_p2                 |     |        | and_ln84_182        | and       | auto                     | 0       |
|     xor_ln84_243_fu_20753_p2                 |     |        | xor_ln84_243        | xor       | auto                     | 0       |
|     select_ln84_242_fu_20759_p3              |     |        | select_ln84_242     | select    | auto_sel                 | 0       |
|     select_ln84_243_fu_20767_p3              |     |        | select_ln84_243     | select    | auto_sel                 | 0       |
|     mul_32s_32s_64_1_1_U230                  | 4   |        | mul_ln84_61         | mul       | auto                     | 0       |
|     grp_fu_4645_p2                           |     |        | icmp_ln84_122       | setne     | auto                     | 0       |
|     grp_fu_4651_p2                           |     |        | icmp_ln84_123       | setne     | auto                     | 0       |
|     or_ln84_183_fu_20790_p2                  |     |        | or_ln84_183         | or        | auto                     | 0       |
|     xor_ln84_244_fu_20796_p2                 |     |        | xor_ln84_244        | xor       | auto                     | 0       |
|     and_ln84_183_fu_20802_p2                 |     |        | and_ln84_183        | and       | auto                     | 0       |
|     xor_ln84_245_fu_20808_p2                 |     |        | xor_ln84_245        | xor       | auto                     | 0       |
|     or_ln84_184_fu_20814_p2                  |     |        | or_ln84_184         | or        | auto                     | 0       |
|     and_ln84_184_fu_20820_p2                 |     |        | and_ln84_184        | and       | auto                     | 0       |
|     select_ln84_244_fu_20826_p3              |     |        | select_ln84_244     | select    | auto_sel                 | 0       |
|     or_ln84_185_fu_20834_p2                  |     |        | or_ln84_185         | or        | auto                     | 0       |
|     select_ln84_245_fu_20840_p3              |     |        | select_ln84_245     | select    | auto_sel                 | 0       |
|     mul_32s_16s_48_1_1_U199                  | 2   |        | mul_ln85_61         | mul       | auto                     | 0       |
|     add_ln85_125_fu_20864_p2                 |     |        | add_ln85_125        | add       | fabric                   | 0       |
|     add_ln85_61_fu_20870_p2                  |     |        | add_ln85_61         | add       | fabric                   | 0       |
|     xor_ln84_246_fu_20896_p2                 |     |        | xor_ln84_246        | xor       | auto                     | 0       |
|     and_ln84_185_fu_20902_p2                 |     |        | and_ln84_185        | and       | auto                     | 0       |
|     xor_ln84_247_fu_20908_p2                 |     |        | xor_ln84_247        | xor       | auto                     | 0       |
|     select_ln84_246_fu_20914_p3              |     |        | select_ln84_246     | select    | auto_sel                 | 0       |
|     select_ln84_247_fu_20922_p3              |     |        | select_ln84_247     | select    | auto_sel                 | 0       |
|     mul_32s_32s_64_1_1_U231                  | 4   |        | mul_ln84_62         | mul       | auto                     | 0       |
|     grp_fu_4691_p2                           |     |        | icmp_ln84_124       | setne     | auto                     | 0       |
|     grp_fu_4697_p2                           |     |        | icmp_ln84_125       | setne     | auto                     | 0       |
|     or_ln84_186_fu_20945_p2                  |     |        | or_ln84_186         | or        | auto                     | 0       |
|     xor_ln84_248_fu_20951_p2                 |     |        | xor_ln84_248        | xor       | auto                     | 0       |
|     and_ln84_186_fu_20957_p2                 |     |        | and_ln84_186        | and       | auto                     | 0       |
|     xor_ln84_249_fu_20963_p2                 |     |        | xor_ln84_249        | xor       | auto                     | 0       |
|     or_ln84_187_fu_20969_p2                  |     |        | or_ln84_187         | or        | auto                     | 0       |
|     and_ln84_187_fu_20975_p2                 |     |        | and_ln84_187        | and       | auto                     | 0       |
|     select_ln84_248_fu_20981_p3              |     |        | select_ln84_248     | select    | auto_sel                 | 0       |
|     or_ln84_188_fu_20989_p2                  |     |        | or_ln84_188         | or        | auto                     | 0       |
|     select_ln84_249_fu_20995_p3              |     |        | select_ln84_249     | select    | auto_sel                 | 0       |
|     mul_32s_16s_48_1_1_U200                  | 2   |        | mul_ln85_62         | mul       | auto                     | 0       |
|     add_ln85_126_fu_21019_p2                 |     |        | add_ln85_126        | add       | fabric                   | 0       |
|     add_ln85_62_fu_21025_p2                  |     |        | add_ln85_62         | add       | fabric                   | 0       |
|     xor_ln84_250_fu_21051_p2                 |     |        | xor_ln84_250        | xor       | auto                     | 0       |
|     and_ln84_188_fu_21057_p2                 |     |        | and_ln84_188        | and       | auto                     | 0       |
|     xor_ln84_251_fu_21063_p2                 |     |        | xor_ln84_251        | xor       | auto                     | 0       |
|     select_ln84_250_fu_21069_p3              |     |        | select_ln84_250     | select    | auto_sel                 | 0       |
|     select_ln84_251_fu_21077_p3              |     |        | select_ln84_251     | select    | auto_sel                 | 0       |
|     mul_32s_32s_64_1_1_U232                  | 4   |        | mul_ln84_63         | mul       | auto                     | 0       |
|     grp_fu_4737_p2                           |     |        | icmp_ln84_126       | setne     | auto                     | 0       |
|     grp_fu_4743_p2                           |     |        | icmp_ln84_127       | setne     | auto                     | 0       |
|     or_ln84_189_fu_21100_p2                  |     |        | or_ln84_189         | or        | auto                     | 0       |
|     xor_ln84_252_fu_21106_p2                 |     |        | xor_ln84_252        | xor       | auto                     | 0       |
|     and_ln84_189_fu_21112_p2                 |     |        | and_ln84_189        | and       | auto                     | 0       |
|     xor_ln84_253_fu_21118_p2                 |     |        | xor_ln84_253        | xor       | auto                     | 0       |
|     or_ln84_190_fu_21124_p2                  |     |        | or_ln84_190         | or        | auto                     | 0       |
|     and_ln84_190_fu_21130_p2                 |     |        | and_ln84_190        | and       | auto                     | 0       |
|     select_ln84_252_fu_21136_p3              |     |        | select_ln84_252     | select    | auto_sel                 | 0       |
|     or_ln84_191_fu_21144_p2                  |     |        | or_ln84_191         | or        | auto                     | 0       |
|     select_ln84_253_fu_21150_p3              |     |        | select_ln84_253     | select    | auto_sel                 | 0       |
|     mul_32s_16s_48_1_1_U201                  | 2   |        | mul_ln85_63         | mul       | auto                     | 0       |
|     add_ln85_127_fu_21174_p2                 |     |        | add_ln85_127        | add       | fabric                   | 0       |
|     add_ln85_63_fu_21180_p2                  |     |        | add_ln85_63         | add       | fabric                   | 0       |
|     xor_ln84_254_fu_21206_p2                 |     |        | xor_ln84_254        | xor       | auto                     | 0       |
|     and_ln84_191_fu_21212_p2                 |     |        | and_ln84_191        | and       | auto                     | 0       |
|     xor_ln84_255_fu_21218_p2                 |     |        | xor_ln84_255        | xor       | auto                     | 0       |
|     select_ln84_254_fu_21224_p3              |     |        | select_ln84_254     | select    | auto_sel                 | 0       |
|     select_ln84_255_fu_21232_p3              |     |        | select_ln84_255     | select    | auto_sel                 | 0       |
|  + mhsa_top_Pipeline_store_o                 | 0   |        |                     |           |                          |         |
|    icmp_ln107_fu_360_p2                      |     |        | icmp_ln107          | seteq     | auto                     | 0       |
|    add_ln107_fu_366_p2                       |     |        | add_ln107           | add       | fabric                   | 0       |
|    sparsemux_33_4_32_1_1_U675                |     |        | tmp                 | sparsemux | compactencoding_dontcare | 0       |
+----------------------------------------------+-----+--------+---------------------+-----------+--------------------------+---------+


================================================================
== Storage Report
================================================================
+-------------------+---------------+-----------+------+------+--------+---------------+------+---------+------------------+
| Name              | Usage         | Type      | BRAM | URAM | Pragma | Variable      | Impl | Latency | Bitwidth, Depth, |
|                   |               |           |      |      |        |               |      |         | Banks            |
+-------------------+---------------+-----------+------+------+--------+---------------+------+---------+------------------+
| + mhsa_top        |               |           | 6    | 32   |        |               |      |         |                  |
|   control_s_axi_U | interface     | s_axilite |      |      |        |               |      |         |                  |
|   gmem_k_m_axi_U  | interface     | m_axi     | 2    |      |        |               |      |         |                  |
|   gmem_o_m_axi_U  | interface     | m_axi     |      |      |        |               |      |         |                  |
|   gmem_q_m_axi_U  | interface     | m_axi     | 2    |      |        |               |      |         |                  |
|   gmem_v_m_axi_U  | interface     | m_axi     | 2    |      |        |               |      |         |                  |
|   O_row_U         | ram_t2p array |           |      |      |        | O_row         | auto | 1       | 32, 4, 1         |
|   O_row_1_U       | ram_t2p array |           |      |      |        | O_row_1       | auto | 1       | 32, 4, 1         |
|   O_row_2_U       | ram_t2p array |           |      |      |        | O_row_2       | auto | 1       | 32, 4, 1         |
|   O_row_3_U       | ram_t2p array |           |      |      |        | O_row_3       | auto | 1       | 32, 4, 1         |
|   O_row_4_U       | ram_t2p array |           |      |      |        | O_row_4       | auto | 1       | 32, 4, 1         |
|   O_row_5_U       | ram_t2p array |           |      |      |        | O_row_5       | auto | 1       | 32, 4, 1         |
|   O_row_6_U       | ram_t2p array |           |      |      |        | O_row_6       | auto | 1       | 32, 4, 1         |
|   O_row_7_U       | ram_t2p array |           |      |      |        | O_row_7       | auto | 1       | 32, 4, 1         |
|   O_row_8_U       | ram_t2p array |           |      |      |        | O_row_8       | auto | 1       | 32, 4, 1         |
|   O_row_9_U       | ram_t2p array |           |      |      |        | O_row_9       | auto | 1       | 32, 4, 1         |
|   O_row_10_U      | ram_t2p array |           |      |      |        | O_row_10      | auto | 1       | 32, 4, 1         |
|   O_row_11_U      | ram_t2p array |           |      |      |        | O_row_11      | auto | 1       | 32, 4, 1         |
|   O_row_12_U      | ram_t2p array |           |      |      |        | O_row_12      | auto | 1       | 32, 4, 1         |
|   O_row_13_U      | ram_t2p array |           |      |      |        | O_row_13      | auto | 1       | 32, 4, 1         |
|   O_row_14_U      | ram_t2p array |           |      |      |        | O_row_14      | auto | 1       | 32, 4, 1         |
|   O_row_15_U      | ram_t2p array |           |      |      |        | O_row_15      | auto | 1       | 32, 4, 1         |
|   p_ZL5K_buf_0_U  | ram_2p        |           |      | 1    | pragma | p_ZL5K_buf_0  | uram | 1       | 16, 788, 1       |
|   p_ZL5V_buf_0_U  | ram_2p        |           |      | 1    | pragma | p_ZL5V_buf_0  | uram | 1       | 16, 788, 1       |
|   p_ZL5K_buf_1_U  | ram_2p        |           |      | 1    | pragma | p_ZL5K_buf_1  | uram | 1       | 16, 788, 1       |
|   p_ZL5V_buf_1_U  | ram_2p        |           |      | 1    | pragma | p_ZL5V_buf_1  | uram | 1       | 16, 788, 1       |
|   p_ZL5K_buf_2_U  | ram_2p        |           |      | 1    | pragma | p_ZL5K_buf_2  | uram | 1       | 16, 788, 1       |
|   p_ZL5V_buf_2_U  | ram_2p        |           |      | 1    | pragma | p_ZL5V_buf_2  | uram | 1       | 16, 788, 1       |
|   p_ZL5K_buf_3_U  | ram_2p        |           |      | 1    | pragma | p_ZL5K_buf_3  | uram | 1       | 16, 788, 1       |
|   p_ZL5V_buf_3_U  | ram_2p        |           |      | 1    | pragma | p_ZL5V_buf_3  | uram | 1       | 16, 788, 1       |
|   p_ZL5K_buf_4_U  | ram_2p        |           |      | 1    | pragma | p_ZL5K_buf_4  | uram | 1       | 16, 788, 1       |
|   p_ZL5V_buf_4_U  | ram_2p        |           |      | 1    | pragma | p_ZL5V_buf_4  | uram | 1       | 16, 788, 1       |
|   p_ZL5K_buf_5_U  | ram_2p        |           |      | 1    | pragma | p_ZL5K_buf_5  | uram | 1       | 16, 788, 1       |
|   p_ZL5V_buf_5_U  | ram_2p        |           |      | 1    | pragma | p_ZL5V_buf_5  | uram | 1       | 16, 788, 1       |
|   p_ZL5K_buf_6_U  | ram_2p        |           |      | 1    | pragma | p_ZL5K_buf_6  | uram | 1       | 16, 788, 1       |
|   p_ZL5V_buf_6_U  | ram_2p        |           |      | 1    | pragma | p_ZL5V_buf_6  | uram | 1       | 16, 788, 1       |
|   p_ZL5K_buf_7_U  | ram_2p        |           |      | 1    | pragma | p_ZL5K_buf_7  | uram | 1       | 16, 788, 1       |
|   p_ZL5V_buf_7_U  | ram_2p        |           |      | 1    | pragma | p_ZL5V_buf_7  | uram | 1       | 16, 788, 1       |
|   p_ZL5K_buf_8_U  | ram_2p        |           |      | 1    | pragma | p_ZL5K_buf_8  | uram | 1       | 16, 788, 1       |
|   p_ZL5V_buf_8_U  | ram_2p        |           |      | 1    | pragma | p_ZL5V_buf_8  | uram | 1       | 16, 788, 1       |
|   p_ZL5K_buf_9_U  | ram_2p        |           |      | 1    | pragma | p_ZL5K_buf_9  | uram | 1       | 16, 788, 1       |
|   p_ZL5V_buf_9_U  | ram_2p        |           |      | 1    | pragma | p_ZL5V_buf_9  | uram | 1       | 16, 788, 1       |
|   p_ZL5K_buf_10_U | ram_2p        |           |      | 1    | pragma | p_ZL5K_buf_10 | uram | 1       | 16, 788, 1       |
|   p_ZL5V_buf_10_U | ram_2p        |           |      | 1    | pragma | p_ZL5V_buf_10 | uram | 1       | 16, 788, 1       |
|   p_ZL5K_buf_11_U | ram_2p        |           |      | 1    | pragma | p_ZL5K_buf_11 | uram | 1       | 16, 788, 1       |
|   p_ZL5V_buf_11_U | ram_2p        |           |      | 1    | pragma | p_ZL5V_buf_11 | uram | 1       | 16, 788, 1       |
|   p_ZL5K_buf_12_U | ram_2p        |           |      | 1    | pragma | p_ZL5K_buf_12 | uram | 1       | 16, 788, 1       |
|   p_ZL5V_buf_12_U | ram_2p        |           |      | 1    | pragma | p_ZL5V_buf_12 | uram | 1       | 16, 788, 1       |
|   p_ZL5K_buf_13_U | ram_2p        |           |      | 1    | pragma | p_ZL5K_buf_13 | uram | 1       | 16, 788, 1       |
|   p_ZL5V_buf_13_U | ram_2p        |           |      | 1    | pragma | p_ZL5V_buf_13 | uram | 1       | 16, 788, 1       |
|   p_ZL5K_buf_14_U | ram_2p        |           |      | 1    | pragma | p_ZL5K_buf_14 | uram | 1       | 16, 788, 1       |
|   p_ZL5V_buf_14_U | ram_2p        |           |      | 1    | pragma | p_ZL5V_buf_14 | uram | 1       | 16, 788, 1       |
|   p_ZL5K_buf_15_U | ram_2p        |           |      | 1    | pragma | p_ZL5K_buf_15 | uram | 1       | 16, 788, 1       |
|   p_ZL5V_buf_15_U | ram_2p        |           |      | 1    | pragma | p_ZL5V_buf_15 | uram | 1       | 16, 788, 1       |
+-------------------+---------------+-----------+------+------+--------+---------------+------+---------+------------------+


================================================================
== Pragma Report
================================================================
* Inferred Pragmas
+-----------------+--------------------------------------+-----------------------------------------------------------------+--------------------------------+
| Type            | Options                              | Location                                                        | Inferred From                  |
+-----------------+--------------------------------------+-----------------------------------------------------------------+--------------------------------+
| LOOP_FLATTEN    |                                      | loop load_kv (mhsa_top.cpp:90:18) in mhsa_top (mhsa_top.cpp:90) | pipeline mhsa_top.cpp:92       |
| ARRAY_PARTITION | dim=1 type=complete variable=EXP_LUT | variable EXP_LUT in mhsa_top (pwl_exp.h:24)                     | pipeline online_attention.h:47 |
| ARRAY_PARTITION | dim=1 type=complete variable=RES_LUT | variable RES_LUT in mhsa_top (pwl_exp.h:32)                     | pipeline online_attention.h:47 |
+-----------------+--------------------------------------+-----------------------------------------------------------------+--------------------------------+

* Valid Pragma Syntax
+-----------------+------------------------------------------------------+--------------------------------------------------+
| Type            | Options                                              | Location                                         |
+-----------------+------------------------------------------------------+--------------------------------------------------+
| INTERFACE       | m_axi port=Q offset=slave bundle=gmem_q depth=151296 | in attention_top (attention_top.cpp:21)          |
| INTERFACE       | m_axi port=K offset=slave bundle=gmem_k depth=151296 | in attention_top (attention_top.cpp:22)          |
| INTERFACE       | m_axi port=V offset=slave bundle=gmem_v depth=151296 | in attention_top (attention_top.cpp:23)          |
| INTERFACE       | m_axi port=O offset=slave bundle=gmem_o depth=151296 | in attention_top (attention_top.cpp:24)          |
| INTERFACE       | s_axilite port=Q bundle=control                      | in attention_top (attention_top.cpp:25)          |
| INTERFACE       | s_axilite port=K bundle=control                      | in attention_top (attention_top.cpp:26)          |
| INTERFACE       | s_axilite port=V bundle=control                      | in attention_top (attention_top.cpp:27)          |
| INTERFACE       | s_axilite port=O bundle=control                      | in attention_top (attention_top.cpp:28)          |
| INTERFACE       | s_axilite port=scale bundle=control                  | in attention_top (attention_top.cpp:29)          |
| INTERFACE       | s_axilite port=return bundle=control                 | in attention_top (attention_top.cpp:30)          |
| BIND_STORAGE    | variable=K_buf type=ram_2p impl=uram                 | in attention_top (attention_top.cpp:33)          |
| BIND_STORAGE    | variable=V_buf type=ram_2p impl=uram                 | in attention_top (attention_top.cpp:34)          |
| ARRAY_PARTITION | variable=K_buf cyclic factor=16 dim=2                | in attention_top (attention_top.cpp:37)          |
| ARRAY_PARTITION | variable=V_buf cyclic factor=16 dim=2                | in attention_top (attention_top.cpp:38)          |
| PIPELINE        | ii=1                                                 | in attention_top (attention_top.cpp:43)          |
| ARRAY_PARTITION | variable=Q_row complete                              | in attention_top (attention_top.cpp:51)          |
| ARRAY_PARTITION | variable=O_row cyclic factor=16                      | in attention_top (attention_top.cpp:53)          |
| PIPELINE        | ii=1                                                 | in attention_top (attention_top.cpp:57)          |
| PIPELINE        | ii=1                                                 | in attention_top (attention_top.cpp:62)          |
| INTERFACE       | m_axi port=Q offset=slave bundle=gmem_q depth=151296 | in mhsa_top (mhsa_top.cpp:57)                    |
| INTERFACE       | m_axi port=K offset=slave bundle=gmem_k depth=151296 | in mhsa_top (mhsa_top.cpp:58)                    |
| INTERFACE       | m_axi port=V offset=slave bundle=gmem_v depth=151296 | in mhsa_top (mhsa_top.cpp:59)                    |
| INTERFACE       | m_axi port=O offset=slave bundle=gmem_o depth=151296 | in mhsa_top (mhsa_top.cpp:60)                    |
| INTERFACE       | s_axilite port=Q bundle=control                      | in mhsa_top (mhsa_top.cpp:61)                    |
| INTERFACE       | s_axilite port=K bundle=control                      | in mhsa_top (mhsa_top.cpp:62)                    |
| INTERFACE       | s_axilite port=V bundle=control                      | in mhsa_top (mhsa_top.cpp:63)                    |
| INTERFACE       | s_axilite port=O bundle=control                      | in mhsa_top (mhsa_top.cpp:64)                    |
| INTERFACE       | s_axilite port=scale bundle=control                  | in mhsa_top (mhsa_top.cpp:65)                    |
| INTERFACE       | s_axilite port=return bundle=control                 | in mhsa_top (mhsa_top.cpp:66)                    |
| BIND_STORAGE    | variable=K_buf type=ram_2p impl=uram                 | in mhsa_top (mhsa_top.cpp:69)                    |
| BIND_STORAGE    | variable=V_buf type=ram_2p impl=uram                 | in mhsa_top (mhsa_top.cpp:70)                    |
| ARRAY_PARTITION | variable=K_buf cyclic factor=16 dim=2                | in mhsa_top (mhsa_top.cpp:71)                    |
| ARRAY_PARTITION | variable=V_buf cyclic factor=16 dim=2                | in mhsa_top (mhsa_top.cpp:72)                    |
| ARRAY_PARTITION | variable=Q_row complete                              | in mhsa_top (mhsa_top.cpp:75)                    |
| ARRAY_PARTITION | variable=O_row cyclic factor=16                      | in mhsa_top (mhsa_top.cpp:77)                    |
| PIPELINE        | ii=1                                                 | in mhsa_top (mhsa_top.cpp:92)                    |
| PIPELINE        | ii=1                                                 | in mhsa_top (mhsa_top.cpp:101)                   |
| PIPELINE        | ii=1                                                 | in mhsa_top (mhsa_top.cpp:108)                   |
| INLINE          |                                                      | in exp_diff (online_attention.h:10)              |
| ARRAY_PARTITION | variable=Q complete                                  | in online_attention_row (online_attention.h:25)  |
| ARRAY_PARTITION | variable=acc complete                                | in online_attention_row (online_attention.h:28)  |
| UNROLL          |                                                      | in online_attention_row (online_attention.h:37)  |
| PIPELINE        | ii=1                                                 | in online_attention_row (online_attention.h:47)  |
| UNROLL          | factor=16                                            | in online_attention_row (online_attention.h:60)  |
| UNROLL          |                                                      | in online_attention_row (online_attention.h:82)  |
| UNROLL          |                                                      | in online_attention_row (online_attention.h:104) |
| INLINE          |                                                      | in pwl_exp (pwl_exp.h:41)                        |
| BIND_STORAGE    | variable=EXP_LUT type=rom_1p impl=lutram             | in pwl_exp (pwl_exp.h:42)                        |
| BIND_STORAGE    | variable=RES_LUT type=rom_1p impl=lutram             | in pwl_exp (pwl_exp.h:43)                        |
+-----------------+------------------------------------------------------+--------------------------------------------------+


