

================================================================
== Vitis HLS Report for 'online_attention_row'
================================================================
* Date:           Wed Aug 26 15:47:54 2026

* Version:        2025.2 (Build 6295257 on Nov 14 2025)
* Project:        vit_base16
* Solution:       hls (Vivado IP Flow Target)
* Product family: zynquplus
* Target device:  xczu7ev-ffvc1156-2-e


================================================================
== Performance Estimates
================================================================
+ Timing: 
    * Summary: 
    +--------+----------+----------+------------+
    |  Clock |  Target  | Estimated| Uncertainty|
    +--------+----------+----------+------------+
    |ap_clk  |  10.00 ns|  7.253 ns|     2.70 ns|
    +--------+----------+----------+------------+

+ Latency: 
    * Summary: 
    +---------+---------+----------+----------+-----+-----+---------+
    |  Latency (cycles) |  Latency (absolute) |  Interval | Pipeline|
    |   min   |   max   |    min   |    max   | min | max |   Type  |
    +---------+---------+----------+----------+-----+-----+---------+
    |      468|      479|  4.680 us|  4.790 us|  468|  479|       no|
    +---------+---------+----------+----------+-----+-----+---------+

    + Detail: 
        * Instance: 
        +--------------------------------------------------+--------------------------------------+---------+---------+----------+----------+-----+-----+-------------------+
        |                                                  |                                      |  Latency (cycles) |  Latency (absolute) |  Interval |      Pipeline     |
        |                     Instance                     |                Module                |   min   |   max   |    min   |    max   | min | max |        Type       |
        +--------------------------------------------------+--------------------------------------+---------+---------+----------+----------+-----+-----+-------------------+
        |grp_online_attention_row_Pipeline_tokens_fu_1773  |online_attention_row_Pipeline_tokens  |      464|      464|  4.640 us|  4.640 us|    0|    0|  loop pipeline stp|
        +--------------------------------------------------+--------------------------------------+---------+---------+----------+----------+-----+-----+-------------------+

        * Loop: 
        N/A



================================================================
== Utilization Estimates
================================================================
* Summary: 
+-----------------+---------+------+--------+--------+-----+
|       Name      | BRAM_18K|  DSP |   FF   |   LUT  | URAM|
+-----------------+---------+------+--------+--------+-----+
|DSP              |        -|     -|       -|       -|    -|
|Expression       |        -|     -|       0|    9331|    -|
|FIFO             |        -|     -|       -|       -|    -|
|Instance         |        -|   527|   14608|   32408|    -|
|Memory           |        -|     -|       -|       -|    -|
|Multiplexer      |        -|     -|       0|    1011|    -|
|Register         |        -|     -|    1177|       -|    -|
+-----------------+---------+------+--------+--------+-----+
|Total            |        0|   527|   15785|   42750|    0|
+-----------------+---------+------+--------+--------+-----+
|Available        |      624|  1728|  460800|  230400|   96|
+-----------------+---------+------+--------+--------+-----+
|Utilization (%)  |        0|    30|       3|      18|    0|
+-----------------+---------+------+--------+--------+-----+

+ Detail: 
    * Instance: 
    +--------------------------------------------------+--------------------------------------+---------+-----+-------+-------+-----+
    |                     Instance                     |                Module                | BRAM_18K| DSP |   FF  |  LUT  | URAM|
    +--------------------------------------------------+--------------------------------------+---------+-----+-------+-------+-----+
    |bitselect_1ns_32ns_5ns_1_1_1_U550                 |bitselect_1ns_32ns_5ns_1_1_1          |        0|    0|      0|      9|    0|
    |bitselect_1ns_54ns_6ns_1_1_1_U552                 |bitselect_1ns_54ns_6ns_1_1_1          |        0|    0|      0|     17|    0|
    |ctlz_32_32_1_1_U549                               |ctlz_32_32_1_1                        |        0|    0|      0|     45|    0|
    |fdiv_32ns_32ns_32_9_no_dsp_1_U483                 |fdiv_32ns_32ns_32_9_no_dsp_1          |        0|    0|      0|      0|    0|
    |fpext_32ns_64_2_no_dsp_1_U484                     |fpext_32ns_64_2_no_dsp_1              |        0|    0|      0|      0|    0|
    |mul_32s_32s_64_1_1_U485                           |mul_32s_32s_64_1_1                    |        0|    4|      0|     20|    0|
    |mul_32s_32s_64_1_1_U486                           |mul_32s_32s_64_1_1                    |        0|    4|      0|     20|    0|
    |mul_32s_32s_64_1_1_U487                           |mul_32s_32s_64_1_1                    |        0|    4|      0|     20|    0|
    |mul_32s_32s_64_1_1_U488                           |mul_32s_32s_64_1_1                    |        0|    4|      0|     20|    0|
    |mul_32s_32s_64_1_1_U489                           |mul_32s_32s_64_1_1                    |        0|    4|      0|     20|    0|
    |mul_32s_32s_64_1_1_U490                           |mul_32s_32s_64_1_1                    |        0|    4|      0|     20|    0|
    |mul_32s_32s_64_1_1_U491                           |mul_32s_32s_64_1_1                    |        0|    4|      0|     20|    0|
    |mul_32s_32s_64_1_1_U492                           |mul_32s_32s_64_1_1                    |        0|    4|      0|     20|    0|
    |mul_32s_32s_64_1_1_U493                           |mul_32s_32s_64_1_1                    |        0|    4|      0|     20|    0|
    |mul_32s_32s_64_1_1_U494                           |mul_32s_32s_64_1_1                    |        0|    4|      0|     20|    0|
    |mul_32s_32s_64_1_1_U495                           |mul_32s_32s_64_1_1                    |        0|    4|      0|     20|    0|
    |mul_32s_32s_64_1_1_U496                           |mul_32s_32s_64_1_1                    |        0|    4|      0|     20|    0|
    |mul_32s_32s_64_1_1_U497                           |mul_32s_32s_64_1_1                    |        0|    4|      0|     20|    0|
    |mul_32s_32s_64_1_1_U498                           |mul_32s_32s_64_1_1                    |        0|    4|      0|     20|    0|
    |mul_32s_32s_64_1_1_U499                           |mul_32s_32s_64_1_1                    |        0|    4|      0|     20|    0|
    |mul_32s_32s_64_1_1_U500                           |mul_32s_32s_64_1_1                    |        0|    4|      0|     20|    0|
    |mul_32s_32s_64_1_1_U501                           |mul_32s_32s_64_1_1                    |        0|    4|      0|     20|    0|
    |mul_32s_32s_64_1_1_U502                           |mul_32s_32s_64_1_1                    |        0|    4|      0|     20|    0|
    |mul_32s_32s_64_1_1_U503                           |mul_32s_32s_64_1_1                    |        0|    4|      0|     20|    0|
    |mul_32s_32s_64_1_1_U504                           |mul_32s_32s_64_1_1                    |        0|    4|      0|     20|    0|
    |mul_32s_32s_64_1_1_U505                           |mul_32s_32s_64_1_1                    |        0|    4|      0|     20|    0|
    |mul_32s_32s_64_1_1_U506                           |mul_32s_32s_64_1_1                    |        0|    4|      0|     20|    0|
    |mul_32s_32s_64_1_1_U507                           |mul_32s_32s_64_1_1                    |        0|    4|      0|     20|    0|
    |mul_32s_32s_64_1_1_U508                           |mul_32s_32s_64_1_1                    |        0|    4|      0|     20|    0|
    |mul_32s_32s_64_1_1_U509                           |mul_32s_32s_64_1_1                    |        0|    4|      0|     20|    0|
    |mul_32s_32s_64_1_1_U510                           |mul_32s_32s_64_1_1                    |        0|    4|      0|     20|    0|
    |mul_32s_32s_64_1_1_U511                           |mul_32s_32s_64_1_1                    |        0|    4|      0|     20|    0|
    |mul_32s_32s_64_1_1_U512                           |mul_32s_32s_64_1_1                    |        0|    4|      0|     20|    0|
    |mul_32s_32s_64_1_1_U513                           |mul_32s_32s_64_1_1                    |        0|    4|      0|     20|    0|
    |mul_32s_32s_64_1_1_U514                           |mul_32s_32s_64_1_1                    |        0|    4|      0|     20|    0|
    |mul_32s_32s_64_1_1_U515                           |mul_32s_32s_64_1_1                    |        0|    4|      0|     20|    0|
    |mul_32s_32s_64_1_1_U516                           |mul_32s_32s_64_1_1                    |        0|    4|      0|     20|    0|
    |mul_32s_32s_64_1_1_U517                           |mul_32s_32s_64_1_1                    |        0|    4|      0|     20|    0|
    |mul_32s_32s_64_1_1_U518                           |mul_32s_32s_64_1_1                    |        0|    4|      0|     20|    0|
    |mul_32s_32s_64_1_1_U519                           |mul_32s_32s_64_1_1                    |        0|    4|      0|     20|    0|
    |mul_32s_32s_64_1_1_U520                           |mul_32s_32s_64_1_1                    |        0|    4|      0|     20|    0|
    |mul_32s_32s_64_1_1_U521                           |mul_32s_32s_64_1_1                    |        0|    4|      0|     20|    0|
    |mul_32s_32s_64_1_1_U522                           |mul_32s_32s_64_1_1                    |        0|    4|      0|     20|    0|
    |mul_32s_32s_64_1_1_U523                           |mul_32s_32s_64_1_1                    |        0|    4|      0|     20|    0|
    |mul_32s_32s_64_1_1_U524                           |mul_32s_32s_64_1_1                    |        0|    4|      0|     20|    0|
    |mul_32s_32s_64_1_1_U525                           |mul_32s_32s_64_1_1                    |        0|    4|      0|     20|    0|
    |mul_32s_32s_64_1_1_U526                           |mul_32s_32s_64_1_1                    |        0|    4|      0|     20|    0|
    |mul_32s_32s_64_1_1_U527                           |mul_32s_32s_64_1_1                    |        0|    4|      0|     20|    0|
    |mul_32s_32s_64_1_1_U528                           |mul_32s_32s_64_1_1                    |        0|    4|      0|     20|    0|
    |mul_32s_32s_64_1_1_U529                           |mul_32s_32s_64_1_1                    |        0|    4|      0|     20|    0|
    |mul_32s_32s_64_1_1_U530                           |mul_32s_32s_64_1_1                    |        0|    4|      0|     20|    0|
    |mul_32s_32s_64_1_1_U531                           |mul_32s_32s_64_1_1                    |        0|    4|      0|     20|    0|
    |mul_32s_32s_64_1_1_U532                           |mul_32s_32s_64_1_1                    |        0|    4|      0|     20|    0|
    |mul_32s_32s_64_1_1_U533                           |mul_32s_32s_64_1_1                    |        0|    4|      0|     20|    0|
    |mul_32s_32s_64_1_1_U534                           |mul_32s_32s_64_1_1                    |        0|    4|      0|     20|    0|
    |mul_32s_32s_64_1_1_U535                           |mul_32s_32s_64_1_1                    |        0|    4|      0|     20|    0|
    |mul_32s_32s_64_1_1_U536                           |mul_32s_32s_64_1_1                    |        0|    4|      0|     20|    0|
    |mul_32s_32s_64_1_1_U537                           |mul_32s_32s_64_1_1                    |        0|    4|      0|     20|    0|
    |mul_32s_32s_64_1_1_U538                           |mul_32s_32s_64_1_1                    |        0|    4|      0|     20|    0|
    |mul_32s_32s_64_1_1_U539                           |mul_32s_32s_64_1_1                    |        0|    4|      0|     20|    0|
    |mul_32s_32s_64_1_1_U540                           |mul_32s_32s_64_1_1                    |        0|    4|      0|     20|    0|
    |mul_32s_32s_64_1_1_U541                           |mul_32s_32s_64_1_1                    |        0|    4|      0|     20|    0|
    |mul_32s_32s_64_1_1_U542                           |mul_32s_32s_64_1_1                    |        0|    4|      0|     20|    0|
    |mul_32s_32s_64_1_1_U543                           |mul_32s_32s_64_1_1                    |        0|    4|      0|     20|    0|
    |mul_32s_32s_64_1_1_U544                           |mul_32s_32s_64_1_1                    |        0|    4|      0|     20|    0|
    |mul_32s_32s_64_1_1_U545                           |mul_32s_32s_64_1_1                    |        0|    4|      0|     20|    0|
    |mul_32s_32s_64_1_1_U546                           |mul_32s_32s_64_1_1                    |        0|    4|      0|     20|    0|
    |mul_32s_32s_64_1_1_U547                           |mul_32s_32s_64_1_1                    |        0|    4|      0|     20|    0|
    |mul_32s_32s_64_1_1_U548                           |mul_32s_32s_64_1_1                    |        0|    4|      0|     20|    0|
    |grp_online_attention_row_Pipeline_tokens_fu_1773  |online_attention_row_Pipeline_tokens  |        0|  271|  14608|  31030|    0|
    |sparsemux_7_2_1_1_1_U553                          |sparsemux_7_2_1_1_1                   |        0|    0|      0|      9|    0|
    |sparsemux_7_2_1_1_1_U554                          |sparsemux_7_2_1_1_1                   |        0|    0|      0|      9|    0|
    |sparsemux_7_2_32_1_1_U551                         |sparsemux_7_2_32_1_1                  |        0|    0|      0|      9|    0|
    +--------------------------------------------------+--------------------------------------+---------+-----+-------+-------+-----+
    |Total                                             |                                      |        0|  527|  14608|  32408|    0|
    +--------------------------------------------------+--------------------------------------+---------+-----+-------+-------+-----+

    * DSP: 
    N/A

    * Memory: 
    N/A

    * FIFO: 
    N/A

    * Expression: 
    +--------------------------------+----------+----+---+-----+------------+------------+
    |          Variable Name         | Operation| DSP| FF| LUT | Bitwidth P0| Bitwidth P1|
    +--------------------------------+----------+----+---+-----+------------+------------+
    |add_ln97_1_fu_2643_p2           |         +|   0|  0|   13|           6|           6|
    |add_ln97_2_fu_2695_p2           |         +|   0|  0|   71|          64|          64|
    |add_ln97_3_fu_2741_p2           |         +|   0|  0|   15|           8|           8|
    |add_ln97_4_fu_2851_p2           |         +|   0|  0|   18|          11|           6|
    |add_ln97_5_fu_2991_p2           |         +|   0|  0|   19|          12|          11|
    |add_ln97_6_fu_3003_p2           |         +|   0|  0|   19|          12|           4|
    |add_ln97_7_fu_3013_p2           |         +|   0|  0|   19|          12|           4|
    |add_ln97_fu_2535_p2             |         +|   0|  0|   13|           6|           6|
    |sub_ln97_1_fu_2663_p2           |         -|   0|  0|   13|           5|           6|
    |sub_ln97_2_fu_2731_p2           |         -|   0|  0|   13|           4|           6|
    |sub_ln97_3_fu_2815_p2           |         -|   0|  0|   61|           1|          54|
    |sub_ln97_4_fu_2835_p2           |         -|   0|  0|   19|          11|          12|
    |sub_ln97_5_fu_2857_p2           |         -|   0|  0|   18|           5|          11|
    |sub_ln97_6_fu_2561_p2           |         -|   0|  0|   12|           4|           5|
    |sub_ln97_fu_2525_p2             |         -|   0|  0|   14|           7|           6|
    |pi_assign_fu_2751_p5            |      1003|   0|  0|    2|          64|           9|
    |and_ln105_100_fu_8863_p2        |       and|   0|  0|    2|           1|           1|
    |and_ln105_101_fu_8881_p2        |       and|   0|  0|    2|           1|           1|
    |and_ln105_102_fu_8971_p2        |       and|   0|  0|    2|           1|           1|
    |and_ln105_103_fu_8989_p2        |       and|   0|  0|    2|           1|           1|
    |and_ln105_104_fu_9079_p2        |       and|   0|  0|    2|           1|           1|
    |and_ln105_105_fu_9097_p2        |       and|   0|  0|    2|           1|           1|
    |and_ln105_106_fu_9187_p2        |       and|   0|  0|    2|           1|           1|
    |and_ln105_107_fu_9205_p2        |       and|   0|  0|    2|           1|           1|
    |and_ln105_108_fu_9295_p2        |       and|   0|  0|    2|           1|           1|
    |and_ln105_109_fu_9313_p2        |       and|   0|  0|    2|           1|           1|
    |and_ln105_10_fu_3976_p2         |       and|   0|  0|    2|           1|           1|
    |and_ln105_110_fu_9403_p2        |       and|   0|  0|    2|           1|           1|
    |and_ln105_111_fu_9421_p2        |       and|   0|  0|    2|           1|           1|
    |and_ln105_112_fu_9511_p2        |       and|   0|  0|    2|           1|           1|
    |and_ln105_113_fu_9529_p2        |       and|   0|  0|    2|           1|           1|
    |and_ln105_114_fu_9619_p2        |       and|   0|  0|    2|           1|           1|
    |and_ln105_115_fu_9637_p2        |       and|   0|  0|    2|           1|           1|
    |and_ln105_116_fu_9727_p2        |       and|   0|  0|    2|           1|           1|
    |and_ln105_117_fu_9745_p2        |       and|   0|  0|    2|           1|           1|
    |and_ln105_118_fu_9835_p2        |       and|   0|  0|    2|           1|           1|
    |and_ln105_119_fu_9853_p2        |       and|   0|  0|    2|           1|           1|
    |and_ln105_11_fu_3994_p2         |       and|   0|  0|    2|           1|           1|
    |and_ln105_120_fu_9943_p2        |       and|   0|  0|    2|           1|           1|
    |and_ln105_121_fu_9961_p2        |       and|   0|  0|    2|           1|           1|
    |and_ln105_122_fu_10051_p2       |       and|   0|  0|    2|           1|           1|
    |and_ln105_123_fu_10069_p2       |       and|   0|  0|    2|           1|           1|
    |and_ln105_124_fu_10159_p2       |       and|   0|  0|    2|           1|           1|
    |and_ln105_125_fu_10177_p2       |       and|   0|  0|    2|           1|           1|
    |and_ln105_126_fu_10267_p2       |       and|   0|  0|    2|           1|           1|
    |and_ln105_127_fu_10285_p2       |       and|   0|  0|    2|           1|           1|
    |and_ln105_12_fu_4085_p2         |       and|   0|  0|    2|           1|           1|
    |and_ln105_13_fu_4103_p2         |       and|   0|  0|    2|           1|           1|
    |and_ln105_14_fu_4194_p2         |       and|   0|  0|    2|           1|           1|
    |and_ln105_15_fu_4212_p2         |       and|   0|  0|    2|           1|           1|
    |and_ln105_16_fu_4303_p2         |       and|   0|  0|    2|           1|           1|
    |and_ln105_17_fu_4321_p2         |       and|   0|  0|    2|           1|           1|
    |and_ln105_18_fu_4412_p2         |       and|   0|  0|    2|           1|           1|
    |and_ln105_19_fu_4430_p2         |       and|   0|  0|    2|           1|           1|
    |and_ln105_1_fu_3449_p2          |       and|   0|  0|    2|           1|           1|
    |and_ln105_20_fu_4521_p2         |       and|   0|  0|    2|           1|           1|
    |and_ln105_21_fu_4539_p2         |       and|   0|  0|    2|           1|           1|
    |and_ln105_22_fu_4630_p2         |       and|   0|  0|    2|           1|           1|
    |and_ln105_23_fu_4648_p2         |       and|   0|  0|    2|           1|           1|
    |and_ln105_24_fu_4739_p2         |       and|   0|  0|    2|           1|           1|
    |and_ln105_25_fu_4757_p2         |       and|   0|  0|    2|           1|           1|
    |and_ln105_26_fu_4848_p2         |       and|   0|  0|    2|           1|           1|
    |and_ln105_27_fu_4866_p2         |       and|   0|  0|    2|           1|           1|
    |and_ln105_28_fu_4957_p2         |       and|   0|  0|    2|           1|           1|
    |and_ln105_29_fu_4975_p2         |       and|   0|  0|    2|           1|           1|
    |and_ln105_2_fu_3540_p2          |       and|   0|  0|    2|           1|           1|
    |and_ln105_30_fu_5066_p2         |       and|   0|  0|    2|           1|           1|
    |and_ln105_31_fu_5084_p2         |       and|   0|  0|    2|           1|           1|
    |and_ln105_32_fu_5175_p2         |       and|   0|  0|    2|           1|           1|
    |and_ln105_33_fu_5193_p2         |       and|   0|  0|    2|           1|           1|
    |and_ln105_34_fu_5284_p2         |       and|   0|  0|    2|           1|           1|
    |and_ln105_35_fu_5302_p2         |       and|   0|  0|    2|           1|           1|
    |and_ln105_36_fu_5393_p2         |       and|   0|  0|    2|           1|           1|
    |and_ln105_37_fu_5411_p2         |       and|   0|  0|    2|           1|           1|
    |and_ln105_38_fu_5502_p2         |       and|   0|  0|    2|           1|           1|
    |and_ln105_39_fu_5520_p2         |       and|   0|  0|    2|           1|           1|
    |and_ln105_3_fu_3558_p2          |       and|   0|  0|    2|           1|           1|
    |and_ln105_40_fu_5611_p2         |       and|   0|  0|    2|           1|           1|
    |and_ln105_41_fu_5629_p2         |       and|   0|  0|    2|           1|           1|
    |and_ln105_42_fu_5720_p2         |       and|   0|  0|    2|           1|           1|
    |and_ln105_43_fu_5738_p2         |       and|   0|  0|    2|           1|           1|
    |and_ln105_44_fu_5829_p2         |       and|   0|  0|    2|           1|           1|
    |and_ln105_45_fu_5847_p2         |       and|   0|  0|    2|           1|           1|
    |and_ln105_46_fu_5938_p2         |       and|   0|  0|    2|           1|           1|
    |and_ln105_47_fu_5956_p2         |       and|   0|  0|    2|           1|           1|
    |and_ln105_48_fu_6047_p2         |       and|   0|  0|    2|           1|           1|
    |and_ln105_49_fu_6065_p2         |       and|   0|  0|    2|           1|           1|
    |and_ln105_4_fu_3649_p2          |       and|   0|  0|    2|           1|           1|
    |and_ln105_50_fu_6156_p2         |       and|   0|  0|    2|           1|           1|
    |and_ln105_51_fu_6174_p2         |       and|   0|  0|    2|           1|           1|
    |and_ln105_52_fu_6265_p2         |       and|   0|  0|    2|           1|           1|
    |and_ln105_53_fu_6283_p2         |       and|   0|  0|    2|           1|           1|
    |and_ln105_54_fu_6374_p2         |       and|   0|  0|    2|           1|           1|
    |and_ln105_55_fu_6392_p2         |       and|   0|  0|    2|           1|           1|
    |and_ln105_56_fu_6483_p2         |       and|   0|  0|    2|           1|           1|
    |and_ln105_57_fu_6501_p2         |       and|   0|  0|    2|           1|           1|
    |and_ln105_58_fu_6592_p2         |       and|   0|  0|    2|           1|           1|
    |and_ln105_59_fu_6610_p2         |       and|   0|  0|    2|           1|           1|
    |and_ln105_5_fu_3667_p2          |       and|   0|  0|    2|           1|           1|
    |and_ln105_60_fu_6701_p2         |       and|   0|  0|    2|           1|           1|
    |and_ln105_61_fu_6719_p2         |       and|   0|  0|    2|           1|           1|
    |and_ln105_62_fu_6810_p2         |       and|   0|  0|    2|           1|           1|
    |and_ln105_63_fu_6828_p2         |       and|   0|  0|    2|           1|           1|
    |and_ln105_64_fu_6919_p2         |       and|   0|  0|    2|           1|           1|
    |and_ln105_65_fu_6937_p2         |       and|   0|  0|    2|           1|           1|
    |and_ln105_66_fu_7027_p2         |       and|   0|  0|    2|           1|           1|
    |and_ln105_67_fu_7045_p2         |       and|   0|  0|    2|           1|           1|
    |and_ln105_68_fu_7135_p2         |       and|   0|  0|    2|           1|           1|
    |and_ln105_69_fu_7153_p2         |       and|   0|  0|    2|           1|           1|
    |and_ln105_6_fu_3758_p2          |       and|   0|  0|    2|           1|           1|
    |and_ln105_70_fu_7243_p2         |       and|   0|  0|    2|           1|           1|
    |and_ln105_71_fu_7261_p2         |       and|   0|  0|    2|           1|           1|
    |and_ln105_72_fu_7351_p2         |       and|   0|  0|    2|           1|           1|
    |and_ln105_73_fu_7369_p2         |       and|   0|  0|    2|           1|           1|
    |and_ln105_74_fu_7459_p2         |       and|   0|  0|    2|           1|           1|
    |and_ln105_75_fu_7477_p2         |       and|   0|  0|    2|           1|           1|
    |and_ln105_76_fu_7567_p2         |       and|   0|  0|    2|           1|           1|
    |and_ln105_77_fu_7585_p2         |       and|   0|  0|    2|           1|           1|
    |and_ln105_78_fu_7675_p2         |       and|   0|  0|    2|           1|           1|
    |and_ln105_79_fu_7693_p2         |       and|   0|  0|    2|           1|           1|
    |and_ln105_7_fu_3776_p2          |       and|   0|  0|    2|           1|           1|
    |and_ln105_80_fu_7783_p2         |       and|   0|  0|    2|           1|           1|
    |and_ln105_81_fu_7801_p2         |       and|   0|  0|    2|           1|           1|
    |and_ln105_82_fu_7891_p2         |       and|   0|  0|    2|           1|           1|
    |and_ln105_83_fu_7909_p2         |       and|   0|  0|    2|           1|           1|
    |and_ln105_84_fu_7999_p2         |       and|   0|  0|    2|           1|           1|
    |and_ln105_85_fu_8017_p2         |       and|   0|  0|    2|           1|           1|
    |and_ln105_86_fu_8107_p2         |       and|   0|  0|    2|           1|           1|
    |and_ln105_87_fu_8125_p2         |       and|   0|  0|    2|           1|           1|
    |and_ln105_88_fu_8215_p2         |       and|   0|  0|    2|           1|           1|
    |and_ln105_89_fu_8233_p2         |       and|   0|  0|    2|           1|           1|
    |and_ln105_8_fu_3867_p2          |       and|   0|  0|    2|           1|           1|
    |and_ln105_90_fu_8323_p2         |       and|   0|  0|    2|           1|           1|
    |and_ln105_91_fu_8341_p2         |       and|   0|  0|    2|           1|           1|
    |and_ln105_92_fu_8431_p2         |       and|   0|  0|    2|           1|           1|
    |and_ln105_93_fu_8449_p2         |       and|   0|  0|    2|           1|           1|
    |and_ln105_94_fu_8539_p2         |       and|   0|  0|    2|           1|           1|
    |and_ln105_95_fu_8557_p2         |       and|   0|  0|    2|           1|           1|
    |and_ln105_96_fu_8647_p2         |       and|   0|  0|    2|           1|           1|
    |and_ln105_97_fu_8665_p2         |       and|   0|  0|    2|           1|           1|
    |and_ln105_98_fu_8755_p2         |       and|   0|  0|    2|           1|           1|
    |and_ln105_99_fu_8773_p2         |       and|   0|  0|    2|           1|           1|
    |and_ln105_9_fu_3885_p2          |       and|   0|  0|    2|           1|           1|
    |and_ln105_fu_3431_p2            |       and|   0|  0|    2|           1|           1|
    |and_ln97_10_fu_2581_p2          |       and|   0|  0|   31|          31|          31|
    |and_ln97_2_fu_2957_p2           |       and|   0|  0|    2|           1|           1|
    |and_ln97_5_fu_3275_p2           |       and|   0|  0|    2|           1|           1|
    |and_ln97_6_fu_3245_p2           |       and|   0|  0|    2|           1|           1|
    |and_ln97_7_fu_3281_p2           |       and|   0|  0|    2|           1|           1|
    |and_ln97_8_fu_3179_p2           |       and|   0|  0|    2|           1|           1|
    |and_ln97_9_fu_3185_p2           |       and|   0|  0|    2|           1|           1|
    |and_ln97_fu_2621_p2             |       and|   0|  0|    2|           1|           1|
    |ap_condition_7188               |       and|   0|  0|    2|           1|           1|
    |deleted_ones_0_i_fu_3219_p4     |       and|   0|  0|    2|           1|           1|
    |deleted_zeros_0_i_fu_3199_p4    |       and|   0|  0|    2|           1|           1|
    |lD_0_i_fu_3061_p2               |       and|   0|  0|    2|           1|           1|
    |neg_src_0_i_fu_3261_p2          |       and|   0|  0|    2|           1|           1|
    |phi_ln97_fu_2593_p2             |       and|   0|  0|    2|           1|           1|
    |ashr_ln97_fu_2903_p2            |      ashr|   0|  0|  159|          54|          54|
    |icmp_ln105_100_fu_8839_p2       |      icmp|   0|  0|   17|          10|           2|
    |icmp_ln105_101_fu_8845_p2       |      icmp|   0|  0|   17|          10|           1|
    |icmp_ln105_102_fu_8947_p2       |      icmp|   0|  0|   17|          10|           2|
    |icmp_ln105_103_fu_8953_p2       |      icmp|   0|  0|   17|          10|           1|
    |icmp_ln105_104_fu_9055_p2       |      icmp|   0|  0|   17|          10|           2|
    |icmp_ln105_105_fu_9061_p2       |      icmp|   0|  0|   17|          10|           1|
    |icmp_ln105_106_fu_9163_p2       |      icmp|   0|  0|   17|          10|           2|
    |icmp_ln105_107_fu_9169_p2       |      icmp|   0|  0|   17|          10|           1|
    |icmp_ln105_108_fu_9271_p2       |      icmp|   0|  0|   17|          10|           2|
    |icmp_ln105_109_fu_9277_p2       |      icmp|   0|  0|   17|          10|           1|
    |icmp_ln105_10_fu_3952_p2        |      icmp|   0|  0|   17|          10|           2|
    |icmp_ln105_110_fu_9379_p2       |      icmp|   0|  0|   17|          10|           2|
    |icmp_ln105_111_fu_9385_p2       |      icmp|   0|  0|   17|          10|           1|
    |icmp_ln105_112_fu_9487_p2       |      icmp|   0|  0|   17|          10|           2|
    |icmp_ln105_113_fu_9493_p2       |      icmp|   0|  0|   17|          10|           1|
    |icmp_ln105_114_fu_9595_p2       |      icmp|   0|  0|   17|          10|           2|
    |icmp_ln105_115_fu_9601_p2       |      icmp|   0|  0|   17|          10|           1|
    |icmp_ln105_116_fu_9703_p2       |      icmp|   0|  0|   17|          10|           2|
    |icmp_ln105_117_fu_9709_p2       |      icmp|   0|  0|   17|          10|           1|
    |icmp_ln105_118_fu_9811_p2       |      icmp|   0|  0|   17|          10|           2|
    |icmp_ln105_119_fu_9817_p2       |      icmp|   0|  0|   17|          10|           1|
    |icmp_ln105_11_fu_3958_p2        |      icmp|   0|  0|   17|          10|           1|
    |icmp_ln105_120_fu_9919_p2       |      icmp|   0|  0|   17|          10|           2|
    |icmp_ln105_121_fu_9925_p2       |      icmp|   0|  0|   17|          10|           1|
    |icmp_ln105_122_fu_10027_p2      |      icmp|   0|  0|   17|          10|           2|
    |icmp_ln105_123_fu_10033_p2      |      icmp|   0|  0|   17|          10|           1|
    |icmp_ln105_124_fu_10135_p2      |      icmp|   0|  0|   17|          10|           2|
    |icmp_ln105_125_fu_10141_p2      |      icmp|   0|  0|   17|          10|           1|
    |icmp_ln105_126_fu_10243_p2      |      icmp|   0|  0|   17|          10|           2|
    |icmp_ln105_127_fu_10249_p2      |      icmp|   0|  0|   17|          10|           1|
    |icmp_ln105_12_fu_4061_p2        |      icmp|   0|  0|   17|          10|           2|
    |icmp_ln105_13_fu_4067_p2        |      icmp|   0|  0|   17|          10|           1|
    |icmp_ln105_14_fu_4170_p2        |      icmp|   0|  0|   17|          10|           2|
    |icmp_ln105_15_fu_4176_p2        |      icmp|   0|  0|   17|          10|           1|
    |icmp_ln105_16_fu_4279_p2        |      icmp|   0|  0|   17|          10|           2|
    |icmp_ln105_17_fu_4285_p2        |      icmp|   0|  0|   17|          10|           1|
    |icmp_ln105_18_fu_4388_p2        |      icmp|   0|  0|   17|          10|           2|
    |icmp_ln105_19_fu_4394_p2        |      icmp|   0|  0|   17|          10|           1|
    |icmp_ln105_1_fu_3413_p2         |      icmp|   0|  0|   17|          10|           1|
    |icmp_ln105_20_fu_4497_p2        |      icmp|   0|  0|   17|          10|           2|
    |icmp_ln105_21_fu_4503_p2        |      icmp|   0|  0|   17|          10|           1|
    |icmp_ln105_22_fu_4606_p2        |      icmp|   0|  0|   17|          10|           2|
    |icmp_ln105_23_fu_4612_p2        |      icmp|   0|  0|   17|          10|           1|
    |icmp_ln105_24_fu_4715_p2        |      icmp|   0|  0|   17|          10|           2|
    |icmp_ln105_25_fu_4721_p2        |      icmp|   0|  0|   17|          10|           1|
    |icmp_ln105_26_fu_4824_p2        |      icmp|   0|  0|   17|          10|           2|
    |icmp_ln105_27_fu_4830_p2        |      icmp|   0|  0|   17|          10|           1|
    |icmp_ln105_28_fu_4933_p2        |      icmp|   0|  0|   17|          10|           2|
    |icmp_ln105_29_fu_4939_p2        |      icmp|   0|  0|   17|          10|           1|
    |icmp_ln105_2_fu_3516_p2         |      icmp|   0|  0|   17|          10|           2|
    |icmp_ln105_30_fu_5042_p2        |      icmp|   0|  0|   17|          10|           2|
    |icmp_ln105_31_fu_5048_p2        |      icmp|   0|  0|   17|          10|           1|
    |icmp_ln105_32_fu_5151_p2        |      icmp|   0|  0|   17|          10|           2|
    |icmp_ln105_33_fu_5157_p2        |      icmp|   0|  0|   17|          10|           1|
    |icmp_ln105_34_fu_5260_p2        |      icmp|   0|  0|   17|          10|           2|
    |icmp_ln105_35_fu_5266_p2        |      icmp|   0|  0|   17|          10|           1|
    |icmp_ln105_36_fu_5369_p2        |      icmp|   0|  0|   17|          10|           2|
    |icmp_ln105_37_fu_5375_p2        |      icmp|   0|  0|   17|          10|           1|
    |icmp_ln105_38_fu_5478_p2        |      icmp|   0|  0|   17|          10|           2|
    |icmp_ln105_39_fu_5484_p2        |      icmp|   0|  0|   17|          10|           1|
    |icmp_ln105_3_fu_3522_p2         |      icmp|   0|  0|   17|          10|           1|
    |icmp_ln105_40_fu_5587_p2        |      icmp|   0|  0|   17|          10|           2|
    |icmp_ln105_41_fu_5593_p2        |      icmp|   0|  0|   17|          10|           1|
    |icmp_ln105_42_fu_5696_p2        |      icmp|   0|  0|   17|          10|           2|
    |icmp_ln105_43_fu_5702_p2        |      icmp|   0|  0|   17|          10|           1|
    |icmp_ln105_44_fu_5805_p2        |      icmp|   0|  0|   17|          10|           2|
    |icmp_ln105_45_fu_5811_p2        |      icmp|   0|  0|   17|          10|           1|
    |icmp_ln105_46_fu_5914_p2        |      icmp|   0|  0|   17|          10|           2|
    |icmp_ln105_47_fu_5920_p2        |      icmp|   0|  0|   17|          10|           1|
    |icmp_ln105_48_fu_6023_p2        |      icmp|   0|  0|   17|          10|           2|
    |icmp_ln105_49_fu_6029_p2        |      icmp|   0|  0|   17|          10|           1|
    |icmp_ln105_4_fu_3625_p2         |      icmp|   0|  0|   17|          10|           2|
    |icmp_ln105_50_fu_6132_p2        |      icmp|   0|  0|   17|          10|           2|
    |icmp_ln105_51_fu_6138_p2        |      icmp|   0|  0|   17|          10|           1|
    |icmp_ln105_52_fu_6241_p2        |      icmp|   0|  0|   17|          10|           2|
    |icmp_ln105_53_fu_6247_p2        |      icmp|   0|  0|   17|          10|           1|
    |icmp_ln105_54_fu_6350_p2        |      icmp|   0|  0|   17|          10|           2|
    |icmp_ln105_55_fu_6356_p2        |      icmp|   0|  0|   17|          10|           1|
    |icmp_ln105_56_fu_6459_p2        |      icmp|   0|  0|   17|          10|           2|
    |icmp_ln105_57_fu_6465_p2        |      icmp|   0|  0|   17|          10|           1|
    |icmp_ln105_58_fu_6568_p2        |      icmp|   0|  0|   17|          10|           2|
    |icmp_ln105_59_fu_6574_p2        |      icmp|   0|  0|   17|          10|           1|
    |icmp_ln105_5_fu_3631_p2         |      icmp|   0|  0|   17|          10|           1|
    |icmp_ln105_60_fu_6677_p2        |      icmp|   0|  0|   17|          10|           2|
    |icmp_ln105_61_fu_6683_p2        |      icmp|   0|  0|   17|          10|           1|
    |icmp_ln105_62_fu_6786_p2        |      icmp|   0|  0|   17|          10|           2|
    |icmp_ln105_63_fu_6792_p2        |      icmp|   0|  0|   17|          10|           1|
    |icmp_ln105_64_fu_6895_p2        |      icmp|   0|  0|   17|          10|           2|
    |icmp_ln105_65_fu_6901_p2        |      icmp|   0|  0|   17|          10|           1|
    |icmp_ln105_66_fu_7003_p2        |      icmp|   0|  0|   17|          10|           2|
    |icmp_ln105_67_fu_7009_p2        |      icmp|   0|  0|   17|          10|           1|
    |icmp_ln105_68_fu_7111_p2        |      icmp|   0|  0|   17|          10|           2|
    |icmp_ln105_69_fu_7117_p2        |      icmp|   0|  0|   17|          10|           1|
    |icmp_ln105_6_fu_3734_p2         |      icmp|   0|  0|   17|          10|           2|
    |icmp_ln105_70_fu_7219_p2        |      icmp|   0|  0|   17|          10|           2|
    |icmp_ln105_71_fu_7225_p2        |      icmp|   0|  0|   17|          10|           1|
    |icmp_ln105_72_fu_7327_p2        |      icmp|   0|  0|   17|          10|           2|
    |icmp_ln105_73_fu_7333_p2        |      icmp|   0|  0|   17|          10|           1|
    |icmp_ln105_74_fu_7435_p2        |      icmp|   0|  0|   17|          10|           2|
    |icmp_ln105_75_fu_7441_p2        |      icmp|   0|  0|   17|          10|           1|
    |icmp_ln105_76_fu_7543_p2        |      icmp|   0|  0|   17|          10|           2|
    |icmp_ln105_77_fu_7549_p2        |      icmp|   0|  0|   17|          10|           1|
    |icmp_ln105_78_fu_7651_p2        |      icmp|   0|  0|   17|          10|           2|
    |icmp_ln105_79_fu_7657_p2        |      icmp|   0|  0|   17|          10|           1|
    |icmp_ln105_7_fu_3740_p2         |      icmp|   0|  0|   17|          10|           1|
    |icmp_ln105_80_fu_7759_p2        |      icmp|   0|  0|   17|          10|           2|
    |icmp_ln105_81_fu_7765_p2        |      icmp|   0|  0|   17|          10|           1|
    |icmp_ln105_82_fu_7867_p2        |      icmp|   0|  0|   17|          10|           2|
    |icmp_ln105_83_fu_7873_p2        |      icmp|   0|  0|   17|          10|           1|
    |icmp_ln105_84_fu_7975_p2        |      icmp|   0|  0|   17|          10|           2|
    |icmp_ln105_85_fu_7981_p2        |      icmp|   0|  0|   17|          10|           1|
    |icmp_ln105_86_fu_8083_p2        |      icmp|   0|  0|   17|          10|           2|
    |icmp_ln105_87_fu_8089_p2        |      icmp|   0|  0|   17|          10|           1|
    |icmp_ln105_88_fu_8191_p2        |      icmp|   0|  0|   17|          10|           2|
    |icmp_ln105_89_fu_8197_p2        |      icmp|   0|  0|   17|          10|           1|
    |icmp_ln105_8_fu_3843_p2         |      icmp|   0|  0|   17|          10|           2|
    |icmp_ln105_90_fu_8299_p2        |      icmp|   0|  0|   17|          10|           2|
    |icmp_ln105_91_fu_8305_p2        |      icmp|   0|  0|   17|          10|           1|
    |icmp_ln105_92_fu_8407_p2        |      icmp|   0|  0|   17|          10|           2|
    |icmp_ln105_93_fu_8413_p2        |      icmp|   0|  0|   17|          10|           1|
    |icmp_ln105_94_fu_8515_p2        |      icmp|   0|  0|   17|          10|           2|
    |icmp_ln105_95_fu_8521_p2        |      icmp|   0|  0|   17|          10|           1|
    |icmp_ln105_96_fu_8623_p2        |      icmp|   0|  0|   17|          10|           2|
    |icmp_ln105_97_fu_8629_p2        |      icmp|   0|  0|   17|          10|           1|
    |icmp_ln105_98_fu_8731_p2        |      icmp|   0|  0|   17|          10|           2|
    |icmp_ln105_99_fu_8737_p2        |      icmp|   0|  0|   17|          10|           1|
    |icmp_ln105_9_fu_3849_p2         |      icmp|   0|  0|   17|          10|           1|
    |icmp_ln105_fu_3407_p2           |      icmp|   0|  0|   17|          10|           2|
    |icmp_ln96_fu_2499_p2            |      icmp|   0|  0|   39|          32|           3|
    |icmp_ln97_10_fu_3047_p2         |      icmp|   0|  0|   19|          12|           6|
    |icmp_ln97_11_fu_3067_p2         |      icmp|   0|  0|   19|          12|           6|
    |icmp_ln97_12_fu_3073_p2         |      icmp|   0|  0|   19|          12|           6|
    |icmp_ln97_13_fu_3099_p2         |      icmp|   0|  0|   61|          54|          54|
    |icmp_ln97_14_fu_3139_p2         |      icmp|   0|  0|   61|          54|           1|
    |icmp_ln97_15_fu_3151_p2         |      icmp|   0|  0|   19|          12|           6|
    |icmp_ln97_1_fu_2587_p2          |      icmp|   0|  0|   38|          31|           1|
    |icmp_ln97_2_fu_2637_p2          |      icmp|   0|  0|   13|           6|           1|
    |icmp_ln97_3_fu_2829_p2          |      icmp|   0|  0|   70|          63|           1|
    |icmp_ln97_4_fu_2845_p2          |      icmp|   0|  0|   19|          12|           5|
    |icmp_ln97_5_fu_2875_p2          |      icmp|   0|  0|   19|          12|           5|
    |icmp_ln97_6_fu_2885_p2          |      icmp|   0|  0|   18|          11|           6|
    |icmp_ln97_7_fu_2931_p2          |      icmp|   0|  0|   13|           6|           1|
    |icmp_ln97_8_fu_2997_p2          |      icmp|   0|  0|   19|          12|           4|
    |icmp_ln97_9_fu_3027_p2          |      icmp|   0|  0|   19|          12|           6|
    |icmp_ln97_fu_2555_p2            |      icmp|   0|  0|   12|           5|           1|
    |lshr_ln97_2_fu_3087_p2          |      lshr|   0|  0|  159|          54|          54|
    |lshr_ln97_3_fu_3093_p2          |      lshr|   0|  0|  159|           2|          54|
    |lshr_ln97_4_fu_2571_p2          |      lshr|   0|  0|   96|           2|          32|
    |lshr_ln97_fu_2657_p2            |      lshr|   0|  0|  179|          64|          64|
    |and_ln97_1_fu_3257_p2           |        or|   0|  0|    2|           1|           1|
    |or_ln105_100_fu_7039_p2         |        or|   0|  0|    2|           1|           1|
    |or_ln105_101_fu_7059_p2         |        or|   0|  0|    2|           1|           1|
    |or_ln105_102_fu_7123_p2         |        or|   0|  0|    2|           1|           1|
    |or_ln105_103_fu_7147_p2         |        or|   0|  0|    2|           1|           1|
    |or_ln105_104_fu_7167_p2         |        or|   0|  0|    2|           1|           1|
    |or_ln105_105_fu_7231_p2         |        or|   0|  0|    2|           1|           1|
    |or_ln105_106_fu_7255_p2         |        or|   0|  0|    2|           1|           1|
    |or_ln105_107_fu_7275_p2         |        or|   0|  0|    2|           1|           1|
    |or_ln105_108_fu_7339_p2         |        or|   0|  0|    2|           1|           1|
    |or_ln105_109_fu_7363_p2         |        or|   0|  0|    2|           1|           1|
    |or_ln105_10_fu_3770_p2          |        or|   0|  0|    2|           1|           1|
    |or_ln105_110_fu_7383_p2         |        or|   0|  0|    2|           1|           1|
    |or_ln105_111_fu_7447_p2         |        or|   0|  0|    2|           1|           1|
    |or_ln105_112_fu_7471_p2         |        or|   0|  0|    2|           1|           1|
    |or_ln105_113_fu_7491_p2         |        or|   0|  0|    2|           1|           1|
    |or_ln105_114_fu_7555_p2         |        or|   0|  0|    2|           1|           1|
    |or_ln105_115_fu_7579_p2         |        or|   0|  0|    2|           1|           1|
    |or_ln105_116_fu_7599_p2         |        or|   0|  0|    2|           1|           1|
    |or_ln105_117_fu_7663_p2         |        or|   0|  0|    2|           1|           1|
    |or_ln105_118_fu_7687_p2         |        or|   0|  0|    2|           1|           1|
    |or_ln105_119_fu_7707_p2         |        or|   0|  0|    2|           1|           1|
    |or_ln105_11_fu_3790_p2          |        or|   0|  0|    2|           1|           1|
    |or_ln105_120_fu_7771_p2         |        or|   0|  0|    2|           1|           1|
    |or_ln105_121_fu_7795_p2         |        or|   0|  0|    2|           1|           1|
    |or_ln105_122_fu_7815_p2         |        or|   0|  0|    2|           1|           1|
    |or_ln105_123_fu_7879_p2         |        or|   0|  0|    2|           1|           1|
    |or_ln105_124_fu_7903_p2         |        or|   0|  0|    2|           1|           1|
    |or_ln105_125_fu_7923_p2         |        or|   0|  0|    2|           1|           1|
    |or_ln105_126_fu_7987_p2         |        or|   0|  0|    2|           1|           1|
    |or_ln105_127_fu_8011_p2         |        or|   0|  0|    2|           1|           1|
    |or_ln105_128_fu_8031_p2         |        or|   0|  0|    2|           1|           1|
    |or_ln105_129_fu_8095_p2         |        or|   0|  0|    2|           1|           1|
    |or_ln105_12_fu_3855_p2          |        or|   0|  0|    2|           1|           1|
    |or_ln105_130_fu_8119_p2         |        or|   0|  0|    2|           1|           1|
    |or_ln105_131_fu_8139_p2         |        or|   0|  0|    2|           1|           1|
    |or_ln105_132_fu_8203_p2         |        or|   0|  0|    2|           1|           1|
    |or_ln105_133_fu_8227_p2         |        or|   0|  0|    2|           1|           1|
    |or_ln105_134_fu_8247_p2         |        or|   0|  0|    2|           1|           1|
    |or_ln105_135_fu_8311_p2         |        or|   0|  0|    2|           1|           1|
    |or_ln105_136_fu_8335_p2         |        or|   0|  0|    2|           1|           1|
    |or_ln105_137_fu_8355_p2         |        or|   0|  0|    2|           1|           1|
    |or_ln105_138_fu_8419_p2         |        or|   0|  0|    2|           1|           1|
    |or_ln105_139_fu_8443_p2         |        or|   0|  0|    2|           1|           1|
    |or_ln105_13_fu_3879_p2          |        or|   0|  0|    2|           1|           1|
    |or_ln105_140_fu_8463_p2         |        or|   0|  0|    2|           1|           1|
    |or_ln105_141_fu_8527_p2         |        or|   0|  0|    2|           1|           1|
    |or_ln105_142_fu_8551_p2         |        or|   0|  0|    2|           1|           1|
    |or_ln105_143_fu_8571_p2         |        or|   0|  0|    2|           1|           1|
    |or_ln105_144_fu_8635_p2         |        or|   0|  0|    2|           1|           1|
    |or_ln105_145_fu_8659_p2         |        or|   0|  0|    2|           1|           1|
    |or_ln105_146_fu_8679_p2         |        or|   0|  0|    2|           1|           1|
    |or_ln105_147_fu_8743_p2         |        or|   0|  0|    2|           1|           1|
    |or_ln105_148_fu_8767_p2         |        or|   0|  0|    2|           1|           1|
    |or_ln105_149_fu_8787_p2         |        or|   0|  0|    2|           1|           1|
    |or_ln105_14_fu_3899_p2          |        or|   0|  0|    2|           1|           1|
    |or_ln105_150_fu_8851_p2         |        or|   0|  0|    2|           1|           1|
    |or_ln105_151_fu_8875_p2         |        or|   0|  0|    2|           1|           1|
    |or_ln105_152_fu_8895_p2         |        or|   0|  0|    2|           1|           1|
    |or_ln105_153_fu_8959_p2         |        or|   0|  0|    2|           1|           1|
    |or_ln105_154_fu_8983_p2         |        or|   0|  0|    2|           1|           1|
    |or_ln105_155_fu_9003_p2         |        or|   0|  0|    2|           1|           1|
    |or_ln105_156_fu_9067_p2         |        or|   0|  0|    2|           1|           1|
    |or_ln105_157_fu_9091_p2         |        or|   0|  0|    2|           1|           1|
    |or_ln105_158_fu_9111_p2         |        or|   0|  0|    2|           1|           1|
    |or_ln105_159_fu_9175_p2         |        or|   0|  0|    2|           1|           1|
    |or_ln105_15_fu_3964_p2          |        or|   0|  0|    2|           1|           1|
    |or_ln105_160_fu_9199_p2         |        or|   0|  0|    2|           1|           1|
    |or_ln105_161_fu_9219_p2         |        or|   0|  0|    2|           1|           1|
    |or_ln105_162_fu_9283_p2         |        or|   0|  0|    2|           1|           1|
    |or_ln105_163_fu_9307_p2         |        or|   0|  0|    2|           1|           1|
    |or_ln105_164_fu_9327_p2         |        or|   0|  0|    2|           1|           1|
    |or_ln105_165_fu_9391_p2         |        or|   0|  0|    2|           1|           1|
    |or_ln105_166_fu_9415_p2         |        or|   0|  0|    2|           1|           1|
    |or_ln105_167_fu_9435_p2         |        or|   0|  0|    2|           1|           1|
    |or_ln105_168_fu_9499_p2         |        or|   0|  0|    2|           1|           1|
    |or_ln105_169_fu_9523_p2         |        or|   0|  0|    2|           1|           1|
    |or_ln105_16_fu_3988_p2          |        or|   0|  0|    2|           1|           1|
    |or_ln105_170_fu_9543_p2         |        or|   0|  0|    2|           1|           1|
    |or_ln105_171_fu_9607_p2         |        or|   0|  0|    2|           1|           1|
    |or_ln105_172_fu_9631_p2         |        or|   0|  0|    2|           1|           1|
    |or_ln105_173_fu_9651_p2         |        or|   0|  0|    2|           1|           1|
    |or_ln105_174_fu_9715_p2         |        or|   0|  0|    2|           1|           1|
    |or_ln105_175_fu_9739_p2         |        or|   0|  0|    2|           1|           1|
    |or_ln105_176_fu_9759_p2         |        or|   0|  0|    2|           1|           1|
    |or_ln105_177_fu_9823_p2         |        or|   0|  0|    2|           1|           1|
    |or_ln105_178_fu_9847_p2         |        or|   0|  0|    2|           1|           1|
    |or_ln105_179_fu_9867_p2         |        or|   0|  0|    2|           1|           1|
    |or_ln105_17_fu_4008_p2          |        or|   0|  0|    2|           1|           1|
    |or_ln105_180_fu_9931_p2         |        or|   0|  0|    2|           1|           1|
    |or_ln105_181_fu_9955_p2         |        or|   0|  0|    2|           1|           1|
    |or_ln105_182_fu_9975_p2         |        or|   0|  0|    2|           1|           1|
    |or_ln105_183_fu_10039_p2        |        or|   0|  0|    2|           1|           1|
    |or_ln105_184_fu_10063_p2        |        or|   0|  0|    2|           1|           1|
    |or_ln105_185_fu_10083_p2        |        or|   0|  0|    2|           1|           1|
    |or_ln105_186_fu_10147_p2        |        or|   0|  0|    2|           1|           1|
    |or_ln105_187_fu_10171_p2        |        or|   0|  0|    2|           1|           1|
    |or_ln105_188_fu_10191_p2        |        or|   0|  0|    2|           1|           1|
    |or_ln105_189_fu_10255_p2        |        or|   0|  0|    2|           1|           1|
    |or_ln105_18_fu_4073_p2          |        or|   0|  0|    2|           1|           1|
    |or_ln105_190_fu_10279_p2        |        or|   0|  0|    2|           1|           1|
    |or_ln105_191_fu_10299_p2        |        or|   0|  0|    2|           1|           1|
    |or_ln105_19_fu_4097_p2          |        or|   0|  0|    2|           1|           1|
    |or_ln105_1_fu_3443_p2           |        or|   0|  0|    2|           1|           1|
    |or_ln105_20_fu_4117_p2          |        or|   0|  0|    2|           1|           1|
    |or_ln105_21_fu_4182_p2          |        or|   0|  0|    2|           1|           1|
    |or_ln105_22_fu_4206_p2          |        or|   0|  0|    2|           1|           1|
    |or_ln105_23_fu_4226_p2          |        or|   0|  0|    2|           1|           1|
    |or_ln105_24_fu_4291_p2          |        or|   0|  0|    2|           1|           1|
    |or_ln105_25_fu_4315_p2          |        or|   0|  0|    2|           1|           1|
    |or_ln105_26_fu_4335_p2          |        or|   0|  0|    2|           1|           1|
    |or_ln105_27_fu_4400_p2          |        or|   0|  0|    2|           1|           1|
    |or_ln105_28_fu_4424_p2          |        or|   0|  0|    2|           1|           1|
    |or_ln105_29_fu_4444_p2          |        or|   0|  0|    2|           1|           1|
    |or_ln105_2_fu_3463_p2           |        or|   0|  0|    2|           1|           1|
    |or_ln105_30_fu_4509_p2          |        or|   0|  0|    2|           1|           1|
    |or_ln105_31_fu_4533_p2          |        or|   0|  0|    2|           1|           1|
    |or_ln105_32_fu_4553_p2          |        or|   0|  0|    2|           1|           1|
    |or_ln105_33_fu_4618_p2          |        or|   0|  0|    2|           1|           1|
    |or_ln105_34_fu_4642_p2          |        or|   0|  0|    2|           1|           1|
    |or_ln105_35_fu_4662_p2          |        or|   0|  0|    2|           1|           1|
    |or_ln105_36_fu_4727_p2          |        or|   0|  0|    2|           1|           1|
    |or_ln105_37_fu_4751_p2          |        or|   0|  0|    2|           1|           1|
    |or_ln105_38_fu_4771_p2          |        or|   0|  0|    2|           1|           1|
    |or_ln105_39_fu_4836_p2          |        or|   0|  0|    2|           1|           1|
    |or_ln105_3_fu_3528_p2           |        or|   0|  0|    2|           1|           1|
    |or_ln105_40_fu_4860_p2          |        or|   0|  0|    2|           1|           1|
    |or_ln105_41_fu_4880_p2          |        or|   0|  0|    2|           1|           1|
    |or_ln105_42_fu_4945_p2          |        or|   0|  0|    2|           1|           1|
    |or_ln105_43_fu_4969_p2          |        or|   0|  0|    2|           1|           1|
    |or_ln105_44_fu_4989_p2          |        or|   0|  0|    2|           1|           1|
    |or_ln105_45_fu_5054_p2          |        or|   0|  0|    2|           1|           1|
    |or_ln105_46_fu_5078_p2          |        or|   0|  0|    2|           1|           1|
    |or_ln105_47_fu_5098_p2          |        or|   0|  0|    2|           1|           1|
    |or_ln105_48_fu_5163_p2          |        or|   0|  0|    2|           1|           1|
    |or_ln105_49_fu_5187_p2          |        or|   0|  0|    2|           1|           1|
    |or_ln105_4_fu_3552_p2           |        or|   0|  0|    2|           1|           1|
    |or_ln105_50_fu_5207_p2          |        or|   0|  0|    2|           1|           1|
    |or_ln105_51_fu_5272_p2          |        or|   0|  0|    2|           1|           1|
    |or_ln105_52_fu_5296_p2          |        or|   0|  0|    2|           1|           1|
    |or_ln105_53_fu_5316_p2          |        or|   0|  0|    2|           1|           1|
    |or_ln105_54_fu_5381_p2          |        or|   0|  0|    2|           1|           1|
    |or_ln105_55_fu_5405_p2          |        or|   0|  0|    2|           1|           1|
    |or_ln105_56_fu_5425_p2          |        or|   0|  0|    2|           1|           1|
    |or_ln105_57_fu_5490_p2          |        or|   0|  0|    2|           1|           1|
    |or_ln105_58_fu_5514_p2          |        or|   0|  0|    2|           1|           1|
    |or_ln105_59_fu_5534_p2          |        or|   0|  0|    2|           1|           1|
    |or_ln105_5_fu_3572_p2           |        or|   0|  0|    2|           1|           1|
    |or_ln105_60_fu_5599_p2          |        or|   0|  0|    2|           1|           1|
    |or_ln105_61_fu_5623_p2          |        or|   0|  0|    2|           1|           1|
    |or_ln105_62_fu_5643_p2          |        or|   0|  0|    2|           1|           1|
    |or_ln105_63_fu_5708_p2          |        or|   0|  0|    2|           1|           1|
    |or_ln105_64_fu_5732_p2          |        or|   0|  0|    2|           1|           1|
    |or_ln105_65_fu_5752_p2          |        or|   0|  0|    2|           1|           1|
    |or_ln105_66_fu_5817_p2          |        or|   0|  0|    2|           1|           1|
    |or_ln105_67_fu_5841_p2          |        or|   0|  0|    2|           1|           1|
    |or_ln105_68_fu_5861_p2          |        or|   0|  0|    2|           1|           1|
    |or_ln105_69_fu_5926_p2          |        or|   0|  0|    2|           1|           1|
    |or_ln105_6_fu_3637_p2           |        or|   0|  0|    2|           1|           1|
    |or_ln105_70_fu_5950_p2          |        or|   0|  0|    2|           1|           1|
    |or_ln105_71_fu_5970_p2          |        or|   0|  0|    2|           1|           1|
    |or_ln105_72_fu_6035_p2          |        or|   0|  0|    2|           1|           1|
    |or_ln105_73_fu_6059_p2          |        or|   0|  0|    2|           1|           1|
    |or_ln105_74_fu_6079_p2          |        or|   0|  0|    2|           1|           1|
    |or_ln105_75_fu_6144_p2          |        or|   0|  0|    2|           1|           1|
    |or_ln105_76_fu_6168_p2          |        or|   0|  0|    2|           1|           1|
    |or_ln105_77_fu_6188_p2          |        or|   0|  0|    2|           1|           1|
    |or_ln105_78_fu_6253_p2          |        or|   0|  0|    2|           1|           1|
    |or_ln105_79_fu_6277_p2          |        or|   0|  0|    2|           1|           1|
    |or_ln105_7_fu_3661_p2           |        or|   0|  0|    2|           1|           1|
    |or_ln105_80_fu_6297_p2          |        or|   0|  0|    2|           1|           1|
    |or_ln105_81_fu_6362_p2          |        or|   0|  0|    2|           1|           1|
    |or_ln105_82_fu_6386_p2          |        or|   0|  0|    2|           1|           1|
    |or_ln105_83_fu_6406_p2          |        or|   0|  0|    2|           1|           1|
    |or_ln105_84_fu_6471_p2          |        or|   0|  0|    2|           1|           1|
    |or_ln105_85_fu_6495_p2          |        or|   0|  0|    2|           1|           1|
    |or_ln105_86_fu_6515_p2          |        or|   0|  0|    2|           1|           1|
    |or_ln105_87_fu_6580_p2          |        or|   0|  0|    2|           1|           1|
    |or_ln105_88_fu_6604_p2          |        or|   0|  0|    2|           1|           1|
    |or_ln105_89_fu_6624_p2          |        or|   0|  0|    2|           1|           1|
    |or_ln105_8_fu_3681_p2           |        or|   0|  0|    2|           1|           1|
    |or_ln105_90_fu_6689_p2          |        or|   0|  0|    2|           1|           1|
    |or_ln105_91_fu_6713_p2          |        or|   0|  0|    2|           1|           1|
    |or_ln105_92_fu_6733_p2          |        or|   0|  0|    2|           1|           1|
    |or_ln105_93_fu_6798_p2          |        or|   0|  0|    2|           1|           1|
    |or_ln105_94_fu_6822_p2          |        or|   0|  0|    2|           1|           1|
    |or_ln105_95_fu_6842_p2          |        or|   0|  0|    2|           1|           1|
    |or_ln105_96_fu_6907_p2          |        or|   0|  0|    2|           1|           1|
    |or_ln105_97_fu_6931_p2          |        or|   0|  0|    2|           1|           1|
    |or_ln105_98_fu_6951_p2          |        or|   0|  0|    2|           1|           1|
    |or_ln105_99_fu_7015_p2          |        or|   0|  0|    2|           1|           1|
    |or_ln105_9_fu_3746_p2           |        or|   0|  0|    2|           1|           1|
    |or_ln105_fu_3419_p2             |        or|   0|  0|    2|           1|           1|
    |or_ln97_1_fu_2627_p2            |        or|   0|  0|    2|           1|           1|
    |or_ln97_2_fu_3286_p2            |        or|   0|  0|    2|           1|           1|
    |or_ln97_fu_3266_p2              |        or|   0|  0|    2|           1|           1|
    |Range2_all_ones_1_i_fu_3119_p3  |    select|   0|  0|    2|           1|           1|
    |cond45_i_i_fu_2683_p3           |    select|   0|  0|   64|           1|          64|
    |deleted_ones_0_i_fu_3219_p6     |    select|   0|  0|    2|           1|           1|
    |deleted_zeros_0_i_fu_3199_p6    |    select|   0|  0|    2|           1|           1|
    |select_ln105_100_fu_8887_p3     |    select|   0|  0|   32|           1|          31|
    |select_ln105_101_fu_8901_p3     |    select|   0|  0|   32|           1|          32|
    |select_ln105_102_fu_8995_p3     |    select|   0|  0|   32|           1|          31|
    |select_ln105_103_fu_9009_p3     |    select|   0|  0|   32|           1|          32|
    |select_ln105_104_fu_9103_p3     |    select|   0|  0|   32|           1|          31|
    |select_ln105_105_fu_9117_p3     |    select|   0|  0|   32|           1|          32|
    |select_ln105_106_fu_9211_p3     |    select|   0|  0|   32|           1|          31|
    |select_ln105_107_fu_9225_p3     |    select|   0|  0|   32|           1|          32|
    |select_ln105_108_fu_9319_p3     |    select|   0|  0|   32|           1|          31|
    |select_ln105_109_fu_9333_p3     |    select|   0|  0|   32|           1|          32|
    |select_ln105_10_fu_4000_p3      |    select|   0|  0|   32|           1|          31|
    |select_ln105_110_fu_9427_p3     |    select|   0|  0|   32|           1|          31|
    |select_ln105_111_fu_9441_p3     |    select|   0|  0|   32|           1|          32|
    |select_ln105_112_fu_9535_p3     |    select|   0|  0|   32|           1|          31|
    |select_ln105_113_fu_9549_p3     |    select|   0|  0|   32|           1|          32|
    |select_ln105_114_fu_9643_p3     |    select|   0|  0|   32|           1|          31|
    |select_ln105_115_fu_9657_p3     |    select|   0|  0|   32|           1|          32|
    |select_ln105_116_fu_9751_p3     |    select|   0|  0|   32|           1|          31|
    |select_ln105_117_fu_9765_p3     |    select|   0|  0|   32|           1|          32|
    |select_ln105_118_fu_9859_p3     |    select|   0|  0|   32|           1|          31|
    |select_ln105_119_fu_9873_p3     |    select|   0|  0|   32|           1|          32|
    |select_ln105_11_fu_4014_p3      |    select|   0|  0|   32|           1|          32|
    |select_ln105_120_fu_9967_p3     |    select|   0|  0|   32|           1|          31|
    |select_ln105_121_fu_9981_p3     |    select|   0|  0|   32|           1|          32|
    |select_ln105_122_fu_10075_p3    |    select|   0|  0|   32|           1|          31|
    |select_ln105_123_fu_10089_p3    |    select|   0|  0|   32|           1|          32|
    |select_ln105_124_fu_10183_p3    |    select|   0|  0|   32|           1|          31|
    |select_ln105_125_fu_10197_p3    |    select|   0|  0|   32|           1|          32|
    |select_ln105_126_fu_10291_p3    |    select|   0|  0|   32|           1|          31|
    |select_ln105_127_fu_10305_p3    |    select|   0|  0|   32|           1|          32|
    |select_ln105_12_fu_4109_p3      |    select|   0|  0|   32|           1|          31|
    |select_ln105_13_fu_4123_p3      |    select|   0|  0|   32|           1|          32|
    |select_ln105_14_fu_4218_p3      |    select|   0|  0|   32|           1|          31|
    |select_ln105_15_fu_4232_p3      |    select|   0|  0|   32|           1|          32|
    |select_ln105_16_fu_4327_p3      |    select|   0|  0|   32|           1|          31|
    |select_ln105_17_fu_4341_p3      |    select|   0|  0|   32|           1|          32|
    |select_ln105_18_fu_4436_p3      |    select|   0|  0|   32|           1|          31|
    |select_ln105_19_fu_4450_p3      |    select|   0|  0|   32|           1|          32|
    |select_ln105_1_fu_3469_p3       |    select|   0|  0|   32|           1|          32|
    |select_ln105_20_fu_4545_p3      |    select|   0|  0|   32|           1|          31|
    |select_ln105_21_fu_4559_p3      |    select|   0|  0|   32|           1|          32|
    |select_ln105_22_fu_4654_p3      |    select|   0|  0|   32|           1|          31|
    |select_ln105_23_fu_4668_p3      |    select|   0|  0|   32|           1|          32|
    |select_ln105_24_fu_4763_p3      |    select|   0|  0|   32|           1|          31|
    |select_ln105_25_fu_4777_p3      |    select|   0|  0|   32|           1|          32|
    |select_ln105_26_fu_4872_p3      |    select|   0|  0|   32|           1|          31|
    |select_ln105_27_fu_4886_p3      |    select|   0|  0|   32|           1|          32|
    |select_ln105_28_fu_4981_p3      |    select|   0|  0|   32|           1|          31|
    |select_ln105_29_fu_4995_p3      |    select|   0|  0|   32|           1|          32|
    |select_ln105_2_fu_3564_p3       |    select|   0|  0|   32|           1|          31|
    |select_ln105_30_fu_5090_p3      |    select|   0|  0|   32|           1|          31|
    |select_ln105_31_fu_5104_p3      |    select|   0|  0|   32|           1|          32|
    |select_ln105_32_fu_5199_p3      |    select|   0|  0|   32|           1|          31|
    |select_ln105_33_fu_5213_p3      |    select|   0|  0|   32|           1|          32|
    |select_ln105_34_fu_5308_p3      |    select|   0|  0|   32|           1|          31|
    |select_ln105_35_fu_5322_p3      |    select|   0|  0|   32|           1|          32|
    |select_ln105_36_fu_5417_p3      |    select|   0|  0|   32|           1|          31|
    |select_ln105_37_fu_5431_p3      |    select|   0|  0|   32|           1|          32|
    |select_ln105_38_fu_5526_p3      |    select|   0|  0|   32|           1|          31|
    |select_ln105_39_fu_5540_p3      |    select|   0|  0|   32|           1|          32|
    |select_ln105_3_fu_3578_p3       |    select|   0|  0|   32|           1|          32|
    |select_ln105_40_fu_5635_p3      |    select|   0|  0|   32|           1|          31|
    |select_ln105_41_fu_5649_p3      |    select|   0|  0|   32|           1|          32|
    |select_ln105_42_fu_5744_p3      |    select|   0|  0|   32|           1|          31|
    |select_ln105_43_fu_5758_p3      |    select|   0|  0|   32|           1|          32|
    |select_ln105_44_fu_5853_p3      |    select|   0|  0|   32|           1|          31|
    |select_ln105_45_fu_5867_p3      |    select|   0|  0|   32|           1|          32|
    |select_ln105_46_fu_5962_p3      |    select|   0|  0|   32|           1|          31|
    |select_ln105_47_fu_5976_p3      |    select|   0|  0|   32|           1|          32|
    |select_ln105_48_fu_6071_p3      |    select|   0|  0|   32|           1|          31|
    |select_ln105_49_fu_6085_p3      |    select|   0|  0|   32|           1|          32|
    |select_ln105_4_fu_3673_p3       |    select|   0|  0|   32|           1|          31|
    |select_ln105_50_fu_6180_p3      |    select|   0|  0|   32|           1|          31|
    |select_ln105_51_fu_6194_p3      |    select|   0|  0|   32|           1|          32|
    |select_ln105_52_fu_6289_p3      |    select|   0|  0|   32|           1|          31|
    |select_ln105_53_fu_6303_p3      |    select|   0|  0|   32|           1|          32|
    |select_ln105_54_fu_6398_p3      |    select|   0|  0|   32|           1|          31|
    |select_ln105_55_fu_6412_p3      |    select|   0|  0|   32|           1|          32|
    |select_ln105_56_fu_6507_p3      |    select|   0|  0|   32|           1|          31|
    |select_ln105_57_fu_6521_p3      |    select|   0|  0|   32|           1|          32|
    |select_ln105_58_fu_6616_p3      |    select|   0|  0|   32|           1|          31|
    |select_ln105_59_fu_6630_p3      |    select|   0|  0|   32|           1|          32|
    |select_ln105_5_fu_3687_p3       |    select|   0|  0|   32|           1|          32|
    |select_ln105_60_fu_6725_p3      |    select|   0|  0|   32|           1|          31|
    |select_ln105_61_fu_6739_p3      |    select|   0|  0|   32|           1|          32|
    |select_ln105_62_fu_6834_p3      |    select|   0|  0|   32|           1|          31|
    |select_ln105_63_fu_6848_p3      |    select|   0|  0|   32|           1|          32|
    |select_ln105_64_fu_6943_p3      |    select|   0|  0|   32|           1|          31|
    |select_ln105_65_fu_6957_p3      |    select|   0|  0|   32|           1|          32|
    |select_ln105_66_fu_7051_p3      |    select|   0|  0|   32|           1|          31|
    |select_ln105_67_fu_7065_p3      |    select|   0|  0|   32|           1|          32|
    |select_ln105_68_fu_7159_p3      |    select|   0|  0|   32|           1|          31|
    |select_ln105_69_fu_7173_p3      |    select|   0|  0|   32|           1|          32|
    |select_ln105_6_fu_3782_p3       |    select|   0|  0|   32|           1|          31|
    |select_ln105_70_fu_7267_p3      |    select|   0|  0|   32|           1|          31|
    |select_ln105_71_fu_7281_p3      |    select|   0|  0|   32|           1|          32|
    |select_ln105_72_fu_7375_p3      |    select|   0|  0|   32|           1|          31|
    |select_ln105_73_fu_7389_p3      |    select|   0|  0|   32|           1|          32|
    |select_ln105_74_fu_7483_p3      |    select|   0|  0|   32|           1|          31|
    |select_ln105_75_fu_7497_p3      |    select|   0|  0|   32|           1|          32|
    |select_ln105_76_fu_7591_p3      |    select|   0|  0|   32|           1|          31|
    |select_ln105_77_fu_7605_p3      |    select|   0|  0|   32|           1|          32|
    |select_ln105_78_fu_7699_p3      |    select|   0|  0|   32|           1|          31|
    |select_ln105_79_fu_7713_p3      |    select|   0|  0|   32|           1|          32|
    |select_ln105_7_fu_3796_p3       |    select|   0|  0|   32|           1|          32|
    |select_ln105_80_fu_7807_p3      |    select|   0|  0|   32|           1|          31|
    |select_ln105_81_fu_7821_p3      |    select|   0|  0|   32|           1|          32|
    |select_ln105_82_fu_7915_p3      |    select|   0|  0|   32|           1|          31|
    |select_ln105_83_fu_7929_p3      |    select|   0|  0|   32|           1|          32|
    |select_ln105_84_fu_8023_p3      |    select|   0|  0|   32|           1|          31|
    |select_ln105_85_fu_8037_p3      |    select|   0|  0|   32|           1|          32|
    |select_ln105_86_fu_8131_p3      |    select|   0|  0|   32|           1|          31|
    |select_ln105_87_fu_8145_p3      |    select|   0|  0|   32|           1|          32|
    |select_ln105_88_fu_8239_p3      |    select|   0|  0|   32|           1|          31|
    |select_ln105_89_fu_8253_p3      |    select|   0|  0|   32|           1|          32|
    |select_ln105_8_fu_3891_p3       |    select|   0|  0|   32|           1|          31|
    |select_ln105_90_fu_8347_p3      |    select|   0|  0|   32|           1|          31|
    |select_ln105_91_fu_8361_p3      |    select|   0|  0|   32|           1|          32|
    |select_ln105_92_fu_8455_p3      |    select|   0|  0|   32|           1|          31|
    |select_ln105_93_fu_8469_p3      |    select|   0|  0|   32|           1|          32|
    |select_ln105_94_fu_8563_p3      |    select|   0|  0|   32|           1|          31|
    |select_ln105_95_fu_8577_p3      |    select|   0|  0|   32|           1|          32|
    |select_ln105_96_fu_8671_p3      |    select|   0|  0|   32|           1|          31|
    |select_ln105_97_fu_8685_p3      |    select|   0|  0|   32|           1|          32|
    |select_ln105_98_fu_8779_p3      |    select|   0|  0|   32|           1|          31|
    |select_ln105_99_fu_8793_p3      |    select|   0|  0|   32|           1|          32|
    |select_ln105_9_fu_3905_p3       |    select|   0|  0|   32|           1|          32|
    |select_ln105_fu_3455_p3         |    select|   0|  0|   32|           1|          31|
    |select_ln97_1_fu_2821_p3        |    select|   0|  0|   52|           1|          54|
    |select_ln97_2_fu_2863_p3        |    select|   0|  0|   10|           1|          11|
    |select_ln97_6_fu_3292_p3        |    select|   0|  0|   32|           1|          31|
    |select_ln97_8_fu_2891_p3        |    select|   0|  0|    2|           1|           2|
    |select_ln97_fu_2723_p3          |    select|   0|  0|    7|           1|           7|
    |tmp_s_fu_2971_p4                |    select|   0|  0|   32|           1|          32|
    |tmp_s_fu_2971_p6                |    select|   0|  0|   32|           1|          32|
    |shl_ln97_1_fu_2937_p2           |       shl|   0|  0|   96|          32|          32|
    |shl_ln97_fu_2677_p2             |       shl|   0|  0|  179|          64|          64|
    |xor_ln105_100_fu_8857_p2        |       xor|   0|  0|    2|           1|           2|
    |xor_ln105_101_fu_8869_p2        |       xor|   0|  0|    2|           1|           2|
    |xor_ln105_102_fu_8965_p2        |       xor|   0|  0|    2|           1|           2|
    |xor_ln105_103_fu_8977_p2        |       xor|   0|  0|    2|           1|           2|
    |xor_ln105_104_fu_9073_p2        |       xor|   0|  0|    2|           1|           2|
    |xor_ln105_105_fu_9085_p2        |       xor|   0|  0|    2|           1|           2|
    |xor_ln105_106_fu_9181_p2        |       xor|   0|  0|    2|           1|           2|
    |xor_ln105_107_fu_9193_p2        |       xor|   0|  0|    2|           1|           2|
    |xor_ln105_108_fu_9289_p2        |       xor|   0|  0|    2|           1|           2|
    |xor_ln105_109_fu_9301_p2        |       xor|   0|  0|    2|           1|           2|
    |xor_ln105_10_fu_3970_p2         |       xor|   0|  0|    2|           1|           2|
    |xor_ln105_110_fu_9397_p2        |       xor|   0|  0|    2|           1|           2|
    |xor_ln105_111_fu_9409_p2        |       xor|   0|  0|    2|           1|           2|
    |xor_ln105_112_fu_9505_p2        |       xor|   0|  0|    2|           1|           2|
    |xor_ln105_113_fu_9517_p2        |       xor|   0|  0|    2|           1|           2|
    |xor_ln105_114_fu_9613_p2        |       xor|   0|  0|    2|           1|           2|
    |xor_ln105_115_fu_9625_p2        |       xor|   0|  0|    2|           1|           2|
    |xor_ln105_116_fu_9721_p2        |       xor|   0|  0|    2|           1|           2|
    |xor_ln105_117_fu_9733_p2        |       xor|   0|  0|    2|           1|           2|
    |xor_ln105_118_fu_9829_p2        |       xor|   0|  0|    2|           1|           2|
    |xor_ln105_119_fu_9841_p2        |       xor|   0|  0|    2|           1|           2|
    |xor_ln105_11_fu_3982_p2         |       xor|   0|  0|    2|           1|           2|
    |xor_ln105_120_fu_9937_p2        |       xor|   0|  0|    2|           1|           2|
    |xor_ln105_121_fu_9949_p2        |       xor|   0|  0|    2|           1|           2|
    |xor_ln105_122_fu_10045_p2       |       xor|   0|  0|    2|           1|           2|
    |xor_ln105_123_fu_10057_p2       |       xor|   0|  0|    2|           1|           2|
    |xor_ln105_124_fu_10153_p2       |       xor|   0|  0|    2|           1|           2|
    |xor_ln105_125_fu_10165_p2       |       xor|   0|  0|    2|           1|           2|
    |xor_ln105_126_fu_10261_p2       |       xor|   0|  0|    2|           1|           2|
    |xor_ln105_127_fu_10273_p2       |       xor|   0|  0|    2|           1|           2|
    |xor_ln105_12_fu_4079_p2         |       xor|   0|  0|    2|           1|           2|
    |xor_ln105_13_fu_4091_p2         |       xor|   0|  0|    2|           1|           2|
    |xor_ln105_14_fu_4188_p2         |       xor|   0|  0|    2|           1|           2|
    |xor_ln105_15_fu_4200_p2         |       xor|   0|  0|    2|           1|           2|
    |xor_ln105_16_fu_4297_p2         |       xor|   0|  0|    2|           1|           2|
    |xor_ln105_17_fu_4309_p2         |       xor|   0|  0|    2|           1|           2|
    |xor_ln105_18_fu_4406_p2         |       xor|   0|  0|    2|           1|           2|
    |xor_ln105_19_fu_4418_p2         |       xor|   0|  0|    2|           1|           2|
    |xor_ln105_1_fu_3437_p2          |       xor|   0|  0|    2|           1|           2|
    |xor_ln105_20_fu_4515_p2         |       xor|   0|  0|    2|           1|           2|
    |xor_ln105_21_fu_4527_p2         |       xor|   0|  0|    2|           1|           2|
    |xor_ln105_22_fu_4624_p2         |       xor|   0|  0|    2|           1|           2|
    |xor_ln105_23_fu_4636_p2         |       xor|   0|  0|    2|           1|           2|
    |xor_ln105_24_fu_4733_p2         |       xor|   0|  0|    2|           1|           2|
    |xor_ln105_25_fu_4745_p2         |       xor|   0|  0|    2|           1|           2|
    |xor_ln105_26_fu_4842_p2         |       xor|   0|  0|    2|           1|           2|
    |xor_ln105_27_fu_4854_p2         |       xor|   0|  0|    2|           1|           2|
    |xor_ln105_28_fu_4951_p2         |       xor|   0|  0|    2|           1|           2|
    |xor_ln105_29_fu_4963_p2         |       xor|   0|  0|    2|           1|           2|
    |xor_ln105_2_fu_3534_p2          |       xor|   0|  0|    2|           1|           2|
    |xor_ln105_30_fu_5060_p2         |       xor|   0|  0|    2|           1|           2|
    |xor_ln105_31_fu_5072_p2         |       xor|   0|  0|    2|           1|           2|
    |xor_ln105_32_fu_5169_p2         |       xor|   0|  0|    2|           1|           2|
    |xor_ln105_33_fu_5181_p2         |       xor|   0|  0|    2|           1|           2|
    |xor_ln105_34_fu_5278_p2         |       xor|   0|  0|    2|           1|           2|
    |xor_ln105_35_fu_5290_p2         |       xor|   0|  0|    2|           1|           2|
    |xor_ln105_36_fu_5387_p2         |       xor|   0|  0|    2|           1|           2|
    |xor_ln105_37_fu_5399_p2         |       xor|   0|  0|    2|           1|           2|
    |xor_ln105_38_fu_5496_p2         |       xor|   0|  0|    2|           1|           2|
    |xor_ln105_39_fu_5508_p2         |       xor|   0|  0|    2|           1|           2|
    |xor_ln105_3_fu_3546_p2          |       xor|   0|  0|    2|           1|           2|
    |xor_ln105_40_fu_5605_p2         |       xor|   0|  0|    2|           1|           2|
    |xor_ln105_41_fu_5617_p2         |       xor|   0|  0|    2|           1|           2|
    |xor_ln105_42_fu_5714_p2         |       xor|   0|  0|    2|           1|           2|
    |xor_ln105_43_fu_5726_p2         |       xor|   0|  0|    2|           1|           2|
    |xor_ln105_44_fu_5823_p2         |       xor|   0|  0|    2|           1|           2|
    |xor_ln105_45_fu_5835_p2         |       xor|   0|  0|    2|           1|           2|
    |xor_ln105_46_fu_5932_p2         |       xor|   0|  0|    2|           1|           2|
    |xor_ln105_47_fu_5944_p2         |       xor|   0|  0|    2|           1|           2|
    |xor_ln105_48_fu_6041_p2         |       xor|   0|  0|    2|           1|           2|
    |xor_ln105_49_fu_6053_p2         |       xor|   0|  0|    2|           1|           2|
    |xor_ln105_4_fu_3643_p2          |       xor|   0|  0|    2|           1|           2|
    |xor_ln105_50_fu_6150_p2         |       xor|   0|  0|    2|           1|           2|
    |xor_ln105_51_fu_6162_p2         |       xor|   0|  0|    2|           1|           2|
    |xor_ln105_52_fu_6259_p2         |       xor|   0|  0|    2|           1|           2|
    |xor_ln105_53_fu_6271_p2         |       xor|   0|  0|    2|           1|           2|
    |xor_ln105_54_fu_6368_p2         |       xor|   0|  0|    2|           1|           2|
    |xor_ln105_55_fu_6380_p2         |       xor|   0|  0|    2|           1|           2|
    |xor_ln105_56_fu_6477_p2         |       xor|   0|  0|    2|           1|           2|
    |xor_ln105_57_fu_6489_p2         |       xor|   0|  0|    2|           1|           2|
    |xor_ln105_58_fu_6586_p2         |       xor|   0|  0|    2|           1|           2|
    |xor_ln105_59_fu_6598_p2         |       xor|   0|  0|    2|           1|           2|
    |xor_ln105_5_fu_3655_p2          |       xor|   0|  0|    2|           1|           2|
    |xor_ln105_60_fu_6695_p2         |       xor|   0|  0|    2|           1|           2|
    |xor_ln105_61_fu_6707_p2         |       xor|   0|  0|    2|           1|           2|
    |xor_ln105_62_fu_6804_p2         |       xor|   0|  0|    2|           1|           2|
    |xor_ln105_63_fu_6816_p2         |       xor|   0|  0|    2|           1|           2|
    |xor_ln105_64_fu_6913_p2         |       xor|   0|  0|    2|           1|           2|
    |xor_ln105_65_fu_6925_p2         |       xor|   0|  0|    2|           1|           2|
    |xor_ln105_66_fu_7021_p2         |       xor|   0|  0|    2|           1|           2|
    |xor_ln105_67_fu_7033_p2         |       xor|   0|  0|    2|           1|           2|
    |xor_ln105_68_fu_7129_p2         |       xor|   0|  0|    2|           1|           2|
    |xor_ln105_69_fu_7141_p2         |       xor|   0|  0|    2|           1|           2|
    |xor_ln105_6_fu_3752_p2          |       xor|   0|  0|    2|           1|           2|
    |xor_ln105_70_fu_7237_p2         |       xor|   0|  0|    2|           1|           2|
    |xor_ln105_71_fu_7249_p2         |       xor|   0|  0|    2|           1|           2|
    |xor_ln105_72_fu_7345_p2         |       xor|   0|  0|    2|           1|           2|
    |xor_ln105_73_fu_7357_p2         |       xor|   0|  0|    2|           1|           2|
    |xor_ln105_74_fu_7453_p2         |       xor|   0|  0|    2|           1|           2|
    |xor_ln105_75_fu_7465_p2         |       xor|   0|  0|    2|           1|           2|
    |xor_ln105_76_fu_7561_p2         |       xor|   0|  0|    2|           1|           2|
    |xor_ln105_77_fu_7573_p2         |       xor|   0|  0|    2|           1|           2|
    |xor_ln105_78_fu_7669_p2         |       xor|   0|  0|    2|           1|           2|
    |xor_ln105_79_fu_7681_p2         |       xor|   0|  0|    2|           1|           2|
    |xor_ln105_7_fu_3764_p2          |       xor|   0|  0|    2|           1|           2|
    |xor_ln105_80_fu_7777_p2         |       xor|   0|  0|    2|           1|           2|
    |xor_ln105_81_fu_7789_p2         |       xor|   0|  0|    2|           1|           2|
    |xor_ln105_82_fu_7885_p2         |       xor|   0|  0|    2|           1|           2|
    |xor_ln105_83_fu_7897_p2         |       xor|   0|  0|    2|           1|           2|
    |xor_ln105_84_fu_7993_p2         |       xor|   0|  0|    2|           1|           2|
    |xor_ln105_85_fu_8005_p2         |       xor|   0|  0|    2|           1|           2|
    |xor_ln105_86_fu_8101_p2         |       xor|   0|  0|    2|           1|           2|
    |xor_ln105_87_fu_8113_p2         |       xor|   0|  0|    2|           1|           2|
    |xor_ln105_88_fu_8209_p2         |       xor|   0|  0|    2|           1|           2|
    |xor_ln105_89_fu_8221_p2         |       xor|   0|  0|    2|           1|           2|
    |xor_ln105_8_fu_3861_p2          |       xor|   0|  0|    2|           1|           2|
    |xor_ln105_90_fu_8317_p2         |       xor|   0|  0|    2|           1|           2|
    |xor_ln105_91_fu_8329_p2         |       xor|   0|  0|    2|           1|           2|
    |xor_ln105_92_fu_8425_p2         |       xor|   0|  0|    2|           1|           2|
    |xor_ln105_93_fu_8437_p2         |       xor|   0|  0|    2|           1|           2|
    |xor_ln105_94_fu_8533_p2         |       xor|   0|  0|    2|           1|           2|
    |xor_ln105_95_fu_8545_p2         |       xor|   0|  0|    2|           1|           2|
    |xor_ln105_96_fu_8641_p2         |       xor|   0|  0|    2|           1|           2|
    |xor_ln105_97_fu_8653_p2         |       xor|   0|  0|    2|           1|           2|
    |xor_ln105_98_fu_8749_p2         |       xor|   0|  0|    2|           1|           2|
    |xor_ln105_99_fu_8761_p2         |       xor|   0|  0|    2|           1|           2|
    |xor_ln105_9_fu_3873_p2          |       xor|   0|  0|    2|           1|           2|
    |xor_ln105_fu_3425_p2            |       xor|   0|  0|    2|           1|           2|
    |xor_ln97_1_fu_2951_p2           |       xor|   0|  0|    2|           1|           2|
    |xor_ln97_2_fu_3239_p2           |       xor|   0|  0|    2|           1|           2|
    |xor_ln97_3_fu_3270_p2           |       xor|   0|  0|    2|           1|           2|
    |xor_ln97_4_fu_3251_p2           |       xor|   0|  0|    2|           2|           1|
    |xor_ln97_5_fu_3173_p2           |       xor|   0|  0|    2|           1|           2|
    |xor_ln97_6_fu_2607_p2           |       xor|   0|  0|    2|           1|           2|
    |xor_ln97_7_fu_3041_p2           |       xor|   0|  0|    2|           1|           2|
    |xor_ln97_8_fu_3113_p2           |       xor|   0|  0|    2|           1|           2|
    |xor_ln97_fu_3133_p2             |       xor|   0|  0|    2|           1|           2|
    +--------------------------------+----------+----+---+-----+------------+------------+
    |Total                           |          |   0|  0| 9331|        2787|        5786|
    +--------------------------------+----------+----+---+-----+------------+------------+

    * Multiplexer: 
    +----------------------------------+----+-----------+-----+-----------+
    |               Name               | LUT| Input Size| Bits| Total Bits|
    +----------------------------------+----+-----------+-----+-----------+
    |ap_NS_fsm                         |  81|         17|    1|         17|
    |ap_phi_mux_inv_d_phi_fu_1759_p10  |  14|          3|   32|         96|
    |inv_d_reg_1755                    |  20|          4|   32|        128|
    |out_0_address0_local              |  14|          3|    2|          6|
    |out_0_address1_local              |  14|          3|    2|          6|
    |out_0_d0_local                    |  14|          3|   32|         96|
    |out_0_d1_local                    |  14|          3|   32|         96|
    |out_10_address0_local             |  14|          3|    2|          6|
    |out_10_address1_local             |  14|          3|    2|          6|
    |out_10_d0_local                   |  14|          3|   32|         96|
    |out_10_d1_local                   |  14|          3|   32|         96|
    |out_11_address0_local             |  14|          3|    2|          6|
    |out_11_address1_local             |  14|          3|    2|          6|
    |out_11_d0_local                   |  14|          3|   32|         96|
    |out_11_d1_local                   |  14|          3|   32|         96|
    |out_12_address0_local             |  14|          3|    2|          6|
    |out_12_address1_local             |  14|          3|    2|          6|
    |out_12_d0_local                   |  14|          3|   32|         96|
    |out_12_d1_local                   |  14|          3|   32|         96|
    |out_13_address0_local             |  14|          3|    2|          6|
    |out_13_address1_local             |  14|          3|    2|          6|
    |out_13_d0_local                   |  14|          3|   32|         96|
    |out_13_d1_local                   |  14|          3|   32|         96|
    |out_14_address0_local             |  14|          3|    2|          6|
    |out_14_address1_local             |  14|          3|    2|          6|
    |out_14_d0_local                   |  14|          3|   32|         96|
    |out_14_d1_local                   |  14|          3|   32|         96|
    |out_15_address0_local             |  14|          3|    2|          6|
    |out_15_address1_local             |  14|          3|    2|          6|
    |out_15_d0_local                   |  14|          3|   32|         96|
    |out_15_d1_local                   |  14|          3|   32|         96|
    |out_1_address0_local              |  14|          3|    2|          6|
    |out_1_address1_local              |  14|          3|    2|          6|
    |out_1_d0_local                    |  14|          3|   32|         96|
    |out_1_d1_local                    |  14|          3|   32|         96|
    |out_2_address0_local              |  14|          3|    2|          6|
    |out_2_address1_local              |  14|          3|    2|          6|
    |out_2_d0_local                    |  14|          3|   32|         96|
    |out_2_d1_local                    |  14|          3|   32|         96|
    |out_3_address0_local              |  14|          3|    2|          6|
    |out_3_address1_local              |  14|          3|    2|          6|
    |out_3_d0_local                    |  14|          3|   32|         96|
    |out_3_d1_local                    |  14|          3|   32|         96|
    |out_4_address0_local              |  14|          3|    2|          6|
    |out_4_address1_local              |  14|          3|    2|          6|
    |out_4_d0_local                    |  14|          3|   32|         96|
    |out_4_d1_local                    |  14|          3|   32|         96|
    |out_5_address0_local              |  14|          3|    2|          6|
    |out_5_address1_local              |  14|          3|    2|          6|
    |out_5_d0_local                    |  14|          3|   32|         96|
    |out_5_d1_local                    |  14|          3|   32|         96|
    |out_6_address0_local              |  14|          3|    2|          6|
    |out_6_address1_local              |  14|          3|    2|          6|
    |out_6_d0_local                    |  14|          3|   32|         96|
    |out_6_d1_local                    |  14|          3|   32|         96|
    |out_7_address0_local              |  14|          3|    2|          6|
    |out_7_address1_local              |  14|          3|    2|          6|
    |out_7_d0_local                    |  14|          3|   32|         96|
    |out_7_d1_local                    |  14|          3|   32|         96|
    |out_8_address0_local              |  14|          3|    2|          6|
    |out_8_address1_local              |  14|          3|    2|          6|
    |out_8_d0_local                    |  14|          3|   32|         96|
    |out_8_d1_local                    |  14|          3|   32|         96|
    |out_9_address0_local              |  14|          3|    2|          6|
    |out_9_address1_local              |  14|          3|    2|          6|
    |out_9_d0_local                    |  14|          3|   32|         96|
    |out_9_d1_local                    |  14|          3|   32|         96|
    +----------------------------------+----+-----------+-----+-----------+
    |Total                             |1011|        216| 1153|       3505|
    +----------------------------------+----+-----------+-----+-----------+

    * Register: 
    +---------------------------------------------------------------+----+----+-----+-----------+
    |                              Name                             | FF | LUT| Bits| Const Bits|
    +---------------------------------------------------------------+----+----+-----+-----------+
    |LD_reg_11229                                                   |  32|   0|   32|          0|
    |ap_CS_fsm                                                      |  16|   0|   16|          0|
    |div_reg_11239                                                  |  32|   0|   32|          0|
    |grp_online_attention_row_Pipeline_tokens_fu_1773_ap_start_reg  |   1|   0|    1|          0|
    |icmp_ln96_reg_11225                                            |   1|   0|    1|          0|
    |icmp_ln97_3_reg_11250                                          |   1|   0|    1|          0|
    |icmp_ln97_8_reg_11260                                          |   1|   0|    1|          0|
    |icmp_ln97_9_reg_11270                                          |   1|   0|    1|          0|
    |inv_d_reg_1755                                                 |  32|   0|   32|          0|
    |select_ln105_101_reg_11378                                     |  32|   0|   32|          0|
    |select_ln105_103_reg_11383                                     |  32|   0|   32|          0|
    |select_ln105_105_reg_11388                                     |  32|   0|   32|          0|
    |select_ln105_107_reg_11393                                     |  32|   0|   32|          0|
    |select_ln105_109_reg_11398                                     |  32|   0|   32|          0|
    |select_ln105_111_reg_11403                                     |  32|   0|   32|          0|
    |select_ln105_113_reg_11408                                     |  32|   0|   32|          0|
    |select_ln105_115_reg_11413                                     |  32|   0|   32|          0|
    |select_ln105_117_reg_11418                                     |  32|   0|   32|          0|
    |select_ln105_119_reg_11423                                     |  32|   0|   32|          0|
    |select_ln105_121_reg_11428                                     |  32|   0|   32|          0|
    |select_ln105_123_reg_11433                                     |  32|   0|   32|          0|
    |select_ln105_125_reg_11438                                     |  32|   0|   32|          0|
    |select_ln105_127_reg_11443                                     |  32|   0|   32|          0|
    |select_ln105_65_reg_11288                                      |  32|   0|   32|          0|
    |select_ln105_67_reg_11293                                      |  32|   0|   32|          0|
    |select_ln105_69_reg_11298                                      |  32|   0|   32|          0|
    |select_ln105_71_reg_11303                                      |  32|   0|   32|          0|
    |select_ln105_73_reg_11308                                      |  32|   0|   32|          0|
    |select_ln105_75_reg_11313                                      |  32|   0|   32|          0|
    |select_ln105_77_reg_11318                                      |  32|   0|   32|          0|
    |select_ln105_79_reg_11323                                      |  32|   0|   32|          0|
    |select_ln105_81_reg_11328                                      |  32|   0|   32|          0|
    |select_ln105_83_reg_11333                                      |  32|   0|   32|          0|
    |select_ln105_85_reg_11338                                      |  32|   0|   32|          0|
    |select_ln105_87_reg_11343                                      |  32|   0|   32|          0|
    |select_ln105_89_reg_11348                                      |  32|   0|   32|          0|
    |select_ln105_91_reg_11353                                      |  32|   0|   32|          0|
    |select_ln105_93_reg_11358                                      |  32|   0|   32|          0|
    |select_ln105_95_reg_11363                                      |  32|   0|   32|          0|
    |select_ln105_97_reg_11368                                      |  32|   0|   32|          0|
    |select_ln105_99_reg_11373                                      |  32|   0|   32|          0|
    |tmp_480_reg_11244                                              |   1|   0|    1|          0|
    |tmp_482_reg_11264                                              |   1|   0|    1|          0|
    |tmp_s_reg_11254                                                |  32|   0|   32|          0|
    |xor_ln97_2_reg_11275                                           |   1|   0|    1|          0|
    |xor_ln97_4_reg_11280                                           |   1|   0|    1|          0|
    +---------------------------------------------------------------+----+----+-----+-----------+
    |Total                                                          |1177|   0| 1177|          0|
    +---------------------------------------------------------------+----+----+-----+-----------+



================================================================
== Interface
================================================================
* Summary: 
+------------------------+-----+-----+------------+----------------------+--------------+
|        RTL Ports       | Dir | Bits|  Protocol  |     Source Object    |    C Type    |
+------------------------+-----+-----+------------+----------------------+--------------+
|ap_clk                  |   in|    1|  ap_ctrl_hs|  online_attention_row|  return value|
|ap_rst                  |   in|    1|  ap_ctrl_hs|  online_attention_row|  return value|
|ap_start                |   in|    1|  ap_ctrl_hs|  online_attention_row|  return value|
|ap_done                 |  out|    1|  ap_ctrl_hs|  online_attention_row|  return value|
|ap_idle                 |  out|    1|  ap_ctrl_hs|  online_attention_row|  return value|
|ap_ready                |  out|    1|  ap_ctrl_hs|  online_attention_row|  return value|
|Q_0_val                 |   in|   16|     ap_none|               Q_0_val|        scalar|
|Q_1_val                 |   in|   16|     ap_none|               Q_1_val|        scalar|
|Q_2_val                 |   in|   16|     ap_none|               Q_2_val|        scalar|
|Q_3_val                 |   in|   16|     ap_none|               Q_3_val|        scalar|
|Q_4_val                 |   in|   16|     ap_none|               Q_4_val|        scalar|
|Q_5_val                 |   in|   16|     ap_none|               Q_5_val|        scalar|
|Q_6_val                 |   in|   16|     ap_none|               Q_6_val|        scalar|
|Q_7_val                 |   in|   16|     ap_none|               Q_7_val|        scalar|
|Q_8_val                 |   in|   16|     ap_none|               Q_8_val|        scalar|
|Q_9_val                 |   in|   16|     ap_none|               Q_9_val|        scalar|
|Q_10_val                |   in|   16|     ap_none|              Q_10_val|        scalar|
|Q_11_val                |   in|   16|     ap_none|              Q_11_val|        scalar|
|Q_12_val                |   in|   16|     ap_none|              Q_12_val|        scalar|
|Q_13_val                |   in|   16|     ap_none|              Q_13_val|        scalar|
|Q_14_val                |   in|   16|     ap_none|              Q_14_val|        scalar|
|Q_15_val                |   in|   16|     ap_none|              Q_15_val|        scalar|
|Q_16_val                |   in|   16|     ap_none|              Q_16_val|        scalar|
|Q_17_val                |   in|   16|     ap_none|              Q_17_val|        scalar|
|Q_18_val                |   in|   16|     ap_none|              Q_18_val|        scalar|
|Q_19_val                |   in|   16|     ap_none|              Q_19_val|        scalar|
|Q_20_val                |   in|   16|     ap_none|              Q_20_val|        scalar|
|Q_21_val                |   in|   16|     ap_none|              Q_21_val|        scalar|
|Q_22_val                |   in|   16|     ap_none|              Q_22_val|        scalar|
|Q_23_val                |   in|   16|     ap_none|              Q_23_val|        scalar|
|Q_24_val                |   in|   16|     ap_none|              Q_24_val|        scalar|
|Q_25_val                |   in|   16|     ap_none|              Q_25_val|        scalar|
|Q_26_val                |   in|   16|     ap_none|              Q_26_val|        scalar|
|Q_27_val                |   in|   16|     ap_none|              Q_27_val|        scalar|
|Q_28_val                |   in|   16|     ap_none|              Q_28_val|        scalar|
|Q_29_val                |   in|   16|     ap_none|              Q_29_val|        scalar|
|Q_30_val                |   in|   16|     ap_none|              Q_30_val|        scalar|
|Q_31_val                |   in|   16|     ap_none|              Q_31_val|        scalar|
|Q_32_val                |   in|   16|     ap_none|              Q_32_val|        scalar|
|Q_33_val                |   in|   16|     ap_none|              Q_33_val|        scalar|
|Q_34_val                |   in|   16|     ap_none|              Q_34_val|        scalar|
|Q_35_val                |   in|   16|     ap_none|              Q_35_val|        scalar|
|Q_36_val                |   in|   16|     ap_none|              Q_36_val|        scalar|
|Q_37_val                |   in|   16|     ap_none|              Q_37_val|        scalar|
|Q_38_val                |   in|   16|     ap_none|              Q_38_val|        scalar|
|Q_39_val                |   in|   16|     ap_none|              Q_39_val|        scalar|
|Q_40_val                |   in|   16|     ap_none|              Q_40_val|        scalar|
|Q_41_val                |   in|   16|     ap_none|              Q_41_val|        scalar|
|Q_42_val                |   in|   16|     ap_none|              Q_42_val|        scalar|
|Q_43_val                |   in|   16|     ap_none|              Q_43_val|        scalar|
|Q_44_val                |   in|   16|     ap_none|              Q_44_val|        scalar|
|Q_45_val                |   in|   16|     ap_none|              Q_45_val|        scalar|
|Q_46_val                |   in|   16|     ap_none|              Q_46_val|        scalar|
|Q_47_val                |   in|   16|     ap_none|              Q_47_val|        scalar|
|Q_48_val                |   in|   16|     ap_none|              Q_48_val|        scalar|
|Q_49_val                |   in|   16|     ap_none|              Q_49_val|        scalar|
|Q_50_val                |   in|   16|     ap_none|              Q_50_val|        scalar|
|Q_51_val                |   in|   16|     ap_none|              Q_51_val|        scalar|
|Q_52_val                |   in|   16|     ap_none|              Q_52_val|        scalar|
|Q_53_val                |   in|   16|     ap_none|              Q_53_val|        scalar|
|Q_54_val                |   in|   16|     ap_none|              Q_54_val|        scalar|
|Q_55_val                |   in|   16|     ap_none|              Q_55_val|        scalar|
|Q_56_val                |   in|   16|     ap_none|              Q_56_val|        scalar|
|Q_57_val                |   in|   16|     ap_none|              Q_57_val|        scalar|
|Q_58_val                |   in|   16|     ap_none|              Q_58_val|        scalar|
|Q_59_val                |   in|   16|     ap_none|              Q_59_val|        scalar|
|Q_60_val                |   in|   16|     ap_none|              Q_60_val|        scalar|
|Q_61_val                |   in|   16|     ap_none|              Q_61_val|        scalar|
|Q_62_val                |   in|   16|     ap_none|              Q_62_val|        scalar|
|Q_63_val                |   in|   16|     ap_none|              Q_63_val|        scalar|
|out_0_address0          |  out|    2|   ap_memory|                 out_0|         array|
|out_0_ce0               |  out|    1|   ap_memory|                 out_0|         array|
|out_0_we0               |  out|    1|   ap_memory|                 out_0|         array|
|out_0_d0                |  out|   32|   ap_memory|                 out_0|         array|
|out_0_address1          |  out|    2|   ap_memory|                 out_0|         array|
|out_0_ce1               |  out|    1|   ap_memory|                 out_0|         array|
|out_0_we1               |  out|    1|   ap_memory|                 out_0|         array|
|out_0_d1                |  out|   32|   ap_memory|                 out_0|         array|
|out_1_address0          |  out|    2|   ap_memory|                 out_1|         array|
|out_1_ce0               |  out|    1|   ap_memory|                 out_1|         array|
|out_1_we0               |  out|    1|   ap_memory|                 out_1|         array|
|out_1_d0                |  out|   32|   ap_memory|                 out_1|         array|
|out_1_address1          |  out|    2|   ap_memory|                 out_1|         array|
|out_1_ce1               |  out|    1|   ap_memory|                 out_1|         array|
|out_1_we1               |  out|    1|   ap_memory|                 out_1|         array|
|out_1_d1                |  out|   32|   ap_memory|                 out_1|         array|
|out_2_address0          |  out|    2|   ap_memory|                 out_2|         array|
|out_2_ce0               |  out|    1|   ap_memory|                 out_2|         array|
|out_2_we0               |  out|    1|   ap_memory|                 out_2|         array|
|out_2_d0                |  out|   32|   ap_memory|                 out_2|         array|
|out_2_address1          |  out|    2|   ap_memory|                 out_2|         array|
|out_2_ce1               |  out|    1|   ap_memory|                 out_2|         array|
|out_2_we1               |  out|    1|   ap_memory|                 out_2|         array|
|out_2_d1                |  out|   32|   ap_memory|                 out_2|         array|
|out_3_address0          |  out|    2|   ap_memory|                 out_3|         array|
|out_3_ce0               |  out|    1|   ap_memory|                 out_3|         array|
|out_3_we0               |  out|    1|   ap_memory|                 out_3|         array|
|out_3_d0                |  out|   32|   ap_memory|                 out_3|         array|
|out_3_address1          |  out|    2|   ap_memory|                 out_3|         array|
|out_3_ce1               |  out|    1|   ap_memory|                 out_3|         array|
|out_3_we1               |  out|    1|   ap_memory|                 out_3|         array|
|out_3_d1                |  out|   32|   ap_memory|                 out_3|         array|
|out_4_address0          |  out|    2|   ap_memory|                 out_4|         array|
|out_4_ce0               |  out|    1|   ap_memory|                 out_4|         array|
|out_4_we0               |  out|    1|   ap_memory|                 out_4|         array|
|out_4_d0                |  out|   32|   ap_memory|                 out_4|         array|
|out_4_address1          |  out|    2|   ap_memory|                 out_4|         array|
|out_4_ce1               |  out|    1|   ap_memory|                 out_4|         array|
|out_4_we1               |  out|    1|   ap_memory|                 out_4|         array|
|out_4_d1                |  out|   32|   ap_memory|                 out_4|         array|
|out_5_address0          |  out|    2|   ap_memory|                 out_5|         array|
|out_5_ce0               |  out|    1|   ap_memory|                 out_5|         array|
|out_5_we0               |  out|    1|   ap_memory|                 out_5|         array|
|out_5_d0                |  out|   32|   ap_memory|                 out_5|         array|
|out_5_address1          |  out|    2|   ap_memory|                 out_5|         array|
|out_5_ce1               |  out|    1|   ap_memory|                 out_5|         array|
|out_5_we1               |  out|    1|   ap_memory|                 out_5|         array|
|out_5_d1                |  out|   32|   ap_memory|                 out_5|         array|
|out_6_address0          |  out|    2|   ap_memory|                 out_6|         array|
|out_6_ce0               |  out|    1|   ap_memory|                 out_6|         array|
|out_6_we0               |  out|    1|   ap_memory|                 out_6|         array|
|out_6_d0                |  out|   32|   ap_memory|                 out_6|         array|
|out_6_address1          |  out|    2|   ap_memory|                 out_6|         array|
|out_6_ce1               |  out|    1|   ap_memory|                 out_6|         array|
|out_6_we1               |  out|    1|   ap_memory|                 out_6|         array|
|out_6_d1                |  out|   32|   ap_memory|                 out_6|         array|
|out_7_address0          |  out|    2|   ap_memory|                 out_7|         array|
|out_7_ce0               |  out|    1|   ap_memory|                 out_7|         array|
|out_7_we0               |  out|    1|   ap_memory|                 out_7|         array|
|out_7_d0                |  out|   32|   ap_memory|                 out_7|         array|
|out_7_address1          |  out|    2|   ap_memory|                 out_7|         array|
|out_7_ce1               |  out|    1|   ap_memory|                 out_7|         array|
|out_7_we1               |  out|    1|   ap_memory|                 out_7|         array|
|out_7_d1                |  out|   32|   ap_memory|                 out_7|         array|
|out_8_address0          |  out|    2|   ap_memory|                 out_8|         array|
|out_8_ce0               |  out|    1|   ap_memory|                 out_8|         array|
|out_8_we0               |  out|    1|   ap_memory|                 out_8|         array|
|out_8_d0                |  out|   32|   ap_memory|                 out_8|         array|
|out_8_address1          |  out|    2|   ap_memory|                 out_8|         array|
|out_8_ce1               |  out|    1|   ap_memory|                 out_8|         array|
|out_8_we1               |  out|    1|   ap_memory|                 out_8|         array|
|out_8_d1                |  out|   32|   ap_memory|                 out_8|         array|
|out_9_address0          |  out|    2|   ap_memory|                 out_9|         array|
|out_9_ce0               |  out|    1|   ap_memory|                 out_9|         array|
|out_9_we0               |  out|    1|   ap_memory|                 out_9|         array|
|out_9_d0                |  out|   32|   ap_memory|                 out_9|         array|
|out_9_address1          |  out|    2|   ap_memory|                 out_9|         array|
|out_9_ce1               |  out|    1|   ap_memory|                 out_9|         array|
|out_9_we1               |  out|    1|   ap_memory|                 out_9|         array|
|out_9_d1                |  out|   32|   ap_memory|                 out_9|         array|
|out_10_address0         |  out|    2|   ap_memory|                out_10|         array|
|out_10_ce0              |  out|    1|   ap_memory|                out_10|         array|
|out_10_we0              |  out|    1|   ap_memory|                out_10|         array|
|out_10_d0               |  out|   32|   ap_memory|                out_10|         array|
|out_10_address1         |  out|    2|   ap_memory|                out_10|         array|
|out_10_ce1              |  out|    1|   ap_memory|                out_10|         array|
|out_10_we1              |  out|    1|   ap_memory|                out_10|         array|
|out_10_d1               |  out|   32|   ap_memory|                out_10|         array|
|out_11_address0         |  out|    2|   ap_memory|                out_11|         array|
|out_11_ce0              |  out|    1|   ap_memory|                out_11|         array|
|out_11_we0              |  out|    1|   ap_memory|                out_11|         array|
|out_11_d0               |  out|   32|   ap_memory|                out_11|         array|
|out_11_address1         |  out|    2|   ap_memory|                out_11|         array|
|out_11_ce1              |  out|    1|   ap_memory|                out_11|         array|
|out_11_we1              |  out|    1|   ap_memory|                out_11|         array|
|out_11_d1               |  out|   32|   ap_memory|                out_11|         array|
|out_12_address0         |  out|    2|   ap_memory|                out_12|         array|
|out_12_ce0              |  out|    1|   ap_memory|                out_12|         array|
|out_12_we0              |  out|    1|   ap_memory|                out_12|         array|
|out_12_d0               |  out|   32|   ap_memory|                out_12|         array|
|out_12_address1         |  out|    2|   ap_memory|                out_12|         array|
|out_12_ce1              |  out|    1|   ap_memory|                out_12|         array|
|out_12_we1              |  out|    1|   ap_memory|                out_12|         array|
|out_12_d1               |  out|   32|   ap_memory|                out_12|         array|
|out_13_address0         |  out|    2|   ap_memory|                out_13|         array|
|out_13_ce0              |  out|    1|   ap_memory|                out_13|         array|
|out_13_we0              |  out|    1|   ap_memory|                out_13|         array|
|out_13_d0               |  out|   32|   ap_memory|                out_13|         array|
|out_13_address1         |  out|    2|   ap_memory|                out_13|         array|
|out_13_ce1              |  out|    1|   ap_memory|                out_13|         array|
|out_13_we1              |  out|    1|   ap_memory|                out_13|         array|
|out_13_d1               |  out|   32|   ap_memory|                out_13|         array|
|out_14_address0         |  out|    2|   ap_memory|                out_14|         array|
|out_14_ce0              |  out|    1|   ap_memory|                out_14|         array|
|out_14_we0              |  out|    1|   ap_memory|                out_14|         array|
|out_14_d0               |  out|   32|   ap_memory|                out_14|         array|
|out_14_address1         |  out|    2|   ap_memory|                out_14|         array|
|out_14_ce1              |  out|    1|   ap_memory|                out_14|         array|
|out_14_we1              |  out|    1|   ap_memory|                out_14|         array|
|out_14_d1               |  out|   32|   ap_memory|                out_14|         array|
|out_15_address0         |  out|    2|   ap_memory|                out_15|         array|
|out_15_ce0              |  out|    1|   ap_memory|                out_15|         array|
|out_15_we0              |  out|    1|   ap_memory|                out_15|         array|
|out_15_d0               |  out|   32|   ap_memory|                out_15|         array|
|out_15_address1         |  out|    2|   ap_memory|                out_15|         array|
|out_15_ce1              |  out|    1|   ap_memory|                out_15|         array|
|out_15_we1              |  out|    1|   ap_memory|                out_15|         array|
|out_15_d1               |  out|   32|   ap_memory|                out_15|         array|
|scale                   |   in|   24|     ap_none|                 scale|        scalar|
|p_ZL5K_buf_0_address0   |  out|   10|   ap_memory|          p_ZL5K_buf_0|         array|
|p_ZL5K_buf_0_ce0        |  out|    1|   ap_memory|          p_ZL5K_buf_0|         array|
|p_ZL5K_buf_0_q0         |   in|   16|   ap_memory|          p_ZL5K_buf_0|         array|
|p_ZL5K_buf_0_address1   |  out|   10|   ap_memory|          p_ZL5K_buf_0|         array|
|p_ZL5K_buf_0_ce1        |  out|    1|   ap_memory|          p_ZL5K_buf_0|         array|
|p_ZL5K_buf_0_q1         |   in|   16|   ap_memory|          p_ZL5K_buf_0|         array|
|p_ZL5K_buf_1_address0   |  out|   10|   ap_memory|          p_ZL5K_buf_1|         array|
|p_ZL5K_buf_1_ce0        |  out|    1|   ap_memory|          p_ZL5K_buf_1|         array|
|p_ZL5K_buf_1_q0         |   in|   16|   ap_memory|          p_ZL5K_buf_1|         array|
|p_ZL5K_buf_1_address1   |  out|   10|   ap_memory|          p_ZL5K_buf_1|         array|
|p_ZL5K_buf_1_ce1        |  out|    1|   ap_memory|          p_ZL5K_buf_1|         array|
|p_ZL5K_buf_1_q1         |   in|   16|   ap_memory|          p_ZL5K_buf_1|         array|
|p_ZL5K_buf_2_address0   |  out|   10|   ap_memory|          p_ZL5K_buf_2|         array|
|p_ZL5K_buf_2_ce0        |  out|    1|   ap_memory|          p_ZL5K_buf_2|         array|
|p_ZL5K_buf_2_q0         |   in|   16|   ap_memory|          p_ZL5K_buf_2|         array|
|p_ZL5K_buf_2_address1   |  out|   10|   ap_memory|          p_ZL5K_buf_2|         array|
|p_ZL5K_buf_2_ce1        |  out|    1|   ap_memory|          p_ZL5K_buf_2|         array|
|p_ZL5K_buf_2_q1         |   in|   16|   ap_memory|          p_ZL5K_buf_2|         array|
|p_ZL5K_buf_3_address0   |  out|   10|   ap_memory|          p_ZL5K_buf_3|         array|
|p_ZL5K_buf_3_ce0        |  out|    1|   ap_memory|          p_ZL5K_buf_3|         array|
|p_ZL5K_buf_3_q0         |   in|   16|   ap_memory|          p_ZL5K_buf_3|         array|
|p_ZL5K_buf_3_address1   |  out|   10|   ap_memory|          p_ZL5K_buf_3|         array|
|p_ZL5K_buf_3_ce1        |  out|    1|   ap_memory|          p_ZL5K_buf_3|         array|
|p_ZL5K_buf_3_q1         |   in|   16|   ap_memory|          p_ZL5K_buf_3|         array|
|p_ZL5K_buf_4_address0   |  out|   10|   ap_memory|          p_ZL5K_buf_4|         array|
|p_ZL5K_buf_4_ce0        |  out|    1|   ap_memory|          p_ZL5K_buf_4|         array|
|p_ZL5K_buf_4_q0         |   in|   16|   ap_memory|          p_ZL5K_buf_4|         array|
|p_ZL5K_buf_4_address1   |  out|   10|   ap_memory|          p_ZL5K_buf_4|         array|
|p_ZL5K_buf_4_ce1        |  out|    1|   ap_memory|          p_ZL5K_buf_4|         array|
|p_ZL5K_buf_4_q1         |   in|   16|   ap_memory|          p_ZL5K_buf_4|         array|
|p_ZL5K_buf_5_address0   |  out|   10|   ap_memory|          p_ZL5K_buf_5|         array|
|p_ZL5K_buf_5_ce0        |  out|    1|   ap_memory|          p_ZL5K_buf_5|         array|
|p_ZL5K_buf_5_q0         |   in|   16|   ap_memory|          p_ZL5K_buf_5|         array|
|p_ZL5K_buf_5_address1   |  out|   10|   ap_memory|          p_ZL5K_buf_5|         array|
|p_ZL5K_buf_5_ce1        |  out|    1|   ap_memory|          p_ZL5K_buf_5|         array|
|p_ZL5K_buf_5_q1         |   in|   16|   ap_memory|          p_ZL5K_buf_5|         array|
|p_ZL5K_buf_6_address0   |  out|   10|   ap_memory|          p_ZL5K_buf_6|         array|
|p_ZL5K_buf_6_ce0        |  out|    1|   ap_memory|          p_ZL5K_buf_6|         array|
|p_ZL5K_buf_6_q0         |   in|   16|   ap_memory|          p_ZL5K_buf_6|         array|
|p_ZL5K_buf_6_address1   |  out|   10|   ap_memory|          p_ZL5K_buf_6|         array|
|p_ZL5K_buf_6_ce1        |  out|    1|   ap_memory|          p_ZL5K_buf_6|         array|
|p_ZL5K_buf_6_q1         |   in|   16|   ap_memory|          p_ZL5K_buf_6|         array|
|p_ZL5K_buf_7_address0   |  out|   10|   ap_memory|          p_ZL5K_buf_7|         array|
|p_ZL5K_buf_7_ce0        |  out|    1|   ap_memory|          p_ZL5K_buf_7|         array|
|p_ZL5K_buf_7_q0         |   in|   16|   ap_memory|          p_ZL5K_buf_7|         array|
|p_ZL5K_buf_7_address1   |  out|   10|   ap_memory|          p_ZL5K_buf_7|         array|
|p_ZL5K_buf_7_ce1        |  out|    1|   ap_memory|          p_ZL5K_buf_7|         array|
|p_ZL5K_buf_7_q1         |   in|   16|   ap_memory|          p_ZL5K_buf_7|         array|
|p_ZL5K_buf_8_address0   |  out|   10|   ap_memory|          p_ZL5K_buf_8|         array|
|p_ZL5K_buf_8_ce0        |  out|    1|   ap_memory|          p_ZL5K_buf_8|         array|
|p_ZL5K_buf_8_q0         |   in|   16|   ap_memory|          p_ZL5K_buf_8|         array|
|p_ZL5K_buf_8_address1   |  out|   10|   ap_memory|          p_ZL5K_buf_8|         array|
|p_ZL5K_buf_8_ce1        |  out|    1|   ap_memory|          p_ZL5K_buf_8|         array|
|p_ZL5K_buf_8_q1         |   in|   16|   ap_memory|          p_ZL5K_buf_8|         array|
|p_ZL5K_buf_9_address0   |  out|   10|   ap_memory|          p_ZL5K_buf_9|         array|
|p_ZL5K_buf_9_ce0        |  out|    1|   ap_memory|          p_ZL5K_buf_9|         array|
|p_ZL5K_buf_9_q0         |   in|   16|   ap_memory|          p_ZL5K_buf_9|         array|
|p_ZL5K_buf_9_address1   |  out|   10|   ap_memory|          p_ZL5K_buf_9|         array|
|p_ZL5K_buf_9_ce1        |  out|    1|   ap_memory|          p_ZL5K_buf_9|         array|
|p_ZL5K_buf_9_q1         |   in|   16|   ap_memory|          p_ZL5K_buf_9|         array|
|p_ZL5K_buf_10_address0  |  out|   10|   ap_memory|         p_ZL5K_buf_10|         array|
|p_ZL5K_buf_10_ce0       |  out|    1|   ap_memory|         p_ZL5K_buf_10|         array|
|p_ZL5K_buf_10_q0        |   in|   16|   ap_memory|         p_ZL5K_buf_10|         array|
|p_ZL5K_buf_10_address1  |  out|   10|   ap_memory|         p_ZL5K_buf_10|         array|
|p_ZL5K_buf_10_ce1       |  out|    1|   ap_memory|         p_ZL5K_buf_10|         array|
|p_ZL5K_buf_10_q1        |   in|   16|   ap_memory|         p_ZL5K_buf_10|         array|
|p_ZL5K_buf_11_address0  |  out|   10|   ap_memory|         p_ZL5K_buf_11|         array|
|p_ZL5K_buf_11_ce0       |  out|    1|   ap_memory|         p_ZL5K_buf_11|         array|
|p_ZL5K_buf_11_q0        |   in|   16|   ap_memory|         p_ZL5K_buf_11|         array|
|p_ZL5K_buf_11_address1  |  out|   10|   ap_memory|         p_ZL5K_buf_11|         array|
|p_ZL5K_buf_11_ce1       |  out|    1|   ap_memory|         p_ZL5K_buf_11|         array|
|p_ZL5K_buf_11_q1        |   in|   16|   ap_memory|         p_ZL5K_buf_11|         array|
|p_ZL5K_buf_12_address0  |  out|   10|   ap_memory|         p_ZL5K_buf_12|         array|
|p_ZL5K_buf_12_ce0       |  out|    1|   ap_memory|         p_ZL5K_buf_12|         array|
|p_ZL5K_buf_12_q0        |   in|   16|   ap_memory|         p_ZL5K_buf_12|         array|
|p_ZL5K_buf_12_address1  |  out|   10|   ap_memory|         p_ZL5K_buf_12|         array|
|p_ZL5K_buf_12_ce1       |  out|    1|   ap_memory|         p_ZL5K_buf_12|         array|
|p_ZL5K_buf_12_q1        |   in|   16|   ap_memory|         p_ZL5K_buf_12|         array|
|p_ZL5K_buf_13_address0  |  out|   10|   ap_memory|         p_ZL5K_buf_13|         array|
|p_ZL5K_buf_13_ce0       |  out|    1|   ap_memory|         p_ZL5K_buf_13|         array|
|p_ZL5K_buf_13_q0        |   in|   16|   ap_memory|         p_ZL5K_buf_13|         array|
|p_ZL5K_buf_13_address1  |  out|   10|   ap_memory|         p_ZL5K_buf_13|         array|
|p_ZL5K_buf_13_ce1       |  out|    1|   ap_memory|         p_ZL5K_buf_13|         array|
|p_ZL5K_buf_13_q1        |   in|   16|   ap_memory|         p_ZL5K_buf_13|         array|
|p_ZL5K_buf_14_address0  |  out|   10|   ap_memory|         p_ZL5K_buf_14|         array|
|p_ZL5K_buf_14_ce0       |  out|    1|   ap_memory|         p_ZL5K_buf_14|         array|
|p_ZL5K_buf_14_q0        |   in|   16|   ap_memory|         p_ZL5K_buf_14|         array|
|p_ZL5K_buf_14_address1  |  out|   10|   ap_memory|         p_ZL5K_buf_14|         array|
|p_ZL5K_buf_14_ce1       |  out|    1|   ap_memory|         p_ZL5K_buf_14|         array|
|p_ZL5K_buf_14_q1        |   in|   16|   ap_memory|         p_ZL5K_buf_14|         array|
|p_ZL5K_buf_15_address0  |  out|   10|   ap_memory|         p_ZL5K_buf_15|         array|
|p_ZL5K_buf_15_ce0       |  out|    1|   ap_memory|         p_ZL5K_buf_15|         array|
|p_ZL5K_buf_15_q0        |   in|   16|   ap_memory|         p_ZL5K_buf_15|         array|
|p_ZL5K_buf_15_address1  |  out|   10|   ap_memory|         p_ZL5K_buf_15|         array|
|p_ZL5K_buf_15_ce1       |  out|    1|   ap_memory|         p_ZL5K_buf_15|         array|
|p_ZL5K_buf_15_q1        |   in|   16|   ap_memory|         p_ZL5K_buf_15|         array|
|p_ZL5V_buf_0_address0   |  out|   10|   ap_memory|          p_ZL5V_buf_0|         array|
|p_ZL5V_buf_0_ce0        |  out|    1|   ap_memory|          p_ZL5V_buf_0|         array|
|p_ZL5V_buf_0_q0         |   in|   16|   ap_memory|          p_ZL5V_buf_0|         array|
|p_ZL5V_buf_0_address1   |  out|   10|   ap_memory|          p_ZL5V_buf_0|         array|
|p_ZL5V_buf_0_ce1        |  out|    1|   ap_memory|          p_ZL5V_buf_0|         array|
|p_ZL5V_buf_0_q1         |   in|   16|   ap_memory|          p_ZL5V_buf_0|         array|
|p_ZL5V_buf_1_address0   |  out|   10|   ap_memory|          p_ZL5V_buf_1|         array|
|p_ZL5V_buf_1_ce0        |  out|    1|   ap_memory|          p_ZL5V_buf_1|         array|
|p_ZL5V_buf_1_q0         |   in|   16|   ap_memory|          p_ZL5V_buf_1|         array|
|p_ZL5V_buf_1_address1   |  out|   10|   ap_memory|          p_ZL5V_buf_1|         array|
|p_ZL5V_buf_1_ce1        |  out|    1|   ap_memory|          p_ZL5V_buf_1|         array|
|p_ZL5V_buf_1_q1         |   in|   16|   ap_memory|          p_ZL5V_buf_1|         array|
|p_ZL5V_buf_2_address0   |  out|   10|   ap_memory|          p_ZL5V_buf_2|         array|
|p_ZL5V_buf_2_ce0        |  out|    1|   ap_memory|          p_ZL5V_buf_2|         array|
|p_ZL5V_buf_2_q0         |   in|   16|   ap_memory|          p_ZL5V_buf_2|         array|
|p_ZL5V_buf_2_address1   |  out|   10|   ap_memory|          p_ZL5V_buf_2|         array|
|p_ZL5V_buf_2_ce1        |  out|    1|   ap_memory|          p_ZL5V_buf_2|         array|
|p_ZL5V_buf_2_q1         |   in|   16|   ap_memory|          p_ZL5V_buf_2|         array|
|p_ZL5V_buf_3_address0   |  out|   10|   ap_memory|          p_ZL5V_buf_3|         array|
|p_ZL5V_buf_3_ce0        |  out|    1|   ap_memory|          p_ZL5V_buf_3|         array|
|p_ZL5V_buf_3_q0         |   in|   16|   ap_memory|          p_ZL5V_buf_3|         array|
|p_ZL5V_buf_3_address1   |  out|   10|   ap_memory|          p_ZL5V_buf_3|         array|
|p_ZL5V_buf_3_ce1        |  out|    1|   ap_memory|          p_ZL5V_buf_3|         array|
|p_ZL5V_buf_3_q1         |   in|   16|   ap_memory|          p_ZL5V_buf_3|         array|
|p_ZL5V_buf_4_address0   |  out|   10|   ap_memory|          p_ZL5V_buf_4|         array|
|p_ZL5V_buf_4_ce0        |  out|    1|   ap_memory|          p_ZL5V_buf_4|         array|
|p_ZL5V_buf_4_q0         |   in|   16|   ap_memory|          p_ZL5V_buf_4|         array|
|p_ZL5V_buf_4_address1   |  out|   10|   ap_memory|          p_ZL5V_buf_4|         array|
|p_ZL5V_buf_4_ce1        |  out|    1|   ap_memory|          p_ZL5V_buf_4|         array|
|p_ZL5V_buf_4_q1         |   in|   16|   ap_memory|          p_ZL5V_buf_4|         array|
|p_ZL5V_buf_5_address0   |  out|   10|   ap_memory|          p_ZL5V_buf_5|         array|
|p_ZL5V_buf_5_ce0        |  out|    1|   ap_memory|          p_ZL5V_buf_5|         array|
|p_ZL5V_buf_5_q0         |   in|   16|   ap_memory|          p_ZL5V_buf_5|         array|
|p_ZL5V_buf_5_address1   |  out|   10|   ap_memory|          p_ZL5V_buf_5|         array|
|p_ZL5V_buf_5_ce1        |  out|    1|   ap_memory|          p_ZL5V_buf_5|         array|
|p_ZL5V_buf_5_q1         |   in|   16|   ap_memory|          p_ZL5V_buf_5|         array|
|p_ZL5V_buf_6_address0   |  out|   10|   ap_memory|          p_ZL5V_buf_6|         array|
|p_ZL5V_buf_6_ce0        |  out|    1|   ap_memory|          p_ZL5V_buf_6|         array|
|p_ZL5V_buf_6_q0         |   in|   16|   ap_memory|          p_ZL5V_buf_6|         array|
|p_ZL5V_buf_6_address1   |  out|   10|   ap_memory|          p_ZL5V_buf_6|         array|
|p_ZL5V_buf_6_ce1        |  out|    1|   ap_memory|          p_ZL5V_buf_6|         array|
|p_ZL5V_buf_6_q1         |   in|   16|   ap_memory|          p_ZL5V_buf_6|         array|
|p_ZL5V_buf_7_address0   |  out|   10|   ap_memory|          p_ZL5V_buf_7|         array|
|p_ZL5V_buf_7_ce0        |  out|    1|   ap_memory|          p_ZL5V_buf_7|         array|
|p_ZL5V_buf_7_q0         |   in|   16|   ap_memory|          p_ZL5V_buf_7|         array|
|p_ZL5V_buf_7_address1   |  out|   10|   ap_memory|          p_ZL5V_buf_7|         array|
|p_ZL5V_buf_7_ce1        |  out|    1|   ap_memory|          p_ZL5V_buf_7|         array|
|p_ZL5V_buf_7_q1         |   in|   16|   ap_memory|          p_ZL5V_buf_7|         array|
|p_ZL5V_buf_8_address0   |  out|   10|   ap_memory|          p_ZL5V_buf_8|         array|
|p_ZL5V_buf_8_ce0        |  out|    1|   ap_memory|          p_ZL5V_buf_8|         array|
|p_ZL5V_buf_8_q0         |   in|   16|   ap_memory|          p_ZL5V_buf_8|         array|
|p_ZL5V_buf_8_address1   |  out|   10|   ap_memory|          p_ZL5V_buf_8|         array|
|p_ZL5V_buf_8_ce1        |  out|    1|   ap_memory|          p_ZL5V_buf_8|         array|
|p_ZL5V_buf_8_q1         |   in|   16|   ap_memory|          p_ZL5V_buf_8|         array|
|p_ZL5V_buf_9_address0   |  out|   10|   ap_memory|          p_ZL5V_buf_9|         array|
|p_ZL5V_buf_9_ce0        |  out|    1|   ap_memory|          p_ZL5V_buf_9|         array|
|p_ZL5V_buf_9_q0         |   in|   16|   ap_memory|          p_ZL5V_buf_9|         array|
|p_ZL5V_buf_9_address1   |  out|   10|   ap_memory|          p_ZL5V_buf_9|         array|
|p_ZL5V_buf_9_ce1        |  out|    1|   ap_memory|          p_ZL5V_buf_9|         array|
|p_ZL5V_buf_9_q1         |   in|   16|   ap_memory|          p_ZL5V_buf_9|         array|
|p_ZL5V_buf_10_address0  |  out|   10|   ap_memory|         p_ZL5V_buf_10|         array|
|p_ZL5V_buf_10_ce0       |  out|    1|   ap_memory|         p_ZL5V_buf_10|         array|
|p_ZL5V_buf_10_q0        |   in|   16|   ap_memory|         p_ZL5V_buf_10|         array|
|p_ZL5V_buf_10_address1  |  out|   10|   ap_memory|         p_ZL5V_buf_10|         array|
|p_ZL5V_buf_10_ce1       |  out|    1|   ap_memory|         p_ZL5V_buf_10|         array|
|p_ZL5V_buf_10_q1        |   in|   16|   ap_memory|         p_ZL5V_buf_10|         array|
|p_ZL5V_buf_11_address0  |  out|   10|   ap_memory|         p_ZL5V_buf_11|         array|
|p_ZL5V_buf_11_ce0       |  out|    1|   ap_memory|         p_ZL5V_buf_11|         array|
|p_ZL5V_buf_11_q0        |   in|   16|   ap_memory|         p_ZL5V_buf_11|         array|
|p_ZL5V_buf_11_address1  |  out|   10|   ap_memory|         p_ZL5V_buf_11|         array|
|p_ZL5V_buf_11_ce1       |  out|    1|   ap_memory|         p_ZL5V_buf_11|         array|
|p_ZL5V_buf_11_q1        |   in|   16|   ap_memory|         p_ZL5V_buf_11|         array|
|p_ZL5V_buf_12_address0  |  out|   10|   ap_memory|         p_ZL5V_buf_12|         array|
|p_ZL5V_buf_12_ce0       |  out|    1|   ap_memory|         p_ZL5V_buf_12|         array|
|p_ZL5V_buf_12_q0        |   in|   16|   ap_memory|         p_ZL5V_buf_12|         array|
|p_ZL5V_buf_12_address1  |  out|   10|   ap_memory|         p_ZL5V_buf_12|         array|
|p_ZL5V_buf_12_ce1       |  out|    1|   ap_memory|         p_ZL5V_buf_12|         array|
|p_ZL5V_buf_12_q1        |   in|   16|   ap_memory|         p_ZL5V_buf_12|         array|
|p_ZL5V_buf_13_address0  |  out|   10|   ap_memory|         p_ZL5V_buf_13|         array|
|p_ZL5V_buf_13_ce0       |  out|    1|   ap_memory|         p_ZL5V_buf_13|         array|
|p_ZL5V_buf_13_q0        |   in|   16|   ap_memory|         p_ZL5V_buf_13|         array|
|p_ZL5V_buf_13_address1  |  out|   10|   ap_memory|         p_ZL5V_buf_13|         array|
|p_ZL5V_buf_13_ce1       |  out|    1|   ap_memory|         p_ZL5V_buf_13|         array|
|p_ZL5V_buf_13_q1        |   in|   16|   ap_memory|         p_ZL5V_buf_13|         array|
|p_ZL5V_buf_14_address0  |  out|   10|   ap_memory|         p_ZL5V_buf_14|         array|
|p_ZL5V_buf_14_ce0       |  out|    1|   ap_memory|         p_ZL5V_buf_14|         array|
|p_ZL5V_buf_14_q0        |   in|   16|   ap_memory|         p_ZL5V_buf_14|         array|
|p_ZL5V_buf_14_address1  |  out|   10|   ap_memory|         p_ZL5V_buf_14|         array|
|p_ZL5V_buf_14_ce1       |  out|    1|   ap_memory|         p_ZL5V_buf_14|         array|
|p_ZL5V_buf_14_q1        |   in|   16|   ap_memory|         p_ZL5V_buf_14|         array|
|p_ZL5V_buf_15_address0  |  out|   10|   ap_memory|         p_ZL5V_buf_15|         array|
|p_ZL5V_buf_15_ce0       |  out|    1|   ap_memory|         p_ZL5V_buf_15|         array|
|p_ZL5V_buf_15_q0        |   in|   16|   ap_memory|         p_ZL5V_buf_15|         array|
|p_ZL5V_buf_15_address1  |  out|   10|   ap_memory|         p_ZL5V_buf_15|         array|
|p_ZL5V_buf_15_ce1       |  out|    1|   ap_memory|         p_ZL5V_buf_15|         array|
|p_ZL5V_buf_15_q1        |   in|   16|   ap_memory|         p_ZL5V_buf_15|         array|
+------------------------+-----+-----+------------+----------------------+--------------+

