

================================================================
== Vitis HLS Report for 'online_attention_row_Pipeline_tokens'
================================================================
* Date:           Wed Aug 26 15:47:49 2026

* Version:        2025.2 (Build 6295257 on Nov 14 2025)
* Project:        vit_base16
* Solution:       hls (Vivado IP Flow Target)
* Product family: zynquplus
* Target device:  xczu7ev-ffvc1156-2-e


================================================================
== Performance Estimates
================================================================
+ Timing: 
    * Summary: 
    +--------+----------+----------+------------+
    |  Clock |  Target  | Estimated| Uncertainty|
    +--------+----------+----------+------------+
    |ap_clk  |  10.00 ns|  7.253 ns|     2.70 ns|
    +--------+----------+----------+------------+

+ Latency: 
    * Summary: 
    +---------+---------+----------+----------+-----+-----+-------------------+
    |  Latency (cycles) |  Latency (absolute) |  Interval |      Pipeline     |
    |   min   |   max   |    min   |    max   | min | max |        Type       |
    +---------+---------+----------+----------+-----+-----+-------------------+
    |      464|      464|  4.640 us|  4.640 us|    0|    0|  loop pipeline stp|
    +---------+---------+----------+----------+-----+-----+-------------------+

    + Detail: 
        * Instance: 
        N/A

        * Loop: 
        +----------+---------+---------+----------+-----------+-----------+------+----------+
        |          |  Latency (cycles) | Iteration|  Initiation Interval  | Trip |          |
        | Loop Name|   min   |   max   |  Latency |  achieved |   target  | Count| Pipelined|
        +----------+---------+---------+----------+-----------+-----------+------+----------+
        |- tokens  |      462|      462|        71|          2|          1|   197|       yes|
        +----------+---------+---------+----------+-----------+-----------+------+----------+



================================================================
== Utilization Estimates
================================================================
* Summary: 
+-----------------+---------+------+--------+--------+-----+
|       Name      | BRAM_18K|  DSP |   FF   |   LUT  | URAM|
+-----------------+---------+------+--------+--------+-----+
|DSP              |        -|    63|       -|       -|    -|
|Expression       |        -|     -|       0|   21635|    -|
|FIFO             |        -|     -|       -|       -|    -|
|Instance         |        -|   208|       0|    1831|    -|
|Memory           |        -|     -|       -|       -|    -|
|Multiplexer      |        -|     -|       0|    3628|    -|
|Register         |        -|     -|   14608|    3936|    -|
+-----------------+---------+------+--------+--------+-----+
|Total            |        0|   271|   14608|   31030|    0|
+-----------------+---------+------+--------+--------+-----+
|Available        |      624|  1728|  460800|  230400|   96|
+-----------------+---------+------+--------+--------+-----+
|Utilization (%)  |        0|    15|       3|      13|    0|
+-----------------+---------+------+--------+--------+-----+

+ Detail: 
    * Instance: 
    +----------------------------+-----------------------+---------+----+---+----+-----+
    |          Instance          |         Module        | BRAM_18K| DSP| FF| LUT| URAM|
    +----------------------------+-----------------------+---------+----+---+----+-----+
    |mul_16s_16s_32_1_1_U237     |mul_16s_16s_32_1_1     |        0|   1|  0|   5|    0|
    |mul_29s_18s_47_1_1_U168     |mul_29s_18s_47_1_1     |        0|   2|  0|  30|    0|
    |mul_29s_18s_47_1_1_U169     |mul_29s_18s_47_1_1     |        0|   2|  0|  30|    0|
    |mul_32s_16s_48_1_1_U170     |mul_32s_16s_48_1_1     |        0|   2|  0|  20|    0|
    |mul_32s_16s_48_1_1_U171     |mul_32s_16s_48_1_1     |        0|   2|  0|  20|    0|
    |mul_32s_16s_48_1_1_U172     |mul_32s_16s_48_1_1     |        0|   2|  0|  20|    0|
    |mul_32s_16s_48_1_1_U173     |mul_32s_16s_48_1_1     |        0|   2|  0|  20|    0|
    |mul_32s_16s_48_1_1_U174     |mul_32s_16s_48_1_1     |        0|   2|  0|  20|    0|
    |mul_32s_16s_48_1_1_U175     |mul_32s_16s_48_1_1     |        0|   2|  0|  20|    0|
    |mul_32s_16s_48_1_1_U176     |mul_32s_16s_48_1_1     |        0|   2|  0|  20|    0|
    |mul_32s_16s_48_1_1_U177     |mul_32s_16s_48_1_1     |        0|   2|  0|  20|    0|
    |mul_32s_16s_48_1_1_U178     |mul_32s_16s_48_1_1     |        0|   2|  0|  20|    0|
    |mul_32s_16s_48_1_1_U179     |mul_32s_16s_48_1_1     |        0|   2|  0|  20|    0|
    |mul_32s_16s_48_1_1_U180     |mul_32s_16s_48_1_1     |        0|   2|  0|  20|    0|
    |mul_32s_16s_48_1_1_U181     |mul_32s_16s_48_1_1     |        0|   2|  0|  20|    0|
    |mul_32s_16s_48_1_1_U182     |mul_32s_16s_48_1_1     |        0|   2|  0|  20|    0|
    |mul_32s_16s_48_1_1_U183     |mul_32s_16s_48_1_1     |        0|   2|  0|  20|    0|
    |mul_32s_16s_48_1_1_U184     |mul_32s_16s_48_1_1     |        0|   2|  0|  20|    0|
    |mul_32s_16s_48_1_1_U185     |mul_32s_16s_48_1_1     |        0|   2|  0|  20|    0|
    |mul_32s_16s_48_1_1_U186     |mul_32s_16s_48_1_1     |        0|   2|  0|  20|    0|
    |mul_32s_16s_48_1_1_U187     |mul_32s_16s_48_1_1     |        0|   2|  0|  20|    0|
    |mul_32s_16s_48_1_1_U188     |mul_32s_16s_48_1_1     |        0|   2|  0|  20|    0|
    |mul_32s_16s_48_1_1_U189     |mul_32s_16s_48_1_1     |        0|   2|  0|  20|    0|
    |mul_32s_16s_48_1_1_U190     |mul_32s_16s_48_1_1     |        0|   2|  0|  20|    0|
    |mul_32s_16s_48_1_1_U191     |mul_32s_16s_48_1_1     |        0|   2|  0|  20|    0|
    |mul_32s_16s_48_1_1_U192     |mul_32s_16s_48_1_1     |        0|   2|  0|  20|    0|
    |mul_32s_16s_48_1_1_U193     |mul_32s_16s_48_1_1     |        0|   2|  0|  20|    0|
    |mul_32s_16s_48_1_1_U194     |mul_32s_16s_48_1_1     |        0|   2|  0|  20|    0|
    |mul_32s_16s_48_1_1_U195     |mul_32s_16s_48_1_1     |        0|   2|  0|  20|    0|
    |mul_32s_16s_48_1_1_U196     |mul_32s_16s_48_1_1     |        0|   2|  0|  20|    0|
    |mul_32s_16s_48_1_1_U197     |mul_32s_16s_48_1_1     |        0|   2|  0|  20|    0|
    |mul_32s_16s_48_1_1_U198     |mul_32s_16s_48_1_1     |        0|   2|  0|  20|    0|
    |mul_32s_16s_48_1_1_U199     |mul_32s_16s_48_1_1     |        0|   2|  0|  20|    0|
    |mul_32s_16s_48_1_1_U200     |mul_32s_16s_48_1_1     |        0|   2|  0|  20|    0|
    |mul_32s_16s_48_1_1_U201     |mul_32s_16s_48_1_1     |        0|   2|  0|  20|    0|
    |mul_32s_32s_64_1_1_U202     |mul_32s_32s_64_1_1     |        0|   4|  0|  20|    0|
    |mul_32s_32s_64_1_1_U203     |mul_32s_32s_64_1_1     |        0|   4|  0|  20|    0|
    |mul_32s_32s_64_1_1_U204     |mul_32s_32s_64_1_1     |        0|   4|  0|  20|    0|
    |mul_32s_32s_64_1_1_U205     |mul_32s_32s_64_1_1     |        0|   4|  0|  20|    0|
    |mul_32s_32s_64_1_1_U206     |mul_32s_32s_64_1_1     |        0|   4|  0|  20|    0|
    |mul_32s_32s_64_1_1_U207     |mul_32s_32s_64_1_1     |        0|   4|  0|  20|    0|
    |mul_32s_32s_64_1_1_U208     |mul_32s_32s_64_1_1     |        0|   4|  0|  20|    0|
    |mul_32s_32s_64_1_1_U209     |mul_32s_32s_64_1_1     |        0|   4|  0|  20|    0|
    |mul_32s_32s_64_1_1_U210     |mul_32s_32s_64_1_1     |        0|   4|  0|  20|    0|
    |mul_32s_32s_64_1_1_U211     |mul_32s_32s_64_1_1     |        0|   4|  0|  20|    0|
    |mul_32s_32s_64_1_1_U212     |mul_32s_32s_64_1_1     |        0|   4|  0|  20|    0|
    |mul_32s_32s_64_1_1_U213     |mul_32s_32s_64_1_1     |        0|   4|  0|  20|    0|
    |mul_32s_32s_64_1_1_U214     |mul_32s_32s_64_1_1     |        0|   4|  0|  20|    0|
    |mul_32s_32s_64_1_1_U215     |mul_32s_32s_64_1_1     |        0|   4|  0|  20|    0|
    |mul_32s_32s_64_1_1_U216     |mul_32s_32s_64_1_1     |        0|   4|  0|  20|    0|
    |mul_32s_32s_64_1_1_U217     |mul_32s_32s_64_1_1     |        0|   4|  0|  20|    0|
    |mul_32s_32s_64_1_1_U218     |mul_32s_32s_64_1_1     |        0|   4|  0|  20|    0|
    |mul_32s_32s_64_1_1_U219     |mul_32s_32s_64_1_1     |        0|   4|  0|  20|    0|
    |mul_32s_32s_64_1_1_U220     |mul_32s_32s_64_1_1     |        0|   4|  0|  20|    0|
    |mul_32s_32s_64_1_1_U221     |mul_32s_32s_64_1_1     |        0|   4|  0|  20|    0|
    |mul_32s_32s_64_1_1_U222     |mul_32s_32s_64_1_1     |        0|   4|  0|  20|    0|
    |mul_32s_32s_64_1_1_U223     |mul_32s_32s_64_1_1     |        0|   4|  0|  20|    0|
    |mul_32s_32s_64_1_1_U224     |mul_32s_32s_64_1_1     |        0|   4|  0|  20|    0|
    |mul_32s_32s_64_1_1_U225     |mul_32s_32s_64_1_1     |        0|   4|  0|  20|    0|
    |mul_32s_32s_64_1_1_U226     |mul_32s_32s_64_1_1     |        0|   4|  0|  20|    0|
    |mul_32s_32s_64_1_1_U227     |mul_32s_32s_64_1_1     |        0|   4|  0|  20|    0|
    |mul_32s_32s_64_1_1_U228     |mul_32s_32s_64_1_1     |        0|   4|  0|  20|    0|
    |mul_32s_32s_64_1_1_U229     |mul_32s_32s_64_1_1     |        0|   4|  0|  20|    0|
    |mul_32s_32s_64_1_1_U230     |mul_32s_32s_64_1_1     |        0|   4|  0|  20|    0|
    |mul_32s_32s_64_1_1_U231     |mul_32s_32s_64_1_1     |        0|   4|  0|  20|    0|
    |mul_32s_32s_64_1_1_U232     |mul_32s_32s_64_1_1     |        0|   4|  0|  20|    0|
    |mul_32s_32s_64_1_1_U233     |mul_32s_32s_64_1_1     |        0|   4|  0|  20|    0|
    |mul_32s_32s_64_1_1_U234     |mul_32s_32s_64_1_1     |        0|   4|  0|  20|    0|
    |mul_32s_32s_64_1_1_U235     |mul_32s_32s_64_1_1     |        0|   4|  0|  20|    0|
    |mul_40s_24s_64_1_1_U236     |mul_40s_24s_64_1_1     |        0|   3|  0|  28|    0|
    |sparsemux_33_4_24_1_1_U240  |sparsemux_33_4_24_1_1  |        0|   0|  0|  65|    0|
    |sparsemux_33_4_24_1_1_U244  |sparsemux_33_4_24_1_1  |        0|   0|  0|  65|    0|
    |sparsemux_33_4_28_1_1_U238  |sparsemux_33_4_28_1_1  |        0|   0|  0|  65|    0|
    |sparsemux_33_4_28_1_1_U242  |sparsemux_33_4_28_1_1  |        0|   0|  0|  65|    0|
    |sparsemux_33_4_29_1_1_U239  |sparsemux_33_4_29_1_1  |        0|   0|  0|  65|    0|
    |sparsemux_33_4_29_1_1_U243  |sparsemux_33_4_29_1_1  |        0|   0|  0|  65|    0|
    |sparsemux_9_3_32_1_1_U241   |sparsemux_9_3_32_1_1   |        0|   0|  0|  14|    0|
    |sparsemux_9_3_32_1_1_U245   |sparsemux_9_3_32_1_1   |        0|   0|  0|  14|    0|
    +----------------------------+-----------------------+---------+----+---+----+-----+
    |Total                       |                       |        0| 208|  0|1831|    0|
    +----------------------------+-----------------------+---------+----+---+----+-----+

    * DSP: 
    +------------------------------------+-------------------------------+--------------+
    |              Instance              |             Module            |  Expression  |
    +------------------------------------+-------------------------------+--------------+
    |mac_muladd_16s_16s_32s_33_4_1_U246  |mac_muladd_16s_16s_32s_33_4_1  |  i0 + i1 * i2|
    |mac_muladd_16s_16s_33s_33_4_1_U247  |mac_muladd_16s_16s_33s_33_4_1  |  i0 + i1 * i2|
    |mac_muladd_16s_16s_40s_41_4_1_U248  |mac_muladd_16s_16s_40s_41_4_1  |  i0 + i1 * i2|
    |mac_muladd_16s_16s_40s_41_4_1_U249  |mac_muladd_16s_16s_40s_41_4_1  |  i0 + i1 * i2|
    |mac_muladd_16s_16s_40s_41_4_1_U250  |mac_muladd_16s_16s_40s_41_4_1  |  i0 + i1 * i2|
    |mac_muladd_16s_16s_40s_41_4_1_U251  |mac_muladd_16s_16s_40s_41_4_1  |  i0 + i1 * i2|
    |mac_muladd_16s_16s_40s_41_4_1_U252  |mac_muladd_16s_16s_40s_41_4_1  |  i0 + i1 * i2|
    |mac_muladd_16s_16s_40s_41_4_1_U253  |mac_muladd_16s_16s_40s_41_4_1  |  i0 + i1 * i2|
    |mac_muladd_16s_16s_40s_41_4_1_U254  |mac_muladd_16s_16s_40s_41_4_1  |  i0 + i1 * i2|
    |mac_muladd_16s_16s_40s_41_4_1_U255  |mac_muladd_16s_16s_40s_41_4_1  |  i0 + i1 * i2|
    |mac_muladd_16s_16s_40s_41_4_1_U256  |mac_muladd_16s_16s_40s_41_4_1  |  i0 + i1 * i2|
    |mac_muladd_16s_16s_40s_41_4_1_U257  |mac_muladd_16s_16s_40s_41_4_1  |  i0 + i1 * i2|
    |mac_muladd_16s_16s_40s_41_4_1_U258  |mac_muladd_16s_16s_40s_41_4_1  |  i0 + i1 * i2|
    |mac_muladd_16s_16s_40s_41_4_1_U259  |mac_muladd_16s_16s_40s_41_4_1  |  i0 + i1 * i2|
    |mac_muladd_16s_16s_40s_41_4_1_U260  |mac_muladd_16s_16s_40s_41_4_1  |  i0 + i1 * i2|
    |mac_muladd_16s_16s_40s_41_4_1_U261  |mac_muladd_16s_16s_40s_41_4_1  |  i0 + i1 * i2|
    |mac_muladd_16s_16s_40s_41_4_1_U262  |mac_muladd_16s_16s_40s_41_4_1  |  i0 + i1 * i2|
    |mac_muladd_16s_16s_40s_41_4_1_U263  |mac_muladd_16s_16s_40s_41_4_1  |  i0 + i1 * i2|
    |mac_muladd_16s_16s_40s_41_4_1_U264  |mac_muladd_16s_16s_40s_41_4_1  |  i0 + i1 * i2|
    |mac_muladd_16s_16s_40s_41_4_1_U265  |mac_muladd_16s_16s_40s_41_4_1  |  i0 + i1 * i2|
    |mac_muladd_16s_16s_40s_41_4_1_U266  |mac_muladd_16s_16s_40s_41_4_1  |  i0 + i1 * i2|
    |mac_muladd_16s_16s_40s_41_4_1_U267  |mac_muladd_16s_16s_40s_41_4_1  |  i0 + i1 * i2|
    |mac_muladd_16s_16s_40s_41_4_1_U268  |mac_muladd_16s_16s_40s_41_4_1  |  i0 + i1 * i2|
    |mac_muladd_16s_16s_40s_41_4_1_U269  |mac_muladd_16s_16s_40s_41_4_1  |  i0 + i1 * i2|
    |mac_muladd_16s_16s_40s_41_4_1_U270  |mac_muladd_16s_16s_40s_41_4_1  |  i0 + i1 * i2|
    |mac_muladd_16s_16s_40s_41_4_1_U271  |mac_muladd_16s_16s_40s_41_4_1  |  i0 + i1 * i2|
    |mac_muladd_16s_16s_40s_41_4_1_U272  |mac_muladd_16s_16s_40s_41_4_1  |  i0 + i1 * i2|
    |mac_muladd_16s_16s_40s_41_4_1_U273  |mac_muladd_16s_16s_40s_41_4_1  |  i0 + i1 * i2|
    |mac_muladd_16s_16s_40s_41_4_1_U274  |mac_muladd_16s_16s_40s_41_4_1  |  i0 + i1 * i2|
    |mac_muladd_16s_16s_40s_41_4_1_U275  |mac_muladd_16s_16s_40s_41_4_1  |  i0 + i1 * i2|
    |mac_muladd_16s_16s_40s_41_4_1_U276  |mac_muladd_16s_16s_40s_41_4_1  |  i0 + i1 * i2|
    |mac_muladd_16s_16s_40s_41_4_1_U277  |mac_muladd_16s_16s_40s_41_4_1  |  i0 + i1 * i2|
    |mac_muladd_16s_16s_40s_41_4_1_U278  |mac_muladd_16s_16s_40s_41_4_1  |  i0 + i1 * i2|
    |mac_muladd_16s_16s_40s_41_4_1_U279  |mac_muladd_16s_16s_40s_41_4_1  |  i0 + i1 * i2|
    |mac_muladd_16s_16s_40s_41_4_1_U280  |mac_muladd_16s_16s_40s_41_4_1  |  i0 + i1 * i2|
    |mac_muladd_16s_16s_40s_41_4_1_U281  |mac_muladd_16s_16s_40s_41_4_1  |  i0 + i1 * i2|
    |mac_muladd_16s_16s_40s_41_4_1_U282  |mac_muladd_16s_16s_40s_41_4_1  |  i0 + i1 * i2|
    |mac_muladd_16s_16s_40s_41_4_1_U283  |mac_muladd_16s_16s_40s_41_4_1  |  i0 + i1 * i2|
    |mac_muladd_16s_16s_40s_41_4_1_U284  |mac_muladd_16s_16s_40s_41_4_1  |  i0 + i1 * i2|
    |mac_muladd_16s_16s_40s_41_4_1_U285  |mac_muladd_16s_16s_40s_41_4_1  |  i0 + i1 * i2|
    |mac_muladd_16s_16s_40s_41_4_1_U286  |mac_muladd_16s_16s_40s_41_4_1  |  i0 + i1 * i2|
    |mac_muladd_16s_16s_40s_41_4_1_U287  |mac_muladd_16s_16s_40s_41_4_1  |  i0 + i1 * i2|
    |mac_muladd_16s_16s_40s_41_4_1_U288  |mac_muladd_16s_16s_40s_41_4_1  |  i0 + i1 * i2|
    |mac_muladd_16s_16s_40s_41_4_1_U289  |mac_muladd_16s_16s_40s_41_4_1  |  i0 + i1 * i2|
    |mac_muladd_16s_16s_40s_41_4_1_U290  |mac_muladd_16s_16s_40s_41_4_1  |  i0 + i1 * i2|
    |mac_muladd_16s_16s_40s_41_4_1_U291  |mac_muladd_16s_16s_40s_41_4_1  |  i0 + i1 * i2|
    |mac_muladd_16s_16s_40s_41_4_1_U292  |mac_muladd_16s_16s_40s_41_4_1  |  i0 + i1 * i2|
    |mac_muladd_16s_16s_40s_41_4_1_U293  |mac_muladd_16s_16s_40s_41_4_1  |  i0 + i1 * i2|
    |mac_muladd_16s_16s_40s_41_4_1_U294  |mac_muladd_16s_16s_40s_41_4_1  |  i0 + i1 * i2|
    |mac_muladd_16s_16s_40s_41_4_1_U295  |mac_muladd_16s_16s_40s_41_4_1  |  i0 + i1 * i2|
    |mac_muladd_16s_16s_40s_41_4_1_U296  |mac_muladd_16s_16s_40s_41_4_1  |  i0 + i1 * i2|
    |mac_muladd_16s_16s_40s_41_4_1_U297  |mac_muladd_16s_16s_40s_41_4_1  |  i0 + i1 * i2|
    |mac_muladd_16s_16s_40s_41_4_1_U298  |mac_muladd_16s_16s_40s_41_4_1  |  i0 + i1 * i2|
    |mac_muladd_16s_16s_40s_41_4_1_U299  |mac_muladd_16s_16s_40s_41_4_1  |  i0 + i1 * i2|
    |mac_muladd_16s_16s_40s_41_4_1_U300  |mac_muladd_16s_16s_40s_41_4_1  |  i0 + i1 * i2|
    |mac_muladd_16s_16s_40s_41_4_1_U301  |mac_muladd_16s_16s_40s_41_4_1  |  i0 + i1 * i2|
    |mac_muladd_16s_16s_40s_41_4_1_U302  |mac_muladd_16s_16s_40s_41_4_1  |  i0 + i1 * i2|
    |mac_muladd_16s_16s_40s_41_4_1_U303  |mac_muladd_16s_16s_40s_41_4_1  |  i0 + i1 * i2|
    |mac_muladd_16s_16s_40s_41_4_1_U304  |mac_muladd_16s_16s_40s_41_4_1  |  i0 + i1 * i2|
    |mac_muladd_16s_16s_40s_41_4_1_U305  |mac_muladd_16s_16s_40s_41_4_1  |  i0 + i1 * i2|
    |mac_muladd_16s_16s_40s_41_4_1_U306  |mac_muladd_16s_16s_40s_41_4_1  |  i0 + i1 * i2|
    |mac_muladd_16s_16s_40s_41_4_1_U307  |mac_muladd_16s_16s_40s_41_4_1  |  i0 + i1 * i2|
    |mac_muladd_16s_16s_40s_41_4_1_U308  |mac_muladd_16s_16s_40s_41_4_1  |  i0 + i1 * i2|
    +------------------------------------+-------------------------------+--------------+

    * Memory: 
    N/A

    * FIFO: 
    N/A

    * Expression: 
    +-----------------------------+----------+----+---+-----+------------+------------+
    |        Variable Name        | Operation| DSP| FF| LUT | Bitwidth P0| Bitwidth P1|
    +-----------------------------+----------+----+---+-----+------------+------------+
    |add_ln45_fu_5383_p2          |         +|   0|  0|   15|           8|           1|
    |add_ln49_1_fu_9802_p2        |         +|   0|  0|   12|           5|           1|
    |add_ln49_fu_9453_p2          |         +|   0|  0|   12|           5|           1|
    |add_ln58_1_fu_10611_p2       |         +|   0|  0|   40|          33|          33|
    |add_ln58_2_fu_10021_p2       |         +|   0|  0|   39|          32|          32|
    |add_ln58_3_fu_10606_p2       |         +|   0|  0|   39|          32|          32|
    |add_ln58_fu_10027_p2         |         +|   0|  0|   40|          33|          33|
    |add_ln77_1_fu_10854_p2       |         +|   0|  0|   39|          32|          32|
    |add_ln77_fu_10860_p2         |         +|   0|  0|   40|          33|          33|
    |add_ln85_100_fu_16989_p2     |         +|   0|  0|   39|          32|          32|
    |add_ln85_101_fu_17144_p2     |         +|   0|  0|   39|          32|          32|
    |add_ln85_102_fu_17299_p2     |         +|   0|  0|   39|          32|          32|
    |add_ln85_103_fu_17454_p2     |         +|   0|  0|   39|          32|          32|
    |add_ln85_104_fu_17609_p2     |         +|   0|  0|   39|          32|          32|
    |add_ln85_105_fu_17764_p2     |         +|   0|  0|   39|          32|          32|
    |add_ln85_106_fu_17919_p2     |         +|   0|  0|   39|          32|          32|
    |add_ln85_107_fu_18074_p2     |         +|   0|  0|   39|          32|          32|
    |add_ln85_108_fu_18229_p2     |         +|   0|  0|   39|          32|          32|
    |add_ln85_109_fu_18384_p2     |         +|   0|  0|   39|          32|          32|
    |add_ln85_10_fu_12601_p2      |         +|   0|  0|   40|          33|          33|
    |add_ln85_110_fu_18539_p2     |         +|   0|  0|   39|          32|          32|
    |add_ln85_111_fu_18694_p2     |         +|   0|  0|   39|          32|          32|
    |add_ln85_112_fu_18849_p2     |         +|   0|  0|   39|          32|          32|
    |add_ln85_113_fu_19004_p2     |         +|   0|  0|   39|          32|          32|
    |add_ln85_114_fu_19159_p2     |         +|   0|  0|   39|          32|          32|
    |add_ln85_115_fu_19314_p2     |         +|   0|  0|   39|          32|          32|
    |add_ln85_116_fu_19469_p2     |         +|   0|  0|   39|          32|          32|
    |add_ln85_117_fu_19624_p2     |         +|   0|  0|   39|          32|          32|
    |add_ln85_118_fu_19779_p2     |         +|   0|  0|   39|          32|          32|
    |add_ln85_119_fu_19934_p2     |         +|   0|  0|   39|          32|          32|
    |add_ln85_11_fu_12756_p2      |         +|   0|  0|   40|          33|          33|
    |add_ln85_120_fu_20089_p2     |         +|   0|  0|   39|          32|          32|
    |add_ln85_121_fu_20244_p2     |         +|   0|  0|   39|          32|          32|
    |add_ln85_122_fu_20399_p2     |         +|   0|  0|   39|          32|          32|
    |add_ln85_123_fu_20554_p2     |         +|   0|  0|   39|          32|          32|
    |add_ln85_124_fu_20709_p2     |         +|   0|  0|   39|          32|          32|
    |add_ln85_125_fu_20864_p2     |         +|   0|  0|   39|          32|          32|
    |add_ln85_126_fu_21019_p2     |         +|   0|  0|   39|          32|          32|
    |add_ln85_127_fu_21174_p2     |         +|   0|  0|   39|          32|          32|
    |add_ln85_12_fu_12911_p2      |         +|   0|  0|   40|          33|          33|
    |add_ln85_13_fu_13066_p2      |         +|   0|  0|   40|          33|          33|
    |add_ln85_14_fu_13221_p2      |         +|   0|  0|   40|          33|          33|
    |add_ln85_15_fu_13376_p2      |         +|   0|  0|   40|          33|          33|
    |add_ln85_16_fu_13531_p2      |         +|   0|  0|   40|          33|          33|
    |add_ln85_17_fu_13686_p2      |         +|   0|  0|   40|          33|          33|
    |add_ln85_18_fu_13841_p2      |         +|   0|  0|   40|          33|          33|
    |add_ln85_19_fu_13996_p2      |         +|   0|  0|   40|          33|          33|
    |add_ln85_1_fu_11206_p2       |         +|   0|  0|   40|          33|          33|
    |add_ln85_20_fu_14151_p2      |         +|   0|  0|   40|          33|          33|
    |add_ln85_21_fu_14306_p2      |         +|   0|  0|   40|          33|          33|
    |add_ln85_22_fu_14461_p2      |         +|   0|  0|   40|          33|          33|
    |add_ln85_23_fu_14616_p2      |         +|   0|  0|   40|          33|          33|
    |add_ln85_24_fu_14771_p2      |         +|   0|  0|   40|          33|          33|
    |add_ln85_25_fu_14926_p2      |         +|   0|  0|   40|          33|          33|
    |add_ln85_26_fu_15081_p2      |         +|   0|  0|   40|          33|          33|
    |add_ln85_27_fu_15236_p2      |         +|   0|  0|   40|          33|          33|
    |add_ln85_28_fu_15391_p2      |         +|   0|  0|   40|          33|          33|
    |add_ln85_29_fu_15546_p2      |         +|   0|  0|   40|          33|          33|
    |add_ln85_2_fu_11361_p2       |         +|   0|  0|   40|          33|          33|
    |add_ln85_30_fu_15737_p2      |         +|   0|  0|   40|          33|          33|
    |add_ln85_31_fu_15928_p2      |         +|   0|  0|   40|          33|          33|
    |add_ln85_32_fu_16375_p2      |         +|   0|  0|   40|          33|          33|
    |add_ln85_33_fu_16530_p2      |         +|   0|  0|   40|          33|          33|
    |add_ln85_34_fu_16685_p2      |         +|   0|  0|   40|          33|          33|
    |add_ln85_35_fu_16840_p2      |         +|   0|  0|   40|          33|          33|
    |add_ln85_36_fu_16995_p2      |         +|   0|  0|   40|          33|          33|
    |add_ln85_37_fu_17150_p2      |         +|   0|  0|   40|          33|          33|
    |add_ln85_38_fu_17305_p2      |         +|   0|  0|   40|          33|          33|
    |add_ln85_39_fu_17460_p2      |         +|   0|  0|   40|          33|          33|
    |add_ln85_3_fu_11516_p2       |         +|   0|  0|   40|          33|          33|
    |add_ln85_40_fu_17615_p2      |         +|   0|  0|   40|          33|          33|
    |add_ln85_41_fu_17770_p2      |         +|   0|  0|   40|          33|          33|
    |add_ln85_42_fu_17925_p2      |         +|   0|  0|   40|          33|          33|
    |add_ln85_43_fu_18080_p2      |         +|   0|  0|   40|          33|          33|
    |add_ln85_44_fu_18235_p2      |         +|   0|  0|   40|          33|          33|
    |add_ln85_45_fu_18390_p2      |         +|   0|  0|   40|          33|          33|
    |add_ln85_46_fu_18545_p2      |         +|   0|  0|   40|          33|          33|
    |add_ln85_47_fu_18700_p2      |         +|   0|  0|   40|          33|          33|
    |add_ln85_48_fu_18855_p2      |         +|   0|  0|   40|          33|          33|
    |add_ln85_49_fu_19010_p2      |         +|   0|  0|   40|          33|          33|
    |add_ln85_4_fu_11671_p2       |         +|   0|  0|   40|          33|          33|
    |add_ln85_50_fu_19165_p2      |         +|   0|  0|   40|          33|          33|
    |add_ln85_51_fu_19320_p2      |         +|   0|  0|   40|          33|          33|
    |add_ln85_52_fu_19475_p2      |         +|   0|  0|   40|          33|          33|
    |add_ln85_53_fu_19630_p2      |         +|   0|  0|   40|          33|          33|
    |add_ln85_54_fu_19785_p2      |         +|   0|  0|   40|          33|          33|
    |add_ln85_55_fu_19940_p2      |         +|   0|  0|   40|          33|          33|
    |add_ln85_56_fu_20095_p2      |         +|   0|  0|   40|          33|          33|
    |add_ln85_57_fu_20250_p2      |         +|   0|  0|   40|          33|          33|
    |add_ln85_58_fu_20405_p2      |         +|   0|  0|   40|          33|          33|
    |add_ln85_59_fu_20560_p2      |         +|   0|  0|   40|          33|          33|
    |add_ln85_5_fu_11826_p2       |         +|   0|  0|   40|          33|          33|
    |add_ln85_60_fu_20715_p2      |         +|   0|  0|   40|          33|          33|
    |add_ln85_61_fu_20870_p2      |         +|   0|  0|   40|          33|          33|
    |add_ln85_62_fu_21025_p2      |         +|   0|  0|   40|          33|          33|
    |add_ln85_63_fu_21180_p2      |         +|   0|  0|   40|          33|          33|
    |add_ln85_64_fu_11045_p2      |         +|   0|  0|   39|          32|          32|
    |add_ln85_65_fu_11200_p2      |         +|   0|  0|   39|          32|          32|
    |add_ln85_66_fu_11355_p2      |         +|   0|  0|   39|          32|          32|
    |add_ln85_67_fu_11510_p2      |         +|   0|  0|   39|          32|          32|
    |add_ln85_68_fu_11665_p2      |         +|   0|  0|   39|          32|          32|
    |add_ln85_69_fu_11820_p2      |         +|   0|  0|   39|          32|          32|
    |add_ln85_6_fu_11981_p2       |         +|   0|  0|   40|          33|          33|
    |add_ln85_70_fu_11975_p2      |         +|   0|  0|   39|          32|          32|
    |add_ln85_71_fu_12130_p2      |         +|   0|  0|   39|          32|          32|
    |add_ln85_72_fu_12285_p2      |         +|   0|  0|   39|          32|          32|
    |add_ln85_73_fu_12440_p2      |         +|   0|  0|   39|          32|          32|
    |add_ln85_74_fu_12595_p2      |         +|   0|  0|   39|          32|          32|
    |add_ln85_75_fu_12750_p2      |         +|   0|  0|   39|          32|          32|
    |add_ln85_76_fu_12905_p2      |         +|   0|  0|   39|          32|          32|
    |add_ln85_77_fu_13060_p2      |         +|   0|  0|   39|          32|          32|
    |add_ln85_78_fu_13215_p2      |         +|   0|  0|   39|          32|          32|
    |add_ln85_79_fu_13370_p2      |         +|   0|  0|   39|          32|          32|
    |add_ln85_7_fu_12136_p2       |         +|   0|  0|   40|          33|          33|
    |add_ln85_80_fu_13525_p2      |         +|   0|  0|   39|          32|          32|
    |add_ln85_81_fu_13680_p2      |         +|   0|  0|   39|          32|          32|
    |add_ln85_82_fu_13835_p2      |         +|   0|  0|   39|          32|          32|
    |add_ln85_83_fu_13990_p2      |         +|   0|  0|   39|          32|          32|
    |add_ln85_84_fu_14145_p2      |         +|   0|  0|   39|          32|          32|
    |add_ln85_85_fu_14300_p2      |         +|   0|  0|   39|          32|          32|
    |add_ln85_86_fu_14455_p2      |         +|   0|  0|   39|          32|          32|
    |add_ln85_87_fu_14610_p2      |         +|   0|  0|   39|          32|          32|
    |add_ln85_88_fu_14765_p2      |         +|   0|  0|   39|          32|          32|
    |add_ln85_89_fu_14920_p2      |         +|   0|  0|   39|          32|          32|
    |add_ln85_8_fu_12291_p2       |         +|   0|  0|   40|          33|          33|
    |add_ln85_90_fu_15075_p2      |         +|   0|  0|   39|          32|          32|
    |add_ln85_91_fu_15230_p2      |         +|   0|  0|   39|          32|          32|
    |add_ln85_92_fu_15385_p2      |         +|   0|  0|   39|          32|          32|
    |add_ln85_93_fu_15540_p2      |         +|   0|  0|   39|          32|          32|
    |add_ln85_94_fu_15731_p2      |         +|   0|  0|   39|          32|          32|
    |add_ln85_95_fu_15922_p2      |         +|   0|  0|   39|          32|          32|
    |add_ln85_96_fu_16370_p2      |         +|   0|  0|   39|          32|          32|
    |add_ln85_97_fu_16524_p2      |         +|   0|  0|   39|          32|          32|
    |add_ln85_98_fu_16679_p2      |         +|   0|  0|   39|          32|          32|
    |add_ln85_99_fu_16834_p2      |         +|   0|  0|   39|          32|          32|
    |add_ln85_9_fu_12446_p2       |         +|   0|  0|   40|          33|          33|
    |add_ln85_fu_11051_p2         |         +|   0|  0|   40|          33|          33|
    |corr_3_fu_9874_p2            |         +|   0|  0|   38|          31|          31|
    |p_3_fu_10359_p2              |         +|   0|  0|   38|          31|          31|
    |pos_1_fu_9756_p2             |         +|   0|  0|   27|          20|          18|
    |pos_fu_9399_p2               |         +|   0|  0|   27|          20|          18|
    |sub_ln11_1_fu_9670_p2        |         -|   0|  0|   32|          25|          25|
    |sub_ln11_fu_9313_p2          |         -|   0|  0|   32|          25|          25|
    |sub_ln55_1_fu_10307_p2       |         -|   0|  0|   22|          15|          15|
    |sub_ln55_fu_9651_p2          |         -|   0|  0|   22|          15|          15|
    |sub_ln56_1_fu_10329_p2       |         -|   0|  0|   36|          29|          29|
    |sub_ln56_fu_9661_p2          |         -|   0|  0|   36|          29|          29|
    |and_ln11_1_fu_9702_p2        |       and|   0|  0|    2|           1|           1|
    |and_ln11_fu_9345_p2          |       and|   0|  0|    2|           1|           1|
    |and_ln45_1_fu_10678_p2       |       and|   0|  0|    2|           1|           1|
    |and_ln45_fu_10094_p2         |       and|   0|  0|    2|           1|           1|
    |and_ln56_1_fu_10395_p2       |       and|   0|  0|    2|           1|           1|
    |and_ln56_fu_9910_p2          |       and|   0|  0|    2|           1|           1|
    |and_ln58_1_fu_10643_p2       |       and|   0|  0|    2|           1|           1|
    |and_ln58_2_fu_10099_p2       |       and|   0|  0|    2|           1|           1|
    |and_ln58_3_fu_10683_p2       |       and|   0|  0|    2|           1|           1|
    |and_ln58_fu_10059_p2         |       and|   0|  0|    2|           1|           1|
    |and_ln61_10_fu_6201_p2       |       and|   0|  0|    2|           1|           1|
    |and_ln61_11_fu_6259_p2       |       and|   0|  0|    2|           1|           1|
    |and_ln61_12_fu_6317_p2       |       and|   0|  0|    2|           1|           1|
    |and_ln61_13_fu_6375_p2       |       and|   0|  0|    2|           1|           1|
    |and_ln61_14_fu_6433_p2       |       and|   0|  0|    2|           1|           1|
    |and_ln61_15_fu_6491_p2       |       and|   0|  0|    2|           1|           1|
    |and_ln61_16_fu_6549_p2       |       and|   0|  0|    2|           1|           1|
    |and_ln61_17_fu_6607_p2       |       and|   0|  0|    2|           1|           1|
    |and_ln61_18_fu_6665_p2       |       and|   0|  0|    2|           1|           1|
    |and_ln61_19_fu_6723_p2       |       and|   0|  0|    2|           1|           1|
    |and_ln61_1_fu_5679_p2        |       and|   0|  0|    2|           1|           1|
    |and_ln61_20_fu_6781_p2       |       and|   0|  0|    2|           1|           1|
    |and_ln61_21_fu_6839_p2       |       and|   0|  0|    2|           1|           1|
    |and_ln61_22_fu_6897_p2       |       and|   0|  0|    2|           1|           1|
    |and_ln61_23_fu_6955_p2       |       and|   0|  0|    2|           1|           1|
    |and_ln61_24_fu_7013_p2       |       and|   0|  0|    2|           1|           1|
    |and_ln61_25_fu_7071_p2       |       and|   0|  0|    2|           1|           1|
    |and_ln61_26_fu_7129_p2       |       and|   0|  0|    2|           1|           1|
    |and_ln61_27_fu_7187_p2       |       and|   0|  0|    2|           1|           1|
    |and_ln61_28_fu_7245_p2       |       and|   0|  0|    2|           1|           1|
    |and_ln61_29_fu_7303_p2       |       and|   0|  0|    2|           1|           1|
    |and_ln61_2_fu_5737_p2        |       and|   0|  0|    2|           1|           1|
    |and_ln61_30_fu_7361_p2       |       and|   0|  0|    2|           1|           1|
    |and_ln61_31_fu_7419_p2       |       and|   0|  0|    2|           1|           1|
    |and_ln61_32_fu_7477_p2       |       and|   0|  0|    2|           1|           1|
    |and_ln61_33_fu_7535_p2       |       and|   0|  0|    2|           1|           1|
    |and_ln61_34_fu_7593_p2       |       and|   0|  0|    2|           1|           1|
    |and_ln61_35_fu_7651_p2       |       and|   0|  0|    2|           1|           1|
    |and_ln61_36_fu_7709_p2       |       and|   0|  0|    2|           1|           1|
    |and_ln61_37_fu_7767_p2       |       and|   0|  0|    2|           1|           1|
    |and_ln61_38_fu_7825_p2       |       and|   0|  0|    2|           1|           1|
    |and_ln61_39_fu_7883_p2       |       and|   0|  0|    2|           1|           1|
    |and_ln61_3_fu_5795_p2        |       and|   0|  0|    2|           1|           1|
    |and_ln61_40_fu_7941_p2       |       and|   0|  0|    2|           1|           1|
    |and_ln61_41_fu_7999_p2       |       and|   0|  0|    2|           1|           1|
    |and_ln61_42_fu_8057_p2       |       and|   0|  0|    2|           1|           1|
    |and_ln61_43_fu_8115_p2       |       and|   0|  0|    2|           1|           1|
    |and_ln61_44_fu_8173_p2       |       and|   0|  0|    2|           1|           1|
    |and_ln61_45_fu_8231_p2       |       and|   0|  0|    2|           1|           1|
    |and_ln61_46_fu_8289_p2       |       and|   0|  0|    2|           1|           1|
    |and_ln61_47_fu_8347_p2       |       and|   0|  0|    2|           1|           1|
    |and_ln61_48_fu_8405_p2       |       and|   0|  0|    2|           1|           1|
    |and_ln61_49_fu_8463_p2       |       and|   0|  0|    2|           1|           1|
    |and_ln61_4_fu_5853_p2        |       and|   0|  0|    2|           1|           1|
    |and_ln61_50_fu_8521_p2       |       and|   0|  0|    2|           1|           1|
    |and_ln61_51_fu_8579_p2       |       and|   0|  0|    2|           1|           1|
    |and_ln61_52_fu_8637_p2       |       and|   0|  0|    2|           1|           1|
    |and_ln61_53_fu_8695_p2       |       and|   0|  0|    2|           1|           1|
    |and_ln61_54_fu_8753_p2       |       and|   0|  0|    2|           1|           1|
    |and_ln61_55_fu_8811_p2       |       and|   0|  0|    2|           1|           1|
    |and_ln61_56_fu_8869_p2       |       and|   0|  0|    2|           1|           1|
    |and_ln61_57_fu_8927_p2       |       and|   0|  0|    2|           1|           1|
    |and_ln61_58_fu_8985_p2       |       and|   0|  0|    2|           1|           1|
    |and_ln61_59_fu_9043_p2       |       and|   0|  0|    2|           1|           1|
    |and_ln61_5_fu_5911_p2        |       and|   0|  0|    2|           1|           1|
    |and_ln61_60_fu_9098_p2       |       and|   0|  0|    2|           1|           1|
    |and_ln61_61_fu_9153_p2       |       and|   0|  0|    2|           1|           1|
    |and_ln61_6_fu_5969_p2        |       and|   0|  0|    2|           1|           1|
    |and_ln61_7_fu_6027_p2        |       and|   0|  0|    2|           1|           1|
    |and_ln61_8_fu_6085_p2        |       and|   0|  0|    2|           1|           1|
    |and_ln61_9_fu_6143_p2        |       and|   0|  0|    2|           1|           1|
    |and_ln61_fu_5621_p2          |       and|   0|  0|    2|           1|           1|
    |and_ln69_1_fu_9262_p2        |       and|   0|  0|    2|           1|           1|
    |and_ln69_fu_9244_p2          |       and|   0|  0|    2|           1|           1|
    |and_ln77_1_fu_10804_p2       |       and|   0|  0|    2|           1|           1|
    |and_ln77_2_fu_10892_p2       |       and|   0|  0|    2|           1|           1|
    |and_ln77_fu_10786_p2         |       and|   0|  0|    2|           1|           1|
    |and_ln84_100_fu_16480_p2     |       and|   0|  0|    2|           1|           1|
    |and_ln84_101_fu_16562_p2     |       and|   0|  0|    2|           1|           1|
    |and_ln84_102_fu_16617_p2     |       and|   0|  0|    2|           1|           1|
    |and_ln84_103_fu_16635_p2     |       and|   0|  0|    2|           1|           1|
    |and_ln84_104_fu_16717_p2     |       and|   0|  0|    2|           1|           1|
    |and_ln84_105_fu_16772_p2     |       and|   0|  0|    2|           1|           1|
    |and_ln84_106_fu_16790_p2     |       and|   0|  0|    2|           1|           1|
    |and_ln84_107_fu_16872_p2     |       and|   0|  0|    2|           1|           1|
    |and_ln84_108_fu_16927_p2     |       and|   0|  0|    2|           1|           1|
    |and_ln84_109_fu_16945_p2     |       and|   0|  0|    2|           1|           1|
    |and_ln84_10_fu_11466_p2      |       and|   0|  0|    2|           1|           1|
    |and_ln84_110_fu_17027_p2     |       and|   0|  0|    2|           1|           1|
    |and_ln84_111_fu_17082_p2     |       and|   0|  0|    2|           1|           1|
    |and_ln84_112_fu_17100_p2     |       and|   0|  0|    2|           1|           1|
    |and_ln84_113_fu_17182_p2     |       and|   0|  0|    2|           1|           1|
    |and_ln84_114_fu_17237_p2     |       and|   0|  0|    2|           1|           1|
    |and_ln84_115_fu_17255_p2     |       and|   0|  0|    2|           1|           1|
    |and_ln84_116_fu_17337_p2     |       and|   0|  0|    2|           1|           1|
    |and_ln84_117_fu_17392_p2     |       and|   0|  0|    2|           1|           1|
    |and_ln84_118_fu_17410_p2     |       and|   0|  0|    2|           1|           1|
    |and_ln84_119_fu_17492_p2     |       and|   0|  0|    2|           1|           1|
    |and_ln84_11_fu_11548_p2      |       and|   0|  0|    2|           1|           1|
    |and_ln84_120_fu_17547_p2     |       and|   0|  0|    2|           1|           1|
    |and_ln84_121_fu_17565_p2     |       and|   0|  0|    2|           1|           1|
    |and_ln84_122_fu_17647_p2     |       and|   0|  0|    2|           1|           1|
    |and_ln84_123_fu_17702_p2     |       and|   0|  0|    2|           1|           1|
    |and_ln84_124_fu_17720_p2     |       and|   0|  0|    2|           1|           1|
    |and_ln84_125_fu_17802_p2     |       and|   0|  0|    2|           1|           1|
    |and_ln84_126_fu_17857_p2     |       and|   0|  0|    2|           1|           1|
    |and_ln84_127_fu_17875_p2     |       and|   0|  0|    2|           1|           1|
    |and_ln84_128_fu_17957_p2     |       and|   0|  0|    2|           1|           1|
    |and_ln84_129_fu_18012_p2     |       and|   0|  0|    2|           1|           1|
    |and_ln84_12_fu_11603_p2      |       and|   0|  0|    2|           1|           1|
    |and_ln84_130_fu_18030_p2     |       and|   0|  0|    2|           1|           1|
    |and_ln84_131_fu_18112_p2     |       and|   0|  0|    2|           1|           1|
    |and_ln84_132_fu_18167_p2     |       and|   0|  0|    2|           1|           1|
    |and_ln84_133_fu_18185_p2     |       and|   0|  0|    2|           1|           1|
    |and_ln84_134_fu_18267_p2     |       and|   0|  0|    2|           1|           1|
    |and_ln84_135_fu_18322_p2     |       and|   0|  0|    2|           1|           1|
    |and_ln84_136_fu_18340_p2     |       and|   0|  0|    2|           1|           1|
    |and_ln84_137_fu_18422_p2     |       and|   0|  0|    2|           1|           1|
    |and_ln84_138_fu_18477_p2     |       and|   0|  0|    2|           1|           1|
    |and_ln84_139_fu_18495_p2     |       and|   0|  0|    2|           1|           1|
    |and_ln84_13_fu_11621_p2      |       and|   0|  0|    2|           1|           1|
    |and_ln84_140_fu_18577_p2     |       and|   0|  0|    2|           1|           1|
    |and_ln84_141_fu_18632_p2     |       and|   0|  0|    2|           1|           1|
    |and_ln84_142_fu_18650_p2     |       and|   0|  0|    2|           1|           1|
    |and_ln84_143_fu_18732_p2     |       and|   0|  0|    2|           1|           1|
    |and_ln84_144_fu_18787_p2     |       and|   0|  0|    2|           1|           1|
    |and_ln84_145_fu_18805_p2     |       and|   0|  0|    2|           1|           1|
    |and_ln84_146_fu_18887_p2     |       and|   0|  0|    2|           1|           1|
    |and_ln84_147_fu_18942_p2     |       and|   0|  0|    2|           1|           1|
    |and_ln84_148_fu_18960_p2     |       and|   0|  0|    2|           1|           1|
    |and_ln84_149_fu_19042_p2     |       and|   0|  0|    2|           1|           1|
    |and_ln84_14_fu_11703_p2      |       and|   0|  0|    2|           1|           1|
    |and_ln84_150_fu_19097_p2     |       and|   0|  0|    2|           1|           1|
    |and_ln84_151_fu_19115_p2     |       and|   0|  0|    2|           1|           1|
    |and_ln84_152_fu_19197_p2     |       and|   0|  0|    2|           1|           1|
    |and_ln84_153_fu_19252_p2     |       and|   0|  0|    2|           1|           1|
    |and_ln84_154_fu_19270_p2     |       and|   0|  0|    2|           1|           1|
    |and_ln84_155_fu_19352_p2     |       and|   0|  0|    2|           1|           1|
    |and_ln84_156_fu_19407_p2     |       and|   0|  0|    2|           1|           1|
    |and_ln84_157_fu_19425_p2     |       and|   0|  0|    2|           1|           1|
    |and_ln84_158_fu_19507_p2     |       and|   0|  0|    2|           1|           1|
    |and_ln84_159_fu_19562_p2     |       and|   0|  0|    2|           1|           1|
    |and_ln84_15_fu_11758_p2      |       and|   0|  0|    2|           1|           1|
    |and_ln84_160_fu_19580_p2     |       and|   0|  0|    2|           1|           1|
    |and_ln84_161_fu_19662_p2     |       and|   0|  0|    2|           1|           1|
    |and_ln84_162_fu_19717_p2     |       and|   0|  0|    2|           1|           1|
    |and_ln84_163_fu_19735_p2     |       and|   0|  0|    2|           1|           1|
    |and_ln84_164_fu_19817_p2     |       and|   0|  0|    2|           1|           1|
    |and_ln84_165_fu_19872_p2     |       and|   0|  0|    2|           1|           1|
    |and_ln84_166_fu_19890_p2     |       and|   0|  0|    2|           1|           1|
    |and_ln84_167_fu_19972_p2     |       and|   0|  0|    2|           1|           1|
    |and_ln84_168_fu_20027_p2     |       and|   0|  0|    2|           1|           1|
    |and_ln84_169_fu_20045_p2     |       and|   0|  0|    2|           1|           1|
    |and_ln84_16_fu_11776_p2      |       and|   0|  0|    2|           1|           1|
    |and_ln84_170_fu_20127_p2     |       and|   0|  0|    2|           1|           1|
    |and_ln84_171_fu_20182_p2     |       and|   0|  0|    2|           1|           1|
    |and_ln84_172_fu_20200_p2     |       and|   0|  0|    2|           1|           1|
    |and_ln84_173_fu_20282_p2     |       and|   0|  0|    2|           1|           1|
    |and_ln84_174_fu_20337_p2     |       and|   0|  0|    2|           1|           1|
    |and_ln84_175_fu_20355_p2     |       and|   0|  0|    2|           1|           1|
    |and_ln84_176_fu_20437_p2     |       and|   0|  0|    2|           1|           1|
    |and_ln84_177_fu_20492_p2     |       and|   0|  0|    2|           1|           1|
    |and_ln84_178_fu_20510_p2     |       and|   0|  0|    2|           1|           1|
    |and_ln84_179_fu_20592_p2     |       and|   0|  0|    2|           1|           1|
    |and_ln84_17_fu_11858_p2      |       and|   0|  0|    2|           1|           1|
    |and_ln84_180_fu_20647_p2     |       and|   0|  0|    2|           1|           1|
    |and_ln84_181_fu_20665_p2     |       and|   0|  0|    2|           1|           1|
    |and_ln84_182_fu_20747_p2     |       and|   0|  0|    2|           1|           1|
    |and_ln84_183_fu_20802_p2     |       and|   0|  0|    2|           1|           1|
    |and_ln84_184_fu_20820_p2     |       and|   0|  0|    2|           1|           1|
    |and_ln84_185_fu_20902_p2     |       and|   0|  0|    2|           1|           1|
    |and_ln84_186_fu_20957_p2     |       and|   0|  0|    2|           1|           1|
    |and_ln84_187_fu_20975_p2     |       and|   0|  0|    2|           1|           1|
    |and_ln84_188_fu_21057_p2     |       and|   0|  0|    2|           1|           1|
    |and_ln84_189_fu_21112_p2     |       and|   0|  0|    2|           1|           1|
    |and_ln84_18_fu_11913_p2      |       and|   0|  0|    2|           1|           1|
    |and_ln84_190_fu_21130_p2     |       and|   0|  0|    2|           1|           1|
    |and_ln84_191_fu_21212_p2     |       and|   0|  0|    2|           1|           1|
    |and_ln84_19_fu_11931_p2      |       and|   0|  0|    2|           1|           1|
    |and_ln84_1_fu_11001_p2       |       and|   0|  0|    2|           1|           1|
    |and_ln84_20_fu_12013_p2      |       and|   0|  0|    2|           1|           1|
    |and_ln84_21_fu_12068_p2      |       and|   0|  0|    2|           1|           1|
    |and_ln84_22_fu_12086_p2      |       and|   0|  0|    2|           1|           1|
    |and_ln84_23_fu_12168_p2      |       and|   0|  0|    2|           1|           1|
    |and_ln84_24_fu_12223_p2      |       and|   0|  0|    2|           1|           1|
    |and_ln84_25_fu_12241_p2      |       and|   0|  0|    2|           1|           1|
    |and_ln84_26_fu_12323_p2      |       and|   0|  0|    2|           1|           1|
    |and_ln84_27_fu_12378_p2      |       and|   0|  0|    2|           1|           1|
    |and_ln84_28_fu_12396_p2      |       and|   0|  0|    2|           1|           1|
    |and_ln84_29_fu_12478_p2      |       and|   0|  0|    2|           1|           1|
    |and_ln84_2_fu_11083_p2       |       and|   0|  0|    2|           1|           1|
    |and_ln84_30_fu_12533_p2      |       and|   0|  0|    2|           1|           1|
    |and_ln84_31_fu_12551_p2      |       and|   0|  0|    2|           1|           1|
    |and_ln84_32_fu_12633_p2      |       and|   0|  0|    2|           1|           1|
    |and_ln84_33_fu_12688_p2      |       and|   0|  0|    2|           1|           1|
    |and_ln84_34_fu_12706_p2      |       and|   0|  0|    2|           1|           1|
    |and_ln84_35_fu_12788_p2      |       and|   0|  0|    2|           1|           1|
    |and_ln84_36_fu_12843_p2      |       and|   0|  0|    2|           1|           1|
    |and_ln84_37_fu_12861_p2      |       and|   0|  0|    2|           1|           1|
    |and_ln84_38_fu_12943_p2      |       and|   0|  0|    2|           1|           1|
    |and_ln84_39_fu_12998_p2      |       and|   0|  0|    2|           1|           1|
    |and_ln84_3_fu_11138_p2       |       and|   0|  0|    2|           1|           1|
    |and_ln84_40_fu_13016_p2      |       and|   0|  0|    2|           1|           1|
    |and_ln84_41_fu_13098_p2      |       and|   0|  0|    2|           1|           1|
    |and_ln84_42_fu_13153_p2      |       and|   0|  0|    2|           1|           1|
    |and_ln84_43_fu_13171_p2      |       and|   0|  0|    2|           1|           1|
    |and_ln84_44_fu_13253_p2      |       and|   0|  0|    2|           1|           1|
    |and_ln84_45_fu_13308_p2      |       and|   0|  0|    2|           1|           1|
    |and_ln84_46_fu_13326_p2      |       and|   0|  0|    2|           1|           1|
    |and_ln84_47_fu_13408_p2      |       and|   0|  0|    2|           1|           1|
    |and_ln84_48_fu_13463_p2      |       and|   0|  0|    2|           1|           1|
    |and_ln84_49_fu_13481_p2      |       and|   0|  0|    2|           1|           1|
    |and_ln84_4_fu_11156_p2       |       and|   0|  0|    2|           1|           1|
    |and_ln84_50_fu_13563_p2      |       and|   0|  0|    2|           1|           1|
    |and_ln84_51_fu_13618_p2      |       and|   0|  0|    2|           1|           1|
    |and_ln84_52_fu_13636_p2      |       and|   0|  0|    2|           1|           1|
    |and_ln84_53_fu_13718_p2      |       and|   0|  0|    2|           1|           1|
    |and_ln84_54_fu_13773_p2      |       and|   0|  0|    2|           1|           1|
    |and_ln84_55_fu_13791_p2      |       and|   0|  0|    2|           1|           1|
    |and_ln84_56_fu_13873_p2      |       and|   0|  0|    2|           1|           1|
    |and_ln84_57_fu_13928_p2      |       and|   0|  0|    2|           1|           1|
    |and_ln84_58_fu_13946_p2      |       and|   0|  0|    2|           1|           1|
    |and_ln84_59_fu_14028_p2      |       and|   0|  0|    2|           1|           1|
    |and_ln84_5_fu_11238_p2       |       and|   0|  0|    2|           1|           1|
    |and_ln84_60_fu_14083_p2      |       and|   0|  0|    2|           1|           1|
    |and_ln84_61_fu_14101_p2      |       and|   0|  0|    2|           1|           1|
    |and_ln84_62_fu_14183_p2      |       and|   0|  0|    2|           1|           1|
    |and_ln84_63_fu_14238_p2      |       and|   0|  0|    2|           1|           1|
    |and_ln84_64_fu_14256_p2      |       and|   0|  0|    2|           1|           1|
    |and_ln84_65_fu_14338_p2      |       and|   0|  0|    2|           1|           1|
    |and_ln84_66_fu_14393_p2      |       and|   0|  0|    2|           1|           1|
    |and_ln84_67_fu_14411_p2      |       and|   0|  0|    2|           1|           1|
    |and_ln84_68_fu_14493_p2      |       and|   0|  0|    2|           1|           1|
    |and_ln84_69_fu_14548_p2      |       and|   0|  0|    2|           1|           1|
    |and_ln84_6_fu_11293_p2       |       and|   0|  0|    2|           1|           1|
    |and_ln84_70_fu_14566_p2      |       and|   0|  0|    2|           1|           1|
    |and_ln84_71_fu_14648_p2      |       and|   0|  0|    2|           1|           1|
    |and_ln84_72_fu_14703_p2      |       and|   0|  0|    2|           1|           1|
    |and_ln84_73_fu_14721_p2      |       and|   0|  0|    2|           1|           1|
    |and_ln84_74_fu_14803_p2      |       and|   0|  0|    2|           1|           1|
    |and_ln84_75_fu_14858_p2      |       and|   0|  0|    2|           1|           1|
    |and_ln84_76_fu_14876_p2      |       and|   0|  0|    2|           1|           1|
    |and_ln84_77_fu_14958_p2      |       and|   0|  0|    2|           1|           1|
    |and_ln84_78_fu_15013_p2      |       and|   0|  0|    2|           1|           1|
    |and_ln84_79_fu_15031_p2      |       and|   0|  0|    2|           1|           1|
    |and_ln84_7_fu_11311_p2       |       and|   0|  0|    2|           1|           1|
    |and_ln84_80_fu_15113_p2      |       and|   0|  0|    2|           1|           1|
    |and_ln84_81_fu_15168_p2      |       and|   0|  0|    2|           1|           1|
    |and_ln84_82_fu_15186_p2      |       and|   0|  0|    2|           1|           1|
    |and_ln84_83_fu_15268_p2      |       and|   0|  0|    2|           1|           1|
    |and_ln84_84_fu_15323_p2      |       and|   0|  0|    2|           1|           1|
    |and_ln84_85_fu_15341_p2      |       and|   0|  0|    2|           1|           1|
    |and_ln84_86_fu_15423_p2      |       and|   0|  0|    2|           1|           1|
    |and_ln84_87_fu_15478_p2      |       and|   0|  0|    2|           1|           1|
    |and_ln84_88_fu_15496_p2      |       and|   0|  0|    2|           1|           1|
    |and_ln84_89_fu_15578_p2      |       and|   0|  0|    2|           1|           1|
    |and_ln84_8_fu_11393_p2       |       and|   0|  0|    2|           1|           1|
    |and_ln84_90_fu_15669_p2      |       and|   0|  0|    2|           1|           1|
    |and_ln84_91_fu_15687_p2      |       and|   0|  0|    2|           1|           1|
    |and_ln84_92_fu_15769_p2      |       and|   0|  0|    2|           1|           1|
    |and_ln84_93_fu_15860_p2      |       and|   0|  0|    2|           1|           1|
    |and_ln84_94_fu_15878_p2      |       and|   0|  0|    2|           1|           1|
    |and_ln84_95_fu_15960_p2      |       and|   0|  0|    2|           1|           1|
    |and_ln84_96_fu_16051_p2      |       and|   0|  0|    2|           1|           1|
    |and_ln84_97_fu_16069_p2      |       and|   0|  0|    2|           1|           1|
    |and_ln84_98_fu_16407_p2      |       and|   0|  0|    2|           1|           1|
    |and_ln84_99_fu_16462_p2      |       and|   0|  0|    2|           1|           1|
    |and_ln84_9_fu_11448_p2       |       and|   0|  0|    2|           1|           1|
    |and_ln84_fu_10983_p2         |       and|   0|  0|    2|           1|           1|
    |grp_fu_3367_p2               |      icmp|   0|  0|   12|           4|           2|
    |grp_fu_3373_p2               |      icmp|   0|  0|   12|           4|           1|
    |grp_fu_3403_p2               |      icmp|   0|  0|   12|           4|           2|
    |grp_fu_3409_p2               |      icmp|   0|  0|   12|           4|           1|
    |grp_fu_3449_p2               |      icmp|   0|  0|   12|           4|           2|
    |grp_fu_3455_p2               |      icmp|   0|  0|   12|           4|           1|
    |grp_fu_3495_p2               |      icmp|   0|  0|   12|           4|           2|
    |grp_fu_3501_p2               |      icmp|   0|  0|   12|           4|           1|
    |grp_fu_3541_p2               |      icmp|   0|  0|   12|           4|           2|
    |grp_fu_3547_p2               |      icmp|   0|  0|   12|           4|           1|
    |grp_fu_3587_p2               |      icmp|   0|  0|   12|           4|           2|
    |grp_fu_3593_p2               |      icmp|   0|  0|   12|           4|           1|
    |grp_fu_3633_p2               |      icmp|   0|  0|   12|           4|           2|
    |grp_fu_3639_p2               |      icmp|   0|  0|   12|           4|           1|
    |grp_fu_3679_p2               |      icmp|   0|  0|   12|           4|           2|
    |grp_fu_3685_p2               |      icmp|   0|  0|   12|           4|           1|
    |grp_fu_3725_p2               |      icmp|   0|  0|   12|           4|           2|
    |grp_fu_3731_p2               |      icmp|   0|  0|   12|           4|           1|
    |grp_fu_3771_p2               |      icmp|   0|  0|   12|           4|           2|
    |grp_fu_3777_p2               |      icmp|   0|  0|   12|           4|           1|
    |grp_fu_3817_p2               |      icmp|   0|  0|   12|           4|           2|
    |grp_fu_3823_p2               |      icmp|   0|  0|   12|           4|           1|
    |grp_fu_3863_p2               |      icmp|   0|  0|   12|           4|           2|
    |grp_fu_3869_p2               |      icmp|   0|  0|   12|           4|           1|
    |grp_fu_3909_p2               |      icmp|   0|  0|   12|           4|           2|
    |grp_fu_3915_p2               |      icmp|   0|  0|   12|           4|           1|
    |grp_fu_3955_p2               |      icmp|   0|  0|   12|           4|           2|
    |grp_fu_3961_p2               |      icmp|   0|  0|   12|           4|           1|
    |grp_fu_4001_p2               |      icmp|   0|  0|   12|           4|           2|
    |grp_fu_4007_p2               |      icmp|   0|  0|   12|           4|           1|
    |grp_fu_4047_p2               |      icmp|   0|  0|   12|           4|           2|
    |grp_fu_4053_p2               |      icmp|   0|  0|   12|           4|           1|
    |grp_fu_4093_p2               |      icmp|   0|  0|   12|           4|           2|
    |grp_fu_4099_p2               |      icmp|   0|  0|   12|           4|           1|
    |grp_fu_4139_p2               |      icmp|   0|  0|   12|           4|           2|
    |grp_fu_4145_p2               |      icmp|   0|  0|   12|           4|           1|
    |grp_fu_4185_p2               |      icmp|   0|  0|   12|           4|           2|
    |grp_fu_4191_p2               |      icmp|   0|  0|   12|           4|           1|
    |grp_fu_4231_p2               |      icmp|   0|  0|   12|           4|           2|
    |grp_fu_4237_p2               |      icmp|   0|  0|   12|           4|           1|
    |grp_fu_4277_p2               |      icmp|   0|  0|   12|           4|           2|
    |grp_fu_4283_p2               |      icmp|   0|  0|   12|           4|           1|
    |grp_fu_4323_p2               |      icmp|   0|  0|   12|           4|           2|
    |grp_fu_4329_p2               |      icmp|   0|  0|   12|           4|           1|
    |grp_fu_4369_p2               |      icmp|   0|  0|   12|           4|           2|
    |grp_fu_4375_p2               |      icmp|   0|  0|   12|           4|           1|
    |grp_fu_4415_p2               |      icmp|   0|  0|   12|           4|           2|
    |grp_fu_4421_p2               |      icmp|   0|  0|   12|           4|           1|
    |grp_fu_4461_p2               |      icmp|   0|  0|   12|           4|           2|
    |grp_fu_4467_p2               |      icmp|   0|  0|   12|           4|           1|
    |grp_fu_4507_p2               |      icmp|   0|  0|   12|           4|           2|
    |grp_fu_4513_p2               |      icmp|   0|  0|   12|           4|           1|
    |grp_fu_4553_p2               |      icmp|   0|  0|   12|           4|           2|
    |grp_fu_4559_p2               |      icmp|   0|  0|   12|           4|           1|
    |grp_fu_4599_p2               |      icmp|   0|  0|   12|           4|           2|
    |grp_fu_4605_p2               |      icmp|   0|  0|   12|           4|           1|
    |grp_fu_4645_p2               |      icmp|   0|  0|   12|           4|           2|
    |grp_fu_4651_p2               |      icmp|   0|  0|   12|           4|           1|
    |grp_fu_4691_p2               |      icmp|   0|  0|   12|           4|           2|
    |grp_fu_4697_p2               |      icmp|   0|  0|   12|           4|           1|
    |grp_fu_4737_p2               |      icmp|   0|  0|   12|           4|           2|
    |grp_fu_4743_p2               |      icmp|   0|  0|   12|           4|           1|
    |icmp_ln44_1_fu_9730_p2       |      icmp|   0|  0|   31|          24|          16|
    |icmp_ln44_fu_9373_p2         |      icmp|   0|  0|   31|          24|          16|
    |icmp_ln45_fu_5377_p2         |      icmp|   0|  0|   15|           8|           7|
    |icmp_ln49_1_fu_9796_p2       |      icmp|   0|  0|   21|          14|           1|
    |icmp_ln49_fu_9447_p2         |      icmp|   0|  0|   21|          14|           1|
    |icmp_ln69_1_fu_9226_p2       |      icmp|   0|  0|   23|          16|           1|
    |icmp_ln69_fu_9220_p2         |      icmp|   0|  0|   23|          16|           2|
    |icmp_ln72_fu_9293_p2         |      icmp|   0|  0|   31|          24|          24|
    |icmp_ln84_60_fu_15645_p2     |      icmp|   0|  0|   12|           4|           2|
    |icmp_ln84_61_fu_15651_p2     |      icmp|   0|  0|   12|           4|           1|
    |icmp_ln84_62_fu_15836_p2     |      icmp|   0|  0|   12|           4|           2|
    |icmp_ln84_63_fu_15842_p2     |      icmp|   0|  0|   12|           4|           1|
    |icmp_ln84_64_fu_16027_p2     |      icmp|   0|  0|   12|           4|           2|
    |icmp_ln84_65_fu_16033_p2     |      icmp|   0|  0|   12|           4|           1|
    |or_ln45_1_fu_10663_p2        |        or|   0|  0|    2|           1|           1|
    |or_ln45_fu_10079_p2          |        or|   0|  0|    2|           1|           1|
    |or_ln69_1_fu_9256_p2         |        or|   0|  0|    2|           1|           1|
    |or_ln69_2_fu_9276_p2         |        or|   0|  0|    2|           1|           1|
    |or_ln69_fu_9232_p2           |        or|   0|  0|    2|           1|           1|
    |or_ln77_1_fu_10798_p2        |        or|   0|  0|    2|           1|           1|
    |or_ln77_2_fu_10818_p2        |        or|   0|  0|    2|           1|           1|
    |or_ln77_fu_10774_p2          |        or|   0|  0|    2|           1|           1|
    |or_ln84_100_fu_16474_p2      |        or|   0|  0|    2|           1|           1|
    |or_ln84_101_fu_16494_p2      |        or|   0|  0|    2|           1|           1|
    |or_ln84_102_fu_16605_p2      |        or|   0|  0|    2|           1|           1|
    |or_ln84_103_fu_16629_p2      |        or|   0|  0|    2|           1|           1|
    |or_ln84_104_fu_16649_p2      |        or|   0|  0|    2|           1|           1|
    |or_ln84_105_fu_16760_p2      |        or|   0|  0|    2|           1|           1|
    |or_ln84_106_fu_16784_p2      |        or|   0|  0|    2|           1|           1|
    |or_ln84_107_fu_16804_p2      |        or|   0|  0|    2|           1|           1|
    |or_ln84_108_fu_16915_p2      |        or|   0|  0|    2|           1|           1|
    |or_ln84_109_fu_16939_p2      |        or|   0|  0|    2|           1|           1|
    |or_ln84_10_fu_11460_p2       |        or|   0|  0|    2|           1|           1|
    |or_ln84_110_fu_16959_p2      |        or|   0|  0|    2|           1|           1|
    |or_ln84_111_fu_17070_p2      |        or|   0|  0|    2|           1|           1|
    |or_ln84_112_fu_17094_p2      |        or|   0|  0|    2|           1|           1|
    |or_ln84_113_fu_17114_p2      |        or|   0|  0|    2|           1|           1|
    |or_ln84_114_fu_17225_p2      |        or|   0|  0|    2|           1|           1|
    |or_ln84_115_fu_17249_p2      |        or|   0|  0|    2|           1|           1|
    |or_ln84_116_fu_17269_p2      |        or|   0|  0|    2|           1|           1|
    |or_ln84_117_fu_17380_p2      |        or|   0|  0|    2|           1|           1|
    |or_ln84_118_fu_17404_p2      |        or|   0|  0|    2|           1|           1|
    |or_ln84_119_fu_17424_p2      |        or|   0|  0|    2|           1|           1|
    |or_ln84_11_fu_11480_p2       |        or|   0|  0|    2|           1|           1|
    |or_ln84_120_fu_17535_p2      |        or|   0|  0|    2|           1|           1|
    |or_ln84_121_fu_17559_p2      |        or|   0|  0|    2|           1|           1|
    |or_ln84_122_fu_17579_p2      |        or|   0|  0|    2|           1|           1|
    |or_ln84_123_fu_17690_p2      |        or|   0|  0|    2|           1|           1|
    |or_ln84_124_fu_17714_p2      |        or|   0|  0|    2|           1|           1|
    |or_ln84_125_fu_17734_p2      |        or|   0|  0|    2|           1|           1|
    |or_ln84_126_fu_17845_p2      |        or|   0|  0|    2|           1|           1|
    |or_ln84_127_fu_17869_p2      |        or|   0|  0|    2|           1|           1|
    |or_ln84_128_fu_17889_p2      |        or|   0|  0|    2|           1|           1|
    |or_ln84_129_fu_18000_p2      |        or|   0|  0|    2|           1|           1|
    |or_ln84_12_fu_11591_p2       |        or|   0|  0|    2|           1|           1|
    |or_ln84_130_fu_18024_p2      |        or|   0|  0|    2|           1|           1|
    |or_ln84_131_fu_18044_p2      |        or|   0|  0|    2|           1|           1|
    |or_ln84_132_fu_18155_p2      |        or|   0|  0|    2|           1|           1|
    |or_ln84_133_fu_18179_p2      |        or|   0|  0|    2|           1|           1|
    |or_ln84_134_fu_18199_p2      |        or|   0|  0|    2|           1|           1|
    |or_ln84_135_fu_18310_p2      |        or|   0|  0|    2|           1|           1|
    |or_ln84_136_fu_18334_p2      |        or|   0|  0|    2|           1|           1|
    |or_ln84_137_fu_18354_p2      |        or|   0|  0|    2|           1|           1|
    |or_ln84_138_fu_18465_p2      |        or|   0|  0|    2|           1|           1|
    |or_ln84_139_fu_18489_p2      |        or|   0|  0|    2|           1|           1|
    |or_ln84_13_fu_11615_p2       |        or|   0|  0|    2|           1|           1|
    |or_ln84_140_fu_18509_p2      |        or|   0|  0|    2|           1|           1|
    |or_ln84_141_fu_18620_p2      |        or|   0|  0|    2|           1|           1|
    |or_ln84_142_fu_18644_p2      |        or|   0|  0|    2|           1|           1|
    |or_ln84_143_fu_18664_p2      |        or|   0|  0|    2|           1|           1|
    |or_ln84_144_fu_18775_p2      |        or|   0|  0|    2|           1|           1|
    |or_ln84_145_fu_18799_p2      |        or|   0|  0|    2|           1|           1|
    |or_ln84_146_fu_18819_p2      |        or|   0|  0|    2|           1|           1|
    |or_ln84_147_fu_18930_p2      |        or|   0|  0|    2|           1|           1|
    |or_ln84_148_fu_18954_p2      |        or|   0|  0|    2|           1|           1|
    |or_ln84_149_fu_18974_p2      |        or|   0|  0|    2|           1|           1|
    |or_ln84_14_fu_11635_p2       |        or|   0|  0|    2|           1|           1|
    |or_ln84_150_fu_19085_p2      |        or|   0|  0|    2|           1|           1|
    |or_ln84_151_fu_19109_p2      |        or|   0|  0|    2|           1|           1|
    |or_ln84_152_fu_19129_p2      |        or|   0|  0|    2|           1|           1|
    |or_ln84_153_fu_19240_p2      |        or|   0|  0|    2|           1|           1|
    |or_ln84_154_fu_19264_p2      |        or|   0|  0|    2|           1|           1|
    |or_ln84_155_fu_19284_p2      |        or|   0|  0|    2|           1|           1|
    |or_ln84_156_fu_19395_p2      |        or|   0|  0|    2|           1|           1|
    |or_ln84_157_fu_19419_p2      |        or|   0|  0|    2|           1|           1|
    |or_ln84_158_fu_19439_p2      |        or|   0|  0|    2|           1|           1|
    |or_ln84_159_fu_19550_p2      |        or|   0|  0|    2|           1|           1|
    |or_ln84_15_fu_11746_p2       |        or|   0|  0|    2|           1|           1|
    |or_ln84_160_fu_19574_p2      |        or|   0|  0|    2|           1|           1|
    |or_ln84_161_fu_19594_p2      |        or|   0|  0|    2|           1|           1|
    |or_ln84_162_fu_19705_p2      |        or|   0|  0|    2|           1|           1|
    |or_ln84_163_fu_19729_p2      |        or|   0|  0|    2|           1|           1|
    |or_ln84_164_fu_19749_p2      |        or|   0|  0|    2|           1|           1|
    |or_ln84_165_fu_19860_p2      |        or|   0|  0|    2|           1|           1|
    |or_ln84_166_fu_19884_p2      |        or|   0|  0|    2|           1|           1|
    |or_ln84_167_fu_19904_p2      |        or|   0|  0|    2|           1|           1|
    |or_ln84_168_fu_20015_p2      |        or|   0|  0|    2|           1|           1|
    |or_ln84_169_fu_20039_p2      |        or|   0|  0|    2|           1|           1|
    |or_ln84_16_fu_11770_p2       |        or|   0|  0|    2|           1|           1|
    |or_ln84_170_fu_20059_p2      |        or|   0|  0|    2|           1|           1|
    |or_ln84_171_fu_20170_p2      |        or|   0|  0|    2|           1|           1|
    |or_ln84_172_fu_20194_p2      |        or|   0|  0|    2|           1|           1|
    |or_ln84_173_fu_20214_p2      |        or|   0|  0|    2|           1|           1|
    |or_ln84_174_fu_20325_p2      |        or|   0|  0|    2|           1|           1|
    |or_ln84_175_fu_20349_p2      |        or|   0|  0|    2|           1|           1|
    |or_ln84_176_fu_20369_p2      |        or|   0|  0|    2|           1|           1|
    |or_ln84_177_fu_20480_p2      |        or|   0|  0|    2|           1|           1|
    |or_ln84_178_fu_20504_p2      |        or|   0|  0|    2|           1|           1|
    |or_ln84_179_fu_20524_p2      |        or|   0|  0|    2|           1|           1|
    |or_ln84_17_fu_11790_p2       |        or|   0|  0|    2|           1|           1|
    |or_ln84_180_fu_20635_p2      |        or|   0|  0|    2|           1|           1|
    |or_ln84_181_fu_20659_p2      |        or|   0|  0|    2|           1|           1|
    |or_ln84_182_fu_20679_p2      |        or|   0|  0|    2|           1|           1|
    |or_ln84_183_fu_20790_p2      |        or|   0|  0|    2|           1|           1|
    |or_ln84_184_fu_20814_p2      |        or|   0|  0|    2|           1|           1|
    |or_ln84_185_fu_20834_p2      |        or|   0|  0|    2|           1|           1|
    |or_ln84_186_fu_20945_p2      |        or|   0|  0|    2|           1|           1|
    |or_ln84_187_fu_20969_p2      |        or|   0|  0|    2|           1|           1|
    |or_ln84_188_fu_20989_p2      |        or|   0|  0|    2|           1|           1|
    |or_ln84_189_fu_21100_p2      |        or|   0|  0|    2|           1|           1|
    |or_ln84_18_fu_11901_p2       |        or|   0|  0|    2|           1|           1|
    |or_ln84_190_fu_21124_p2      |        or|   0|  0|    2|           1|           1|
    |or_ln84_191_fu_21144_p2      |        or|   0|  0|    2|           1|           1|
    |or_ln84_19_fu_11925_p2       |        or|   0|  0|    2|           1|           1|
    |or_ln84_1_fu_10995_p2        |        or|   0|  0|    2|           1|           1|
    |or_ln84_20_fu_11945_p2       |        or|   0|  0|    2|           1|           1|
    |or_ln84_21_fu_12056_p2       |        or|   0|  0|    2|           1|           1|
    |or_ln84_22_fu_12080_p2       |        or|   0|  0|    2|           1|           1|
    |or_ln84_23_fu_12100_p2       |        or|   0|  0|    2|           1|           1|
    |or_ln84_24_fu_12211_p2       |        or|   0|  0|    2|           1|           1|
    |or_ln84_25_fu_12235_p2       |        or|   0|  0|    2|           1|           1|
    |or_ln84_26_fu_12255_p2       |        or|   0|  0|    2|           1|           1|
    |or_ln84_27_fu_12366_p2       |        or|   0|  0|    2|           1|           1|
    |or_ln84_28_fu_12390_p2       |        or|   0|  0|    2|           1|           1|
    |or_ln84_29_fu_12410_p2       |        or|   0|  0|    2|           1|           1|
    |or_ln84_2_fu_11015_p2        |        or|   0|  0|    2|           1|           1|
    |or_ln84_30_fu_12521_p2       |        or|   0|  0|    2|           1|           1|
    |or_ln84_31_fu_12545_p2       |        or|   0|  0|    2|           1|           1|
    |or_ln84_32_fu_12565_p2       |        or|   0|  0|    2|           1|           1|
    |or_ln84_33_fu_12676_p2       |        or|   0|  0|    2|           1|           1|
    |or_ln84_34_fu_12700_p2       |        or|   0|  0|    2|           1|           1|
    |or_ln84_35_fu_12720_p2       |        or|   0|  0|    2|           1|           1|
    |or_ln84_36_fu_12831_p2       |        or|   0|  0|    2|           1|           1|
    |or_ln84_37_fu_12855_p2       |        or|   0|  0|    2|           1|           1|
    |or_ln84_38_fu_12875_p2       |        or|   0|  0|    2|           1|           1|
    |or_ln84_39_fu_12986_p2       |        or|   0|  0|    2|           1|           1|
    |or_ln84_3_fu_11126_p2        |        or|   0|  0|    2|           1|           1|
    |or_ln84_40_fu_13010_p2       |        or|   0|  0|    2|           1|           1|
    |or_ln84_41_fu_13030_p2       |        or|   0|  0|    2|           1|           1|
    |or_ln84_42_fu_13141_p2       |        or|   0|  0|    2|           1|           1|
    |or_ln84_43_fu_13165_p2       |        or|   0|  0|    2|           1|           1|
    |or_ln84_44_fu_13185_p2       |        or|   0|  0|    2|           1|           1|
    |or_ln84_45_fu_13296_p2       |        or|   0|  0|    2|           1|           1|
    |or_ln84_46_fu_13320_p2       |        or|   0|  0|    2|           1|           1|
    |or_ln84_47_fu_13340_p2       |        or|   0|  0|    2|           1|           1|
    |or_ln84_48_fu_13451_p2       |        or|   0|  0|    2|           1|           1|
    |or_ln84_49_fu_13475_p2       |        or|   0|  0|    2|           1|           1|
    |or_ln84_4_fu_11150_p2        |        or|   0|  0|    2|           1|           1|
    |or_ln84_50_fu_13495_p2       |        or|   0|  0|    2|           1|           1|
    |or_ln84_51_fu_13606_p2       |        or|   0|  0|    2|           1|           1|
    |or_ln84_52_fu_13630_p2       |        or|   0|  0|    2|           1|           1|
    |or_ln84_53_fu_13650_p2       |        or|   0|  0|    2|           1|           1|
    |or_ln84_54_fu_13761_p2       |        or|   0|  0|    2|           1|           1|
    |or_ln84_55_fu_13785_p2       |        or|   0|  0|    2|           1|           1|
    |or_ln84_56_fu_13805_p2       |        or|   0|  0|    2|           1|           1|
    |or_ln84_57_fu_13916_p2       |        or|   0|  0|    2|           1|           1|
    |or_ln84_58_fu_13940_p2       |        or|   0|  0|    2|           1|           1|
    |or_ln84_59_fu_13960_p2       |        or|   0|  0|    2|           1|           1|
    |or_ln84_5_fu_11170_p2        |        or|   0|  0|    2|           1|           1|
    |or_ln84_60_fu_14071_p2       |        or|   0|  0|    2|           1|           1|
    |or_ln84_61_fu_14095_p2       |        or|   0|  0|    2|           1|           1|
    |or_ln84_62_fu_14115_p2       |        or|   0|  0|    2|           1|           1|
    |or_ln84_63_fu_14226_p2       |        or|   0|  0|    2|           1|           1|
    |or_ln84_64_fu_14250_p2       |        or|   0|  0|    2|           1|           1|
    |or_ln84_65_fu_14270_p2       |        or|   0|  0|    2|           1|           1|
    |or_ln84_66_fu_14381_p2       |        or|   0|  0|    2|           1|           1|
    |or_ln84_67_fu_14405_p2       |        or|   0|  0|    2|           1|           1|
    |or_ln84_68_fu_14425_p2       |        or|   0|  0|    2|           1|           1|
    |or_ln84_69_fu_14536_p2       |        or|   0|  0|    2|           1|           1|
    |or_ln84_6_fu_11281_p2        |        or|   0|  0|    2|           1|           1|
    |or_ln84_70_fu_14560_p2       |        or|   0|  0|    2|           1|           1|
    |or_ln84_71_fu_14580_p2       |        or|   0|  0|    2|           1|           1|
    |or_ln84_72_fu_14691_p2       |        or|   0|  0|    2|           1|           1|
    |or_ln84_73_fu_14715_p2       |        or|   0|  0|    2|           1|           1|
    |or_ln84_74_fu_14735_p2       |        or|   0|  0|    2|           1|           1|
    |or_ln84_75_fu_14846_p2       |        or|   0|  0|    2|           1|           1|
    |or_ln84_76_fu_14870_p2       |        or|   0|  0|    2|           1|           1|
    |or_ln84_77_fu_14890_p2       |        or|   0|  0|    2|           1|           1|
    |or_ln84_78_fu_15001_p2       |        or|   0|  0|    2|           1|           1|
    |or_ln84_79_fu_15025_p2       |        or|   0|  0|    2|           1|           1|
    |or_ln84_7_fu_11305_p2        |        or|   0|  0|    2|           1|           1|
    |or_ln84_80_fu_15045_p2       |        or|   0|  0|    2|           1|           1|
    |or_ln84_81_fu_15156_p2       |        or|   0|  0|    2|           1|           1|
    |or_ln84_82_fu_15180_p2       |        or|   0|  0|    2|           1|           1|
    |or_ln84_83_fu_15200_p2       |        or|   0|  0|    2|           1|           1|
    |or_ln84_84_fu_15311_p2       |        or|   0|  0|    2|           1|           1|
    |or_ln84_85_fu_15335_p2       |        or|   0|  0|    2|           1|           1|
    |or_ln84_86_fu_15355_p2       |        or|   0|  0|    2|           1|           1|
    |or_ln84_87_fu_15466_p2       |        or|   0|  0|    2|           1|           1|
    |or_ln84_88_fu_15490_p2       |        or|   0|  0|    2|           1|           1|
    |or_ln84_89_fu_15510_p2       |        or|   0|  0|    2|           1|           1|
    |or_ln84_8_fu_11325_p2        |        or|   0|  0|    2|           1|           1|
    |or_ln84_90_fu_15657_p2       |        or|   0|  0|    2|           1|           1|
    |or_ln84_91_fu_15681_p2       |        or|   0|  0|    2|           1|           1|
    |or_ln84_92_fu_15701_p2       |        or|   0|  0|    2|           1|           1|
    |or_ln84_93_fu_15848_p2       |        or|   0|  0|    2|           1|           1|
    |or_ln84_94_fu_15872_p2       |        or|   0|  0|    2|           1|           1|
    |or_ln84_95_fu_15892_p2       |        or|   0|  0|    2|           1|           1|
    |or_ln84_96_fu_16039_p2       |        or|   0|  0|    2|           1|           1|
    |or_ln84_97_fu_16063_p2       |        or|   0|  0|    2|           1|           1|
    |or_ln84_98_fu_16083_p2       |        or|   0|  0|    2|           1|           1|
    |or_ln84_99_fu_16450_p2       |        or|   0|  0|    2|           1|           1|
    |or_ln84_9_fu_11436_p2        |        or|   0|  0|    2|           1|           1|
    |or_ln84_fu_10971_p2          |        or|   0|  0|    2|           1|           1|
    |b_fu_9298_p3                 |    select|   0|  0|   24|           1|          24|
    |d_1_fu_10912_p3              |    select|   0|  0|   32|           1|          32|
    |s_2_fu_9282_p3               |    select|   0|  0|   24|           1|          24|
    |s_acc_101_fu_8541_p3         |    select|   0|  0|   36|           1|          40|
    |s_acc_103_fu_8599_p3         |    select|   0|  0|   36|           1|          40|
    |s_acc_105_fu_8657_p3         |    select|   0|  0|   36|           1|          40|
    |s_acc_107_fu_8715_p3         |    select|   0|  0|   36|           1|          40|
    |s_acc_109_fu_8773_p3         |    select|   0|  0|   36|           1|          40|
    |s_acc_111_fu_8831_p3         |    select|   0|  0|   36|           1|          40|
    |s_acc_113_fu_8889_p3         |    select|   0|  0|   36|           1|          40|
    |s_acc_115_fu_8947_p3         |    select|   0|  0|   36|           1|          40|
    |s_acc_117_fu_9005_p3         |    select|   0|  0|   36|           1|          40|
    |s_acc_119_fu_9063_p3         |    select|   0|  0|   36|           1|          40|
    |s_acc_11_fu_5931_p3          |    select|   0|  0|   36|           1|          40|
    |s_acc_121_fu_9118_p3         |    select|   0|  0|   36|           1|          40|
    |s_acc_123_fu_9173_p3         |    select|   0|  0|   36|           1|          40|
    |s_acc_13_fu_5989_p3          |    select|   0|  0|   36|           1|          40|
    |s_acc_15_fu_6047_p3          |    select|   0|  0|   36|           1|          40|
    |s_acc_17_fu_6105_p3          |    select|   0|  0|   36|           1|          40|
    |s_acc_19_fu_6163_p3          |    select|   0|  0|   36|           1|          40|
    |s_acc_1_fu_5641_p3           |    select|   0|  0|   36|           1|          40|
    |s_acc_21_fu_6221_p3          |    select|   0|  0|   36|           1|          40|
    |s_acc_23_fu_6279_p3          |    select|   0|  0|   36|           1|          40|
    |s_acc_25_fu_6337_p3          |    select|   0|  0|   36|           1|          40|
    |s_acc_27_fu_6395_p3          |    select|   0|  0|   36|           1|          40|
    |s_acc_29_fu_6453_p3          |    select|   0|  0|   36|           1|          40|
    |s_acc_31_fu_6511_p3          |    select|   0|  0|   36|           1|          40|
    |s_acc_33_fu_6569_p3          |    select|   0|  0|   36|           1|          40|
    |s_acc_35_fu_6627_p3          |    select|   0|  0|   36|           1|          40|
    |s_acc_37_fu_6685_p3          |    select|   0|  0|   36|           1|          40|
    |s_acc_39_fu_6743_p3          |    select|   0|  0|   36|           1|          40|
    |s_acc_3_fu_5699_p3           |    select|   0|  0|   36|           1|          40|
    |s_acc_41_fu_6801_p3          |    select|   0|  0|   36|           1|          40|
    |s_acc_43_fu_6859_p3          |    select|   0|  0|   36|           1|          40|
    |s_acc_45_fu_6917_p3          |    select|   0|  0|   36|           1|          40|
    |s_acc_47_fu_6975_p3          |    select|   0|  0|   36|           1|          40|
    |s_acc_49_fu_7033_p3          |    select|   0|  0|   36|           1|          40|
    |s_acc_51_fu_7091_p3          |    select|   0|  0|   36|           1|          40|
    |s_acc_53_fu_7149_p3          |    select|   0|  0|   36|           1|          40|
    |s_acc_55_fu_7207_p3          |    select|   0|  0|   36|           1|          40|
    |s_acc_57_fu_7265_p3          |    select|   0|  0|   36|           1|          40|
    |s_acc_59_fu_7323_p3          |    select|   0|  0|   36|           1|          40|
    |s_acc_5_fu_5757_p3           |    select|   0|  0|   36|           1|          40|
    |s_acc_61_fu_7381_p3          |    select|   0|  0|   36|           1|          40|
    |s_acc_63_fu_7439_p3          |    select|   0|  0|   36|           1|          40|
    |s_acc_65_fu_7497_p3          |    select|   0|  0|   36|           1|          40|
    |s_acc_67_fu_7555_p3          |    select|   0|  0|   36|           1|          40|
    |s_acc_69_fu_7613_p3          |    select|   0|  0|   36|           1|          40|
    |s_acc_71_fu_7671_p3          |    select|   0|  0|   36|           1|          40|
    |s_acc_73_fu_7729_p3          |    select|   0|  0|   36|           1|          40|
    |s_acc_75_fu_7787_p3          |    select|   0|  0|   36|           1|          40|
    |s_acc_77_fu_7845_p3          |    select|   0|  0|   36|           1|          40|
    |s_acc_79_fu_7903_p3          |    select|   0|  0|   36|           1|          40|
    |s_acc_7_fu_5815_p3           |    select|   0|  0|   36|           1|          40|
    |s_acc_81_fu_7961_p3          |    select|   0|  0|   36|           1|          40|
    |s_acc_83_fu_8019_p3          |    select|   0|  0|   36|           1|          40|
    |s_acc_85_fu_8077_p3          |    select|   0|  0|   36|           1|          40|
    |s_acc_87_fu_8135_p3          |    select|   0|  0|   36|           1|          40|
    |s_acc_89_fu_8193_p3          |    select|   0|  0|   36|           1|          40|
    |s_acc_91_fu_8251_p3          |    select|   0|  0|   36|           1|          40|
    |s_acc_93_fu_8309_p3          |    select|   0|  0|   36|           1|          40|
    |s_acc_95_fu_8367_p3          |    select|   0|  0|   36|           1|          40|
    |s_acc_97_fu_8425_p3          |    select|   0|  0|   36|           1|          40|
    |s_acc_99_fu_8483_p3          |    select|   0|  0|   36|           1|          40|
    |s_acc_9_fu_5873_p3           |    select|   0|  0|   36|           1|          40|
    |seg_1_fu_9487_p3             |    select|   0|  0|    4|           1|           2|
    |seg_2_fu_9816_p3             |    select|   0|  0|    5|           1|           5|
    |seg_3_fu_10145_p3            |    select|   0|  0|    4|           1|           2|
    |seg_fu_9467_p3               |    select|   0|  0|    5|           1|           5|
    |select_ln11_2_fu_9714_p3     |    select|   0|  0|   25|           1|          23|
    |select_ln11_fu_9357_p3       |    select|   0|  0|   25|           1|          23|
    |select_ln49_1_fu_9808_p3     |    select|   0|  0|    5|           1|           5|
    |select_ln49_fu_9459_p3       |    select|   0|  0|    5|           1|           5|
    |select_ln56_2_fu_10407_p3    |    select|   0|  0|   32|           1|          31|
    |select_ln56_fu_9922_p3       |    select|   0|  0|   32|           1|          31|
    |select_ln61_100_fu_8533_p3   |    select|   0|  0|   37|           1|          39|
    |select_ln61_102_fu_8591_p3   |    select|   0|  0|   37|           1|          39|
    |select_ln61_104_fu_8649_p3   |    select|   0|  0|   37|           1|          39|
    |select_ln61_106_fu_8707_p3   |    select|   0|  0|   37|           1|          39|
    |select_ln61_108_fu_8765_p3   |    select|   0|  0|   37|           1|          39|
    |select_ln61_10_fu_5923_p3    |    select|   0|  0|   37|           1|          39|
    |select_ln61_110_fu_8823_p3   |    select|   0|  0|   37|           1|          39|
    |select_ln61_112_fu_8881_p3   |    select|   0|  0|   37|           1|          39|
    |select_ln61_114_fu_8939_p3   |    select|   0|  0|   37|           1|          39|
    |select_ln61_116_fu_8997_p3   |    select|   0|  0|   37|           1|          39|
    |select_ln61_118_fu_9055_p3   |    select|   0|  0|   37|           1|          39|
    |select_ln61_120_fu_9110_p3   |    select|   0|  0|   37|           1|          39|
    |select_ln61_122_fu_9165_p3   |    select|   0|  0|   37|           1|          39|
    |select_ln61_12_fu_5981_p3    |    select|   0|  0|   37|           1|          39|
    |select_ln61_14_fu_6039_p3    |    select|   0|  0|   37|           1|          39|
    |select_ln61_16_fu_6097_p3    |    select|   0|  0|   37|           1|          39|
    |select_ln61_18_fu_6155_p3    |    select|   0|  0|   37|           1|          39|
    |select_ln61_20_fu_6213_p3    |    select|   0|  0|   37|           1|          39|
    |select_ln61_22_fu_6271_p3    |    select|   0|  0|   37|           1|          39|
    |select_ln61_24_fu_6329_p3    |    select|   0|  0|   37|           1|          39|
    |select_ln61_26_fu_6387_p3    |    select|   0|  0|   37|           1|          39|
    |select_ln61_28_fu_6445_p3    |    select|   0|  0|   37|           1|          39|
    |select_ln61_2_fu_5691_p3     |    select|   0|  0|   37|           1|          39|
    |select_ln61_30_fu_6503_p3    |    select|   0|  0|   37|           1|          39|
    |select_ln61_32_fu_6561_p3    |    select|   0|  0|   37|           1|          39|
    |select_ln61_34_fu_6619_p3    |    select|   0|  0|   37|           1|          39|
    |select_ln61_36_fu_6677_p3    |    select|   0|  0|   37|           1|          39|
    |select_ln61_38_fu_6735_p3    |    select|   0|  0|   37|           1|          39|
    |select_ln61_40_fu_6793_p3    |    select|   0|  0|   37|           1|          39|
    |select_ln61_42_fu_6851_p3    |    select|   0|  0|   37|           1|          39|
    |select_ln61_44_fu_6909_p3    |    select|   0|  0|   37|           1|          39|
    |select_ln61_46_fu_6967_p3    |    select|   0|  0|   37|           1|          39|
    |select_ln61_48_fu_7025_p3    |    select|   0|  0|   37|           1|          39|
    |select_ln61_4_fu_5749_p3     |    select|   0|  0|   37|           1|          39|
    |select_ln61_50_fu_7083_p3    |    select|   0|  0|   37|           1|          39|
    |select_ln61_52_fu_7141_p3    |    select|   0|  0|   37|           1|          39|
    |select_ln61_54_fu_7199_p3    |    select|   0|  0|   37|           1|          39|
    |select_ln61_56_fu_7257_p3    |    select|   0|  0|   37|           1|          39|
    |select_ln61_58_fu_7315_p3    |    select|   0|  0|   37|           1|          39|
    |select_ln61_60_fu_7373_p3    |    select|   0|  0|   37|           1|          39|
    |select_ln61_62_fu_7431_p3    |    select|   0|  0|   37|           1|          39|
    |select_ln61_64_fu_7489_p3    |    select|   0|  0|   37|           1|          39|
    |select_ln61_66_fu_7547_p3    |    select|   0|  0|   37|           1|          39|
    |select_ln61_68_fu_7605_p3    |    select|   0|  0|   37|           1|          39|
    |select_ln61_6_fu_5807_p3     |    select|   0|  0|   37|           1|          39|
    |select_ln61_70_fu_7663_p3    |    select|   0|  0|   37|           1|          39|
    |select_ln61_72_fu_7721_p3    |    select|   0|  0|   37|           1|          39|
    |select_ln61_74_fu_7779_p3    |    select|   0|  0|   37|           1|          39|
    |select_ln61_76_fu_7837_p3    |    select|   0|  0|   37|           1|          39|
    |select_ln61_78_fu_7895_p3    |    select|   0|  0|   37|           1|          39|
    |select_ln61_80_fu_7953_p3    |    select|   0|  0|   37|           1|          39|
    |select_ln61_82_fu_8011_p3    |    select|   0|  0|   37|           1|          39|
    |select_ln61_84_fu_8069_p3    |    select|   0|  0|   37|           1|          39|
    |select_ln61_86_fu_8127_p3    |    select|   0|  0|   37|           1|          39|
    |select_ln61_88_fu_8185_p3    |    select|   0|  0|   37|           1|          39|
    |select_ln61_8_fu_5865_p3     |    select|   0|  0|   37|           1|          39|
    |select_ln61_90_fu_8243_p3    |    select|   0|  0|   37|           1|          39|
    |select_ln61_92_fu_8301_p3    |    select|   0|  0|   37|           1|          39|
    |select_ln61_94_fu_8359_p3    |    select|   0|  0|   37|           1|          39|
    |select_ln61_96_fu_8417_p3    |    select|   0|  0|   37|           1|          39|
    |select_ln61_98_fu_8475_p3    |    select|   0|  0|   37|           1|          39|
    |select_ln61_fu_5633_p3       |    select|   0|  0|   37|           1|          39|
    |select_ln69_fu_9268_p3       |    select|   0|  0|   25|           1|          23|
    |select_ln77_1_fu_10824_p3    |    select|   0|  0|   32|           1|          32|
    |select_ln77_2_fu_10904_p3    |    select|   0|  0|   32|           1|          31|
    |select_ln77_fu_10810_p3      |    select|   0|  0|   32|           1|          31|
    |select_ln84_100_fu_14882_p3  |    select|   0|  0|   32|           1|          31|
    |select_ln84_101_fu_14896_p3  |    select|   0|  0|   32|           1|          32|
    |select_ln84_102_fu_14970_p3  |    select|   0|  0|   32|           1|          31|
    |select_ln84_103_fu_14978_p3  |    select|   0|  0|   32|           1|          32|
    |select_ln84_104_fu_15037_p3  |    select|   0|  0|   32|           1|          31|
    |select_ln84_105_fu_15051_p3  |    select|   0|  0|   32|           1|          32|
    |select_ln84_106_fu_15125_p3  |    select|   0|  0|   32|           1|          31|
    |select_ln84_107_fu_15133_p3  |    select|   0|  0|   32|           1|          32|
    |select_ln84_108_fu_15192_p3  |    select|   0|  0|   32|           1|          31|
    |select_ln84_109_fu_15206_p3  |    select|   0|  0|   32|           1|          32|
    |select_ln84_10_fu_11405_p3   |    select|   0|  0|   32|           1|          31|
    |select_ln84_110_fu_15280_p3  |    select|   0|  0|   32|           1|          31|
    |select_ln84_111_fu_15288_p3  |    select|   0|  0|   32|           1|          32|
    |select_ln84_112_fu_15347_p3  |    select|   0|  0|   32|           1|          31|
    |select_ln84_113_fu_15361_p3  |    select|   0|  0|   32|           1|          32|
    |select_ln84_114_fu_15435_p3  |    select|   0|  0|   32|           1|          31|
    |select_ln84_115_fu_15443_p3  |    select|   0|  0|   32|           1|          32|
    |select_ln84_116_fu_15502_p3  |    select|   0|  0|   32|           1|          31|
    |select_ln84_117_fu_15516_p3  |    select|   0|  0|   32|           1|          32|
    |select_ln84_118_fu_15590_p3  |    select|   0|  0|   32|           1|          31|
    |select_ln84_119_fu_15598_p3  |    select|   0|  0|   32|           1|          32|
    |select_ln84_11_fu_11413_p3   |    select|   0|  0|   32|           1|          32|
    |select_ln84_120_fu_15693_p3  |    select|   0|  0|   32|           1|          31|
    |select_ln84_121_fu_15707_p3  |    select|   0|  0|   32|           1|          32|
    |select_ln84_122_fu_15781_p3  |    select|   0|  0|   32|           1|          31|
    |select_ln84_123_fu_15789_p3  |    select|   0|  0|   32|           1|          32|
    |select_ln84_124_fu_15884_p3  |    select|   0|  0|   32|           1|          31|
    |select_ln84_125_fu_15898_p3  |    select|   0|  0|   32|           1|          32|
    |select_ln84_126_fu_15972_p3  |    select|   0|  0|   32|           1|          31|
    |select_ln84_127_fu_15980_p3  |    select|   0|  0|   32|           1|          32|
    |select_ln84_128_fu_16075_p3  |    select|   0|  0|   32|           1|          31|
    |select_ln84_129_fu_16089_p3  |    select|   0|  0|   32|           1|          32|
    |select_ln84_12_fu_11472_p3   |    select|   0|  0|   32|           1|          31|
    |select_ln84_130_fu_16419_p3  |    select|   0|  0|   32|           1|          31|
    |select_ln84_131_fu_16427_p3  |    select|   0|  0|   32|           1|          32|
    |select_ln84_132_fu_16486_p3  |    select|   0|  0|   32|           1|          31|
    |select_ln84_133_fu_16500_p3  |    select|   0|  0|   32|           1|          32|
    |select_ln84_134_fu_16574_p3  |    select|   0|  0|   32|           1|          31|
    |select_ln84_135_fu_16582_p3  |    select|   0|  0|   32|           1|          32|
    |select_ln84_136_fu_16641_p3  |    select|   0|  0|   32|           1|          31|
    |select_ln84_137_fu_16655_p3  |    select|   0|  0|   32|           1|          32|
    |select_ln84_138_fu_16729_p3  |    select|   0|  0|   32|           1|          31|
    |select_ln84_139_fu_16737_p3  |    select|   0|  0|   32|           1|          32|
    |select_ln84_13_fu_11486_p3   |    select|   0|  0|   32|           1|          32|
    |select_ln84_140_fu_16796_p3  |    select|   0|  0|   32|           1|          31|
    |select_ln84_141_fu_16810_p3  |    select|   0|  0|   32|           1|          32|
    |select_ln84_142_fu_16884_p3  |    select|   0|  0|   32|           1|          31|
    |select_ln84_143_fu_16892_p3  |    select|   0|  0|   32|           1|          32|
    |select_ln84_144_fu_16951_p3  |    select|   0|  0|   32|           1|          31|
    |select_ln84_145_fu_16965_p3  |    select|   0|  0|   32|           1|          32|
    |select_ln84_146_fu_17039_p3  |    select|   0|  0|   32|           1|          31|
    |select_ln84_147_fu_17047_p3  |    select|   0|  0|   32|           1|          32|
    |select_ln84_148_fu_17106_p3  |    select|   0|  0|   32|           1|          31|
    |select_ln84_149_fu_17120_p3  |    select|   0|  0|   32|           1|          32|
    |select_ln84_14_fu_11560_p3   |    select|   0|  0|   32|           1|          31|
    |select_ln84_150_fu_17194_p3  |    select|   0|  0|   32|           1|          31|
    |select_ln84_151_fu_17202_p3  |    select|   0|  0|   32|           1|          32|
    |select_ln84_152_fu_17261_p3  |    select|   0|  0|   32|           1|          31|
    |select_ln84_153_fu_17275_p3  |    select|   0|  0|   32|           1|          32|
    |select_ln84_154_fu_17349_p3  |    select|   0|  0|   32|           1|          31|
    |select_ln84_155_fu_17357_p3  |    select|   0|  0|   32|           1|          32|
    |select_ln84_156_fu_17416_p3  |    select|   0|  0|   32|           1|          31|
    |select_ln84_157_fu_17430_p3  |    select|   0|  0|   32|           1|          32|
    |select_ln84_158_fu_17504_p3  |    select|   0|  0|   32|           1|          31|
    |select_ln84_159_fu_17512_p3  |    select|   0|  0|   32|           1|          32|
    |select_ln84_15_fu_11568_p3   |    select|   0|  0|   32|           1|          32|
    |select_ln84_160_fu_17571_p3  |    select|   0|  0|   32|           1|          31|
    |select_ln84_161_fu_17585_p3  |    select|   0|  0|   32|           1|          32|
    |select_ln84_162_fu_17659_p3  |    select|   0|  0|   32|           1|          31|
    |select_ln84_163_fu_17667_p3  |    select|   0|  0|   32|           1|          32|
    |select_ln84_164_fu_17726_p3  |    select|   0|  0|   32|           1|          31|
    |select_ln84_165_fu_17740_p3  |    select|   0|  0|   32|           1|          32|
    |select_ln84_166_fu_17814_p3  |    select|   0|  0|   32|           1|          31|
    |select_ln84_167_fu_17822_p3  |    select|   0|  0|   32|           1|          32|
    |select_ln84_168_fu_17881_p3  |    select|   0|  0|   32|           1|          31|
    |select_ln84_169_fu_17895_p3  |    select|   0|  0|   32|           1|          32|
    |select_ln84_16_fu_11627_p3   |    select|   0|  0|   32|           1|          31|
    |select_ln84_170_fu_17969_p3  |    select|   0|  0|   32|           1|          31|
    |select_ln84_171_fu_17977_p3  |    select|   0|  0|   32|           1|          32|
    |select_ln84_172_fu_18036_p3  |    select|   0|  0|   32|           1|          31|
    |select_ln84_173_fu_18050_p3  |    select|   0|  0|   32|           1|          32|
    |select_ln84_174_fu_18124_p3  |    select|   0|  0|   32|           1|          31|
    |select_ln84_175_fu_18132_p3  |    select|   0|  0|   32|           1|          32|
    |select_ln84_176_fu_18191_p3  |    select|   0|  0|   32|           1|          31|
    |select_ln84_177_fu_18205_p3  |    select|   0|  0|   32|           1|          32|
    |select_ln84_178_fu_18279_p3  |    select|   0|  0|   32|           1|          31|
    |select_ln84_179_fu_18287_p3  |    select|   0|  0|   32|           1|          32|
    |select_ln84_17_fu_11641_p3   |    select|   0|  0|   32|           1|          32|
    |select_ln84_180_fu_18346_p3  |    select|   0|  0|   32|           1|          31|
    |select_ln84_181_fu_18360_p3  |    select|   0|  0|   32|           1|          32|
    |select_ln84_182_fu_18434_p3  |    select|   0|  0|   32|           1|          31|
    |select_ln84_183_fu_18442_p3  |    select|   0|  0|   32|           1|          32|
    |select_ln84_184_fu_18501_p3  |    select|   0|  0|   32|           1|          31|
    |select_ln84_185_fu_18515_p3  |    select|   0|  0|   32|           1|          32|
    |select_ln84_186_fu_18589_p3  |    select|   0|  0|   32|           1|          31|
    |select_ln84_187_fu_18597_p3  |    select|   0|  0|   32|           1|          32|
    |select_ln84_188_fu_18656_p3  |    select|   0|  0|   32|           1|          31|
    |select_ln84_189_fu_18670_p3  |    select|   0|  0|   32|           1|          32|
    |select_ln84_18_fu_11715_p3   |    select|   0|  0|   32|           1|          31|
    |select_ln84_190_fu_18744_p3  |    select|   0|  0|   32|           1|          31|
    |select_ln84_191_fu_18752_p3  |    select|   0|  0|   32|           1|          32|
    |select_ln84_192_fu_18811_p3  |    select|   0|  0|   32|           1|          31|
    |select_ln84_193_fu_18825_p3  |    select|   0|  0|   32|           1|          32|
    |select_ln84_194_fu_18899_p3  |    select|   0|  0|   32|           1|          31|
    |select_ln84_195_fu_18907_p3  |    select|   0|  0|   32|           1|          32|
    |select_ln84_196_fu_18966_p3  |    select|   0|  0|   32|           1|          31|
    |select_ln84_197_fu_18980_p3  |    select|   0|  0|   32|           1|          32|
    |select_ln84_198_fu_19054_p3  |    select|   0|  0|   32|           1|          31|
    |select_ln84_199_fu_19062_p3  |    select|   0|  0|   32|           1|          32|
    |select_ln84_19_fu_11723_p3   |    select|   0|  0|   32|           1|          32|
    |select_ln84_1_fu_11021_p3    |    select|   0|  0|   32|           1|          32|
    |select_ln84_200_fu_19121_p3  |    select|   0|  0|   32|           1|          31|
    |select_ln84_201_fu_19135_p3  |    select|   0|  0|   32|           1|          32|
    |select_ln84_202_fu_19209_p3  |    select|   0|  0|   32|           1|          31|
    |select_ln84_203_fu_19217_p3  |    select|   0|  0|   32|           1|          32|
    |select_ln84_204_fu_19276_p3  |    select|   0|  0|   32|           1|          31|
    |select_ln84_205_fu_19290_p3  |    select|   0|  0|   32|           1|          32|
    |select_ln84_206_fu_19364_p3  |    select|   0|  0|   32|           1|          31|
    |select_ln84_207_fu_19372_p3  |    select|   0|  0|   32|           1|          32|
    |select_ln84_208_fu_19431_p3  |    select|   0|  0|   32|           1|          31|
    |select_ln84_209_fu_19445_p3  |    select|   0|  0|   32|           1|          32|
    |select_ln84_20_fu_11782_p3   |    select|   0|  0|   32|           1|          31|
    |select_ln84_210_fu_19519_p3  |    select|   0|  0|   32|           1|          31|
    |select_ln84_211_fu_19527_p3  |    select|   0|  0|   32|           1|          32|
    |select_ln84_212_fu_19586_p3  |    select|   0|  0|   32|           1|          31|
    |select_ln84_213_fu_19600_p3  |    select|   0|  0|   32|           1|          32|
    |select_ln84_214_fu_19674_p3  |    select|   0|  0|   32|           1|          31|
    |select_ln84_215_fu_19682_p3  |    select|   0|  0|   32|           1|          32|
    |select_ln84_216_fu_19741_p3  |    select|   0|  0|   32|           1|          31|
    |select_ln84_217_fu_19755_p3  |    select|   0|  0|   32|           1|          32|
    |select_ln84_218_fu_19829_p3  |    select|   0|  0|   32|           1|          31|
    |select_ln84_219_fu_19837_p3  |    select|   0|  0|   32|           1|          32|
    |select_ln84_21_fu_11796_p3   |    select|   0|  0|   32|           1|          32|
    |select_ln84_220_fu_19896_p3  |    select|   0|  0|   32|           1|          31|
    |select_ln84_221_fu_19910_p3  |    select|   0|  0|   32|           1|          32|
    |select_ln84_222_fu_19984_p3  |    select|   0|  0|   32|           1|          31|
    |select_ln84_223_fu_19992_p3  |    select|   0|  0|   32|           1|          32|
    |select_ln84_224_fu_20051_p3  |    select|   0|  0|   32|           1|          31|
    |select_ln84_225_fu_20065_p3  |    select|   0|  0|   32|           1|          32|
    |select_ln84_226_fu_20139_p3  |    select|   0|  0|   32|           1|          31|
    |select_ln84_227_fu_20147_p3  |    select|   0|  0|   32|           1|          32|
    |select_ln84_228_fu_20206_p3  |    select|   0|  0|   32|           1|          31|
    |select_ln84_229_fu_20220_p3  |    select|   0|  0|   32|           1|          32|
    |select_ln84_22_fu_11870_p3   |    select|   0|  0|   32|           1|          31|
    |select_ln84_230_fu_20294_p3  |    select|   0|  0|   32|           1|          31|
    |select_ln84_231_fu_20302_p3  |    select|   0|  0|   32|           1|          32|
    |select_ln84_232_fu_20361_p3  |    select|   0|  0|   32|           1|          31|
    |select_ln84_233_fu_20375_p3  |    select|   0|  0|   32|           1|          32|
    |select_ln84_234_fu_20449_p3  |    select|   0|  0|   32|           1|          31|
    |select_ln84_235_fu_20457_p3  |    select|   0|  0|   32|           1|          32|
    |select_ln84_236_fu_20516_p3  |    select|   0|  0|   32|           1|          31|
    |select_ln84_237_fu_20530_p3  |    select|   0|  0|   32|           1|          32|
    |select_ln84_238_fu_20604_p3  |    select|   0|  0|   32|           1|          31|
    |select_ln84_239_fu_20612_p3  |    select|   0|  0|   32|           1|          32|
    |select_ln84_23_fu_11878_p3   |    select|   0|  0|   32|           1|          32|
    |select_ln84_240_fu_20671_p3  |    select|   0|  0|   32|           1|          31|
    |select_ln84_241_fu_20685_p3  |    select|   0|  0|   32|           1|          32|
    |select_ln84_242_fu_20759_p3  |    select|   0|  0|   32|           1|          31|
    |select_ln84_243_fu_20767_p3  |    select|   0|  0|   32|           1|          32|
    |select_ln84_244_fu_20826_p3  |    select|   0|  0|   32|           1|          31|
    |select_ln84_245_fu_20840_p3  |    select|   0|  0|   32|           1|          32|
    |select_ln84_246_fu_20914_p3  |    select|   0|  0|   32|           1|          31|
    |select_ln84_247_fu_20922_p3  |    select|   0|  0|   32|           1|          32|
    |select_ln84_248_fu_20981_p3  |    select|   0|  0|   32|           1|          31|
    |select_ln84_249_fu_20995_p3  |    select|   0|  0|   32|           1|          32|
    |select_ln84_24_fu_11937_p3   |    select|   0|  0|   32|           1|          31|
    |select_ln84_250_fu_21069_p3  |    select|   0|  0|   32|           1|          31|
    |select_ln84_251_fu_21077_p3  |    select|   0|  0|   32|           1|          32|
    |select_ln84_252_fu_21136_p3  |    select|   0|  0|   32|           1|          31|
    |select_ln84_253_fu_21150_p3  |    select|   0|  0|   32|           1|          32|
    |select_ln84_254_fu_21224_p3  |    select|   0|  0|   32|           1|          31|
    |select_ln84_255_fu_21232_p3  |    select|   0|  0|   32|           1|          32|
    |select_ln84_25_fu_11951_p3   |    select|   0|  0|   32|           1|          32|
    |select_ln84_26_fu_12025_p3   |    select|   0|  0|   32|           1|          31|
    |select_ln84_27_fu_12033_p3   |    select|   0|  0|   32|           1|          32|
    |select_ln84_28_fu_12092_p3   |    select|   0|  0|   32|           1|          31|
    |select_ln84_29_fu_12106_p3   |    select|   0|  0|   32|           1|          32|
    |select_ln84_2_fu_11095_p3    |    select|   0|  0|   32|           1|          31|
    |select_ln84_30_fu_12180_p3   |    select|   0|  0|   32|           1|          31|
    |select_ln84_31_fu_12188_p3   |    select|   0|  0|   32|           1|          32|
    |select_ln84_32_fu_12247_p3   |    select|   0|  0|   32|           1|          31|
    |select_ln84_33_fu_12261_p3   |    select|   0|  0|   32|           1|          32|
    |select_ln84_34_fu_12335_p3   |    select|   0|  0|   32|           1|          31|
    |select_ln84_35_fu_12343_p3   |    select|   0|  0|   32|           1|          32|
    |select_ln84_36_fu_12402_p3   |    select|   0|  0|   32|           1|          31|
    |select_ln84_37_fu_12416_p3   |    select|   0|  0|   32|           1|          32|
    |select_ln84_38_fu_12490_p3   |    select|   0|  0|   32|           1|          31|
    |select_ln84_39_fu_12498_p3   |    select|   0|  0|   32|           1|          32|
    |select_ln84_3_fu_11103_p3    |    select|   0|  0|   32|           1|          32|
    |select_ln84_40_fu_12557_p3   |    select|   0|  0|   32|           1|          31|
    |select_ln84_41_fu_12571_p3   |    select|   0|  0|   32|           1|          32|
    |select_ln84_42_fu_12645_p3   |    select|   0|  0|   32|           1|          31|
    |select_ln84_43_fu_12653_p3   |    select|   0|  0|   32|           1|          32|
    |select_ln84_44_fu_12712_p3   |    select|   0|  0|   32|           1|          31|
    |select_ln84_45_fu_12726_p3   |    select|   0|  0|   32|           1|          32|
    |select_ln84_46_fu_12800_p3   |    select|   0|  0|   32|           1|          31|
    |select_ln84_47_fu_12808_p3   |    select|   0|  0|   32|           1|          32|
    |select_ln84_48_fu_12867_p3   |    select|   0|  0|   32|           1|          31|
    |select_ln84_49_fu_12881_p3   |    select|   0|  0|   32|           1|          32|
    |select_ln84_4_fu_11162_p3    |    select|   0|  0|   32|           1|          31|
    |select_ln84_50_fu_12955_p3   |    select|   0|  0|   32|           1|          31|
    |select_ln84_51_fu_12963_p3   |    select|   0|  0|   32|           1|          32|
    |select_ln84_52_fu_13022_p3   |    select|   0|  0|   32|           1|          31|
    |select_ln84_53_fu_13036_p3   |    select|   0|  0|   32|           1|          32|
    |select_ln84_54_fu_13110_p3   |    select|   0|  0|   32|           1|          31|
    |select_ln84_55_fu_13118_p3   |    select|   0|  0|   32|           1|          32|
    |select_ln84_56_fu_13177_p3   |    select|   0|  0|   32|           1|          31|
    |select_ln84_57_fu_13191_p3   |    select|   0|  0|   32|           1|          32|
    |select_ln84_58_fu_13265_p3   |    select|   0|  0|   32|           1|          31|
    |select_ln84_59_fu_13273_p3   |    select|   0|  0|   32|           1|          32|
    |select_ln84_5_fu_11176_p3    |    select|   0|  0|   32|           1|          32|
    |select_ln84_60_fu_13332_p3   |    select|   0|  0|   32|           1|          31|
    |select_ln84_61_fu_13346_p3   |    select|   0|  0|   32|           1|          32|
    |select_ln84_62_fu_13420_p3   |    select|   0|  0|   32|           1|          31|
    |select_ln84_63_fu_13428_p3   |    select|   0|  0|   32|           1|          32|
    |select_ln84_64_fu_13487_p3   |    select|   0|  0|   32|           1|          31|
    |select_ln84_65_fu_13501_p3   |    select|   0|  0|   32|           1|          32|
    |select_ln84_66_fu_13575_p3   |    select|   0|  0|   32|           1|          31|
    |select_ln84_67_fu_13583_p3   |    select|   0|  0|   32|           1|          32|
    |select_ln84_68_fu_13642_p3   |    select|   0|  0|   32|           1|          31|
    |select_ln84_69_fu_13656_p3   |    select|   0|  0|   32|           1|          32|
    |select_ln84_6_fu_11250_p3    |    select|   0|  0|   32|           1|          31|
    |select_ln84_70_fu_13730_p3   |    select|   0|  0|   32|           1|          31|
    |select_ln84_71_fu_13738_p3   |    select|   0|  0|   32|           1|          32|
    |select_ln84_72_fu_13797_p3   |    select|   0|  0|   32|           1|          31|
    |select_ln84_73_fu_13811_p3   |    select|   0|  0|   32|           1|          32|
    |select_ln84_74_fu_13885_p3   |    select|   0|  0|   32|           1|          31|
    |select_ln84_75_fu_13893_p3   |    select|   0|  0|   32|           1|          32|
    |select_ln84_76_fu_13952_p3   |    select|   0|  0|   32|           1|          31|
    |select_ln84_77_fu_13966_p3   |    select|   0|  0|   32|           1|          32|
    |select_ln84_78_fu_14040_p3   |    select|   0|  0|   32|           1|          31|
    |select_ln84_79_fu_14048_p3   |    select|   0|  0|   32|           1|          32|
    |select_ln84_7_fu_11258_p3    |    select|   0|  0|   32|           1|          32|
    |select_ln84_80_fu_14107_p3   |    select|   0|  0|   32|           1|          31|
    |select_ln84_81_fu_14121_p3   |    select|   0|  0|   32|           1|          32|
    |select_ln84_82_fu_14195_p3   |    select|   0|  0|   32|           1|          31|
    |select_ln84_83_fu_14203_p3   |    select|   0|  0|   32|           1|          32|
    |select_ln84_84_fu_14262_p3   |    select|   0|  0|   32|           1|          31|
    |select_ln84_85_fu_14276_p3   |    select|   0|  0|   32|           1|          32|
    |select_ln84_86_fu_14350_p3   |    select|   0|  0|   32|           1|          31|
    |select_ln84_87_fu_14358_p3   |    select|   0|  0|   32|           1|          32|
    |select_ln84_88_fu_14417_p3   |    select|   0|  0|   32|           1|          31|
    |select_ln84_89_fu_14431_p3   |    select|   0|  0|   32|           1|          32|
    |select_ln84_8_fu_11317_p3    |    select|   0|  0|   32|           1|          31|
    |select_ln84_90_fu_14505_p3   |    select|   0|  0|   32|           1|          31|
    |select_ln84_91_fu_14513_p3   |    select|   0|  0|   32|           1|          32|
    |select_ln84_92_fu_14572_p3   |    select|   0|  0|   32|           1|          31|
    |select_ln84_93_fu_14586_p3   |    select|   0|  0|   32|           1|          32|
    |select_ln84_94_fu_14660_p3   |    select|   0|  0|   32|           1|          31|
    |select_ln84_95_fu_14668_p3   |    select|   0|  0|   32|           1|          32|
    |select_ln84_96_fu_14727_p3   |    select|   0|  0|   32|           1|          31|
    |select_ln84_97_fu_14741_p3   |    select|   0|  0|   32|           1|          32|
    |select_ln84_98_fu_14815_p3   |    select|   0|  0|   32|           1|          31|
    |select_ln84_99_fu_14823_p3   |    select|   0|  0|   32|           1|          32|
    |select_ln84_9_fu_11331_p3    |    select|   0|  0|   32|           1|          32|
    |select_ln84_fu_11007_p3      |    select|   0|  0|   32|           1|          31|
    |x_1_fu_9722_p3               |    select|   0|  0|   24|           1|          24|
    |x_fu_9365_p3                 |    select|   0|  0|   24|           1|          24|
    |y_7_fu_9930_p3               |    select|   0|  0|   32|           1|          32|
    |y_8_fu_10114_p6              |    select|   0|  0|   32|           1|          31|
    |y_9_fu_10698_p6              |    select|   0|  0|   32|           1|          31|
    |y_fu_10415_p3                |    select|   0|  0|   32|           1|          32|
    |ap_enable_pp0                |       xor|   0|  0|    2|           1|           2|
    |xor_ln11_1_fu_9351_p2        |       xor|   0|  0|    2|           1|           1|
    |xor_ln11_2_fu_9696_p2        |       xor|   0|  0|    2|           1|           2|
    |xor_ln11_3_fu_9708_p2        |       xor|   0|  0|    2|           1|           1|
    |xor_ln11_fu_9339_p2          |       xor|   0|  0|    2|           1|           2|
    |xor_ln45_2_fu_10083_p2       |       xor|   0|  0|    2|           1|           2|
    |xor_ln45_3_fu_10089_p2       |       xor|   0|  0|    2|           1|           2|
    |xor_ln45_4_fu_10673_p2       |       xor|   0|  0|    2|           1|           2|
    |xor_ln45_fu_10667_p2         |       xor|   0|  0|    2|           1|           2|
    |xor_ln56_1_fu_9916_p2        |       xor|   0|  0|    2|           1|           1|
    |xor_ln56_2_fu_10389_p2       |       xor|   0|  0|    2|           1|           2|
    |xor_ln56_3_fu_10401_p2       |       xor|   0|  0|    2|           1|           1|
    |xor_ln56_fu_9904_p2          |       xor|   0|  0|    2|           1|           2|
    |xor_ln58_1_fu_10065_p2       |       xor|   0|  0|    2|           1|           1|
    |xor_ln58_2_fu_10637_p2       |       xor|   0|  0|    2|           1|           2|
    |xor_ln58_3_fu_10649_p2       |       xor|   0|  0|    2|           1|           1|
    |xor_ln58_fu_10053_p2         |       xor|   0|  0|    2|           1|           2|
    |xor_ln61_100_fu_8515_p2      |       xor|   0|  0|    2|           1|           2|
    |xor_ln61_101_fu_8527_p2      |       xor|   0|  0|    2|           1|           1|
    |xor_ln61_102_fu_8573_p2      |       xor|   0|  0|    2|           1|           2|
    |xor_ln61_103_fu_8585_p2      |       xor|   0|  0|    2|           1|           1|
    |xor_ln61_104_fu_8631_p2      |       xor|   0|  0|    2|           1|           2|
    |xor_ln61_105_fu_8643_p2      |       xor|   0|  0|    2|           1|           1|
    |xor_ln61_106_fu_8689_p2      |       xor|   0|  0|    2|           1|           2|
    |xor_ln61_107_fu_8701_p2      |       xor|   0|  0|    2|           1|           1|
    |xor_ln61_108_fu_8747_p2      |       xor|   0|  0|    2|           1|           2|
    |xor_ln61_109_fu_8759_p2      |       xor|   0|  0|    2|           1|           1|
    |xor_ln61_10_fu_5905_p2       |       xor|   0|  0|    2|           1|           2|
    |xor_ln61_110_fu_8805_p2      |       xor|   0|  0|    2|           1|           2|
    |xor_ln61_111_fu_8817_p2      |       xor|   0|  0|    2|           1|           1|
    |xor_ln61_112_fu_8863_p2      |       xor|   0|  0|    2|           1|           2|
    |xor_ln61_113_fu_8875_p2      |       xor|   0|  0|    2|           1|           1|
    |xor_ln61_114_fu_8921_p2      |       xor|   0|  0|    2|           1|           2|
    |xor_ln61_115_fu_8933_p2      |       xor|   0|  0|    2|           1|           1|
    |xor_ln61_116_fu_8979_p2      |       xor|   0|  0|    2|           1|           2|
    |xor_ln61_117_fu_8991_p2      |       xor|   0|  0|    2|           1|           1|
    |xor_ln61_118_fu_9037_p2      |       xor|   0|  0|    2|           1|           2|
    |xor_ln61_119_fu_9049_p2      |       xor|   0|  0|    2|           1|           1|
    |xor_ln61_11_fu_5917_p2       |       xor|   0|  0|    2|           1|           1|
    |xor_ln61_120_fu_9092_p2      |       xor|   0|  0|    2|           1|           2|
    |xor_ln61_121_fu_9104_p2      |       xor|   0|  0|    2|           1|           1|
    |xor_ln61_122_fu_9147_p2      |       xor|   0|  0|    2|           1|           2|
    |xor_ln61_123_fu_9159_p2      |       xor|   0|  0|    2|           1|           1|
    |xor_ln61_12_fu_5963_p2       |       xor|   0|  0|    2|           1|           2|
    |xor_ln61_13_fu_5975_p2       |       xor|   0|  0|    2|           1|           1|
    |xor_ln61_14_fu_6021_p2       |       xor|   0|  0|    2|           1|           2|
    |xor_ln61_15_fu_6033_p2       |       xor|   0|  0|    2|           1|           1|
    |xor_ln61_16_fu_6079_p2       |       xor|   0|  0|    2|           1|           2|
    |xor_ln61_17_fu_6091_p2       |       xor|   0|  0|    2|           1|           1|
    |xor_ln61_18_fu_6137_p2       |       xor|   0|  0|    2|           1|           2|
    |xor_ln61_19_fu_6149_p2       |       xor|   0|  0|    2|           1|           1|
    |xor_ln61_1_fu_5627_p2        |       xor|   0|  0|    2|           1|           1|
    |xor_ln61_20_fu_6195_p2       |       xor|   0|  0|    2|           1|           2|
    |xor_ln61_21_fu_6207_p2       |       xor|   0|  0|    2|           1|           1|
    |xor_ln61_22_fu_6253_p2       |       xor|   0|  0|    2|           1|           2|
    |xor_ln61_23_fu_6265_p2       |       xor|   0|  0|    2|           1|           1|
    |xor_ln61_24_fu_6311_p2       |       xor|   0|  0|    2|           1|           2|
    |xor_ln61_25_fu_6323_p2       |       xor|   0|  0|    2|           1|           1|
    |xor_ln61_26_fu_6369_p2       |       xor|   0|  0|    2|           1|           2|
    |xor_ln61_27_fu_6381_p2       |       xor|   0|  0|    2|           1|           1|
    |xor_ln61_28_fu_6427_p2       |       xor|   0|  0|    2|           1|           2|
    |xor_ln61_29_fu_6439_p2       |       xor|   0|  0|    2|           1|           1|
    |xor_ln61_2_fu_5673_p2        |       xor|   0|  0|    2|           1|           2|
    |xor_ln61_30_fu_6485_p2       |       xor|   0|  0|    2|           1|           2|
    |xor_ln61_31_fu_6497_p2       |       xor|   0|  0|    2|           1|           1|
    |xor_ln61_32_fu_6543_p2       |       xor|   0|  0|    2|           1|           2|
    |xor_ln61_33_fu_6555_p2       |       xor|   0|  0|    2|           1|           1|
    |xor_ln61_34_fu_6601_p2       |       xor|   0|  0|    2|           1|           2|
    |xor_ln61_35_fu_6613_p2       |       xor|   0|  0|    2|           1|           1|
    |xor_ln61_36_fu_6659_p2       |       xor|   0|  0|    2|           1|           2|
    |xor_ln61_37_fu_6671_p2       |       xor|   0|  0|    2|           1|           1|
    |xor_ln61_38_fu_6717_p2       |       xor|   0|  0|    2|           1|           2|
    |xor_ln61_39_fu_6729_p2       |       xor|   0|  0|    2|           1|           1|
    |xor_ln61_3_fu_5685_p2        |       xor|   0|  0|    2|           1|           1|
    |xor_ln61_40_fu_6775_p2       |       xor|   0|  0|    2|           1|           2|
    |xor_ln61_41_fu_6787_p2       |       xor|   0|  0|    2|           1|           1|
    |xor_ln61_42_fu_6833_p2       |       xor|   0|  0|    2|           1|           2|
    |xor_ln61_43_fu_6845_p2       |       xor|   0|  0|    2|           1|           1|
    |xor_ln61_44_fu_6891_p2       |       xor|   0|  0|    2|           1|           2|
    |xor_ln61_45_fu_6903_p2       |       xor|   0|  0|    2|           1|           1|
    |xor_ln61_46_fu_6949_p2       |       xor|   0|  0|    2|           1|           2|
    |xor_ln61_47_fu_6961_p2       |       xor|   0|  0|    2|           1|           1|
    |xor_ln61_48_fu_7007_p2       |       xor|   0|  0|    2|           1|           2|
    |xor_ln61_49_fu_7019_p2       |       xor|   0|  0|    2|           1|           1|
    |xor_ln61_4_fu_5731_p2        |       xor|   0|  0|    2|           1|           2|
    |xor_ln61_50_fu_7065_p2       |       xor|   0|  0|    2|           1|           2|
    |xor_ln61_51_fu_7077_p2       |       xor|   0|  0|    2|           1|           1|
    |xor_ln61_52_fu_7123_p2       |       xor|   0|  0|    2|           1|           2|
    |xor_ln61_53_fu_7135_p2       |       xor|   0|  0|    2|           1|           1|
    |xor_ln61_54_fu_7181_p2       |       xor|   0|  0|    2|           1|           2|
    |xor_ln61_55_fu_7193_p2       |       xor|   0|  0|    2|           1|           1|
    |xor_ln61_56_fu_7239_p2       |       xor|   0|  0|    2|           1|           2|
    |xor_ln61_57_fu_7251_p2       |       xor|   0|  0|    2|           1|           1|
    |xor_ln61_58_fu_7297_p2       |       xor|   0|  0|    2|           1|           2|
    |xor_ln61_59_fu_7309_p2       |       xor|   0|  0|    2|           1|           1|
    |xor_ln61_5_fu_5743_p2        |       xor|   0|  0|    2|           1|           1|
    |xor_ln61_60_fu_7355_p2       |       xor|   0|  0|    2|           1|           2|
    |xor_ln61_61_fu_7367_p2       |       xor|   0|  0|    2|           1|           1|
    |xor_ln61_62_fu_7413_p2       |       xor|   0|  0|    2|           1|           2|
    |xor_ln61_63_fu_7425_p2       |       xor|   0|  0|    2|           1|           1|
    |xor_ln61_64_fu_7471_p2       |       xor|   0|  0|    2|           1|           2|
    |xor_ln61_65_fu_7483_p2       |       xor|   0|  0|    2|           1|           1|
    |xor_ln61_66_fu_7529_p2       |       xor|   0|  0|    2|           1|           2|
    |xor_ln61_67_fu_7541_p2       |       xor|   0|  0|    2|           1|           1|
    |xor_ln61_68_fu_7587_p2       |       xor|   0|  0|    2|           1|           2|
    |xor_ln61_69_fu_7599_p2       |       xor|   0|  0|    2|           1|           1|
    |xor_ln61_6_fu_5789_p2        |       xor|   0|  0|    2|           1|           2|
    |xor_ln61_70_fu_7645_p2       |       xor|   0|  0|    2|           1|           2|
    |xor_ln61_71_fu_7657_p2       |       xor|   0|  0|    2|           1|           1|
    |xor_ln61_72_fu_7703_p2       |       xor|   0|  0|    2|           1|           2|
    |xor_ln61_73_fu_7715_p2       |       xor|   0|  0|    2|           1|           1|
    |xor_ln61_74_fu_7761_p2       |       xor|   0|  0|    2|           1|           2|
    |xor_ln61_75_fu_7773_p2       |       xor|   0|  0|    2|           1|           1|
    |xor_ln61_76_fu_7819_p2       |       xor|   0|  0|    2|           1|           2|
    |xor_ln61_77_fu_7831_p2       |       xor|   0|  0|    2|           1|           1|
    |xor_ln61_78_fu_7877_p2       |       xor|   0|  0|    2|           1|           2|
    |xor_ln61_79_fu_7889_p2       |       xor|   0|  0|    2|           1|           1|
    |xor_ln61_7_fu_5801_p2        |       xor|   0|  0|    2|           1|           1|
    |xor_ln61_80_fu_7935_p2       |       xor|   0|  0|    2|           1|           2|
    |xor_ln61_81_fu_7947_p2       |       xor|   0|  0|    2|           1|           1|
    |xor_ln61_82_fu_7993_p2       |       xor|   0|  0|    2|           1|           2|
    |xor_ln61_83_fu_8005_p2       |       xor|   0|  0|    2|           1|           1|
    |xor_ln61_84_fu_8051_p2       |       xor|   0|  0|    2|           1|           2|
    |xor_ln61_85_fu_8063_p2       |       xor|   0|  0|    2|           1|           1|
    |xor_ln61_86_fu_8109_p2       |       xor|   0|  0|    2|           1|           2|
    |xor_ln61_87_fu_8121_p2       |       xor|   0|  0|    2|           1|           1|
    |xor_ln61_88_fu_8167_p2       |       xor|   0|  0|    2|           1|           2|
    |xor_ln61_89_fu_8179_p2       |       xor|   0|  0|    2|           1|           1|
    |xor_ln61_8_fu_5847_p2        |       xor|   0|  0|    2|           1|           2|
    |xor_ln61_90_fu_8225_p2       |       xor|   0|  0|    2|           1|           2|
    |xor_ln61_91_fu_8237_p2       |       xor|   0|  0|    2|           1|           1|
    |xor_ln61_92_fu_8283_p2       |       xor|   0|  0|    2|           1|           2|
    |xor_ln61_93_fu_8295_p2       |       xor|   0|  0|    2|           1|           1|
    |xor_ln61_94_fu_8341_p2       |       xor|   0|  0|    2|           1|           2|
    |xor_ln61_95_fu_8353_p2       |       xor|   0|  0|    2|           1|           1|
    |xor_ln61_96_fu_8399_p2       |       xor|   0|  0|    2|           1|           2|
    |xor_ln61_97_fu_8411_p2       |       xor|   0|  0|    2|           1|           1|
    |xor_ln61_98_fu_8457_p2       |       xor|   0|  0|    2|           1|           2|
    |xor_ln61_99_fu_8469_p2       |       xor|   0|  0|    2|           1|           1|
    |xor_ln61_9_fu_5859_p2        |       xor|   0|  0|    2|           1|           1|
    |xor_ln61_fu_5615_p2          |       xor|   0|  0|    2|           1|           2|
    |xor_ln69_1_fu_9250_p2        |       xor|   0|  0|    2|           1|           2|
    |xor_ln69_fu_9238_p2          |       xor|   0|  0|    2|           1|           2|
    |xor_ln77_1_fu_10792_p2       |       xor|   0|  0|    2|           1|           2|
    |xor_ln77_2_fu_10886_p2       |       xor|   0|  0|    2|           1|           2|
    |xor_ln77_3_fu_10898_p2       |       xor|   0|  0|    2|           1|           1|
    |xor_ln77_fu_10780_p2         |       xor|   0|  0|    2|           1|           2|
    |xor_ln84_100_fu_14852_p2     |       xor|   0|  0|    2|           1|           2|
    |xor_ln84_101_fu_14864_p2     |       xor|   0|  0|    2|           1|           2|
    |xor_ln84_102_fu_14952_p2     |       xor|   0|  0|    2|           1|           2|
    |xor_ln84_103_fu_14964_p2     |       xor|   0|  0|    2|           1|           1|
    |xor_ln84_104_fu_15007_p2     |       xor|   0|  0|    2|           1|           2|
    |xor_ln84_105_fu_15019_p2     |       xor|   0|  0|    2|           1|           2|
    |xor_ln84_106_fu_15107_p2     |       xor|   0|  0|    2|           1|           2|
    |xor_ln84_107_fu_15119_p2     |       xor|   0|  0|    2|           1|           1|
    |xor_ln84_108_fu_15162_p2     |       xor|   0|  0|    2|           1|           2|
    |xor_ln84_109_fu_15174_p2     |       xor|   0|  0|    2|           1|           2|
    |xor_ln84_10_fu_11387_p2      |       xor|   0|  0|    2|           1|           2|
    |xor_ln84_110_fu_15262_p2     |       xor|   0|  0|    2|           1|           2|
    |xor_ln84_111_fu_15274_p2     |       xor|   0|  0|    2|           1|           1|
    |xor_ln84_112_fu_15317_p2     |       xor|   0|  0|    2|           1|           2|
    |xor_ln84_113_fu_15329_p2     |       xor|   0|  0|    2|           1|           2|
    |xor_ln84_114_fu_15417_p2     |       xor|   0|  0|    2|           1|           2|
    |xor_ln84_115_fu_15429_p2     |       xor|   0|  0|    2|           1|           1|
    |xor_ln84_116_fu_15472_p2     |       xor|   0|  0|    2|           1|           2|
    |xor_ln84_117_fu_15484_p2     |       xor|   0|  0|    2|           1|           2|
    |xor_ln84_118_fu_15572_p2     |       xor|   0|  0|    2|           1|           2|
    |xor_ln84_119_fu_15584_p2     |       xor|   0|  0|    2|           1|           1|
    |xor_ln84_11_fu_11399_p2      |       xor|   0|  0|    2|           1|           1|
    |xor_ln84_120_fu_15663_p2     |       xor|   0|  0|    2|           1|           2|
    |xor_ln84_121_fu_15675_p2     |       xor|   0|  0|    2|           1|           2|
    |xor_ln84_122_fu_15763_p2     |       xor|   0|  0|    2|           1|           2|
    |xor_ln84_123_fu_15775_p2     |       xor|   0|  0|    2|           1|           1|
    |xor_ln84_124_fu_15854_p2     |       xor|   0|  0|    2|           1|           2|
    |xor_ln84_125_fu_15866_p2     |       xor|   0|  0|    2|           1|           2|
    |xor_ln84_126_fu_15954_p2     |       xor|   0|  0|    2|           1|           2|
    |xor_ln84_127_fu_15966_p2     |       xor|   0|  0|    2|           1|           1|
    |xor_ln84_128_fu_16045_p2     |       xor|   0|  0|    2|           1|           2|
    |xor_ln84_129_fu_16057_p2     |       xor|   0|  0|    2|           1|           2|
    |xor_ln84_12_fu_11442_p2      |       xor|   0|  0|    2|           1|           2|
    |xor_ln84_130_fu_16401_p2     |       xor|   0|  0|    2|           1|           2|
    |xor_ln84_131_fu_16413_p2     |       xor|   0|  0|    2|           1|           1|
    |xor_ln84_132_fu_16456_p2     |       xor|   0|  0|    2|           1|           2|
    |xor_ln84_133_fu_16468_p2     |       xor|   0|  0|    2|           1|           2|
    |xor_ln84_134_fu_16556_p2     |       xor|   0|  0|    2|           1|           2|
    |xor_ln84_135_fu_16568_p2     |       xor|   0|  0|    2|           1|           1|
    |xor_ln84_136_fu_16611_p2     |       xor|   0|  0|    2|           1|           2|
    |xor_ln84_137_fu_16623_p2     |       xor|   0|  0|    2|           1|           2|
    |xor_ln84_138_fu_16711_p2     |       xor|   0|  0|    2|           1|           2|
    |xor_ln84_139_fu_16723_p2     |       xor|   0|  0|    2|           1|           1|
    |xor_ln84_13_fu_11454_p2      |       xor|   0|  0|    2|           1|           2|
    |xor_ln84_140_fu_16766_p2     |       xor|   0|  0|    2|           1|           2|
    |xor_ln84_141_fu_16778_p2     |       xor|   0|  0|    2|           1|           2|
    |xor_ln84_142_fu_16866_p2     |       xor|   0|  0|    2|           1|           2|
    |xor_ln84_143_fu_16878_p2     |       xor|   0|  0|    2|           1|           1|
    |xor_ln84_144_fu_16921_p2     |       xor|   0|  0|    2|           1|           2|
    |xor_ln84_145_fu_16933_p2     |       xor|   0|  0|    2|           1|           2|
    |xor_ln84_146_fu_17021_p2     |       xor|   0|  0|    2|           1|           2|
    |xor_ln84_147_fu_17033_p2     |       xor|   0|  0|    2|           1|           1|
    |xor_ln84_148_fu_17076_p2     |       xor|   0|  0|    2|           1|           2|
    |xor_ln84_149_fu_17088_p2     |       xor|   0|  0|    2|           1|           2|
    |xor_ln84_14_fu_11542_p2      |       xor|   0|  0|    2|           1|           2|
    |xor_ln84_150_fu_17176_p2     |       xor|   0|  0|    2|           1|           2|
    |xor_ln84_151_fu_17188_p2     |       xor|   0|  0|    2|           1|           1|
    |xor_ln84_152_fu_17231_p2     |       xor|   0|  0|    2|           1|           2|
    |xor_ln84_153_fu_17243_p2     |       xor|   0|  0|    2|           1|           2|
    |xor_ln84_154_fu_17331_p2     |       xor|   0|  0|    2|           1|           2|
    |xor_ln84_155_fu_17343_p2     |       xor|   0|  0|    2|           1|           1|
    |xor_ln84_156_fu_17386_p2     |       xor|   0|  0|    2|           1|           2|
    |xor_ln84_157_fu_17398_p2     |       xor|   0|  0|    2|           1|           2|
    |xor_ln84_158_fu_17486_p2     |       xor|   0|  0|    2|           1|           2|
    |xor_ln84_159_fu_17498_p2     |       xor|   0|  0|    2|           1|           1|
    |xor_ln84_15_fu_11554_p2      |       xor|   0|  0|    2|           1|           1|
    |xor_ln84_160_fu_17541_p2     |       xor|   0|  0|    2|           1|           2|
    |xor_ln84_161_fu_17553_p2     |       xor|   0|  0|    2|           1|           2|
    |xor_ln84_162_fu_17641_p2     |       xor|   0|  0|    2|           1|           2|
    |xor_ln84_163_fu_17653_p2     |       xor|   0|  0|    2|           1|           1|
    |xor_ln84_164_fu_17696_p2     |       xor|   0|  0|    2|           1|           2|
    |xor_ln84_165_fu_17708_p2     |       xor|   0|  0|    2|           1|           2|
    |xor_ln84_166_fu_17796_p2     |       xor|   0|  0|    2|           1|           2|
    |xor_ln84_167_fu_17808_p2     |       xor|   0|  0|    2|           1|           1|
    |xor_ln84_168_fu_17851_p2     |       xor|   0|  0|    2|           1|           2|
    |xor_ln84_169_fu_17863_p2     |       xor|   0|  0|    2|           1|           2|
    |xor_ln84_16_fu_11597_p2      |       xor|   0|  0|    2|           1|           2|
    |xor_ln84_170_fu_17951_p2     |       xor|   0|  0|    2|           1|           2|
    |xor_ln84_171_fu_17963_p2     |       xor|   0|  0|    2|           1|           1|
    |xor_ln84_172_fu_18006_p2     |       xor|   0|  0|    2|           1|           2|
    |xor_ln84_173_fu_18018_p2     |       xor|   0|  0|    2|           1|           2|
    |xor_ln84_174_fu_18106_p2     |       xor|   0|  0|    2|           1|           2|
    |xor_ln84_175_fu_18118_p2     |       xor|   0|  0|    2|           1|           1|
    |xor_ln84_176_fu_18161_p2     |       xor|   0|  0|    2|           1|           2|
    |xor_ln84_177_fu_18173_p2     |       xor|   0|  0|    2|           1|           2|
    |xor_ln84_178_fu_18261_p2     |       xor|   0|  0|    2|           1|           2|
    |xor_ln84_179_fu_18273_p2     |       xor|   0|  0|    2|           1|           1|
    |xor_ln84_17_fu_11609_p2      |       xor|   0|  0|    2|           1|           2|
    |xor_ln84_180_fu_18316_p2     |       xor|   0|  0|    2|           1|           2|
    |xor_ln84_181_fu_18328_p2     |       xor|   0|  0|    2|           1|           2|
    |xor_ln84_182_fu_18416_p2     |       xor|   0|  0|    2|           1|           2|
    |xor_ln84_183_fu_18428_p2     |       xor|   0|  0|    2|           1|           1|
    |xor_ln84_184_fu_18471_p2     |       xor|   0|  0|    2|           1|           2|
    |xor_ln84_185_fu_18483_p2     |       xor|   0|  0|    2|           1|           2|
    |xor_ln84_186_fu_18571_p2     |       xor|   0|  0|    2|           1|           2|
    |xor_ln84_187_fu_18583_p2     |       xor|   0|  0|    2|           1|           1|
    |xor_ln84_188_fu_18626_p2     |       xor|   0|  0|    2|           1|           2|
    |xor_ln84_189_fu_18638_p2     |       xor|   0|  0|    2|           1|           2|
    |xor_ln84_18_fu_11697_p2      |       xor|   0|  0|    2|           1|           2|
    |xor_ln84_190_fu_18726_p2     |       xor|   0|  0|    2|           1|           2|
    |xor_ln84_191_fu_18738_p2     |       xor|   0|  0|    2|           1|           1|
    |xor_ln84_192_fu_18781_p2     |       xor|   0|  0|    2|           1|           2|
    |xor_ln84_193_fu_18793_p2     |       xor|   0|  0|    2|           1|           2|
    |xor_ln84_194_fu_18881_p2     |       xor|   0|  0|    2|           1|           2|
    |xor_ln84_195_fu_18893_p2     |       xor|   0|  0|    2|           1|           1|
    |xor_ln84_196_fu_18936_p2     |       xor|   0|  0|    2|           1|           2|
    |xor_ln84_197_fu_18948_p2     |       xor|   0|  0|    2|           1|           2|
    |xor_ln84_198_fu_19036_p2     |       xor|   0|  0|    2|           1|           2|
    |xor_ln84_199_fu_19048_p2     |       xor|   0|  0|    2|           1|           1|
    |xor_ln84_19_fu_11709_p2      |       xor|   0|  0|    2|           1|           1|
    |xor_ln84_1_fu_10989_p2       |       xor|   0|  0|    2|           1|           2|
    |xor_ln84_200_fu_19091_p2     |       xor|   0|  0|    2|           1|           2|
    |xor_ln84_201_fu_19103_p2     |       xor|   0|  0|    2|           1|           2|
    |xor_ln84_202_fu_19191_p2     |       xor|   0|  0|    2|           1|           2|
    |xor_ln84_203_fu_19203_p2     |       xor|   0|  0|    2|           1|           1|
    |xor_ln84_204_fu_19246_p2     |       xor|   0|  0|    2|           1|           2|
    |xor_ln84_205_fu_19258_p2     |       xor|   0|  0|    2|           1|           2|
    |xor_ln84_206_fu_19346_p2     |       xor|   0|  0|    2|           1|           2|
    |xor_ln84_207_fu_19358_p2     |       xor|   0|  0|    2|           1|           1|
    |xor_ln84_208_fu_19401_p2     |       xor|   0|  0|    2|           1|           2|
    |xor_ln84_209_fu_19413_p2     |       xor|   0|  0|    2|           1|           2|
    |xor_ln84_20_fu_11752_p2      |       xor|   0|  0|    2|           1|           2|
    |xor_ln84_210_fu_19501_p2     |       xor|   0|  0|    2|           1|           2|
    |xor_ln84_211_fu_19513_p2     |       xor|   0|  0|    2|           1|           1|
    |xor_ln84_212_fu_19556_p2     |       xor|   0|  0|    2|           1|           2|
    |xor_ln84_213_fu_19568_p2     |       xor|   0|  0|    2|           1|           2|
    |xor_ln84_214_fu_19656_p2     |       xor|   0|  0|    2|           1|           2|
    |xor_ln84_215_fu_19668_p2     |       xor|   0|  0|    2|           1|           1|
    |xor_ln84_216_fu_19711_p2     |       xor|   0|  0|    2|           1|           2|
    |xor_ln84_217_fu_19723_p2     |       xor|   0|  0|    2|           1|           2|
    |xor_ln84_218_fu_19811_p2     |       xor|   0|  0|    2|           1|           2|
    |xor_ln84_219_fu_19823_p2     |       xor|   0|  0|    2|           1|           1|
    |xor_ln84_21_fu_11764_p2      |       xor|   0|  0|    2|           1|           2|
    |xor_ln84_220_fu_19866_p2     |       xor|   0|  0|    2|           1|           2|
    |xor_ln84_221_fu_19878_p2     |       xor|   0|  0|    2|           1|           2|
    |xor_ln84_222_fu_19966_p2     |       xor|   0|  0|    2|           1|           2|
    |xor_ln84_223_fu_19978_p2     |       xor|   0|  0|    2|           1|           1|
    |xor_ln84_224_fu_20021_p2     |       xor|   0|  0|    2|           1|           2|
    |xor_ln84_225_fu_20033_p2     |       xor|   0|  0|    2|           1|           2|
    |xor_ln84_226_fu_20121_p2     |       xor|   0|  0|    2|           1|           2|
    |xor_ln84_227_fu_20133_p2     |       xor|   0|  0|    2|           1|           1|
    |xor_ln84_228_fu_20176_p2     |       xor|   0|  0|    2|           1|           2|
    |xor_ln84_229_fu_20188_p2     |       xor|   0|  0|    2|           1|           2|
    |xor_ln84_22_fu_11852_p2      |       xor|   0|  0|    2|           1|           2|
    |xor_ln84_230_fu_20276_p2     |       xor|   0|  0|    2|           1|           2|
    |xor_ln84_231_fu_20288_p2     |       xor|   0|  0|    2|           1|           1|
    |xor_ln84_232_fu_20331_p2     |       xor|   0|  0|    2|           1|           2|
    |xor_ln84_233_fu_20343_p2     |       xor|   0|  0|    2|           1|           2|
    |xor_ln84_234_fu_20431_p2     |       xor|   0|  0|    2|           1|           2|
    |xor_ln84_235_fu_20443_p2     |       xor|   0|  0|    2|           1|           1|
    |xor_ln84_236_fu_20486_p2     |       xor|   0|  0|    2|           1|           2|
    |xor_ln84_237_fu_20498_p2     |       xor|   0|  0|    2|           1|           2|
    |xor_ln84_238_fu_20586_p2     |       xor|   0|  0|    2|           1|           2|
    |xor_ln84_239_fu_20598_p2     |       xor|   0|  0|    2|           1|           1|
    |xor_ln84_23_fu_11864_p2      |       xor|   0|  0|    2|           1|           1|
    |xor_ln84_240_fu_20641_p2     |       xor|   0|  0|    2|           1|           2|
    |xor_ln84_241_fu_20653_p2     |       xor|   0|  0|    2|           1|           2|
    |xor_ln84_242_fu_20741_p2     |       xor|   0|  0|    2|           1|           2|
    |xor_ln84_243_fu_20753_p2     |       xor|   0|  0|    2|           1|           1|
    |xor_ln84_244_fu_20796_p2     |       xor|   0|  0|    2|           1|           2|
    |xor_ln84_245_fu_20808_p2     |       xor|   0|  0|    2|           1|           2|
    |xor_ln84_246_fu_20896_p2     |       xor|   0|  0|    2|           1|           2|
    |xor_ln84_247_fu_20908_p2     |       xor|   0|  0|    2|           1|           1|
    |xor_ln84_248_fu_20951_p2     |       xor|   0|  0|    2|           1|           2|
    |xor_ln84_249_fu_20963_p2     |       xor|   0|  0|    2|           1|           2|
    |xor_ln84_24_fu_11907_p2      |       xor|   0|  0|    2|           1|           2|
    |xor_ln84_250_fu_21051_p2     |       xor|   0|  0|    2|           1|           2|
    |xor_ln84_251_fu_21063_p2     |       xor|   0|  0|    2|           1|           1|
    |xor_ln84_252_fu_21106_p2     |       xor|   0|  0|    2|           1|           2|
    |xor_ln84_253_fu_21118_p2     |       xor|   0|  0|    2|           1|           2|
    |xor_ln84_254_fu_21206_p2     |       xor|   0|  0|    2|           1|           2|
    |xor_ln84_255_fu_21218_p2     |       xor|   0|  0|    2|           1|           1|
    |xor_ln84_25_fu_11919_p2      |       xor|   0|  0|    2|           1|           2|
    |xor_ln84_26_fu_12007_p2      |       xor|   0|  0|    2|           1|           2|
    |xor_ln84_27_fu_12019_p2      |       xor|   0|  0|    2|           1|           1|
    |xor_ln84_28_fu_12062_p2      |       xor|   0|  0|    2|           1|           2|
    |xor_ln84_29_fu_12074_p2      |       xor|   0|  0|    2|           1|           2|
    |xor_ln84_2_fu_11077_p2       |       xor|   0|  0|    2|           1|           2|
    |xor_ln84_30_fu_12162_p2      |       xor|   0|  0|    2|           1|           2|
    |xor_ln84_31_fu_12174_p2      |       xor|   0|  0|    2|           1|           1|
    |xor_ln84_32_fu_12217_p2      |       xor|   0|  0|    2|           1|           2|
    |xor_ln84_33_fu_12229_p2      |       xor|   0|  0|    2|           1|           2|
    |xor_ln84_34_fu_12317_p2      |       xor|   0|  0|    2|           1|           2|
    |xor_ln84_35_fu_12329_p2      |       xor|   0|  0|    2|           1|           1|
    |xor_ln84_36_fu_12372_p2      |       xor|   0|  0|    2|           1|           2|
    |xor_ln84_37_fu_12384_p2      |       xor|   0|  0|    2|           1|           2|
    |xor_ln84_38_fu_12472_p2      |       xor|   0|  0|    2|           1|           2|
    |xor_ln84_39_fu_12484_p2      |       xor|   0|  0|    2|           1|           1|
    |xor_ln84_3_fu_11089_p2       |       xor|   0|  0|    2|           1|           1|
    |xor_ln84_40_fu_12527_p2      |       xor|   0|  0|    2|           1|           2|
    |xor_ln84_41_fu_12539_p2      |       xor|   0|  0|    2|           1|           2|
    |xor_ln84_42_fu_12627_p2      |       xor|   0|  0|    2|           1|           2|
    |xor_ln84_43_fu_12639_p2      |       xor|   0|  0|    2|           1|           1|
    |xor_ln84_44_fu_12682_p2      |       xor|   0|  0|    2|           1|           2|
    |xor_ln84_45_fu_12694_p2      |       xor|   0|  0|    2|           1|           2|
    |xor_ln84_46_fu_12782_p2      |       xor|   0|  0|    2|           1|           2|
    |xor_ln84_47_fu_12794_p2      |       xor|   0|  0|    2|           1|           1|
    |xor_ln84_48_fu_12837_p2      |       xor|   0|  0|    2|           1|           2|
    |xor_ln84_49_fu_12849_p2      |       xor|   0|  0|    2|           1|           2|
    |xor_ln84_4_fu_11132_p2       |       xor|   0|  0|    2|           1|           2|
    |xor_ln84_50_fu_12937_p2      |       xor|   0|  0|    2|           1|           2|
    |xor_ln84_51_fu_12949_p2      |       xor|   0|  0|    2|           1|           1|
    |xor_ln84_52_fu_12992_p2      |       xor|   0|  0|    2|           1|           2|
    |xor_ln84_53_fu_13004_p2      |       xor|   0|  0|    2|           1|           2|
    |xor_ln84_54_fu_13092_p2      |       xor|   0|  0|    2|           1|           2|
    |xor_ln84_55_fu_13104_p2      |       xor|   0|  0|    2|           1|           1|
    |xor_ln84_56_fu_13147_p2      |       xor|   0|  0|    2|           1|           2|
    |xor_ln84_57_fu_13159_p2      |       xor|   0|  0|    2|           1|           2|
    |xor_ln84_58_fu_13247_p2      |       xor|   0|  0|    2|           1|           2|
    |xor_ln84_59_fu_13259_p2      |       xor|   0|  0|    2|           1|           1|
    |xor_ln84_5_fu_11144_p2       |       xor|   0|  0|    2|           1|           2|
    |xor_ln84_60_fu_13302_p2      |       xor|   0|  0|    2|           1|           2|
    |xor_ln84_61_fu_13314_p2      |       xor|   0|  0|    2|           1|           2|
    |xor_ln84_62_fu_13402_p2      |       xor|   0|  0|    2|           1|           2|
    |xor_ln84_63_fu_13414_p2      |       xor|   0|  0|    2|           1|           1|
    |xor_ln84_64_fu_13457_p2      |       xor|   0|  0|    2|           1|           2|
    |xor_ln84_65_fu_13469_p2      |       xor|   0|  0|    2|           1|           2|
    |xor_ln84_66_fu_13557_p2      |       xor|   0|  0|    2|           1|           2|
    |xor_ln84_67_fu_13569_p2      |       xor|   0|  0|    2|           1|           1|
    |xor_ln84_68_fu_13612_p2      |       xor|   0|  0|    2|           1|           2|
    |xor_ln84_69_fu_13624_p2      |       xor|   0|  0|    2|           1|           2|
    |xor_ln84_6_fu_11232_p2       |       xor|   0|  0|    2|           1|           2|
    |xor_ln84_70_fu_13712_p2      |       xor|   0|  0|    2|           1|           2|
    |xor_ln84_71_fu_13724_p2      |       xor|   0|  0|    2|           1|           1|
    |xor_ln84_72_fu_13767_p2      |       xor|   0|  0|    2|           1|           2|
    |xor_ln84_73_fu_13779_p2      |       xor|   0|  0|    2|           1|           2|
    |xor_ln84_74_fu_13867_p2      |       xor|   0|  0|    2|           1|           2|
    |xor_ln84_75_fu_13879_p2      |       xor|   0|  0|    2|           1|           1|
    |xor_ln84_76_fu_13922_p2      |       xor|   0|  0|    2|           1|           2|
    |xor_ln84_77_fu_13934_p2      |       xor|   0|  0|    2|           1|           2|
    |xor_ln84_78_fu_14022_p2      |       xor|   0|  0|    2|           1|           2|
    |xor_ln84_79_fu_14034_p2      |       xor|   0|  0|    2|           1|           1|
    |xor_ln84_7_fu_11244_p2       |       xor|   0|  0|    2|           1|           1|
    |xor_ln84_80_fu_14077_p2      |       xor|   0|  0|    2|           1|           2|
    |xor_ln84_81_fu_14089_p2      |       xor|   0|  0|    2|           1|           2|
    |xor_ln84_82_fu_14177_p2      |       xor|   0|  0|    2|           1|           2|
    |xor_ln84_83_fu_14189_p2      |       xor|   0|  0|    2|           1|           1|
    |xor_ln84_84_fu_14232_p2      |       xor|   0|  0|    2|           1|           2|
    |xor_ln84_85_fu_14244_p2      |       xor|   0|  0|    2|           1|           2|
    |xor_ln84_86_fu_14332_p2      |       xor|   0|  0|    2|           1|           2|
    |xor_ln84_87_fu_14344_p2      |       xor|   0|  0|    2|           1|           1|
    |xor_ln84_88_fu_14387_p2      |       xor|   0|  0|    2|           1|           2|
    |xor_ln84_89_fu_14399_p2      |       xor|   0|  0|    2|           1|           2|
    |xor_ln84_8_fu_11287_p2       |       xor|   0|  0|    2|           1|           2|
    |xor_ln84_90_fu_14487_p2      |       xor|   0|  0|    2|           1|           2|
    |xor_ln84_91_fu_14499_p2      |       xor|   0|  0|    2|           1|           1|
    |xor_ln84_92_fu_14542_p2      |       xor|   0|  0|    2|           1|           2|
    |xor_ln84_93_fu_14554_p2      |       xor|   0|  0|    2|           1|           2|
    |xor_ln84_94_fu_14642_p2      |       xor|   0|  0|    2|           1|           2|
    |xor_ln84_95_fu_14654_p2      |       xor|   0|  0|    2|           1|           1|
    |xor_ln84_96_fu_14697_p2      |       xor|   0|  0|    2|           1|           2|
    |xor_ln84_97_fu_14709_p2      |       xor|   0|  0|    2|           1|           2|
    |xor_ln84_98_fu_14797_p2      |       xor|   0|  0|    2|           1|           2|
    |xor_ln84_99_fu_14809_p2      |       xor|   0|  0|    2|           1|           1|
    |xor_ln84_9_fu_11299_p2       |       xor|   0|  0|    2|           1|           2|
    |xor_ln84_fu_10977_p2         |       xor|   0|  0|    2|           1|           2|
    +-----------------------------+----------+----+---+-----+------------+------------+
    |Total                        |          |   0|  0|21635|        6300|       19371|
    +-----------------------------+----------+----+---+-----+------------+------------+

    * Multiplexer: 
    +-----------------------------------+----+-----------+-----+-----------+
    |                Name               | LUT| Input Size| Bits| Total Bits|
    +-----------------------------------+----+-----------+-----+-----------+
    |a_fu_906                           |   9|          2|   24|         48|
    |ap_NS_fsm                          |  14|          3|    1|          3|
    |ap_done_int                        |   9|          2|    1|          2|
    |ap_enable_reg_pp0_iter0            |   9|          2|    1|          2|
    |ap_enable_reg_pp0_iter1            |   9|          2|    1|          2|
    |ap_enable_reg_pp0_iter35           |   9|          2|    1|          2|
    |ap_loop_exit_ready_pp0_iter10_reg  |   9|          2|    1|          2|
    |ap_loop_exit_ready_pp0_iter11_reg  |   9|          2|    1|          2|
    |ap_loop_exit_ready_pp0_iter12_reg  |   9|          2|    1|          2|
    |ap_loop_exit_ready_pp0_iter13_reg  |   9|          2|    1|          2|
    |ap_loop_exit_ready_pp0_iter14_reg  |   9|          2|    1|          2|
    |ap_loop_exit_ready_pp0_iter15_reg  |   9|          2|    1|          2|
    |ap_loop_exit_ready_pp0_iter16_reg  |   9|          2|    1|          2|
    |ap_loop_exit_ready_pp0_iter17_reg  |   9|          2|    1|          2|
    |ap_loop_exit_ready_pp0_iter18_reg  |   9|          2|    1|          2|
    |ap_loop_exit_ready_pp0_iter19_reg  |   9|          2|    1|          2|
    |ap_loop_exit_ready_pp0_iter1_reg   |   9|          2|    1|          2|
    |ap_loop_exit_ready_pp0_iter20_reg  |   9|          2|    1|          2|
    |ap_loop_exit_ready_pp0_iter21_reg  |   9|          2|    1|          2|
    |ap_loop_exit_ready_pp0_iter22_reg  |   9|          2|    1|          2|
    |ap_loop_exit_ready_pp0_iter23_reg  |   9|          2|    1|          2|
    |ap_loop_exit_ready_pp0_iter24_reg  |   9|          2|    1|          2|
    |ap_loop_exit_ready_pp0_iter25_reg  |   9|          2|    1|          2|
    |ap_loop_exit_ready_pp0_iter26_reg  |   9|          2|    1|          2|
    |ap_loop_exit_ready_pp0_iter27_reg  |   9|          2|    1|          2|
    |ap_loop_exit_ready_pp0_iter28_reg  |   9|          2|    1|          2|
    |ap_loop_exit_ready_pp0_iter29_reg  |   9|          2|    1|          2|
    |ap_loop_exit_ready_pp0_iter2_reg   |   9|          2|    1|          2|
    |ap_loop_exit_ready_pp0_iter30_reg  |   9|          2|    1|          2|
    |ap_loop_exit_ready_pp0_iter31_reg  |   9|          2|    1|          2|
    |ap_loop_exit_ready_pp0_iter32_reg  |   9|          2|    1|          2|
    |ap_loop_exit_ready_pp0_iter33_reg  |   9|          2|    1|          2|
    |ap_loop_exit_ready_pp0_iter34_reg  |   9|          2|    1|          2|
    |ap_loop_exit_ready_pp0_iter3_reg   |   9|          2|    1|          2|
    |ap_loop_exit_ready_pp0_iter4_reg   |   9|          2|    1|          2|
    |ap_loop_exit_ready_pp0_iter5_reg   |   9|          2|    1|          2|
    |ap_loop_exit_ready_pp0_iter6_reg   |   9|          2|    1|          2|
    |ap_loop_exit_ready_pp0_iter7_reg   |   9|          2|    1|          2|
    |ap_loop_exit_ready_pp0_iter8_reg   |   9|          2|    1|          2|
    |ap_loop_exit_ready_pp0_iter9_reg   |   9|          2|    1|          2|
    |ap_sig_allocacmp_i_1               |   9|          2|    8|         16|
    |d_fu_642                           |   9|          2|   32|         64|
    |grp_fu_3075_p0                     |  14|          3|   32|         96|
    |grp_fu_3075_p1                     |  14|          3|   16|         48|
    |grp_fu_3079_p0                     |  14|          3|   32|         96|
    |grp_fu_3079_p1                     |  14|          3|   16|         48|
    |grp_fu_3083_p0                     |  14|          3|   32|         96|
    |grp_fu_3083_p1                     |  14|          3|   16|         48|
    |grp_fu_3087_p0                     |  14|          3|   32|         96|
    |grp_fu_3087_p1                     |  14|          3|   16|         48|
    |grp_fu_3091_p0                     |  14|          3|   32|         96|
    |grp_fu_3091_p1                     |  14|          3|   16|         48|
    |grp_fu_3095_p0                     |  14|          3|   32|         96|
    |grp_fu_3095_p1                     |  14|          3|   16|         48|
    |grp_fu_3099_p0                     |  14|          3|   32|         96|
    |grp_fu_3099_p1                     |  14|          3|   16|         48|
    |grp_fu_3103_p0                     |  14|          3|   32|         96|
    |grp_fu_3103_p1                     |  14|          3|   16|         48|
    |grp_fu_3107_p0                     |  14|          3|   32|         96|
    |grp_fu_3107_p1                     |  14|          3|   16|         48|
    |grp_fu_3111_p0                     |  14|          3|   32|         96|
    |grp_fu_3111_p1                     |  14|          3|   16|         48|
    |grp_fu_3115_p0                     |  14|          3|   32|         96|
    |grp_fu_3115_p1                     |  14|          3|   16|         48|
    |grp_fu_3119_p0                     |  14|          3|   32|         96|
    |grp_fu_3119_p1                     |  14|          3|   16|         48|
    |grp_fu_3123_p0                     |  14|          3|   32|         96|
    |grp_fu_3123_p1                     |  14|          3|   16|         48|
    |grp_fu_3127_p0                     |  14|          3|   32|         96|
    |grp_fu_3127_p1                     |  14|          3|   16|         48|
    |grp_fu_3131_p0                     |  14|          3|   32|         96|
    |grp_fu_3131_p1                     |  14|          3|   16|         48|
    |grp_fu_3135_p0                     |  14|          3|   32|         96|
    |grp_fu_3135_p1                     |  14|          3|   16|         48|
    |grp_fu_3139_p0                     |  14|          3|   32|         96|
    |grp_fu_3139_p1                     |  14|          3|   16|         48|
    |grp_fu_3143_p0                     |  14|          3|   32|         96|
    |grp_fu_3143_p1                     |  14|          3|   16|         48|
    |grp_fu_3147_p0                     |  14|          3|   32|         96|
    |grp_fu_3147_p1                     |  14|          3|   16|         48|
    |grp_fu_3151_p0                     |  14|          3|   32|         96|
    |grp_fu_3151_p1                     |  14|          3|   16|         48|
    |grp_fu_3155_p0                     |  14|          3|   32|         96|
    |grp_fu_3155_p1                     |  14|          3|   16|         48|
    |grp_fu_3159_p0                     |  14|          3|   32|         96|
    |grp_fu_3159_p1                     |  14|          3|   16|         48|
    |grp_fu_3163_p0                     |  14|          3|   32|         96|
    |grp_fu_3163_p1                     |  14|          3|   16|         48|
    |grp_fu_3167_p0                     |  14|          3|   32|         96|
    |grp_fu_3167_p1                     |  14|          3|   16|         48|
    |grp_fu_3171_p0                     |  14|          3|   32|         96|
    |grp_fu_3171_p1                     |  14|          3|   16|         48|
    |grp_fu_3175_p0                     |  14|          3|   32|         96|
    |grp_fu_3175_p1                     |  14|          3|   16|         48|
    |grp_fu_3179_p0                     |  14|          3|   32|         96|
    |grp_fu_3179_p1                     |  14|          3|   16|         48|
    |grp_fu_3183_p0                     |  14|          3|   32|         96|
    |grp_fu_3183_p1                     |  14|          3|   16|         48|
    |grp_fu_3187_p0                     |  14|          3|   32|         96|
    |grp_fu_3187_p1                     |  14|          3|   16|         48|
    |grp_fu_3191_p0                     |  14|          3|   32|         96|
    |grp_fu_3191_p1                     |  14|          3|   16|         48|
    |grp_fu_3195_p0                     |  14|          3|   32|         96|
    |grp_fu_3195_p1                     |  14|          3|   16|         48|
    |grp_fu_3199_p0                     |  14|          3|   32|         96|
    |grp_fu_3199_p1                     |  14|          3|   16|         48|
    |grp_fu_3203_p0                     |  14|          3|   32|         96|
    |grp_fu_3203_p1                     |  14|          3|   32|         96|
    |grp_fu_3207_p0                     |  14|          3|   32|         96|
    |grp_fu_3207_p1                     |  14|          3|   32|         96|
    |grp_fu_3211_p0                     |  14|          3|   32|         96|
    |grp_fu_3211_p1                     |  14|          3|   32|         96|
    |grp_fu_3215_p0                     |  14|          3|   32|         96|
    |grp_fu_3215_p1                     |  14|          3|   32|         96|
    |grp_fu_3219_p0                     |  14|          3|   32|         96|
    |grp_fu_3219_p1                     |  14|          3|   32|         96|
    |grp_fu_3223_p0                     |  14|          3|   32|         96|
    |grp_fu_3223_p1                     |  14|          3|   32|         96|
    |grp_fu_3227_p0                     |  14|          3|   32|         96|
    |grp_fu_3227_p1                     |  14|          3|   32|         96|
    |grp_fu_3231_p0                     |  14|          3|   32|         96|
    |grp_fu_3231_p1                     |  14|          3|   32|         96|
    |grp_fu_3235_p0                     |  14|          3|   32|         96|
    |grp_fu_3235_p1                     |  14|          3|   32|         96|
    |grp_fu_3239_p0                     |  14|          3|   32|         96|
    |grp_fu_3239_p1                     |  14|          3|   32|         96|
    |grp_fu_3243_p0                     |  14|          3|   32|         96|
    |grp_fu_3243_p1                     |  14|          3|   32|         96|
    |grp_fu_3247_p0                     |  14|          3|   32|         96|
    |grp_fu_3247_p1                     |  14|          3|   32|         96|
    |grp_fu_3251_p0                     |  14|          3|   32|         96|
    |grp_fu_3251_p1                     |  14|          3|   32|         96|
    |grp_fu_3255_p0                     |  14|          3|   32|         96|
    |grp_fu_3255_p1                     |  14|          3|   32|         96|
    |grp_fu_3259_p0                     |  14|          3|   32|         96|
    |grp_fu_3259_p1                     |  14|          3|   32|         96|
    |grp_fu_3263_p0                     |  14|          3|   32|         96|
    |grp_fu_3263_p1                     |  14|          3|   32|         96|
    |grp_fu_3267_p0                     |  14|          3|   32|         96|
    |grp_fu_3267_p1                     |  14|          3|   32|         96|
    |grp_fu_3271_p0                     |  14|          3|   32|         96|
    |grp_fu_3271_p1                     |  14|          3|   32|         96|
    |grp_fu_3275_p0                     |  14|          3|   32|         96|
    |grp_fu_3275_p1                     |  14|          3|   32|         96|
    |grp_fu_3279_p0                     |  14|          3|   32|         96|
    |grp_fu_3279_p1                     |  14|          3|   32|         96|
    |grp_fu_3283_p0                     |  14|          3|   32|         96|
    |grp_fu_3283_p1                     |  14|          3|   32|         96|
    |grp_fu_3287_p0                     |  14|          3|   32|         96|
    |grp_fu_3287_p1                     |  14|          3|   32|         96|
    |grp_fu_3291_p0                     |  14|          3|   32|         96|
    |grp_fu_3291_p1                     |  14|          3|   32|         96|
    |grp_fu_3295_p0                     |  14|          3|   32|         96|
    |grp_fu_3295_p1                     |  14|          3|   32|         96|
    |grp_fu_3299_p0                     |  14|          3|   32|         96|
    |grp_fu_3299_p1                     |  14|          3|   32|         96|
    |grp_fu_3303_p0                     |  14|          3|   32|         96|
    |grp_fu_3303_p1                     |  14|          3|   32|         96|
    |grp_fu_3307_p0                     |  14|          3|   32|         96|
    |grp_fu_3307_p1                     |  14|          3|   32|         96|
    |grp_fu_3311_p0                     |  14|          3|   32|         96|
    |grp_fu_3311_p1                     |  14|          3|   32|         96|
    |grp_fu_3315_p0                     |  14|          3|   32|         96|
    |grp_fu_3315_p1                     |  14|          3|   32|         96|
    |grp_fu_3319_p0                     |  14|          3|   32|         96|
    |grp_fu_3319_p1                     |  14|          3|   32|         96|
    |grp_fu_3323_p0                     |  14|          3|   32|         96|
    |grp_fu_3323_p1                     |  14|          3|   32|         96|
    |i_fu_902                           |   9|          2|    8|         16|
    |p_ZL5K_buf_0_address0_local        |  14|          3|   10|         30|
    |p_ZL5K_buf_0_address1_local        |  14|          3|   10|         30|
    |p_ZL5K_buf_10_address0_local       |  14|          3|   10|         30|
    |p_ZL5K_buf_10_address1_local       |  14|          3|   10|         30|
    |p_ZL5K_buf_11_address0_local       |  14|          3|   10|         30|
    |p_ZL5K_buf_11_address1_local       |  14|          3|   10|         30|
    |p_ZL5K_buf_12_address0_local       |  14|          3|   10|         30|
    |p_ZL5K_buf_12_address1_local       |  14|          3|   10|         30|
    |p_ZL5K_buf_13_address0_local       |  14|          3|   10|         30|
    |p_ZL5K_buf_13_address1_local       |  14|          3|   10|         30|
    |p_ZL5K_buf_14_address0_local       |  14|          3|   10|         30|
    |p_ZL5K_buf_14_address1_local       |  14|          3|   10|         30|
    |p_ZL5K_buf_15_address0_local       |  14|          3|   10|         30|
    |p_ZL5K_buf_15_address1_local       |  14|          3|   10|         30|
    |p_ZL5K_buf_1_address0_local        |  14|          3|   10|         30|
    |p_ZL5K_buf_1_address1_local        |  14|          3|   10|         30|
    |p_ZL5K_buf_2_address0_local        |  14|          3|   10|         30|
    |p_ZL5K_buf_2_address1_local        |  14|          3|   10|         30|
    |p_ZL5K_buf_3_address0_local        |  14|          3|   10|         30|
    |p_ZL5K_buf_3_address1_local        |  14|          3|   10|         30|
    |p_ZL5K_buf_4_address0_local        |  14|          3|   10|         30|
    |p_ZL5K_buf_4_address1_local        |  14|          3|   10|         30|
    |p_ZL5K_buf_5_address0_local        |  14|          3|   10|         30|
    |p_ZL5K_buf_5_address1_local        |  14|          3|   10|         30|
    |p_ZL5K_buf_6_address0_local        |  14|          3|   10|         30|
    |p_ZL5K_buf_6_address1_local        |  14|          3|   10|         30|
    |p_ZL5K_buf_7_address0_local        |  14|          3|   10|         30|
    |p_ZL5K_buf_7_address1_local        |  14|          3|   10|         30|
    |p_ZL5K_buf_8_address0_local        |  14|          3|   10|         30|
    |p_ZL5K_buf_8_address1_local        |  14|          3|   10|         30|
    |p_ZL5K_buf_9_address0_local        |  14|          3|   10|         30|
    |p_ZL5K_buf_9_address1_local        |  14|          3|   10|         30|
    |p_ZL5V_buf_0_address0_local        |  14|          3|   10|         30|
    |p_ZL5V_buf_0_address1_local        |  14|          3|   10|         30|
    |p_ZL5V_buf_10_address0_local       |  14|          3|   10|         30|
    |p_ZL5V_buf_10_address1_local       |  14|          3|   10|         30|
    |p_ZL5V_buf_11_address0_local       |  14|          3|   10|         30|
    |p_ZL5V_buf_11_address1_local       |  14|          3|   10|         30|
    |p_ZL5V_buf_12_address0_local       |  14|          3|   10|         30|
    |p_ZL5V_buf_12_address1_local       |  14|          3|   10|         30|
    |p_ZL5V_buf_13_address0_local       |  14|          3|   10|         30|
    |p_ZL5V_buf_13_address1_local       |  14|          3|   10|         30|
    |p_ZL5V_buf_14_address0_local       |  14|          3|   10|         30|
    |p_ZL5V_buf_14_address1_local       |  14|          3|   10|         30|
    |p_ZL5V_buf_15_address0_local       |  14|          3|   10|         30|
    |p_ZL5V_buf_15_address1_local       |  14|          3|   10|         30|
    |p_ZL5V_buf_1_address0_local        |  14|          3|   10|         30|
    |p_ZL5V_buf_1_address1_local        |  14|          3|   10|         30|
    |p_ZL5V_buf_2_address0_local        |  14|          3|   10|         30|
    |p_ZL5V_buf_2_address1_local        |  14|          3|   10|         30|
    |p_ZL5V_buf_3_address0_local        |  14|          3|   10|         30|
    |p_ZL5V_buf_3_address1_local        |  14|          3|   10|         30|
    |p_ZL5V_buf_4_address0_local        |  14|          3|   10|         30|
    |p_ZL5V_buf_4_address1_local        |  14|          3|   10|         30|
    |p_ZL5V_buf_5_address0_local        |  14|          3|   10|         30|
    |p_ZL5V_buf_5_address1_local        |  14|          3|   10|         30|
    |p_ZL5V_buf_6_address0_local        |  14|          3|   10|         30|
    |p_ZL5V_buf_6_address1_local        |  14|          3|   10|         30|
    |p_ZL5V_buf_7_address0_local        |  14|          3|   10|         30|
    |p_ZL5V_buf_7_address1_local        |  14|          3|   10|         30|
    |p_ZL5V_buf_8_address0_local        |  14|          3|   10|         30|
    |p_ZL5V_buf_8_address1_local        |  14|          3|   10|         30|
    |p_ZL5V_buf_9_address0_local        |  14|          3|   10|         30|
    |p_ZL5V_buf_9_address1_local        |  14|          3|   10|         30|
    |ref_tmp38_12554_fu_646             |   9|          2|   32|         64|
    |ref_tmp38_1_102564_fu_686          |   9|          2|   32|         64|
    |ref_tmp38_1_112565_fu_690          |   9|          2|   32|         64|
    |ref_tmp38_1_122566_fu_694          |   9|          2|   32|         64|
    |ref_tmp38_1_12555_fu_650           |   9|          2|   32|         64|
    |ref_tmp38_1_132567_fu_698          |   9|          2|   32|         64|
    |ref_tmp38_1_142568_fu_702          |   9|          2|   32|         64|
    |ref_tmp38_1_152569_fu_706          |   9|          2|   32|         64|
    |ref_tmp38_1_162570_fu_710          |   9|          2|   32|         64|
    |ref_tmp38_1_172571_fu_714          |   9|          2|   32|         64|
    |ref_tmp38_1_182572_fu_718          |   9|          2|   32|         64|
    |ref_tmp38_1_192573_fu_722          |   9|          2|   32|         64|
    |ref_tmp38_1_202574_fu_726          |   9|          2|   32|         64|
    |ref_tmp38_1_212575_fu_730          |   9|          2|   32|         64|
    |ref_tmp38_1_222576_fu_734          |   9|          2|   32|         64|
    |ref_tmp38_1_22556_fu_654           |   9|          2|   32|         64|
    |ref_tmp38_1_232577_fu_738          |   9|          2|   32|         64|
    |ref_tmp38_1_242578_fu_742          |   9|          2|   32|         64|
    |ref_tmp38_1_252579_fu_746          |   9|          2|   32|         64|
    |ref_tmp38_1_262580_fu_750          |   9|          2|   32|         64|
    |ref_tmp38_1_272581_fu_754          |   9|          2|   32|         64|
    |ref_tmp38_1_282582_fu_758          |   9|          2|   32|         64|
    |ref_tmp38_1_292583_fu_762          |   9|          2|   32|         64|
    |ref_tmp38_1_302584_fu_766          |   9|          2|   32|         64|
    |ref_tmp38_1_312585_fu_770          |   9|          2|   32|         64|
    |ref_tmp38_1_322586_fu_774          |   9|          2|   32|         64|
    |ref_tmp38_1_32557_fu_658           |   9|          2|   32|         64|
    |ref_tmp38_1_332587_fu_778          |   9|          2|   32|         64|
    |ref_tmp38_1_342588_fu_782          |   9|          2|   32|         64|
    |ref_tmp38_1_352589_fu_786          |   9|          2|   32|         64|
    |ref_tmp38_1_362590_fu_790          |   9|          2|   32|         64|
    |ref_tmp38_1_372591_fu_794          |   9|          2|   32|         64|
    |ref_tmp38_1_382592_fu_798          |   9|          2|   32|         64|
    |ref_tmp38_1_392593_fu_802          |   9|          2|   32|         64|
    |ref_tmp38_1_402594_fu_806          |   9|          2|   32|         64|
    |ref_tmp38_1_412595_fu_810          |   9|          2|   32|         64|
    |ref_tmp38_1_422596_fu_814          |   9|          2|   32|         64|
    |ref_tmp38_1_42558_fu_662           |   9|          2|   32|         64|
    |ref_tmp38_1_432597_fu_818          |   9|          2|   32|         64|
    |ref_tmp38_1_442598_fu_822          |   9|          2|   32|         64|
    |ref_tmp38_1_452599_fu_826          |   9|          2|   32|         64|
    |ref_tmp38_1_462600_fu_830          |   9|          2|   32|         64|
    |ref_tmp38_1_472601_fu_834          |   9|          2|   32|         64|
    |ref_tmp38_1_482602_fu_838          |   9|          2|   32|         64|
    |ref_tmp38_1_492603_fu_842          |   9|          2|   32|         64|
    |ref_tmp38_1_502604_fu_846          |   9|          2|   32|         64|
    |ref_tmp38_1_512605_fu_850          |   9|          2|   32|         64|
    |ref_tmp38_1_522606_fu_854          |   9|          2|   32|         64|
    |ref_tmp38_1_52559_fu_666           |   9|          2|   32|         64|
    |ref_tmp38_1_532607_fu_858          |   9|          2|   32|         64|
    |ref_tmp38_1_542608_fu_862          |   9|          2|   32|         64|
    |ref_tmp38_1_552609_fu_866          |   9|          2|   32|         64|
    |ref_tmp38_1_562610_fu_870          |   9|          2|   32|         64|
    |ref_tmp38_1_572611_fu_874          |   9|          2|   32|         64|
    |ref_tmp38_1_582612_fu_878          |   9|          2|   32|         64|
    |ref_tmp38_1_592613_fu_882          |   9|          2|   32|         64|
    |ref_tmp38_1_602614_fu_886          |   9|          2|   32|         64|
    |ref_tmp38_1_612615_fu_890          |   9|          2|   32|         64|
    |ref_tmp38_1_622616_fu_894          |   9|          2|   32|         64|
    |ref_tmp38_1_62560_fu_670           |   9|          2|   32|         64|
    |ref_tmp38_1_632617_fu_898          |   9|          2|   32|         64|
    |ref_tmp38_1_72561_fu_674           |   9|          2|   32|         64|
    |ref_tmp38_1_82562_fu_678           |   9|          2|   32|         64|
    |ref_tmp38_1_92563_fu_682           |   9|          2|   32|         64|
    +-----------------------------------+----+-----------+-----+-----------+
    |Total                              |3628|        785| 6319|      16799|
    +-----------------------------------+----+-----------+-----+-----------+

    * Register: 
    +-------------------------------------------+-----+----+-----+-----------+
    |                    Name                   |  FF | LUT| Bits| Const Bits|
    +-------------------------------------------+-----+----+-----+-----------+
    |a_fu_906                                   |   24|   0|   24|          0|
    |ap_CS_fsm                                  |    2|   0|    2|          0|
    |ap_done_reg                                |    1|   0|    1|          0|
    |ap_enable_reg_pp0_iter0_reg                |    1|   0|    1|          0|
    |ap_enable_reg_pp0_iter1                    |    1|   0|    1|          0|
    |ap_enable_reg_pp0_iter10                   |    1|   0|    1|          0|
    |ap_enable_reg_pp0_iter11                   |    1|   0|    1|          0|
    |ap_enable_reg_pp0_iter12                   |    1|   0|    1|          0|
    |ap_enable_reg_pp0_iter13                   |    1|   0|    1|          0|
    |ap_enable_reg_pp0_iter14                   |    1|   0|    1|          0|
    |ap_enable_reg_pp0_iter15                   |    1|   0|    1|          0|
    |ap_enable_reg_pp0_iter16                   |    1|   0|    1|          0|
    |ap_enable_reg_pp0_iter17                   |    1|   0|    1|          0|
    |ap_enable_reg_pp0_iter18                   |    1|   0|    1|          0|
    |ap_enable_reg_pp0_iter19                   |    1|   0|    1|          0|
    |ap_enable_reg_pp0_iter2                    |    1|   0|    1|          0|
    |ap_enable_reg_pp0_iter20                   |    1|   0|    1|          0|
    |ap_enable_reg_pp0_iter21                   |    1|   0|    1|          0|
    |ap_enable_reg_pp0_iter22                   |    1|   0|    1|          0|
    |ap_enable_reg_pp0_iter23                   |    1|   0|    1|          0|
    |ap_enable_reg_pp0_iter24                   |    1|   0|    1|          0|
    |ap_enable_reg_pp0_iter25                   |    1|   0|    1|          0|
    |ap_enable_reg_pp0_iter26                   |    1|   0|    1|          0|
    |ap_enable_reg_pp0_iter27                   |    1|   0|    1|          0|
    |ap_enable_reg_pp0_iter28                   |    1|   0|    1|          0|
    |ap_enable_reg_pp0_iter29                   |    1|   0|    1|          0|
    |ap_enable_reg_pp0_iter3                    |    1|   0|    1|          0|
    |ap_enable_reg_pp0_iter30                   |    1|   0|    1|          0|
    |ap_enable_reg_pp0_iter31                   |    1|   0|    1|          0|
    |ap_enable_reg_pp0_iter32                   |    1|   0|    1|          0|
    |ap_enable_reg_pp0_iter33                   |    1|   0|    1|          0|
    |ap_enable_reg_pp0_iter34                   |    1|   0|    1|          0|
    |ap_enable_reg_pp0_iter35                   |    1|   0|    1|          0|
    |ap_enable_reg_pp0_iter4                    |    1|   0|    1|          0|
    |ap_enable_reg_pp0_iter5                    |    1|   0|    1|          0|
    |ap_enable_reg_pp0_iter6                    |    1|   0|    1|          0|
    |ap_enable_reg_pp0_iter7                    |    1|   0|    1|          0|
    |ap_enable_reg_pp0_iter8                    |    1|   0|    1|          0|
    |ap_enable_reg_pp0_iter9                    |    1|   0|    1|          0|
    |ap_loop_exit_ready_pp0_iter10_reg          |    1|   0|    1|          0|
    |ap_loop_exit_ready_pp0_iter11_reg          |    1|   0|    1|          0|
    |ap_loop_exit_ready_pp0_iter12_reg          |    1|   0|    1|          0|
    |ap_loop_exit_ready_pp0_iter13_reg          |    1|   0|    1|          0|
    |ap_loop_exit_ready_pp0_iter14_reg          |    1|   0|    1|          0|
    |ap_loop_exit_ready_pp0_iter15_reg          |    1|   0|    1|          0|
    |ap_loop_exit_ready_pp0_iter16_reg          |    1|   0|    1|          0|
    |ap_loop_exit_ready_pp0_iter17_reg          |    1|   0|    1|          0|
    |ap_loop_exit_ready_pp0_iter18_reg          |    1|   0|    1|          0|
    |ap_loop_exit_ready_pp0_iter19_reg          |    1|   0|    1|          0|
    |ap_loop_exit_ready_pp0_iter1_reg           |    1|   0|    1|          0|
    |ap_loop_exit_ready_pp0_iter20_reg          |    1|   0|    1|          0|
    |ap_loop_exit_ready_pp0_iter21_reg          |    1|   0|    1|          0|
    |ap_loop_exit_ready_pp0_iter22_reg          |    1|   0|    1|          0|
    |ap_loop_exit_ready_pp0_iter23_reg          |    1|   0|    1|          0|
    |ap_loop_exit_ready_pp0_iter24_reg          |    1|   0|    1|          0|
    |ap_loop_exit_ready_pp0_iter25_reg          |    1|   0|    1|          0|
    |ap_loop_exit_ready_pp0_iter26_reg          |    1|   0|    1|          0|
    |ap_loop_exit_ready_pp0_iter27_reg          |    1|   0|    1|          0|
    |ap_loop_exit_ready_pp0_iter28_reg          |    1|   0|    1|          0|
    |ap_loop_exit_ready_pp0_iter29_reg          |    1|   0|    1|          0|
    |ap_loop_exit_ready_pp0_iter2_reg           |    1|   0|    1|          0|
    |ap_loop_exit_ready_pp0_iter30_reg          |    1|   0|    1|          0|
    |ap_loop_exit_ready_pp0_iter31_reg          |    1|   0|    1|          0|
    |ap_loop_exit_ready_pp0_iter32_reg          |    1|   0|    1|          0|
    |ap_loop_exit_ready_pp0_iter33_reg          |    1|   0|    1|          0|
    |ap_loop_exit_ready_pp0_iter34_reg          |    1|   0|    1|          0|
    |ap_loop_exit_ready_pp0_iter3_reg           |    1|   0|    1|          0|
    |ap_loop_exit_ready_pp0_iter4_reg           |    1|   0|    1|          0|
    |ap_loop_exit_ready_pp0_iter5_reg           |    1|   0|    1|          0|
    |ap_loop_exit_ready_pp0_iter6_reg           |    1|   0|    1|          0|
    |ap_loop_exit_ready_pp0_iter7_reg           |    1|   0|    1|          0|
    |ap_loop_exit_ready_pp0_iter8_reg           |    1|   0|    1|          0|
    |ap_loop_exit_ready_pp0_iter9_reg           |    1|   0|    1|          0|
    |d_fu_642                                   |   32|   0|   32|          0|
    |i_1_reg_23145                              |    8|   0|    8|          0|
    |i_fu_902                                   |    8|   0|    8|          0|
    |icmp_ln44_1_reg_25100                      |    1|   0|    1|          0|
    |icmp_ln44_reg_25067                        |    1|   0|    1|          0|
    |icmp_ln45_reg_23151                        |    1|   0|    1|          0|
    |mul_ln61_reg_23795                         |   32|   0|   32|          0|
    |p_ZL5K_buf_0_load_1_reg_23875              |   16|   0|   16|          0|
    |p_ZL5K_buf_0_load_2_reg_24120              |   16|   0|   16|          0|
    |p_ZL5K_buf_0_load_3_reg_24200              |   16|   0|   16|          0|
    |p_ZL5K_buf_10_load_1_reg_23925             |   16|   0|   16|          0|
    |p_ZL5K_buf_10_load_2_reg_24170             |   16|   0|   16|          0|
    |p_ZL5K_buf_10_load_3_reg_24250             |   16|   0|   16|          0|
    |p_ZL5K_buf_10_load_reg_23845               |   16|   0|   16|          0|
    |p_ZL5K_buf_11_load_1_reg_23930             |   16|   0|   16|          0|
    |p_ZL5K_buf_11_load_2_reg_24175             |   16|   0|   16|          0|
    |p_ZL5K_buf_11_load_3_reg_24255             |   16|   0|   16|          0|
    |p_ZL5K_buf_11_load_reg_23850               |   16|   0|   16|          0|
    |p_ZL5K_buf_12_load_1_reg_23935             |   16|   0|   16|          0|
    |p_ZL5K_buf_12_load_2_reg_24180             |   16|   0|   16|          0|
    |p_ZL5K_buf_12_load_3_reg_24260             |   16|   0|   16|          0|
    |p_ZL5K_buf_12_load_reg_23855               |   16|   0|   16|          0|
    |p_ZL5K_buf_13_load_1_reg_23940             |   16|   0|   16|          0|
    |p_ZL5K_buf_13_load_2_reg_24185             |   16|   0|   16|          0|
    |p_ZL5K_buf_13_load_3_reg_24265             |   16|   0|   16|          0|
    |p_ZL5K_buf_13_load_reg_23860               |   16|   0|   16|          0|
    |p_ZL5K_buf_14_load_1_reg_23945             |   16|   0|   16|          0|
    |p_ZL5K_buf_14_load_2_reg_24190             |   16|   0|   16|          0|
    |p_ZL5K_buf_14_load_3_reg_24270             |   16|   0|   16|          0|
    |p_ZL5K_buf_14_load_reg_23865               |   16|   0|   16|          0|
    |p_ZL5K_buf_15_load_1_reg_23950             |   16|   0|   16|          0|
    |p_ZL5K_buf_15_load_2_reg_24195             |   16|   0|   16|          0|
    |p_ZL5K_buf_15_load_3_reg_24275             |   16|   0|   16|          0|
    |p_ZL5K_buf_15_load_reg_23870               |   16|   0|   16|          0|
    |p_ZL5K_buf_1_load_1_reg_23880              |   16|   0|   16|          0|
    |p_ZL5K_buf_1_load_2_reg_24125              |   16|   0|   16|          0|
    |p_ZL5K_buf_1_load_3_reg_24205              |   16|   0|   16|          0|
    |p_ZL5K_buf_2_load_1_reg_23885              |   16|   0|   16|          0|
    |p_ZL5K_buf_2_load_2_reg_24130              |   16|   0|   16|          0|
    |p_ZL5K_buf_2_load_3_reg_24210              |   16|   0|   16|          0|
    |p_ZL5K_buf_2_load_reg_23805                |   16|   0|   16|          0|
    |p_ZL5K_buf_3_load_1_reg_23890              |   16|   0|   16|          0|
    |p_ZL5K_buf_3_load_2_reg_24135              |   16|   0|   16|          0|
    |p_ZL5K_buf_3_load_3_reg_24215              |   16|   0|   16|          0|
    |p_ZL5K_buf_3_load_reg_23810                |   16|   0|   16|          0|
    |p_ZL5K_buf_4_load_1_reg_23895              |   16|   0|   16|          0|
    |p_ZL5K_buf_4_load_2_reg_24140              |   16|   0|   16|          0|
    |p_ZL5K_buf_4_load_3_reg_24220              |   16|   0|   16|          0|
    |p_ZL5K_buf_4_load_reg_23815                |   16|   0|   16|          0|
    |p_ZL5K_buf_4_load_reg_23815_pp0_iter1_reg  |   16|   0|   16|          0|
    |p_ZL5K_buf_5_load_1_reg_23900              |   16|   0|   16|          0|
    |p_ZL5K_buf_5_load_2_reg_24145              |   16|   0|   16|          0|
    |p_ZL5K_buf_5_load_3_reg_24225              |   16|   0|   16|          0|
    |p_ZL5K_buf_5_load_reg_23820                |   16|   0|   16|          0|
    |p_ZL5K_buf_5_load_reg_23820_pp0_iter1_reg  |   16|   0|   16|          0|
    |p_ZL5K_buf_6_load_1_reg_23905              |   16|   0|   16|          0|
    |p_ZL5K_buf_6_load_2_reg_24150              |   16|   0|   16|          0|
    |p_ZL5K_buf_6_load_3_reg_24230              |   16|   0|   16|          0|
    |p_ZL5K_buf_6_load_reg_23825                |   16|   0|   16|          0|
    |p_ZL5K_buf_7_load_1_reg_23910              |   16|   0|   16|          0|
    |p_ZL5K_buf_7_load_2_reg_24155              |   16|   0|   16|          0|
    |p_ZL5K_buf_7_load_3_reg_24235              |   16|   0|   16|          0|
    |p_ZL5K_buf_7_load_reg_23830                |   16|   0|   16|          0|
    |p_ZL5K_buf_8_load_1_reg_23915              |   16|   0|   16|          0|
    |p_ZL5K_buf_8_load_2_reg_24160              |   16|   0|   16|          0|
    |p_ZL5K_buf_8_load_3_reg_24240              |   16|   0|   16|          0|
    |p_ZL5K_buf_8_load_reg_23835                |   16|   0|   16|          0|
    |p_ZL5K_buf_9_load_1_reg_23920              |   16|   0|   16|          0|
    |p_ZL5K_buf_9_load_2_reg_24165              |   16|   0|   16|          0|
    |p_ZL5K_buf_9_load_3_reg_24245              |   16|   0|   16|          0|
    |p_ZL5K_buf_9_load_reg_23840                |   16|   0|   16|          0|
    |p_ZL5V_buf_0_load_1_reg_24035              |   16|   0|   16|          0|
    |p_ZL5V_buf_0_load_2_reg_24280              |   16|   0|   16|          0|
    |p_ZL5V_buf_0_load_3_reg_24360              |   16|   0|   16|          0|
    |p_ZL5V_buf_0_load_reg_23955                |   16|   0|   16|          0|
    |p_ZL5V_buf_10_load_1_reg_24085             |   16|   0|   16|          0|
    |p_ZL5V_buf_10_load_2_reg_24330             |   16|   0|   16|          0|
    |p_ZL5V_buf_10_load_3_reg_24410             |   16|   0|   16|          0|
    |p_ZL5V_buf_10_load_reg_24005               |   16|   0|   16|          0|
    |p_ZL5V_buf_11_load_1_reg_24090             |   16|   0|   16|          0|
    |p_ZL5V_buf_11_load_2_reg_24335             |   16|   0|   16|          0|
    |p_ZL5V_buf_11_load_3_reg_24415             |   16|   0|   16|          0|
    |p_ZL5V_buf_11_load_reg_24010               |   16|   0|   16|          0|
    |p_ZL5V_buf_12_load_1_reg_24095             |   16|   0|   16|          0|
    |p_ZL5V_buf_12_load_2_reg_24340             |   16|   0|   16|          0|
    |p_ZL5V_buf_12_load_3_reg_24420             |   16|   0|   16|          0|
    |p_ZL5V_buf_12_load_reg_24015               |   16|   0|   16|          0|
    |p_ZL5V_buf_13_load_1_reg_24100             |   16|   0|   16|          0|
    |p_ZL5V_buf_13_load_2_reg_24345             |   16|   0|   16|          0|
    |p_ZL5V_buf_13_load_3_reg_24425             |   16|   0|   16|          0|
    |p_ZL5V_buf_13_load_reg_24020               |   16|   0|   16|          0|
    |p_ZL5V_buf_14_load_1_reg_24105             |   16|   0|   16|          0|
    |p_ZL5V_buf_14_load_2_reg_24350             |   16|   0|   16|          0|
    |p_ZL5V_buf_14_load_3_reg_24430             |   16|   0|   16|          0|
    |p_ZL5V_buf_14_load_reg_24025               |   16|   0|   16|          0|
    |p_ZL5V_buf_15_load_1_reg_24110             |   16|   0|   16|          0|
    |p_ZL5V_buf_15_load_2_reg_24355             |   16|   0|   16|          0|
    |p_ZL5V_buf_15_load_3_reg_24435             |   16|   0|   16|          0|
    |p_ZL5V_buf_15_load_reg_24030               |   16|   0|   16|          0|
    |p_ZL5V_buf_1_load_1_reg_24040              |   16|   0|   16|          0|
    |p_ZL5V_buf_1_load_2_reg_24285              |   16|   0|   16|          0|
    |p_ZL5V_buf_1_load_3_reg_24365              |   16|   0|   16|          0|
    |p_ZL5V_buf_1_load_reg_23960                |   16|   0|   16|          0|
    |p_ZL5V_buf_2_load_1_reg_24045              |   16|   0|   16|          0|
    |p_ZL5V_buf_2_load_2_reg_24290              |   16|   0|   16|          0|
    |p_ZL5V_buf_2_load_3_reg_24370              |   16|   0|   16|          0|
    |p_ZL5V_buf_2_load_reg_23965                |   16|   0|   16|          0|
    |p_ZL5V_buf_3_load_1_reg_24050              |   16|   0|   16|          0|
    |p_ZL5V_buf_3_load_2_reg_24295              |   16|   0|   16|          0|
    |p_ZL5V_buf_3_load_3_reg_24375              |   16|   0|   16|          0|
    |p_ZL5V_buf_3_load_reg_23970                |   16|   0|   16|          0|
    |p_ZL5V_buf_4_load_1_reg_24055              |   16|   0|   16|          0|
    |p_ZL5V_buf_4_load_2_reg_24300              |   16|   0|   16|          0|
    |p_ZL5V_buf_4_load_3_reg_24380              |   16|   0|   16|          0|
    |p_ZL5V_buf_4_load_reg_23975                |   16|   0|   16|          0|
    |p_ZL5V_buf_5_load_1_reg_24060              |   16|   0|   16|          0|
    |p_ZL5V_buf_5_load_2_reg_24305              |   16|   0|   16|          0|
    |p_ZL5V_buf_5_load_3_reg_24385              |   16|   0|   16|          0|
    |p_ZL5V_buf_5_load_reg_23980                |   16|   0|   16|          0|
    |p_ZL5V_buf_6_load_1_reg_24065              |   16|   0|   16|          0|
    |p_ZL5V_buf_6_load_2_reg_24310              |   16|   0|   16|          0|
    |p_ZL5V_buf_6_load_3_reg_24390              |   16|   0|   16|          0|
    |p_ZL5V_buf_6_load_reg_23985                |   16|   0|   16|          0|
    |p_ZL5V_buf_7_load_1_reg_24070              |   16|   0|   16|          0|
    |p_ZL5V_buf_7_load_2_reg_24315              |   16|   0|   16|          0|
    |p_ZL5V_buf_7_load_3_reg_24395              |   16|   0|   16|          0|
    |p_ZL5V_buf_7_load_reg_23990                |   16|   0|   16|          0|
    |p_ZL5V_buf_8_load_1_reg_24075              |   16|   0|   16|          0|
    |p_ZL5V_buf_8_load_2_reg_24320              |   16|   0|   16|          0|
    |p_ZL5V_buf_8_load_3_reg_24400              |   16|   0|   16|          0|
    |p_ZL5V_buf_8_load_reg_23995                |   16|   0|   16|          0|
    |p_ZL5V_buf_9_load_1_reg_24080              |   16|   0|   16|          0|
    |p_ZL5V_buf_9_load_2_reg_24325              |   16|   0|   16|          0|
    |p_ZL5V_buf_9_load_3_reg_24405              |   16|   0|   16|          0|
    |p_ZL5V_buf_9_load_reg_24000                |   16|   0|   16|          0|
    |ref_tmp38_12554_fu_646                     |   32|   0|   32|          0|
    |ref_tmp38_1_102564_fu_686                  |   32|   0|   32|          0|
    |ref_tmp38_1_112565_fu_690                  |   32|   0|   32|          0|
    |ref_tmp38_1_122566_fu_694                  |   32|   0|   32|          0|
    |ref_tmp38_1_12555_fu_650                   |   32|   0|   32|          0|
    |ref_tmp38_1_132567_fu_698                  |   32|   0|   32|          0|
    |ref_tmp38_1_142568_fu_702                  |   32|   0|   32|          0|
    |ref_tmp38_1_152569_fu_706                  |   32|   0|   32|          0|
    |ref_tmp38_1_162570_fu_710                  |   32|   0|   32|          0|
    |ref_tmp38_1_172571_fu_714                  |   32|   0|   32|          0|
    |ref_tmp38_1_182572_fu_718                  |   32|   0|   32|          0|
    |ref_tmp38_1_192573_fu_722                  |   32|   0|   32|          0|
    |ref_tmp38_1_202574_fu_726                  |   32|   0|   32|          0|
    |ref_tmp38_1_212575_fu_730                  |   32|   0|   32|          0|
    |ref_tmp38_1_222576_fu_734                  |   32|   0|   32|          0|
    |ref_tmp38_1_22556_fu_654                   |   32|   0|   32|          0|
    |ref_tmp38_1_232577_fu_738                  |   32|   0|   32|          0|
    |ref_tmp38_1_242578_fu_742                  |   32|   0|   32|          0|
    |ref_tmp38_1_252579_fu_746                  |   32|   0|   32|          0|
    |ref_tmp38_1_262580_fu_750                  |   32|   0|   32|          0|
    |ref_tmp38_1_272581_fu_754                  |   32|   0|   32|          0|
    |ref_tmp38_1_282582_fu_758                  |   32|   0|   32|          0|
    |ref_tmp38_1_292583_fu_762                  |   32|   0|   32|          0|
    |ref_tmp38_1_302584_fu_766                  |   32|   0|   32|          0|
    |ref_tmp38_1_312585_fu_770                  |   32|   0|   32|          0|
    |ref_tmp38_1_322586_fu_774                  |   32|   0|   32|          0|
    |ref_tmp38_1_32557_fu_658                   |   32|   0|   32|          0|
    |ref_tmp38_1_332587_fu_778                  |   32|   0|   32|          0|
    |ref_tmp38_1_342588_fu_782                  |   32|   0|   32|          0|
    |ref_tmp38_1_352589_fu_786                  |   32|   0|   32|          0|
    |ref_tmp38_1_362590_fu_790                  |   32|   0|   32|          0|
    |ref_tmp38_1_372591_fu_794                  |   32|   0|   32|          0|
    |ref_tmp38_1_382592_fu_798                  |   32|   0|   32|          0|
    |ref_tmp38_1_392593_fu_802                  |   32|   0|   32|          0|
    |ref_tmp38_1_402594_fu_806                  |   32|   0|   32|          0|
    |ref_tmp38_1_412595_fu_810                  |   32|   0|   32|          0|
    |ref_tmp38_1_422596_fu_814                  |   32|   0|   32|          0|
    |ref_tmp38_1_42558_fu_662                   |   32|   0|   32|          0|
    |ref_tmp38_1_432597_fu_818                  |   32|   0|   32|          0|
    |ref_tmp38_1_442598_fu_822                  |   32|   0|   32|          0|
    |ref_tmp38_1_452599_fu_826                  |   32|   0|   32|          0|
    |ref_tmp38_1_462600_fu_830                  |   32|   0|   32|          0|
    |ref_tmp38_1_472601_fu_834                  |   32|   0|   32|          0|
    |ref_tmp38_1_482602_fu_838                  |   32|   0|   32|          0|
    |ref_tmp38_1_492603_fu_842                  |   32|   0|   32|          0|
    |ref_tmp38_1_502604_fu_846                  |   32|   0|   32|          0|
    |ref_tmp38_1_512605_fu_850                  |   32|   0|   32|          0|
    |ref_tmp38_1_522606_fu_854                  |   32|   0|   32|          0|
    |ref_tmp38_1_52559_fu_666                   |   32|   0|   32|          0|
    |ref_tmp38_1_532607_fu_858                  |   32|   0|   32|          0|
    |ref_tmp38_1_542608_fu_862                  |   32|   0|   32|          0|
    |ref_tmp38_1_552609_fu_866                  |   32|   0|   32|          0|
    |ref_tmp38_1_562610_fu_870                  |   32|   0|   32|          0|
    |ref_tmp38_1_572611_fu_874                  |   32|   0|   32|          0|
    |ref_tmp38_1_582612_fu_878                  |   32|   0|   32|          0|
    |ref_tmp38_1_592613_fu_882                  |   32|   0|   32|          0|
    |ref_tmp38_1_602614_fu_886                  |   32|   0|   32|          0|
    |ref_tmp38_1_612615_fu_890                  |   32|   0|   32|          0|
    |ref_tmp38_1_622616_fu_894                  |   32|   0|   32|          0|
    |ref_tmp38_1_62560_fu_670                   |   32|   0|   32|          0|
    |ref_tmp38_1_632617_fu_898                  |   32|   0|   32|          0|
    |ref_tmp38_1_72561_fu_674                   |   32|   0|   32|          0|
    |ref_tmp38_1_82562_fu_678                   |   32|   0|   32|          0|
    |ref_tmp38_1_92563_fu_682                   |   32|   0|   32|          0|
    |s_2_reg_25060                              |   24|   0|   24|          0|
    |seg_1_reg_25080                            |    4|   0|    4|          0|
    |select_ln84_129_reg_25216                  |   32|   0|   32|          0|
    |sext_ln61_10_cast_reg_23090                |   32|   0|   32|          0|
    |sext_ln61_11_cast_reg_23085                |   32|   0|   32|          0|
    |sext_ln61_12_cast_reg_23080                |   32|   0|   32|          0|
    |sext_ln61_13_cast_reg_23075                |   32|   0|   32|          0|
    |sext_ln61_14_cast_reg_23070                |   32|   0|   32|          0|
    |sext_ln61_15_cast_reg_23065                |   32|   0|   32|          0|
    |sext_ln61_16_cast_reg_23060                |   32|   0|   32|          0|
    |sext_ln61_17_cast_reg_23055                |   32|   0|   32|          0|
    |sext_ln61_18_cast_reg_23050                |   32|   0|   32|          0|
    |sext_ln61_19_cast_reg_23045                |   32|   0|   32|          0|
    |sext_ln61_1_cast_reg_23135                 |   32|   0|   32|          0|
    |sext_ln61_20_cast_reg_23040                |   32|   0|   32|          0|
    |sext_ln61_21_cast_reg_23035                |   32|   0|   32|          0|
    |sext_ln61_22_cast_reg_23030                |   32|   0|   32|          0|
    |sext_ln61_23_cast_reg_23025                |   32|   0|   32|          0|
    |sext_ln61_24_cast_reg_23020                |   32|   0|   32|          0|
    |sext_ln61_25_cast_reg_23015                |   32|   0|   32|          0|
    |sext_ln61_26_cast_reg_23010                |   32|   0|   32|          0|
    |sext_ln61_27_cast_reg_23005                |   32|   0|   32|          0|
    |sext_ln61_28_cast_reg_23000                |   32|   0|   32|          0|
    |sext_ln61_29_cast_reg_22995                |   32|   0|   32|          0|
    |sext_ln61_2_cast_reg_23130                 |   32|   0|   32|          0|
    |sext_ln61_30_cast_reg_22990                |   32|   0|   32|          0|
    |sext_ln61_31_cast_reg_22985                |   32|   0|   32|          0|
    |sext_ln61_32_cast_reg_22980                |   32|   0|   32|          0|
    |sext_ln61_33_cast_reg_22975                |   32|   0|   32|          0|
    |sext_ln61_34_cast_reg_22970                |   32|   0|   32|          0|
    |sext_ln61_35_cast_reg_22965                |   32|   0|   32|          0|
    |sext_ln61_36_cast_reg_22960                |   32|   0|   32|          0|
    |sext_ln61_37_cast_reg_22955                |   32|   0|   32|          0|
    |sext_ln61_38_cast_reg_22950                |   32|   0|   32|          0|
    |sext_ln61_39_cast_reg_22945                |   32|   0|   32|          0|
    |sext_ln61_3_cast_reg_23125                 |   32|   0|   32|          0|
    |sext_ln61_40_cast_reg_22940                |   32|   0|   32|          0|
    |sext_ln61_41_cast_reg_22935                |   32|   0|   32|          0|
    |sext_ln61_42_cast_reg_22930                |   32|   0|   32|          0|
    |sext_ln61_43_cast_reg_22925                |   32|   0|   32|          0|
    |sext_ln61_44_cast_reg_22920                |   32|   0|   32|          0|
    |sext_ln61_45_cast_reg_22915                |   32|   0|   32|          0|
    |sext_ln61_46_cast_reg_22910                |   32|   0|   32|          0|
    |sext_ln61_47_cast_reg_22905                |   32|   0|   32|          0|
    |sext_ln61_48_cast_reg_22900                |   32|   0|   32|          0|
    |sext_ln61_49_cast_reg_22895                |   32|   0|   32|          0|
    |sext_ln61_4_cast_reg_23120                 |   32|   0|   32|          0|
    |sext_ln61_50_cast_reg_22890                |   32|   0|   32|          0|
    |sext_ln61_51_cast_reg_22885                |   32|   0|   32|          0|
    |sext_ln61_52_cast_reg_22880                |   32|   0|   32|          0|
    |sext_ln61_53_cast_reg_22875                |   32|   0|   32|          0|
    |sext_ln61_54_cast_reg_22870                |   32|   0|   32|          0|
    |sext_ln61_55_cast_reg_22865                |   32|   0|   32|          0|
    |sext_ln61_56_cast_reg_22860                |   32|   0|   32|          0|
    |sext_ln61_57_cast_reg_22855                |   32|   0|   32|          0|
    |sext_ln61_58_cast_reg_22850                |   32|   0|   32|          0|
    |sext_ln61_59_cast_reg_22845                |   32|   0|   32|          0|
    |sext_ln61_5_cast_reg_23115                 |   32|   0|   32|          0|
    |sext_ln61_60_cast_reg_22840                |   32|   0|   32|          0|
    |sext_ln61_61_cast_reg_22835                |   32|   0|   32|          0|
    |sext_ln61_62_cast_reg_22830                |   32|   0|   32|          0|
    |sext_ln61_63_cast_reg_22825                |   32|   0|   32|          0|
    |sext_ln61_6_cast_reg_23110                 |   32|   0|   32|          0|
    |sext_ln61_7_cast_reg_23105                 |   32|   0|   32|          0|
    |sext_ln61_8_cast_reg_23100                 |   32|   0|   32|          0|
    |sext_ln61_9_cast_reg_23095                 |   32|   0|   32|          0|
    |sext_ln61_cast_reg_23140                   |   32|   0|   32|          0|
    |sext_ln69_cast_reg_22820                   |   64|   0|   64|          0|
    |sext_ln77_1_reg_25145                      |   64|   0|   64|          0|
    |sext_ln85_reg_25180                        |   48|   0|   48|          0|
    |sub_ln55_reg_25090                         |   12|   0|   15|          3|
    |sub_ln56_reg_25095                         |   29|   0|   29|          0|
    |tmp_132_reg_25074                          |    1|   0|    1|          0|
    |tmp_143_reg_25107                          |    1|   0|    1|          0|
    |tmp_146_reg_25123                          |    1|   0|    1|          0|
    |tmp_149_reg_25139                          |   24|   0|   24|          0|
    |trunc_ln49_3_reg_25118                     |    4|   0|    4|          0|
    |trunc_ln55_2_reg_25113                     |   12|   0|   14|          2|
    |y0_reg_25085                               |   28|   0|   28|          0|
    |y_8_reg_25128                              |   32|   0|   32|          0|
    |y_reg_25133                                |   32|   0|   32|          0|
    |icmp_ln45_reg_23151                        |   64|  32|    1|          0|
    |p_ZL5K_buf_0_load_1_reg_23875              |   64|  32|   16|          0|
    |p_ZL5K_buf_0_load_2_reg_24120              |   64|  32|   16|          0|
    |p_ZL5K_buf_0_load_3_reg_24200              |   64|  32|   16|          0|
    |p_ZL5K_buf_10_load_1_reg_23925             |   64|  32|   16|          0|
    |p_ZL5K_buf_10_load_2_reg_24170             |   64|  32|   16|          0|
    |p_ZL5K_buf_10_load_3_reg_24250             |   64|  32|   16|          0|
    |p_ZL5K_buf_10_load_reg_23845               |   64|  32|   16|          0|
    |p_ZL5K_buf_11_load_1_reg_23930             |   64|  32|   16|          0|
    |p_ZL5K_buf_11_load_2_reg_24175             |   64|  32|   16|          0|
    |p_ZL5K_buf_11_load_3_reg_24255             |   64|  32|   16|          0|
    |p_ZL5K_buf_11_load_reg_23850               |   64|  32|   16|          0|
    |p_ZL5K_buf_12_load_1_reg_23935             |   64|  32|   16|          0|
    |p_ZL5K_buf_12_load_2_reg_24180             |   64|  32|   16|          0|
    |p_ZL5K_buf_12_load_3_reg_24260             |   64|  32|   16|          0|
    |p_ZL5K_buf_12_load_reg_23855               |   64|  32|   16|          0|
    |p_ZL5K_buf_13_load_1_reg_23940             |   64|  32|   16|          0|
    |p_ZL5K_buf_13_load_2_reg_24185             |   64|  32|   16|          0|
    |p_ZL5K_buf_13_load_3_reg_24265             |   64|  32|   16|          0|
    |p_ZL5K_buf_13_load_reg_23860               |   64|  32|   16|          0|
    |p_ZL5K_buf_14_load_1_reg_23945             |   64|  32|   16|          0|
    |p_ZL5K_buf_14_load_2_reg_24190             |   64|  32|   16|          0|
    |p_ZL5K_buf_14_load_3_reg_24270             |   64|  32|   16|          0|
    |p_ZL5K_buf_14_load_reg_23865               |   64|  32|   16|          0|
    |p_ZL5K_buf_15_load_1_reg_23950             |   64|  32|   16|          0|
    |p_ZL5K_buf_15_load_2_reg_24195             |   64|  32|   16|          0|
    |p_ZL5K_buf_15_load_3_reg_24275             |   64|  32|   16|          0|
    |p_ZL5K_buf_15_load_reg_23870               |   64|  32|   16|          0|
    |p_ZL5K_buf_1_load_1_reg_23880              |   64|  32|   16|          0|
    |p_ZL5K_buf_1_load_2_reg_24125              |   64|  32|   16|          0|
    |p_ZL5K_buf_1_load_3_reg_24205              |   64|  32|   16|          0|
    |p_ZL5K_buf_2_load_1_reg_23885              |   64|  32|   16|          0|
    |p_ZL5K_buf_2_load_2_reg_24130              |   64|  32|   16|          0|
    |p_ZL5K_buf_2_load_3_reg_24210              |   64|  32|   16|          0|
    |p_ZL5K_buf_3_load_1_reg_23890              |   64|  32|   16|          0|
    |p_ZL5K_buf_3_load_2_reg_24135              |   64|  32|   16|          0|
    |p_ZL5K_buf_3_load_3_reg_24215              |   64|  32|   16|          0|
    |p_ZL5K_buf_4_load_1_reg_23895              |   64|  32|   16|          0|
    |p_ZL5K_buf_4_load_2_reg_24140              |   64|  32|   16|          0|
    |p_ZL5K_buf_4_load_3_reg_24220              |   64|  32|   16|          0|
    |p_ZL5K_buf_5_load_1_reg_23900              |   64|  32|   16|          0|
    |p_ZL5K_buf_5_load_2_reg_24145              |   64|  32|   16|          0|
    |p_ZL5K_buf_5_load_3_reg_24225              |   64|  32|   16|          0|
    |p_ZL5K_buf_6_load_1_reg_23905              |   64|  32|   16|          0|
    |p_ZL5K_buf_6_load_2_reg_24150              |   64|  32|   16|          0|
    |p_ZL5K_buf_6_load_3_reg_24230              |   64|  32|   16|          0|
    |p_ZL5K_buf_6_load_reg_23825                |   64|  32|   16|          0|
    |p_ZL5K_buf_7_load_1_reg_23910              |   64|  32|   16|          0|
    |p_ZL5K_buf_7_load_2_reg_24155              |   64|  32|   16|          0|
    |p_ZL5K_buf_7_load_3_reg_24235              |   64|  32|   16|          0|
    |p_ZL5K_buf_7_load_reg_23830                |   64|  32|   16|          0|
    |p_ZL5K_buf_8_load_1_reg_23915              |   64|  32|   16|          0|
    |p_ZL5K_buf_8_load_2_reg_24160              |   64|  32|   16|          0|
    |p_ZL5K_buf_8_load_3_reg_24240              |   64|  32|   16|          0|
    |p_ZL5K_buf_8_load_reg_23835                |   64|  32|   16|          0|
    |p_ZL5K_buf_9_load_1_reg_23920              |   64|  32|   16|          0|
    |p_ZL5K_buf_9_load_2_reg_24165              |   64|  32|   16|          0|
    |p_ZL5K_buf_9_load_3_reg_24245              |   64|  32|   16|          0|
    |p_ZL5K_buf_9_load_reg_23840                |   64|  32|   16|          0|
    |p_ZL5V_buf_0_load_1_reg_24035              |   64|  32|   16|          0|
    |p_ZL5V_buf_0_load_2_reg_24280              |   64|  32|   16|          0|
    |p_ZL5V_buf_0_load_3_reg_24360              |   64|  32|   16|          0|
    |p_ZL5V_buf_0_load_reg_23955                |   64|  32|   16|          0|
    |p_ZL5V_buf_10_load_1_reg_24085             |   64|  32|   16|          0|
    |p_ZL5V_buf_10_load_2_reg_24330             |   64|  32|   16|          0|
    |p_ZL5V_buf_10_load_3_reg_24410             |   64|  32|   16|          0|
    |p_ZL5V_buf_10_load_reg_24005               |   64|  32|   16|          0|
    |p_ZL5V_buf_11_load_1_reg_24090             |   64|  32|   16|          0|
    |p_ZL5V_buf_11_load_2_reg_24335             |   64|  32|   16|          0|
    |p_ZL5V_buf_11_load_3_reg_24415             |   64|  32|   16|          0|
    |p_ZL5V_buf_11_load_reg_24010               |   64|  32|   16|          0|
    |p_ZL5V_buf_12_load_1_reg_24095             |   64|  32|   16|          0|
    |p_ZL5V_buf_12_load_2_reg_24340             |   64|  32|   16|          0|
    |p_ZL5V_buf_12_load_3_reg_24420             |   64|  32|   16|          0|
    |p_ZL5V_buf_12_load_reg_24015               |   64|  32|   16|          0|
    |p_ZL5V_buf_13_load_1_reg_24100             |   64|  32|   16|          0|
    |p_ZL5V_buf_13_load_2_reg_24345             |   64|  32|   16|          0|
    |p_ZL5V_buf_13_load_3_reg_24425             |   64|  32|   16|          0|
    |p_ZL5V_buf_13_load_reg_24020               |   64|  32|   16|          0|
    |p_ZL5V_buf_14_load_1_reg_24105             |   64|  32|   16|          0|
    |p_ZL5V_buf_14_load_2_reg_24350             |   64|  32|   16|          0|
    |p_ZL5V_buf_14_load_3_reg_24430             |   64|  32|   16|          0|
    |p_ZL5V_buf_14_load_reg_24025               |   64|  32|   16|          0|
    |p_ZL5V_buf_15_load_1_reg_24110             |   64|  32|   16|          0|
    |p_ZL5V_buf_15_load_2_reg_24355             |   64|  32|   16|          0|
    |p_ZL5V_buf_15_load_3_reg_24435             |   64|  32|   16|          0|
    |p_ZL5V_buf_15_load_reg_24030               |   64|  32|   16|          0|
    |p_ZL5V_buf_1_load_1_reg_24040              |   64|  32|   16|          0|
    |p_ZL5V_buf_1_load_2_reg_24285              |   64|  32|   16|          0|
    |p_ZL5V_buf_1_load_3_reg_24365              |   64|  32|   16|          0|
    |p_ZL5V_buf_1_load_reg_23960                |   64|  32|   16|          0|
    |p_ZL5V_buf_2_load_1_reg_24045              |   64|  32|   16|          0|
    |p_ZL5V_buf_2_load_2_reg_24290              |   64|  32|   16|          0|
    |p_ZL5V_buf_2_load_3_reg_24370              |   64|  32|   16|          0|
    |p_ZL5V_buf_2_load_reg_23965                |   64|  32|   16|          0|
    |p_ZL5V_buf_3_load_1_reg_24050              |   64|  32|   16|          0|
    |p_ZL5V_buf_3_load_2_reg_24295              |   64|  32|   16|          0|
    |p_ZL5V_buf_3_load_3_reg_24375              |   64|  32|   16|          0|
    |p_ZL5V_buf_3_load_reg_23970                |   64|  32|   16|          0|
    |p_ZL5V_buf_4_load_1_reg_24055              |   64|  32|   16|          0|
    |p_ZL5V_buf_4_load_2_reg_24300              |   64|  32|   16|          0|
    |p_ZL5V_buf_4_load_3_reg_24380              |   64|  32|   16|          0|
    |p_ZL5V_buf_4_load_reg_23975                |   64|  32|   16|          0|
    |p_ZL5V_buf_5_load_1_reg_24060              |   64|  32|   16|          0|
    |p_ZL5V_buf_5_load_2_reg_24305              |   64|  32|   16|          0|
    |p_ZL5V_buf_5_load_3_reg_24385              |   64|  32|   16|          0|
    |p_ZL5V_buf_5_load_reg_23980                |   64|  32|   16|          0|
    |p_ZL5V_buf_6_load_1_reg_24065              |   64|  32|   16|          0|
    |p_ZL5V_buf_6_load_2_reg_24310              |   64|  32|   16|          0|
    |p_ZL5V_buf_6_load_3_reg_24390              |   64|  32|   16|          0|
    |p_ZL5V_buf_6_load_reg_23985                |   64|  32|   16|          0|
    |p_ZL5V_buf_7_load_1_reg_24070              |   64|  32|   16|          0|
    |p_ZL5V_buf_7_load_2_reg_24315              |   64|  32|   16|          0|
    |p_ZL5V_buf_7_load_3_reg_24395              |   64|  32|   16|          0|
    |p_ZL5V_buf_7_load_reg_23990                |   64|  32|   16|          0|
    |p_ZL5V_buf_8_load_1_reg_24075              |   64|  32|   16|          0|
    |p_ZL5V_buf_8_load_2_reg_24320              |   64|  32|   16|          0|
    |p_ZL5V_buf_8_load_3_reg_24400              |   64|  32|   16|          0|
    |p_ZL5V_buf_8_load_reg_23995                |   64|  32|   16|          0|
    |p_ZL5V_buf_9_load_1_reg_24080              |   64|  32|   16|          0|
    |p_ZL5V_buf_9_load_2_reg_24325              |   64|  32|   16|          0|
    |p_ZL5V_buf_9_load_3_reg_24405              |   64|  32|   16|          0|
    |p_ZL5V_buf_9_load_reg_24000                |   64|  32|   16|          0|
    +-------------------------------------------+-----+----+-----+-----------+
    |Total                                      |14608|3936| 8694|          5|
    +-------------------------------------------+-----+----+-----+-----------+



================================================================
== Interface
================================================================
* Summary: 
+-------------------------------+-----+-----+------------+--------------------------------------+--------------+
|           RTL Ports           | Dir | Bits|  Protocol  |             Source Object            |    C Type    |
+-------------------------------+-----+-----+------------+--------------------------------------+--------------+
|ap_clk                         |   in|    1|  ap_ctrl_hs|  online_attention_row_Pipeline_tokens|  return value|
|ap_rst                         |   in|    1|  ap_ctrl_hs|  online_attention_row_Pipeline_tokens|  return value|
|ap_start                       |   in|    1|  ap_ctrl_hs|  online_attention_row_Pipeline_tokens|  return value|
|ap_done                        |  out|    1|  ap_ctrl_hs|  online_attention_row_Pipeline_tokens|  return value|
|ap_idle                        |  out|    1|  ap_ctrl_hs|  online_attention_row_Pipeline_tokens|  return value|
|ap_ready                       |  out|    1|  ap_ctrl_hs|  online_attention_row_Pipeline_tokens|  return value|
|sext_ln61                      |   in|   16|     ap_none|                             sext_ln61|        scalar|
|sext_ln61_1                    |   in|   16|     ap_none|                           sext_ln61_1|        scalar|
|sext_ln61_2                    |   in|   16|     ap_none|                           sext_ln61_2|        scalar|
|sext_ln61_3                    |   in|   16|     ap_none|                           sext_ln61_3|        scalar|
|sext_ln61_4                    |   in|   16|     ap_none|                           sext_ln61_4|        scalar|
|sext_ln61_5                    |   in|   16|     ap_none|                           sext_ln61_5|        scalar|
|sext_ln61_6                    |   in|   16|     ap_none|                           sext_ln61_6|        scalar|
|sext_ln61_7                    |   in|   16|     ap_none|                           sext_ln61_7|        scalar|
|sext_ln61_8                    |   in|   16|     ap_none|                           sext_ln61_8|        scalar|
|sext_ln61_9                    |   in|   16|     ap_none|                           sext_ln61_9|        scalar|
|sext_ln61_10                   |   in|   16|     ap_none|                          sext_ln61_10|        scalar|
|sext_ln61_11                   |   in|   16|     ap_none|                          sext_ln61_11|        scalar|
|sext_ln61_12                   |   in|   16|     ap_none|                          sext_ln61_12|        scalar|
|sext_ln61_13                   |   in|   16|     ap_none|                          sext_ln61_13|        scalar|
|sext_ln61_14                   |   in|   16|     ap_none|                          sext_ln61_14|        scalar|
|sext_ln61_15                   |   in|   16|     ap_none|                          sext_ln61_15|        scalar|
|sext_ln61_16                   |   in|   16|     ap_none|                          sext_ln61_16|        scalar|
|sext_ln61_17                   |   in|   16|     ap_none|                          sext_ln61_17|        scalar|
|sext_ln61_18                   |   in|   16|     ap_none|                          sext_ln61_18|        scalar|
|sext_ln61_19                   |   in|   16|     ap_none|                          sext_ln61_19|        scalar|
|sext_ln61_20                   |   in|   16|     ap_none|                          sext_ln61_20|        scalar|
|sext_ln61_21                   |   in|   16|     ap_none|                          sext_ln61_21|        scalar|
|sext_ln61_22                   |   in|   16|     ap_none|                          sext_ln61_22|        scalar|
|sext_ln61_23                   |   in|   16|     ap_none|                          sext_ln61_23|        scalar|
|sext_ln61_24                   |   in|   16|     ap_none|                          sext_ln61_24|        scalar|
|sext_ln61_25                   |   in|   16|     ap_none|                          sext_ln61_25|        scalar|
|sext_ln61_26                   |   in|   16|     ap_none|                          sext_ln61_26|        scalar|
|sext_ln61_27                   |   in|   16|     ap_none|                          sext_ln61_27|        scalar|
|sext_ln61_28                   |   in|   16|     ap_none|                          sext_ln61_28|        scalar|
|sext_ln61_29                   |   in|   16|     ap_none|                          sext_ln61_29|        scalar|
|sext_ln61_30                   |   in|   16|     ap_none|                          sext_ln61_30|        scalar|
|sext_ln61_31                   |   in|   16|     ap_none|                          sext_ln61_31|        scalar|
|sext_ln61_32                   |   in|   16|     ap_none|                          sext_ln61_32|        scalar|
|sext_ln61_33                   |   in|   16|     ap_none|                          sext_ln61_33|        scalar|
|sext_ln61_34                   |   in|   16|     ap_none|                          sext_ln61_34|        scalar|
|sext_ln61_35                   |   in|   16|     ap_none|                          sext_ln61_35|        scalar|
|sext_ln61_36                   |   in|   16|     ap_none|                          sext_ln61_36|        scalar|
|sext_ln61_37                   |   in|   16|     ap_none|                          sext_ln61_37|        scalar|
|sext_ln61_38                   |   in|   16|     ap_none|                          sext_ln61_38|        scalar|
|sext_ln61_39                   |   in|   16|     ap_none|                          sext_ln61_39|        scalar|
|sext_ln61_40                   |   in|   16|     ap_none|                          sext_ln61_40|        scalar|
|sext_ln61_41                   |   in|   16|     ap_none|                          sext_ln61_41|        scalar|
|sext_ln61_42                   |   in|   16|     ap_none|                          sext_ln61_42|        scalar|
|sext_ln61_43                   |   in|   16|     ap_none|                          sext_ln61_43|        scalar|
|sext_ln61_44                   |   in|   16|     ap_none|                          sext_ln61_44|        scalar|
|sext_ln61_45                   |   in|   16|     ap_none|                          sext_ln61_45|        scalar|
|sext_ln61_46                   |   in|   16|     ap_none|                          sext_ln61_46|        scalar|
|sext_ln61_47                   |   in|   16|     ap_none|                          sext_ln61_47|        scalar|
|sext_ln61_48                   |   in|   16|     ap_none|                          sext_ln61_48|        scalar|
|sext_ln61_49                   |   in|   16|     ap_none|                          sext_ln61_49|        scalar|
|sext_ln61_50                   |   in|   16|     ap_none|                          sext_ln61_50|        scalar|
|sext_ln61_51                   |   in|   16|     ap_none|                          sext_ln61_51|        scalar|
|sext_ln61_52                   |   in|   16|     ap_none|                          sext_ln61_52|        scalar|
|sext_ln61_53                   |   in|   16|     ap_none|                          sext_ln61_53|        scalar|
|sext_ln61_54                   |   in|   16|     ap_none|                          sext_ln61_54|        scalar|
|sext_ln61_55                   |   in|   16|     ap_none|                          sext_ln61_55|        scalar|
|sext_ln61_56                   |   in|   16|     ap_none|                          sext_ln61_56|        scalar|
|sext_ln61_57                   |   in|   16|     ap_none|                          sext_ln61_57|        scalar|
|sext_ln61_58                   |   in|   16|     ap_none|                          sext_ln61_58|        scalar|
|sext_ln61_59                   |   in|   16|     ap_none|                          sext_ln61_59|        scalar|
|sext_ln61_60                   |   in|   16|     ap_none|                          sext_ln61_60|        scalar|
|sext_ln61_61                   |   in|   16|     ap_none|                          sext_ln61_61|        scalar|
|sext_ln61_62                   |   in|   16|     ap_none|                          sext_ln61_62|        scalar|
|sext_ln61_63                   |   in|   16|     ap_none|                          sext_ln61_63|        scalar|
|sext_ln69                      |   in|   24|     ap_none|                             sext_ln69|        scalar|
|ref_tmp38_1_632617_out         |  out|   32|      ap_vld|                ref_tmp38_1_632617_out|       pointer|
|ref_tmp38_1_632617_out_ap_vld  |  out|    1|      ap_vld|                ref_tmp38_1_632617_out|       pointer|
|ref_tmp38_1_622616_out         |  out|   32|      ap_vld|                ref_tmp38_1_622616_out|       pointer|
|ref_tmp38_1_622616_out_ap_vld  |  out|    1|      ap_vld|                ref_tmp38_1_622616_out|       pointer|
|ref_tmp38_1_612615_out         |  out|   32|      ap_vld|                ref_tmp38_1_612615_out|       pointer|
|ref_tmp38_1_612615_out_ap_vld  |  out|    1|      ap_vld|                ref_tmp38_1_612615_out|       pointer|
|ref_tmp38_1_602614_out         |  out|   32|      ap_vld|                ref_tmp38_1_602614_out|       pointer|
|ref_tmp38_1_602614_out_ap_vld  |  out|    1|      ap_vld|                ref_tmp38_1_602614_out|       pointer|
|ref_tmp38_1_592613_out         |  out|   32|      ap_vld|                ref_tmp38_1_592613_out|       pointer|
|ref_tmp38_1_592613_out_ap_vld  |  out|    1|      ap_vld|                ref_tmp38_1_592613_out|       pointer|
|ref_tmp38_1_582612_out         |  out|   32|      ap_vld|                ref_tmp38_1_582612_out|       pointer|
|ref_tmp38_1_582612_out_ap_vld  |  out|    1|      ap_vld|                ref_tmp38_1_582612_out|       pointer|
|ref_tmp38_1_572611_out         |  out|   32|      ap_vld|                ref_tmp38_1_572611_out|       pointer|
|ref_tmp38_1_572611_out_ap_vld  |  out|    1|      ap_vld|                ref_tmp38_1_572611_out|       pointer|
|ref_tmp38_1_562610_out         |  out|   32|      ap_vld|                ref_tmp38_1_562610_out|       pointer|
|ref_tmp38_1_562610_out_ap_vld  |  out|    1|      ap_vld|                ref_tmp38_1_562610_out|       pointer|
|ref_tmp38_1_552609_out         |  out|   32|      ap_vld|                ref_tmp38_1_552609_out|       pointer|
|ref_tmp38_1_552609_out_ap_vld  |  out|    1|      ap_vld|                ref_tmp38_1_552609_out|       pointer|
|ref_tmp38_1_542608_out         |  out|   32|      ap_vld|                ref_tmp38_1_542608_out|       pointer|
|ref_tmp38_1_542608_out_ap_vld  |  out|    1|      ap_vld|                ref_tmp38_1_542608_out|       pointer|
|ref_tmp38_1_532607_out         |  out|   32|      ap_vld|                ref_tmp38_1_532607_out|       pointer|
|ref_tmp38_1_532607_out_ap_vld  |  out|    1|      ap_vld|                ref_tmp38_1_532607_out|       pointer|
|ref_tmp38_1_522606_out         |  out|   32|      ap_vld|                ref_tmp38_1_522606_out|       pointer|
|ref_tmp38_1_522606_out_ap_vld  |  out|    1|      ap_vld|                ref_tmp38_1_522606_out|       pointer|
|ref_tmp38_1_512605_out         |  out|   32|      ap_vld|                ref_tmp38_1_512605_out|       pointer|
|ref_tmp38_1_512605_out_ap_vld  |  out|    1|      ap_vld|                ref_tmp38_1_512605_out|       pointer|
|ref_tmp38_1_502604_out         |  out|   32|      ap_vld|                ref_tmp38_1_502604_out|       pointer|
|ref_tmp38_1_502604_out_ap_vld  |  out|    1|      ap_vld|                ref_tmp38_1_502604_out|       pointer|
|ref_tmp38_1_492603_out         |  out|   32|      ap_vld|                ref_tmp38_1_492603_out|       pointer|
|ref_tmp38_1_492603_out_ap_vld  |  out|    1|      ap_vld|                ref_tmp38_1_492603_out|       pointer|
|ref_tmp38_1_482602_out         |  out|   32|      ap_vld|                ref_tmp38_1_482602_out|       pointer|
|ref_tmp38_1_482602_out_ap_vld  |  out|    1|      ap_vld|                ref_tmp38_1_482602_out|       pointer|
|ref_tmp38_1_472601_out         |  out|   32|      ap_vld|                ref_tmp38_1_472601_out|       pointer|
|ref_tmp38_1_472601_out_ap_vld  |  out|    1|      ap_vld|                ref_tmp38_1_472601_out|       pointer|
|ref_tmp38_1_462600_out         |  out|   32|      ap_vld|                ref_tmp38_1_462600_out|       pointer|
|ref_tmp38_1_462600_out_ap_vld  |  out|    1|      ap_vld|                ref_tmp38_1_462600_out|       pointer|
|ref_tmp38_1_452599_out         |  out|   32|      ap_vld|                ref_tmp38_1_452599_out|       pointer|
|ref_tmp38_1_452599_out_ap_vld  |  out|    1|      ap_vld|                ref_tmp38_1_452599_out|       pointer|
|ref_tmp38_1_442598_out         |  out|   32|      ap_vld|                ref_tmp38_1_442598_out|       pointer|
|ref_tmp38_1_442598_out_ap_vld  |  out|    1|      ap_vld|                ref_tmp38_1_442598_out|       pointer|
|ref_tmp38_1_432597_out         |  out|   32|      ap_vld|                ref_tmp38_1_432597_out|       pointer|
|ref_tmp38_1_432597_out_ap_vld  |  out|    1|      ap_vld|                ref_tmp38_1_432597_out|       pointer|
|ref_tmp38_1_422596_out         |  out|   32|      ap_vld|                ref_tmp38_1_422596_out|       pointer|
|ref_tmp38_1_422596_out_ap_vld  |  out|    1|      ap_vld|                ref_tmp38_1_422596_out|       pointer|
|ref_tmp38_1_412595_out         |  out|   32|      ap_vld|                ref_tmp38_1_412595_out|       pointer|
|ref_tmp38_1_412595_out_ap_vld  |  out|    1|      ap_vld|                ref_tmp38_1_412595_out|       pointer|
|ref_tmp38_1_402594_out         |  out|   32|      ap_vld|                ref_tmp38_1_402594_out|       pointer|
|ref_tmp38_1_402594_out_ap_vld  |  out|    1|      ap_vld|                ref_tmp38_1_402594_out|       pointer|
|ref_tmp38_1_392593_out         |  out|   32|      ap_vld|                ref_tmp38_1_392593_out|       pointer|
|ref_tmp38_1_392593_out_ap_vld  |  out|    1|      ap_vld|                ref_tmp38_1_392593_out|       pointer|
|ref_tmp38_1_382592_out         |  out|   32|      ap_vld|                ref_tmp38_1_382592_out|       pointer|
|ref_tmp38_1_382592_out_ap_vld  |  out|    1|      ap_vld|                ref_tmp38_1_382592_out|       pointer|
|ref_tmp38_1_372591_out         |  out|   32|      ap_vld|                ref_tmp38_1_372591_out|       pointer|
|ref_tmp38_1_372591_out_ap_vld  |  out|    1|      ap_vld|                ref_tmp38_1_372591_out|       pointer|
|ref_tmp38_1_362590_out         |  out|   32|      ap_vld|                ref_tmp38_1_362590_out|       pointer|
|ref_tmp38_1_362590_out_ap_vld  |  out|    1|      ap_vld|                ref_tmp38_1_362590_out|       pointer|
|ref_tmp38_1_352589_out         |  out|   32|      ap_vld|                ref_tmp38_1_352589_out|       pointer|
|ref_tmp38_1_352589_out_ap_vld  |  out|    1|      ap_vld|                ref_tmp38_1_352589_out|       pointer|
|ref_tmp38_1_342588_out         |  out|   32|      ap_vld|                ref_tmp38_1_342588_out|       pointer|
|ref_tmp38_1_342588_out_ap_vld  |  out|    1|      ap_vld|                ref_tmp38_1_342588_out|       pointer|
|ref_tmp38_1_332587_out         |  out|   32|      ap_vld|                ref_tmp38_1_332587_out|       pointer|
|ref_tmp38_1_332587_out_ap_vld  |  out|    1|      ap_vld|                ref_tmp38_1_332587_out|       pointer|
|ref_tmp38_1_322586_out         |  out|   32|      ap_vld|                ref_tmp38_1_322586_out|       pointer|
|ref_tmp38_1_322586_out_ap_vld  |  out|    1|      ap_vld|                ref_tmp38_1_322586_out|       pointer|
|ref_tmp38_1_312585_out         |  out|   32|      ap_vld|                ref_tmp38_1_312585_out|       pointer|
|ref_tmp38_1_312585_out_ap_vld  |  out|    1|      ap_vld|                ref_tmp38_1_312585_out|       pointer|
|ref_tmp38_1_302584_out         |  out|   32|      ap_vld|                ref_tmp38_1_302584_out|       pointer|
|ref_tmp38_1_302584_out_ap_vld  |  out|    1|      ap_vld|                ref_tmp38_1_302584_out|       pointer|
|ref_tmp38_1_292583_out         |  out|   32|      ap_vld|                ref_tmp38_1_292583_out|       pointer|
|ref_tmp38_1_292583_out_ap_vld  |  out|    1|      ap_vld|                ref_tmp38_1_292583_out|       pointer|
|ref_tmp38_1_282582_out         |  out|   32|      ap_vld|                ref_tmp38_1_282582_out|       pointer|
|ref_tmp38_1_282582_out_ap_vld  |  out|    1|      ap_vld|                ref_tmp38_1_282582_out|       pointer|
|ref_tmp38_1_272581_out         |  out|   32|      ap_vld|                ref_tmp38_1_272581_out|       pointer|
|ref_tmp38_1_272581_out_ap_vld  |  out|    1|      ap_vld|                ref_tmp38_1_272581_out|       pointer|
|ref_tmp38_1_262580_out         |  out|   32|      ap_vld|                ref_tmp38_1_262580_out|       pointer|
|ref_tmp38_1_262580_out_ap_vld  |  out|    1|      ap_vld|                ref_tmp38_1_262580_out|       pointer|
|ref_tmp38_1_252579_out         |  out|   32|      ap_vld|                ref_tmp38_1_252579_out|       pointer|
|ref_tmp38_1_252579_out_ap_vld  |  out|    1|      ap_vld|                ref_tmp38_1_252579_out|       pointer|
|ref_tmp38_1_242578_out         |  out|   32|      ap_vld|                ref_tmp38_1_242578_out|       pointer|
|ref_tmp38_1_242578_out_ap_vld  |  out|    1|      ap_vld|                ref_tmp38_1_242578_out|       pointer|
|ref_tmp38_1_232577_out         |  out|   32|      ap_vld|                ref_tmp38_1_232577_out|       pointer|
|ref_tmp38_1_232577_out_ap_vld  |  out|    1|      ap_vld|                ref_tmp38_1_232577_out|       pointer|
|ref_tmp38_1_222576_out         |  out|   32|      ap_vld|                ref_tmp38_1_222576_out|       pointer|
|ref_tmp38_1_222576_out_ap_vld  |  out|    1|      ap_vld|                ref_tmp38_1_222576_out|       pointer|
|ref_tmp38_1_212575_out         |  out|   32|      ap_vld|                ref_tmp38_1_212575_out|       pointer|
|ref_tmp38_1_212575_out_ap_vld  |  out|    1|      ap_vld|                ref_tmp38_1_212575_out|       pointer|
|ref_tmp38_1_202574_out         |  out|   32|      ap_vld|                ref_tmp38_1_202574_out|       pointer|
|ref_tmp38_1_202574_out_ap_vld  |  out|    1|      ap_vld|                ref_tmp38_1_202574_out|       pointer|
|ref_tmp38_1_192573_out         |  out|   32|      ap_vld|                ref_tmp38_1_192573_out|       pointer|
|ref_tmp38_1_192573_out_ap_vld  |  out|    1|      ap_vld|                ref_tmp38_1_192573_out|       pointer|
|ref_tmp38_1_182572_out         |  out|   32|      ap_vld|                ref_tmp38_1_182572_out|       pointer|
|ref_tmp38_1_182572_out_ap_vld  |  out|    1|      ap_vld|                ref_tmp38_1_182572_out|       pointer|
|ref_tmp38_1_172571_out         |  out|   32|      ap_vld|                ref_tmp38_1_172571_out|       pointer|
|ref_tmp38_1_172571_out_ap_vld  |  out|    1|      ap_vld|                ref_tmp38_1_172571_out|       pointer|
|ref_tmp38_1_162570_out         |  out|   32|      ap_vld|                ref_tmp38_1_162570_out|       pointer|
|ref_tmp38_1_162570_out_ap_vld  |  out|    1|      ap_vld|                ref_tmp38_1_162570_out|       pointer|
|ref_tmp38_1_152569_out         |  out|   32|      ap_vld|                ref_tmp38_1_152569_out|       pointer|
|ref_tmp38_1_152569_out_ap_vld  |  out|    1|      ap_vld|                ref_tmp38_1_152569_out|       pointer|
|ref_tmp38_1_142568_out         |  out|   32|      ap_vld|                ref_tmp38_1_142568_out|       pointer|
|ref_tmp38_1_142568_out_ap_vld  |  out|    1|      ap_vld|                ref_tmp38_1_142568_out|       pointer|
|ref_tmp38_1_132567_out         |  out|   32|      ap_vld|                ref_tmp38_1_132567_out|       pointer|
|ref_tmp38_1_132567_out_ap_vld  |  out|    1|      ap_vld|                ref_tmp38_1_132567_out|       pointer|
|ref_tmp38_1_122566_out         |  out|   32|      ap_vld|                ref_tmp38_1_122566_out|       pointer|
|ref_tmp38_1_122566_out_ap_vld  |  out|    1|      ap_vld|                ref_tmp38_1_122566_out|       pointer|
|ref_tmp38_1_112565_out         |  out|   32|      ap_vld|                ref_tmp38_1_112565_out|       pointer|
|ref_tmp38_1_112565_out_ap_vld  |  out|    1|      ap_vld|                ref_tmp38_1_112565_out|       pointer|
|ref_tmp38_1_102564_out         |  out|   32|      ap_vld|                ref_tmp38_1_102564_out|       pointer|
|ref_tmp38_1_102564_out_ap_vld  |  out|    1|      ap_vld|                ref_tmp38_1_102564_out|       pointer|
|ref_tmp38_1_92563_out          |  out|   32|      ap_vld|                 ref_tmp38_1_92563_out|       pointer|
|ref_tmp38_1_92563_out_ap_vld   |  out|    1|      ap_vld|                 ref_tmp38_1_92563_out|       pointer|
|ref_tmp38_1_82562_out          |  out|   32|      ap_vld|                 ref_tmp38_1_82562_out|       pointer|
|ref_tmp38_1_82562_out_ap_vld   |  out|    1|      ap_vld|                 ref_tmp38_1_82562_out|       pointer|
|ref_tmp38_1_72561_out          |  out|   32|      ap_vld|                 ref_tmp38_1_72561_out|       pointer|
|ref_tmp38_1_72561_out_ap_vld   |  out|    1|      ap_vld|                 ref_tmp38_1_72561_out|       pointer|
|ref_tmp38_1_62560_out          |  out|   32|      ap_vld|                 ref_tmp38_1_62560_out|       pointer|
|ref_tmp38_1_62560_out_ap_vld   |  out|    1|      ap_vld|                 ref_tmp38_1_62560_out|       pointer|
|ref_tmp38_1_52559_out          |  out|   32|      ap_vld|                 ref_tmp38_1_52559_out|       pointer|
|ref_tmp38_1_52559_out_ap_vld   |  out|    1|      ap_vld|                 ref_tmp38_1_52559_out|       pointer|
|ref_tmp38_1_42558_out          |  out|   32|      ap_vld|                 ref_tmp38_1_42558_out|       pointer|
|ref_tmp38_1_42558_out_ap_vld   |  out|    1|      ap_vld|                 ref_tmp38_1_42558_out|       pointer|
|ref_tmp38_1_32557_out          |  out|   32|      ap_vld|                 ref_tmp38_1_32557_out|       pointer|
|ref_tmp38_1_32557_out_ap_vld   |  out|    1|      ap_vld|                 ref_tmp38_1_32557_out|       pointer|
|ref_tmp38_1_22556_out          |  out|   32|      ap_vld|                 ref_tmp38_1_22556_out|       pointer|
|ref_tmp38_1_22556_out_ap_vld   |  out|    1|      ap_vld|                 ref_tmp38_1_22556_out|       pointer|
|ref_tmp38_1_12555_out          |  out|   32|      ap_vld|                 ref_tmp38_1_12555_out|       pointer|
|ref_tmp38_1_12555_out_ap_vld   |  out|    1|      ap_vld|                 ref_tmp38_1_12555_out|       pointer|
|ref_tmp38_12554_out            |  out|   32|      ap_vld|                   ref_tmp38_12554_out|       pointer|
|ref_tmp38_12554_out_ap_vld     |  out|    1|      ap_vld|                   ref_tmp38_12554_out|       pointer|
|d_out                          |  out|   32|      ap_vld|                                 d_out|       pointer|
|d_out_ap_vld                   |  out|    1|      ap_vld|                                 d_out|       pointer|
|p_ZL5K_buf_0_address0          |  out|   10|   ap_memory|                          p_ZL5K_buf_0|         array|
|p_ZL5K_buf_0_ce0               |  out|    1|   ap_memory|                          p_ZL5K_buf_0|         array|
|p_ZL5K_buf_0_q0                |   in|   16|   ap_memory|                          p_ZL5K_buf_0|         array|
|p_ZL5K_buf_0_address1          |  out|   10|   ap_memory|                          p_ZL5K_buf_0|         array|
|p_ZL5K_buf_0_ce1               |  out|    1|   ap_memory|                          p_ZL5K_buf_0|         array|
|p_ZL5K_buf_0_q1                |   in|   16|   ap_memory|                          p_ZL5K_buf_0|         array|
|p_ZL5K_buf_1_address0          |  out|   10|   ap_memory|                          p_ZL5K_buf_1|         array|
|p_ZL5K_buf_1_ce0               |  out|    1|   ap_memory|                          p_ZL5K_buf_1|         array|
|p_ZL5K_buf_1_q0                |   in|   16|   ap_memory|                          p_ZL5K_buf_1|         array|
|p_ZL5K_buf_1_address1          |  out|   10|   ap_memory|                          p_ZL5K_buf_1|         array|
|p_ZL5K_buf_1_ce1               |  out|    1|   ap_memory|                          p_ZL5K_buf_1|         array|
|p_ZL5K_buf_1_q1                |   in|   16|   ap_memory|                          p_ZL5K_buf_1|         array|
|p_ZL5K_buf_2_address0          |  out|   10|   ap_memory|                          p_ZL5K_buf_2|         array|
|p_ZL5K_buf_2_ce0               |  out|    1|   ap_memory|                          p_ZL5K_buf_2|         array|
|p_ZL5K_buf_2_q0                |   in|   16|   ap_memory|                          p_ZL5K_buf_2|         array|
|p_ZL5K_buf_2_address1          |  out|   10|   ap_memory|                          p_ZL5K_buf_2|         array|
|p_ZL5K_buf_2_ce1               |  out|    1|   ap_memory|                          p_ZL5K_buf_2|         array|
|p_ZL5K_buf_2_q1                |   in|   16|   ap_memory|                          p_ZL5K_buf_2|         array|
|p_ZL5K_buf_3_address0          |  out|   10|   ap_memory|                          p_ZL5K_buf_3|         array|
|p_ZL5K_buf_3_ce0               |  out|    1|   ap_memory|                          p_ZL5K_buf_3|         array|
|p_ZL5K_buf_3_q0                |   in|   16|   ap_memory|                          p_ZL5K_buf_3|         array|
|p_ZL5K_buf_3_address1          |  out|   10|   ap_memory|                          p_ZL5K_buf_3|         array|
|p_ZL5K_buf_3_ce1               |  out|    1|   ap_memory|                          p_ZL5K_buf_3|         array|
|p_ZL5K_buf_3_q1                |   in|   16|   ap_memory|                          p_ZL5K_buf_3|         array|
|p_ZL5K_buf_4_address0          |  out|   10|   ap_memory|                          p_ZL5K_buf_4|         array|
|p_ZL5K_buf_4_ce0               |  out|    1|   ap_memory|                          p_ZL5K_buf_4|         array|
|p_ZL5K_buf_4_q0                |   in|   16|   ap_memory|                          p_ZL5K_buf_4|         array|
|p_ZL5K_buf_4_address1          |  out|   10|   ap_memory|                          p_ZL5K_buf_4|         array|
|p_ZL5K_buf_4_ce1               |  out|    1|   ap_memory|                          p_ZL5K_buf_4|         array|
|p_ZL5K_buf_4_q1                |   in|   16|   ap_memory|                          p_ZL5K_buf_4|         array|
|p_ZL5K_buf_5_address0          |  out|   10|   ap_memory|                          p_ZL5K_buf_5|         array|
|p_ZL5K_buf_5_ce0               |  out|    1|   ap_memory|                          p_ZL5K_buf_5|         array|
|p_ZL5K_buf_5_q0                |   in|   16|   ap_memory|                          p_ZL5K_buf_5|         array|
|p_ZL5K_buf_5_address1          |  out|   10|   ap_memory|                          p_ZL5K_buf_5|         array|
|p_ZL5K_buf_5_ce1               |  out|    1|   ap_memory|                          p_ZL5K_buf_5|         array|
|p_ZL5K_buf_5_q1                |   in|   16|   ap_memory|                          p_ZL5K_buf_5|         array|
|p_ZL5K_buf_6_address0          |  out|   10|   ap_memory|                          p_ZL5K_buf_6|         array|
|p_ZL5K_buf_6_ce0               |  out|    1|   ap_memory|                          p_ZL5K_buf_6|         array|
|p_ZL5K_buf_6_q0                |   in|   16|   ap_memory|                          p_ZL5K_buf_6|         array|
|p_ZL5K_buf_6_address1          |  out|   10|   ap_memory|                          p_ZL5K_buf_6|         array|
|p_ZL5K_buf_6_ce1               |  out|    1|   ap_memory|                          p_ZL5K_buf_6|         array|
|p_ZL5K_buf_6_q1                |   in|   16|   ap_memory|                          p_ZL5K_buf_6|         array|
|p_ZL5K_buf_7_address0          |  out|   10|   ap_memory|                          p_ZL5K_buf_7|         array|
|p_ZL5K_buf_7_ce0               |  out|    1|   ap_memory|                          p_ZL5K_buf_7|         array|
|p_ZL5K_buf_7_q0                |   in|   16|   ap_memory|                          p_ZL5K_buf_7|         array|
|p_ZL5K_buf_7_address1          |  out|   10|   ap_memory|                          p_ZL5K_buf_7|         array|
|p_ZL5K_buf_7_ce1               |  out|    1|   ap_memory|                          p_ZL5K_buf_7|         array|
|p_ZL5K_buf_7_q1                |   in|   16|   ap_memory|                          p_ZL5K_buf_7|         array|
|p_ZL5K_buf_8_address0          |  out|   10|   ap_memory|                          p_ZL5K_buf_8|         array|
|p_ZL5K_buf_8_ce0               |  out|    1|   ap_memory|                          p_ZL5K_buf_8|         array|
|p_ZL5K_buf_8_q0                |   in|   16|   ap_memory|                          p_ZL5K_buf_8|         array|
|p_ZL5K_buf_8_address1          |  out|   10|   ap_memory|                          p_ZL5K_buf_8|         array|
|p_ZL5K_buf_8_ce1               |  out|    1|   ap_memory|                          p_ZL5K_buf_8|         array|
|p_ZL5K_buf_8_q1                |   in|   16|   ap_memory|                          p_ZL5K_buf_8|         array|
|p_ZL5K_buf_9_address0          |  out|   10|   ap_memory|                          p_ZL5K_buf_9|         array|
|p_ZL5K_buf_9_ce0               |  out|    1|   ap_memory|                          p_ZL5K_buf_9|         array|
|p_ZL5K_buf_9_q0                |   in|   16|   ap_memory|                          p_ZL5K_buf_9|         array|
|p_ZL5K_buf_9_address1          |  out|   10|   ap_memory|                          p_ZL5K_buf_9|         array|
|p_ZL5K_buf_9_ce1               |  out|    1|   ap_memory|                          p_ZL5K_buf_9|         array|
|p_ZL5K_buf_9_q1                |   in|   16|   ap_memory|                          p_ZL5K_buf_9|         array|
|p_ZL5K_buf_10_address0         |  out|   10|   ap_memory|                         p_ZL5K_buf_10|         array|
|p_ZL5K_buf_10_ce0              |  out|    1|   ap_memory|                         p_ZL5K_buf_10|         array|
|p_ZL5K_buf_10_q0               |   in|   16|   ap_memory|                         p_ZL5K_buf_10|         array|
|p_ZL5K_buf_10_address1         |  out|   10|   ap_memory|                         p_ZL5K_buf_10|         array|
|p_ZL5K_buf_10_ce1              |  out|    1|   ap_memory|                         p_ZL5K_buf_10|         array|
|p_ZL5K_buf_10_q1               |   in|   16|   ap_memory|                         p_ZL5K_buf_10|         array|
|p_ZL5K_buf_11_address0         |  out|   10|   ap_memory|                         p_ZL5K_buf_11|         array|
|p_ZL5K_buf_11_ce0              |  out|    1|   ap_memory|                         p_ZL5K_buf_11|         array|
|p_ZL5K_buf_11_q0               |   in|   16|   ap_memory|                         p_ZL5K_buf_11|         array|
|p_ZL5K_buf_11_address1         |  out|   10|   ap_memory|                         p_ZL5K_buf_11|         array|
|p_ZL5K_buf_11_ce1              |  out|    1|   ap_memory|                         p_ZL5K_buf_11|         array|
|p_ZL5K_buf_11_q1               |   in|   16|   ap_memory|                         p_ZL5K_buf_11|         array|
|p_ZL5K_buf_12_address0         |  out|   10|   ap_memory|                         p_ZL5K_buf_12|         array|
|p_ZL5K_buf_12_ce0              |  out|    1|   ap_memory|                         p_ZL5K_buf_12|         array|
|p_ZL5K_buf_12_q0               |   in|   16|   ap_memory|                         p_ZL5K_buf_12|         array|
|p_ZL5K_buf_12_address1         |  out|   10|   ap_memory|                         p_ZL5K_buf_12|         array|
|p_ZL5K_buf_12_ce1              |  out|    1|   ap_memory|                         p_ZL5K_buf_12|         array|
|p_ZL5K_buf_12_q1               |   in|   16|   ap_memory|                         p_ZL5K_buf_12|         array|
|p_ZL5K_buf_13_address0         |  out|   10|   ap_memory|                         p_ZL5K_buf_13|         array|
|p_ZL5K_buf_13_ce0              |  out|    1|   ap_memory|                         p_ZL5K_buf_13|         array|
|p_ZL5K_buf_13_q0               |   in|   16|   ap_memory|                         p_ZL5K_buf_13|         array|
|p_ZL5K_buf_13_address1         |  out|   10|   ap_memory|                         p_ZL5K_buf_13|         array|
|p_ZL5K_buf_13_ce1              |  out|    1|   ap_memory|                         p_ZL5K_buf_13|         array|
|p_ZL5K_buf_13_q1               |   in|   16|   ap_memory|                         p_ZL5K_buf_13|         array|
|p_ZL5K_buf_14_address0         |  out|   10|   ap_memory|                         p_ZL5K_buf_14|         array|
|p_ZL5K_buf_14_ce0              |  out|    1|   ap_memory|                         p_ZL5K_buf_14|         array|
|p_ZL5K_buf_14_q0               |   in|   16|   ap_memory|                         p_ZL5K_buf_14|         array|
|p_ZL5K_buf_14_address1         |  out|   10|   ap_memory|                         p_ZL5K_buf_14|         array|
|p_ZL5K_buf_14_ce1              |  out|    1|   ap_memory|                         p_ZL5K_buf_14|         array|
|p_ZL5K_buf_14_q1               |   in|   16|   ap_memory|                         p_ZL5K_buf_14|         array|
|p_ZL5K_buf_15_address0         |  out|   10|   ap_memory|                         p_ZL5K_buf_15|         array|
|p_ZL5K_buf_15_ce0              |  out|    1|   ap_memory|                         p_ZL5K_buf_15|         array|
|p_ZL5K_buf_15_q0               |   in|   16|   ap_memory|                         p_ZL5K_buf_15|         array|
|p_ZL5K_buf_15_address1         |  out|   10|   ap_memory|                         p_ZL5K_buf_15|         array|
|p_ZL5K_buf_15_ce1              |  out|    1|   ap_memory|                         p_ZL5K_buf_15|         array|
|p_ZL5K_buf_15_q1               |   in|   16|   ap_memory|                         p_ZL5K_buf_15|         array|
|p_ZL5V_buf_0_address0          |  out|   10|   ap_memory|                          p_ZL5V_buf_0|         array|
|p_ZL5V_buf_0_ce0               |  out|    1|   ap_memory|                          p_ZL5V_buf_0|         array|
|p_ZL5V_buf_0_q0                |   in|   16|   ap_memory|                          p_ZL5V_buf_0|         array|
|p_ZL5V_buf_0_address1          |  out|   10|   ap_memory|                          p_ZL5V_buf_0|         array|
|p_ZL5V_buf_0_ce1               |  out|    1|   ap_memory|                          p_ZL5V_buf_0|         array|
|p_ZL5V_buf_0_q1                |   in|   16|   ap_memory|                          p_ZL5V_buf_0|         array|
|p_ZL5V_buf_1_address0          |  out|   10|   ap_memory|                          p_ZL5V_buf_1|         array|
|p_ZL5V_buf_1_ce0               |  out|    1|   ap_memory|                          p_ZL5V_buf_1|         array|
|p_ZL5V_buf_1_q0                |   in|   16|   ap_memory|                          p_ZL5V_buf_1|         array|
|p_ZL5V_buf_1_address1          |  out|   10|   ap_memory|                          p_ZL5V_buf_1|         array|
|p_ZL5V_buf_1_ce1               |  out|    1|   ap_memory|                          p_ZL5V_buf_1|         array|
|p_ZL5V_buf_1_q1                |   in|   16|   ap_memory|                          p_ZL5V_buf_1|         array|
|p_ZL5V_buf_2_address0          |  out|   10|   ap_memory|                          p_ZL5V_buf_2|         array|
|p_ZL5V_buf_2_ce0               |  out|    1|   ap_memory|                          p_ZL5V_buf_2|         array|
|p_ZL5V_buf_2_q0                |   in|   16|   ap_memory|                          p_ZL5V_buf_2|         array|
|p_ZL5V_buf_2_address1          |  out|   10|   ap_memory|                          p_ZL5V_buf_2|         array|
|p_ZL5V_buf_2_ce1               |  out|    1|   ap_memory|                          p_ZL5V_buf_2|         array|
|p_ZL5V_buf_2_q1                |   in|   16|   ap_memory|                          p_ZL5V_buf_2|         array|
|p_ZL5V_buf_3_address0          |  out|   10|   ap_memory|                          p_ZL5V_buf_3|         array|
|p_ZL5V_buf_3_ce0               |  out|    1|   ap_memory|                          p_ZL5V_buf_3|         array|
|p_ZL5V_buf_3_q0                |   in|   16|   ap_memory|                          p_ZL5V_buf_3|         array|
|p_ZL5V_buf_3_address1          |  out|   10|   ap_memory|                          p_ZL5V_buf_3|         array|
|p_ZL5V_buf_3_ce1               |  out|    1|   ap_memory|                          p_ZL5V_buf_3|         array|
|p_ZL5V_buf_3_q1                |   in|   16|   ap_memory|                          p_ZL5V_buf_3|         array|
|p_ZL5V_buf_4_address0          |  out|   10|   ap_memory|                          p_ZL5V_buf_4|         array|
|p_ZL5V_buf_4_ce0               |  out|    1|   ap_memory|                          p_ZL5V_buf_4|         array|
|p_ZL5V_buf_4_q0                |   in|   16|   ap_memory|                          p_ZL5V_buf_4|         array|
|p_ZL5V_buf_4_address1          |  out|   10|   ap_memory|                          p_ZL5V_buf_4|         array|
|p_ZL5V_buf_4_ce1               |  out|    1|   ap_memory|                          p_ZL5V_buf_4|         array|
|p_ZL5V_buf_4_q1                |   in|   16|   ap_memory|                          p_ZL5V_buf_4|         array|
|p_ZL5V_buf_5_address0          |  out|   10|   ap_memory|                          p_ZL5V_buf_5|         array|
|p_ZL5V_buf_5_ce0               |  out|    1|   ap_memory|                          p_ZL5V_buf_5|         array|
|p_ZL5V_buf_5_q0                |   in|   16|   ap_memory|                          p_ZL5V_buf_5|         array|
|p_ZL5V_buf_5_address1          |  out|   10|   ap_memory|                          p_ZL5V_buf_5|         array|
|p_ZL5V_buf_5_ce1               |  out|    1|   ap_memory|                          p_ZL5V_buf_5|         array|
|p_ZL5V_buf_5_q1                |   in|   16|   ap_memory|                          p_ZL5V_buf_5|         array|
|p_ZL5V_buf_6_address0          |  out|   10|   ap_memory|                          p_ZL5V_buf_6|         array|
|p_ZL5V_buf_6_ce0               |  out|    1|   ap_memory|                          p_ZL5V_buf_6|         array|
|p_ZL5V_buf_6_q0                |   in|   16|   ap_memory|                          p_ZL5V_buf_6|         array|
|p_ZL5V_buf_6_address1          |  out|   10|   ap_memory|                          p_ZL5V_buf_6|         array|
|p_ZL5V_buf_6_ce1               |  out|    1|   ap_memory|                          p_ZL5V_buf_6|         array|
|p_ZL5V_buf_6_q1                |   in|   16|   ap_memory|                          p_ZL5V_buf_6|         array|
|p_ZL5V_buf_7_address0          |  out|   10|   ap_memory|                          p_ZL5V_buf_7|         array|
|p_ZL5V_buf_7_ce0               |  out|    1|   ap_memory|                          p_ZL5V_buf_7|         array|
|p_ZL5V_buf_7_q0                |   in|   16|   ap_memory|                          p_ZL5V_buf_7|         array|
|p_ZL5V_buf_7_address1          |  out|   10|   ap_memory|                          p_ZL5V_buf_7|         array|
|p_ZL5V_buf_7_ce1               |  out|    1|   ap_memory|                          p_ZL5V_buf_7|         array|
|p_ZL5V_buf_7_q1                |   in|   16|   ap_memory|                          p_ZL5V_buf_7|         array|
|p_ZL5V_buf_8_address0          |  out|   10|   ap_memory|                          p_ZL5V_buf_8|         array|
|p_ZL5V_buf_8_ce0               |  out|    1|   ap_memory|                          p_ZL5V_buf_8|         array|
|p_ZL5V_buf_8_q0                |   in|   16|   ap_memory|                          p_ZL5V_buf_8|         array|
|p_ZL5V_buf_8_address1          |  out|   10|   ap_memory|                          p_ZL5V_buf_8|         array|
|p_ZL5V_buf_8_ce1               |  out|    1|   ap_memory|                          p_ZL5V_buf_8|         array|
|p_ZL5V_buf_8_q1                |   in|   16|   ap_memory|                          p_ZL5V_buf_8|         array|
|p_ZL5V_buf_9_address0          |  out|   10|   ap_memory|                          p_ZL5V_buf_9|         array|
|p_ZL5V_buf_9_ce0               |  out|    1|   ap_memory|                          p_ZL5V_buf_9|         array|
|p_ZL5V_buf_9_q0                |   in|   16|   ap_memory|                          p_ZL5V_buf_9|         array|
|p_ZL5V_buf_9_address1          |  out|   10|   ap_memory|                          p_ZL5V_buf_9|         array|
|p_ZL5V_buf_9_ce1               |  out|    1|   ap_memory|                          p_ZL5V_buf_9|         array|
|p_ZL5V_buf_9_q1                |   in|   16|   ap_memory|                          p_ZL5V_buf_9|         array|
|p_ZL5V_buf_10_address0         |  out|   10|   ap_memory|                         p_ZL5V_buf_10|         array|
|p_ZL5V_buf_10_ce0              |  out|    1|   ap_memory|                         p_ZL5V_buf_10|         array|
|p_ZL5V_buf_10_q0               |   in|   16|   ap_memory|                         p_ZL5V_buf_10|         array|
|p_ZL5V_buf_10_address1         |  out|   10|   ap_memory|                         p_ZL5V_buf_10|         array|
|p_ZL5V_buf_10_ce1              |  out|    1|   ap_memory|                         p_ZL5V_buf_10|         array|
|p_ZL5V_buf_10_q1               |   in|   16|   ap_memory|                         p_ZL5V_buf_10|         array|
|p_ZL5V_buf_11_address0         |  out|   10|   ap_memory|                         p_ZL5V_buf_11|         array|
|p_ZL5V_buf_11_ce0              |  out|    1|   ap_memory|                         p_ZL5V_buf_11|         array|
|p_ZL5V_buf_11_q0               |   in|   16|   ap_memory|                         p_ZL5V_buf_11|         array|
|p_ZL5V_buf_11_address1         |  out|   10|   ap_memory|                         p_ZL5V_buf_11|         array|
|p_ZL5V_buf_11_ce1              |  out|    1|   ap_memory|                         p_ZL5V_buf_11|         array|
|p_ZL5V_buf_11_q1               |   in|   16|   ap_memory|                         p_ZL5V_buf_11|         array|
|p_ZL5V_buf_12_address0         |  out|   10|   ap_memory|                         p_ZL5V_buf_12|         array|
|p_ZL5V_buf_12_ce0              |  out|    1|   ap_memory|                         p_ZL5V_buf_12|         array|
|p_ZL5V_buf_12_q0               |   in|   16|   ap_memory|                         p_ZL5V_buf_12|         array|
|p_ZL5V_buf_12_address1         |  out|   10|   ap_memory|                         p_ZL5V_buf_12|         array|
|p_ZL5V_buf_12_ce1              |  out|    1|   ap_memory|                         p_ZL5V_buf_12|         array|
|p_ZL5V_buf_12_q1               |   in|   16|   ap_memory|                         p_ZL5V_buf_12|         array|
|p_ZL5V_buf_13_address0         |  out|   10|   ap_memory|                         p_ZL5V_buf_13|         array|
|p_ZL5V_buf_13_ce0              |  out|    1|   ap_memory|                         p_ZL5V_buf_13|         array|
|p_ZL5V_buf_13_q0               |   in|   16|   ap_memory|                         p_ZL5V_buf_13|         array|
|p_ZL5V_buf_13_address1         |  out|   10|   ap_memory|                         p_ZL5V_buf_13|         array|
|p_ZL5V_buf_13_ce1              |  out|    1|   ap_memory|                         p_ZL5V_buf_13|         array|
|p_ZL5V_buf_13_q1               |   in|   16|   ap_memory|                         p_ZL5V_buf_13|         array|
|p_ZL5V_buf_14_address0         |  out|   10|   ap_memory|                         p_ZL5V_buf_14|         array|
|p_ZL5V_buf_14_ce0              |  out|    1|   ap_memory|                         p_ZL5V_buf_14|         array|
|p_ZL5V_buf_14_q0               |   in|   16|   ap_memory|                         p_ZL5V_buf_14|         array|
|p_ZL5V_buf_14_address1         |  out|   10|   ap_memory|                         p_ZL5V_buf_14|         array|
|p_ZL5V_buf_14_ce1              |  out|    1|   ap_memory|                         p_ZL5V_buf_14|         array|
|p_ZL5V_buf_14_q1               |   in|   16|   ap_memory|                         p_ZL5V_buf_14|         array|
|p_ZL5V_buf_15_address0         |  out|   10|   ap_memory|                         p_ZL5V_buf_15|         array|
|p_ZL5V_buf_15_ce0              |  out|    1|   ap_memory|                         p_ZL5V_buf_15|         array|
|p_ZL5V_buf_15_q0               |   in|   16|   ap_memory|                         p_ZL5V_buf_15|         array|
|p_ZL5V_buf_15_address1         |  out|   10|   ap_memory|                         p_ZL5V_buf_15|         array|
|p_ZL5V_buf_15_ce1              |  out|    1|   ap_memory|                         p_ZL5V_buf_15|         array|
|p_ZL5V_buf_15_q1               |   in|   16|   ap_memory|                         p_ZL5V_buf_15|         array|
+-------------------------------+-----+-----+------------+--------------------------------------+--------------+

